concept_u_id,concept_v_id,concept_u,concept_v,u_type,v_type,semantic_similarity,degree_u,degree_v,degree_min,degree_max,document_frequency_u,document_frequency_v,frequency_min,frequency_max,frequency_balance,recent_frequency_u,recent_frequency_v,recent_frequency_sum,trend_u,trend_v,age_u,age_v,common_neighbors,jaccard,adamic_adar,preferential_attachment,shortest_path,same_component,same_type,material_material_pair,material_mechanism_pair,mechanism_mechanism_pair,cutoff_year,future_window,future_edge_label,logistic_score,random_forest_score,ml_score,graph_score,hybrid_score,predicted_class,hybrid_rank
C10C4FF4B6C,CA8C62A4868,hydrogen bonding,redox reaction entropy,solvation_entropy,solvation_entropy,0.6408513784408569,19,27,19,27,5,11,5,11,0.4545454545454545,5,3,8,1.6666666666666667,-0.3333333333333333,1,22,9,0.2432432432432432,2.880696160852743,513,2,1,1,0,0,1,2022,2023-2026,1,0.5628863782486324,0.1716871212777445,0.8751346499102334,0.9413195691202872,0.9381508078994616,1,57
C25D09DDC57,CA8C62A4868,Fe2+/Fe3+ solvation redox chemistry,redox reaction entropy,redox_chemistry,solvation_entropy,0.5898346900939941,26,27,26,27,19,11,11,19,0.5789473684210527,8,3,11,0.3333333333333333,-0.3333333333333333,27,22,8,0.1777777777777777,2.918669105653038,702,2,1,0,0,0,1,2022,2023-2026,1,0.687627756705122,0.3312443073677512,0.9759425493716338,0.933649012567325,0.9928411131059246,1,1
C188B56F6F1,C3002C089A5,ion-selectivity membrane transport,ionic thermodiffusion (Soret effect),transport_mechanism,transport_mechanism,0.4708307981491089,14,23,14,23,9,15,9,15,0.6,3,7,10,0.0,2.0,28,27,6,0.1935483870967742,3.210614644269482,322,2,1,1,0,0,1,2022,2023-2026,1,0.8959259678258991,0.2407276247617972,0.9615798922800718,0.9213240574506284,0.9856822262118492,1,7
C3002C089A5,C872881EC3C,ionic thermodiffusion (Soret effect),gel-confined redox transport,transport_mechanism,gel_microstructure,0.3004824519157409,23,21,21,23,15,7,7,15,0.4666666666666667,7,7,14,2.0,2.3333333333333335,27,2,9,0.2571428571428571,2.8913431790662205,483,2,1,0,0,0,1,2022,2023-2026,1,0.894473860090387,0.2364376022481838,0.9578994614003592,0.92,0.9828994614003592,1,8
C25D09DDC57,C275FB7C4B0,Fe2+/Fe3+ solvation redox chemistry,iodide/triiodide redox chemistry,redox_chemistry,redox_chemistry,0.5116666555404663,26,24,24,26,19,8,8,19,0.4210526315789473,8,2,10,0.3333333333333333,0.0,27,7,7,0.1627906976744186,2.0945584458174347,624,2,1,1,0,0,1,2022,2023-2026,0,0.6162281754237622,0.2538788767987564,0.9491023339317776,0.9192369838420108,0.976032315978456,1,15
C95D66F92B2,CDAC0413DCA,carbon nanotube family,gelatin-based polymer family,material_entity,material_entity,0.3682229518890381,27,20,20,27,11,4,4,11,0.3636363636363636,2,4,6,-0.6666666666666666,1.3333333333333333,12,2,9,0.2368421052631578,2.8250564853876257,540,2,1,1,1,0,0,2022,2023-2026,0,0.1780046686435416,0.2103850197837275,0.7753141831238779,0.9189093357271096,0.8798922800718132,0,119
CA8C62A4868,CB56BB4DDB0,redox reaction entropy,carbon-electrode redox interface,solvation_entropy,electrode_interface,0.3339291214942932,27,20,20,27,11,7,7,11,0.6363636363636364,3,2,5,-0.3333333333333333,0.0,22,24,9,0.2368421052631578,2.8140553067752996,540,2,1,0,0,0,1,2022,2023-2026,0,0.4024526194153203,0.1893938644508945,0.8413824057450628,0.9070062836624776,0.9214542190305208,1,75
C45C8AAD12E,CB56BB4DDB0,charge-transfer resistance engineering,carbon-electrode redox interface,electrode_interface,electrode_interface,0.602106511592865,21,20,20,21,8,7,7,8,0.875,1,2,3,-0.6666666666666666,0.0,31,24,10,0.3225806451612903,3.1817113929692575,420,2,1,1,0,0,1,2022,2023-2026,1,0.429327055983979,0.103274225323695,0.6944344703770197,0.9066921005385996,0.8215215439856374,0,209
C872881EC3C,CA8C62A4868,gel-confined redox transport,redox reaction entropy,gel_microstructure,solvation_entropy,0.3110070824623108,21,27,21,27,7,11,7,11,0.6363636363636364,7,3,10,2.3333333333333335,-0.3333333333333333,2,22,7,0.1707317073170731,2.171895926697662,567,2,1,0,0,0,1,2022,2023-2026,1,0.6059964456096367,0.1482585514779227,0.8481149012567325,0.898258527827648,0.9260996409335728,1,69
C3002C089A5,C5E47CC0A62,ionic thermodiffusion (Soret effect),Hofmeister/chaotropic effect,transport_mechanism,gel_microstructure,0.3875212073326111,23,10,10,23,15,2,2,15,0.1333333333333333,7,1,8,2.0,0.0,27,4,6,0.2222222222222222,1.8757643105291248,230,2,1,0,0,0,1,2022,2023-2026,0,0.8033890864785939,0.3007243256253886,0.978096947935368,0.8976256732495511,0.9921678635547576,1,2
C45C8AAD12E,C872881EC3C,charge-transfer resistance engineering,gel-confined redox transport,electrode_interface,gel_microstructure,0.2518845796585083,21,21,21,21,8,7,7,8,0.875,1,7,8,-0.6666666666666666,2.3333333333333335,31,2,8,0.2352941176470588,2.3304246792586816,441,2,1,0,0,0,1,2022,2023-2026,1,0.5271217908426468,0.1110290751291113,0.7516157989228006,0.8933842010771992,0.8610188509874328,0,139
C4CEC954E12,C872881EC3C,platinum electrode,gel-confined redox transport,material_entity,gel_microstructure,0.2869496047496795,16,21,16,21,6,7,6,7,0.8571428571428571,0,7,7,-0.3333333333333333,2.3333333333333335,31,2,7,0.2333333333333333,2.0323610656586855,336,2,1,0,0,1,0,2022,2023-2026,0,0.5152287236145808,0.0640981833917388,0.5584380610412927,0.8919658886894074,0.7158662477558349,0,517
CB56BB4DDB0,CE4B0E242E7,carbon-electrode redox interface,interfacial charge transfer,electrode_interface,electrode_interface,0.5528432726860046,20,16,16,20,7,6,6,7,0.8571428571428571,2,1,3,0.0,-0.3333333333333333,24,31,7,0.2413793103448276,2.2114727793003817,320,2,1,1,0,0,1,2022,2023-2026,1,0.4899871114856337,0.0471895495375863,0.455834829443447,0.8893357271095153,0.6381059245960503,0,734
C3F66DD37CA,CBA7A0F0CA3,H2O,thermogalvanic redox conversion,material_entity,device_mechanism,0.2823755741119385,9,58,9,58,2,41,2,41,0.048780487804878,1,19,20,0.3333333333333333,2.3333333333333335,24,28,8,0.135593220338983,2.563076913188282,522,2,1,0,0,1,0,2022,2023-2026,0,0.9051757066550578,0.1988433986151709,0.9319569120287252,0.8883931777378815,0.9682001795332136,1,24
CBA7A0F0CA3,CE4B0E242E7,thermogalvanic redox conversion,interfacial charge transfer,device_mechanism,electrode_interface,0.2246285080909729,58,16,16,58,41,6,6,41,0.1463414634146341,19,1,20,2.3333333333333335,-0.3333333333333333,28,31,11,0.1746031746031746,3.619230848926065,928,2,1,0,0,0,1,2022,2023-2026,0,0.9295333917598508,0.282296590708249,0.9781867145421904,0.8882585278276481,0.9916741472172352,1,4
C872881EC3C,C9B6878E079,gel-confined redox transport,photothermal-thermoelectric coupling,gel_microstructure,device_mechanism,0.2351355254650116,21,13,13,21,7,5,5,7,0.7142857142857143,7,3,10,2.3333333333333335,0.3333333333333333,2,4,7,0.2592592592592592,2.528187168064736,273,2,1,0,0,0,1,2022,2023-2026,1,0.6915422455440284,0.0609400789128612,0.5736983842010772,0.8854129263913822,0.7274910233393177,0,472
C10D3798CF7,CBA7A0F0CA3,selective solvation,thermogalvanic redox conversion,solvation_entropy,device_mechanism,0.2442711740732193,13,58,13,58,6,41,6,41,0.1463414634146341,2,19,21,0.3333333333333333,2.3333333333333335,22,28,9,0.1451612903225806,2.7931645932295925,754,2,1,0,0,0,1,2022,2023-2026,1,0.852790175731176,0.2757964108365075,0.9731597845601436,0.8847127468581688,0.9887342908438062,1,5
C10C4FF4B6C,CB56BB4DDB0,hydrogen bonding,carbon-electrode redox interface,solvation_entropy,electrode_interface,0.258301168680191,19,20,19,20,5,7,5,7,0.7142857142857143,5,2,7,1.6666666666666667,0.0,1,24,7,0.21875,2.0390129161900687,380,2,1,0,0,0,1,2022,2023-2026,0,0.609734800118183,0.0569961398969447,0.5425493716337522,0.8845062836624776,0.7003366247755834,0,561
C872881EC3C,CF2C5201A37,gel-confined redox transport,porous-electrode area enhancement,gel_microstructure,electrode_interface,0.2159069329500198,21,18,18,21,7,5,5,7,0.7142857142857143,7,2,9,2.3333333333333335,0.3333333333333333,2,24,8,0.2580645161290322,2.4554106426600915,378,2,1,0,0,0,1,2022,2023-2026,1,0.7479083579055098,0.0707261484876271,0.6258527827648115,0.8835861759425494,0.7684470377019749,0,334
C2106B674B9,C25D09DDC57,iodide/triiodide,Fe2+/Fe3+ solvation redox chemistry,material_entity,redox_chemistry,0.3139265775680542,20,26,20,26,7,19,7,19,0.3684210526315789,2,8,10,0.0,0.3333333333333333,7,27,6,0.15,1.7660997070643836,520,2,1,0,0,1,0,2022,2023-2026,0,0.4179805262936745,0.3134610288516305,0.9107719928186716,0.8811983842010771,0.9579219030520646,1,32
C25D09DDC57,CD3462DB8FF,Fe2+/Fe3+ solvation redox chemistry,CuSO4,redox_chemistry,material_entity,0.2402527928352356,26,11,11,26,19,4,4,19,0.2105263157894736,8,1,9,0.3333333333333333,0.0,27,9,7,0.2333333333333333,2.097256318622704,286,2,1,0,0,1,0,2022,2023-2026,0,0.7004631334702089,0.4086915554514463,0.982854578096948,0.8808662477558348,0.9918985637342908,1,3
C45C8AAD12E,CEA29EF1A99,charge-transfer resistance engineering,thermal-gradient heat-transfer control,electrode_interface,device_mechanism,0.2467308044433593,21,14,14,21,8,8,8,8,1.0,1,4,5,-0.6666666666666666,0.6666666666666666,31,12,8,0.2962962962962963,2.3972041274492715,294,2,1,0,0,0,1,2022,2023-2026,0,0.3885170385456264,0.0621040323095489,0.5011669658886894,0.8806687612208258,0.6632405745062837,0,665
C7B823B5BB0,C95D66F92B2,poly(vinyl alcohol) (PVA),carbon nanotube family,material_entity,material_entity,0.3808916211128235,13,27,13,27,2,11,2,11,0.1818181818181818,2,2,4,0.6666666666666666,-0.6666666666666666,0,12,6,0.1764705882352941,1.78994773015114,351,2,1,1,1,0,0,2022,2023-2026,1,0.1733955467783742,0.0951751851019087,0.5657091561938958,0.8746543985637343,0.7202648114901257,0,499
C3002C089A5,CC028ABF9C6,ionic thermodiffusion (Soret effect),anti-freezing organohydrogel design,transport_mechanism,gel_microstructure,0.2160523235797882,23,21,21,23,15,6,6,15,0.4,7,3,10,2.0,0.6666666666666666,27,6,7,0.1891891891891892,2.152437981496674,483,2,1,0,0,0,1,2022,2023-2026,1,0.7999527292796621,0.2069918722159925,0.9358168761220824,0.8738061041292638,0.9686714542190304,1,23
C78D65254F9,CA8C62A4868,phase transition,redox reaction entropy,phase_or_species_transition,solvation_entropy,0.2062896490097046,17,27,17,27,5,11,5,11,0.4545454545454545,3,3,6,0.6666666666666666,-0.3333333333333333,6,22,8,0.2222222222222222,2.7226912555280474,459,2,1,0,0,0,1,2022,2023-2026,1,0.5011679560741668,0.2142569472666794,0.8971274685816877,0.871108617594255,0.9472172351885098,1,46
C5E63317596,CBA7A0F0CA3,hierarchical porous electrode interface,thermogalvanic redox conversion,electrode_interface,device_mechanism,0.2587305903434753,11,58,11,58,2,41,2,41,0.048780487804878,2,19,21,0.6666666666666666,2.3333333333333335,1,28,7,0.1129032258064516,2.2739180842300732,638,2,1,0,0,0,1,2022,2023-2026,1,0.8802381801501634,0.0938155186315846,0.7281867145421903,0.8698473967684021,0.843491921005386,0,164
C2106B674B9,C7B823B5BB0,iodide/triiodide,poly(vinyl alcohol) (PVA),material_entity,material_entity,0.3516333103179931,20,13,13,20,7,2,2,7,0.2857142857142857,2,2,4,0.0,0.6666666666666666,7,0,6,0.2222222222222222,1.757217274303111,260,2,1,1,1,0,0,2022,2023-2026,1,0.1906230989516338,0.1377897462537937,0.6944344703770198,0.8692684021543984,0.8188285457809694,0,214
C6210B1A223,CB56BB4DDB0,reduced graphene oxide,carbon-electrode redox interface,material_entity,electrode_interface,0.3670278191566467,11,20,11,20,3,7,3,7,0.4285714285714285,1,2,3,0.3333333333333333,0.0,10,24,7,0.2916666666666667,2.1604693139653306,220,2,1,0,0,1,0,2022,2023-2026,0,0.4851164684282205,0.1054260914440804,0.720197486535009,0.8688150807899461,0.837342908438061,0,179
C97F8E13D1A,CEA29EF1A99,thermally regenerative electrochemical cycle,thermal-gradient heat-transfer control,device_mechanism,device_mechanism,0.4644120931625366,13,14,13,14,9,8,8,9,0.8888888888888888,2,4,6,-1.3333333333333333,0.6666666666666666,8,12,5,0.2272727272727272,1.3925483391972304,182,2,1,1,0,0,1,2022,2023-2026,0,0.4411265552863698,0.0720537248603661,0.5714542190305207,0.8657360861759424,0.7231149012567325,0,488
C4CEC954E12,CF2C5201A37,platinum electrode,porous-electrode area enhancement,material_entity,electrode_interface,0.4907853305339813,16,18,16,18,6,5,5,6,0.8333333333333334,0,2,2,-0.3333333333333333,0.3333333333333333,31,24,7,0.2592592592592592,2.0730273834945185,288,2,1,0,0,1,0,2022,2023-2026,1,0.4524370776972445,0.0380546438232426,0.3821364452423698,0.8654443447037701,0.576649461400359,0,968
C10C4FF4B6C,C25D09DDC57,hydrogen bonding,Fe2+/Fe3+ solvation redox chemistry,solvation_entropy,redox_chemistry,0.3659824132919311,19,26,19,26,5,19,5,19,0.2631578947368421,5,8,13,1.6666666666666667,0.3333333333333333,1,27,5,0.125,1.4614889913980889,494,2,1,0,0,0,1,2022,2023-2026,1,0.6698475065146503,0.1186762113835981,0.8015260323159784,0.8644748653500898,0.8962410233393177,0,98
C5B8C057FAD,C95D66F92B2,metal oxide,carbon nanotube family,material_system,material_entity,0.4534533619880676,9,27,9,27,2,11,2,11,0.1818181818181818,1,2,3,0.0,-0.6666666666666666,4,12,6,0.2,1.7737661297705067,243,2,1,0,1,0,0,2022,2023-2026,0,0.1898603433368587,0.1491994908673971,0.7103231597845603,0.8640350089766606,0.830004488330341,0,196
CC028ABF9C6,CE6FC512ED2,anti-freezing organohydrogel design,dynamic crosslinked gel network,gel_microstructure,gel_microstructure,0.4400594234466553,21,8,8,21,6,2,2,6,0.3333333333333333,3,2,5,0.6666666666666666,0.6666666666666666,6,0,5,0.2083333333333333,1.6380400024092685,168,2,1,1,0,0,1,2022,2023-2026,1,0.4654378238108408,0.0715366742839019,0.5769299820466787,0.8635278276481149,0.726862657091562,0,475
C3002C089A5,C3DA2C4151E,ionic thermodiffusion (Soret effect),aqueous electrolyte,transport_mechanism,material_system,0.2416246384382248,23,17,17,23,15,5,5,15,0.3333333333333333,7,0,7,2.0,-0.6666666666666666,27,24,6,0.1764705882352941,1.770251528882651,391,2,1,0,0,1,0,2022,2023-2026,0,0.7363736579230713,0.2481414270656188,0.9559245960502694,0.8630834829443447,0.9768738779174146,1,14
C5E47CC0A62,C872881EC3C,Hofmeister/chaotropic effect,gel-confined redox transport,gel_microstructure,gel_microstructure,0.3380573391914367,10,21,10,21,2,7,2,7,0.2857142857142857,1,7,8,0.0,2.3333333333333335,4,2,5,0.1923076923076923,1.5109387284886164,210,2,1,1,0,0,1,2022,2023-2026,1,0.635571491108455,0.1923745046009999,0.907899461400359,0.8629129263913824,0.953815080789946,1,36
C872881EC3C,CE4B0E242E7,gel-confined redox transport,interfacial charge transfer,gel_microstructure,electrode_interface,0.2256041765213012,21,16,16,21,7,6,6,7,0.8571428571428571,7,1,8,2.3333333333333335,-0.3333333333333333,2,31,6,0.1935483870967742,1.7772184570140523,336,2,1,0,0,0,1,2022,2023-2026,1,0.6978158245857893,0.0429710423207354,0.4706463195691202,0.8625897666068222,0.6444120287253141,0,715
C7932B1CE8C,CE6FC512ED2,chaotropic polymer-water disruption,dynamic crosslinked gel network,gel_microstructure,gel_microstructure,0.4072316586971283,18,8,8,18,5,2,2,5,0.4,4,2,6,1.0,0.6666666666666666,4,0,5,0.238095238095238,1.6380400024092685,144,2,1,1,0,0,1,2022,2023-2026,0,0.5187368442330134,0.065697390247715,0.5668761220825853,0.8623967684021544,0.7186490125673249,0,508
C2106B674B9,CDAC0413DCA,iodide/triiodide,gelatin-based polymer family,material_entity,material_entity,0.2476158142089843,20,20,20,20,7,4,4,7,0.5714285714285714,2,4,6,0.0,1.3333333333333333,7,2,6,0.1764705882352941,1.757217274303111,400,2,1,1,1,0,0,2022,2023-2026,1,0.2320243697583665,0.0808279498977841,0.527737881508079,0.8614542190305207,0.6852333931777379,0,598
C10C4FF4B6C,C78D65254F9,hydrogen bonding,phase transition,solvation_entropy,phase_or_species_transition,0.1841293722391128,19,17,17,19,5,5,5,5,1.0,5,3,8,1.6666666666666667,0.6666666666666666,1,6,7,0.2413793103448276,2.0485426660393187,323,2,1,0,0,0,1,2022,2023-2026,1,0.5692196574077492,0.0290513813503193,0.3615798922800718,0.8576481149012567,0.5616696588868941,0,1016
C45C8AAD12E,C97F8E13D1A,charge-transfer resistance engineering,thermally regenerative electrochemical cycle,electrode_interface,device_mechanism,0.3567371964454651,21,13,13,21,8,9,8,9,0.8888888888888888,1,2,3,-0.6666666666666666,-1.3333333333333333,31,8,6,0.2142857142857142,1.8095807306214768,273,2,1,0,0,0,1,2022,2023-2026,1,0.2001183790730731,0.0552611798069916,0.3961400359066427,0.8567100538599641,0.5868940754039497,0,927
C10D3798CF7,C872881EC3C,selective solvation,gel-confined redox transport,solvation_entropy,gel_microstructure,0.2069295793771743,13,21,13,21,6,7,6,7,0.8571428571428571,2,7,9,0.3333333333333333,2.3333333333333335,22,2,6,0.2142857142857142,1.8178664049187512,273,2,1,0,0,0,1,2022,2023-2026,1,0.6979754631437204,0.0632671551257577,0.585996409335727,0.8564003590664273,0.7305655296229803,0,461
C46747A02A1,CBA7A0F0CA3,ion-pairing and complexation,thermogalvanic redox conversion,solvation_entropy,device_mechanism,0.2260641753673553,15,58,15,58,4,41,4,41,0.0975609756097561,3,19,22,1.0,2.3333333333333335,6,28,7,0.106060606060606,2.1806390238157136,870,2,1,0,0,0,1,2022,2023-2026,1,0.7908053143958395,0.2008337962579324,0.9292639138240576,0.8557091561938959,0.963218132854578,1,30
CC028ABF9C6,CF2C5201A37,anti-freezing organohydrogel design,porous-electrode area enhancement,gel_microstructure,electrode_interface,0.1790163815021515,21,18,18,21,6,5,5,6,0.8333333333333334,3,2,5,0.6666666666666666,0.3333333333333333,6,24,8,0.2580645161290322,2.448435964296614,378,2,1,0,0,0,1,2022,2023-2026,0,0.5226238555411767,0.021944387669883,0.2996409335727109,0.8538734290843806,0.5213644524236984,0,1137
C2106B674B9,C95D66F92B2,iodide/triiodide,carbon nanotube family,material_entity,material_entity,0.288393497467041,20,27,20,27,7,11,7,11,0.6363636363636364,2,2,4,0.0,-0.6666666666666666,7,12,6,0.1463414634146341,1.8397204287453943,540,2,1,1,1,0,0,2022,2023-2026,0,0.0965166126015908,0.0942476117200893,0.541472172351885,0.8524910233393177,0.6952311490125673,0,576
C10C4FF4B6C,C45C8AAD12E,hydrogen bonding,charge-transfer resistance engineering,solvation_entropy,electrode_interface,0.2282837331295013,19,21,19,21,5,8,5,8,0.625,5,1,6,1.6666666666666667,-0.6666666666666666,1,31,6,0.1764705882352941,1.7200839272862676,399,2,1,0,0,0,1,2022,2023-2026,0,0.5674215424941804,0.0560929359345262,0.5283662477558349,0.8524865350089766,0.6845713644524236,0,600
C7096F6ECC5,CA6C42A1D77,imidazolium ionic-liquid phase transition electrolyte,ferri/ferrocyanide family,material_system,material_entity,0.1869430691003799,13,55,13,55,5,34,5,34,0.1470588235294117,2,11,13,0.6666666666666666,0.3333333333333333,8,31,8,0.1333333333333333,2.5668930505975665,715,2,1,0,1,0,0,2022,2023-2026,0,0.4146715315216581,0.1326751381056481,0.7660682226211849,0.8516427289048474,0.8657315978456015,0,136
C10C4FF4B6C,C237A8162E2,hydrogen bonding,thermogalvanic corrosion,solvation_entropy,device_mechanism,0.243906632065773,19,11,11,19,5,11,5,11,0.4545454545454545,5,0,5,1.6666666666666667,0.0,1,27,6,0.25,1.7200839272862676,209,2,1,0,0,0,1,2022,2023-2026,0,0.6018930892529828,0.0834485422178853,0.6659784560143627,0.850520646319569,0.7932226211849192,0,270
C275FB7C4B0,CC028ABF9C6,iodide/triiodide redox chemistry,anti-freezing organohydrogel design,redox_chemistry,gel_microstructure,0.14875528216362,24,21,21,24,8,6,6,8,0.75,2,3,5,0.0,0.6666666666666666,7,6,10,0.2857142857142857,3.2163382885674103,504,2,1,0,0,0,1,2022,2023-2026,1,0.3612036397486548,0.1279315437081933,0.7389587073608618,0.8500359066427288,0.8461624775583483,0,160
C188B56F6F1,C5E47CC0A62,ion-selectivity membrane transport,Hofmeister/chaotropic effect,transport_mechanism,gel_microstructure,0.3934362530708313,14,10,10,14,9,2,2,9,0.2222222222222222,3,1,4,0.0,0.0,28,4,5,0.2631578947368421,1.7620902310475182,140,2,1,0,0,0,1,2022,2023-2026,0,0.5955387467650851,0.0893101906405023,0.688689407540395,0.8488016157989227,0.8127468581687611,0,225
C3002C089A5,C4CEC954E12,ionic thermodiffusion (Soret effect),platinum electrode,transport_mechanism,material_entity,0.2045027017593383,23,16,16,23,15,6,6,15,0.4,7,0,7,2.0,-0.3333333333333333,27,31,6,0.1818181818181818,1.770251528882651,368,2,1,0,0,1,0,2022,2023-2026,0,0.7814775268693976,0.1929312458677002,0.920197486535009,0.8486759425493716,0.9575852782764812,1,33
C46747A02A1,C7932B1CE8C,ion-pairing and complexation,chaotropic polymer-water disruption,solvation_entropy,gel_microstructure,0.16407011449337,15,18,15,18,4,5,4,5,0.8,3,4,7,1.0,1.0,6,4,7,0.2692307692307692,2.410556412186977,270,2,1,0,0,0,1,2022,2023-2026,0,0.6089059577679256,0.0175508111798816,0.2923698384201076,0.8471543985637343,0.5151481149012567,0,1156
C4CEC954E12,C95D66F92B2,platinum electrode,carbon nanotube family,material_entity,material_entity,0.3529925644397735,16,27,16,27,6,11,6,11,0.5454545454545454,0,2,2,-0.3333333333333333,-0.6666666666666666,31,12,7,0.1944444444444444,2.0730273834945185,432,2,1,1,1,0,0,2022,2023-2026,1,0.1215146990650131,0.1063244488901826,0.5914721723518852,0.8468357271095153,0.7329219030520646,0,447
C46747A02A1,C5E47CC0A62,ion-pairing and complexation,Hofmeister/chaotropic effect,solvation_entropy,gel_microstructure,0.3616507053375244,15,10,10,15,4,2,2,4,0.5,3,1,4,1.0,0.0,6,4,5,0.25,1.7620902310475182,150,2,1,0,0,0,1,2022,2023-2026,0,0.4951920700023408,0.0273998744481327,0.3282764811490125,0.8462163375224415,0.5364228007181329,0,1101
C25D09DDC57,CE4B0E242E7,Fe2+/Fe3+ solvation redox chemistry,interfacial charge transfer,redox_chemistry,electrode_interface,0.1925754845142364,26,16,16,26,19,6,6,19,0.3157894736842105,8,1,9,0.3333333333333333,-0.3333333333333333,27,31,6,0.1666666666666666,1.835402292358028,416,2,1,0,0,0,1,2022,2023-2026,1,0.7798601924995201,0.2569078504248731,0.964721723518851,0.8456822262118493,0.979129263913824,1,10
C2106B674B9,CC028ABF9C6,iodide/triiodide,anti-freezing organohydrogel design,material_entity,gel_microstructure,0.158874899148941,20,21,20,21,7,6,6,7,0.8571428571428571,2,3,5,0.0,0.6666666666666666,7,6,8,0.2424242424242424,2.5272057895921183,420,2,1,0,0,1,0,2022,2023-2026,1,0.3508297454199804,0.0544414679369284,0.4473070017953321,0.8452019748653501,0.6252356373429084,0,782
C46747A02A1,C872881EC3C,ion-pairing and complexation,gel-confined redox transport,solvation_entropy,gel_microstructure,0.173448234796524,15,21,15,21,4,7,4,7,0.5714285714285714,3,7,10,1.0,2.3333333333333335,6,2,6,0.2,1.932597248486735,315,2,1,0,0,0,1,2022,2023-2026,1,0.7125276297411599,0.0634511482562705,0.5881508078994614,0.8446813285457809,0.7293761220825854,0,465
CB56BB4DDB0,CE2D00B183C,carbon-electrode redox interface,redox-kinetics enhancement,electrode_interface,electrode_interface,0.7685306072235107,20,8,8,20,7,2,2,7,0.2857142857142857,2,0,2,0.0,-0.3333333333333333,24,28,6,0.2727272727272727,1.8277928354703796,160,2,1,1,0,0,1,2022,2023-2026,1,0.5145688959849151,0.1030805496769306,0.7212746858168761,0.8443177737881509,0.8339542190305207,0,187
C872881EC3C,CEA29EF1A99,gel-confined redox transport,thermal-gradient heat-transfer control,gel_microstructure,device_mechanism,0.1452776938676834,21,14,14,21,7,8,7,8,0.875,7,4,11,2.3333333333333335,0.6666666666666666,2,12,7,0.25,2.034914621983984,294,2,1,0,0,0,1,2022,2023-2026,1,0.6836648129776113,0.0947341427695653,0.7201974865350089,0.8441337522441651,0.83233842010772,0,193
C188B56F6F1,C45C8AAD12E,ion-selectivity membrane transport,charge-transfer resistance engineering,transport_mechanism,electrode_interface,0.3425083756446838,14,21,14,21,9,8,8,9,0.8888888888888888,3,1,4,0.0,-0.6666666666666666,28,31,5,0.1666666666666666,1.5061676550791976,294,2,1,0,0,0,1,2022,2023-2026,0,0.5741079598231936,0.0415454780709735,0.4425493716337522,0.8433886894075403,0.6200852782764812,0,796
C275FB7C4B0,CF2C5201A37,iodide/triiodide redox chemistry,porous-electrode area enhancement,redox_chemistry,electrode_interface,0.2445270717144012,24,18,18,24,8,5,5,8,0.625,2,2,4,0.0,0.3333333333333333,7,24,6,0.1666666666666666,1.7660997070643836,432,2,1,0,0,0,1,2022,2023-2026,0,0.4127524213316404,0.0836489750268767,0.6112208258527827,0.8427692998204668,0.7474192100538599,0,398
C275FB7C4B0,CDAC0413DCA,iodide/triiodide redox chemistry,gelatin-based polymer family,redox_chemistry,material_entity,0.1425461769104004,24,20,20,24,8,4,4,8,0.5,2,4,6,0.0,1.3333333333333333,7,2,8,0.2222222222222222,2.4463497732784028,480,2,1,0,0,1,0,2022,2023-2026,1,0.360068382896332,0.1363471825705263,0.7516157989228007,0.842185816876122,0.8534560143626572,0,153
C0783369D77,C95D66F92B2,PEDOT family,carbon nanotube family,material_entity,material_entity,0.4473469853401184,11,27,11,27,2,11,2,11,0.1818181818181818,0,2,2,-0.6666666666666666,-0.6666666666666666,5,12,6,0.1875,1.7123536232722776,297,2,1,1,1,0,0,2022,2023-2026,0,0.1193711998662373,0.1399944434494408,0.6735188509874327,0.8412477558348295,0.7978680430879712,0,259
C9B6878E079,CC028ABF9C6,photothermal-thermoelectric coupling,anti-freezing organohydrogel design,device_mechanism,gel_microstructure,0.2485451996326446,13,21,13,21,5,6,5,6,0.8333333333333334,3,3,6,0.3333333333333333,0.6666666666666666,4,6,5,0.1724137931034483,1.6129943391984964,273,2,1,0,0,0,1,2022,2023-2026,1,0.5222796328854762,0.019010140989761,0.2785457809694793,0.8411220825852783,0.5027603231597846,0,1199
C275FB7C4B0,C3002C089A5,iodide/triiodide redox chemistry,ionic thermodiffusion (Soret effect),redox_chemistry,transport_mechanism,0.122203029692173,24,23,23,24,8,15,8,15,0.5333333333333333,2,7,9,0.0,2.0,7,27,8,0.2051282051282051,2.455851057038953,552,2,1,0,0,0,1,2022,2023-2026,1,0.5961864858671618,0.2347816847185231,0.933931777378815,0.8407136445242369,0.9620960502693,1,31
C188B56F6F1,C7932B1CE8C,ion-selectivity membrane transport,chaotropic polymer-water disruption,transport_mechanism,gel_microstructure,0.1767603904008865,14,18,14,18,9,5,5,9,0.5555555555555556,3,4,7,0.0,1.0,28,4,6,0.2307692307692307,2.0083687768620124,252,2,1,0,0,0,1,2022,2023-2026,0,0.6736940984277503,0.0587534651605669,0.5604129263913824,0.8397890484739676,0.7091449730700179,0,539
C10C4FF4B6C,C46747A02A1,hydrogen bonding,ion-pairing and complexation,solvation_entropy,solvation_entropy,0.6333999633789062,19,15,15,19,5,4,4,5,0.8,5,3,8,1.6666666666666667,1.0,1,6,4,0.1333333333333333,1.1453466427187222,285,2,1,1,0,0,1,2022,2023-2026,0,0.6134468649056457,0.0393006103133494,0.4354578096947935,0.8389856373429084,0.6159223518850987,0,809
C7032A2F7AB,C872881EC3C,hexacyanoferrate redox electrode,gel-confined redox transport,electrode_interface,gel_microstructure,0.3518685102462768,7,21,7,21,4,7,4,7,0.5714285714285714,0,7,7,-0.6666666666666666,2.3333333333333335,8,2,5,0.217391304347826,1.3534997593661715,147,2,1,0,0,0,1,2022,2023-2026,0,0.6079734167048763,0.1988008776779012,0.910951526032316,0.8387657091561939,0.950830341113106,1,39
CB56BB4DDB0,CEA29EF1A99,carbon-electrode redox interface,thermal-gradient heat-transfer control,electrode_interface,device_mechanism,0.155137687921524,20,14,14,20,7,8,7,8,0.875,2,4,6,0.0,0.6666666666666666,24,12,7,0.2592592592592592,2.0524321394921263,280,2,1,0,0,0,1,2022,2023-2026,0,0.4538504824984019,0.0601719040929823,0.5193895870736086,0.838657989228007,0.6723518850987432,0,639
CE4B0E242E7,CEA29EF1A99,interfacial charge transfer,thermal-gradient heat-transfer control,electrode_interface,device_mechanism,0.2666964828968048,16,14,14,16,6,8,6,8,0.75,1,4,5,-0.3333333333333333,0.6666666666666666,31,12,5,0.2,1.474728532135787,224,2,1,0,0,0,1,2022,2023-2026,0,0.4921343444917029,0.0687544706077447,0.5749551166965888,0.8383213644524237,0.7197486535008977,0,502
C6B063A770B,CCAABE058E7,supramolecular host-guest redox entropy,ferri/ferrocyanide redox chemistry,solvation_entropy,redox_chemistry,0.2911639809608459,8,57,8,57,2,37,2,37,0.054054054054054,0,12,12,-0.3333333333333333,0.3333333333333333,6,31,5,0.0833333333333333,1.6741047536153544,456,2,1,0,0,0,1,2022,2023-2026,1,0.7562914671156702,0.2218685787072237,0.9437163375224416,0.8379084380610411,0.9637791741472173,1,28
C41BE9B5F0E,CBA7A0F0CA3,solvation-shell remodeling,thermogalvanic redox conversion,solvation_entropy,device_mechanism,0.3179400861263275,7,58,7,58,2,41,2,41,0.048780487804878,1,19,20,0.0,2.3333333333333335,5,28,5,0.0833333333333333,1.4601773374164384,406,2,1,0,0,0,1,2022,2023-2026,1,0.9194431680457416,0.3404106816360036,0.9894973070017954,0.8378052064631957,0.9860861759425494,1,6
C10C4FF4B6C,CE4B0E242E7,hydrogen bonding,interfacial charge transfer,solvation_entropy,electrode_interface,0.2480388730764389,19,16,16,19,5,6,5,6,0.8333333333333334,5,1,6,1.6666666666666667,-0.3333333333333333,1,31,5,0.1666666666666666,1.473805381471773,304,2,1,0,0,0,1,2022,2023-2026,0,0.6129479369452334,0.0585044030321303,0.5535008976660682,0.8367055655296229,0.7038150807899461,0,553
C3DA2C4151E,C45C8AAD12E,aqueous electrolyte,charge-transfer resistance engineering,material_system,electrode_interface,0.3249901533126831,17,21,17,21,5,8,5,8,0.625,0,1,1,-0.6666666666666666,-0.6666666666666666,24,31,8,0.2666666666666666,2.5993970960024337,357,2,1,0,0,1,0,2022,2023-2026,0,0.3337221412834833,0.0519836991252452,0.4250448833034111,0.8364856373429085,0.607383303411131,0,839
C25D09DDC57,C97F8E13D1A,Fe2+/Fe3+ solvation redox chemistry,thermally regenerative electrochemical cycle,redox_chemistry,device_mechanism,0.1619689464569091,26,13,13,26,19,9,9,19,0.4736842105263157,8,2,10,0.3333333333333333,-1.3333333333333333,27,8,6,0.1818181818181818,1.9064466815669812,338,2,1,0,0,0,1,2022,2023-2026,1,0.5581125623851575,0.3066235700017875,0.9514362657091562,0.8360906642728904,0.9672351885098744,1,25
C3DA2C4151E,C4CEC954E12,aqueous electrolyte,platinum electrode,material_system,material_entity,0.4126765131950378,17,16,16,17,5,6,5,6,0.8333333333333334,0,0,0,-0.6666666666666666,-0.3333333333333333,24,31,8,0.32,2.473609724554607,272,2,1,0,1,0,0,2022,2023-2026,0,0.1916063909801758,0.0152426200109402,0.1379712746858168,0.8359515260323159,0.4089766606822261,0,1450
C2106B674B9,C3F66DD37CA,iodide/triiodide,H2O,material_entity,material_entity,0.4287209510803222,20,9,9,20,7,2,2,7,0.2857142857142857,2,1,3,0.0,0.3333333333333333,7,24,5,0.2083333333333333,1.5109387284886164,180,2,1,1,1,0,0,2022,2023-2026,0,0.2718084919894357,0.1225810069811141,0.6947935368043088,0.835866247755835,0.8114228007181329,0,227
C22DFAA7132,CA6C42A1D77,H2SO4,ferri/ferrocyanide family,material_entity,material_entity,0.3026899099349975,5,55,5,55,2,34,2,34,0.0588235294117647,1,11,12,0.3333333333333333,0.3333333333333333,8,31,5,0.0909090909090909,1.6328743811224085,275,2,1,1,1,0,0,2022,2023-2026,0,0.717762048573042,0.2848509823147551,0.9692998204667864,0.8354847396768401,0.9778500897666068,1,12
C2106B674B9,C6181968680,iodide/triiodide,graphene,material_entity,material_entity,0.329606682062149,20,16,16,20,7,6,6,7,0.8571428571428571,2,2,4,0.0,0.0,7,10,5,0.1612903225806451,1.4054259468421428,320,2,1,1,1,0,0,2022,2023-2026,0,0.1451380713596998,0.034531715009181,0.2515260323159785,0.83536355475763,0.4826077199281867,0,1272
C3002C089A5,C95D66F92B2,ionic thermodiffusion (Soret effect),carbon nanotube family,transport_mechanism,material_entity,0.1430563628673553,23,27,23,27,15,11,11,15,0.7333333333333333,7,2,9,2.0,-0.6666666666666666,27,12,7,0.1627906976744186,2.2889678416388306,621,2,1,0,0,1,0,2022,2023-2026,0,0.5529423854495339,0.3073781764780195,0.9502692998204668,0.8353276481149012,0.9661579892280072,1,26
C3002C089A5,C7B823B5BB0,ionic thermodiffusion (Soret effect),poly(vinyl alcohol) (PVA),transport_mechanism,material_entity,0.1631841659545898,23,13,13,23,15,2,2,15,0.1333333333333333,7,2,9,2.0,0.6666666666666666,27,0,6,0.2,1.762566736245394,299,2,1,0,0,1,0,2022,2023-2026,1,0.7781100028278441,0.2509062203416371,0.9606822262118492,0.8346140035906643,0.97241921005386,1,18
C275FB7C4B0,C95D66F92B2,iodide/triiodide redox chemistry,carbon nanotube family,redox_chemistry,material_entity,0.1714218258857727,24,27,24,27,8,11,8,11,0.7272727272727273,2,2,4,0.0,-0.6666666666666666,7,12,8,0.1860465116279069,2.5288529277206866,648,2,1,0,0,1,0,2022,2023-2026,0,0.1628219491623047,0.1680376824911162,0.7271992818671454,0.8342459605026928,0.8345601436265709,0,186
C97F8E13D1A,CB56BB4DDB0,thermally regenerative electrochemical cycle,carbon-electrode redox interface,device_mechanism,electrode_interface,0.3236826062202453,13,20,13,20,9,7,7,9,0.7777777777777778,2,2,4,-1.3333333333333333,0.0,8,24,5,0.1785714285714285,1.3925483391972304,260,2,1,0,0,0,1,2022,2023-2026,0,0.4462693079943689,0.0545970555096567,0.4849192100538599,0.833020646319569,0.6447710951526032,0,714
C84C6A613D4,CBA7A0F0CA3,cellulose nanofiber scaffold,thermogalvanic redox conversion,gel_microstructure,device_mechanism,0.1682346165180206,10,58,10,58,3,41,3,41,0.073170731707317,2,19,21,0.3333333333333333,2.3333333333333335,4,28,7,0.1147540983606557,2.4079167981316,580,2,1,0,0,0,1,2022,2023-2026,1,0.902541436988075,0.1687951430813628,0.902064631956912,0.8327109515260323,0.9413150807899462,1,55
C6181968680,CDAC0413DCA,graphene,gelatin-based polymer family,material_entity,material_entity,0.2577799558639526,16,20,16,20,6,4,4,6,0.6666666666666666,2,4,6,0.0,1.3333333333333333,10,2,5,0.1612903225806451,1.3905467350506098,320,2,1,1,1,0,0,2022,2023-2026,0,0.2538892116892059,0.0387949121929971,0.3141831238779173,0.8322351885098744,0.5233842010771993,0,1127
C7096F6ECC5,CDAC0413DCA,imidazolium ionic-liquid phase transition electrolyte,gelatin-based polymer family,material_system,material_entity,0.2222294509410858,13,20,13,20,5,4,4,5,0.8,2,4,6,0.6666666666666666,1.3333333333333333,8,2,5,0.1785714285714285,1.6442112789448675,260,2,1,0,1,0,0,2022,2023-2026,0,0.3457714265081001,0.0401968704321279,0.3564631956912028,0.8320466786355475,0.5506508078994614,0,1057
C78B8F896F7,CA6C42A1D77,polyacrylamide (PAM),ferri/ferrocyanide family,material_entity,material_entity,0.1985809206962585,10,55,10,55,2,34,2,34,0.0588235294117647,2,11,13,0.6666666666666666,0.3333333333333333,0,31,6,0.1016949152542373,1.9747855006601127,550,2,1,1,1,0,0,2022,2023-2026,1,0.5112517540578171,0.0556945739999134,0.510592459605027,0.8316472172351886,0.662814183123878,0,667
C275FB7C4B0,CD3462DB8FF,iodide/triiodide redox chemistry,CuSO4,redox_chemistry,material_entity,0.260162353515625,24,11,11,24,8,4,4,8,0.5,2,1,3,0.0,0.0,7,9,6,0.2068965517241379,1.7357045819113288,264,2,1,0,0,1,0,2022,2023-2026,0,0.2739851922318478,0.1382134367404902,0.7251346499102334,0.8313958707360862,0.832596499102334,0,191
C25D09DDC57,CC028ABF9C6,Fe2+/Fe3+ solvation redox chemistry,anti-freezing organohydrogel design,redox_chemistry,gel_microstructure,0.0743135958909988,26,21,21,26,19,6,6,19,0.3157894736842105,8,3,11,0.3333333333333333,0.6666666666666666,27,6,8,0.2051282051282051,2.47228398738337,546,2,1,0,0,0,1,2022,2023-2026,1,0.7345847617871807,0.2588897687342636,0.9625673249551168,0.8304263913824056,0.9732046678635548,1,17
C2106B674B9,C7713A07951,iodide/triiodide,urea,material_entity,material_entity,0.4188510179519653,20,8,8,20,7,2,2,7,0.2857142857142857,2,1,3,0.0,0.0,7,4,5,0.217391304347826,1.5155391664515911,160,2,1,1,1,0,0,2022,2023-2026,0,0.1639285366201032,0.1114000848863925,0.6211849192100539,0.8302378815080789,0.7529286355475763,0,386
C3DA2C4151E,C872881EC3C,aqueous electrolyte,gel-confined redox transport,material_system,gel_microstructure,0.2476686835289001,17,21,17,21,5,7,5,7,0.7142857142857143,0,7,7,-0.6666666666666666,2.3333333333333335,24,2,5,0.1515151515151515,1.3838948845192265,357,2,1,0,0,1,0,2022,2023-2026,0,0.4400367345276263,0.0886140340491324,0.642100538599641,0.8300673249551167,0.7710053859964093,0,328
C6210B1A223,CD0FD071A10,reduced graphene oxide,carbon cloth,material_entity,material_entity,0.5893036723136902,11,10,10,11,3,2,2,3,0.6666666666666666,1,1,2,0.3333333333333333,0.0,10,4,6,0.4,1.8415403250615296,110,2,1,1,1,0,0,2022,2023-2026,0,0.1702980945426468,0.0277016110468732,0.2107719928186714,0.8295332136445241,0.451391382405745,0,1354
C237A8162E2,C872881EC3C,thermogalvanic corrosion,gel-confined redox transport,device_mechanism,gel_microstructure,0.1716329753398895,11,21,11,21,11,7,7,11,0.6363636363636364,0,7,7,0.0,2.3333333333333335,27,2,6,0.2307692307692307,1.7200839272862676,231,2,1,0,0,0,1,2022,2023-2026,0,0.7397699163221285,0.1045822014841979,0.761310592459605,0.8294210053859964,0.8558797127468583,0,150
C25D09DDC57,C3002C089A5,Fe2+/Fe3+ solvation redox chemistry,ionic thermodiffusion (Soret effect),redox_chemistry,transport_mechanism,0.1117101162672042,26,23,23,26,19,15,15,19,0.7894736842105263,8,7,15,0.3333333333333333,2.0,27,27,7,0.1666666666666666,2.38562284011386,598,2,1,0,0,0,1,2022,2023-2026,1,0.8394060971496455,0.2537895113751235,0.9655296229802516,0.8291113105924596,0.9738779174147216,1,16
C3002C089A5,C9B6878E079,ionic thermodiffusion (Soret effect),photothermal-thermoelectric coupling,transport_mechanism,device_mechanism,0.3632020950317383,23,13,13,23,15,5,5,15,0.3333333333333333,7,3,10,2.0,0.3333333333333333,27,4,4,0.125,1.3095812636562172,299,2,1,0,0,0,1,2022,2023-2026,0,0.7980467917544526,0.2342743232714689,0.9521543985637344,0.8290754039497307,0.96467684021544,1,27
C0783369D77,C872881EC3C,PEDOT family,gel-confined redox transport,material_entity,gel_microstructure,0.242986261844635,11,21,11,21,2,7,2,7,0.2857142857142857,0,7,7,-0.6666666666666666,2.3333333333333335,5,2,5,0.1851851851851851,1.3838948845192265,231,2,1,0,0,1,0,2022,2023-2026,1,0.4776686612176877,0.1982064523001157,0.875314183123878,0.8284784560143627,0.9236759425493716,1,72
C3DA2C4151E,C7932B1CE8C,aqueous electrolyte,chaotropic polymer-water disruption,material_system,gel_microstructure,0.2765610516071319,17,18,17,18,5,5,5,5,1.0,0,4,4,-0.6666666666666666,1.0,24,4,5,0.1666666666666666,1.436443328187317,306,2,1,0,0,1,0,2022,2023-2026,0,0.3247274409681849,0.0292961211823902,0.2798922800718132,0.8277692998204668,0.4996184919210053,0,1214
C6210B1A223,C872881EC3C,reduced graphene oxide,gel-confined redox transport,material_entity,gel_microstructure,0.1178820580244064,11,21,11,21,3,7,3,7,0.4285714285714285,1,7,8,0.3333333333333333,2.3333333333333335,10,2,7,0.28,2.275834806964782,231,2,1,0,0,1,0,2022,2023-2026,0,0.6290771539862748,0.1209228904871198,0.803770197486535,0.8275942549371633,0.8877692998204668,0,109
C7032A2F7AB,CF2C5201A37,hexacyanoferrate redox electrode,porous-electrode area enhancement,electrode_interface,electrode_interface,0.4891317784786224,7,18,7,18,4,5,4,5,0.8,0,2,2,-0.6666666666666666,0.3333333333333333,8,24,6,0.3157894736842105,1.7433710046174518,126,2,1,1,0,0,1,2022,2023-2026,0,0.4822951942602458,0.0838768942597058,0.6361759425493716,0.8274596050269301,0.7637679533213645,0,344
C2106B674B9,C3002C089A5,iodide/triiodide,ionic thermodiffusion (Soret effect),material_entity,transport_mechanism,0.108499065041542,20,23,20,23,7,15,7,15,0.4666666666666667,2,7,9,0.0,2.0,7,27,7,0.1944444444444444,2.065979811787673,460,2,1,0,0,1,0,2022,2023-2026,1,0.5961781223474555,0.2205101148297626,0.9266606822262118,0.8274102333931778,0.9525134649910234,1,37
C4CEC954E12,CDAC0413DCA,platinum electrode,gelatin-based polymer family,material_entity,material_entity,0.2802267670631408,16,20,16,20,6,4,4,6,0.6666666666666666,0,4,4,-0.3333333333333333,1.3333333333333333,31,2,5,0.1612903225806451,1.4322915063690496,320,2,1,1,1,0,0,2022,2023-2026,0,0.2388962316745569,0.0480227938642632,0.3678635547576301,0.8273922800718131,0.5555879712746858,0,1045
C5E63317596,C95D66F92B2,hierarchical porous electrode interface,carbon nanotube family,electrode_interface,material_entity,0.1989232897758484,11,27,11,27,2,11,2,11,0.1818181818181818,2,2,4,0.6666666666666666,-0.6666666666666666,1,12,6,0.1875,1.9218604620670288,297,2,1,0,0,1,0,2022,2023-2026,0,0.3851394984753185,0.1110912723983174,0.703052064631957,0.8273114901256732,0.8130385996409335,0,223
CD3462DB8FF,CDAC0413DCA,CuSO4,gelatin-based polymer family,material_entity,material_entity,0.2456426173448562,11,20,11,20,4,4,4,4,1.0,1,4,5,0.0,1.3333333333333333,9,2,5,0.1923076923076923,1.4322915063690496,220,2,1,1,1,0,0,2022,2023-2026,0,0.2538147892187841,0.0482591970679735,0.3751346499102334,0.8273070017953321,0.5599416517055655,0,1026
C4CEC954E12,CD3462DB8FF,platinum electrode,CuSO4,material_entity,material_entity,0.394867479801178,16,11,11,16,6,4,4,6,0.6666666666666666,0,1,1,-0.3333333333333333,0.0,31,9,7,0.35,2.104973954980184,176,2,1,1,1,0,0,2022,2023-2026,0,0.1623488426399145,0.0251030994248259,0.1904847396768402,0.8270332136445241,0.4375448833034111,0,1392
C45C8AAD12E,CD0FD071A10,charge-transfer resistance engineering,carbon cloth,electrode_interface,material_entity,0.3548760712146759,21,10,10,21,8,2,2,8,0.25,1,1,2,-0.6666666666666666,0.0,31,4,6,0.24,1.6994760156273654,210,2,1,0,0,1,0,2022,2023-2026,1,0.2925836370127766,0.0749635007906938,0.5283662477558349,0.8269479353680431,0.6753029622980251,0,628
C5E47CC0A62,CDAC0413DCA,Hofmeister/chaotropic effect,gelatin-based polymer family,gel_microstructure,material_entity,0.2377320826053619,10,20,10,20,2,4,2,4,0.5,1,4,5,0.0,1.3333333333333333,4,2,5,0.2,1.5109387284886164,200,2,1,0,0,1,0,2022,2023-2026,0,0.4524163152094541,0.0781078903164113,0.6007181328545781,0.8264452423698385,0.7318895870736086,0,455
C97F8E13D1A,CE4B0E242E7,thermally regenerative electrochemical cycle,interfacial charge transfer,device_mechanism,electrode_interface,0.3260459899902344,13,16,13,16,9,6,6,9,0.6666666666666666,2,1,3,-1.3333333333333333,-0.3333333333333333,8,31,5,0.2083333333333333,1.5633021848069824,208,2,1,0,0,0,1,2022,2023-2026,0,0.4968820048166472,0.020955068553903,0.283572710951526,0.826386894075404,0.499943895870736,0,1212
C275FB7C4B0,C3F66DD37CA,iodide/triiodide redox chemistry,H2O,redox_chemistry,material_entity,0.3602805733680725,24,9,9,24,8,2,2,8,0.25,2,1,3,0.0,0.3333333333333333,7,24,5,0.1785714285714285,1.5109387284886164,216,2,1,0,0,1,0,2022,2023-2026,0,0.4394547478895625,0.1742248441261965,0.8415619389587073,0.8261445242369839,0.9060368043087972,1,86
C2106B674B9,CD0FD071A10,iodide/triiodide,carbon cloth,material_entity,material_entity,0.3823820948600769,20,10,10,20,7,2,2,7,0.2857142857142857,2,1,3,0.0,0.0,7,4,5,0.2,1.4054259468421428,200,2,1,1,1,0,0,2022,2023-2026,0,0.1570626619506791,0.1063500885450609,0.6014362657091562,0.8256059245960503,0.7320017953321365,0,454
C7096F6ECC5,CCAABE058E7,imidazolium ionic-liquid phase transition electrolyte,ferri/ferrocyanide redox chemistry,material_system,redox_chemistry,0.1274550259113311,13,57,13,57,5,37,5,37,0.1351351351351351,2,12,14,0.6666666666666666,0.3333333333333333,8,31,8,0.1290322580645161,2.5668930505975665,741,2,1,0,0,1,0,2022,2023-2026,0,0.6192081280171281,0.2108256984118105,0.9242369838420108,0.8254488330341114,0.949483842010772,1,42
CA8C62A4868,CC5968B917E,redox reaction entropy,convection and mass transport,solvation_entropy,transport_mechanism,0.1749990582466125,27,15,15,27,11,11,11,11,1.0,3,2,5,-0.3333333333333333,0.0,22,28,6,0.1666666666666666,1.873821282905006,405,2,1,0,0,0,1,2022,2023-2026,0,0.3712739600944568,0.1439721840807958,0.7692100538599641,0.8251256732495511,0.8583034111310592,0,143
C237A8162E2,CB56BB4DDB0,thermogalvanic corrosion,carbon-electrode redox interface,device_mechanism,electrode_interface,0.3223866522312164,11,20,11,20,11,7,7,11,0.6363636363636364,0,2,2,0.0,0.0,27,24,6,0.24,1.7522989487554574,220,2,1,0,0,0,1,2022,2023-2026,0,0.6293966201935679,0.0468194585253615,0.4868940754039497,0.8250897666068222,0.6422576301615799,0,723
CA8C62A4868,CC028ABF9C6,redox reaction entropy,anti-freezing organohydrogel design,solvation_entropy,gel_microstructure,0.1296079009771347,27,21,21,27,11,6,6,11,0.5454545454545454,3,3,6,-0.3333333333333333,0.6666666666666666,22,6,7,0.1707317073170731,2.3303333822337295,567,2,1,0,0,0,1,2022,2023-2026,1,0.3737044313962241,0.1331148053268242,0.7512567324955117,0.8248698384201077,0.8448608617594255,0,161
C3002C089A5,C3F66DD37CA,ionic thermodiffusion (Soret effect),H2O,transport_mechanism,material_entity,0.210376039147377,23,9,9,23,15,2,2,15,0.1333333333333333,7,1,8,2.0,0.3333333333333333,27,24,5,0.1851851851851851,1.5162881904308996,207,2,1,0,0,1,0,2022,2023-2026,0,0.8537954609342615,0.382551245997355,0.9905745062836624,0.8242684021543986,0.980217684021544,1,9
C7932B1CE8C,C84C6A613D4,chaotropic polymer-water disruption,cellulose nanofiber scaffold,gel_microstructure,gel_microstructure,0.3826296925544739,18,10,10,18,5,3,3,5,0.6,4,2,6,1.0,0.3333333333333333,4,4,4,0.1666666666666666,1.280337995434789,180,2,1,1,0,0,1,2022,2023-2026,0,0.4950154735837035,0.0393065568717978,0.4057450628366247,0.82258078994614,0.5866472172351885,0,929
C188B56F6F1,C275FB7C4B0,ion-selectivity membrane transport,iodide/triiodide redox chemistry,transport_mechanism,redox_chemistry,0.2424048036336898,14,24,14,24,9,8,8,9,0.8888888888888888,3,2,5,0.0,0.0,28,7,5,0.1515151515151515,1.415841456004892,336,2,1,0,0,0,1,2022,2023-2026,0,0.47041578821336,0.0858858279300242,0.641113105924596,0.8224326750448833,0.7659111310592459,0,342
C78D65254F9,CB56BB4DDB0,phase transition,carbon-electrode redox interface,phase_or_species_transition,electrode_interface,0.1625905781984329,17,20,17,20,5,7,5,7,0.7142857142857143,3,2,5,0.6666666666666666,0.0,6,24,6,0.1935483870967742,1.7200839272862676,340,2,1,0,0,0,1,2022,2023-2026,1,0.5146335634228113,0.0220286252032051,0.2973070017953321,0.820359066427289,0.508729802513465,0,1176
C6B063A770B,CA6C42A1D77,supramolecular host-guest redox entropy,ferri/ferrocyanide family,solvation_entropy,material_entity,0.2293277978897094,8,55,8,55,2,34,2,34,0.0588235294117647,0,11,11,-0.3333333333333333,0.3333333333333333,6,31,5,0.0862068965517241,1.6741047536153544,440,2,1,0,0,1,0,2022,2023-2026,0,0.6963259015827417,0.2338638790201508,0.9451526032315978,0.8194254937163374,0.9572710951526032,1,34
C78D65254F9,C7932B1CE8C,phase transition,chaotropic polymer-water disruption,phase_or_species_transition,gel_microstructure,0.0898870378732681,17,18,17,18,5,5,5,5,1.0,3,4,7,0.6666666666666666,1.0,6,4,7,0.25,2.0485426660393187,306,2,1,0,0,0,1,2022,2023-2026,1,0.5143362192302414,0.019884178276654,0.2820466786355475,0.8193357271095152,0.49762118491921,0,1222
C3002C089A5,C45C8AAD12E,ionic thermodiffusion (Soret effect),charge-transfer resistance engineering,transport_mechanism,electrode_interface,0.2093837112188339,23,21,21,23,15,8,8,15,0.5333333333333333,7,1,8,2.0,-0.6666666666666666,27,31,5,0.1282051282051282,1.4668384533403718,483,2,1,0,0,0,1,2022,2023-2026,1,0.7674848928454624,0.1830811973917662,0.9114003590664274,0.8190709156193895,0.9432450628366248,1,54
C25D09DDC57,C6210B1A223,Fe2+/Fe3+ solvation redox chemistry,reduced graphene oxide,redox_chemistry,material_entity,0.1228594332933425,26,11,11,26,19,3,3,19,0.1578947368421052,8,1,9,0.3333333333333333,0.3333333333333333,27,10,6,0.1935483870967742,1.8415403250615296,286,2,1,0,0,1,0,2022,2023-2026,0,0.7459704414418991,0.4051095747211914,0.9859066427289048,0.8184560143626571,0.9775134649910232,1,13
C4CEC954E12,C7932B1CE8C,platinum electrode,chaotropic polymer-water disruption,material_entity,gel_microstructure,0.1800135225057602,16,18,16,18,6,5,5,6,0.8333333333333334,0,4,4,-0.3333333333333333,1.0,31,4,6,0.2142857142857142,1.6950382640754955,288,2,1,0,0,1,0,2022,2023-2026,1,0.3926188730305054,0.0253434876142261,0.2789946140035906,0.8171588868940753,0.4945242369838419,0,1237
C10C4FF4B6C,C95D66F92B2,hydrogen bonding,carbon nanotube family,solvation_entropy,material_entity,0.1461814045906067,19,27,19,27,5,11,5,11,0.4545454545454545,5,2,7,1.6666666666666667,-0.6666666666666666,1,12,6,0.15,1.78994773015114,513,2,1,0,0,1,0,2022,2023-2026,0,0.3561042287481121,0.1066497896371098,0.6767504488330341,0.8171409335727109,0.7906306104129264,0,277
C4CEC954E12,CC028ABF9C6,platinum electrode,anti-freezing organohydrogel design,material_entity,gel_microstructure,0.2048119008541107,16,21,16,21,6,6,6,6,1.0,0,3,3,-0.3333333333333333,0.6666666666666666,31,6,6,0.1935483870967742,1.849323897793296,336,2,1,0,0,1,0,2022,2023-2026,0,0.352743785080685,0.0295360555945254,0.2929982046678635,0.8171229802513464,0.5047127468581688,0,1190
CD0FD071A10,CDAC0413DCA,carbon cloth,gelatin-based polymer family,material_entity,material_entity,0.2256794869899749,10,20,10,20,2,4,2,4,0.5,1,4,5,0.0,1.3333333333333333,4,2,5,0.2,1.4175940024080025,200,2,1,1,1,0,0,2022,2023-2026,1,0.2500074348711766,0.0620883635072477,0.4510771992818671,0.8167504488330342,0.616584380610413,0,805
C7096F6ECC5,C95D66F92B2,imidazolium ionic-liquid phase transition electrolyte,carbon nanotube family,material_system,material_entity,0.2331228256225586,13,27,13,27,5,11,5,11,0.4545454545454545,2,2,4,0.6666666666666666,-0.6666666666666666,8,12,5,0.1428571428571428,1.6590904907364006,351,2,1,0,1,0,0,2022,2023-2026,0,0.2076950031087452,0.1110383337475988,0.636624775583483,0.815758527827648,0.7602558348294435,0,357
C6B063A770B,CBA7A0F0CA3,supramolecular host-guest redox entropy,thermogalvanic redox conversion,solvation_entropy,device_mechanism,0.3686075210571289,8,58,8,58,2,41,2,41,0.048780487804878,0,19,19,-0.3333333333333333,2.3333333333333335,6,28,4,0.064516129032258,1.3048353805464992,464,2,1,0,0,0,1,2022,2023-2026,0,0.8861774390816554,0.1980313341462627,0.93016157989228,0.8150763016157989,0.950314183123878,1,41
C4CEC954E12,C5B8C057FAD,platinum electrode,metal oxide,material_entity,material_system,0.4399212002754211,16,9,9,16,6,2,2,6,0.3333333333333333,0,1,1,-0.3333333333333333,0.0,31,4,6,0.3157894736842105,1.800927275943473,144,2,1,0,1,0,0,2022,2023-2026,0,0.1658261880860146,0.0442241334832131,0.3159784560143627,0.8146319569120287,0.5175044883303411,0,1149
C78D65254F9,C95D66F92B2,phase transition,carbon nanotube family,phase_or_species_transition,material_entity,0.1574880629777908,17,27,17,27,5,11,5,11,0.4545454545454545,3,2,5,0.6666666666666666,-0.6666666666666666,6,12,6,0.1578947368421052,1.7789996665898111,459,2,1,0,0,1,0,2022,2023-2026,0,0.2918517562361682,0.1256473997956932,0.7085278276481148,0.8141382405745062,0.813173249551167,0,220
C0783369D77,C2106B674B9,PEDOT family,iodide/triiodide,material_entity,material_entity,0.4150830507278442,11,20,11,20,2,7,2,7,0.2857142857142857,0,2,2,-0.6666666666666666,0.0,5,7,5,0.1923076923076923,1.4376409683113325,220,2,1,1,1,0,0,2022,2023-2026,0,0.1328854815387868,0.0861077405602574,0.518850987432675,0.813886894075404,0.6620399461400359,0,671
C275FB7C4B0,CE2D00B183C,iodide/triiodide redox chemistry,redox-kinetics enhancement,redox_chemistry,electrode_interface,0.5551600456237793,24,8,8,24,8,2,2,8,0.25,2,0,2,0.0,-0.3333333333333333,7,28,5,0.1851851851851851,1.4322915063690496,192,2,1,0,0,0,1,2022,2023-2026,0,0.44800441980786,0.1498728738371043,0.8078994614003591,0.8137253141831238,0.8855026929982046,0,111
C6181968680,CF2C5201A37,graphene,porous-electrode area enhancement,material_entity,electrode_interface,0.1277266293764114,16,18,16,18,6,5,5,6,0.8333333333333334,2,2,4,0.0,0.3333333333333333,10,24,7,0.2592592592592592,2.1216024419647574,288,2,1,0,0,1,0,2022,2023-2026,0,0.4755761418190133,0.0092427133023922,0.2021543985637342,0.8136983842010771,0.4386894075403949,0,1391
C23B9BED21A,CBA7A0F0CA3,ionic conduction,thermogalvanic redox conversion,transport_mechanism,device_mechanism,0.2181871235370636,6,58,6,58,2,41,2,41,0.048780487804878,1,19,20,0.3333333333333333,2.3333333333333335,8,28,5,0.0847457627118644,1.5980291402028306,348,2,1,0,0,0,1,2022,2023-2026,0,0.9459011076162374,0.3679193633267937,0.9928186714542192,0.8136490125673249,0.9788375224416516,1,11
C45C8AAD12E,C7032A2F7AB,charge-transfer resistance engineering,hexacyanoferrate redox electrode,electrode_interface,electrode_interface,0.4972772002220154,21,7,7,21,8,4,4,8,0.5,1,0,1,-0.6666666666666666,-0.6666666666666666,31,8,6,0.2727272727272727,1.7227691324350267,147,2,1,1,0,0,1,2022,2023-2026,0,0.2670542142180359,0.0933402787511418,0.5939856373429084,0.813096947935368,0.7220938061041292,0,491
C84C6A613D4,CA6C42A1D77,cellulose nanofiber scaffold,ferri/ferrocyanide family,gel_microstructure,material_entity,0.1562946289777755,10,55,10,55,3,34,3,34,0.088235294117647,2,11,13,0.3333333333333333,0.3333333333333333,4,31,6,0.1016949152542373,1.9530204440459231,550,2,1,0,0,1,0,2022,2023-2026,1,0.6976914073803355,0.1624198904418462,0.8806104129263914,0.8130116696588868,0.9216337522441652,1,74
C3DA2C4151E,CD0FD071A10,aqueous electrolyte,carbon cloth,material_system,material_entity,0.4050360918045044,17,10,10,17,5,2,2,5,0.4,0,1,1,-0.6666666666666666,0.0,24,4,6,0.2857142857142857,1.72987114078042,170,2,1,0,1,0,0,2022,2023-2026,0,0.1261279088331882,0.0250686905119679,0.1799820466786355,0.8129892280071814,0.4272666068222621,0,1422
C9B6878E079,CA6C42A1D77,photothermal-thermoelectric coupling,ferri/ferrocyanide family,device_mechanism,material_entity,0.1522845774888992,13,55,13,55,5,34,5,34,0.1470588235294117,3,11,14,0.3333333333333333,0.3333333333333333,4,31,6,0.0967741935483871,2.068113952511915,715,2,1,0,0,1,0,2022,2023-2026,1,0.5977534146515294,0.1921921188256393,0.9010771992818672,0.8125897666068223,0.931822262118492,1,61
C2106B674B9,C2A8A04727D,iodide/triiodide,guanidinium chloride (GdmCl),material_entity,material_entity,0.3098230361938476,20,8,8,20,7,2,2,7,0.2857142857142857,2,1,3,0.0,0.0,7,4,5,0.217391304347826,1.5155391664515911,160,2,1,1,1,0,0,2022,2023-2026,0,0.1623441089133133,0.1222879663400907,0.6521543985637344,0.8123025134649909,0.7703321364452423,0,330
C10D3798CF7,CDAC0413DCA,selective solvation,gelatin-based polymer family,solvation_entropy,material_entity,0.1236409768462181,13,20,13,20,6,4,4,6,0.6666666666666666,2,4,6,0.3333333333333333,1.3333333333333333,22,2,6,0.2222222222222222,1.8298677173924176,260,2,1,0,0,1,0,2022,2023-2026,0,0.5585263987334331,0.0236426256264722,0.3232495511669658,0.8122262118491921,0.5192773788150808,0,1142
C9B6878E079,CCAABE058E7,photothermal-thermoelectric coupling,ferri/ferrocyanide redox chemistry,device_mechanism,redox_chemistry,0.1526884883642196,13,57,13,57,5,37,5,37,0.1351351351351351,3,12,15,0.3333333333333333,0.3333333333333333,4,31,6,0.09375,2.068113952511915,741,2,1,0,0,0,1,2022,2023-2026,1,0.6570344231978121,0.2033416732020205,0.9208258527827649,0.8119165170556553,0.9438958707360862,1,52
C237A8162E2,C7932B1CE8C,thermogalvanic corrosion,chaotropic polymer-water disruption,device_mechanism,gel_microstructure,0.1477304548025131,11,18,11,18,11,5,5,11,0.4545454545454545,0,4,4,0.0,1.0,27,4,7,0.3181818181818182,2.023497002828547,198,2,1,0,0,0,1,2022,2023-2026,0,0.6375498675318035,0.0507442435297689,0.5093357271095152,0.8118402154398563,0.6537477558348295,0,693
C7932B1CE8C,CB56BB4DDB0,chaotropic polymer-water disruption,carbon-electrode redox interface,gel_microstructure,electrode_interface,0.0640555173158645,18,20,18,20,5,7,5,7,0.7142857142857143,4,2,6,1.0,0.0,4,24,7,0.2258064516129032,2.0390129161900687,360,2,1,0,0,0,1,2022,2023-2026,0,0.5490685945195005,0.0333659412602911,0.3870736086175942,0.8113509874326751,0.5625673249551166,0,1013
C3002C089A5,C9642D16DCA,ionic thermodiffusion (Soret effect),graphene oxide,transport_mechanism,material_entity,0.1109283044934272,23,10,10,23,15,4,4,15,0.2666666666666666,7,1,8,2.0,0.0,27,10,6,0.2222222222222222,1.854673359735579,230,2,1,0,0,1,0,2022,2023-2026,1,0.7580252784134315,0.2974605374637324,0.9750448833034112,0.8111804308797128,0.970556552962298,1,21
C237A8162E2,C45C8AAD12E,thermogalvanic corrosion,charge-transfer resistance engineering,device_mechanism,electrode_interface,0.3483976423740387,11,21,11,21,11,8,8,11,0.7272727272727273,0,1,1,0.0,-0.6666666666666666,27,31,6,0.2307692307692307,1.7469494868131743,231,2,1,0,0,0,1,2022,2023-2026,1,0.5846142473223003,0.040616871047452,0.4383303411131058,0.8107001795332136,0.6045556552962298,0,850
C45C8AAD12E,CA8C62A4868,charge-transfer resistance engineering,redox reaction entropy,electrode_interface,solvation_entropy,0.1346017271280288,21,27,21,27,8,11,8,11,0.7272727272727273,1,3,4,-0.6666666666666666,-0.3333333333333333,31,22,7,0.1707317073170731,2.2253943847356497,567,2,1,0,0,0,1,2022,2023-2026,0,0.3050133723818956,0.1461029832847591,0.7471274685816877,0.8106552962298026,0.8369165170556552,0,180
C5E63317596,CC028ABF9C6,hierarchical porous electrode interface,anti-freezing organohydrogel design,electrode_interface,gel_microstructure,0.194715604186058,11,21,11,21,2,6,2,6,0.3333333333333333,2,3,5,0.6666666666666666,0.6666666666666666,1,6,5,0.1851851851851851,1.5198211612498893,231,2,1,0,0,0,1,2022,2023-2026,0,0.5241823292677177,0.0394517495593694,0.4155296229802513,0.810637342908438,0.589362657091562,0,919
C2106B674B9,C9642D16DCA,iodide/triiodide,graphene oxide,material_entity,material_entity,0.2986443042755127,20,10,10,20,7,4,4,7,0.5714285714285714,2,1,3,0.0,0.0,7,10,5,0.2,1.4054259468421428,200,2,1,1,1,0,0,2022,2023-2026,0,0.1566424941619684,0.0791789660391622,0.4934470377019749,0.8106328545780971,0.6388016157989227,0,730
C5B8C057FAD,CF2C5201A37,metal oxide,porous-electrode area enhancement,material_system,electrode_interface,0.2245596498250961,9,18,9,18,2,5,2,5,0.4,1,2,3,0.0,0.3333333333333333,4,24,6,0.2857142857142857,1.736851008383988,162,2,1,0,0,1,0,2022,2023-2026,0,0.4688780543789123,0.0831863839621013,0.6267504488330341,0.8099865350089767,0.7495062836624775,0,393
C4CEC954E12,C6181968680,platinum electrode,graphene,material_entity,material_entity,0.4126454591751098,16,16,16,16,6,6,6,6,1.0,0,2,2,-0.3333333333333333,0.0,31,10,5,0.1851851851851851,1.3838948845192265,256,2,1,1,1,0,0,2022,2023-2026,0,0.1646776193406565,0.0184811855759298,0.1440754039497307,0.8090933572710952,0.4010098743267504,0,1482
C9642D16DCA,CF2C5201A37,graphene oxide,porous-electrode area enhancement,material_entity,electrode_interface,0.1805909276008606,10,18,10,18,4,5,4,5,0.8,1,2,3,0.0,0.3333333333333333,10,24,7,0.3333333333333333,2.1216024419647574,180,2,1,0,0,1,0,2022,2023-2026,0,0.4833073043058773,0.0426320694174377,0.4235188509874326,0.8085457809694794,0.5948608617594255,0,897
C0783369D77,CDAC0413DCA,PEDOT family,gelatin-based polymer family,material_entity,material_entity,0.5968459844589233,11,20,11,20,2,4,2,4,0.5,0,4,4,-0.6666666666666666,1.3333333333333333,5,2,4,0.1481481481481481,1.0716177461468088,220,2,1,1,1,0,0,2022,2023-2026,0,0.1910533618290739,0.0858716012609945,0.5385098743267505,0.807504488330341,0.6766831238779174,0,623
CB56BB4DDB0,CDAC0413DCA,carbon-electrode redox interface,gelatin-based polymer family,electrode_interface,material_entity,0.1202327013015747,20,20,20,20,7,4,4,7,0.5714285714285714,2,4,6,0.0,1.3333333333333333,24,2,6,0.1764705882352941,1.7365229913118034,400,2,1,0,0,1,0,2022,2023-2026,1,0.4487245224203646,0.0665483342641168,0.5489228007181328,0.8070556552962298,0.6860076301615798,0,596
C188B56F6F1,CE4B0E242E7,ion-selectivity membrane transport,interfacial charge transfer,transport_mechanism,electrode_interface,0.3661932349205017,14,16,14,16,9,6,6,9,0.6666666666666666,3,1,4,0.0,-0.3333333333333333,28,31,4,0.1538461538461538,1.259889109264703,224,2,1,0,0,0,1,2022,2023-2026,0,0.6617885546883739,0.0531443956800674,0.5290843806104129,0.8068043087971274,0.6687836624775583,0,646
CB56BB4DDB0,CC5968B917E,carbon-electrode redox interface,convection and mass transport,electrode_interface,transport_mechanism,0.1435078233480453,20,15,15,20,7,11,7,11,0.6363636363636364,2,2,4,0.0,0.0,24,28,6,0.2068965517241379,1.7637165679108946,300,2,1,0,0,0,1,2022,2023-2026,0,0.4790804384969139,0.0754231039356474,0.5988330341113106,0.8053366247755834,0.721431777378815,0,494
CC5968B917E,CE4B0E242E7,convection and mass transport,interfacial charge transfer,transport_mechanism,electrode_interface,0.2318454980850219,15,16,15,16,11,6,6,11,0.5454545454545454,2,1,3,0.0,-0.3333333333333333,28,31,5,0.1923076923076923,1.6030453519788015,240,2,1,0,0,0,1,2022,2023-2026,1,0.6753290269257866,0.0517308341626176,0.5186714542190305,0.8043312387791741,0.6576750448833034,0,681
CE2D00B183C,CF2C5201A37,redox-kinetics enhancement,porous-electrode area enhancement,electrode_interface,electrode_interface,0.5481804609298706,8,18,8,18,2,5,2,5,0.4,0,2,2,-0.3333333333333333,0.3333333333333333,28,24,5,0.238095238095238,1.3785454225769436,144,2,1,1,0,0,1,2022,2023-2026,1,0.5412037236773496,0.1270272688306273,0.7977558348294435,0.8041651705565529,0.8731149012567325,0,128
C872881EC3C,CE2D00B183C,gel-confined redox transport,redox-kinetics enhancement,gel_microstructure,electrode_interface,0.3905031085014343,21,8,8,21,7,2,2,7,0.2857142857142857,7,0,7,2.3333333333333335,-0.3333333333333333,2,28,4,0.16,1.0500866838238925,168,2,1,0,0,0,1,2022,2023-2026,1,0.7255892403946634,0.0986596547051088,0.7384201077199282,0.8037163375224416,0.8289048473967684,0,199
C5B8C057FAD,C6181968680,metal oxide,graphene,material_system,material_entity,0.3160281777381897,9,16,9,16,2,6,2,6,0.3333333333333333,1,2,3,0.0,0.0,4,10,5,0.25,1.3838948845192265,144,2,1,0,1,0,0,2022,2023-2026,0,0.189586107638691,0.1131657651728596,0.6401256732495513,0.8032809694793537,0.758729802513465,0,365
C10C4FF4B6C,C4B2BA55977,hydrogen bonding,KNO3,solvation_entropy,material_entity,0.226997971534729,19,6,6,19,5,2,2,5,0.4,5,1,6,1.6666666666666667,0.3333333333333333,1,21,5,0.25,1.3958961969928927,114,2,1,0,0,1,0,2022,2023-2026,0,0.5750580442270259,0.1240420732992316,0.8015260323159784,0.803177737881508,0.8762903949730699,0,125
CA6C42A1D77,CD486BA800F,ferri/ferrocyanide family,host-guest complexation,material_entity,solvation_entropy,0.1923065483570099,55,8,8,55,34,2,2,34,0.0588235294117647,11,0,11,0.3333333333333333,-0.3333333333333333,31,6,5,0.0862068965517241,1.6741047536153544,440,2,1,0,0,1,0,2022,2023-2026,0,0.7429900279036997,0.1893387177093186,0.9149012567324954,0.8031597845601435,0.938420107719928,1,56
C7032A2F7AB,CB56BB4DDB0,hexacyanoferrate redox electrode,carbon-electrode redox interface,electrode_interface,electrode_interface,0.7151387929916382,7,20,7,20,4,7,4,7,0.5714285714285714,0,2,2,-0.6666666666666666,0.0,8,24,5,0.2272727272727272,1.3534997593661715,140,2,1,1,0,0,1,2022,2023-2026,0,0.4688118652861011,0.1615297835869239,0.8324057450628367,0.8028456014362655,0.8912926391382405,0,102
C84C6A613D4,CCAABE058E7,cellulose nanofiber scaffold,ferri/ferrocyanide redox chemistry,gel_microstructure,redox_chemistry,0.1318537145853042,10,57,10,57,3,37,3,37,0.081081081081081,2,12,14,0.3333333333333333,0.3333333333333333,4,31,6,0.0983606557377049,1.9530204440459231,570,2,1,0,0,0,1,2022,2023-2026,1,0.7527834551351481,0.172182564349879,0.9012567324955116,0.8024640933572711,0.9281867145421904,1,64
C95D66F92B2,CC5968B917E,carbon nanotube family,convection and mass transport,material_entity,transport_mechanism,0.0419487506151199,27,15,15,27,11,11,11,11,1.0,2,2,4,-0.6666666666666666,0.0,12,28,8,0.2352941176470588,2.6883993380608917,405,2,1,0,0,1,0,2022,2023-2026,0,0.2826372382015993,0.1534898546800365,0.7535906642728905,0.8022800718132854,0.8393402154398564,0,172
C3002C089A5,CD0FD071A10,ionic thermodiffusion (Soret effect),carbon cloth,transport_mechanism,material_entity,0.1654733121395111,23,10,10,23,15,2,2,15,0.1333333333333333,7,1,8,2.0,0.0,27,4,5,0.1785714285714285,1.4376409683113325,230,2,1,0,0,1,0,2022,2023-2026,0,0.7444060120199341,0.270068936747857,0.9660682226211847,0.802185816876122,0.9634649910233392,1,29
C23B9BED21A,C25D09DDC57,ionic conduction,Fe2+/Fe3+ solvation redox chemistry,transport_mechanism,redox_chemistry,0.1795085668563842,6,26,6,26,2,19,2,19,0.1052631578947368,1,8,9,0.3333333333333333,0.3333333333333333,8,27,5,0.1851851851851851,1.5980291402028306,156,2,1,0,0,0,1,2022,2023-2026,1,0.7421945694400838,0.6026842019886313,0.98967684021544,0.8016247755834829,0.9717684021543984,1,19
C10C4FF4B6C,CF203EF8121,hydrogen bonding,Eastman entropy of transfer,solvation_entropy,solvation_entropy,0.5879722237586975,19,6,6,19,5,2,2,5,0.4,5,0,5,1.6666666666666667,-0.6666666666666666,1,5,4,0.1904761904761904,1.062087996297559,114,2,1,1,0,0,1,2022,2023-2026,0,0.4288700369118557,0.1093880225707124,0.7153500897666069,0.8016023339317773,0.8123204667863555,0,226
C7096F6ECC5,C7932B1CE8C,imidazolium ionic-liquid phase transition electrolyte,chaotropic polymer-water disruption,material_system,gel_microstructure,0.2747096419334411,13,18,13,18,5,5,5,5,1.0,2,4,6,0.6666666666666666,1.0,8,4,4,0.1481481481481481,1.1832785907046994,234,2,1,0,0,1,0,2022,2023-2026,0,0.4905112037732932,0.0515473538393151,0.4797127468581688,0.8015754039497307,0.6286579892280071,0,762
C3DA2C4151E,C95D66F92B2,aqueous electrolyte,carbon nanotube family,material_system,material_entity,0.1722326874732971,17,27,17,27,5,11,5,11,0.4545454545454545,0,2,2,-0.6666666666666666,-0.6666666666666666,24,12,8,0.2222222222222222,2.5258267138946175,459,2,1,0,1,0,0,2022,2023-2026,0,0.1051237301502346,0.1129958050493327,0.6129263913824058,0.801350987432675,0.7317773788150808,0,456
C0783369D77,C6181968680,PEDOT family,graphene,material_entity,material_entity,0.3851039409637451,11,16,11,16,2,6,2,6,0.3333333333333333,0,2,2,-0.6666666666666666,0.0,5,10,5,0.2272727272727272,1.3838948845192265,176,2,1,1,1,0,0,2022,2023-2026,0,0.1359634030025377,0.0612654563987757,0.4055655296229802,0.8011759425493716,0.5778725314183124,0,964
C10D3798CF7,C7B823B5BB0,selective solvation,poly(vinyl alcohol) (PVA),solvation_entropy,material_entity,0.2047598958015442,13,13,13,13,6,2,2,6,0.3333333333333333,2,2,4,0.3333333333333333,0.6666666666666666,22,0,5,0.238095238095238,1.5109387284886164,169,2,1,0,0,1,0,2022,2023-2026,1,0.5087044345400135,0.047036673053368,0.4594254937163375,0.8011086175942549,0.6159335727109515,0,808
C25D09DDC57,CDAC0413DCA,Fe2+/Fe3+ solvation redox chemistry,gelatin-based polymer family,redox_chemistry,material_entity,0.078410118818283,26,20,20,26,19,4,4,19,0.2105263157894736,8,4,12,0.3333333333333333,1.3333333333333333,27,2,6,0.15,1.7460527411610536,520,2,1,0,0,1,0,2022,2023-2026,1,0.735963203357727,0.1852879884540399,0.911310592459605,0.8009335727109514,0.9349416517055656,1,60
C5B8C057FAD,C872881EC3C,metal oxide,gel-confined redox transport,material_system,gel_microstructure,0.1804582476615905,9,21,9,21,2,7,2,7,0.2857142857142857,1,7,8,0.0,2.3333333333333335,4,2,5,0.2,1.3838948845192265,189,2,1,0,0,1,0,2022,2023-2026,1,0.581063677169465,0.185164690692181,0.8927289048473968,0.8007046678635548,0.92282315978456,1,73
C3002C089A5,C41BE9B5F0E,ionic thermodiffusion (Soret effect),solvation-shell remodeling,transport_mechanism,solvation_entropy,0.2977240681648254,23,7,7,23,15,2,2,15,0.1333333333333333,7,1,8,2.0,0.0,27,5,4,0.1538461538461538,1.1901647823728223,161,2,1,0,0,0,1,2022,2023-2026,0,0.8031019482424007,0.4574606254075593,0.9905745062836624,0.8006912028725314,0.9709492818671456,1,20
C6181968680,C7B823B5BB0,graphene,poly(vinyl alcohol) (PVA),material_entity,material_entity,0.4151544868946075,16,13,13,16,6,2,2,6,0.3333333333333333,2,2,4,0.0,0.6666666666666666,10,0,4,0.16,1.0716177461468088,208,2,1,1,1,0,0,2022,2023-2026,0,0.2178232900948432,0.0965644340785547,0.585278276481149,0.800475763016158,0.7089542190305207,0,540
C237A8162E2,C3002C089A5,thermogalvanic corrosion,ionic thermodiffusion (Soret effect),device_mechanism,transport_mechanism,0.3560138344764709,11,23,11,23,11,15,11,15,0.7333333333333333,0,7,7,0.0,2.0,27,27,4,0.1333333333333333,1.0465720829360368,253,2,1,0,0,0,1,2022,2023-2026,0,0.7802025819642463,0.2389721844443579,0.955475763016158,0.8001346499102333,0.954443447037702,1,35
C22DFAA7132,C25D09DDC57,H2SO4,Fe2+/Fe3+ solvation redox chemistry,material_entity,redox_chemistry,0.3410936594009399,5,26,5,26,2,19,2,19,0.1052631578947368,1,8,9,0.3333333333333333,0.3333333333333333,8,27,4,0.1481481481481481,1.215841989698162,130,2,1,0,0,1,0,2022,2023-2026,0,0.7051868424897737,0.5705031862684775,0.986265709156194,0.7999685816876122,0.9691651705565528,1,22
C188B56F6F1,C25D09DDC57,ion-selectivity membrane transport,Fe2+/Fe3+ solvation redox chemistry,transport_mechanism,redox_chemistry,0.2765589952468872,14,26,14,26,9,19,9,19,0.4736842105263157,3,8,11,0.0,0.3333333333333333,28,27,4,0.1111111111111111,1.0891352636549514,364,2,1,0,0,0,1,2022,2023-2026,1,0.662722645534892,0.2513432389432616,0.9525134649910232,0.7998877917414721,0.95237881508079,1,38
CC5968B917E,CF2C5201A37,convection and mass transport,porous-electrode area enhancement,transport_mechanism,electrode_interface,0.067540019750595,15,18,15,18,11,5,5,11,0.4545454545454545,2,2,4,0.0,0.3333333333333333,28,24,7,0.2692307692307692,2.110424728131656,270,2,1,0,0,0,1,2022,2023-2026,0,0.6943335085735204,0.0539658033913219,0.5353680430879713,0.7959245960502693,0.6706912028725314,0,642
C45C8AAD12E,C7932B1CE8C,charge-transfer resistance engineering,chaotropic polymer-water disruption,electrode_interface,gel_microstructure,0.1014945805072784,21,18,18,21,8,5,5,8,0.625,1,4,5,-0.6666666666666666,1.0,31,4,6,0.1818181818181818,1.7200839272862676,378,2,1,0,0,0,1,2022,2023-2026,1,0.4075057195078355,0.0473675887980436,0.4276481149012567,0.7957450628366247,0.593076750448833,0,906
CCAABE058E7,CD486BA800F,ferri/ferrocyanide redox chemistry,host-guest complexation,redox_chemistry,solvation_entropy,0.1756724417209625,57,8,8,57,37,2,2,37,0.054054054054054,12,0,12,0.3333333333333333,-0.3333333333333333,31,6,5,0.0833333333333333,1.6741047536153544,456,2,1,0,0,0,1,2022,2023-2026,1,0.8265370285761086,0.1637897735907185,0.8908438061041293,0.795682226211849,0.9203994614003592,1,76
C78D65254F9,C7B823B5BB0,phase transition,poly(vinyl alcohol) (PVA),phase_or_species_transition,material_entity,0.1736908257007599,17,13,13,17,5,2,2,5,0.4,3,2,5,0.6666666666666666,0.6666666666666666,6,0,5,0.2,1.40007648489986,221,2,1,0,0,1,0,2022,2023-2026,1,0.419648943934122,0.0301267630365271,0.3234290843806103,0.7953680430879712,0.5129712746858168,0,1166
C97F8E13D1A,CDAC0413DCA,thermally regenerative electrochemical cycle,gelatin-based polymer family,device_mechanism,material_entity,0.1453370302915573,13,20,13,20,9,4,4,9,0.4444444444444444,2,4,6,-1.3333333333333333,1.3333333333333333,8,2,5,0.1785714285714285,1.5061676550791976,260,2,1,0,0,1,0,2022,2023-2026,0,0.4602685488722816,0.1044439034400831,0.7083482944344704,0.7951526032315979,0.8045556552962299,0,244
C10D3798CF7,CF203EF8121,selective solvation,Eastman entropy of transfer,solvation_entropy,solvation_entropy,0.6834225654602051,13,6,6,13,6,2,2,6,0.3333333333333333,2,0,2,0.3333333333333333,-0.6666666666666666,22,5,5,0.3571428571428571,1.4261502024554782,78,2,1,1,0,0,1,2022,2023-2026,0,0.3612589234904446,0.0252693996695403,0.2661579892280071,0.7949281867145421,0.4761894075403949,0,1290
C275FB7C4B0,C5E63317596,iodide/triiodide redox chemistry,hierarchical porous electrode interface,redox_chemistry,electrode_interface,0.3390066921710968,24,11,11,24,8,2,2,8,0.25,2,2,4,0.0,0.6666666666666666,7,1,4,0.1290322580645161,1.1860129605545553,264,2,1,0,0,0,1,2022,2023-2026,0,0.3828589290900032,0.1589750233227254,0.7967684021543986,0.7948204667863553,0.8676952423698384,0,134
C78B8F896F7,C9642D16DCA,polyacrylamide (PAM),graphene oxide,material_entity,material_entity,0.2670165598392486,10,10,10,10,2,4,2,4,0.5,2,1,3,0.6666666666666666,0.0,0,10,5,0.3333333333333333,1.6558565117563118,100,2,1,1,1,0,0,2022,2023-2026,0,0.2195795939817803,0.03478584979041,0.2787253141831238,0.7946903052064633,0.4840439856373428,0,1268
C10C4FF4B6C,C6181968680,hydrogen bonding,graphene,solvation_entropy,material_entity,0.1576987206935882,19,16,16,19,5,6,5,6,0.8333333333333334,5,2,7,1.6666666666666667,0.0,1,10,5,0.1666666666666666,1.3905467350506098,304,2,1,0,0,1,0,2022,2023-2026,0,0.4504387419331081,0.0314876897202824,0.346588868940754,0.7943850987432675,0.5267728904847396,0,1116
C188B56F6F1,C3DA2C4151E,ion-selectivity membrane transport,aqueous electrolyte,transport_mechanism,material_system,0.2341365069150924,14,17,14,17,9,5,5,9,0.5555555555555556,3,0,3,0.0,-0.6666666666666666,28,24,5,0.1923076923076923,1.3925483391972304,238,2,1,0,0,1,0,2022,2023-2026,0,0.5098236519152327,0.0616590141552222,0.541472172351885,0.794367145421903,0.6729241472172351,0,635
C5E47CC0A62,CBA7A0F0CA3,Hofmeister/chaotropic effect,thermogalvanic redox conversion,gel_microstructure,device_mechanism,0.1143084987998008,10,58,10,58,2,41,2,41,0.048780487804878,1,19,20,0.0,2.3333333333333335,4,28,6,0.0967741935483871,1.8143518040308957,580,2,1,0,0,0,1,2022,2023-2026,1,0.8573609472203244,0.2278813688022739,0.9523339317773788,0.7940709156193895,0.9503590664272892,1,40
CA8C62A4868,CE4B0E242E7,redox reaction entropy,interfacial charge transfer,solvation_entropy,electrode_interface,0.1242847070097923,27,16,16,27,11,6,6,11,0.5454545454545454,3,1,4,-0.3333333333333333,-0.3333333333333333,22,31,6,0.1621621621621621,1.9791158389211552,432,2,1,0,0,0,1,2022,2023-2026,0,0.4388304047694516,0.1167090131424649,0.7412926391382406,0.7937298025134649,0.8262118491921004,0,204
C872881EC3C,CC5968B917E,gel-confined redox transport,convection and mass transport,gel_microstructure,transport_mechanism,0.273272693157196,21,15,15,21,7,11,7,11,0.6363636363636364,7,2,9,2.3333333333333335,0.0,2,28,4,0.125,1.0500866838238925,315,2,1,0,0,0,1,2022,2023-2026,0,0.6910182956170952,0.1039139155891414,0.7563734290843805,0.7933707360861759,0.8362657091561938,0,183
C275FB7C4B0,C7B823B5BB0,iodide/triiodide redox chemistry,poly(vinyl alcohol) (PVA),redox_chemistry,material_entity,0.1200400218367576,24,13,13,24,8,2,2,8,0.25,2,2,4,0.0,0.6666666666666666,7,0,6,0.1935483870967742,1.757217274303111,312,2,1,0,0,1,0,2022,2023-2026,1,0.3118993813437217,0.1490600626310548,0.7540394973070018,0.7929488330341112,0.8352333931777378,0,185
C3002C089A5,CF2C5201A37,ionic thermodiffusion (Soret effect),porous-electrode area enhancement,transport_mechanism,electrode_interface,0.1438446789979934,23,18,18,23,15,5,5,15,0.3333333333333333,7,2,9,2.0,0.3333333333333333,27,24,5,0.1388888888888889,1.4107754087844258,414,2,1,0,0,0,1,2022,2023-2026,0,0.8402613568416017,0.2302218994023013,0.9519748653500896,0.7918491921005385,0.9491472172351884,1,43
C5B8C057FAD,C9642D16DCA,metal oxide,graphene oxide,material_system,material_entity,0.4931585788726806,9,10,9,10,2,4,2,4,0.5,1,1,2,0.0,0.0,4,10,5,0.3571428571428571,1.3838948845192265,90,2,1,0,1,0,0,2022,2023-2026,0,0.1621113809723952,0.0402836307617094,0.2893177737881508,0.7916965888689407,0.4903725314183124,0,1254
CCAABE058E7,CFBB5A400A1,ferri/ferrocyanide redox chemistry,cation-anion thermodiffusion asymmetry,redox_chemistry,transport_mechanism,0.1648884415626526,57,10,10,57,37,3,3,37,0.081081081081081,12,3,15,0.3333333333333333,1.0,31,1,5,0.0806451612903225,1.6463267619070616,570,2,1,0,0,0,1,2022,2023-2026,1,0.8403244054450668,0.1216149717692058,0.8210053859964093,0.7916651705565529,0.8823159784560143,0,116
C10C4FF4B6C,C3DA2C4151E,hydrogen bonding,aqueous electrolyte,solvation_entropy,material_system,0.2727317214012146,19,17,17,19,5,5,5,5,1.0,5,0,5,1.6666666666666667,-0.6666666666666666,1,24,4,0.125,1.1330302526450378,323,2,1,0,0,1,0,2022,2023-2026,0,0.4586589093408244,0.0881394207438748,0.6483842010771993,0.7912612208258527,0.7596274685816876,0,360
C4CEC954E12,CD0FD071A10,platinum electrode,carbon cloth,material_entity,material_entity,0.6211690902709961,16,10,10,16,6,2,2,6,0.3333333333333333,0,1,1,-0.3333333333333333,0.0,31,4,5,0.238095238095238,1.3838948845192265,160,2,1,1,1,0,0,2022,2023-2026,0,0.1633317147014575,0.0645279070417199,0.4318671454219031,0.7912028725314184,0.5931777378815081,0,905
CBA7A0F0CA3,CD486BA800F,thermogalvanic redox conversion,host-guest complexation,device_mechanism,solvation_entropy,0.256181925535202,58,8,8,58,41,2,2,41,0.048780487804878,19,0,19,2.3333333333333335,-0.3333333333333333,28,6,4,0.064516129032258,1.3048353805464992,464,2,1,0,0,0,1,2022,2023-2026,0,0.9569848722056956,0.1291164462571975,0.8385098743267505,0.7906238779174148,0.8900134649910233,0,105
C2106B674B9,C7096F6ECC5,iodide/triiodide,imidazolium ionic-liquid phase transition electrolyte,material_entity,material_system,0.1668726950883865,20,13,13,20,7,5,5,7,0.7142857142857143,2,2,4,0.0,0.6666666666666666,7,8,5,0.1785714285714285,1.5588315627184732,260,2,1,0,1,0,0,2022,2023-2026,0,0.1988307658427436,0.029384435332081,0.2353680430879712,0.7895556552962296,0.4528276481149013,0,1347
C10D3798CF7,C3F66DD37CA,selective solvation,H2O,solvation_entropy,material_entity,0.2447430044412613,13,9,9,13,6,2,2,6,0.3333333333333333,2,1,3,0.3333333333333333,0.3333333333333333,22,24,5,0.2941176470588235,1.5109387284886164,117,2,1,0,0,1,0,2022,2023-2026,0,0.5752745785806036,0.0562774276329253,0.5312387791741473,0.7894389587073609,0.6644748653500898,0,660
C872881EC3C,C97F8E13D1A,gel-confined redox transport,thermally regenerative electrochemical cycle,gel_microstructure,device_mechanism,0.266244113445282,21,13,13,21,7,9,7,9,0.7777777777777778,7,2,9,2.3333333333333335,-1.3333333333333333,2,8,4,0.1333333333333333,1.0465720829360368,273,2,1,0,0,0,1,2022,2023-2026,0,0.4425690658206301,0.0922746672133671,0.6565529622980251,0.7889272890484739,0.7629937163375224,0,349
C275FB7C4B0,C2A8A04727D,iodide/triiodide redox chemistry,guanidinium chloride (GdmCl),redox_chemistry,material_entity,0.2221541404724121,24,8,8,24,8,2,2,8,0.25,2,1,3,0.0,0.0,7,4,5,0.1851851851851851,1.5155391664515911,192,2,1,0,0,1,0,2022,2023-2026,0,0.2931901844282175,0.1687768549287713,0.779084380610413,0.7889272890484739,0.8535794434470376,0,151
CA6C42A1D77,CE6FC512ED2,ferri/ferrocyanide family,dynamic crosslinked gel network,material_entity,gel_microstructure,0.1585184335708618,55,8,8,55,34,2,2,34,0.0588235294117647,11,2,13,0.3333333333333333,0.6666666666666666,31,0,5,0.0862068965517241,1.6380400024092685,440,2,1,0,0,1,0,2022,2023-2026,1,0.7947361113566279,0.1577399062180278,0.8798025134649909,0.7888554757630162,0.9105251346499104,1,81
C237A8162E2,CEA29EF1A99,thermogalvanic corrosion,thermal-gradient heat-transfer control,device_mechanism,device_mechanism,0.3558956980705261,11,14,11,14,11,8,8,11,0.7272727272727273,0,4,4,0.0,0.6666666666666666,27,12,4,0.1904761904761904,1.0716177461468088,154,2,1,1,0,0,1,2022,2023-2026,0,0.6029727865826293,0.0832074845764206,0.6640933572710952,0.7878725314183123,0.7674147217235188,0,335
C97F8E13D1A,CD0FD071A10,thermally regenerative electrochemical cycle,carbon cloth,device_mechanism,material_entity,0.2533024549484253,13,10,10,13,9,2,2,9,0.2222222222222222,2,1,3,-1.3333333333333333,0.0,8,4,5,0.2777777777777778,1.3925483391972304,130,2,1,0,0,1,0,2022,2023-2026,0,0.32329814281461,0.0495050486835533,0.4045780969479353,0.7873922800718133,0.5706238779174146,0,984
CB56BB4DDB0,CD3462DB8FF,carbon-electrode redox interface,CuSO4,electrode_interface,material_entity,0.2191283106803894,20,11,11,20,7,4,4,7,0.5714285714285714,2,1,3,0.0,0.0,24,9,5,0.1923076923076923,1.399528206800798,220,2,1,0,0,1,0,2022,2023-2026,0,0.3317629165292931,0.0505770609751386,0.4156193895870736,0.7865574506283662,0.580677737881508,0,952
C10D3798CF7,C275FB7C4B0,selective solvation,iodide/triiodide redox chemistry,solvation_entropy,redox_chemistry,0.1709391176700592,13,24,13,24,6,8,6,8,0.75,2,2,4,0.3333333333333333,0.0,22,7,5,0.15625,1.4858930652778446,312,2,1,0,0,0,1,2022,2023-2026,0,0.453167920698766,0.0693176600532048,0.5643626570915619,0.785920107719928,0.6902154398563735,0,583
C10D3798CF7,CB56BB4DDB0,selective solvation,carbon-electrode redox interface,solvation_entropy,electrode_interface,0.1653172671794891,13,20,13,20,6,7,6,7,0.8571428571428571,2,2,4,0.3333333333333333,0.0,22,24,5,0.1785714285714285,1.4756932507779603,260,2,1,0,0,0,1,2022,2023-2026,0,0.5673538506346172,0.0383194755148017,0.4180430879712746,0.7857854578096947,0.5824057450628366,0,946
C45C8AAD12E,C9B6878E079,charge-transfer resistance engineering,photothermal-thermoelectric coupling,electrode_interface,device_mechanism,0.2679034471511841,21,13,13,21,8,5,5,8,0.625,1,3,4,-0.6666666666666666,0.3333333333333333,31,4,4,0.1333333333333333,1.2733710673033878,273,2,1,0,0,0,1,2022,2023-2026,0,0.3594179053262263,0.0685057394556049,0.5260323159784561,0.7856642728904847,0.6560592459605028,0,685
C97F8E13D1A,CA8C62A4868,thermally regenerative electrochemical cycle,redox reaction entropy,device_mechanism,solvation_entropy,0.2700503468513489,13,27,13,27,9,11,9,11,0.8181818181818182,2,3,5,-1.3333333333333333,-0.3333333333333333,8,22,4,0.1111111111111111,1.122082189083709,351,2,1,0,0,0,1,2022,2023-2026,1,0.360286471752082,0.1377065481779747,0.7563734290843807,0.7851211849192099,0.8337185816876123,0,189
C25D09DDC57,C7932B1CE8C,Fe2+/Fe3+ solvation redox chemistry,chaotropic polymer-water disruption,redox_chemistry,gel_microstructure,0.1193743050098419,26,18,18,26,19,5,5,19,0.2631578947368421,8,4,12,0.3333333333333333,1.0,27,4,5,0.1282051282051282,1.4614889913980889,468,2,1,0,0,0,1,2022,2023-2026,1,0.7612738518805712,0.1784033406212455,0.9062836624775584,0.7844254937163375,0.9244389587073608,1,70
C3DA2C4151E,CE2D00B183C,aqueous electrolyte,redox-kinetics enhancement,material_system,electrode_interface,0.3296986222267151,17,8,8,17,5,2,2,5,0.4,0,0,0,-0.6666666666666666,-0.3333333333333333,24,28,6,0.3157894736842105,1.836388448316994,136,2,1,0,0,1,0,2022,2023-2026,0,0.3357645143477601,0.013838914850647,0.1819569120287253,0.7843402154398564,0.4163599640933573,0,1441
C3DA2C4151E,C6181968680,aqueous electrolyte,graphene,material_system,material_entity,0.2706354856491089,17,16,16,17,5,6,5,6,0.8333333333333334,0,2,2,-0.6666666666666666,0.0,24,10,5,0.1785714285714285,1.3838948845192265,272,2,1,0,1,0,0,2022,2023-2026,0,0.1333469173788895,0.017745641381004,0.1320466786355476,0.7842100538599641,0.3841113105924596,0,1522
C7932B1CE8C,C9B6878E079,chaotropic polymer-water disruption,photothermal-thermoelectric coupling,gel_microstructure,device_mechanism,0.2066492140293121,18,13,13,18,5,5,5,5,1.0,4,3,7,1.0,0.3333333333333333,4,4,4,0.1481481481481481,1.3095812636562172,234,2,1,0,0,0,1,2022,2023-2026,0,0.4825163803128586,0.0132489624478062,0.2314183123877917,0.7841921005385996,0.4449281867145421,0,1369
CC028ABF9C6,CD3462DB8FF,anti-freezing organohydrogel design,CuSO4,gel_microstructure,material_entity,0.1004542261362075,21,11,11,21,6,4,4,6,0.6666666666666666,3,1,4,0.6666666666666666,0.0,6,9,6,0.2307692307692307,1.7357045819113288,231,2,1,0,0,1,0,2022,2023-2026,0,0.3302450254305967,0.0105155152397961,0.1561041292639138,0.7839003590664273,0.4001346499102334,0,1486
C78D65254F9,CDAC0413DCA,phase transition,gelatin-based polymer family,phase_or_species_transition,material_entity,0.1290755718946457,17,20,17,20,5,4,4,5,0.8,3,4,7,0.6666666666666666,1.3333333333333333,6,2,5,0.15625,1.40007648489986,340,2,1,0,0,1,0,2022,2023-2026,1,0.471683577598987,0.0308651412977614,0.3475763016157989,0.7833438061041292,0.5230924596050269,0,1129
C275FB7C4B0,C5E47CC0A62,iodide/triiodide redox chemistry,Hofmeister/chaotropic effect,redox_chemistry,gel_microstructure,0.2020197659730911,24,10,10,24,8,2,2,8,0.25,2,1,3,0.0,0.0,7,4,5,0.1724137931034483,1.4858930652778446,240,2,1,0,0,0,1,2022,2023-2026,0,0.3344472563612829,0.1598362237979684,0.7808797127468581,0.7828411131059246,0.8534784560143627,0,152
C188B56F6F1,C2106B674B9,ion-selectivity membrane transport,iodide/triiodide,transport_mechanism,material_entity,0.1410040855407714,14,20,14,20,9,7,7,9,0.7777777777777778,3,2,5,0.0,0.0,28,7,5,0.1724137931034483,1.415841456004892,280,2,1,0,0,1,0,2022,2023-2026,0,0.4414039038377098,0.0277184552633717,0.3131059245960502,0.782657091561939,0.5017728904847397,0,1205
CA8C62A4868,CE2D00B183C,redox reaction entropy,redox-kinetics enhancement,solvation_entropy,electrode_interface,0.4503255188465118,27,8,8,27,11,2,2,11,0.1818181818181818,3,0,3,-0.3333333333333333,-0.3333333333333333,22,28,4,0.1290322580645161,1.1038327676159985,216,2,1,0,0,0,1,2022,2023-2026,1,0.504939227732502,0.1952298580250581,0.8797127468581688,0.7826122082585278,0.9077199281867144,1,83
C0783369D77,C275FB7C4B0,PEDOT family,iodide/triiodide redox chemistry,material_entity,redox_chemistry,0.186365932226181,11,24,11,24,2,8,2,8,0.25,0,2,2,-0.6666666666666666,0.0,5,7,6,0.2068965517241379,1.7660997070643836,264,2,1,0,0,1,0,2022,2023-2026,0,0.2651939609427838,0.129157958515545,0.7039497307001795,0.7822980251346499,0.7955341113105925,0,262
C41BE9B5F0E,C7932B1CE8C,solvation-shell remodeling,chaotropic polymer-water disruption,solvation_entropy,gel_microstructure,0.2675207555294037,7,18,7,18,2,5,2,5,0.4,1,4,5,0.0,1.0,5,4,4,0.1904761904761904,1.1901647823728223,126,2,1,0,0,0,1,2022,2023-2026,1,0.5281429279257936,0.1697757152690308,0.863375224416517,0.7817549371633752,0.8985076301615799,1,96
C7B823B5BB0,CD0FD071A10,poly(vinyl alcohol) (PVA),carbon cloth,material_entity,material_entity,0.4515614807605743,13,10,10,13,2,2,2,2,1.0,2,1,3,0.6666666666666666,0.0,0,4,4,0.2105263157894736,1.0716177461468088,130,2,1,1,1,0,0,2022,2023-2026,1,0.1592735140601592,0.0279901895709953,0.2105026929982046,0.7815350089766606,0.430834829443447,0,1412
CD3462DB8FF,CF2C5201A37,CuSO4,porous-electrode area enhancement,material_entity,electrode_interface,0.1053584367036819,11,18,11,18,4,5,4,5,0.8,1,2,3,0.0,0.3333333333333333,9,24,7,0.3181818181818182,2.08866070577609,198,2,1,0,0,1,0,2022,2023-2026,0,0.4658531637485642,0.0270712158075945,0.3163375224416517,0.7806732495511669,0.5030296229802513,0,1197
CD0FD071A10,CEA29EF1A99,carbon cloth,thermal-gradient heat-transfer control,material_entity,device_mechanism,0.1047938391566276,10,14,10,14,2,8,2,8,0.25,1,4,5,0.0,0.6666666666666666,4,12,6,0.3333333333333333,1.6994760156273654,140,2,1,0,0,1,0,2022,2023-2026,0,0.4145905592076334,0.0785054072956832,0.5889587073608618,0.780637342908438,0.7041741472172351,0,552
C78B8F896F7,CCAABE058E7,polyacrylamide (PAM),ferri/ferrocyanide redox chemistry,material_entity,redox_chemistry,0.0363012701272964,10,57,10,57,2,37,2,37,0.054054054054054,2,12,14,0.6666666666666666,0.3333333333333333,0,31,6,0.0983606557377049,1.9747855006601127,570,2,1,0,0,1,0,2022,2023-2026,1,0.7159445478909542,0.0864070877996601,0.6937163375224416,0.780273788150808,0.7871633752244165,0,284
CA6C42A1D77,CFBB5A400A1,ferri/ferrocyanide family,cation-anion thermodiffusion asymmetry,material_entity,transport_mechanism,0.1301490813493728,55,10,10,55,34,3,3,34,0.088235294117647,11,3,14,0.3333333333333333,1.0,31,1,5,0.0833333333333333,1.6463267619070616,550,2,1,0,0,1,0,2022,2023-2026,1,0.7636321811172564,0.1251917336205473,0.8247755834829444,0.7792504488330341,0.8797800718132855,0,120
C97F8E13D1A,CC028ABF9C6,thermally regenerative electrochemical cycle,anti-freezing organohydrogel design,device_mechanism,gel_microstructure,0.2776102423667907,13,21,13,21,9,6,6,9,0.6666666666666666,2,3,5,-1.3333333333333333,0.6666666666666666,8,6,4,0.1333333333333333,1.0465720829360368,273,2,1,0,0,0,1,2022,2023-2026,0,0.413223207649088,0.0739642304550405,0.5696588868940754,0.7791965888689406,0.6914497307001796,0,580
C4CEC954E12,C5E63317596,platinum electrode,hierarchical porous electrode interface,material_entity,electrode_interface,0.5120676755905151,16,11,11,16,6,2,2,6,0.3333333333333333,0,2,2,-0.3333333333333333,0.6666666666666666,31,1,4,0.1739130434782608,1.1860129605545553,176,2,1,0,0,1,0,2022,2023-2026,0,0.3842908969413847,0.045842745515887,0.40754039497307,0.779133752244165,0.5719703770197486,0,982
C10D3798CF7,C2A8A04727D,selective solvation,guanidinium chloride (GdmCl),solvation_entropy,material_entity,0.2235808670520782,13,8,8,13,6,2,2,6,0.3333333333333333,2,1,3,0.3333333333333333,0.0,22,4,5,0.3125,1.5805642752859876,104,2,1,0,0,1,0,2022,2023-2026,0,0.4131035940167262,0.0232891375420813,0.2736086175942549,0.7791247755834829,0.4733505385996409,0,1297
C237A8162E2,CE4B0E242E7,thermogalvanic corrosion,interfacial charge transfer,device_mechanism,electrode_interface,0.3174945712089538,11,16,11,16,11,6,6,11,0.5454545454545454,0,1,1,0.0,-0.3333333333333333,27,31,5,0.2272727272727272,1.50067094099868,176,2,1,0,0,0,1,2022,2023-2026,0,0.65196522550944,0.0398615204085503,0.4438061041292638,0.779084380610413,0.5944120287253142,0,898
C3F66DD37CA,C95D66F92B2,H2O,carbon nanotube family,material_entity,material_entity,0.3749123215675354,9,27,9,27,2,11,2,11,0.1818181818181818,1,2,3,0.3333333333333333,-0.6666666666666666,24,12,4,0.125,1.1537979390853654,243,2,1,1,1,0,0,2022,2023-2026,0,0.2256946430329143,0.1416558754664475,0.7110412926391383,0.7790574506283663,0.7996409335727109,0,255
C4CEC954E12,C9642D16DCA,platinum electrode,graphene oxide,material_entity,material_entity,0.3889716863632202,16,10,10,16,6,4,4,6,0.6666666666666666,0,1,1,-0.3333333333333333,0.0,31,10,5,0.238095238095238,1.3838948845192265,160,2,1,1,1,0,0,2022,2023-2026,0,0.1603974587177504,0.0310366970617744,0.2333034111310592,0.7786535008976662,0.4441427289048473,0,1373
C3DA2C4151E,CC028ABF9C6,aqueous electrolyte,anti-freezing organohydrogel design,material_system,gel_microstructure,0.183877557516098,17,21,17,21,5,6,5,6,0.8333333333333334,0,3,3,-0.6666666666666666,0.6666666666666666,24,6,5,0.1515151515151515,1.511953434334989,357,2,1,0,0,1,0,2022,2023-2026,0,0.2906811064001688,0.0243320965671296,0.2364452423698384,0.7782091561938959,0.4498204667863554,0,1361
C46747A02A1,CB56BB4DDB0,ion-pairing and complexation,carbon-electrode redox interface,solvation_entropy,electrode_interface,0.2309199273586273,15,20,15,20,4,7,4,7,0.5714285714285714,3,2,5,1.0,0.0,6,24,4,0.1290322580645161,1.1453466427187222,300,2,1,0,0,0,1,2022,2023-2026,1,0.5664693262192042,0.0909158600861707,0.6869838420107719,0.7780924596050268,0.7831238779174148,0,298
C188B56F6F1,CB56BB4DDB0,ion-selectivity membrane transport,carbon-electrode redox interface,transport_mechanism,electrode_interface,0.2355323135852813,14,20,14,20,9,7,7,9,0.7777777777777778,3,2,5,0.0,0.0,28,24,4,0.1333333333333333,1.0891352636549514,280,2,1,0,0,0,1,2022,2023-2026,0,0.6041465631358272,0.0820015106243084,0.6585278276481149,0.7766382405745063,0.7590439856373429,0,364
C3002C089A5,CE4B0E242E7,ionic thermodiffusion (Soret effect),interfacial charge transfer,transport_mechanism,electrode_interface,0.1989295780658722,23,16,16,23,15,6,6,15,0.4,7,1,8,2.0,-0.3333333333333333,27,31,4,0.1142857142857142,1.2205599075258773,368,2,1,0,0,0,1,2022,2023-2026,1,0.8240770918236651,0.2069285401091888,0.9366247755834828,0.7764272890484739,0.9365574506283664,1,58
C4CEC954E12,C78D65254F9,platinum electrode,phase transition,material_entity,phase_or_species_transition,0.1934755742549896,16,17,16,17,6,5,5,6,0.8333333333333334,0,3,3,-0.3333333333333333,0.6666666666666666,31,6,5,0.1785714285714285,1.3916251885332165,272,2,1,0,0,1,0,2022,2023-2026,0,0.3689997884584208,0.0241883987392197,0.2640035906642728,0.7763240574506283,0.4658213644524237,0,1311
C275FB7C4B0,CD0FD071A10,iodide/triiodide redox chemistry,carbon cloth,redox_chemistry,material_entity,0.1999079585075378,24,10,10,24,8,2,2,8,0.25,2,1,3,0.0,0.0,7,4,5,0.1724137931034483,1.4054259468421428,240,2,1,0,0,1,0,2022,2023-2026,0,0.274725174775995,0.1602082649245599,0.7595152603231599,0.7762701974865351,0.832383303411131,0,192
C0783369D77,CD3462DB8FF,PEDOT family,CuSO4,material_entity,material_entity,0.3777295351028442,11,11,11,11,2,4,2,4,0.5,0,1,1,-0.6666666666666666,0.0,5,9,5,0.2941176470588235,1.42457387001157,121,2,1,1,1,0,0,2022,2023-2026,0,0.1236085564370969,0.0351938588053797,0.2483842010771993,0.7758797127468582,0.4567549371633752,0,1337
C237A8162E2,C46747A02A1,thermogalvanic corrosion,ion-pairing and complexation,device_mechanism,solvation_entropy,0.1970620453357696,11,15,11,15,11,4,4,11,0.3636363636363636,0,3,3,0.0,1.0,27,6,5,0.238095238095238,1.4487597182610013,165,2,1,0,0,0,1,2022,2023-2026,0,0.6646711736898332,0.0774286489008135,0.6468581687612208,0.7757854578096948,0.7521319569120287,0,388
C10D3798CF7,C2106B674B9,selective solvation,iodide/triiodide,solvation_entropy,material_entity,0.1382001936435699,13,20,13,20,6,7,6,7,0.8571428571428571,2,2,4,0.3333333333333333,0.0,22,7,5,0.1785714285714285,1.4858930652778446,260,2,1,0,0,1,0,2022,2023-2026,0,0.4018883715723961,0.008125343199722,0.1710951526032315,0.7757136445242369,0.4050942549371633,0,1465
C25D09DDC57,C78D65254F9,Fe2+/Fe3+ solvation redox chemistry,phase transition,redox_chemistry,phase_or_species_transition,0.0883172377943992,26,17,17,26,19,5,5,19,0.2631578947368421,8,3,11,0.3333333333333333,0.6666666666666666,27,6,5,0.131578947368421,1.45054092783676,442,2,1,0,0,0,1,2022,2023-2026,1,0.742792850045405,0.2003719515673181,0.9259425493716338,0.7754488330341112,0.9297800718132854,1,62
C78B8F896F7,CD0FD071A10,polyacrylamide (PAM),carbon cloth,material_entity,material_entity,0.3656398355960846,10,10,10,10,2,2,2,2,1.0,2,1,3,0.6666666666666666,0.0,0,4,4,0.25,1.2388241203320656,100,2,1,1,1,0,0,2022,2023-2026,0,0.1905266933132745,0.0171009294640454,0.1489228007181328,0.7753141831238779,0.3907764811490125,0,1507
C237A8162E2,C25D09DDC57,thermogalvanic corrosion,Fe2+/Fe3+ solvation redox chemistry,device_mechanism,redox_chemistry,0.2141653299331665,11,26,11,26,11,19,11,19,0.5789473684210527,0,8,8,0.0,0.3333333333333333,27,27,4,0.1212121212121212,1.1038327676159985,286,2,1,0,0,0,1,2022,2023-2026,0,0.6632174611491075,0.2579427112480998,0.9570017953321364,0.7749730700179533,0.9452199281867146,1,49
CD3462DB8FF,CEA29EF1A99,CuSO4,thermal-gradient heat-transfer control,material_entity,device_mechanism,0.0315775647759437,11,14,11,14,4,8,4,8,0.5,1,4,5,0.0,0.6666666666666666,9,12,6,0.3157894736842105,1.768797579869653,154,2,1,0,0,1,0,2022,2023-2026,0,0.4377195585344109,0.0356061891810133,0.3654398563734291,0.7749281867145421,0.5322486535008977,0,1108
C2106B674B9,C5B8C057FAD,iodide/triiodide,metal oxide,material_entity,material_system,0.3677018880844116,20,9,9,20,7,2,2,7,0.2857142857142857,2,1,3,0.0,0.0,7,4,4,0.16,1.0769672080890915,180,2,1,0,1,0,0,2022,2023-2026,0,0.1596210715483031,0.0797677325690435,0.4961400359066427,0.7744793536804309,0.6255947037701974,0,779
C5B8C057FAD,CD0FD071A10,metal oxide,carbon cloth,material_system,material_entity,0.3457260727882385,9,10,9,10,2,2,2,2,1.0,1,1,2,0.0,0.0,4,4,5,0.3571428571428571,1.3838948845192265,90,2,1,0,1,0,0,2022,2023-2026,1,0.1364690113582551,0.0352410238364408,0.2527827648114901,0.7744614003590664,0.458415619389587,0,1331
C2106B674B9,C45C8AAD12E,iodide/triiodide,charge-transfer resistance engineering,material_entity,electrode_interface,0.194812536239624,20,21,20,21,7,8,7,8,0.875,2,1,3,0.0,-0.6666666666666666,7,31,5,0.1388888888888889,1.4184907480601234,420,2,1,0,0,1,0,2022,2023-2026,0,0.3106363099105563,0.0510888796048178,0.4107719928186715,0.7742504488330342,0.5694120287253142,0,992
C3F66DD37CA,C78D65254F9,H2O,phase transition,material_entity,phase_or_species_transition,0.2608660757541656,9,17,9,17,2,5,2,5,0.4,1,3,4,0.3333333333333333,0.6666666666666666,24,6,4,0.1818181818181818,1.1537979390853654,153,2,1,0,0,1,0,2022,2023-2026,0,0.4799924799358646,0.2060397177296891,0.8833034111310594,0.7733034111310592,0.9044658886894076,1,89
C9B6878E079,CB56BB4DDB0,photothermal-thermoelectric coupling,carbon-electrode redox interface,device_mechanism,electrode_interface,0.1917466819286346,13,20,13,20,5,7,5,7,0.7142857142857143,3,2,5,0.3333333333333333,0.0,4,24,4,0.1379310344827586,1.3946824799214723,260,2,1,0,0,0,1,2022,2023-2026,0,0.5741259270905259,0.0504573039204937,0.4964991023339317,0.7729488330341112,0.6256956912028726,0,776
C2A8A04727D,CBA7A0F0CA3,guanidinium chloride (GdmCl),thermogalvanic redox conversion,material_entity,device_mechanism,0.1228984743356704,8,58,8,58,2,41,2,41,0.048780487804878,1,19,20,0.0,2.3333333333333335,4,28,5,0.081967213114754,1.5251929750726871,464,2,1,0,0,1,0,2022,2023-2026,1,0.8779521008853849,0.2486838001126932,0.9640035906642728,0.7723384201077199,0.9482046678635548,1,45
C275FB7C4B0,C5B8C057FAD,iodide/triiodide redox chemistry,metal oxide,redox_chemistry,material_system,0.3607767820358276,24,9,9,24,8,2,2,8,0.25,2,1,3,0.0,0.0,7,4,4,0.1379310344827586,1.0769672080890915,216,2,1,0,0,1,0,2022,2023-2026,0,0.2768300286187992,0.166573736540901,0.7683123877917415,0.7722172351885098,0.8357271095152603,0,184
C2A8A04727D,CC028ABF9C6,guanidinium chloride (GdmCl),anti-freezing organohydrogel design,material_entity,gel_microstructure,0.2484079152345657,8,21,8,21,2,6,2,6,0.3333333333333333,1,3,4,0.0,0.6666666666666666,4,6,4,0.16,1.2771511997437086,168,2,1,0,0,1,0,2022,2023-2026,0,0.4484999576590301,0.1835169678787033,0.8529622980251347,0.772145421903052,0.8892504488330341,0,106
CC028ABF9C6,CD0FD071A10,anti-freezing organohydrogel design,carbon cloth,gel_microstructure,material_entity,0.1624479591846466,21,10,10,21,6,2,2,6,0.3333333333333333,3,1,4,0.6666666666666666,0.0,6,4,5,0.1923076923076923,1.375030821689088,210,2,1,0,0,1,0,2022,2023-2026,0,0.3299025711995886,0.0206991269262228,0.2199281867145421,0.7721319569120286,0.4310592459605026,0,1411
C6181968680,C7932B1CE8C,graphene,chaotropic polymer-water disruption,material_entity,gel_microstructure,0.1059189066290855,16,18,16,18,6,5,5,6,0.8333333333333334,2,4,6,0.0,1.0,10,4,5,0.1724137931034483,1.3905467350506098,288,2,1,0,0,1,0,2022,2023-2026,0,0.4145019707843415,0.0145125338129294,0.2189407540394973,0.7720736086175943,0.430318671454219,0,1413
C0783369D77,CD0FD071A10,PEDOT family,carbon cloth,material_entity,material_entity,0.4124529659748077,11,10,10,11,2,2,2,2,1.0,0,1,1,-0.6666666666666666,0.0,5,4,5,0.3125,1.3838948845192265,110,2,1,1,1,0,0,2022,2023-2026,0,0.09995475677852,0.023581325729859,0.16508078994614,0.7717594254937163,0.3983617594254937,0,1492
C25D09DDC57,C5E63317596,Fe2+/Fe3+ solvation redox chemistry,hierarchical porous electrode interface,redox_chemistry,electrode_interface,0.1893743425607681,26,11,11,26,19,2,2,19,0.1052631578947368,8,2,10,0.3333333333333333,0.6666666666666666,27,1,4,0.1212121212121212,1.171315456593508,286,2,1,0,0,0,1,2022,2023-2026,0,0.780304170935506,0.2226365900430935,0.946229802513465,0.7715798922800718,0.9358842010771992,1,59
C4CEC954E12,C7032A2F7AB,platinum electrode,hexacyanoferrate redox electrode,material_entity,electrode_interface,0.4933708310127258,16,7,7,16,6,4,4,6,0.6666666666666666,0,0,0,-0.3333333333333333,-0.6666666666666666,31,8,5,0.2777777777777778,1.4193560568927477,112,2,1,0,0,1,0,2022,2023-2026,0,0.2298138530966049,0.0335724206286471,0.2771992818671454,0.7715215439856373,0.4712746858168761,0,1300
C6181968680,CD3462DB8FF,graphene,CuSO4,material_entity,material_entity,0.3770372271537781,16,11,11,16,6,4,4,6,0.6666666666666666,2,1,3,0.0,0.0,10,9,4,0.1739130434782608,1.0465720829360368,176,2,1,1,1,0,0,2022,2023-2026,0,0.1741725844176283,0.0303036898653464,0.2323159784560143,0.7711400359066427,0.4393177737881508,0,1388
C78D65254F9,CC5968B917E,phase transition,convection and mass transport,phase_or_species_transition,transport_mechanism,0.2148225903511047,17,15,15,17,5,11,5,11,0.4545454545454545,3,2,5,0.6666666666666666,0.0,6,28,4,0.1428571428571428,1.122082189083709,255,2,1,0,0,0,1,2022,2023-2026,0,0.5577295018291041,0.1003871964984218,0.720556552962298,0.770794434470377,0.8015035906642729,0,251
C7B823B5BB0,C9642D16DCA,poly(vinyl alcohol) (PVA),graphene oxide,material_entity,material_entity,0.3660778999328613,13,10,10,13,2,4,2,4,0.5,2,1,3,0.6666666666666666,0.0,0,10,4,0.2105263157894736,1.0716177461468088,130,2,1,1,1,0,0,2022,2023-2026,0,0.1845069296841759,0.0463046016151186,0.3367145421903052,0.7706552962298024,0.508729802513465,0,1175
C78B8F896F7,CDAC0413DCA,polyacrylamide (PAM),gelatin-based polymer family,material_entity,material_entity,0.5110007524490356,10,20,10,20,2,4,2,4,0.5,2,4,6,0.6666666666666666,1.3333333333333333,0,2,3,0.1111111111111111,0.8936662734713465,200,2,1,1,1,0,0,2022,2023-2026,0,0.3202493885783462,0.0529361548600546,0.4268402154398564,0.7705655296229803,0.5791741472172351,0,960
C188B56F6F1,CDAC0413DCA,ion-selectivity membrane transport,gelatin-based polymer family,transport_mechanism,material_entity,0.0330746658146381,14,20,14,20,9,4,4,9,0.4444444444444444,3,4,7,0.0,1.3333333333333333,28,2,5,0.1724137931034483,1.5061676550791976,280,2,1,0,0,1,0,2022,2023-2026,0,0.61946197198971,0.0850753399631752,0.6772890484739676,0.7700134649910233,0.7692324955116696,0,332
CB56BB4DDB0,CC028ABF9C6,carbon-electrode redox interface,anti-freezing organohydrogel design,electrode_interface,gel_microstructure,0.1343670934438705,20,21,20,21,7,6,6,7,0.8571428571428571,2,3,5,0.0,0.6666666666666666,24,6,5,0.1388888888888889,1.375030821689088,420,2,1,0,0,0,1,2022,2023-2026,0,0.4007187205605665,0.0433295299175934,0.4002692998204668,0.7697037701974865,0.5563958707360861,0,1041
C7932B1CE8C,C95D66F92B2,chaotropic polymer-water disruption,carbon nanotube family,gel_microstructure,material_entity,0.1228974312543869,18,27,18,27,5,11,5,11,0.4545454545454545,4,2,6,1.0,-0.6666666666666666,4,12,5,0.125,1.40007648489986,486,2,1,0,0,1,0,2022,2023-2026,0,0.2970141595454562,0.1575138813881204,0.7624775583482944,0.769649910233393,0.8296005385996409,0,198
C2106B674B9,CD3462DB8FF,iodide/triiodide,CuSO4,material_entity,material_entity,0.3692162334918976,20,11,11,20,7,4,4,7,0.5714285714285714,2,1,3,0.0,0.0,7,9,4,0.1481481481481481,1.0465720829360368,220,2,1,1,1,0,0,2022,2023-2026,0,0.1506822730974673,0.0604423149779125,0.407181328545781,0.7693895870736085,0.5651256732495511,0,1007
C0783369D77,CF2C5201A37,PEDOT family,porous-electrode area enhancement,material_entity,electrode_interface,0.1320798993110656,11,18,11,18,2,5,2,5,0.4,0,2,2,-0.6666666666666666,0.3333333333333333,5,24,7,0.3181818181818182,2.065309747137039,198,2,1,0,0,1,0,2022,2023-2026,0,0.3726471627830681,0.0289910673178672,0.2961400359066427,0.7693850987432673,0.4838644524236983,0,1269
C3F66DD37CA,C5E47CC0A62,H2O,Hofmeister/chaotropic effect,material_entity,gel_microstructure,0.2686477899551391,9,10,9,10,2,2,2,2,1.0,1,1,2,0.3333333333333333,0.0,24,4,5,0.3571428571428571,1.5109387284886164,90,2,1,0,0,1,0,2022,2023-2026,1,0.338719147697789,0.0545981737724572,0.4442549371633753,0.7687522441651706,0.5890260323159784,0,922
C4CEC954E12,CEA29EF1A99,platinum electrode,thermal-gradient heat-transfer control,material_entity,device_mechanism,0.1275502145290374,16,14,14,16,6,8,6,8,0.75,0,4,4,-0.3333333333333333,0.6666666666666666,31,12,5,0.2,1.4193560568927477,224,2,1,0,0,1,0,2022,2023-2026,0,0.3982619482578021,0.0429016687548531,0.3977558348294434,0.7687387791741472,0.5532764811490126,0,1052
C275FB7C4B0,C9642D16DCA,iodide/triiodide redox chemistry,graphene oxide,redox_chemistry,material_entity,0.1810589730739593,24,10,10,24,8,4,4,8,0.5,2,1,3,0.0,0.0,7,10,5,0.1724137931034483,1.4054259468421428,240,2,1,0,0,1,0,2022,2023-2026,0,0.2758657595430473,0.1276197798157979,0.7055655296229802,0.7679757630161581,0.788846499102334,0,282
C5B8C057FAD,CDAC0413DCA,metal oxide,gelatin-based polymer family,material_system,material_entity,0.2178502976894378,9,20,9,20,2,4,2,4,0.5,1,4,5,0.0,1.3333333333333333,4,2,4,0.16,1.1330302526450378,180,2,1,0,1,0,0,2022,2023-2026,1,0.2698375168585038,0.0817610976740635,0.5471274685816876,0.7676166965888688,0.6646992818671453,0,659
CD0FD071A10,CE4B0E242E7,carbon cloth,interfacial charge transfer,material_entity,electrode_interface,0.4230985939502716,10,16,10,16,2,6,2,6,0.3333333333333333,1,1,2,0.0,-0.3333333333333333,4,31,4,0.1818181818181818,1.146269793382736,160,2,1,0,0,1,0,2022,2023-2026,1,0.4413909316933271,0.0897746323121663,0.6458707360861758,0.7674192100538599,0.7465215439856374,0,403
C84C6A613D4,CB56BB4DDB0,cellulose nanofiber scaffold,carbon-electrode redox interface,gel_microstructure,electrode_interface,0.220560222864151,10,20,10,20,3,7,3,7,0.4285714285714285,2,2,4,0.3333333333333333,0.0,4,24,4,0.1538461538461538,1.280337995434789,200,2,1,0,0,0,1,2022,2023-2026,0,0.571775094119261,0.1237992440898393,0.8002692998204668,0.7674057450628365,0.8569344703770196,0,146
C10D3798CF7,CEA29EF1A99,selective solvation,thermal-gradient heat-transfer control,solvation_entropy,device_mechanism,0.0640955865383148,13,14,13,14,6,8,6,8,0.75,2,4,6,0.3333333333333333,0.6666666666666666,22,12,5,0.2272727272727272,1.4852230006272102,182,2,1,0,0,0,1,2022,2023-2026,0,0.5856748626129524,0.0526849384501889,0.5135547576301616,0.7672800718132855,0.6350538599640934,0,743
C78B8F896F7,C7932B1CE8C,polyacrylamide (PAM),chaotropic polymer-water disruption,material_entity,gel_microstructure,0.4437489509582519,10,18,10,18,2,5,2,5,0.4,2,4,6,0.6666666666666666,1.0,0,4,3,0.12,0.8936662734713465,180,2,1,0,0,1,0,2022,2023-2026,0,0.5061671435786679,0.0626266349388304,0.5440754039497306,0.766822262118492,0.6614452423698385,0,676
CDAC0413DCA,CEA29EF1A99,gelatin-based polymer family,thermal-gradient heat-transfer control,material_entity,device_mechanism,0.0138912191614508,20,14,14,20,4,8,4,8,0.5,4,4,8,1.3333333333333333,0.6666666666666666,2,12,5,0.1724137931034483,1.4175940024080025,280,2,1,0,0,1,0,2022,2023-2026,0,0.4772541160285528,0.0457776505900178,0.441113105924596,0.7664766606822262,0.5854353680430879,0,934
C10C4FF4B6C,C4CEC954E12,hydrogen bonding,platinum electrode,solvation_entropy,material_entity,0.1058748736977577,19,16,16,19,5,6,5,6,0.8333333333333334,5,0,5,1.6666666666666667,-0.3333333333333333,1,31,5,0.1666666666666666,1.3916251885332165,304,2,1,0,0,1,0,2022,2023-2026,0,0.5306707938062989,0.0572851837806056,0.5259425493716338,0.7664183123877917,0.6450852782764811,0,713
C22DFAA7132,CA8C62A4868,H2SO4,redox reaction entropy,material_entity,solvation_entropy,0.2846542596817016,5,27,5,27,2,11,2,11,0.1818181818181818,1,3,4,0.3333333333333333,-0.3333333333333333,8,22,4,0.1428571428571428,1.2636050080535532,135,2,1,0,0,1,0,2022,2023-2026,0,0.5758505567821017,0.4163044306740168,0.9659784560143628,0.7661669658886894,0.9454219030520646,1,48
C10C4FF4B6C,C7096F6ECC5,hydrogen bonding,imidazolium ionic-liquid phase transition electrolyte,solvation_entropy,material_system,0.1706269383430481,19,13,13,19,5,5,5,5,1.0,5,2,7,1.6666666666666667,0.6666666666666666,1,8,4,0.1428571428571428,1.2697367604137004,247,2,1,0,0,1,0,2022,2023-2026,0,0.5183193070268745,0.0277280519474544,0.3387791741472172,0.7657450628366248,0.5073608617594254,0,1182
C45C8AAD12E,C5B8C057FAD,charge-transfer resistance engineering,metal oxide,electrode_interface,material_system,0.2158944010734558,21,9,9,21,8,2,2,8,0.25,1,1,2,-0.6666666666666666,0.0,31,4,5,0.2,1.467119075248139,189,2,1,0,0,1,0,2022,2023-2026,1,0.2980168039171694,0.0677901865826496,0.4991921005385996,0.7655475763016157,0.6215664272890484,0,791
C7932B1CE8C,CF203EF8121,chaotropic polymer-water disruption,Eastman entropy of transfer,gel_microstructure,solvation_entropy,0.1914088726043701,18,6,6,18,5,2,2,5,0.4,4,0,4,1.0,-0.6666666666666666,4,5,5,0.2631578947368421,1.3655010718398377,108,2,1,0,0,0,1,2022,2023-2026,0,0.3610725555212184,0.0212104664761062,0.2364452423698383,0.765318671454219,0.441988330341113,0,1379
C46747A02A1,C4CEC954E12,ion-pairing and complexation,platinum electrode,solvation_entropy,material_entity,0.1540876626968383,15,16,15,16,4,6,4,6,0.6666666666666666,3,0,3,1.0,-0.3333333333333333,6,31,5,0.1923076923076923,1.4487597182610013,240,2,1,0,0,1,0,2022,2023-2026,0,0.5165730544146336,0.0201137556081631,0.2846499102333931,0.7652827648114902,0.4736310592459605,0,1296
C6181968680,CEA29EF1A99,graphene,thermal-gradient heat-transfer control,material_entity,device_mechanism,0.0898865386843681,16,14,14,16,6,8,6,8,0.75,2,4,6,0.0,0.6666666666666666,10,12,5,0.2,1.3534997593661715,224,2,1,0,0,1,0,2022,2023-2026,1,0.4142246259588915,0.036663763582329,0.3623877917414722,0.7649102333931777,0.5239452423698384,0,1124
C10C4FF4B6C,C2A8A04727D,hydrogen bonding,guanidinium chloride (GdmCl),solvation_entropy,material_entity,0.1925505101680755,19,8,8,19,5,2,2,5,0.4,5,1,6,1.6666666666666667,0.0,1,4,4,0.1739130434782608,1.2771511997437086,152,2,1,0,0,1,0,2022,2023-2026,0,0.4691749794060932,0.0653802371286075,0.5483842010771993,0.7646813285457811,0.6646992818671454,0,658
C9642D16DCA,CDAC0413DCA,graphene oxide,gelatin-based polymer family,material_entity,material_entity,0.2205312252044677,10,20,10,20,4,4,4,4,1.0,1,4,5,0.0,1.3333333333333333,10,2,4,0.1538461538461538,1.0716177461468088,200,2,1,1,1,0,0,2022,2023-2026,0,0.2598404119401688,0.0578654221638695,0.4324955116696589,0.7644389587073608,0.5802289048473968,0,953
C7932B1CE8C,CE4B0E242E7,chaotropic polymer-water disruption,interfacial charge transfer,gel_microstructure,electrode_interface,0.0619730576872825,18,16,16,18,5,6,5,6,0.8333333333333334,4,1,5,1.0,-0.3333333333333333,4,31,5,0.1724137931034483,1.473805381471773,288,2,1,0,0,0,1,2022,2023-2026,1,0.559182476854521,0.0136365219796425,0.2566427289048473,0.7639407540394972,0.4543312387791741,0,1345
C10C4FF4B6C,C41BE9B5F0E,hydrogen bonding,solvation-shell remodeling,solvation_entropy,solvation_entropy,0.6017767786979675,19,7,7,19,5,2,2,5,0.4,5,1,6,1.6666666666666667,0.0,1,5,3,0.1304347826086956,0.8867517068305433,133,2,1,1,0,0,1,2022,2023-2026,1,0.5254194130209621,0.0979789544672986,0.7035906642728904,0.7632405745062837,0.7844254937163375,0,294
CCAABE058E7,CE6FC512ED2,ferri/ferrocyanide redox chemistry,dynamic crosslinked gel network,redox_chemistry,gel_microstructure,0.0879288837313652,57,8,8,57,37,2,2,37,0.054054054054054,12,2,14,0.3333333333333333,0.6666666666666666,31,0,5,0.0833333333333333,1.6380400024092685,456,2,1,0,0,0,1,2022,2023-2026,1,0.8638548500001165,0.1644657486528341,0.894165170556553,0.763092459605027,0.9054869838420108,1,88
C4B2BA55977,C7B823B5BB0,KNO3,poly(vinyl alcohol) (PVA),material_entity,material_entity,0.3960338830947876,6,13,6,13,2,2,2,2,1.0,1,2,3,0.3333333333333333,0.6666666666666666,21,0,4,0.2666666666666666,1.0769672080890915,78,2,1,1,1,0,0,2022,2023-2026,0,0.224880789107939,0.0555867979855549,0.4052962298025134,0.7628456014362657,0.5588868940754039,0,1031
C188B56F6F1,C95D66F92B2,ion-selectivity membrane transport,carbon nanotube family,transport_mechanism,material_entity,0.0849358886480331,14,27,14,27,9,11,9,11,0.8181818181818182,3,2,5,0.0,-0.6666666666666666,28,12,5,0.1388888888888889,1.4790065089062314,378,2,1,0,0,1,0,2022,2023-2026,0,0.3589624628291376,0.1192496232823913,0.7178635547576302,0.7619210053859963,0.7944569120287253,0,267
C4B2BA55977,C7932B1CE8C,KNO3,chaotropic polymer-water disruption,material_entity,gel_microstructure,0.1484482437372207,6,18,6,18,2,5,2,5,0.4,1,4,5,0.3333333333333333,1.0,21,4,5,0.2631578947368421,1.3958961969928927,108,2,1,0,0,1,0,2022,2023-2026,0,0.5206874152870536,0.0838679551605535,0.6482046678635547,0.7618671454219029,0.7444120287253142,0,409
C7713A07951,CBA7A0F0CA3,urea,thermogalvanic redox conversion,material_entity,device_mechanism,0.0876058340072631,8,58,8,58,2,41,2,41,0.048780487804878,1,19,20,0.0,2.3333333333333335,4,28,5,0.081967213114754,1.5251929750726871,464,2,1,0,0,1,0,2022,2023-2026,0,0.877548981390097,0.2566111641259964,0.9689407540394972,0.7615664272890486,0.9440978456014364,1,51
C3DA2C4151E,CDAC0413DCA,aqueous electrolyte,gelatin-based polymer family,material_system,material_entity,0.2274853587150573,17,20,17,20,5,4,4,5,0.8,0,4,4,-0.6666666666666666,1.3333333333333333,24,2,4,0.1212121212121212,1.0891352636549514,340,2,1,0,1,0,0,2022,2023-2026,0,0.1826330892895733,0.0580078655114033,0.4036804308797128,0.7615350089766606,0.555632854578097,0,1044
C2106B674B9,C5E47CC0A62,iodide/triiodide,Hofmeister/chaotropic effect,material_entity,gel_microstructure,0.1511858105659485,20,10,10,20,7,2,2,7,0.2857142857142857,2,1,3,0.0,0.0,7,4,5,0.2,1.4858930652778446,200,2,1,0,0,1,0,2022,2023-2026,1,0.3088710505641957,0.0391387563287358,0.335637342908438,0.7614587073608619,0.5028164272890485,0,1198
CA8C62A4868,CF2C5201A37,redox reaction entropy,porous-electrode area enhancement,solvation_entropy,electrode_interface,0.0956700965762138,27,18,18,27,11,5,5,11,0.4545454545454545,3,2,5,-0.3333333333333333,0.3333333333333333,22,24,5,0.125,1.47503831294847,486,2,1,0,0,0,1,2022,2023-2026,0,0.4368976551582021,0.143306568985096,0.7930879712746858,0.761193895870736,0.8479353680430879,0,157
C2106B674B9,C3DA2C4151E,iodide/triiodide,aqueous electrolyte,material_entity,material_system,0.2153140604496002,20,17,17,20,7,5,5,7,0.7142857142857143,2,0,2,0.0,-0.6666666666666666,7,24,5,0.15625,1.380380283631371,340,2,1,0,1,0,0,2022,2023-2026,0,0.1583032461707578,0.0264591038124769,0.1964093357271095,0.7608078994614003,0.4101660682226211,0,1448
C3002C089A5,C7713A07951,ionic thermodiffusion (Soret effect),urea,transport_mechanism,material_entity,0.1824710071086883,23,8,8,23,15,2,2,15,0.1333333333333333,7,1,8,2.0,0.0,27,4,4,0.1481481481481481,1.146269793382736,184,2,1,0,0,1,0,2022,2023-2026,0,0.7491158057768181,0.2932671109592283,0.9738779174147216,0.7605116696588868,0.9456463195691204,1,47
C6181968680,C78D65254F9,graphene,phase transition,material_entity,phase_or_species_transition,0.2035180032253265,16,17,16,17,6,5,5,6,0.8333333333333334,2,3,5,0.0,0.6666666666666666,10,6,4,0.1379310344827586,1.0716177461468088,272,2,1,0,0,1,0,2022,2023-2026,1,0.3901003033777688,0.02847588874983,0.3008078994614003,0.7604533213644523,0.4833707360861758,0,1270
C0783369D77,C3002C089A5,PEDOT family,ionic thermodiffusion (Soret effect),material_entity,transport_mechanism,0.1884593069553375,11,23,11,23,2,15,2,15,0.1333333333333333,0,7,7,-0.6666666666666666,2.0,5,27,4,0.1333333333333333,1.0769672080890915,253,2,1,0,0,1,0,2022,2023-2026,1,0.6058363969398702,0.4455574558791965,0.9729802513464992,0.7601166965888689,0.9444569120287252,1,50
C7032A2F7AB,CEA29EF1A99,hexacyanoferrate redox electrode,thermal-gradient heat-transfer control,electrode_interface,device_mechanism,0.1114254295825958,7,14,7,14,4,8,4,8,0.5,0,4,4,-0.6666666666666666,0.6666666666666666,8,12,6,0.4,1.7227691324350267,98,2,1,0,0,0,1,2022,2023-2026,0,0.4217880116664405,0.1420834224531585,0.7869838420107721,0.759528725314183,0.8433572710951526,0,165
C0783369D77,C9642D16DCA,PEDOT family,graphene oxide,material_entity,material_entity,0.3350874185562134,11,10,10,11,2,4,2,4,0.5,0,1,1,-0.6666666666666666,0.0,5,10,5,0.3125,1.3838948845192265,110,2,1,1,1,0,0,2022,2023-2026,0,0.1171887326926981,0.0402581285426686,0.2763016157989229,0.7594793536804308,0.4639362657091562,0,1316
C275FB7C4B0,CC5968B917E,iodide/triiodide redox chemistry,convection and mass transport,redox_chemistry,transport_mechanism,0.1142498701810836,24,15,15,24,8,11,8,11,0.7272727272727273,2,2,4,0.0,0.0,7,28,5,0.1470588235294117,1.4322915063690496,360,2,1,0,0,0,1,2022,2023-2026,0,0.360991712158569,0.12981108018177,0.7404847396768401,0.7593940754039495,0.8074506283662477,0,234
C188B56F6F1,CF203EF8121,ion-selectivity membrane transport,Eastman entropy of transfer,transport_mechanism,solvation_entropy,0.4177685379981994,14,6,6,14,9,2,2,9,0.2222222222222222,3,0,3,0.0,-0.6666666666666666,28,5,4,0.25,1.0465720829360368,84,2,1,0,0,0,1,2022,2023-2026,0,0.4430220250340403,0.0674255599590109,0.5508078994614003,0.7592100538599641,0.664048473967684,0,663
C3DA2C4151E,C9642D16DCA,aqueous electrolyte,graphene oxide,material_system,material_entity,0.2729198336601257,17,10,10,17,5,4,4,5,0.8,0,1,1,-0.6666666666666666,0.0,24,10,5,0.2272727272727272,1.3838948845192265,170,2,1,0,1,0,0,2022,2023-2026,0,0.1241782028922178,0.0138326380180375,0.1060143626570915,0.7589946140035907,0.3517280071813285,0,1573
C9B6878E079,CA8C62A4868,photothermal-thermoelectric coupling,redox reaction entropy,device_mechanism,solvation_entropy,0.3029650747776031,13,27,13,27,5,11,5,11,0.4545454545454545,3,3,6,0.3333333333333333,-0.3333333333333333,4,22,3,0.081081081081081,1.0704442729690262,351,2,1,0,0,0,1,2022,2023-2026,0,0.5165577245842158,0.2082999991122673,0.8974865350089767,0.7589317773788151,0.904129263913824,1,90
C10D3798CF7,C46747A02A1,selective solvation,ion-pairing and complexation,solvation_entropy,solvation_entropy,0.6560851335525513,13,15,13,15,6,4,4,6,0.6666666666666666,2,3,5,0.3333333333333333,1.0,22,6,3,0.12,0.8002935371215424,195,2,1,1,0,0,1,2022,2023-2026,0,0.5999172276108335,0.054435232572192,0.5269299820466786,0.7582585278276481,0.6421342010771993,0,726
C275FB7C4B0,C7713A07951,iodide/triiodide redox chemistry,urea,redox_chemistry,material_entity,0.1514090746641159,24,8,8,24,8,2,2,8,0.25,2,1,3,0.0,0.0,7,4,5,0.1851851851851851,1.5155391664515911,192,2,1,0,0,1,0,2022,2023-2026,0,0.2916320597426106,0.1592614713406961,0.7639138240574507,0.7581732495511669,0.8244614003590665,0,206
CE2D00B183C,CEA29EF1A99,redox-kinetics enhancement,thermal-gradient heat-transfer control,electrode_interface,device_mechanism,0.146355539560318,8,14,8,14,2,8,2,8,0.25,0,4,4,-0.3333333333333333,0.6666666666666666,28,12,5,0.2941176470588235,1.4193560568927477,112,2,1,0,0,0,1,2022,2023-2026,0,0.5009798245498323,0.2065976976644501,0.8909335727109515,0.7579667863554757,0.9007405745062838,1,92
C45C8AAD12E,C7B823B5BB0,charge-transfer resistance engineering,poly(vinyl alcohol) (PVA),electrode_interface,material_entity,0.1489084064960479,21,13,13,21,8,2,2,8,0.25,1,2,3,-0.6666666666666666,0.6666666666666666,31,0,5,0.1724137931034483,1.4054259468421428,273,2,1,0,0,1,0,2022,2023-2026,1,0.3309465554598761,0.0778138450315886,0.55278276481149,0.7577692998204668,0.6657315978456013,0,652
C2A8A04727D,C3002C089A5,guanidinium chloride (GdmCl),ionic thermodiffusion (Soret effect),material_entity,transport_mechanism,0.175031691789627,8,23,8,23,2,15,2,15,0.1333333333333333,1,7,8,0.0,2.0,4,27,4,0.1481481481481481,1.146269793382736,184,2,1,0,0,1,0,2022,2023-2026,1,0.7282777977351654,0.5257579760862577,0.9875224416517054,0.757226211849192,0.9485637342908438,1,44
C5E47CC0A62,C7B823B5BB0,Hofmeister/chaotropic effect,poly(vinyl alcohol) (PVA),gel_microstructure,material_entity,0.1618593037128448,10,13,10,13,2,2,2,2,1.0,1,2,3,0.0,0.6666666666666666,4,0,5,0.2777777777777778,1.5109387284886164,130,2,1,0,0,1,0,2022,2023-2026,1,0.3322493514059006,0.0343802089300767,0.3194793536804309,0.7570691202872532,0.4912477558348295,0,1249
CC028ABF9C6,CC5968B917E,anti-freezing organohydrogel design,convection and mass transport,gel_microstructure,transport_mechanism,0.0107364328578114,21,15,15,21,6,11,6,11,0.5454545454545454,3,2,5,0.6666666666666666,0.0,6,28,5,0.1612903225806451,1.45054092783676,315,2,1,0,0,0,1,2022,2023-2026,0,0.4837691160884136,0.0870045113518703,0.651705565529623,0.7565080789946138,0.7422800718132855,0,414
C6181968680,CC028ABF9C6,graphene,anti-freezing organohydrogel design,material_entity,gel_microstructure,0.0855512917041778,16,21,16,21,6,6,6,6,1.0,2,3,5,0.0,0.6666666666666666,10,6,5,0.15625,1.375030821689088,336,2,1,0,0,1,0,2022,2023-2026,0,0.349938644513574,0.0066739636759977,0.1417414721723518,0.7563195691202872,0.3745287253141831,0,1539
C5E63317596,CB56BB4DDB0,hierarchical porous electrode interface,carbon-electrode redox interface,electrode_interface,electrode_interface,0.7206943035125732,11,20,11,20,2,7,2,7,0.2857142857142857,2,2,4,0.6666666666666666,0.0,1,24,3,0.1071428571428571,0.8428567178404569,220,2,1,1,0,0,1,2022,2023-2026,0,0.558007393467536,0.0753923490380157,0.6204667863554758,0.7559470377019749,0.7168761220825852,0,513
C2106B674B9,CE4B0E242E7,iodide/triiodide,interfacial charge transfer,material_entity,electrode_interface,0.2390696406364441,20,16,16,20,7,6,6,7,0.8571428571428571,2,1,3,0.0,-0.3333333333333333,7,31,4,0.125,1.172212202245629,320,2,1,0,0,1,0,2022,2023-2026,0,0.3684659081187021,0.0677503123383324,0.5245062836624775,0.7559245960502693,0.6375112208258528,0,737
C6210B1A223,CDAC0413DCA,reduced graphene oxide,gelatin-based polymer family,material_entity,material_entity,0.2025247812271118,11,20,11,20,3,4,3,4,0.75,1,4,5,0.3333333333333333,1.3333333333333333,10,2,4,0.1481481481481481,1.062087996297559,220,2,1,1,1,0,0,2022,2023-2026,0,0.2662804068080731,0.057489777273958,0.4320466786355476,0.7557405745062835,0.5749214542190305,0,974
C275FB7C4B0,C3DA2C4151E,iodide/triiodide redox chemistry,aqueous electrolyte,redox_chemistry,material_system,0.2113408893346786,24,17,17,24,8,5,5,8,0.625,2,0,2,0.0,-0.6666666666666666,7,24,5,0.1388888888888889,1.380380283631371,408,2,1,0,0,1,0,2022,2023-2026,0,0.2477232947859537,0.1128059094217963,0.660951526032316,0.7554488330341111,0.7479129263913824,0,397
C7096F6ECC5,CF2C5201A37,imidazolium ionic-liquid phase transition electrolyte,porous-electrode area enhancement,material_system,electrode_interface,0.1887972205877304,13,18,13,18,5,5,5,5,1.0,2,2,4,0.6666666666666666,0.3333333333333333,8,24,4,0.1481481481481481,1.2692192454851203,234,2,1,0,0,1,0,2022,2023-2026,0,0.5424167248462715,0.0536142294836347,0.5090664272890485,0.7554219030520645,0.6256620287253142,0,778
C237A8162E2,C78D65254F9,thermogalvanic corrosion,phase transition,device_mechanism,phase_or_species_transition,0.0631458014249801,11,17,11,17,11,5,5,11,0.4545454545454545,0,3,3,0.0,0.6666666666666666,27,6,6,0.2727272727272727,1.7200839272862676,187,2,1,0,0,0,1,2022,2023-2026,0,0.6101691546503555,0.0389860967643085,0.4320466786355476,0.7553456014362658,0.5744501795332136,0,977
C45C8AAD12E,C78D65254F9,charge-transfer resistance engineering,phase transition,electrode_interface,phase_or_species_transition,0.1087404787540435,21,17,17,21,8,5,5,8,0.625,1,3,4,-0.6666666666666666,0.6666666666666666,31,6,5,0.1515151515151515,1.3862757265909336,357,2,1,0,0,0,1,2022,2023-2026,1,0.3728110612036679,0.0436806102657065,0.3899461400359066,0.7548698384201077,0.5388464991023338,0,1098
C188B56F6F1,CEA29EF1A99,ion-selectivity membrane transport,thermal-gradient heat-transfer control,transport_mechanism,device_mechanism,0.167332261800766,14,14,14,14,9,8,8,9,0.8888888888888888,3,4,7,0.0,0.6666666666666666,28,12,4,0.1666666666666666,1.0891352636549514,196,2,1,0,0,0,1,2022,2023-2026,0,0.6142380466187722,0.0557328297412694,0.5372531418312387,0.7547576301615799,0.6492594254937163,0,703
C3DA2C4151E,CE4B0E242E7,aqueous electrolyte,interfacial charge transfer,material_system,electrode_interface,0.3956544995307922,17,16,16,17,5,6,5,6,0.8333333333333334,0,1,1,-0.6666666666666666,-0.3333333333333333,24,31,4,0.1379310344827586,1.259889109264703,272,2,1,0,0,1,0,2022,2023-2026,0,0.3578845563410297,0.037292887592351,0.3427289048473967,0.754564631956912,0.5039609515260323,0,1192
C275FB7C4B0,C6181968680,iodide/triiodide redox chemistry,graphene,redox_chemistry,material_entity,0.1070134490728378,24,16,16,24,8,6,6,8,0.75,2,2,4,0.0,0.0,7,10,5,0.1428571428571428,1.4054259468421428,384,2,1,0,0,1,0,2022,2023-2026,0,0.2348942028799567,0.1206084381902767,0.6750448833034112,0.7544389587073608,0.758056552962298,0,368
C5B8C057FAD,CD3462DB8FF,metal oxide,CuSO4,material_system,material_entity,0.4190956652164459,9,11,9,11,2,4,2,4,0.5,1,1,2,0.0,0.0,4,9,4,0.25,1.096115131258519,99,2,1,0,1,0,0,2022,2023-2026,0,0.1716968838630794,0.0458985114052298,0.3282764811490126,0.7542773788150807,0.4946027827648115,0,1236
C7032A2F7AB,CE2D00B183C,hexacyanoferrate redox electrode,redox-kinetics enhancement,electrode_interface,electrode_interface,0.7070928812026978,7,8,7,8,4,2,2,4,0.5,0,0,0,-0.6666666666666666,-0.3333333333333333,8,28,5,0.5,1.4193560568927477,56,2,1,1,0,0,1,2022,2023-2026,0,0.3603339438362506,0.0300432650291066,0.2993716337522442,0.7537477558348294,0.4770870736086176,0,1284
C6181968680,CA8C62A4868,graphene,redox reaction entropy,material_entity,solvation_entropy,0.028441846370697,16,27,16,27,6,11,6,11,0.5454545454545454,2,3,5,0.0,-0.3333333333333333,10,22,5,0.131578947368421,1.4963824782008104,432,2,1,0,0,1,0,2022,2023-2026,0,0.3414321994145695,0.1355588362377931,0.7428186714542191,0.7535188509874327,0.8057226211849192,0,242
CA8C62A4868,CDAC0413DCA,redox reaction entropy,gelatin-based polymer family,solvation_entropy,material_entity,0.0361557379364967,27,20,20,27,11,4,4,11,0.3636363636363636,3,4,7,-0.3333333333333333,1.3333333333333333,22,2,5,0.119047619047619,1.4080642525587523,540,2,1,0,0,1,0,2022,2023-2026,0,0.3493500077551785,0.1526848406021159,0.7763016157989228,0.7533976660682227,0.8308011669658888,0,195
C7932B1CE8C,CD0FD071A10,chaotropic polymer-water disruption,carbon cloth,gel_microstructure,material_entity,0.1951138824224472,18,10,10,18,5,2,2,5,0.4,4,1,5,1.0,0.0,4,4,4,0.1666666666666666,1.0716177461468088,180,2,1,0,0,1,0,2022,2023-2026,0,0.3899339873065819,0.0112702560227978,0.1846499102333931,0.752939856373429,0.399012567324955,0,1488
C5B8C057FAD,C7B823B5BB0,metal oxide,poly(vinyl alcohol) (PVA),material_system,material_entity,0.2650403380393982,9,13,9,13,2,2,2,2,1.0,1,2,3,0.0,0.6666666666666666,4,0,4,0.2222222222222222,1.1330302526450378,117,2,1,0,1,0,0,2022,2023-2026,1,0.1831742221676251,0.1095110930617057,0.6245960502692998,0.7529084380610412,0.7194793536804309,0,503
C10D3798CF7,C7713A07951,selective solvation,urea,solvation_entropy,material_entity,0.1636794209480285,13,8,8,13,6,2,2,6,0.3333333333333333,2,1,3,0.3333333333333333,0.0,22,4,5,0.3125,1.5805642752859876,104,2,1,0,0,1,0,2022,2023-2026,0,0.4115585258678872,0.0222160114111688,0.2641831238779174,0.7517639138240575,0.4515035906642729,0,1352
C872881EC3C,CFBB5A400A1,gel-confined redox transport,cation-anion thermodiffusion asymmetry,gel_microstructure,transport_mechanism,0.271854966878891,21,10,10,21,7,3,3,7,0.4285714285714285,7,3,10,2.3333333333333335,1.0,2,1,3,0.1071428571428571,1.0412467879399872,210,2,1,0,0,0,1,2022,2023-2026,1,0.7275175106329299,0.0575499002970789,0.5564631956912028,0.751745960502693,0.6643177737881509,0,662
C95D66F92B2,CA8C62A4868,carbon nanotube family,redox reaction entropy,material_entity,solvation_entropy,0.0639424249529838,27,27,27,27,11,11,11,11,1.0,2,3,5,-0.6666666666666666,-0.3333333333333333,12,22,5,0.1020408163265306,1.5944858807212556,729,2,1,0,0,1,0,2022,2023-2026,0,0.15082018360826,0.150057001075704,0.6970377019748654,0.7514183123877918,0.7729802513464991,0,320
C188B56F6F1,C78D65254F9,ion-selectivity membrane transport,phase transition,transport_mechanism,phase_or_species_transition,0.1587248593568802,14,17,14,17,9,5,5,9,0.5555555555555556,3,3,6,0.0,0.6666666666666666,28,6,4,0.1481481481481481,1.1124283804626127,238,2,1,0,0,0,1,2022,2023-2026,0,0.6128114308753134,0.050084852881352,0.5027827648114901,0.7513779174147218,0.6149910233393177,0,811
C45C8AAD12E,C6181968680,charge-transfer resistance engineering,graphene,electrode_interface,material_entity,0.1508836150169372,21,16,16,21,8,6,6,8,0.75,1,2,3,-0.6666666666666666,0.0,31,10,5,0.15625,1.3534997593661715,336,2,1,0,0,1,0,2022,2023-2026,0,0.2615894947243583,0.0543354528610955,0.4149910233393178,0.7511175942549371,0.5596947935368043,0,1028
C78B8F896F7,CB56BB4DDB0,polyacrylamide (PAM),carbon-electrode redox interface,material_entity,electrode_interface,0.0398243702948093,10,20,10,20,2,7,2,7,0.2857142857142857,2,2,4,0.6666666666666666,0.0,0,24,5,0.2,1.5577531092358663,200,2,1,0,0,1,0,2022,2023-2026,0,0.5177945329792614,0.0313138271278801,0.3658886894075404,0.7510457809694793,0.5184021543985637,0,1147
C0783369D77,C7096F6ECC5,PEDOT family,imidazolium ionic-liquid phase transition electrolyte,material_entity,material_system,0.2958786487579345,11,13,11,13,2,5,2,5,0.4,0,2,2,-0.6666666666666666,0.6666666666666666,5,8,4,0.2,1.2692192454851203,143,2,1,0,1,0,0,2022,2023-2026,0,0.1801128861676496,0.0986133990915211,0.5814183123877917,0.7510188509874325,0.6816202872531418,0,611
C25D09DDC57,C3F66DD37CA,Fe2+/Fe3+ solvation redox chemistry,H2O,redox_chemistry,material_entity,0.3423788249492645,26,9,9,26,19,2,2,19,0.1052631578947368,8,1,9,0.3333333333333333,0.3333333333333333,27,24,3,0.09375,0.8253392003323143,234,2,1,0,0,1,0,2022,2023-2026,1,0.8138476365566386,0.3390534656292284,0.9848294434470376,0.7506193895870735,0.9434470377019748,1,53
C3DA2C4151E,C97F8E13D1A,aqueous electrolyte,thermally regenerative electrochemical cycle,material_system,device_mechanism,0.3128641247749328,17,13,13,17,5,9,5,9,0.5555555555555556,0,2,2,-0.6666666666666666,-1.3333333333333333,24,8,4,0.1538461538461538,1.0891352636549514,221,2,1,0,0,1,0,2022,2023-2026,0,0.1627547165073894,0.0633972292881029,0.4254937163375225,0.7505879712746857,0.5663599640933573,0,1003
C6B063A770B,C872881EC3C,supramolecular host-guest redox entropy,gel-confined redox transport,solvation_entropy,gel_microstructure,0.3256617188453674,8,21,8,21,2,7,2,7,0.2857142857142857,0,7,7,-0.3333333333333333,2.3333333333333335,6,2,3,0.1153846153846153,1.00142230500422,168,2,1,0,0,0,1,2022,2023-2026,0,0.6402260435401491,0.2138572149824265,0.928725314183124,0.7504353680430881,0.9162926391382404,1,79
C0783369D77,CC5968B917E,PEDOT family,convection and mass transport,material_entity,transport_mechanism,0.0571505054831504,11,15,11,15,2,11,2,11,0.1818181818181818,0,2,2,-0.6666666666666666,0.0,5,28,8,0.4444444444444444,2.5730736536269334,165,2,1,0,0,1,0,2022,2023-2026,0,0.3751095295418577,0.1018509068883586,0.6669658886894075,0.7497262118491921,0.7480924596050269,0,396
CE2D00B183C,CE4B0E242E7,redox-kinetics enhancement,interfacial charge transfer,electrode_interface,electrode_interface,0.4595058858394623,8,16,8,16,2,6,2,6,0.3333333333333333,0,1,1,-0.3333333333333333,-0.3333333333333333,28,31,4,0.2,1.1860129605545553,128,2,1,1,0,0,1,2022,2023-2026,1,0.5212093266718967,0.1278659339227588,0.7937163375224416,0.7494210053859964,0.8411467684021543,0,168
C2106B674B9,C78B8F896F7,iodide/triiodide,polyacrylamide (PAM),material_entity,material_entity,0.3949510157108307,20,10,10,20,7,2,2,7,0.2857142857142857,2,2,4,0.0,0.6666666666666666,7,0,3,0.1111111111111111,1.0090317664707973,200,2,1,1,1,0,0,2022,2023-2026,0,0.2021600474893495,0.1310314538954353,0.6846499102333933,0.7493491921005385,0.7641157989228007,0,343
C6210B1A223,CA8C62A4868,reduced graphene oxide,redox reaction entropy,material_entity,solvation_entropy,0.0606057196855545,11,27,11,27,3,11,3,11,0.2727272727272727,1,3,4,0.3333333333333333,-0.3333333333333333,10,22,5,0.1515151515151515,1.4963824782008104,297,2,1,0,0,1,0,2022,2023-2026,0,0.4394570868109232,0.1719378167855371,0.8384201077199281,0.7488375224416517,0.866943447037702,0,135
C10C4FF4B6C,C84C6A613D4,hydrogen bonding,cellulose nanofiber scaffold,solvation_entropy,gel_microstructure,0.1279661953449249,19,10,10,19,5,3,3,5,0.6,5,2,7,1.6666666666666667,0.3333333333333333,1,4,4,0.16,1.36679616514379,190,2,1,0,0,0,1,2022,2023-2026,0,0.565701153764567,0.0274592951519283,0.3488330341113105,0.7484829443447037,0.5044434470377019,0,1191
C10C4FF4B6C,C7713A07951,hydrogen bonding,urea,solvation_entropy,material_entity,0.1550001204013824,19,8,8,19,5,2,2,5,0.4,5,1,6,1.6666666666666667,0.0,1,4,4,0.1739130434782608,1.2771511997437086,152,2,1,0,0,1,0,2022,2023-2026,0,0.4681796231742507,0.0655138743816548,0.5480251346499101,0.7484156193895871,0.6539497307001796,0,692
C188B56F6F1,C7032A2F7AB,ion-selectivity membrane transport,hexacyanoferrate redox electrode,transport_mechanism,electrode_interface,0.2686337232589721,14,7,7,14,9,4,4,9,0.4444444444444444,3,0,3,0.0,-0.6666666666666666,28,8,4,0.2352941176470588,1.1330302526450378,98,2,1,0,0,0,1,2022,2023-2026,0,0.4441805783125132,0.063807901070619,0.5338420107719928,0.7482764811490125,0.6435816876122082,0,718
C7032A2F7AB,CD0FD071A10,hexacyanoferrate redox electrode,carbon cloth,electrode_interface,material_entity,0.3676927089691162,7,10,7,10,4,2,2,4,0.5,0,1,1,-0.6666666666666666,0.0,8,4,5,0.4166666666666667,1.3534997593661715,70,2,1,0,0,1,0,2022,2023-2026,0,0.2410508165308501,0.0648465380150386,0.4631059245960502,0.7477648114901256,0.5920780969479353,0,909
C5E63317596,C872881EC3C,hierarchical porous electrode interface,gel-confined redox transport,electrode_interface,gel_microstructure,0.2996076345443725,11,21,11,21,2,7,2,7,0.2857142857142857,2,7,9,0.6666666666666666,2.3333333333333335,1,2,3,0.1034482758620689,0.8306886622745973,231,2,1,0,0,0,1,2022,2023-2026,1,0.6807747577026052,0.0828157644025812,0.6714542190305206,0.7475493716337522,0.7515035906642729,0,389
C3DA2C4151E,C7032A2F7AB,aqueous electrolyte,hexacyanoferrate redox electrode,material_system,electrode_interface,0.3035665154457092,17,7,7,17,5,4,4,5,0.8,0,0,0,-0.6666666666666666,-0.6666666666666666,24,8,5,0.2631578947368421,1.4193560568927477,119,2,1,0,0,1,0,2022,2023-2026,0,0.1776410544302642,0.0238285251766372,0.1906642728904847,0.7473114901256733,0.3995062836624776,0,1487
C4B2BA55977,C6181968680,KNO3,graphene,material_entity,material_entity,0.3127559423446655,6,16,6,16,2,6,2,6,0.3333333333333333,1,2,3,0.3333333333333333,0.0,21,10,4,0.2222222222222222,1.062087996297559,96,2,1,1,1,0,0,2022,2023-2026,0,0.2479744540183542,0.1146164905684213,0.6657091561938959,0.7470915619389586,0.7456463195691203,0,408
C3DA2C4151E,C78D65254F9,aqueous electrolyte,phase transition,material_system,phase_or_species_transition,0.2199217081069946,17,17,17,17,5,5,5,5,1.0,0,3,3,-0.6666666666666666,0.6666666666666666,24,6,4,0.1333333333333333,1.122082189083709,289,2,1,0,0,1,0,2022,2023-2026,0,0.3004555676088298,0.0385042911695685,0.3289946140035906,0.7466337522441652,0.4910906642728905,0,1251
C275FB7C4B0,C9B6878E079,iodide/triiodide redox chemistry,photothermal-thermoelectric coupling,redox_chemistry,device_mechanism,0.1291619837284088,24,13,13,24,8,5,5,8,0.625,2,3,5,0.0,0.3333333333333333,7,4,4,0.1212121212121212,1.4100675448641349,312,2,1,0,0,0,1,2022,2023-2026,0,0.3431813899289761,0.1149550090171212,0.6995511669658887,0.7465035906642729,0.7730475763016158,0,319
C9642D16DCA,CC028ABF9C6,graphene oxide,anti-freezing organohydrogel design,material_entity,gel_microstructure,0.0877088978886604,10,21,10,21,4,6,4,6,0.6666666666666666,1,3,4,0.0,0.6666666666666666,10,6,5,0.1923076923076923,1.375030821689088,210,2,1,0,0,1,0,2022,2023-2026,0,0.4080427115689196,0.0340664414049883,0.3467684021543986,0.7457405745062836,0.5009874326750449,0,1209
C3002C089A5,C97F8E13D1A,ionic thermodiffusion (Soret effect),thermally regenerative electrochemical cycle,transport_mechanism,device_mechanism,0.354173481464386,23,13,13,23,15,9,9,15,0.6,7,2,9,2.0,-1.3333333333333333,27,8,3,0.0909090909090909,0.7431590073937577,299,2,1,0,0,0,1,2022,2023-2026,0,0.5863148009004331,0.17851570499918,0.8878815080789947,0.744560143626571,0.8911804308797127,0,103
C3002C089A5,CD3462DB8FF,ionic thermodiffusion (Soret effect),CuSO4,transport_mechanism,material_entity,0.166531965136528,23,11,11,23,15,4,4,15,0.2666666666666666,7,1,8,2.0,0.0,27,9,4,0.1333333333333333,1.0465720829360368,253,2,1,0,0,1,0,2022,2023-2026,0,0.7289880864780184,0.2517272735053681,0.9581687612208258,0.7440305206463195,0.9283662477558348,1,63
C188B56F6F1,C872881EC3C,ion-selectivity membrane transport,gel-confined redox transport,transport_mechanism,gel_microstructure,0.3356530666351318,14,21,14,21,9,7,7,9,0.7777777777777778,3,7,10,0.0,2.3333333333333335,28,2,3,0.09375,0.7431590073937577,294,2,1,0,0,0,1,2022,2023-2026,1,0.7154531687906684,0.1156053628549263,0.7966786355475763,0.7438016157989229,0.840394973070018,0,169
C10D3798CF7,CD3462DB8FF,selective solvation,CuSO4,solvation_entropy,material_entity,0.2199375331401825,13,11,11,13,6,4,4,6,0.6666666666666666,2,1,3,0.3333333333333333,0.0,22,9,4,0.2,1.1532496609863037,143,2,1,0,0,1,0,2022,2023-2026,1,0.4331293633810111,0.039721595825194,0.3877019748653501,0.743456014362657,0.5312836624775583,0,1111
CD0FD071A10,CD3462DB8FF,carbon cloth,CuSO4,material_entity,material_entity,0.3938842415809631,10,11,10,11,2,4,2,4,0.5,1,1,2,0.0,0.0,4,9,4,0.2352941176470588,1.0465720829360368,110,2,1,1,1,0,0,2022,2023-2026,0,0.1618589865647467,0.0467250254083787,0.3307899461400359,0.7432899461400357,0.4905745062836624,0,1252
C4B2BA55977,CA8C62A4868,KNO3,redox reaction entropy,material_entity,solvation_entropy,0.2358446270227432,6,27,6,27,2,11,2,11,0.1818181818181818,1,3,4,0.3333333333333333,-0.3333333333333333,21,22,4,0.1379310344827586,1.062087996297559,162,2,1,0,0,1,0,2022,2023-2026,0,0.5559972636047342,0.3565887440796727,0.9565529622980252,0.7432495511669658,0.926862657091562,1,67
C10D3798CF7,C188B56F6F1,selective solvation,ion-selectivity membrane transport,solvation_entropy,transport_mechanism,0.3761385083198547,13,14,13,14,6,9,6,9,0.6666666666666666,2,3,5,0.3333333333333333,0.0,22,28,3,0.125,0.8002935371215424,182,2,1,0,0,0,1,2022,2023-2026,0,0.615265967892874,0.0850780231482966,0.6767504488330341,0.7431508078994613,0.7535570017953321,0,383
C23B9BED21A,CF2C5201A37,ionic conduction,porous-electrode area enhancement,transport_mechanism,electrode_interface,0.2406935691833496,6,18,6,18,2,5,2,5,0.4,1,2,3,0.3333333333333333,0.3333333333333333,8,24,4,0.2,1.2287597671339756,108,2,1,0,0,0,1,2022,2023-2026,0,0.6180156683128855,0.2037388741690062,0.9178635547576302,0.7430789946140036,0.9078770197486536,1,82
C78B8F896F7,CC028ABF9C6,polyacrylamide (PAM),anti-freezing organohydrogel design,material_entity,gel_microstructure,0.3193905353546142,10,21,10,21,2,6,2,6,0.3333333333333333,2,3,5,0.6666666666666666,0.6666666666666666,0,6,3,0.1071428571428571,0.8781503601098246,210,2,1,0,0,1,0,2022,2023-2026,0,0.4732555823302755,0.0955062440054673,0.6787253141831239,0.7424506283662476,0.7544097845601436,0,380
C7096F6ECC5,C872881EC3C,imidazolium ionic-liquid phase transition electrolyte,gel-confined redox transport,material_system,gel_microstructure,0.2454969733953476,13,21,13,21,5,7,5,7,0.7142857142857143,2,7,9,0.6666666666666666,2.3333333333333335,8,2,3,0.0967741935483871,0.8947447269539534,273,2,1,0,0,1,0,2022,2023-2026,1,0.628446272064024,0.121614719003249,0.8051166965888689,0.7421633752244166,0.847464093357271,0,159
C188B56F6F1,CC5968B917E,ion-selectivity membrane transport,convection and mass transport,transport_mechanism,transport_mechanism,0.4143872261047363,14,15,14,15,9,11,9,11,0.8181818181818182,3,2,5,0.0,0.0,28,28,3,0.1153846153846153,0.7431590073937577,210,2,1,1,0,0,1,2022,2023-2026,0,0.6063398078726133,0.1190178043649703,0.7951526032315979,0.7411849192100538,0.8379712746858169,0,174
C3002C089A5,CC5968B917E,ionic thermodiffusion (Soret effect),convection and mass transport,transport_mechanism,transport_mechanism,0.3277872204780578,23,15,15,23,15,11,11,15,0.7333333333333333,7,2,9,2.0,0.0,27,28,3,0.0857142857142857,0.7431590073937577,345,2,1,1,0,0,1,2022,2023-2026,0,0.762906993814997,0.1923435553225902,0.9179533213644524,0.7410592459605027,0.90754039497307,1,84
C3002C089A5,C46747A02A1,ionic thermodiffusion (Soret effect),ion-pairing and complexation,transport_mechanism,solvation_entropy,0.2816610932350158,23,15,15,23,15,4,4,15,0.2666666666666666,7,3,10,2.0,1.0,27,6,3,0.0857142857142857,0.8002935371215424,345,2,1,0,0,0,1,2022,2023-2026,1,0.8298154032341257,0.1669476190225554,0.8960502692998205,0.7410547576301616,0.8936714542190305,0,101
C3002C089A5,CEA29EF1A99,ionic thermodiffusion (Soret effect),thermal-gradient heat-transfer control,transport_mechanism,device_mechanism,0.3174004256725311,23,14,14,23,15,8,8,15,0.5333333333333333,7,4,11,2.0,0.6666666666666666,27,12,3,0.088235294117647,0.7431590073937577,322,2,1,0,0,0,1,2022,2023-2026,0,0.7954191693793581,0.2441920190070955,0.9588868940754038,0.7407360861759424,0.927064631956912,1,65
C9642D16DCA,CEA29EF1A99,graphene oxide,thermal-gradient heat-transfer control,material_entity,device_mechanism,0.0535025373101234,10,14,10,14,4,8,4,8,0.5,1,4,5,0.0,0.6666666666666666,10,12,5,0.2631578947368421,1.3534997593661715,140,2,1,0,0,1,0,2022,2023-2026,1,0.4386530656344014,0.049329523067595,0.4471274685816876,0.7405924596050268,0.5759425493716338,0,972
C95D66F92B2,CFBB5A400A1,carbon nanotube family,cation-anion thermodiffusion asymmetry,material_entity,transport_mechanism,0.1159832030534744,27,10,10,27,11,3,3,11,0.2727272727272727,2,3,5,-0.6666666666666666,1.0,12,1,4,0.1212121212121212,1.4582791793642331,270,2,1,0,0,1,0,2022,2023-2026,0,0.3666428038394057,0.1666810161392533,0.8020646319569121,0.7402289048473968,0.8441876122082586,0,162
C5B8C057FAD,CEA29EF1A99,metal oxide,thermal-gradient heat-transfer control,material_system,device_mechanism,0.0298880506306886,9,14,9,14,2,8,2,8,0.25,1,4,5,0.0,0.6666666666666666,4,12,5,0.2777777777777778,1.4030428076886536,126,2,1,0,0,1,0,2022,2023-2026,0,0.4274038100934985,0.1068974682304863,0.7060143626570915,0.7400538599640933,0.7737208258527828,0,316
C10C4FF4B6C,C5B8C057FAD,hydrogen bonding,metal oxide,solvation_entropy,material_system,0.1375663578510284,19,9,9,19,5,2,2,5,0.4,5,1,6,1.6666666666666667,0.0,1,4,4,0.1666666666666666,1.1330302526450378,171,2,1,0,0,1,0,2022,2023-2026,0,0.4504817787177963,0.0689127103186371,0.5617594254937164,0.7389631956912028,0.6625561041292638,0,668
C6210B1A223,CD3462DB8FF,reduced graphene oxide,CuSO4,material_entity,material_entity,0.3537808954715729,11,11,11,11,3,4,3,4,0.75,1,1,2,0.3333333333333333,0.0,10,9,4,0.2222222222222222,1.0465720829360368,121,2,1,1,1,0,0,2022,2023-2026,0,0.1848526160958558,0.052096453782757,0.3720825852782765,0.7386579892280072,0.515136894075404,0,1157
C9642D16DCA,CD3462DB8FF,graphene oxide,CuSO4,material_entity,material_entity,0.3644199967384338,10,11,10,11,4,4,4,4,1.0,1,1,2,0.0,0.0,10,9,4,0.2352941176470588,1.0465720829360368,110,2,1,1,1,0,0,2022,2023-2026,0,0.1718020944185676,0.0420528696001119,0.3046678635547576,0.7386579892280072,0.474584829443447,0,1293
C2106B674B9,CF2C5201A37,iodide/triiodide,porous-electrode area enhancement,material_entity,electrode_interface,0.1798581779003143,20,18,18,20,7,5,5,7,0.7142857142857143,2,2,4,0.0,0.3333333333333333,7,24,4,0.1176470588235294,1.0769672080890915,360,2,1,0,0,1,0,2022,2023-2026,0,0.3999903934671147,0.06985002738556,0.5474865350089766,0.7385637342908438,0.6491023339317774,0,704
C41BE9B5F0E,C5E47CC0A62,solvation-shell remodeling,Hofmeister/chaotropic effect,solvation_entropy,gel_microstructure,0.3259602785110473,7,10,7,10,2,2,2,2,1.0,1,1,2,0.0,0.0,5,4,4,0.3076923076923077,1.1901647823728223,70,2,1,0,0,0,1,2022,2023-2026,1,0.3397341970683163,0.0427887849527247,0.3727109515260323,0.7376885098743267,0.5153276481149013,0,1155
C0783369D77,CEA29EF1A99,PEDOT family,thermal-gradient heat-transfer control,material_entity,device_mechanism,0.0356292277574539,11,14,11,14,2,8,2,8,0.25,0,4,4,-0.6666666666666666,0.6666666666666666,5,12,5,0.25,1.4030428076886536,154,2,1,0,0,1,0,2022,2023-2026,0,0.3463884422539854,0.1013744160367873,0.653770197486535,0.7369344703770196,0.7342684021543986,0,443
C97F8E13D1A,CC5968B917E,thermally regenerative electrochemical cycle,convection and mass transport,device_mechanism,transport_mechanism,0.1476753056049347,13,15,13,15,9,11,9,11,0.8181818181818182,2,2,4,-1.3333333333333333,0.0,8,28,4,0.1666666666666666,1.2570573497635085,195,2,1,0,0,0,1,2022,2023-2026,0,0.4684816741367706,0.0617125260959707,0.5287253141831239,0.7365709156193895,0.6334605026929983,0,752
C2106B674B9,CE2D00B183C,iodide/triiodide,redox-kinetics enhancement,material_entity,electrode_interface,0.2860354483127594,20,8,8,20,7,2,2,7,0.2857142857142857,2,0,2,0.0,-0.3333333333333333,7,28,4,0.1666666666666666,1.1038327676159985,160,2,1,0,0,1,0,2022,2023-2026,0,0.4021732774073295,0.0531605407689995,0.4620287253141831,0.7364766606822262,0.5845825852782764,0,941
C10C4FF4B6C,C78B8F896F7,hydrogen bonding,polyacrylamide (PAM),solvation_entropy,material_entity,0.2571084201335907,19,10,10,19,5,2,2,5,0.4,5,2,7,1.6666666666666667,0.6666666666666666,1,0,3,0.1153846153846153,0.8936662734713465,190,2,1,0,0,1,0,2022,2023-2026,0,0.5127362155497328,0.0495260751651449,0.4728904847396769,0.7362971274685817,0.591427289048474,0,912
C41BE9B5F0E,C46747A02A1,solvation-shell remodeling,ion-pairing and complexation,solvation_entropy,solvation_entropy,0.6205043792724609,7,15,7,15,2,4,2,4,0.5,1,3,4,0.0,1.0,5,6,3,0.1578947368421052,0.8002935371215424,105,2,1,1,0,0,1,2022,2023-2026,0,0.5079671147188123,0.1206541600434373,0.7742369838420108,0.7357764811490125,0.8211624775583484,0,210
C7932B1CE8C,CF2C5201A37,chaotropic polymer-water disruption,porous-electrode area enhancement,gel_microstructure,electrode_interface,0.1296057105064392,18,18,18,18,5,5,5,5,1.0,4,2,6,1.0,0.3333333333333333,4,24,4,0.125,1.0769672080890915,324,2,1,0,0,0,1,2022,2023-2026,0,0.5763621326111432,0.028998740297451,0.3625673249551167,0.7353276481149013,0.5091337522441652,0,1174
C78D65254F9,CE4B0E242E7,phase transition,interfacial charge transfer,phase_or_species_transition,electrode_interface,0.1527054607868194,17,16,16,17,5,6,5,6,0.8333333333333334,3,1,4,0.6666666666666666,-0.3333333333333333,6,31,4,0.1379310344827586,1.1399971807764393,272,2,1,0,0,0,1,2022,2023-2026,0,0.5296241735439888,0.029301906460727,0.353770197486535,0.7350359066427288,0.5016831238779174,0,1206
C10C4FF4B6C,CD0FD071A10,hydrogen bonding,carbon cloth,solvation_entropy,material_entity,0.1393334865570068,19,10,10,19,5,2,2,5,0.4,5,1,6,1.6666666666666667,0.0,1,4,4,0.16,1.0716177461468088,190,2,1,0,0,1,0,2022,2023-2026,0,0.444133750934432,0.0529443439433728,0.4748653500897666,0.7346274685816877,0.5913824057450628,0,913
C2A8A04727D,CDAC0413DCA,guanidinium chloride (GdmCl),gelatin-based polymer family,material_entity,material_entity,0.3398202955722809,8,20,8,20,2,4,2,4,0.5,1,4,5,0.0,1.3333333333333333,4,2,3,0.12,0.8428567178404569,160,2,1,1,1,0,0,2022,2023-2026,1,0.2782649470505576,0.1047631879531149,0.6415619389587074,0.7344254937163375,0.724842908438061,0,485
C10D3798CF7,CF2C5201A37,selective solvation,porous-electrode area enhancement,solvation_entropy,electrode_interface,0.1478507667779922,13,18,13,18,6,5,5,6,0.8333333333333334,2,2,4,0.3333333333333333,0.3333333333333333,22,24,4,0.1481481481481481,1.1567642618741591,234,2,1,0,0,0,1,2022,2023-2026,0,0.6151738887315261,0.0285863170401969,0.3689407540394973,0.7344165170556552,0.5114228007181328,0,1169
C7096F6ECC5,CD3462DB8FF,imidazolium ionic-liquid phase transition electrolyte,CuSO4,material_system,material_entity,0.1916785091161728,13,11,11,13,5,4,4,5,0.8,2,1,3,0.6666666666666666,0.0,8,9,4,0.2,1.2388241203320656,143,2,1,0,1,0,0,2022,2023-2026,0,0.2369723884236261,0.0149593995225425,0.1529622980251346,0.7342459605026931,0.371229802513465,0,1544
C78B8F896F7,CA8C62A4868,polyacrylamide (PAM),redox reaction entropy,material_entity,solvation_entropy,0.0990754812955856,10,27,10,27,2,11,2,11,0.1818181818181818,2,3,5,0.6666666666666666,-0.3333333333333333,0,22,4,0.1212121212121212,1.4337964985247988,270,2,1,0,0,1,0,2022,2023-2026,1,0.5140514292322526,0.1181934871344342,0.76983842010772,0.734088868940754,0.8162701974865352,0,217
C4B2BA55977,C872881EC3C,KNO3,gel-confined redox transport,material_entity,gel_microstructure,0.1523072272539138,6,21,6,21,2,7,2,7,0.2857142857142857,1,7,8,0.3333333333333333,2.3333333333333335,21,2,4,0.1739130434782608,1.0769672080890915,126,2,1,0,0,1,0,2022,2023-2026,0,0.6841524393121112,0.2414778350372956,0.9497307001795332,0.7339856373429084,0.91705565529623,1,78
C25D09DDC57,C7096F6ECC5,Fe2+/Fe3+ solvation redox chemistry,imidazolium ionic-liquid phase transition electrolyte,redox_chemistry,material_system,0.0711071044206619,26,13,13,26,19,5,5,19,0.2631578947368421,8,2,10,0.3333333333333333,0.6666666666666666,27,8,4,0.1142857142857142,1.2692192454851203,338,2,1,0,0,1,0,2022,2023-2026,1,0.7282229456475605,0.2565690591088423,0.9605026929982046,0.7338240574506284,0.9239003590664272,1,71
C872881EC3C,CF203EF8121,gel-confined redox transport,Eastman entropy of transfer,gel_microstructure,solvation_entropy,0.1735978871583938,21,6,6,21,7,2,2,7,0.2857142857142857,7,0,7,2.3333333333333335,-0.6666666666666666,2,5,4,0.1739130434782608,1.0500866838238925,126,2,1,0,0,0,1,2022,2023-2026,0,0.5587961294818222,0.2370667016359394,0.926660682226212,0.7336983842010772,0.9074057450628368,1,85
C10C4FF4B6C,C9642D16DCA,hydrogen bonding,graphene oxide,solvation_entropy,material_entity,0.1356722861528396,19,10,10,19,5,4,4,5,0.8,5,1,6,1.6666666666666667,0.0,1,10,4,0.16,1.0716177461468088,190,2,1,0,0,1,0,2022,2023-2026,0,0.4438841188004025,0.0534786680614832,0.4782764811490125,0.7333348294434471,0.5926054757630161,0,907
C872881EC3C,CD3462DB8FF,gel-confined redox transport,CuSO4,gel_microstructure,material_entity,0.1351111829280853,21,11,11,21,7,4,4,7,0.5714285714285714,7,1,8,2.3333333333333335,0.0,2,9,4,0.1428571428571428,1.0465720829360368,231,2,1,0,0,1,0,2022,2023-2026,1,0.5583436603244648,0.0985444643808197,0.7141831238779175,0.7333123877917415,0.7758078994614004,0,312
C6210B1A223,CF2C5201A37,reduced graphene oxide,porous-electrode area enhancement,material_entity,electrode_interface,0.2228324115276336,11,18,11,18,3,5,3,5,0.6,1,2,3,0.3333333333333333,0.3333333333333333,10,24,4,0.16,1.0465720829360368,198,2,1,0,0,1,0,2022,2023-2026,0,0.4855953441716322,0.1141050904199904,0.7500897666068223,0.7327109515260323,0.8007405745062837,0,253
C0783369D77,CC028ABF9C6,PEDOT family,anti-freezing organohydrogel design,material_entity,gel_microstructure,0.2047600150108337,11,21,11,21,2,6,2,6,0.3333333333333333,0,3,3,-0.6666666666666666,0.6666666666666666,5,6,4,0.1428571428571428,1.0716177461468088,231,2,1,0,0,1,0,2022,2023-2026,0,0.3072873799077268,0.0967683505696287,0.6199281867145422,0.7319569120287253,0.7034335727109515,0,555
C78D65254F9,CD0FD071A10,phase transition,carbon cloth,phase_or_species_transition,material_entity,0.1697278469800949,17,10,10,17,5,2,2,5,0.4,3,1,4,0.6666666666666666,0.0,6,4,4,0.1739130434782608,1.0716177461468088,170,2,1,0,0,1,0,2022,2023-2026,1,0.3584678795338971,0.0171950537297522,0.2110412926391382,0.7309964093357271,0.4045332136445242,0,1468
C3DA2C4151E,CF203EF8121,aqueous electrolyte,Eastman entropy of transfer,material_system,solvation_entropy,0.2866367101669311,17,6,6,17,5,2,2,5,0.4,0,0,0,-0.6666666666666666,-0.6666666666666666,24,5,5,0.2777777777777778,1.3534997593661715,102,2,1,0,0,1,0,2022,2023-2026,0,0.1793324842078825,0.0159719563263928,0.1355475763016158,0.7305610412926391,0.3571140035906642,0,1566
C41BE9B5F0E,C872881EC3C,solvation-shell remodeling,gel-confined redox transport,solvation_entropy,gel_microstructure,0.2967509627342224,7,21,7,21,2,7,2,7,0.2857142857142857,1,7,8,0.0,2.3333333333333335,5,2,3,0.12,0.8038081380093981,147,2,1,0,0,0,1,2022,2023-2026,1,0.674162426254432,0.2385003268371203,0.9468581687612208,0.7300673249551167,0.9141831238779172,1,80
C25D09DDC57,C78B8F896F7,Fe2+/Fe3+ solvation redox chemistry,polyacrylamide (PAM),redox_chemistry,material_entity,0.0634166076779365,26,10,10,26,19,2,2,19,0.1052631578947368,8,2,10,0.3333333333333333,0.6666666666666666,27,0,4,0.125,1.2388241203320656,260,2,1,0,0,1,0,2022,2023-2026,0,0.7413479328566831,0.2441805222382025,0.9550269299820466,0.7298922800718133,0.918693895870736,1,77
C10C4FF4B6C,C6210B1A223,hydrogen bonding,reduced graphene oxide,solvation_entropy,material_entity,0.1264961063861847,19,11,11,19,5,3,3,5,0.6,5,1,6,1.6666666666666667,0.3333333333333333,1,10,4,0.1538461538461538,1.062087996297559,209,2,1,0,0,1,0,2022,2023-2026,0,0.4954153270538831,0.0572169935208728,0.5151705565529623,0.7284066427289049,0.6168761220825852,0,803
C4B2BA55977,CC028ABF9C6,KNO3,anti-freezing organohydrogel design,material_entity,gel_microstructure,0.1894116103649139,6,21,6,21,2,6,2,6,0.3333333333333333,1,3,4,0.3333333333333333,0.6666666666666666,21,6,4,0.1739130434782608,1.0769672080890915,126,2,1,0,0,1,0,2022,2023-2026,0,0.5169275855206993,0.1327692640617367,0.8,0.7280341113105925,0.8366921005385997,0,181
C872881EC3C,CD486BA800F,gel-confined redox transport,host-guest complexation,gel_microstructure,solvation_entropy,0.2378811538219452,21,8,8,21,7,2,2,7,0.2857142857142857,7,0,7,2.3333333333333335,-0.3333333333333333,2,6,3,0.1153846153846153,1.00142230500422,168,2,1,0,0,0,1,2022,2023-2026,0,0.6299400938442757,0.1452022735327372,0.847935368043088,0.7278680430879714,0.8643963195691202,0,137
C0783369D77,CA8C62A4868,PEDOT family,redox reaction entropy,material_entity,solvation_entropy,0.0372451841831207,11,27,11,27,2,11,2,11,0.1818181818181818,0,3,3,-0.6666666666666666,-0.3333333333333333,5,22,5,0.1515151515151515,1.4567888914807596,297,2,1,0,0,1,0,2022,2023-2026,0,0.3202365770173057,0.1808585637926414,0.8012567324955117,0.7275807899461401,0.8378366247755835,0,176
C78D65254F9,C9642D16DCA,phase transition,graphene oxide,phase_or_species_transition,material_entity,0.1603434681892395,17,10,10,17,5,4,4,5,0.8,3,1,4,0.6666666666666666,0.0,6,10,4,0.1739130434782608,1.0716177461468088,170,2,1,0,0,1,0,2022,2023-2026,1,0.3580953187362696,0.0082205335105215,0.1540394973070017,0.7274416517055654,0.3694344703770197,0,1548
C10C4FF4B6C,CF2C5201A37,hydrogen bonding,porous-electrode area enhancement,solvation_entropy,electrode_interface,0.1013845726847648,19,18,18,19,5,5,5,5,1.0,5,2,7,1.6666666666666667,0.3333333333333333,1,24,4,0.1212121212121212,1.0769672080890915,342,2,1,0,0,0,1,2022,2023-2026,0,0.6213579936365314,0.0452366504595621,0.4761220825852782,0.7273967684021544,0.5892504488330341,0,920
C10C4FF4B6C,C5E63317596,hydrogen bonding,hierarchical porous electrode interface,solvation_entropy,electrode_interface,0.2446379661560058,19,11,11,19,5,2,2,5,0.4,5,2,7,1.6666666666666667,0.6666666666666666,1,1,3,0.1111111111111111,0.8306886622745973,209,2,1,0,0,0,1,2022,2023-2026,0,0.5704665612538277,0.0447063167967223,0.4621184919210053,0.7271678635547576,0.5809245960502694,0,951
C41BE9B5F0E,CD3462DB8FF,solvation-shell remodeling,CuSO4,solvation_entropy,material_entity,0.2829102873802185,7,11,7,11,2,4,2,4,0.5,1,1,2,0.0,0.0,5,9,4,0.2857142857142857,1.1532496609863037,77,2,1,0,0,1,0,2022,2023-2026,0,0.3260590556655057,0.1125434799805625,0.686624775583483,0.7270511669658886,0.7555206463195692,0,377
C3002C089A5,C5E63317596,ionic thermodiffusion (Soret effect),hierarchical porous electrode interface,transport_mechanism,electrode_interface,0.2326348721981048,23,11,11,23,15,2,2,15,0.1333333333333333,7,2,9,2.0,0.6666666666666666,27,1,3,0.0967741935483871,0.8306886622745973,253,2,1,0,0,0,1,2022,2023-2026,0,0.8178922038726967,0.154827055926611,0.8779174147217236,0.7270017953321365,0.8767280071813286,0,123
C3002C089A5,C5B8C057FAD,ionic thermodiffusion (Soret effect),metal oxide,transport_mechanism,material_system,0.105122409760952,23,9,9,23,15,2,2,15,0.1333333333333333,7,1,8,2.0,0.0,27,4,4,0.1428571428571428,1.0769672080890915,207,2,1,0,0,1,0,2022,2023-2026,0,0.7381413569648729,0.2844346278862691,0.9701077199281868,0.7259066427289048,0.926750448833034,1,68
C45C8AAD12E,C9642D16DCA,charge-transfer resistance engineering,graphene oxide,electrode_interface,material_entity,0.1415254920721054,21,10,10,21,8,4,4,8,0.5,1,1,2,-0.6666666666666666,0.0,31,10,5,0.1923076923076923,1.3534997593661715,210,2,1,0,0,1,0,2022,2023-2026,0,0.2854038426186535,0.0466921600531956,0.377737881508079,0.7258527827648114,0.5134874326750449,0,1164
C9B6878E079,CE4B0E242E7,photothermal-thermoelectric coupling,interfacial charge transfer,device_mechanism,electrode_interface,0.2593609988689422,13,16,13,16,5,6,5,6,0.8333333333333334,3,1,4,0.3333333333333333,-0.3333333333333333,4,31,3,0.1153846153846153,1.0270925214888933,208,2,1,0,0,0,1,2022,2023-2026,0,0.5772288785945648,0.0279753504628938,0.3564631956912029,0.725435368043088,0.50020197486535,0,1211
C5B8C057FAD,CC5968B917E,metal oxide,convection and mass transport,material_system,transport_mechanism,0.0945594310760498,9,15,9,15,2,11,2,11,0.1818181818181818,1,2,3,0.0,0.0,4,28,5,0.2631578947368421,1.4030428076886536,135,2,1,0,0,1,0,2022,2023-2026,0,0.4545600788506392,0.1367220748170693,0.7882405745062837,0.7253186714542191,0.8276705565529623,0,200
C41BE9B5F0E,CB56BB4DDB0,solvation-shell remodeling,carbon-electrode redox interface,solvation_entropy,electrode_interface,0.1924877166748047,7,20,7,20,2,7,2,7,0.2857142857142857,1,2,3,0.0,0.0,5,24,4,0.1739130434782608,1.1567642618741591,140,2,1,0,0,0,1,2022,2023-2026,0,0.5445841811671251,0.1925434780367746,0.8893177737881509,0.7239587073608617,0.8829443447037701,0,115
C237A8162E2,C7096F6ECC5,thermogalvanic corrosion,imidazolium ionic-liquid phase transition electrolyte,device_mechanism,material_system,0.2147597074508667,11,13,11,13,11,5,5,11,0.4545454545454545,0,2,2,0.0,0.6666666666666666,27,8,4,0.2,1.2250233620231392,143,2,1,0,0,1,0,2022,2023-2026,0,0.5770565115176041,0.0501106818559485,0.4956014362657092,0.7238734290843807,0.5983393177737881,0,881
CEA29EF1A99,CF203EF8121,thermal-gradient heat-transfer control,Eastman entropy of transfer,device_mechanism,solvation_entropy,0.1961699426174163,14,6,6,14,8,2,2,8,0.25,4,0,4,0.6666666666666666,-0.6666666666666666,12,5,4,0.25,1.0500866838238925,84,2,1,0,0,0,1,2022,2023-2026,0,0.4548407514909291,0.1143075785086549,0.741741472172352,0.7235906642728904,0.7913150807899461,0,273
C7713A07951,CC028ABF9C6,urea,anti-freezing organohydrogel design,material_entity,gel_microstructure,0.1301607489585876,8,21,8,21,2,6,2,6,0.3333333333333333,1,3,4,0.0,0.6666666666666666,4,6,4,0.16,1.2771511997437086,168,2,1,0,0,1,0,2022,2023-2026,0,0.4453886462427066,0.1024502171204933,0.6966786355475763,0.7228096947935367,0.7593581687612208,0,363
C10D3798CF7,CC5968B917E,selective solvation,convection and mass transport,solvation_entropy,transport_mechanism,0.1222235038876533,13,15,13,15,6,11,6,11,0.5454545454545454,2,2,4,0.3333333333333333,0.0,22,28,4,0.1666666666666666,1.1567642618741591,195,2,1,0,0,0,1,2022,2023-2026,1,0.606566648447649,0.0746357525239218,0.6297127468581687,0.7227289048473966,0.7098967684021544,0,536
C188B56F6F1,CD0FD071A10,ion-selectivity membrane transport,carbon cloth,transport_mechanism,material_entity,0.1472732573747635,14,10,10,14,9,2,2,9,0.2222222222222222,3,1,4,0.0,0.0,28,4,4,0.2,1.0891352636549514,140,2,1,0,0,1,0,2022,2023-2026,0,0.4875154529315066,0.0423888104027023,0.4244165170556552,0.72270197486535,0.5533662477558348,0,1051
C3DA2C4151E,C7096F6ECC5,aqueous electrolyte,imidazolium ionic-liquid phase transition electrolyte,material_system,material_system,0.5694079995155334,17,13,13,17,5,5,5,5,1.0,0,2,2,-0.6666666666666666,0.6666666666666666,24,8,3,0.1111111111111111,0.8834998220521076,221,2,1,1,1,0,0,2022,2023-2026,0,0.1577855623031841,0.0287232359848763,0.2141831238779174,0.722028725314183,0.4020870736086176,0,1479
CA8C62A4868,CEA29EF1A99,redox reaction entropy,thermal-gradient heat-transfer control,solvation_entropy,device_mechanism,0.0888836234807968,27,14,14,27,11,8,8,11,0.7272727272727273,3,4,7,-0.3333333333333333,0.6666666666666666,22,12,4,0.1081081081081081,1.096115131258519,378,2,1,0,0,0,1,2022,2023-2026,0,0.3775446390250008,0.1362870707163629,0.7578994614003591,0.7217145421903052,0.8019075403949731,0,250
C4B2BA55977,C6210B1A223,KNO3,reduced graphene oxide,material_entity,material_entity,0.3155264258384704,6,11,6,11,2,3,2,3,0.6666666666666666,1,1,2,0.3333333333333333,0.3333333333333333,21,10,4,0.3076923076923077,1.062087996297559,66,2,1,1,1,0,0,2022,2023-2026,0,0.2257727163884972,0.0576859659639609,0.4170556552962298,0.7216113105924595,0.5485188509874326,0,1063
C41BE9B5F0E,CF203EF8121,solvation-shell remodeling,Eastman entropy of transfer,solvation_entropy,solvation_entropy,0.6240975856781006,7,6,6,7,2,2,2,2,1.0,1,0,1,0.0,-0.6666666666666666,5,5,4,0.4444444444444444,1.1072212135516772,42,2,1,1,0,0,1,2022,2023-2026,0,0.2196282893717936,0.0487246534147514,0.3624775583482945,0.7210906642728905,0.5025583482944345,0,1200
C237A8162E2,CDAC0413DCA,thermogalvanic corrosion,gelatin-based polymer family,device_mechanism,material_entity,0.1414065062999725,11,20,11,20,11,4,4,11,0.3636363636363636,0,4,4,0.0,1.3333333333333333,27,2,4,0.1481481481481481,1.0716177461468088,220,2,1,0,0,1,0,2022,2023-2026,0,0.6182229697730005,0.1011673499464955,0.7380610412926392,0.7210592459605026,0.7871409335727109,0,285
C6181968680,C97F8E13D1A,graphene,thermally regenerative electrochemical cycle,material_entity,device_mechanism,0.1541025042533874,16,13,13,16,6,9,6,9,0.6666666666666666,2,2,4,0.0,-1.3333333333333333,10,8,4,0.16,1.0465720829360368,208,2,1,0,0,1,0,2022,2023-2026,0,0.2120632551364535,0.0269355641900953,0.2208258527827648,0.7209784560143625,0.404802513464991,0,1467
C3F66DD37CA,C6181968680,H2O,graphene,material_entity,material_entity,0.4174639284610748,9,16,9,16,2,6,2,6,0.3333333333333333,1,2,3,0.3333333333333333,0.0,24,10,3,0.1363636363636363,0.8253392003323143,144,2,1,1,1,0,0,2022,2023-2026,0,0.2456603208592296,0.0853876207416719,0.5569120287253142,0.7206867145421902,0.6502917414721724,0,701
C46747A02A1,C5E63317596,ion-pairing and complexation,hierarchical porous electrode interface,solvation_entropy,electrode_interface,0.2394080162048339,15,11,11,15,4,2,2,4,0.5,3,2,5,1.0,0.6666666666666666,6,1,3,0.1304347826086956,0.8758036432692144,165,2,1,0,0,0,1,2022,2023-2026,0,0.5244136490346359,0.0442395460404812,0.4473070017953321,0.7204488330341112,0.5674259425493716,0,999
C5E63317596,CD3462DB8FF,hierarchical porous electrode interface,CuSO4,electrode_interface,material_entity,0.1716854870319366,11,11,11,11,2,4,2,4,0.5,2,1,3,0.6666666666666666,0.0,1,9,4,0.2222222222222222,1.1860129605545553,121,2,1,0,0,1,0,2022,2023-2026,1,0.3868666626915007,0.0106004438470828,0.1788150807899461,0.7204308797127468,0.3807001795332136,0,1529
C78D65254F9,C84C6A613D4,phase transition,cellulose nanofiber scaffold,phase_or_species_transition,gel_microstructure,0.0481751933693885,17,10,10,17,5,3,3,5,0.6,3,2,5,0.6666666666666666,0.3333333333333333,6,4,4,0.1739130434782608,1.346194292961365,170,2,1,0,0,0,1,2022,2023-2026,1,0.4710105919649121,0.013663362891545,0.2307899461400358,0.7198967684021543,0.4111759425493716,0,1446
C10C4FF4B6C,CEA29EF1A99,hydrogen bonding,thermal-gradient heat-transfer control,solvation_entropy,device_mechanism,0.0199531354010105,19,14,14,19,5,8,5,8,0.625,5,4,9,1.6666666666666667,0.6666666666666666,1,12,4,0.1379310344827586,1.0716177461468088,266,2,1,0,0,0,1,2022,2023-2026,1,0.5994550713328529,0.0404893545004959,0.4406642728904847,0.7188554757630161,0.5611198384201077,0,1018
C6B063A770B,C7932B1CE8C,supramolecular host-guest redox entropy,chaotropic polymer-water disruption,solvation_entropy,gel_microstructure,0.268941581249237,8,18,8,18,2,5,2,5,0.4,0,4,4,-0.3333333333333333,1.0,6,4,3,0.1304347826086956,0.951879256681738,144,2,1,0,0,0,1,2022,2023-2026,0,0.4789288558895279,0.1330117572290995,0.788330341113106,0.7186490125673249,0.8251346499102333,0,205
C188B56F6F1,CD3462DB8FF,ion-selectivity membrane transport,CuSO4,transport_mechanism,material_entity,0.1566324234008789,14,11,11,14,9,4,4,9,0.4444444444444444,3,1,4,0.0,0.0,28,9,4,0.1904761904761904,1.0465720829360368,154,2,1,0,0,1,0,2022,2023-2026,0,0.4862498594143321,0.0422016837277992,0.4228007181328546,0.7185547576301614,0.5498653500897666,0,1059
C7932B1CE8C,CD486BA800F,chaotropic polymer-water disruption,host-guest complexation,gel_microstructure,solvation_entropy,0.2684611976146698,18,8,8,18,5,2,2,5,0.4,4,0,4,1.0,-0.3333333333333333,4,6,3,0.1304347826086956,0.951879256681738,144,2,1,0,0,0,1,2022,2023-2026,0,0.4410972044838001,0.0259035044976321,0.2999102333931777,0.7184335727109515,0.4616023339317774,0,1323
CF203EF8121,CFBB5A400A1,Eastman entropy of transfer,cation-anion thermodiffusion asymmetry,solvation_entropy,transport_mechanism,0.449135422706604,6,10,6,10,2,3,2,3,0.6666666666666666,0,3,3,-0.6666666666666666,1.0,5,1,3,0.2307692307692307,0.8686206102605746,60,2,1,0,0,0,1,2022,2023-2026,0,0.3804247011234352,0.0531826712687313,0.4529622980251346,0.7184245960502693,0.5701189407540395,0,987
C3F66DD37CA,CA8C62A4868,H2O,redox reaction entropy,material_entity,solvation_entropy,0.2844274044036865,9,27,9,27,2,11,2,11,0.1818181818181818,1,3,4,0.3333333333333333,-0.3333333333333333,24,22,3,0.0909090909090909,0.8428567178404569,243,2,1,0,0,1,0,2022,2023-2026,0,0.5035550941443715,0.2652950829392155,0.9250448833034112,0.7183797127468582,0.8991921005385997,1,95
C46747A02A1,CE4B0E242E7,ion-pairing and complexation,interfacial charge transfer,solvation_entropy,electrode_interface,0.2749038338661194,15,16,15,16,4,6,4,6,0.6666666666666666,3,1,4,1.0,-0.3333333333333333,6,31,3,0.1071428571428571,0.8115384420233881,240,2,1,0,0,0,1,2022,2023-2026,1,0.5818215787110792,0.0290483188129516,0.3640035906642728,0.7182450628366248,0.501391382405745,0,1207
C6181968680,C7032A2F7AB,graphene,hexacyanoferrate redox electrode,material_entity,electrode_interface,0.1626412868499755,16,7,7,16,6,4,4,6,0.6666666666666666,2,0,2,0.0,-0.6666666666666666,10,8,5,0.2777777777777778,1.3534997593661715,112,2,1,0,0,1,0,2022,2023-2026,0,0.2360652395793907,0.0162372381673425,0.161669658886894,0.7181238779174146,0.3684919210053859,0,1550
C2106B674B9,CEA29EF1A99,iodide/triiodide,thermal-gradient heat-transfer control,material_entity,device_mechanism,0.0514657609164714,20,14,14,20,7,8,7,8,0.875,2,4,6,0.0,0.6666666666666666,7,12,4,0.1333333333333333,1.096115131258519,280,2,1,0,0,1,0,2022,2023-2026,0,0.3457540718572402,0.0559855174712327,0.4529622980251346,0.7179308797127469,0.5694905745062837,0,991
C25D09DDC57,C7B823B5BB0,Fe2+/Fe3+ solvation redox chemistry,poly(vinyl alcohol) (PVA),redox_chemistry,material_entity,0.0459534525871276,26,13,13,26,19,2,2,19,0.1052631578947368,8,2,10,0.3333333333333333,0.6666666666666666,27,0,4,0.1142857142857142,1.0716177461468088,338,2,1,0,0,1,0,2022,2023-2026,1,0.7065089085618761,0.2058473094577197,0.9271095152603231,0.7176122082585278,0.9003141831238779,1,94
C7932B1CE8C,CEA29EF1A99,chaotropic polymer-water disruption,thermal-gradient heat-transfer control,gel_microstructure,device_mechanism,0.0272589921951293,18,14,14,18,5,8,5,8,0.625,4,4,8,1.0,0.6666666666666666,4,12,4,0.1428571428571428,1.0716177461468088,252,2,1,0,0,0,1,2022,2023-2026,1,0.5485094740169231,0.0422049376038585,0.4406642728904847,0.717342908438061,0.5595489228007181,0,1029
C3DA2C4151E,C5E47CC0A62,aqueous electrolyte,Hofmeister/chaotropic effect,material_system,gel_microstructure,0.2428948432207107,17,10,10,17,5,2,2,5,0.4,0,1,1,-0.6666666666666666,0.0,24,4,4,0.1739130434782608,1.1901647823728223,170,2,1,0,0,1,0,2022,2023-2026,0,0.2563845975612222,0.0116134919546447,0.1379712746858168,0.7171319569120288,0.3518177737881508,0,1572
C5E63317596,CD0FD071A10,hierarchical porous electrode interface,carbon cloth,electrode_interface,material_entity,0.382222831249237,11,10,10,11,2,2,2,2,1.0,2,1,3,0.6666666666666666,0.0,1,4,3,0.1666666666666666,0.8428567178404569,110,2,1,0,0,1,0,2022,2023-2026,0,0.3460844806058343,0.0448335775223375,0.3881508078994614,0.717105026929982,0.5188285457809695,0,1145
C46747A02A1,CF203EF8121,ion-pairing and complexation,Eastman entropy of transfer,solvation_entropy,solvation_entropy,0.6262979507446289,15,6,6,15,4,2,2,4,0.5,3,0,3,1.0,-0.6666666666666666,6,5,3,0.1666666666666666,0.8002935371215424,90,2,1,1,0,0,1,2022,2023-2026,0,0.3637021557736121,0.0391521092989766,0.3565529622980251,0.7169703770197486,0.4956238779174147,0,1232
C6181968680,C7096F6ECC5,graphene,imidazolium ionic-liquid phase transition electrolyte,material_entity,material_system,0.2447514086961746,16,13,13,16,6,5,5,6,0.8333333333333334,2,2,4,0.0,0.6666666666666666,10,8,3,0.1153846153846153,0.8990157354136294,208,2,1,0,1,0,0,2022,2023-2026,0,0.2291487676447204,0.037115445928359,0.2940754039497307,0.7169254937163375,0.4552064631956912,0,1342
C7096F6ECC5,C84C6A613D4,imidazolium ionic-liquid phase transition electrolyte,cellulose nanofiber scaffold,material_system,gel_microstructure,0.2484594285488128,13,10,10,13,5,3,3,5,0.6,2,2,4,0.6666666666666666,0.3333333333333333,8,4,3,0.15,1.007942301237684,130,2,1,0,0,1,0,2022,2023-2026,0,0.4497886507814998,0.1009464525137514,0.6915619389587073,0.716790843806104,0.7526256732495512,0,387
C6210B1A223,C97F8E13D1A,reduced graphene oxide,thermally regenerative electrochemical cycle,material_entity,device_mechanism,0.1927870362997055,11,13,11,13,3,9,3,9,0.3333333333333333,1,2,3,0.3333333333333333,-1.3333333333333333,10,8,4,0.2,1.0465720829360368,143,2,1,0,0,1,0,2022,2023-2026,0,0.2496508984745621,0.0883852566602004,0.572262118491921,0.716741472172352,0.6592571813285457,0,679
C3F66DD37CA,CE6FC512ED2,H2O,dynamic crosslinked gel network,material_entity,gel_microstructure,0.1711752265691757,9,8,8,9,2,2,2,2,1.0,1,2,3,0.3333333333333333,0.6666666666666666,24,0,4,0.3076923076923077,1.3917614565947738,72,2,1,0,0,1,0,2022,2023-2026,0,0.3978044943601593,0.0518924084847448,0.4497307001795331,0.7164452423698384,0.5653052064631957,0,1006
C10C4FF4B6C,C188B56F6F1,hydrogen bonding,ion-selectivity membrane transport,solvation_entropy,transport_mechanism,0.2386625111103058,19,14,14,19,5,9,5,9,0.5555555555555556,5,3,8,1.6666666666666667,0.0,1,28,3,0.1,0.7431590073937577,266,2,1,0,0,0,1,2022,2023-2026,0,0.62607143477617,0.0677682297616838,0.6024236983842011,0.7161983842010772,0.6805318671454219,0,614
C7932B1CE8C,CD3462DB8FF,chaotropic polymer-water disruption,CuSO4,gel_microstructure,material_entity,0.1218650415539741,18,11,11,18,5,4,4,5,0.8,4,1,5,1.0,0.0,4,9,4,0.16,1.0465720829360368,198,2,1,0,0,1,0,2022,2023-2026,0,0.3814319678545848,0.0096655440819576,0.1700179533213644,0.7159919210053859,0.3724416517055655,0,1543
C7713A07951,C7B823B5BB0,urea,poly(vinyl alcohol) (PVA),material_entity,material_entity,0.3908313512802124,8,13,8,13,2,2,2,2,1.0,1,2,3,0.0,0.6666666666666666,4,0,3,0.1666666666666666,0.8428567178404569,104,2,1,1,1,0,0,2022,2023-2026,0,0.1888128179649131,0.1037609305431725,0.6061041292639138,0.7158123877917415,0.6841561938958707,0,602
C2A8A04727D,C7B823B5BB0,guanidinium chloride (GdmCl),poly(vinyl alcohol) (PVA),material_entity,material_entity,0.3887720108032226,8,13,8,13,2,2,2,2,1.0,1,2,3,0.0,0.6666666666666666,4,0,3,0.1666666666666666,0.8428567178404569,104,2,1,1,1,0,0,2022,2023-2026,0,0.1887792455153907,0.1037609305431725,0.6060143626570915,0.7155969479353681,0.6837073608617594,0,604
C7B823B5BB0,CB56BB4DDB0,poly(vinyl alcohol) (PVA),carbon-electrode redox interface,material_entity,electrode_interface,0.1259286552667617,13,20,13,20,2,7,2,7,0.2857142857142857,2,2,4,0.6666666666666666,0.0,0,24,4,0.1379310344827586,1.0716177461468088,260,2,1,0,0,1,0,2022,2023-2026,1,0.4516725655470647,0.0655257260918178,0.5440754039497308,0.7152692998204667,0.634245960502693,0,745
C7032A2F7AB,CD3462DB8FF,hexacyanoferrate redox electrode,CuSO4,electrode_interface,material_entity,0.2102627605199813,7,11,7,11,4,4,4,4,1.0,0,1,1,-0.6666666666666666,0.0,8,9,5,0.3846153846153846,1.415841456004892,77,2,1,0,0,1,0,2022,2023-2026,0,0.2487634100850965,0.0520512856330422,0.3961400359066427,0.7152333931777379,0.5229353680430879,0,1131
C5B8C057FAD,CA8C62A4868,metal oxide,redox reaction entropy,material_system,solvation_entropy,0.1304094493389129,9,27,9,27,2,11,2,11,0.1818181818181818,1,3,4,0.0,-0.3333333333333333,4,22,4,0.125,1.096115131258519,243,2,1,0,0,1,0,2022,2023-2026,0,0.4240486514884973,0.2495230904847129,0.8915619389587074,0.7151077199281867,0.878411131059246,0,121
C5B8C057FAD,C7096F6ECC5,metal oxide,imidazolium ionic-liquid phase transition electrolyte,material_system,material_system,0.3216750621795654,9,13,9,13,2,5,2,5,0.4,1,2,3,0.0,0.6666666666666666,4,8,3,0.1578947368421052,0.9699579917611084,117,2,1,1,1,0,0,2022,2023-2026,0,0.2361074151525497,0.1686988113866044,0.7567324955116698,0.7150044883303411,0.7959829443447037,0,261
C5B8C057FAD,CE2D00B183C,metal oxide,redox-kinetics enhancement,material_system,electrode_interface,0.2046706676483154,9,8,8,9,2,2,2,2,1.0,1,0,1,0.0,-0.3333333333333333,4,28,5,0.4166666666666667,1.467119075248139,72,2,1,0,0,1,0,2022,2023-2026,1,0.3353928113584791,0.0660772512190902,0.5035008976660682,0.7149640933572712,0.5983168761220825,0,882
C7932B1CE8C,C9642D16DCA,chaotropic polymer-water disruption,graphene oxide,gel_microstructure,material_entity,0.0999937653541565,18,10,10,18,5,4,4,5,0.8,4,1,5,1.0,0.0,4,10,4,0.1666666666666666,1.0716177461468088,180,2,1,0,0,1,0,2022,2023-2026,0,0.387380547625473,0.0119380715625145,0.1883303411131059,0.714807001795332,0.3811041292639138,0,1528
CB56BB4DDB0,CF203EF8121,carbon-electrode redox interface,Eastman entropy of transfer,electrode_interface,solvation_entropy,0.1530919671058654,20,6,6,20,7,2,2,7,0.2857142857142857,2,0,2,0.0,-0.6666666666666666,24,5,5,0.238095238095238,1.3690156727276936,120,2,1,0,0,0,1,2022,2023-2026,0,0.3159990294663544,0.0708954379613045,0.5188509874326751,0.7145152603231597,0.6114228007181328,0,823
C6210B1A223,C7932B1CE8C,reduced graphene oxide,chaotropic polymer-water disruption,material_entity,gel_microstructure,0.1013307869434356,11,18,11,18,3,5,3,5,0.6,1,4,5,0.3333333333333333,1.0,10,4,4,0.16,1.062087996297559,198,2,1,0,0,1,0,2022,2023-2026,0,0.441959256776706,0.0627862504503727,0.5245062836624775,0.7140529622980251,0.6152042190305207,0,810
C7B823B5BB0,CA8C62A4868,poly(vinyl alcohol) (PVA),redox reaction entropy,material_entity,solvation_entropy,0.0931454896926879,13,27,13,27,2,11,2,11,0.1818181818181818,2,3,5,0.6666666666666666,-0.3333333333333333,0,22,4,0.1111111111111111,1.0891352636549514,351,2,1,0,0,1,0,2022,2023-2026,1,0.4001078642556277,0.099512947220471,0.6683123877917414,0.7138105924596049,0.7307226211849192,0,460
C3F66DD37CA,C45C8AAD12E,H2O,charge-transfer resistance engineering,material_entity,electrode_interface,0.1983515918254852,9,21,9,21,2,8,2,8,0.25,1,1,2,0.3333333333333333,-0.6666666666666666,24,31,4,0.1538461538461538,1.1591474010276483,189,2,1,0,0,1,0,2022,2023-2026,0,0.5016542570859857,0.1081267851233079,0.7350089766606822,0.7135053859964091,0.7787028725314182,0,306
C188B56F6F1,C4CEC954E12,ion-selectivity membrane transport,platinum electrode,transport_mechanism,material_entity,0.1724986433982849,14,16,14,16,9,6,6,9,0.6666666666666666,3,0,3,0.0,-0.3333333333333333,28,31,4,0.1538461538461538,1.0465720829360368,224,2,1,0,0,1,0,2022,2023-2026,0,0.5642474596215279,0.0326681623914102,0.3874326750448832,0.7133213644524237,0.5139362657091562,0,1162
C25D09DDC57,C4B2BA55977,Fe2+/Fe3+ solvation redox chemistry,KNO3,redox_chemistry,material_entity,0.282034158706665,26,6,6,26,19,2,2,19,0.1052631578947368,8,1,9,0.3333333333333333,0.3333333333333333,27,21,3,0.1034482758620689,0.7431590073937577,156,2,1,0,0,1,0,2022,2023-2026,0,0.8073236725802547,0.4874900764420717,0.991831238779174,0.7131867145421903,0.9268850987432676,1,66
C2A8A04727D,C872881EC3C,guanidinium chloride (GdmCl),gel-confined redox transport,material_entity,gel_microstructure,0.21564981341362,8,21,8,21,2,7,2,7,0.2857142857142857,1,7,8,0.0,2.3333333333333335,4,2,3,0.1153846153846153,0.8428567178404569,168,2,1,0,0,1,0,2022,2023-2026,1,0.6050774567929934,0.1931439027213242,0.9042190305206464,0.7122666068222622,0.8838420107719929,0,114
C7B823B5BB0,CF2C5201A37,poly(vinyl alcohol) (PVA),porous-electrode area enhancement,material_entity,electrode_interface,0.1046201586723327,13,18,13,18,2,5,2,5,0.4,2,2,4,0.6666666666666666,0.3333333333333333,0,24,4,0.1481481481481481,1.0769672080890915,234,2,1,0,0,1,0,2022,2023-2026,0,0.4866997504582465,0.0596943354031469,0.5271095152603231,0.711472172351885,0.6179084380610413,0,800
CC028ABF9C6,CE2D00B183C,anti-freezing organohydrogel design,redox-kinetics enhancement,gel_microstructure,electrode_interface,0.1747027039527893,21,8,8,21,6,2,2,6,0.3333333333333333,3,0,3,0.6666666666666666,-0.3333333333333333,6,28,4,0.16,1.0716177461468088,168,2,1,0,0,0,1,2022,2023-2026,0,0.4939200662461998,0.0186548630140625,0.2675942549371634,0.7113554757630162,0.4327872531418312,0,1407
C7B823B5BB0,CE4B0E242E7,poly(vinyl alcohol) (PVA),interfacial charge transfer,material_entity,electrode_interface,0.1313761472702026,13,16,13,16,2,6,2,6,0.3333333333333333,2,1,3,0.6666666666666666,-0.3333333333333333,0,31,4,0.16,1.1591474010276483,208,2,1,0,0,1,0,2022,2023-2026,1,0.4749173624297209,0.0566256170507336,0.5051166965888689,0.711193895870736,0.5989228007181329,0,878
C275FB7C4B0,CEA29EF1A99,iodide/triiodide redox chemistry,thermal-gradient heat-transfer control,redox_chemistry,device_mechanism,0.0168948471546173,24,14,14,24,8,8,8,8,1.0,2,4,6,0.0,0.6666666666666666,7,12,4,0.1176470588235294,1.096115131258519,336,2,1,0,0,0,1,2022,2023-2026,0,0.3331300467209317,0.095446692382721,0.6265709156193895,0.7111445242369838,0.6991247755834828,0,567
CD3462DB8FF,CE2D00B183C,CuSO4,redox-kinetics enhancement,material_entity,electrode_interface,0.1832087934017181,11,8,8,11,4,2,2,4,0.5,1,0,1,0.0,-0.3333333333333333,9,28,5,0.3571428571428571,1.4408871192156638,88,2,1,0,0,1,0,2022,2023-2026,0,0.3860482226190517,0.0194502569575866,0.2332136445242369,0.7108976660682226,0.4069344703770197,0,1457
C237A8162E2,CE2D00B183C,thermogalvanic corrosion,redox-kinetics enhancement,device_mechanism,electrode_interface,0.3451382219791412,11,8,8,11,11,2,2,11,0.1818181818181818,0,0,0,0.0,-0.3333333333333333,27,28,4,0.2666666666666666,1.1038327676159985,88,2,1,0,0,0,1,2022,2023-2026,1,0.6399734330604477,0.0288331892514786,0.3731597845601436,0.7106463195691203,0.5013016157989227,0,1208
C7B823B5BB0,CEA29EF1A99,poly(vinyl alcohol) (PVA),thermal-gradient heat-transfer control,material_entity,device_mechanism,-0.0085907839238643,13,14,13,14,2,8,2,8,0.25,2,4,6,0.6666666666666666,0.6666666666666666,0,12,4,0.1739130434782608,1.0716177461468088,182,2,1,0,0,1,0,2022,2023-2026,0,0.4721324325582389,0.0441957796753545,0.4297127468581687,0.7101211849192101,0.5484066427289049,0,1064
C0783369D77,CE4B0E242E7,PEDOT family,interfacial charge transfer,material_entity,electrode_interface,0.2219079583883285,11,16,11,16,2,6,2,6,0.3333333333333333,0,1,1,-0.6666666666666666,-0.3333333333333333,5,31,4,0.1739130434782608,1.1860129605545553,176,2,1,0,0,1,0,2022,2023-2026,0,0.3596714972357777,0.0658987703084771,0.5119389587073608,0.7099147217235188,0.6033886894075404,0,856
C78D65254F9,CF2C5201A37,phase transition,porous-electrode area enhancement,phase_or_species_transition,electrode_interface,-0.0290741641074419,17,18,17,18,5,5,5,5,1.0,3,2,5,0.6666666666666666,0.3333333333333333,6,24,4,0.1290322580645161,1.122082189083709,306,2,1,0,0,0,1,2022,2023-2026,1,0.5451531528983552,0.0526914897542953,0.5041292639138241,0.7097441651705565,0.597105026929982,0,885
C0783369D77,C7932B1CE8C,PEDOT family,chaotropic polymer-water disruption,material_entity,gel_microstructure,0.3017419874668121,11,18,11,18,2,5,2,5,0.4,0,4,4,-0.6666666666666666,1.0,5,4,3,0.1153846153846153,0.7431590073937577,198,2,1,0,0,1,0,2022,2023-2026,0,0.3314577237115645,0.1074919885084947,0.6710951526032315,0.7095197486535009,0.7308572710951526,0,459
CC5968B917E,CF203EF8121,convection and mass transport,Eastman entropy of transfer,transport_mechanism,solvation_entropy,0.250611662864685,15,6,6,15,11,2,2,11,0.1818181818181818,2,0,2,0.0,-0.6666666666666666,28,5,4,0.2352941176470588,1.0500866838238925,90,2,1,0,0,0,1,2022,2023-2026,0,0.454467637525861,0.0707232877075229,0.5701974865350089,0.7094389587073608,0.6530969479353681,0,697
CC5968B917E,CDAC0413DCA,convection and mass transport,gelatin-based polymer family,transport_mechanism,material_entity,-0.0261100996285676,15,20,15,20,11,4,4,11,0.3636363636363636,2,4,6,0.0,1.3333333333333333,28,2,4,0.1290322580645161,1.0716177461468088,300,2,1,0,0,1,0,2022,2023-2026,0,0.6058356459528976,0.1266783776151394,0.8127468581687614,0.709367145421903,0.8338195691202872,0,188
C95D66F92B2,CE2D00B183C,carbon nanotube family,redox-kinetics enhancement,material_entity,electrode_interface,0.1128105968236923,27,8,8,27,11,2,2,11,0.1818181818181818,2,0,2,-0.6666666666666666,-0.3333333333333333,12,28,5,0.1666666666666666,1.3785454225769436,216,2,1,0,0,1,0,2022,2023-2026,0,0.3642429610461714,0.2059206833268034,0.8412028725314183,0.7090215439856373,0.8478119389587073,0,158
CB56BB4DDB0,CFBB5A400A1,carbon-electrode redox interface,cation-anion thermodiffusion asymmetry,electrode_interface,transport_mechanism,0.2052115499973297,20,10,10,20,7,3,3,7,0.4285714285714285,2,3,5,0.0,1.0,24,1,3,0.1111111111111111,0.9258812949405364,200,2,1,0,0,0,1,2022,2023-2026,0,0.4844830883347313,0.0525212637966487,0.4854578096947936,0.7090035906642728,0.5834829443447038,0,944
C10D3798CF7,C6181968680,selective solvation,graphene,solvation_entropy,material_entity,0.0817166864871978,13,16,13,16,6,6,6,6,1.0,2,2,4,0.3333333333333333,0.0,22,10,4,0.16,1.1227371269131992,208,2,1,0,0,1,0,2022,2023-2026,0,0.4167172539183121,0.0267063829162679,0.2966786355475763,0.7087522441651706,0.4511669658886893,0,1355
C5E63317596,C7032A2F7AB,hierarchical porous electrode interface,hexacyanoferrate redox electrode,electrode_interface,electrode_interface,0.5666844248771667,11,7,7,11,2,4,2,4,0.5,2,0,2,0.6666666666666666,-0.6666666666666666,1,8,3,0.2,0.8867517068305433,77,2,1,1,0,0,1,2022,2023-2026,0,0.332342669337199,0.0295742327867872,0.2858168761220825,0.7083752244165171,0.4434245960502693,0,1376
C10D3798CF7,C237A8162E2,selective solvation,thermogalvanic corrosion,solvation_entropy,device_mechanism,0.1920296996831894,13,11,11,13,6,11,6,11,0.5454545454545454,2,0,2,0.3333333333333333,0.0,22,27,4,0.2,1.1287522758745934,143,2,1,0,0,0,1,2022,2023-2026,0,0.5657890670677564,0.0395440528748306,0.4268402154398563,0.7082540394973071,0.5447935368043089,0,1075
C7096F6ECC5,CC028ABF9C6,imidazolium ionic-liquid phase transition electrolyte,anti-freezing organohydrogel design,material_system,gel_microstructure,0.1936978995800018,13,21,13,21,5,6,5,6,0.8333333333333334,2,3,5,0.6666666666666666,0.6666666666666666,8,6,3,0.0967741935483871,0.9354110447897864,273,2,1,0,0,1,0,2022,2023-2026,0,0.4573026619660612,0.0401240220175954,0.3989228007181328,0.7081956912028725,0.5207136445242371,0,1139
C3DA2C4151E,C46747A02A1,aqueous electrolyte,ion-pairing and complexation,material_system,solvation_entropy,0.3215056657791137,17,15,15,17,5,4,4,5,0.8,0,3,3,-0.6666666666666666,1.0,24,6,3,0.1034482758620689,0.8002935371215424,255,2,1,0,0,1,0,2022,2023-2026,0,0.3378675788974558,0.0495693341697885,0.410951526032316,0.7080296229802514,0.5332473070017953,0,1107
C9642D16DCA,C97F8E13D1A,graphene oxide,thermally regenerative electrochemical cycle,material_entity,device_mechanism,0.1743247509002685,10,13,10,13,4,9,4,9,0.4444444444444444,1,2,3,0.0,-1.3333333333333333,10,8,4,0.2105263157894736,1.0465720829360368,130,2,1,0,0,1,0,2022,2023-2026,0,0.2364178592939333,0.063015248983963,0.4500897666068222,0.7065619389587073,0.5597845601436265,0,1027
C237A8162E2,C3DA2C4151E,thermogalvanic corrosion,aqueous electrolyte,device_mechanism,material_system,0.3057258725166321,11,17,11,17,11,5,5,11,0.4545454545454545,0,0,0,0.0,-0.6666666666666666,27,24,4,0.1666666666666666,1.0465720829360368,187,2,1,0,0,1,0,2022,2023-2026,0,0.5106483553075005,0.0380828712153046,0.4005385996409336,0.7064721723518851,0.5222845601436266,0,1132
C2106B674B9,CC5968B917E,iodide/triiodide,convection and mass transport,material_entity,transport_mechanism,0.0712716728448867,20,15,15,20,7,11,7,11,0.6363636363636364,2,2,4,0.0,0.0,7,28,4,0.1290322580645161,1.1038327676159985,300,2,1,0,0,1,0,2022,2023-2026,0,0.3681263106552337,0.0944367121796453,0.6359964093357271,0.7059784560143626,0.7030071813285458,0,556
C237A8162E2,C6181968680,thermogalvanic corrosion,graphene,device_mechanism,material_entity,0.1197079122066497,11,16,11,16,11,6,6,11,0.5454545454545454,0,2,2,0.0,0.0,27,10,4,0.1739130434782608,1.653398234020595,176,2,1,0,0,1,0,2022,2023-2026,0,0.5644798889265772,0.0265199575689017,0.3408438061041292,0.705722621184919,0.4770421903052064,0,1285
C5E63317596,CA8C62A4868,hierarchical porous electrode interface,redox reaction entropy,electrode_interface,solvation_entropy,0.2000726759433746,11,27,11,27,2,11,2,11,0.1818181818181818,2,3,5,0.6666666666666666,-0.3333333333333333,1,22,3,0.0857142857142857,0.8758036432692144,297,2,1,0,0,0,1,2022,2023-2026,0,0.5163570840685064,0.108646291592518,0.7407540394973069,0.7056912028725314,0.7791292639138241,0,304
C188B56F6F1,C41BE9B5F0E,ion-selectivity membrane transport,solvation-shell remodeling,transport_mechanism,solvation_entropy,0.2954275608062744,14,7,7,14,9,2,2,9,0.2222222222222222,3,1,4,0.0,0.0,28,5,3,0.1666666666666666,0.8002935371215424,98,2,1,0,0,0,1,2022,2023-2026,0,0.5410374451472526,0.081103400675,0.6378815080789946,0.7055610412926391,0.7048698384201078,0,550
C41BE9B5F0E,CF2C5201A37,solvation-shell remodeling,porous-electrode area enhancement,solvation_entropy,electrode_interface,0.1490241885185241,7,18,7,18,2,5,2,5,0.4,1,2,3,0.0,0.3333333333333333,5,24,4,0.1904761904761904,1.1567642618741591,126,2,1,0,0,0,1,2022,2023-2026,0,0.5629419056247104,0.1103520176461859,0.759245960502693,0.7055116696588869,0.7925269299820467,0,271
C6181968680,C84C6A613D4,graphene,cellulose nanofiber scaffold,material_entity,gel_microstructure,0.1992575377225875,16,10,10,16,6,3,3,6,0.5,2,2,4,0.0,0.3333333333333333,10,4,3,0.1304347826086956,1.066166296198582,160,2,1,0,0,1,0,2022,2023-2026,1,0.3911870713586216,0.0212341883888914,0.2484739676840215,0.7049955116696589,0.4177737881508079,0,1436
C10D3798CF7,C45C8AAD12E,selective solvation,charge-transfer resistance engineering,solvation_entropy,electrode_interface,0.1256532818078994,13,21,13,21,6,8,6,8,0.75,2,1,3,0.3333333333333333,-0.6666666666666666,22,31,4,0.1333333333333333,1.1322668767624493,273,2,1,0,0,0,1,2022,2023-2026,0,0.5282827827000206,0.0452295438510515,0.4542190305206463,0.7049461400359066,0.5620287253141831,0,1014
C5E63317596,CE2D00B183C,hierarchical porous electrode interface,redox-kinetics enhancement,electrode_interface,electrode_interface,0.6026173830032349,11,8,8,11,2,2,2,2,1.0,2,0,2,0.6666666666666666,-0.3333333333333333,1,28,3,0.1875,0.8253392003323143,88,2,1,1,0,0,1,2022,2023-2026,0,0.4820396495014005,0.0438325283582395,0.4298922800718132,0.7044973070017952,0.5452423698384201,0,1071
C10D3798CF7,C95D66F92B2,selective solvation,carbon nanotube family,solvation_entropy,material_entity,0.08101487159729,13,27,13,27,6,11,6,11,0.5454545454545454,2,2,4,0.3333333333333333,-0.6666666666666666,22,12,4,0.1111111111111111,1.1322668767624493,351,2,1,0,0,1,0,2022,2023-2026,0,0.3463711972424058,0.1372355605224835,0.7491921005385996,0.704012567324955,0.7848967684021544,0,293
C2106B674B9,C9B6878E079,iodide/triiodide,photothermal-thermoelectric coupling,material_entity,device_mechanism,0.1779355257749557,20,13,13,20,7,5,5,7,0.7142857142857143,2,3,5,0.0,0.3333333333333333,7,4,3,0.1,1.0201962996128549,260,2,1,0,0,1,0,2022,2023-2026,0,0.3209569298263888,0.0658704323570302,0.4961400359066427,0.7034021543985637,0.5867930879712747,0,928
C4B2BA55977,CB56BB4DDB0,KNO3,carbon-electrode redox interface,material_entity,electrode_interface,0.1782939285039901,6,20,6,20,2,7,2,7,0.2857142857142857,1,2,3,0.3333333333333333,0.0,21,24,4,0.1818181818181818,1.062087996297559,120,2,1,0,0,1,0,2022,2023-2026,0,0.5498122568931464,0.1868398581663982,0.8869838420107721,0.7031418312387792,0.8686041292639137,0,132
C45C8AAD12E,C46747A02A1,charge-transfer resistance engineering,ion-pairing and complexation,electrode_interface,solvation_entropy,0.227888137102127,21,15,15,21,8,4,4,8,0.5,1,3,4,-0.6666666666666666,1.0,31,6,3,0.0909090909090909,0.8115384420233881,315,2,1,0,0,0,1,2022,2023-2026,1,0.4224954082791524,0.0926010649976188,0.6517953321364452,0.702464093357271,0.7138240574506284,0,523
C97F8E13D1A,CD3462DB8FF,thermally regenerative electrochemical cycle,CuSO4,device_mechanism,material_entity,0.1594116687774658,13,11,11,13,9,4,4,9,0.4444444444444444,2,1,3,-1.3333333333333333,0.0,8,9,4,0.2,1.0465720829360368,143,2,1,0,0,1,0,2022,2023-2026,0,0.3284242024055777,0.0284571366599272,0.2758527827648115,0.701983842010772,0.4330116696588868,0,1405
C3F66DD37CA,C9642D16DCA,H2O,graphene oxide,material_entity,material_entity,0.4662575721740722,9,10,9,10,2,4,2,4,0.5,1,1,2,0.3333333333333333,0.0,24,10,3,0.1875,0.8253392003323143,90,2,1,1,1,0,0,2022,2023-2026,0,0.2248287361759024,0.0797911912742361,0.5204667863554758,0.7019658886894073,0.6058572710951526,0,843
C2106B674B9,CE6FC512ED2,iodide/triiodide,dynamic crosslinked gel network,material_entity,gel_microstructure,0.2263254970312118,20,8,8,20,7,2,2,7,0.2857142857142857,2,2,4,0.0,0.6666666666666666,7,0,3,0.12,0.914360556462654,160,2,1,0,0,1,0,2022,2023-2026,0,0.3579502764091687,0.0907124187393724,0.6164272890484741,0.7012522441651705,0.6833034111310592,0,606
C6210B1A223,CEA29EF1A99,reduced graphene oxide,thermal-gradient heat-transfer control,material_entity,device_mechanism,0.067571148276329,11,14,11,14,3,8,3,8,0.375,1,4,5,0.3333333333333333,0.6666666666666666,10,12,4,0.1904761904761904,1.0465720829360368,154,2,1,0,0,1,0,2022,2023-2026,1,0.4613355255224858,0.0701730936712302,0.5702872531418313,0.7010457809694792,0.6493043087971275,0,702
C25D09DDC57,C9B6878E079,Fe2+/Fe3+ solvation redox chemistry,photothermal-thermoelectric coupling,redox_chemistry,device_mechanism,0.1387590914964676,26,13,13,26,19,5,5,19,0.2631578947368421,8,3,11,0.3333333333333333,0.3333333333333333,27,4,3,0.0833333333333333,1.0048112346701925,338,2,1,0,0,0,1,2022,2023-2026,1,0.7381040196928699,0.1686465318402474,0.892100538599641,0.7010143626570916,0.8711624775583484,0,129
C7B823B5BB0,CD3462DB8FF,poly(vinyl alcohol) (PVA),CuSO4,material_entity,material_entity,0.3599397540092468,13,11,11,13,2,4,2,4,0.5,2,1,3,0.6666666666666666,0.0,0,9,3,0.1428571428571428,0.7431590073937577,143,2,1,1,1,0,0,2022,2023-2026,1,0.187077426070908,0.0788135038084753,0.5052064631956912,0.7009739676840216,0.5935592459605027,0,903
CDAC0413DCA,CE2D00B183C,gelatin-based polymer family,redox-kinetics enhancement,material_entity,electrode_interface,0.1061007529497146,20,8,8,20,4,2,2,4,0.5,4,0,4,1.3333333333333333,-0.3333333333333333,2,28,4,0.1666666666666666,1.0716177461468088,160,2,1,0,0,1,0,2022,2023-2026,1,0.4648030517702858,0.0183457803912004,0.2556552962298025,0.7002962298025134,0.4192324955116696,0,1433
