concept_u_id,concept_v_id,concept_u,concept_v,u_type,v_type,semantic_similarity,degree_u,degree_v,degree_min,degree_max,document_frequency_u,document_frequency_v,frequency_min,frequency_max,frequency_balance,recent_frequency_u,recent_frequency_v,recent_frequency_sum,trend_u,trend_v,age_u,age_v,common_neighbors,jaccard,adamic_adar,preferential_attachment,shortest_path,same_component,same_type,material_material_pair,material_mechanism_pair,mechanism_mechanism_pair,tg_history_frequency_u,tg_history_frequency_v,tg_history_frequency_sum,tg_both_concepts_seen,cutoff_year,future_window,future_edge_label,logistic_score,random_forest_score,ml_score,graph_score,hybrid_score,predicted_class,hybrid_rank
C275FB7C4B0,CEA29EF1A99,iodide/triiodide redox chemistry,thermal-gradient heat-transfer control,redox_chemistry,device_mechanism,0.01689484715461731,21,16,16,21,18,13,13,18,0.7222222222222222,9,7,16,1.6666666666666667,1.0,12,9,7,0.23333333333333334,2.4688725961030635,336,1,1,0,0,0,1,8,8,16,1,2022,2023-2026,0,0.9719658635444852,0.6552636448588572,0.9886266094420602,0.5517596566523604,0.9542918454935623,1,1
C7932B1CE8C,CE6FC512ED2,chaotropic polymer-water disruption,dynamic crosslinked gel network,gel_microstructure,gel_microstructure,0.4072316586971283,17,26,17,26,4,9,4,9,0.4444444444444444,2,7,9,0.0,1.6666666666666667,4,3,6,0.16216216216216217,1.854968954463927,442,1,1,1,0,0,1,5,2,7,1,2022,2023-2026,0,0.9507279661414306,0.590669618581366,0.9821888412017168,0.5524141630901287,0.9505364806866953,1,2
C25D09DDC57,C46747A02A1,Fe2+/Fe3+ solvation redox chemistry,ion-pairing and complexation,redox_chemistry,solvation_entropy,0.3792535662651062,17,30,17,30,10,16,10,16,0.625,5,8,13,1.0,1.0,29,11,7,0.175,2.402501452745169,510,1,1,0,0,0,1,19,4,23,1,2022,2023-2026,1,0.9881489691579479,0.4588779671000637,0.965236051502146,0.6210407725321888,0.9492489270386265,1,3
C872881EC3C,CA8C62A4868,gel-confined redox transport,redox reaction entropy,gel_microstructure,solvation_entropy,0.3110070824623108,19,19,19,19,8,7,7,8,0.875,8,4,12,2.6666666666666665,0.6666666666666666,2,8,5,0.15151515151515152,1.5412548881716557,361,1,1,0,0,0,1,7,11,18,1,2022,2023-2026,1,0.9979979393833658,0.7588189422288721,0.9989270386266095,0.4861587982832618,0.9484978540772532,1,4
C46747A02A1,C872881EC3C,ion-pairing and complexation,gel-confined redox transport,solvation_entropy,gel_microstructure,0.17344823479652405,30,19,19,30,16,8,8,16,0.5,8,8,16,1.0,2.6666666666666665,11,2,8,0.1951219512195122,2.8741884360098893,570,1,1,0,0,0,1,4,7,11,1,2022,2023-2026,1,0.9275936473628257,0.4879988157408745,0.961587982832618,0.626244635193133,0.9478540772532188,1,5
C78B8F896F7,CE6FC512ED2,polyacrylamide (PAM),dynamic crosslinked gel network,material_entity,gel_microstructure,0.3152129054069519,9,26,9,26,3,9,3,9,0.3333333333333333,3,7,10,1.0,1.6666666666666667,0,3,7,0.25,2.3141392855504677,234,1,1,0,0,1,0,2,2,4,1,2022,2023-2026,1,0.9137905244926736,0.4972903997309242,0.9633047210300429,0.5932618025751073,0.9437768240343347,1,6
C5E63317596,CE6FC512ED2,hierarchical porous electrode interface,dynamic crosslinked gel network,electrode_interface,gel_microstructure,0.22411268949508667,13,26,13,26,2,9,2,9,0.2222222222222222,2,7,9,0.6666666666666666,1.6666666666666667,0,3,8,0.25806451612903225,3.092943745522898,338,1,1,0,0,0,1,2,2,4,1,2022,2023-2026,0,0.9374191732187687,0.44164612767336675,0.9521459227467812,0.6318884120171674,0.9429184549356224,1,7
CA8C62A4868,CDAC0413DCA,redox reaction entropy,gelatin-based polymer family,solvation_entropy,material_entity,0.036155737936496735,19,20,19,20,7,7,7,7,1.0,4,7,11,0.6666666666666666,2.3333333333333335,8,2,6,0.18181818181818182,1.8113273293078758,380,1,1,0,0,1,0,11,4,15,1,2022,2023-2026,0,0.982302881933193,0.6426164719876626,0.9892703862660945,0.46859442060085843,0.9411480686695278,1,8
C275FB7C4B0,CBFAB31D6E6,iodide/triiodide redox chemistry,electrostatic interaction,redox_chemistry,solvation_entropy,0.21780970692634583,21,15,15,21,18,6,6,18,0.3333333333333333,9,3,12,1.6666666666666667,0.6666666666666666,12,7,5,0.16129032258064516,1.8489836169689646,315,1,1,0,0,0,1,8,1,9,1,2022,2023-2026,0,0.9272093403627998,0.7470997196594328,0.98862660944206,0.4813948497854077,0.9406652360515021,1,9
C5E63317596,CB25BC3FC14,hierarchical porous electrode interface,double/interpenetrating network,electrode_interface,gel_microstructure,0.3161391615867615,13,10,10,13,2,2,2,2,1.0,2,2,4,0.6666666666666666,0.6666666666666666,0,0,8,0.5333333333333333,2.965576940049781,130,1,1,0,0,0,1,2,1,3,1,2022,2023-2026,0,0.9917955282034272,0.4216270148536033,0.9519313304721029,0.6148175965665236,0.9378218884120172,1,10
C00DD823894,C275FB7C4B0,organic redox molecular design,iodide/triiodide redox chemistry,redox_chemistry,redox_chemistry,0.5952603220939636,10,21,10,21,8,18,8,18,0.4444444444444444,3,9,12,0.3333333333333333,1.6666666666666667,9,12,4,0.14814814814814814,1.5296860845014741,210,1,1,1,0,0,1,2,8,10,1,2022,2023-2026,0,0.9138272195828483,0.70624873355155,0.9858369098712446,0.4675858369098712,0.936480686695279,1,11
C4B2BA55977,C7932B1CE8C,KNO3,chaotropic polymer-water disruption,material_entity,gel_microstructure,0.14844824373722076,9,17,9,17,2,4,2,4,0.5,2,2,4,0.6666666666666666,0.0,2,4,6,0.3,2.0537736323421565,153,1,1,0,0,1,0,2,5,7,1,2022,2023-2026,0,0.9425856742858063,0.5806629269157859,0.9798283261802575,0.4785622317596567,0.9355150214592274,1,12
C00DD823894,C84C6A613D4,organic redox molecular design,cellulose nanofiber scaffold,redox_chemistry,gel_microstructure,0.16980096697807312,10,24,10,24,8,17,8,17,0.47058823529411764,3,15,18,0.3333333333333333,4.333333333333333,9,5,5,0.1724137931034483,2.1015974693616477,240,1,1,0,0,0,1,2,3,5,1,2022,2023-2026,0,0.9132924908947722,0.5756699501440131,0.975107296137339,0.49333690987124457,0.9334763948497855,1,13
C275FB7C4B0,C37031A3390,iodide/triiodide redox chemistry,cellulose,redox_chemistry,material_entity,0.05952562391757965,21,21,21,21,18,12,12,18,0.6666666666666666,9,10,19,1.6666666666666667,2.6666666666666665,12,5,6,0.16666666666666666,2.855803743958744,441,1,1,0,0,1,0,8,1,9,1,2022,2023-2026,0,0.8601474032387733,0.47874438944088815,0.9536480686695279,0.5543562231759657,0.9334763948497854,1,14
C84C6A613D4,CE6FC512ED2,cellulose nanofiber scaffold,dynamic crosslinked gel network,gel_microstructure,gel_microstructure,0.35850784182548523,24,26,24,26,17,9,9,17,0.5294117647058824,15,7,22,4.333333333333333,1.6666666666666667,5,3,7,0.16279069767441862,2.211822049929906,624,1,1,1,0,0,1,3,2,5,1,2022,2023-2026,1,0.9760895382766238,0.40450594639368476,0.9435622317596566,0.6318669527896995,0.9331545064377683,1,15
C3002C089A5,CEA29EF1A99,ionic thermodiffusion (Soret effect),thermal-gradient heat-transfer control,transport_mechanism,device_mechanism,0.31740042567253113,44,16,16,44,42,13,13,42,0.30952380952380953,26,7,33,5.666666666666667,1.0,23,9,4,0.07142857142857142,1.2816733263950075,704,1,1,0,0,0,1,15,8,23,1,2022,2023-2026,0,0.9935741619062579,0.5178470638452849,0.9781115879828326,0.46795064377682394,0.9318669527896997,1,16
C95D66F92B2,CDAC0413DCA,carbon nanotube family,gelatin-based polymer family,material_entity,material_entity,0.3682229518890381,27,20,20,27,33,7,7,33,0.21212121212121213,20,7,27,4.666666666666667,2.3333333333333335,13,2,6,0.14634146341463414,2.3432522806730107,540,1,1,1,1,0,0,11,4,15,1,2022,2023-2026,0,0.8077093014312923,0.45416887791744254,0.9439914163090128,0.6198605150214592,0.9314377682403434,1,17
C539540C36B,C96681C9193,nanochannel-confined ion transport,ion channels,transport_mechanism,transport_mechanism,0.7451199293136597,16,11,11,16,4,2,2,4,0.5,3,1,4,0.6666666666666666,0.0,4,3,8,0.42105263157894735,3.2315957591215136,176,1,1,1,0,0,1,0,1,1,0,2022,2023-2026,1,0.9278486361516445,0.3863319133560222,0.9291845493562232,0.6700536480686695,0.9303648068669528,1,18
C10D3798CF7,CF203EF8121,selective solvation,Eastman entropy of transfer,solvation_entropy,solvation_entropy,0.6834225654602051,9,11,9,11,3,7,3,7,0.42857142857142855,2,2,4,0.3333333333333333,-1.0,3,5,3,0.17647058823529413,1.0342458852254528,99,1,1,1,0,0,1,6,2,8,1,2022,2023-2026,0,0.9720205856755242,0.6940733810505851,0.9914163090128755,0.3736587982832618,0.926824034334764,1,19
C275FB7C4B0,CDF78985483,iodide/triiodide redox chemistry,nanocomposite,redox_chemistry,material_system,0.042283687740564346,21,21,21,21,18,13,13,18,0.7222222222222222,9,7,16,1.6666666666666667,0.3333333333333333,12,5,6,0.16666666666666666,2.1820785348921024,441,1,1,0,0,1,0,8,1,9,1,2022,2023-2026,0,0.8339585196646884,0.49022501228562276,0.9536480686695279,0.508851931330472,0.9255901287553647,1,20
C6210B1A223,C872881EC3C,reduced graphene oxide,gel-confined redox transport,material_entity,gel_microstructure,0.11788205802440643,7,19,7,19,3,8,3,8,0.375,3,8,11,1.0,2.6666666666666665,2,2,4,0.18181818181818182,1.1928575466578286,133,1,1,0,0,1,0,3,7,10,1,2022,2023-2026,0,0.9697937668845661,0.7624280367054306,0.9959227467811158,0.3474678111587983,0.9239270386266095,1,21
C3DA2C4151E,C84C6A613D4,aqueous electrolyte,cellulose nanofiber scaffold,material_system,gel_microstructure,0.23097766935825348,7,24,7,24,2,17,2,17,0.11764705882352941,1,15,16,0.3333333333333333,4.333333333333333,9,5,6,0.24,2.274750699956977,168,1,1,0,0,1,0,5,3,8,1,2022,2023-2026,0,0.7806768850245362,0.47161028523329146,0.9433476394849786,0.555332618025751,0.9207081545064377,1,22
C3002C089A5,CC5968B917E,ionic thermodiffusion (Soret effect),convection and mass transport,transport_mechanism,transport_mechanism,0.32778722047805786,44,11,11,44,42,8,8,42,0.19047619047619047,26,2,28,5.666666666666667,0.3333333333333333,23,23,6,0.12244897959183673,2.2628018084471613,484,1,1,1,0,0,1,15,11,26,1,2022,2023-2026,0,0.9837891325455785,0.3755061736911487,0.9302575107296137,0.5952896995708155,0.9197424892703863,1,23
CBFAB31D6E6,CEA29EF1A99,electrostatic interaction,thermal-gradient heat-transfer control,solvation_entropy,device_mechanism,0.028140723705291748,15,16,15,16,6,13,6,13,0.46153846153846156,3,7,10,0.6666666666666666,1.0,7,9,4,0.14814814814814814,1.6037296347557781,240,1,1,0,0,0,1,1,8,9,1,2022,2023-2026,0,0.898229659477377,0.6799772242654053,0.98068669527897,0.3696137339055794,0.9185622317596567,1,24
C6181968680,C7932B1CE8C,graphene,chaotropic polymer-water disruption,material_entity,gel_microstructure,0.10591890662908554,27,17,17,27,19,4,4,19,0.21052631578947367,12,2,14,3.0,0.0,10,4,5,0.1282051282051282,1.5300248165987316,459,1,1,0,0,1,0,6,5,11,1,2022,2023-2026,0,0.8866551130079804,0.5673137052131432,0.9703862660944207,0.41839055793991414,0.9182403433476395,1,25
C5E47CC0A62,CBFAB31D6E6,Hofmeister/chaotropic effect,electrostatic interaction,gel_microstructure,solvation_entropy,0.32156914472579956,12,15,12,15,3,6,3,6,0.5,2,3,5,0.3333333333333333,0.6666666666666666,4,7,3,0.125,1.4142885902049862,180,1,1,0,0,0,1,2,1,3,1,2022,2023-2026,0,0.9345248431587938,0.5571658219159913,0.9759656652360515,0.36658798283261806,0.9129828326180258,1,26
C63ED77BD64,C6C09287FDB,band engineering,high-entropy redox/ion coupling,solid_state_mechanism,solvation_entropy,0.15960346162319183,8,7,7,8,5,4,4,5,0.8,4,4,8,1.0,1.3333333333333333,3,2,3,0.25,0.8069873694907367,56,1,1,0,0,0,1,0,2,2,0,2022,2023-2026,0,0.9709270486697508,0.6734455808265863,0.9892703862660945,0.30309012875536484,0.9123927038626609,1,27
C555F4672C1,C6C09287FDB,configurational-entropy modulation,high-entropy redox/ion coupling,phase_or_species_transition,solvation_entropy,0.6008002758026123,7,7,7,7,4,4,4,4,1.0,3,4,7,0.6666666666666666,1.3333333333333333,4,2,2,0.16666666666666666,0.5100131651173666,49,1,1,0,0,0,1,0,2,2,0,2022,2023-2026,0,0.9772308450703207,0.6079690866966801,0.986695278969957,0.3156545064377683,0.9114806866952789,1,28
C5DEA4DF37C,CFBB5A400A1,Zn4Sb3,cation-anion thermodiffusion asymmetry,material_entity,transport_mechanism,0.1335853636264801,8,8,8,8,5,5,5,5,1.0,4,3,7,1.0,0.6666666666666666,5,6,4,0.3333333333333333,1.1118605312856091,64,1,1,0,0,1,0,0,3,3,0,2022,2023-2026,0,0.9171824918835643,0.59877186457188,0.9789699570815451,0.343980686695279,0.9113733905579399,1,29
C872881EC3C,CB314592CFB,gel-confined redox transport,precipitation and species redistribution,gel_microstructure,phase_or_species_transition,0.11393225193023682,19,11,11,19,8,5,5,8,0.625,8,3,11,2.6666666666666665,1.0,2,6,2,0.07142857142857142,1.1645740047708797,209,1,1,0,0,0,1,7,0,7,0,2022,2023-2026,1,0.9887578071447131,0.6958860220711801,0.994635193133047,0.265,0.9092274678111588,1,30
C188B56F6F1,CEA29EF1A99,ion-selectivity membrane transport,thermal-gradient heat-transfer control,transport_mechanism,device_mechanism,0.167332261800766,41,16,16,41,23,13,13,23,0.5652173913043478,11,7,18,2.0,1.0,23,9,3,0.05555555555555555,1.0906234997787672,656,1,1,0,0,0,1,9,8,17,1,2022,2023-2026,0,0.9501439183095646,0.5220733002376355,0.9733905579399142,0.3489699570815451,0.9078326180257512,1,31
C78B8F896F7,CDAC0413DCA,polyacrylamide (PAM),gelatin-based polymer family,material_entity,material_entity,0.5110007524490356,9,20,9,20,3,7,3,7,0.42857142857142855,3,7,10,1.0,2.3333333333333335,0,2,3,0.11538461538461539,1.080845430228495,180,1,1,1,1,0,0,2,4,6,1,2022,2023-2026,0,0.7946212836071704,0.538078365150659,0.9583690987124464,0.37939914163090127,0.9055793991416309,1,32
C3002C089A5,C9642D16DCA,ionic thermodiffusion (Soret effect),graphene oxide,transport_mechanism,material_entity,0.11092830449342728,44,17,17,44,42,9,9,42,0.21428571428571427,26,5,31,5.666666666666667,1.0,23,10,7,0.12962962962962962,2.093683860256961,748,1,1,0,0,1,0,15,4,19,1,2022,2023-2026,1,0.9016750943253145,0.37485420292988225,0.9186695278969957,0.5539377682403434,0.901931330472103,1,33
C78B8F896F7,CB25BC3FC14,polyacrylamide (PAM),double/interpenetrating network,material_entity,gel_microstructure,0.25873512029647827,9,10,9,10,3,2,2,3,0.6666666666666666,3,2,5,1.0,0.6666666666666666,0,0,3,0.1875,0.91001838518986,90,1,1,0,0,1,0,2,1,3,1,2022,2023-2026,1,0.9469672149252752,0.5040509411887413,0.9684549356223175,0.3248712446351931,0.9016094420600859,1,34
C5E63317596,CC028ABF9C6,hierarchical porous electrode interface,anti-freezing organohydrogel design,electrode_interface,gel_microstructure,0.19471560418605804,13,36,13,36,2,15,2,15,0.13333333333333333,2,7,9,0.6666666666666666,1.0,0,15,7,0.16666666666666666,2.7870079079820753,468,1,1,0,0,0,1,2,6,8,1,2022,2023-2026,0,0.9127078489643418,0.36403446992866895,0.9148068669527898,0.5713733905579399,0.9012875536480686,1,35
C46747A02A1,C78B8F896F7,ion-pairing and complexation,polyacrylamide (PAM),solvation_entropy,material_entity,0.15182921290397644,30,9,9,30,16,3,3,16,0.1875,8,3,11,1.0,1.0,11,0,5,0.14705882352941177,2.011015187966901,270,1,1,0,0,1,0,4,2,6,1,2022,2023-2026,1,0.7496033756593294,0.4424823347858432,0.9328326180257511,0.45443133047210293,0.8989270386266094,0,36
C10C4FF4B6C,C4B2BA55977,hydrogen bonding,KNO3,solvation_entropy,material_entity,0.226997971534729,18,9,9,18,8,2,2,8,0.25,3,2,5,0.3333333333333333,0.6666666666666666,18,2,4,0.17391304347826086,1.4265705795172456,162,1,1,0,0,1,0,5,2,7,1,2022,2023-2026,0,0.7126228196802161,0.5432400806306827,0.9517167381974249,0.3833261802575107,0.8987124463519314,0,37
C10C4FF4B6C,C6181968680,hydrogen bonding,graphene,solvation_entropy,material_entity,0.15769872069358826,18,27,18,27,8,19,8,19,0.42105263157894735,3,12,15,0.3333333333333333,3.0,18,10,5,0.125,1.537004684202299,486,1,1,0,0,1,0,5,6,11,1,2022,2023-2026,0,0.563783482867496,0.5457767442012961,0.9401287553648068,0.4375643776824034,0.8982832618025751,0,38
C78D65254F9,CA8C62A4868,phase transition,redox reaction entropy,phase_or_species_transition,solvation_entropy,0.2062896490097046,51,19,19,51,48,7,7,48,0.14583333333333334,17,4,21,1.3333333333333333,0.6666666666666666,19,8,5,0.07692307692307693,1.6856513062938614,969,1,1,0,0,0,1,5,11,16,1,2022,2023-2026,1,0.5464916239283911,0.49596479104931823,0.9270386266094421,0.48520386266094423,0.898175965665236,0,39
C25D09DDC57,CE4B0E242E7,Fe2+/Fe3+ solvation redox chemistry,interfacial charge transfer,redox_chemistry,electrode_interface,0.19257548451423645,17,35,17,35,10,21,10,21,0.47619047619047616,5,8,13,1.0,1.3333333333333333,29,29,7,0.15555555555555556,2.4155170907251637,595,1,1,0,0,0,1,19,6,25,1,2022,2023-2026,1,0.9322851746014512,0.35088411261766317,0.9105150214592275,0.5703755364806866,0.898068669527897,0,40
C5B8C057FAD,CEA29EF1A99,metal oxide,thermal-gradient heat-transfer control,material_system,device_mechanism,0.029888050630688667,13,16,13,16,9,13,9,13,0.6923076923076923,4,7,11,1.0,1.0,21,9,3,0.11538461538461539,1.4094872683363937,208,1,1,0,0,1,0,2,8,10,1,2022,2023-2026,0,0.77473991112313,0.6267216585587982,0.9643776824034335,0.3098068669527897,0.8960300429184549,0,41
C3002C089A5,C5DEA4DF37C,ionic thermodiffusion (Soret effect),Zn4Sb3,transport_mechanism,material_entity,0.208962082862854,44,8,8,44,42,5,5,42,0.11904761904761904,26,4,30,5.666666666666667,1.0,23,5,5,0.10638297872340426,1.5708003788368328,352,1,1,0,0,1,0,15,0,15,0,2022,2023-2026,0,0.9426939086272675,0.3792984103464174,0.9276824034334763,0.46770386266094416,0.8960300429184549,0,42
C6181968680,CE6FC512ED2,graphene,dynamic crosslinked gel network,material_entity,gel_microstructure,0.18316030502319336,27,26,26,27,19,9,9,19,0.47368421052631576,12,7,19,3.0,1.6666666666666667,10,3,11,0.2619047619047619,3.330433542962934,702,1,1,0,0,1,0,6,2,8,1,2022,2023-2026,0,0.672482854585262,0.34901626618158377,0.8832618025751073,0.7025858369098713,0.8955472103004292,0,43
C6181968680,C84C6A613D4,graphene,cellulose nanofiber scaffold,material_entity,gel_microstructure,0.19925753772258759,27,24,24,27,19,17,17,19,0.8947368421052632,12,15,27,3.0,4.333333333333333,10,5,8,0.18604651162790697,2.293906889565869,648,1,1,0,0,1,0,6,3,9,1,2022,2023-2026,1,0.8331490843570761,0.34746325482365975,0.8976394849785407,0.6253648068669528,0.8951716738197424,0,44
CB25BC3FC14,CC028ABF9C6,double/interpenetrating network,anti-freezing organohydrogel design,gel_microstructure,gel_microstructure,0.4043886065483093,10,36,10,36,2,15,2,15,0.13333333333333333,2,7,9,0.6666666666666666,1.0,0,15,7,0.1794871794871795,2.7425846713301034,360,1,1,1,0,0,1,1,6,7,1,2022,2023-2026,1,0.9275489101137169,0.3406859072267524,0.9030042918454936,0.6183690987124463,0.8950643776824035,0,45
C3DA2C4151E,C539540C36B,aqueous electrolyte,nanochannel-confined ion transport,material_system,transport_mechanism,0.24439415335655212,7,16,7,16,2,4,2,4,0.5,1,3,4,0.3333333333333333,0.6666666666666666,9,4,6,0.35294117647058826,2.2287349201788613,112,1,1,0,0,1,0,5,0,5,0,2022,2023-2026,0,0.8964434263071954,0.37350132415018067,0.9167381974248927,0.5205364806866953,0.894098712446352,0,46
C08389FD6C6,C9642D16DCA,moisture-gradient ion transport,graphene oxide,transport_mechanism,material_entity,0.05323181673884392,32,17,17,32,27,9,9,27,0.3333333333333333,17,5,22,3.6666666666666665,1.0,20,10,7,0.16666666666666666,2.069402222015614,544,1,1,0,0,1,0,4,4,8,1,2022,2023-2026,0,0.5500487077254514,0.4265033652099765,0.9100858369098712,0.5409656652360515,0.8915236051502146,0,47
C8AD5B453CC,CC5968B917E,ion diffusion,convection and mass transport,transport_mechanism,transport_mechanism,0.5085238218307495,41,11,11,41,19,8,8,19,0.42105263157894735,12,2,14,3.0,0.3333333333333333,23,23,7,0.15555555555555556,2.644076524175235,451,1,1,1,0,0,1,2,11,13,1,2022,2023-2026,0,0.7217559174905467,0.3473542022030145,0.8862660944206008,0.6364055793991416,0.8910944206008584,0,48
CB56BB4DDB0,CDF78985483,carbon-electrode redox interface,nanocomposite,electrode_interface,material_system,0.1187748834490776,13,21,13,21,5,13,5,13,0.38461538461538464,1,7,8,-0.3333333333333333,0.3333333333333333,9,5,4,0.13333333333333333,1.3940767568525712,273,1,1,0,0,1,0,7,1,8,1,2022,2023-2026,0,0.757038710002879,0.5086126390925438,0.9487124463519313,0.3514377682403434,0.890665236051502,0,49
C6C76863E52,CC028ABF9C6,copper electrode,anti-freezing organohydrogel design,material_entity,gel_microstructure,0.15298691391944885,5,36,5,36,3,15,3,15,0.2,1,7,8,0.3333333333333333,1.0,10,15,3,0.07894736842105263,0.9359267358346448,180,1,1,0,0,1,0,3,6,9,1,2022,2023-2026,1,0.8996708078289234,0.5253573137127568,0.967167381974249,0.2607296137339056,0.890343347639485,0,50
CDF78985483,CEA29EF1A99,nanocomposite,thermal-gradient heat-transfer control,material_system,device_mechanism,-0.027738753706216812,21,16,16,21,13,13,13,13,1.0,7,7,14,0.3333333333333333,1.0,5,9,3,0.08823529411764706,0.9131382283580586,336,1,1,0,0,1,0,1,8,9,1,2022,2023-2026,0,0.904449087557898,0.46601606909594523,0.9560085836909872,0.2869635193133047,0.8889484978540773,0,51
C58F3B85353,CA8C62A4868,thermoresponsive micellization p/n conversion,redox reaction entropy,phase_or_species_transition,solvation_entropy,0.25184065103530884,4,19,4,19,2,7,2,7,0.2857142857142857,1,4,5,0.0,0.6666666666666666,5,8,1,0.045454545454545456,0.4170323914242463,76,1,1,0,0,0,1,1,11,12,1,2022,2023-2026,0,0.9872745939800647,0.5092994464183213,0.9761802575107296,0.19070815450643777,0.8889484978540773,0,52
C06F57A9BCA,CC028ABF9C6,polymer electrolyte,anti-freezing organohydrogel design,material_system,gel_microstructure,0.21897569298744202,13,36,13,36,9,15,9,15,0.6,4,7,11,0.6666666666666666,1.0,19,15,5,0.11363636363636363,1.7602186807440212,468,1,1,0,0,1,0,2,6,8,1,2022,2023-2026,0,0.7820714697297494,0.4047252051446272,0.9225321888412017,0.46511802575107297,0.888519313304721,0,53
C275FB7C4B0,CCFD9A81EEE,iodide/triiodide redox chemistry,solid electrolyte,redox_chemistry,material_system,0.20955462753772736,21,11,11,21,18,8,8,18,0.4444444444444444,9,3,12,1.6666666666666667,0.6666666666666666,12,25,3,0.10344827586206896,1.271896442571601,231,1,1,0,0,1,0,8,1,9,1,2022,2023-2026,0,0.48047570772125353,0.7162436388265628,0.9448497854077254,0.34700643776824036,0.8879828326180257,0,54
C00DD823894,C65E336E20C,organic redox molecular design,TEMPO,redox_chemistry,material_entity,0.535311222076416,10,6,6,10,8,2,2,8,0.25,3,2,5,0.3333333333333333,0.6666666666666666,9,0,5,0.45454545454545453,1.8581448232545252,60,1,1,0,0,1,0,2,0,2,0,2022,2023-2026,1,0.8034403936752547,0.3694356431484422,0.9072961373390558,0.5132081545064378,0.88637339055794,0,55
C438FE53FF1,CC5968B917E,lithium chloride (LiCl),convection and mass transport,material_entity,transport_mechanism,0.061038292944431305,6,11,6,11,4,8,4,8,0.5,2,2,4,0.3333333333333333,0.3333333333333333,23,23,4,0.3076923076923077,1.2687730031078666,66,1,1,0,0,1,0,2,11,13,1,2022,2023-2026,0,0.6500119983293915,0.5365635329991041,0.944206008583691,0.33368025751072955,0.8843347639484979,0,56
C00DD823894,C77E2C49599,organic redox molecular design,bacterial cellulose,redox_chemistry,material_entity,0.15758848190307617,10,6,6,10,8,3,3,8,0.375,3,3,6,0.3333333333333333,1.0,9,0,3,0.23076923076923078,1.201227345748423,60,1,1,0,0,1,0,2,0,2,0,2022,2023-2026,0,0.7248630941589548,0.506041329674312,0.9465665236051501,0.3210944206008584,0.8840128755364807,0,57
C00DD823894,C37031A3390,organic redox molecular design,cellulose,redox_chemistry,material_entity,0.15852870047092438,10,21,10,21,8,12,8,12,0.6666666666666666,3,10,13,0.3333333333333333,2.6666666666666665,9,5,4,0.14814814814814814,1.7593379722996705,210,1,1,0,0,1,0,2,1,3,1,2022,2023-2026,0,0.810126960607985,0.40373726631119455,0.9246781115879829,0.4115557939914163,0.8820278969957083,0,58
C845F498233,CC028ABF9C6,ion-dipole interaction,anti-freezing organohydrogel design,solvation_entropy,gel_microstructure,0.11702323704957962,5,36,5,36,2,15,2,15,0.13333333333333333,1,7,8,0.0,1.0,3,15,3,0.07894736842105263,1.2855973198204504,180,1,1,0,0,0,1,1,6,7,1,2022,2023-2026,0,0.9684891089120413,0.4256706168939173,0.9508583690987125,0.27785407725321887,0.8801502145922747,0,59
C7B823B5BB0,C84C6A613D4,poly(vinyl alcohol) (PVA),cellulose nanofiber scaffold,material_entity,gel_microstructure,0.2790495753288269,21,24,21,24,11,17,11,17,0.6470588235294118,6,15,21,1.3333333333333333,4.333333333333333,8,5,5,0.125,1.4629403969792285,504,1,1,0,0,1,0,2,3,5,1,2022,2023-2026,1,0.6670188004845007,0.39532396029795325,0.9060085836909871,0.4932510729613733,0.8792918454935623,0,60
C78D65254F9,CB314592CFB,phase transition,precipitation and species redistribution,phase_or_species_transition,phase_or_species_transition,0.784670352935791,51,11,11,51,48,5,5,48,0.10416666666666667,17,3,20,1.3333333333333333,1.0,19,6,5,0.08771929824561403,2.072625993380175,561,1,1,1,0,0,1,5,0,5,0,2022,2023-2026,1,0.31703042610740617,0.42477457903533056,0.884334763948498,0.5733261802575107,0.8791845493562231,0,61
C8AD5B453CC,CBA7A0F0CA3,ion diffusion,thermogalvanic redox conversion,transport_mechanism,device_mechanism,0.19316214323043823,41,23,23,41,19,11,11,19,0.5789473684210527,12,7,19,3.0,1.0,23,5,6,0.10344827586206896,2.150405546114506,943,1,1,0,0,0,1,2,41,43,1,2022,2023-2026,0,0.9993844489886337,0.32623590219501225,0.8952789699570816,0.542832618025751,0.8786480686695279,0,62
CBFAB31D6E6,CC028ABF9C6,electrostatic interaction,anti-freezing organohydrogel design,solvation_entropy,gel_microstructure,0.17557024955749512,15,36,15,36,6,15,6,15,0.4,3,7,10,0.6666666666666666,1.0,7,15,6,0.13333333333333333,2.3099031006986555,540,1,1,0,0,0,1,1,6,7,1,2022,2023-2026,0,0.8903690318995797,0.33957778150496465,0.8959227467811159,0.5190021459227468,0.877038626609442,0,63
C08389FD6C6,C5FBBE86551,moisture-gradient ion transport,polyvinylidene fluoride (PVDF),transport_mechanism,material_entity,0.14443819224834442,32,3,3,32,27,5,5,27,0.18518518518518517,17,4,21,3.6666666666666665,1.0,20,3,1,0.029411764705882353,0.6213349345596119,96,1,1,0,0,1,0,4,3,7,1,2022,2023-2026,0,0.893478942748974,0.4601997959004802,0.9534334763948498,0.21336909871244636,0.8766094420600858,0,64
C590DF9EFD4,CBFAB31D6E6,organohydrogel,electrostatic interaction,material_system,solvation_entropy,0.1696915179491043,7,15,7,15,2,6,2,6,0.3333333333333333,2,3,5,0.6666666666666666,0.6666666666666666,1,7,3,0.15789473684210525,1.3028198522170802,105,1,1,0,0,1,0,1,1,2,1,2022,2023-2026,0,0.8162088361594413,0.44052388375313356,0.9390557939914164,0.3116738197424893,0.8760729613733906,0,65
C7507F5D319,C872881EC3C,ClO4,gel-confined redox transport,material_entity,gel_microstructure,0.15031501650810242,4,19,4,19,2,8,2,8,0.25,2,8,10,0.6666666666666666,2.6666666666666665,0,2,2,0.09523809523809523,0.7491337171086248,76,1,1,0,0,1,0,0,7,7,0,2022,2023-2026,0,0.9462311667115136,0.43694545407776886,0.9519313304721029,0.22489270386266094,0.8752682403433477,0,66
C78D65254F9,CC5968B917E,phase transition,convection and mass transport,phase_or_species_transition,transport_mechanism,0.21482259035110474,51,11,11,51,48,8,8,48,0.16666666666666666,17,2,19,1.3333333333333333,0.3333333333333333,19,23,4,0.06896551724137931,1.5799918183720008,561,1,1,0,0,0,1,5,11,16,1,2022,2023-2026,0,0.40867060004664296,0.48925382342664775,0.9109442060085837,0.4293669527896995,0.8736051502145923,0,67
C7B3E023ED0,CA8C62A4868,Cu2Se,redox reaction entropy,material_entity,solvation_entropy,0.17143550515174866,18,19,18,19,17,7,7,17,0.4117647058823529,8,4,12,1.3333333333333333,0.6666666666666666,11,8,3,0.08823529411764706,0.8619764497972182,342,1,1,0,0,1,0,0,11,11,0,2022,2023-2026,0,0.8067267710557636,0.42420885704674277,0.9317596566523605,0.3074141630901288,0.8734978540772532,0,68
C8AD5B453CC,CF203EF8121,ion diffusion,Eastman entropy of transfer,transport_mechanism,solvation_entropy,0.46242058277130127,41,11,11,41,19,7,7,19,0.3684210526315789,12,2,14,3.0,-1.0,23,5,2,0.04,0.5831863588402464,451,1,1,0,0,0,1,2,2,4,1,2022,2023-2026,0,0.8775576184681284,0.3927409381189949,0.9253218884120171,0.3447103004291845,0.8721030042918455,0,69
C275FB7C4B0,C520B85DE7A,iodide/triiodide redox chemistry,grain-boundary scattering,redox_chemistry,solid_state_mechanism,0.06932681798934937,21,6,6,21,18,3,3,18,0.16666666666666666,9,2,11,1.6666666666666667,0.6666666666666666,12,6,3,0.125,1.3644642396416575,126,1,1,0,0,0,1,8,0,8,0,2022,2023-2026,0,0.9114133268956107,0.3964983875158587,0.9306866952789701,0.2996351931330472,0.871030042918455,0,70
C696BC0A1E1,C9642D16DCA,carbon electrode,graphene oxide,electrode_interface,material_entity,0.44466957449913025,10,17,10,17,3,9,3,9,0.3333333333333333,0,5,5,-0.3333333333333333,1.0,9,10,3,0.125,1.0217430595466104,170,1,1,0,0,1,0,1,4,5,1,2022,2023-2026,0,0.5877383438757401,0.4430662883294509,0.9208154506437769,0.3535193133047211,0.8680257510729614,0,71
C0783369D77,C3F66DD37CA,PEDOT family,H2O,material_entity,material_entity,0.32875505089759827,44,10,10,44,55,4,4,55,0.07272727272727272,34,2,36,6.0,0.6666666666666666,10,8,4,0.08,1.7657873408836038,440,1,1,1,1,0,0,2,2,4,1,2022,2023-2026,0,0.5068582060281787,0.3763482782115323,0.8845493562231759,0.5023497854077253,0.867489270386266,0,72
C10C4FF4B6C,CAEB010ACF4,hydrogen bonding,polyethylene glycol (PEG),solvation_entropy,material_entity,0.19249212741851807,18,20,18,20,8,7,7,8,0.875,3,3,6,0.3333333333333333,0.3333333333333333,18,8,4,0.11764705882352941,1.2423521891127987,360,1,1,0,0,1,0,5,0,5,0,2022,2023-2026,1,0.6864782370819454,0.4174312731989796,0.9173819742489271,0.36274678111587977,0.8669527896995709,0,73
C3002C089A5,C438FE53FF1,ionic thermodiffusion (Soret effect),lithium chloride (LiCl),transport_mechanism,material_entity,0.26728183031082153,44,6,6,44,42,4,4,42,0.09523809523809523,26,2,28,5.666666666666667,0.3333333333333333,23,23,4,0.08695652173913043,1.4706263219939042,264,1,1,0,0,1,0,15,2,17,1,2022,2023-2026,0,0.8750768429856678,0.3535260934402487,0.9045064377682404,0.4332832618025751,0.8657725321888412,0,74
C06F57A9BCA,C46747A02A1,polymer electrolyte,ion-pairing and complexation,material_system,solvation_entropy,0.24610957503318787,13,30,13,30,9,16,9,16,0.5625,4,8,12,0.6666666666666666,1.0,19,11,2,0.04878048780487805,0.949793673312663,390,1,1,0,0,1,0,2,4,6,1,2022,2023-2026,0,0.785297014993678,0.408291135922056,0.9246781115879829,0.3154613733905579,0.8655042918454937,0,75
C7932B1CE8C,CAEB010ACF4,chaotropic polymer-water disruption,polyethylene glycol (PEG),gel_microstructure,material_entity,0.34532684087753296,17,20,17,20,4,7,4,7,0.5714285714285714,2,3,5,0.0,0.3333333333333333,4,8,4,0.12121212121212122,1.2353723215092312,340,1,1,0,0,1,0,5,0,5,0,2022,2023-2026,0,0.7610818538798637,0.3791973241988697,0.9062231759656653,0.4018669527896996,0.865343347639485,0,76
C0783369D77,CBFAB31D6E6,PEDOT family,electrostatic interaction,material_entity,solvation_entropy,0.2529991865158081,44,15,15,44,55,6,6,55,0.10909090909090909,34,3,37,6.0,0.6666666666666666,10,7,3,0.05357142857142857,1.1334655195437446,660,1,1,0,0,1,0,2,1,3,1,2022,2023-2026,1,0.8365574244552645,0.3616638660884329,0.9049356223175966,0.41491416309012874,0.8646995708154506,0,77
C3F66DD37CA,C46747A02A1,H2O,ion-pairing and complexation,material_entity,solvation_entropy,0.30991536378860474,10,30,10,30,4,16,4,16,0.25,2,8,10,0.6666666666666666,1.0,8,11,2,0.05263157894736842,0.4973326416449547,300,1,1,0,0,1,0,2,4,6,1,2022,2023-2026,0,0.7880323949675528,0.41290661825866853,0.9259656652360515,0.2905579399141631,0.8643776824034335,0,78
C188B56F6F1,C275FB7C4B0,ion-selectivity membrane transport,iodide/triiodide redox chemistry,transport_mechanism,redox_chemistry,0.24240480363368988,41,21,21,41,23,18,18,23,0.782608695652174,11,9,20,2.0,1.6666666666666667,23,12,6,0.10714285714285714,2.4234368053508732,861,1,1,0,0,0,1,9,8,17,1,2022,2023-2026,0,0.898176634011038,0.2929561734915783,0.865450643776824,0.5809871244635193,0.8635193133047211,0,79
C37031A3390,CE6FC512ED2,cellulose,dynamic crosslinked gel network,material_entity,gel_microstructure,0.25705650448799133,21,26,21,26,12,9,9,12,0.75,10,7,17,2.6666666666666665,1.6666666666666667,5,3,6,0.14634146341463414,1.9649460199124709,546,1,1,0,0,1,0,1,2,3,1,2022,2023-2026,1,0.9126414686823731,0.30428021498789937,0.8733905579399142,0.5535729613733905,0.863519313304721,0,80
CF4A6A0344F,CFBB5A400A1,ion migration,cation-anion thermodiffusion asymmetry,transport_mechanism,transport_mechanism,0.4187971353530884,27,8,8,27,17,5,5,17,0.29411764705882354,9,3,12,2.3333333333333335,0.6666666666666666,29,6,5,0.16666666666666666,1.5778848108841106,216,1,1,1,0,0,1,1,3,4,1,2022,2023-2026,1,0.6484101722341318,0.3446657772422488,0.8778969957081545,0.4936909871244636,0.8592274678111587,0,81
C08389FD6C6,C96681C9193,moisture-gradient ion transport,ion channels,transport_mechanism,transport_mechanism,0.6929123401641846,32,11,11,32,27,2,2,27,0.07407407407407407,17,1,18,3.6666666666666665,0.0,20,3,5,0.13157894736842105,1.4384037240299619,352,1,1,1,0,0,1,4,1,5,1,2022,2023-2026,0,0.8926457829857979,0.3109483407000981,0.8733905579399142,0.5167703862660944,0.8578862660944205,0,82
C1AAB990F48,CDAC0413DCA,SiO2,gelatin-based polymer family,material_entity,material_entity,0.22405178844928741,3,20,3,20,4,7,4,7,0.5714285714285714,3,7,10,0.6666666666666666,2.3333333333333335,4,2,1,0.045454545454545456,0.30341307554227914,60,1,1,1,1,0,0,1,4,5,1,2022,2023-2026,0,0.8452051979063527,0.407431185645012,0.930472103004292,0.1930901287553648,0.8575107296137339,0,83
C2AB2ABA9A6,CC028ABF9C6,dimethyl sulfoxide (DMSO),anti-freezing organohydrogel design,material_entity,gel_microstructure,0.13953441381454468,11,36,11,36,7,15,7,15,0.4666666666666667,1,7,8,-1.3333333333333333,1.0,9,15,5,0.11904761904761904,1.5484573801304784,396,1,1,0,0,1,0,1,6,7,1,2022,2023-2026,1,0.7080146268331577,0.3673854030267419,0.896137339055794,0.39730686695278966,0.8564377682403433,0,84
C78D65254F9,CBFAB31D6E6,phase transition,electrostatic interaction,phase_or_species_transition,solvation_entropy,0.20959270000457764,51,15,15,51,48,6,6,48,0.125,17,3,20,1.3333333333333333,0.6666666666666666,19,7,5,0.08196721311475409,1.3388441184181057,765,1,1,0,0,0,1,5,1,6,1,2022,2023-2026,0,0.23025205754071215,0.45318817870537254,0.8841201716738197,0.449206008583691,0.8557939914163091,0,85
C2DA63DEF6B,CC028ABF9C6,NO3,anti-freezing organohydrogel design,material_entity,gel_microstructure,0.1703425645828247,7,36,7,36,2,15,2,15,0.13333333333333333,0,7,7,0.0,1.0,15,15,5,0.13157894736842105,1.7795315983136806,252,1,1,0,0,1,0,1,6,7,1,2022,2023-2026,0,0.6733662605252755,0.3665251762823904,0.892274678111588,0.41695278969957084,0.8553648068669527,0,86
C3002C089A5,C8739CADFFB,ionic thermodiffusion (Soret effect),P3HT,transport_mechanism,material_entity,0.19558118283748627,44,6,6,44,42,4,4,42,0.09523809523809523,26,3,29,5.666666666666667,0.6666666666666666,23,3,3,0.06382978723404255,1.9884069869559235,264,1,1,0,0,1,0,15,0,15,0,2022,2023-2026,0,0.9794558659382989,0.31591683086976463,0.886480686695279,0.42400214592274676,0.8550429184549356,0,87
C08389FD6C6,C539540C36B,moisture-gradient ion transport,nanochannel-confined ion transport,transport_mechanism,transport_mechanism,0.6501357555389404,32,16,16,32,27,4,4,27,0.14814814814814814,17,3,20,3.6666666666666665,0.6666666666666666,20,4,8,0.2,3.1404091538594567,512,1,1,1,0,0,1,4,0,4,0,2022,2023-2026,0,0.7852781015255544,0.2711165348820099,0.8360515021459227,0.7258690987124463,0.8549356223175966,0,88
C188B56F6F1,CB25BC3FC14,ion-selectivity membrane transport,double/interpenetrating network,transport_mechanism,gel_microstructure,0.1780344545841217,41,10,10,41,23,2,2,23,0.08695652173913043,11,2,13,2.0,0.6666666666666666,23,0,8,0.18604651162790697,3.2074770898547547,410,1,1,0,0,0,1,9,1,10,1,2022,2023-2026,0,0.8514939340152593,0.2797445188017203,0.8515021459227468,0.614216738197425,0.8541845493562232,0,89
C00DD823894,CDF78985483,organic redox molecular design,nanocomposite,redox_chemistry,material_system,0.12568648159503937,10,21,10,21,8,13,8,13,0.6153846153846154,3,7,10,0.3333333333333333,0.3333333333333333,9,5,3,0.10714285714285714,1.201227345748423,210,1,1,0,0,1,0,2,1,3,1,2022,2023-2026,0,0.7815516832398599,0.3916276466626853,0.9143776824034335,0.30414163090128754,0.8535407725321889,0,90
C275FB7C4B0,CFC9D296861,iodide/triiodide redox chemistry,Bi2Se3,redox_chemistry,material_entity,0.12901075184345245,21,17,17,21,18,8,8,18,0.4444444444444444,9,2,11,1.6666666666666667,-0.3333333333333333,12,12,2,0.05555555555555555,0.6501076631327556,357,1,1,0,0,1,0,8,0,8,0,2022,2023-2026,0,0.7169384816048026,0.4201636919301188,0.9214592274678112,0.25309012875536485,0.8526824034334765,0,91
C275FB7C4B0,C65E336E20C,iodide/triiodide redox chemistry,TEMPO,redox_chemistry,material_entity,0.4270550608634949,21,6,6,21,18,2,2,18,0.1111111111111111,9,2,11,1.6666666666666667,0.6666666666666666,12,0,4,0.17391304347826086,1.4058699398534789,126,1,1,0,0,1,0,8,0,8,0,2022,2023-2026,0,0.8321431795299606,0.33227896247082306,0.8828326180257511,0.4381759656652361,0.8512875536480687,0,92
C08389FD6C6,C1AAB990F48,moisture-gradient ion transport,SiO2,transport_mechanism,material_entity,0.1719580888748169,32,3,3,32,27,4,4,27,0.14814814814814814,17,3,20,3.6666666666666665,0.6666666666666666,20,4,1,0.029411764705882353,0.30341307554227914,96,1,1,0,0,1,0,4,1,5,1,2022,2023-2026,0,0.8276478930807505,0.39960290095442097,0.9244635193133047,0.20408798283261803,0.8496781115879829,0,93
C4B2BA55977,C7B823B5BB0,KNO3,poly(vinyl alcohol) (PVA),material_entity,material_entity,0.3960338830947876,9,21,9,21,2,11,2,11,0.18181818181818182,2,6,8,0.6666666666666666,1.3333333333333333,2,8,4,0.15384615384615385,1.444088097025388,189,1,1,1,1,0,0,2,2,4,1,2022,2023-2026,0,0.3443753340610713,0.40094194799759836,0.8774678111587982,0.42946351931330473,0.8466738197424892,0,94
C06F57A9BCA,C9642D16DCA,polymer electrolyte,graphene oxide,material_system,material_entity,0.2922075390815735,13,17,13,17,9,9,9,9,1.0,4,5,9,0.6666666666666666,1.0,19,10,2,0.07142857142857142,0.5919520837200718,221,1,1,0,1,0,0,2,4,6,1,2022,2023-2026,0,0.4497919438486294,0.4492670131731618,0.9070815450643777,0.28450643776824036,0.846244635193133,0,95
C188B56F6F1,C78B8F896F7,ion-selectivity membrane transport,polyacrylamide (PAM),transport_mechanism,material_entity,0.04375172033905983,41,9,9,41,23,3,3,23,0.13043478260869565,11,3,14,2.0,1.0,23,0,4,0.08695652173913043,1.3843388775305625,369,1,1,0,0,1,0,9,2,11,1,2022,2023-2026,0,0.7818614121595229,0.35648322373127217,0.8957081545064378,0.34709227467811155,0.8456008583690987,0,96
C46747A02A1,CE6FC512ED2,ion-pairing and complexation,dynamic crosslinked gel network,solvation_entropy,gel_microstructure,0.18019714951515198,30,26,26,30,16,9,9,16,0.5625,8,7,15,1.0,1.6666666666666667,11,3,9,0.19148936170212766,3.4282249895745887,780,1,1,0,0,0,1,4,2,6,1,2022,2023-2026,1,0.8023745895989175,0.26960746127661706,0.8354077253218885,0.6645922746781117,0.8451716738197425,0,97
C10C4FF4B6C,C78D65254F9,hydrogen bonding,phase transition,solvation_entropy,phase_or_species_transition,0.18412937223911285,18,51,18,51,8,48,8,48,0.16666666666666666,3,17,20,0.3333333333333333,1.3333333333333333,18,19,5,0.078125,1.5241548538168723,918,1,1,0,0,0,1,5,5,10,1,2022,2023-2026,1,0.32620050708345577,0.38663989521687364,0.8703862660944206,0.45493562231759654,0.8440987124463519,0,98
C621A7A9629,CC028ABF9C6,polyurethane (PU),anti-freezing organohydrogel design,material_entity,gel_microstructure,0.24919912219047546,8,36,8,36,5,15,5,15,0.3333333333333333,5,7,12,1.6666666666666667,1.0,2,15,5,0.1282051282051282,1.7498440806737927,288,1,1,0,0,1,0,0,6,6,0,2022,2023-2026,0,0.9038839135059635,0.2947027632669705,0.867381974248927,0.4667167381974249,0.8435622317596567,0,99
C10C4FF4B6C,C6775C55BEF,hydrogen bonding,superionic transition,solvation_entropy,solid_state_mechanism,0.2744835317134857,18,14,14,18,8,15,8,15,0.5333333333333333,3,2,5,0.3333333333333333,-0.6666666666666666,18,18,3,0.10344827586206896,0.7641800350877773,252,1,1,0,0,0,1,5,0,5,0,2022,2023-2026,0,0.4601425450492917,0.4294281314824255,0.9017167381974249,0.3107081545064378,0.8430257510729614,0,100
C6D6399FFC8,CDBBD5033EA,HfS2,HfSe2,material_entity,material_entity,0.9735229015350342,9,9,9,9,2,2,2,2,1.0,2,2,4,0.6666666666666666,0.6666666666666666,2,2,8,0.8,3.777005342585034,81,1,1,1,1,0,0,0,0,0,0,2022,2023-2026,0,0.9167299342140941,0.24786951447989958,0.8319742489270385,0.6721137339055795,0.8427038626609442,0,101
C08389FD6C6,C37031A3390,moisture-gradient ion transport,cellulose,transport_mechanism,material_entity,0.1436583399772644,32,21,21,32,27,12,12,27,0.4444444444444444,17,10,27,3.6666666666666665,2.6666666666666665,20,5,9,0.20454545454545456,3.3288872990612273,672,1,1,0,0,1,0,4,1,5,1,2022,2023-2026,1,0.4982636626136123,0.2963191909881891,0.8309012875536481,0.6746137339055794,0.842381974248927,0,102
C25D09DDC57,C7507F5D319,Fe2+/Fe3+ solvation redox chemistry,ClO4,redox_chemistry,material_entity,0.21203042566776276,17,4,4,17,10,2,2,10,0.2,5,2,7,1.0,0.6666666666666666,29,0,1,0.05,0.29401410379520604,68,1,1,0,0,1,0,19,0,19,0,2022,2023-2026,1,0.9592766771250811,0.36010311202271256,0.9175965665236052,0.17698497854077253,0.842167381974249,0,103
C3F66DD37CA,CAEB010ACF4,H2O,polyethylene glycol (PEG),material_entity,material_entity,0.3644457161426544,10,20,10,20,4,7,4,7,0.5714285714285714,2,3,5,0.6666666666666666,0.3333333333333333,8,8,5,0.2,1.9596217399880973,200,1,1,1,1,0,0,2,0,2,0,2022,2023-2026,1,0.30889914151873976,0.36799815320603385,0.8572961373390557,0.5034227467811159,0.8415236051502146,0,104
CCAABE058E7,CF4A6A0344F,ferri/ferrocyanide redox chemistry,ion migration,redox_chemistry,transport_mechanism,0.15728801488876343,25,27,25,27,21,17,17,21,0.8095238095238095,3,9,12,-0.6666666666666666,2.3333333333333335,29,29,7,0.15555555555555556,1.963440773619392,675,1,1,0,0,0,1,38,1,39,1,2022,2023-2026,1,0.9697717069269244,0.26343666364201435,0.8489270386266095,0.5284871244635193,0.8388412017167381,0,105
C5E63317596,CAEB010ACF4,hierarchical porous electrode interface,polyethylene glycol (PEG),electrode_interface,material_entity,0.14602333307266235,13,20,13,20,2,7,2,7,0.2857142857142857,2,3,5,0.6666666666666666,0.3333333333333333,0,8,7,0.2692307692307692,2.7322550205623646,260,1,1,0,0,1,0,2,0,2,0,2022,2023-2026,0,0.6343468995506097,0.29687250886947153,0.844206008583691,0.5449785407725323,0.8375536480686696,0,106
C08389FD6C6,C621A7A9629,moisture-gradient ion transport,polyurethane (PU),transport_mechanism,material_entity,0.12461339682340622,32,8,8,32,27,5,5,27,0.18518518518518517,17,5,22,3.6666666666666665,1.6666666666666667,20,2,5,0.14285714285714285,1.7403603857716237,256,1,1,0,0,1,0,4,0,4,0,2022,2023-2026,0,0.6757472879255167,0.3298656878406335,0.8643776824034335,0.4490021459227468,0.8368562231759656,0,107
C0783369D77,C872881EC3C,PEDOT family,gel-confined redox transport,material_entity,gel_microstructure,0.242986261844635,44,19,19,44,55,8,8,55,0.14545454545454545,34,8,42,6.0,2.6666666666666665,10,2,9,0.16666666666666666,2.7684422985383654,836,1,1,0,0,1,0,2,7,9,1,2022,2023-2026,1,0.8159625431329413,0.25177575538004754,0.8238197424892704,0.6920064377682404,0.8361587982832618,0,108
C0783369D77,C621A7A9629,PEDOT family,polyurethane (PU),material_entity,material_entity,0.5700174570083618,44,8,8,44,55,5,5,55,0.09090909090909091,34,5,39,6.0,1.6666666666666667,10,2,7,0.15555555555555556,2.37436717682875,352,1,1,1,1,0,0,2,0,2,0,2022,2023-2026,0,0.3878163330711573,0.3184258281589555,0.8268240343347639,0.6591309012875536,0.8349785407725322,0,109
C08389FD6C6,C78D65254F9,moisture-gradient ion transport,phase transition,transport_mechanism,phase_or_species_transition,0.15616030991077423,32,51,32,51,27,48,27,48,0.5625,17,17,34,3.6666666666666665,1.3333333333333333,20,19,3,0.0375,0.8206195238094538,1632,1,1,0,0,0,1,4,5,9,1,2022,2023-2026,1,0.49689436484357585,0.3622095421254084,0.8744635193133048,0.3723390557939914,0.8343884120171674,0,110
C37031A3390,C46747A02A1,cellulose,ion-pairing and complexation,material_entity,solvation_entropy,0.14874979853630066,21,30,21,30,12,16,12,16,0.75,10,8,18,2.6666666666666665,1.0,5,11,6,0.13333333333333333,2.2275320054284222,630,1,1,0,0,1,0,1,4,5,1,2022,2023-2026,1,0.846192668636098,0.2703175763895408,0.8414163090128756,0.5319635193133047,0.8336909871244635,0,111
CB19ED8936D,CDBBD5033EA,MoS2,HfSe2,material_entity,material_entity,0.45582717657089233,6,9,6,9,2,2,2,2,1.0,2,2,4,0.6666666666666666,0.6666666666666666,2,2,5,0.5,1.6732086619069948,54,1,1,1,1,0,0,0,0,0,0,2022,2023-2026,0,0.8033523828190315,0.28538593904743936,0.8512875536480687,0.4885407725321888,0.8332618025751073,0,112
C6E1ADCF1C9,CBD5EA3A3DA,Et3Si,[Bi3I12],material_entity,material_entity,0.7615538835525513,6,6,6,6,2,2,2,2,1.0,0,0,0,-0.3333333333333333,-0.3333333333333333,6,6,5,0.7142857142857143,2.154070430815426,36,1,1,1,1,0,0,0,0,0,0,2022,2023-2026,0,0.7880593902842162,0.2772614688662207,0.8412017167381974,0.5269098712446353,0.8317596566523605,0,113
C3002C089A5,CE4B0E242E7,ionic thermodiffusion (Soret effect),interfacial charge transfer,transport_mechanism,electrode_interface,0.1989295780658722,44,35,35,44,42,21,21,42,0.5,26,8,34,5.666666666666667,1.3333333333333333,23,29,6,0.0821917808219178,1.749905746509177,1540,1,1,0,0,0,1,15,6,21,1,2022,2023-2026,1,0.7921026366500785,0.27480133721897854,0.8405579399141632,0.5410407725321889,0.8317596566523605,0,114
C520B85DE7A,CB314592CFB,grain-boundary scattering,precipitation and species redistribution,solid_state_mechanism,phase_or_species_transition,0.2160434126853943,6,11,6,11,3,5,3,5,0.6,2,3,5,0.6666666666666666,1.0,6,6,1,0.0625,0.36926937306885504,66,1,1,0,0,0,1,0,0,0,0,2022,2023-2026,0,0.9000765837782235,0.3484952057818191,0.9047210300429185,0.17879828326180255,0.8298283261802576,0,115
C10D3798CF7,C2AB2ABA9A6,selective solvation,dimethyl sulfoxide (DMSO),solvation_entropy,material_entity,0.3585558235645294,9,11,9,11,3,7,3,7,0.42857142857142855,2,1,3,0.3333333333333333,-1.3333333333333333,3,9,3,0.17647058823529413,0.9603450746363154,99,1,1,0,0,1,0,6,1,7,1,2022,2023-2026,1,0.8450391388812553,0.3195240704836706,0.8744635193133048,0.3392596566523605,0.827843347639485,0,116
C3002C089A5,CE6FC512ED2,ionic thermodiffusion (Soret effect),dynamic crosslinked gel network,transport_mechanism,gel_microstructure,0.15547966957092285,44,26,26,44,42,9,9,42,0.21428571428571427,26,7,33,5.666666666666667,1.6666666666666667,23,3,10,0.16666666666666666,3.7604902980491337,1144,1,1,0,0,0,1,15,2,17,1,2022,2023-2026,1,0.9470011119145209,0.23214854320173486,0.8175965665236051,0.7036051502145922,0.8275751072961374,0,117
C2106B674B9,CCFD9A81EEE,iodide/triiodide,solid electrolyte,material_entity,material_system,0.2413690984249115,4,11,4,11,4,8,4,8,0.5,1,3,4,0.0,0.6666666666666666,9,25,3,0.25,0.8790076608801705,44,1,1,0,1,0,0,7,1,8,1,2022,2023-2026,0,0.1848945556388697,0.44522461795194374,0.8766094420600858,0.32267167381974243,0.8268240343347639,0,118
C08389FD6C6,C84C6A613D4,moisture-gradient ion transport,cellulose nanofiber scaffold,transport_mechanism,gel_microstructure,0.12149457633495331,32,24,24,32,27,17,17,27,0.6296296296296297,17,15,32,3.6666666666666665,4.333333333333333,20,5,9,0.19148936170212766,3.3426880573701534,768,1,1,0,0,0,1,4,3,7,1,2022,2023-2026,1,0.8289374303646567,0.24341630952972892,0.8199570815450644,0.6741845493562231,0.8268240343347639,0,119
C6D6399FFC8,CB19ED8936D,HfS2,MoS2,material_entity,material_entity,0.47659772634506226,9,6,6,9,2,2,2,2,1.0,2,2,4,0.6666666666666666,0.6666666666666666,2,2,5,0.5,1.6732086619069948,54,1,1,1,1,0,0,0,0,0,0,2022,2023-2026,0,0.7534230907098637,0.28268042118241565,0.8429184549356223,0.4904721030042918,0.8267167381974249,0,120
C7507F5D319,C78B8F896F7,ClO4,polyacrylamide (PAM),material_entity,material_entity,0.42665547132492065,4,9,4,9,2,3,2,3,0.6666666666666666,2,3,5,0.6666666666666666,1.0,0,0,2,0.18181818181818182,0.6336373756903146,36,1,1,1,1,0,0,0,2,2,0,2022,2023-2026,0,0.6954518135863273,0.3387279826197808,0.877038626609442,0.31276824034334766,0.8260729613733906,0,121
C9642D16DCA,CDF78985483,graphene oxide,nanocomposite,material_entity,material_system,0.38020646572113037,17,21,17,21,9,13,9,13,0.6923076923076923,5,7,12,1.0,0.3333333333333333,10,5,7,0.22580645161290322,2.1976070279484357,357,1,1,0,1,0,0,4,1,5,1,2022,2023-2026,0,0.3145292707190067,0.32785104188120534,0.8255364806866953,0.6137875536480687,0.8241416309012876,0,122
C06F57A9BCA,C95D66F92B2,polymer electrolyte,carbon nanotube family,material_system,material_entity,0.21001312136650085,13,27,13,27,9,33,9,33,0.2727272727272727,4,20,24,0.6666666666666666,4.666666666666667,19,13,4,0.1111111111111111,1.212252741320286,351,1,1,0,1,0,0,2,11,13,1,2022,2023-2026,0,0.10164494587970323,0.4322164618279096,0.8532188841201717,0.41342274678111585,0.8239270386266095,0,123
C78D65254F9,CDAC0413DCA,phase transition,gelatin-based polymer family,phase_or_species_transition,material_entity,0.1290755718946457,51,20,20,51,48,7,7,48,0.14583333333333334,17,7,24,1.3333333333333333,2.3333333333333335,19,2,7,0.109375,2.296204979397959,1020,1,1,0,0,1,0,5,4,9,1,2022,2023-2026,1,0.09880343665593054,0.38173793264811423,0.8302575107296137,0.5578218884120172,0.8239270386266094,0,124
C37031A3390,C78B8F896F7,cellulose,polyacrylamide (PAM),material_entity,material_entity,0.4582434296607971,21,9,9,21,12,3,3,12,0.25,10,3,13,2.6666666666666665,1.0,5,0,4,0.15384615384615385,1.1848822687338567,189,1,1,1,1,0,0,1,2,3,1,2022,2023-2026,1,0.5594746879417818,0.3189166360498972,0.8476394849785408,0.43878755364806865,0.8215665236051503,0,125
C09EB3A5CE5,C10C4FF4B6C,potassium iodide (KI),hydrogen bonding,material_entity,solvation_entropy,0.21994540095329285,8,18,8,18,2,8,2,8,0.25,1,3,4,0.3333333333333333,0.3333333333333333,23,18,4,0.18181818181818182,1.4007918458676762,144,1,1,0,0,1,0,1,5,6,1,2022,2023-2026,0,0.36922269026095883,0.3637029541100839,0.8600858369098712,0.37269313304721025,0.8214592274678112,0,126
C06F57A9BCA,C7B823B5BB0,polymer electrolyte,poly(vinyl alcohol) (PVA),material_system,material_entity,0.5189489722251892,13,21,13,21,9,11,9,11,0.8181818181818182,4,6,10,0.6666666666666666,1.3333333333333333,19,8,7,0.25925925925925924,2.9779685203276034,273,1,1,0,1,0,0,2,2,4,1,2022,2023-2026,0,0.32467758380835054,0.29821102481425593,0.8143776824034336,0.6622103004291846,0.8207081545064379,0,127
C275FB7C4B0,CA120BDE1A0,iodide/triiodide redox chemistry,Bi2S3,redox_chemistry,material_entity,0.33472833037376404,21,11,11,21,18,4,4,18,0.2222222222222222,9,1,10,1.6666666666666667,-0.3333333333333333,12,12,1,0.03225806451612903,0.35295612386476116,231,1,1,0,0,1,0,8,0,8,0,2022,2023-2026,0,0.6943967894205746,0.3438821077246431,0.8809012875536482,0.25849785407725323,0.8204935622317596,0,128
CD486BA800F,CE4B0E242E7,host-guest complexation,interfacial charge transfer,solvation_entropy,electrode_interface,0.2608962059020996,6,35,6,35,2,21,2,21,0.09523809523809523,0,8,8,0.0,1.3333333333333333,19,29,5,0.1388888888888889,1.926025016152276,210,1,1,0,0,0,1,2,6,8,1,2022,2023-2026,0,0.550188909977683,0.30952002612307256,0.8407725321888413,0.462263948497854,0.8185622317596566,0,129
C65E336E20C,C84C6A613D4,TEMPO,cellulose nanofiber scaffold,material_entity,gel_microstructure,0.18809807300567627,6,24,6,24,2,17,2,17,0.11764705882352941,2,15,17,0.6666666666666666,4.333333333333333,0,5,5,0.2,1.9777813247136522,144,1,1,0,0,1,0,0,3,3,0,2022,2023-2026,0,0.7209127481962916,0.2789167039086772,0.8369098712446352,0.4830150214592274,0.8174892703862662,0,130
C6181968680,CE4B0E242E7,graphene,interfacial charge transfer,material_entity,electrode_interface,0.19168926775455475,27,35,27,35,19,21,19,21,0.9047619047619048,12,8,20,3.0,1.3333333333333333,10,29,6,0.10714285714285714,1.8817798747748111,945,1,1,0,0,1,0,6,6,12,1,2022,2023-2026,0,0.5962277239472449,0.2802111254357475,0.8296137339055794,0.5276180257510729,0.8164163090128755,0,131
C571D324260,CC5968B917E,quasi-solid granular electrolyte matrix,convection and mass transport,material_system,transport_mechanism,0.03164177015423775,7,11,7,11,4,8,4,8,0.5,2,2,4,0.6666666666666666,0.3333333333333333,23,23,2,0.125,0.5236172862084333,77,1,1,0,0,1,0,0,11,11,0,2022,2023-2026,0,0.4184300090926731,0.3972257332778697,0.8832618025751073,0.1867703862660944,0.8157188841201717,0,132
C539540C36B,C84C6A613D4,nanochannel-confined ion transport,cellulose nanofiber scaffold,transport_mechanism,gel_microstructure,0.1793832927942276,16,24,16,24,4,17,4,17,0.23529411764705882,3,15,18,0.6666666666666666,4.333333333333333,4,5,6,0.17647058823529413,2.427975282104487,384,1,1,0,0,0,1,0,3,3,0,2022,2023-2026,0,0.7478217205761655,0.2632140127388998,0.8236051502145924,0.5581008583690986,0.815343347639485,0,133
C6181968680,CDF78985483,graphene,nanocomposite,material_entity,material_system,0.38176265358924866,27,21,21,27,19,13,13,19,0.6842105263157895,12,7,19,3.0,0.3333333333333333,10,5,9,0.23076923076923078,3.0169276700284615,567,1,1,0,1,0,0,6,1,7,1,2022,2023-2026,0,0.34773308758623883,0.2793514949109542,0.8006437768240344,0.71887339055794,0.8153433476394849,0,134
C520B85DE7A,C84C6A613D4,grain-boundary scattering,cellulose nanofiber scaffold,solid_state_mechanism,gel_microstructure,0.13041570782661438,6,24,6,24,3,17,3,17,0.17647058823529413,2,15,17,0.6666666666666666,4.333333333333333,6,5,3,0.1111111111111111,1.3782649979505839,144,1,1,0,0,0,1,0,3,3,0,2022,2023-2026,0,0.8917718135570251,0.2904505549696152,0.8628755364806866,0.32261802575107296,0.8141630901287553,0,135
C3002C089A5,C7B823B5BB0,ionic thermodiffusion (Soret effect),poly(vinyl alcohol) (PVA),transport_mechanism,material_entity,0.16318416595458984,44,21,21,44,42,11,11,42,0.2619047619047619,26,6,32,5.666666666666667,1.3333333333333333,23,8,9,0.16071428571428573,3.713801792733264,924,1,1,0,0,1,0,15,2,17,1,2022,2023-2026,1,0.8594308833974269,0.22802110749751736,0.8023605150214593,0.6885407725321888,0.8139484978540772,0,136
C10C4FF4B6C,C7802AE4324,hydrogen bonding,deep eutectic solvent,solvation_entropy,material_system,0.2719481289386749,18,10,10,18,8,4,4,8,0.5,3,1,4,0.3333333333333333,0.0,18,7,3,0.12,1.0418085339319265,180,1,1,0,0,1,0,5,0,5,0,2022,2023-2026,1,0.5859988463698674,0.33201655601012275,0.8594420600858369,0.3188090128755365,0.8104077253218884,0,137
C06F57A9BCA,CAEB010ACF4,polymer electrolyte,polyethylene glycol (PEG),material_system,material_entity,0.47019457817077637,13,20,13,20,9,7,7,9,0.7777777777777778,4,3,7,0.6666666666666666,0.3333333333333333,19,8,2,0.06451612903225806,0.5483378213400146,260,1,1,0,1,0,0,2,0,2,0,2022,2023-2026,0,0.2965014279013865,0.3795612077193655,0.8624463519313306,0.30464592274678115,0.8101931330472103,0,138
C2378F90E64,CA8C62A4868,anharmonic phonon transport,redox reaction entropy,solid_state_mechanism,solvation_entropy,0.22145040333271027,29,19,19,29,29,7,7,29,0.2413793103448276,16,4,20,2.6666666666666665,0.6666666666666666,9,8,2,0.043478260869565216,0.6003110344052358,551,1,1,0,0,0,1,0,11,11,0,2022,2023-2026,0,0.9482902150391301,0.27121671000271297,0.8564377682403433,0.3218347639484979,0.8089055793991416,0,139
C10C4FF4B6C,CDDD624085F,hydrogen bonding,deep-eutectic eutogel electrolyte,solvation_entropy,material_system,0.1536339968442917,18,10,10,18,8,4,4,8,0.5,3,1,4,0.3333333333333333,0.0,18,7,3,0.12,1.0418085339319265,180,1,1,0,0,1,0,5,0,5,0,2022,2023-2026,1,0.5742107493659184,0.3372037690037692,0.8643776824034335,0.2741309012875537,0.8083154506437769,0,140
C555F4672C1,C6B56755D0B,configurational-entropy modulation,Cu7PSe6,phase_or_species_transition,material_entity,0.13896982371807098,7,8,7,8,4,4,4,4,1.0,3,1,4,0.6666666666666666,-0.3333333333333333,4,8,4,0.36363636363636365,1.0437323215374679,56,1,1,0,0,1,0,0,0,0,0,2022,2023-2026,0,0.8590934077150385,0.2801662101609443,0.8527896995708155,0.32898068669527897,0.8074034334763949,0,141
C7B823B5BB0,C95D66F92B2,poly(vinyl alcohol) (PVA),carbon nanotube family,material_entity,material_entity,0.3808916211128235,21,27,21,27,11,33,11,33,0.3333333333333333,6,20,26,1.3333333333333333,4.666666666666667,8,13,5,0.11627906976744186,2.168248483646117,567,1,1,1,1,0,0,2,11,13,1,2022,2023-2026,1,0.11783781595518344,0.3412568299929798,0.813519313304721,0.5749785407725322,0.8060085836909872,0,142
C46747A02A1,C7B823B5BB0,ion-pairing and complexation,poly(vinyl alcohol) (PVA),solvation_entropy,material_entity,0.13740620017051697,30,21,21,30,16,11,11,16,0.6875,8,6,14,1.0,1.3333333333333333,11,8,9,0.21428571428571427,3.0837233653502443,630,1,1,0,0,1,0,4,2,6,1,2022,2023-2026,1,0.46253120814226917,0.2646241849407518,0.8008583690987124,0.6369849785407725,0.8053648068669529,0,143
C2AB2ABA9A6,C84C6A613D4,dimethyl sulfoxide (DMSO),cellulose nanofiber scaffold,material_entity,gel_microstructure,0.13003449141979218,11,24,11,24,7,17,7,17,0.4117647058823529,1,15,16,-1.3333333333333333,4.333333333333333,9,5,2,0.06060606060606061,0.4973326416449547,264,1,1,0,0,1,0,1,3,4,1,2022,2023-2026,0,0.6176932405731463,0.333789485785387,0.8645922746781116,0.24339055793991415,0.8051502145922746,0,144
C77E2C49599,C84C6A613D4,bacterial cellulose,cellulose nanofiber scaffold,material_entity,gel_microstructure,0.5479833483695984,6,24,6,24,3,17,3,17,0.17647058823529413,3,15,18,1.0,4.333333333333333,0,5,5,0.2,2.5251171776295935,144,1,1,0,0,1,0,0,3,3,0,2022,2023-2026,1,0.8275231964106567,0.23702726864395995,0.8100858369098712,0.5886158798283261,0.8043991416309013,0,145
C37031A3390,C6181968680,cellulose,graphene,material_entity,material_entity,0.3899424076080322,21,27,21,27,12,19,12,19,0.631578947368421,10,12,22,2.6666666666666665,3.0,5,10,6,0.14285714285714285,1.7185721207953824,567,1,1,1,1,0,0,1,6,7,1,2022,2023-2026,1,0.40062357888197225,0.28465140353756757,0.8113733905579399,0.5755042918454935,0.8033261802575107,0,146
C6181968680,CF840763400,graphene,TiO2,material_entity,material_entity,0.42285704612731934,27,9,9,27,19,21,19,21,0.9047619047619048,12,2,14,3.0,-1.0,10,18,4,0.125,1.1157588449336862,243,1,1,1,1,0,0,6,1,7,1,2022,2023-2026,0,0.29399352376627635,0.33502416911185734,0.832618025751073,0.4235729613733905,0.8027896995708155,0,147
C188B56F6F1,CCFD9A81EEE,ion-selectivity membrane transport,solid electrolyte,transport_mechanism,material_system,0.23995977640151978,41,11,11,41,23,8,8,23,0.34782608695652173,11,3,14,2.0,0.6666666666666666,23,25,5,0.10638297872340426,2.3258693625929996,451,1,1,0,0,1,0,9,1,10,1,2022,2023-2026,0,0.24089023541940793,0.33162364094461944,0.8208154506437769,0.5139270386266094,0.8025751072961373,0,148
CCAABE058E7,CD515CCF7C2,ferri/ferrocyanide redox chemistry,polaron hopping,redox_chemistry,solid_state_mechanism,0.16953127086162567,25,18,18,25,21,18,18,21,0.8571428571428571,3,2,5,-0.6666666666666666,-1.0,29,27,4,0.10256410256410256,1.1146336276046598,450,1,1,0,0,0,1,38,0,38,0,2022,2023-2026,0,0.9815177001323526,0.25447553258087663,0.8465665236051503,0.3376824034334764,0.802038626609442,0,149
C1E4ABFFD92,CE6FC512ED2,BMIMBF4,dynamic crosslinked gel network,material_entity,gel_microstructure,0.20970337092876434,6,26,6,26,2,9,2,9,0.2222222222222222,0,7,7,-0.6666666666666666,1.6666666666666667,5,3,3,0.10344827586206896,0.8821460220353488,156,1,1,0,0,1,0,0,2,2,0,2022,2023-2026,0,0.798555268297705,0.28876455967691944,0.8530042918454935,0.2841738197424893,0.8017167381974248,0,150
C5FBBE86551,C845F498233,polyvinylidene fluoride (PVDF),ion-dipole interaction,material_entity,solvation_entropy,0.17371419072151184,3,5,3,5,5,2,2,5,0.4,4,1,5,1.0,0.0,3,3,0,0.0,0.0,15,1,1,0,0,1,0,3,1,4,1,2022,2023-2026,0,0.8665380789744566,0.3049376667740802,0.8699570815450643,0.11400214592274678,0.8006437768240344,0,151
C3848258807,CEA29EF1A99,Al2O3,thermal-gradient heat-transfer control,material_entity,device_mechanism,-0.00387714896351099,8,16,8,16,8,13,8,13,0.6153846153846154,3,7,10,0.6666666666666666,1.0,27,9,1,0.043478260869565216,0.269282508064391,128,1,1,0,0,1,0,0,8,8,0,2022,2023-2026,0,0.6073566102804655,0.33748108509340535,0.8680257510729613,0.154206008583691,0.8005364806866953,0,152
CAEB010ACF4,CB25BC3FC14,polyethylene glycol (PEG),double/interpenetrating network,material_entity,gel_microstructure,0.24346885085105896,20,10,10,20,7,2,2,7,0.2857142857142857,3,2,5,0.3333333333333333,0.6666666666666666,8,0,7,0.30434782608695654,2.687831783910393,200,1,1,0,0,1,0,0,1,1,0,2022,2023-2026,0,0.5590263688205876,0.25349743503055544,0.8027896995708155,0.5738841201716738,0.7981759656652361,0,153
C1AAB990F48,C95D66F92B2,SiO2,carbon nanotube family,material_entity,material_entity,0.3291155695915222,3,27,3,27,4,33,4,33,0.12121212121212122,3,20,23,0.6666666666666666,4.666666666666667,4,13,2,0.07142857142857142,0.6223472088731268,81,1,1,1,1,0,0,1,11,12,1,2022,2023-2026,0,0.38023770998113987,0.33998934503129585,0.8472103004291847,0.3033154506437768,0.7971030042918454,0,154
C188B56F6F1,C96681C9193,ion-selectivity membrane transport,ion channels,transport_mechanism,transport_mechanism,0.8086344003677368,41,11,11,41,23,2,2,23,0.08695652173913043,11,1,12,2.0,0.0,23,3,9,0.20930232558139536,3.5872443812158092,451,1,1,1,0,0,1,9,1,10,1,2022,2023-2026,0,0.8020913912238224,0.21704469390862385,0.784549356223176,0.7337875536480688,0.7965665236051502,0,155
C37031A3390,C7B823B5BB0,cellulose,poly(vinyl alcohol) (PVA),material_entity,material_entity,0.5340183973312378,21,21,21,21,12,11,11,12,0.9166666666666666,10,6,16,2.6666666666666665,1.3333333333333333,5,8,5,0.13513513513513514,1.4491396386703022,441,1,1,1,1,0,0,1,2,3,1,2022,2023-2026,1,0.5513380600901113,0.2691850889441543,0.8118025751072961,0.5164484978540772,0.794527896995708,0,156
C45C8AAD12E,CF840763400,charge-transfer resistance engineering,TiO2,electrode_interface,material_entity,0.15931953489780426,39,9,9,39,20,21,20,21,0.9523809523809523,8,2,10,1.0,-1.0,28,18,4,0.09090909090909091,1.0926623390560104,351,1,1,0,0,1,0,8,1,9,1,2022,2023-2026,1,0.33393942349631833,0.3348553556198034,0.8377682403433476,0.3360729613733905,0.7936158798283262,0,157
C2AB2ABA9A6,C3002C089A5,dimethyl sulfoxide (DMSO),ionic thermodiffusion (Soret effect),material_entity,transport_mechanism,0.22499801218509674,11,44,11,44,7,42,7,42,0.16666666666666666,1,26,27,-1.3333333333333333,5.666666666666667,9,23,3,0.057692307692307696,1.1364093746741104,484,1,1,0,0,1,0,1,15,16,1,2022,2023-2026,0,0.48454159341019676,0.2967208481463626,0.8296137339055795,0.3852360515021459,0.7929184549356223,0,158
C5FBBE86551,C6C76863E52,polyvinylidene fluoride (PVDF),copper electrode,material_entity,material_entity,0.3163904547691345,3,5,3,5,5,3,3,5,0.6,4,1,5,1.0,0.3333333333333333,3,10,1,0.14285714285714285,0.28853900817779266,15,1,1,1,1,0,0,3,3,6,1,2022,2023-2026,0,0.6001686277023363,0.31882177308434345,0.8506437768240342,0.23950643776824035,0.7914163090128756,0,159
C41DA9D5B12,CB56BB4DDB0,convection-resolved resistance decomposition,carbon-electrode redox interface,transport_mechanism,electrode_interface,0.22548499703407288,6,13,6,13,2,5,2,5,0.4,1,1,2,0.3333333333333333,-0.3333333333333333,9,9,5,0.35714285714285715,1.798709568043448,78,1,1,0,0,0,1,1,7,8,1,2022,2023-2026,0,0.9623321084002004,0.2342416875499066,0.8216738197424892,0.44886266094420596,0.7908798283261802,0,160
C78D65254F9,C7B823B5BB0,phase transition,poly(vinyl alcohol) (PVA),phase_or_species_transition,material_entity,0.1736908257007599,51,21,21,51,48,11,11,48,0.22916666666666666,17,6,23,1.3333333333333333,1.3333333333333333,19,8,5,0.07462686567164178,1.5434904795665185,1071,1,1,0,0,1,0,5,2,7,1,2022,2023-2026,1,0.060170888245062115,0.3858535996523244,0.819098712446352,0.4636480686695279,0.7907725321888412,0,161
C8AD5B453CC,C9642D16DCA,ion diffusion,graphene oxide,transport_mechanism,material_entity,0.06942398846149445,41,17,17,41,19,9,9,19,0.47368421052631576,12,5,17,3.0,1.0,23,10,7,0.13725490196078433,1.9569084117970166,697,1,1,0,0,1,0,2,4,6,1,2022,2023-2026,1,0.30906580470370487,0.2917062010563299,0.8068669527896996,0.5133690987124463,0.7899141630901287,0,162
CC028ABF9C6,CE6FC512ED2,anti-freezing organohydrogel design,dynamic crosslinked gel network,gel_microstructure,gel_microstructure,0.4400594234466553,36,26,26,36,15,9,9,15,0.6,7,7,14,1.0,1.6666666666666667,15,3,13,0.2653061224489796,4.932765338795602,936,1,1,1,0,0,1,6,2,8,1,2022,2023-2026,1,0.6138895711669206,0.22033127947065329,0.7703862660944206,0.7994742489270387,0.7895922746781115,0,163
C78D65254F9,CE6FC512ED2,phase transition,dynamic crosslinked gel network,phase_or_species_transition,gel_microstructure,0.1266450583934784,51,26,26,51,48,9,9,48,0.1875,17,7,24,1.3333333333333333,1.6666666666666667,19,3,7,0.1,2.1783689186506816,1326,1,1,0,0,0,1,5,2,7,1,2022,2023-2026,0,0.1289373542685094,0.32479017359693857,0.797854077253219,0.5531866952789699,0.786587982832618,0,164
C1E4ABFFD92,CC028ABF9C6,BMIMBF4,anti-freezing organohydrogel design,material_entity,gel_microstructure,0.2022828459739685,6,36,6,36,2,15,2,15,0.13333333333333333,0,7,7,-0.6666666666666666,1.0,5,15,5,0.13513513513513514,1.5027344938793565,216,1,1,0,0,1,0,0,6,6,0,2022,2023-2026,0,0.7068450534546435,0.2642091361658732,0.8221030042918455,0.39873390557939914,0.7842274678111588,0,165
C7096F6ECC5,C78D65254F9,imidazolium ionic-liquid phase transition electrolyte,phase transition,material_system,phase_or_species_transition,0.30954912304878235,15,51,15,51,8,48,8,48,0.16666666666666666,4,17,21,0.6666666666666666,1.3333333333333333,8,19,6,0.1,3.0208722814957283,765,1,1,0,0,1,0,5,5,10,1,2022,2023-2026,1,0.3811960972970253,0.26118826571147297,0.7875536480686696,0.6226502145922748,0.7825107296137339,0,166
C08389FD6C6,C95D66F92B2,moisture-gradient ion transport,carbon nanotube family,transport_mechanism,material_entity,0.06899741291999817,32,27,27,32,27,33,27,33,0.8181818181818182,17,20,37,3.6666666666666665,4.666666666666667,20,13,8,0.1568627450980392,3.002200859425223,864,1,1,0,0,1,0,4,11,15,1,2022,2023-2026,0,0.6205371424231586,0.22941468356609673,0.7834763948497854,0.6340557939914163,0.7820815450643777,0,167
C06F57A9BCA,C7802AE4324,polymer electrolyte,deep eutectic solvent,material_system,material_system,0.5795574188232422,13,10,10,13,9,4,4,9,0.4444444444444444,4,1,5,0.6666666666666666,0.0,19,7,5,0.2777777777777778,1.59963005017411,130,1,1,1,1,0,0,2,0,2,0,2022,2023-2026,0,0.12930014669184542,0.3284563184013112,0.8006437768240343,0.500783261802575,0.7800429184549357,0,168
C438FE53FF1,C78D65254F9,lithium chloride (LiCl),phase transition,material_entity,phase_or_species_transition,0.1856328547000885,6,51,6,51,4,48,4,48,0.08333333333333333,2,17,19,0.3333333333333333,1.3333333333333333,23,19,2,0.03636363636363636,0.7204454669665254,306,1,1,0,0,1,0,2,5,7,1,2022,2023-2026,0,0.45829835081218456,0.31386895192911546,0.8326180257510729,0.2834871244635193,0.7793991416309013,0,169
C5B8C057FAD,CFC9D296861,metal oxide,Bi2Se3,material_system,material_entity,0.34497761726379395,13,17,13,17,9,8,8,9,0.8888888888888888,4,2,6,1.0,-0.3333333333333333,21,12,1,0.034482758620689655,0.2749075777424936,221,1,1,0,1,0,0,2,0,2,0,2022,2023-2026,0,0.20683774814310024,0.3596122555475151,0.8377682403433476,0.2356008583690987,0.7789163090128756,0,170
C2378F90E64,CEA29EF1A99,anharmonic phonon transport,thermal-gradient heat-transfer control,solid_state_mechanism,device_mechanism,0.42151615023612976,29,16,16,29,29,13,13,29,0.4482758620689655,16,7,23,2.6666666666666665,1.0,9,9,4,0.0975609756097561,1.14978382884114,464,1,1,0,0,0,1,0,8,8,0,2022,2023-2026,0,0.891291636717351,0.22708174408305168,0.8034334763948499,0.4600107296137339,0.778648068669528,0,171
C188B56F6F1,C539540C36B,ion-selectivity membrane transport,nanochannel-confined ion transport,transport_mechanism,transport_mechanism,0.6920440196990967,41,16,16,41,23,4,4,23,0.17391304347826086,11,3,14,2.0,0.6666666666666666,23,4,15,0.35714285714285715,7.487750776639748,656,1,1,1,0,0,1,9,0,9,0,2022,2023-2026,1,0.5773667215976032,0.20642908967074725,0.7497854077253219,0.827510729613734,0.7766094420600859,0,172
C8AD5B453CC,C96681C9193,ion diffusion,ion channels,transport_mechanism,transport_mechanism,0.7847217321395874,41,11,11,41,19,2,2,19,0.10526315789473684,12,1,13,3.0,0.0,23,3,10,0.23809523809523808,3.862151958958303,451,1,1,1,0,0,1,2,1,3,1,2022,2023-2026,0,0.6308152117310413,0.20869919352089297,0.7562231759656652,0.7540772532188841,0.7760729613733907,0,173
C06F57A9BCA,C08389FD6C6,polymer electrolyte,moisture-gradient ion transport,material_system,transport_mechanism,0.23087382316589355,13,32,13,32,9,27,9,27,0.3333333333333333,4,17,21,0.6666666666666666,3.6666666666666665,19,20,7,0.18421052631578946,2.3155948550782397,416,1,1,0,0,1,0,2,4,6,1,2022,2023-2026,0,0.14513803581381535,0.2867861188371731,0.7811158798283263,0.6014377682403433,0.7755364806866952,0,174
C9642D16DCA,CE0C8909862,graphene oxide,CuFeS2,material_entity,material_entity,0.38907137513160706,17,3,3,17,9,2,2,9,0.2222222222222222,5,2,7,1.0,0.6666666666666666,10,0,0,0.0,0.0,51,1,1,1,1,0,0,4,0,4,0,2022,2023-2026,0,0.3628366531383702,0.3348456714814927,0.8390557939914164,0.18281115879828327,0.7751072961373391,0,175
C06F57A9BCA,CDDD624085F,polymer electrolyte,deep-eutectic eutogel electrolyte,material_system,material_system,0.5077490210533142,13,10,10,13,9,4,4,9,0.4444444444444444,4,1,5,0.6666666666666666,0.0,19,7,5,0.2777777777777778,1.59963005017411,130,1,1,1,1,0,0,2,0,2,0,2022,2023-2026,0,0.12602906806538633,0.3242242692057172,0.7959227467811159,0.49782188841201713,0.7736051502145922,0,176
C46747A02A1,CE4B0E242E7,ion-pairing and complexation,interfacial charge transfer,solvation_entropy,electrode_interface,0.2749038338661194,30,35,30,35,16,21,16,21,0.7619047619047619,8,8,16,1.0,1.3333333333333333,11,29,5,0.08333333333333333,1.3775819640631555,1050,1,1,0,0,0,1,4,6,10,1,2022,2023-2026,1,0.488504227122404,0.25604504567428343,0.7984978540772533,0.4734442060085836,0.7732832618025751,0,177
C2378F90E64,C6C09287FDB,anharmonic phonon transport,high-entropy redox/ion coupling,solid_state_mechanism,solvation_entropy,0.2587409019470215,29,7,7,29,29,4,4,29,0.13793103448275862,16,4,20,2.6666666666666665,1.3333333333333333,9,2,4,0.125,1.3247197127756885,203,1,1,0,0,0,1,0,2,2,0,2022,2023-2026,0,0.8495262968225417,0.23270351939061765,0.8083690987124463,0.41576180257510725,0.773175965665236,0,178
C188B56F6F1,CE6FC512ED2,ion-selectivity membrane transport,dynamic crosslinked gel network,transport_mechanism,gel_microstructure,0.10902120172977448,41,26,26,41,23,9,9,23,0.391304347826087,11,7,18,2.0,1.6666666666666667,23,3,13,0.24074074074074073,4.879114936884769,1066,1,1,0,0,0,1,9,2,11,1,2022,2023-2026,0,0.49608256909454124,0.2160815481487514,0.7566523605150215,0.7191416309012876,0.772961373390558,0,179
C3848258807,CDAC0413DCA,Al2O3,gelatin-based polymer family,material_entity,material_entity,0.26876604557037354,8,20,8,20,8,7,7,8,0.875,3,7,10,0.6666666666666666,2.3333333333333335,27,2,1,0.037037037037037035,0.25433477814404226,160,1,1,1,1,0,0,0,4,4,0,2022,2023-2026,0,0.4994833816474446,0.2987087338197286,0.8345493562231759,0.22096566523605152,0.7729613733905579,0,180
C2106B674B9,C23B9BED21A,iodide/triiodide,ionic conduction,material_entity,transport_mechanism,0.16469316184520721,4,35,4,35,4,36,4,36,0.1111111111111111,1,9,10,0.0,0.6666666666666666,9,30,3,0.08333333333333333,1.0147736382416883,140,1,1,0,0,1,0,7,2,9,1,2022,2023-2026,0,0.304568234706125,0.3304988029824772,0.8274678111587983,0.2719527896995708,0.7715665236051503,0,181
C6181968680,CC028ABF9C6,graphene,anti-freezing organohydrogel design,material_entity,gel_microstructure,0.08555129170417786,27,36,27,36,19,15,15,19,0.7894736842105263,12,7,19,3.0,1.0,10,15,10,0.18867924528301888,2.939012500945447,972,1,1,0,0,1,0,6,6,12,1,2022,2023-2026,0,0.7133522709371811,0.2111713655237265,0.767381974248927,0.6440343347639484,0.7700643776824034,0,182
C399CA6EBBF,C46747A02A1,NbO2,ion-pairing and complexation,material_entity,solvation_entropy,0.22497230768203735,4,30,4,30,2,16,2,16,0.125,0,8,8,-0.3333333333333333,1.0,7,11,3,0.0967741935483871,0.8063390387563525,120,1,1,0,0,1,0,0,4,4,0,2022,2023-2026,0,0.6614945256669171,0.2711331834790835,0.8257510729613735,0.277274678111588,0.7699570815450645,0,183
CE4B0E242E7,CF840763400,interfacial charge transfer,TiO2,electrode_interface,material_entity,0.15276676416397095,35,9,9,35,21,21,21,21,1.0,8,2,10,1.3333333333333333,-1.0,29,18,4,0.1,1.0843543454026794,315,1,1,0,0,1,0,6,1,7,1,2022,2023-2026,1,0.24688190426555787,0.32887470196062024,0.8190987124463519,0.3321459227467811,0.7671673819742489,0,184
C3002C089A5,C46747A02A1,ionic thermodiffusion (Soret effect),ion-pairing and complexation,transport_mechanism,solvation_entropy,0.28166109323501587,44,30,30,44,42,16,16,42,0.38095238095238093,26,8,34,5.666666666666667,1.0,23,11,8,0.12121212121212122,3.188673655868151,1320,1,1,0,0,0,1,15,4,19,1,2022,2023-2026,1,0.9408468855718324,0.18140184007255303,0.7542918454935622,0.6966094420600858,0.7659871244635192,0,185
C621A7A9629,C7802AE4324,polyurethane (PU),deep eutectic solvent,material_entity,material_system,0.27838772535324097,8,10,8,10,5,4,4,5,0.8,5,1,6,1.6666666666666667,0.0,2,7,5,0.38461538461538464,1.5946049120461645,80,1,1,0,1,0,0,0,0,0,0,2022,2023-2026,0,0.5948628527695191,0.24027139826285168,0.7939914163090128,0.4617274678111588,0.765343347639485,0,186
C621A7A9629,CDDD624085F,polyurethane (PU),deep-eutectic eutogel electrolyte,material_entity,material_system,0.29318809509277344,8,10,8,10,5,4,4,5,0.8,5,1,6,1.6666666666666667,0.0,2,7,5,0.38461538461538464,1.5946049120461645,80,1,1,0,1,0,0,0,0,0,0,2022,2023-2026,0,0.5963210737292055,0.24014320627052346,0.7937768240343347,0.4655901287553648,0.7652360515021459,0,187
C188B56F6F1,C2106B674B9,ion-selectivity membrane transport,iodide/triiodide,transport_mechanism,material_entity,0.14100408554077148,41,4,4,41,23,4,4,23,0.17391304347826086,11,1,12,2.0,0.0,23,9,3,0.07142857142857142,1.0267575442400259,164,1,1,0,0,1,0,9,7,16,1,2022,2023-2026,0,0.8490368146604678,0.24773506900966902,0.8236051502145922,0.2702038626609442,0.7642703862660943,0,188
C45C8AAD12E,C6181968680,charge-transfer resistance engineering,graphene,electrode_interface,material_entity,0.15088361501693726,39,27,27,39,20,19,19,20,0.95,8,12,20,1.0,3.0,28,10,7,0.11864406779661017,2.1543452383645874,1053,1,1,0,0,1,0,8,6,14,1,2022,2023-2026,0,0.39773013733761564,0.24305074273291352,0.776824034334764,0.5544957081545063,0.7641630901287554,0,189
C5B8C057FAD,C8AD5B453CC,metal oxide,ion diffusion,material_system,transport_mechanism,0.1299424022436142,13,41,13,41,9,19,9,19,0.47368421052631576,4,12,16,1.0,3.0,21,23,6,0.125,1.6495165437520736,533,1,1,0,0,1,0,2,2,4,1,2022,2023-2026,0,0.2974783534406177,0.2775387210460749,0.7931330472103003,0.46385193133047203,0.7638412017167382,0,190
C438FE53FF1,C8AD5B453CC,lithium chloride (LiCl),ion diffusion,material_entity,transport_mechanism,0.21685141324996948,6,41,6,41,4,19,4,19,0.21052631578947367,2,12,14,0.3333333333333333,3.0,23,23,4,0.09302325581395349,1.4656011838659588,246,1,1,0,0,1,0,2,2,4,1,2022,2023-2026,0,0.5109406621854696,0.25724854600363395,0.8023605150214592,0.3842381974248926,0.7637339055793991,0,191
C0783369D77,CDDD624085F,PEDOT family,deep-eutectic eutogel electrolyte,material_entity,material_system,0.31655043363571167,44,10,10,44,55,4,4,55,0.07272727272727272,34,1,35,6.0,0.0,10,7,7,0.14893617021276595,2.408987135890149,440,1,1,0,1,0,0,2,0,2,0,2022,2023-2026,0,0.26285376158701607,0.24221531267661,0.7592274678111588,0.635912017167382,0.763304721030043,0,192
C95D66F92B2,CEF493304A1,carbon nanotube family,[BF4],material_entity,material_entity,0.4492139220237732,27,2,2,27,33,2,2,33,0.06060606060606061,20,2,22,4.666666666666667,0.6666666666666666,13,0,1,0.03571428571428571,0.30341307554227914,54,1,1,1,1,0,0,11,0,11,0,2022,2023-2026,0,0.8187593648421435,0.2486916808129377,0.8225321888412017,0.26742489270386266,0.7627682403433477,0,193
C7713A07951,CE4B0E242E7,urea,interfacial charge transfer,material_entity,electrode_interface,0.0723181813955307,15,35,15,35,4,21,4,21,0.19047619047619047,0,8,8,-0.3333333333333333,1.3333333333333333,13,29,1,0.02040816326530612,0.2729584204093974,525,1,1,0,0,1,0,2,6,8,1,2022,2023-2026,0,0.21459136630765943,0.3383737063274264,0.8261802575107297,0.1957081545064378,0.7610515021459228,0,194
C188B56F6F1,C7B823B5BB0,ion-selectivity membrane transport,poly(vinyl alcohol) (PVA),transport_mechanism,material_entity,0.06394421309232712,41,21,21,41,23,11,11,23,0.4782608695652174,11,6,17,2.0,1.3333333333333333,23,8,8,0.14814814814814814,3.0940969091811517,861,1,1,0,0,1,0,9,2,11,1,2022,2023-2026,0,0.39723549696903093,0.23477633113313512,0.765450643776824,0.6006652360515022,0.7609442060085837,0,195
C188B56F6F1,C84C6A613D4,ion-selectivity membrane transport,cellulose nanofiber scaffold,transport_mechanism,gel_microstructure,0.01338211540132761,41,24,24,41,23,17,17,23,0.7391304347826086,11,15,26,2.0,4.333333333333333,23,5,12,0.22641509433962265,4.506001746990717,984,1,1,0,0,0,1,9,3,12,1,2022,2023-2026,1,0.6144046211434077,0.2027046416207461,0.7467811158798283,0.7108476394849785,0.7601931330472103,0,196
C0783369D77,C7802AE4324,PEDOT family,deep eutectic solvent,material_entity,material_system,0.2868790030479431,44,10,10,44,55,4,4,55,0.07272727272727272,34,1,35,6.0,0.0,10,7,7,0.14893617021276595,2.408987135890149,440,1,1,0,1,0,0,2,0,2,0,2022,2023-2026,0,0.2605088022561806,0.2400155992364501,0.7555793991416309,0.6285729613733906,0.7578326180257511,0,197
C6181968680,CFC9D296861,graphene,Bi2Se3,material_entity,material_entity,0.3840405344963074,27,17,17,27,19,8,8,19,0.42105263157894735,12,2,14,3.0,-0.3333333333333333,10,12,3,0.07317073170731707,0.787300106180635,459,1,1,1,1,0,0,6,0,6,0,2022,2023-2026,0,0.27685777808541284,0.28460682967543577,0.796137339055794,0.3717489270386266,0.7536480686695279,0,198
C101F2A9CFC,C188B56F6F1,chitosan,ion-selectivity membrane transport,material_entity,transport_mechanism,0.09823976457118988,5,41,5,41,3,23,3,23,0.13043478260869565,1,11,12,0.3333333333333333,2.0,8,23,3,0.06976744186046512,0.9825873539407766,205,1,1,0,0,1,0,0,9,9,0,2022,2023-2026,1,0.7213361589082574,0.2500226766107402,0.8139484978540774,0.2630579399141631,0.7534334763948498,0,199
C7713A07951,CB56BB4DDB0,urea,carbon-electrode redox interface,material_entity,electrode_interface,0.11659204959869385,15,13,13,15,4,5,4,5,0.8,0,1,1,-0.3333333333333333,-0.3333333333333333,13,9,5,0.21739130434782608,2.042222440493196,195,1,1,0,0,1,0,2,7,9,1,2022,2023-2026,0,0.7870818953427563,0.2263180710393872,0.7918454935622318,0.42904506437768236,0.7531652360515021,0,200
C6181968680,C696BC0A1E1,graphene,carbon electrode,material_entity,electrode_interface,0.43803590536117554,27,10,10,27,19,3,3,19,0.15789473684210525,12,0,12,3.0,-0.3333333333333333,10,9,3,0.08823529411764706,1.0712861078690923,270,1,1,0,0,1,0,6,1,7,1,2022,2023-2026,0,0.8117045273690334,0.22433499778954252,0.7927038626609443,0.3800321888412017,0.7487660944206008,0,201
C0783369D77,C2AB2ABA9A6,PEDOT family,dimethyl sulfoxide (DMSO),material_entity,material_entity,0.2747354507446289,44,11,11,44,55,7,7,55,0.12727272727272726,34,1,35,6.0,-1.3333333333333333,10,9,7,0.14583333333333334,2.3083859950964203,484,1,1,1,1,0,0,2,1,3,1,2022,2023-2026,0,0.24155725840104197,0.23609626514382984,0.7489270386266094,0.6210407725321887,0.7482832618025751,0,202
C53D2C5DAAD,C6D6399FFC8,ZrS2,HfS2,material_entity,material_entity,0.6670666933059692,6,9,6,9,2,2,2,2,1.0,2,2,4,0.6666666666666666,0.6666666666666666,2,2,3,0.25,1.897814654202382,54,1,1,1,1,0,0,0,0,0,0,2022,2023-2026,0,0.7709254386630582,0.21378026387440388,0.7774678111587983,0.4578004291845493,0.748068669527897,0,203
CAEB010ACF4,CE6FC512ED2,polyethylene glycol (PEG),dynamic crosslinked gel network,material_entity,gel_microstructure,0.2804288864135742,20,26,20,26,7,9,7,9,0.7777777777777778,3,7,10,0.3333333333333333,1.6666666666666667,8,3,12,0.35294117647058826,4.644937179667382,520,1,1,0,0,1,0,0,2,2,0,2022,2023-2026,0,0.5166570691026192,0.20130018767268923,0.7351931330472103,0.7415879828326181,0.7474248927038627,0,204
C53D2C5DAAD,CDBBD5033EA,ZrS2,HfSe2,material_entity,material_entity,0.6460427641868591,6,9,6,9,2,2,2,2,1.0,2,2,4,0.6666666666666666,0.6666666666666666,2,2,3,0.25,1.897814654202382,54,1,1,1,1,0,0,0,0,0,0,2022,2023-2026,0,0.7694031534185203,0.21378026387440388,0.7772532188841201,0.45677038626609434,0.7469957081545064,0,205
C0783369D77,C96681C9193,PEDOT family,ion channels,material_entity,transport_mechanism,0.06863854080438614,44,11,11,44,55,2,2,55,0.03636363636363636,34,1,35,6.0,0.0,10,3,4,0.0784313725490196,1.1020116020490682,484,1,1,0,0,1,0,2,1,3,1,2022,2023-2026,0,0.8606026316778485,0.2179834219997757,0.792489270386266,0.3715128755364807,0.7458154506437769,0,206
C09EB3A5CE5,C7932B1CE8C,potassium iodide (KI),chaotropic polymer-water disruption,material_entity,gel_microstructure,0.19283585250377655,8,17,8,17,2,4,2,4,0.5,1,2,3,0.3333333333333333,0.0,23,4,4,0.19047619047619047,1.3938119782641087,136,1,1,0,0,1,0,1,5,6,1,2022,2023-2026,0,0.8193939427669513,0.22410906065387518,0.7927038626609443,0.3606974248927038,0.7454399141630901,0,207
C7342726E8E,C9642D16DCA,Mg2Si,graphene oxide,material_entity,material_entity,0.25889891386032104,4,17,4,17,7,9,7,9,0.7777777777777778,2,5,7,0.3333333333333333,1.0,10,10,1,0.05,0.23307527170850925,68,1,1,1,1,0,0,0,4,4,0,2022,2023-2026,0,0.38840530884969465,0.2874108387681369,0.8124463519313305,0.18548283261802576,0.7434549356223176,0,208
C08389FD6C6,C7802AE4324,moisture-gradient ion transport,deep eutectic solvent,transport_mechanism,material_system,0.2901301980018616,32,10,10,32,27,4,4,27,0.14814814814814814,17,1,18,3.6666666666666665,0.0,20,7,7,0.2,2.446118004147031,320,1,1,0,0,1,0,4,0,4,0,2022,2023-2026,1,0.494605843685114,0.20890115151171615,0.7457081545064378,0.6173605150214592,0.7433476394849786,0,209
C2276A75659,C5B8C057FAD,SrTiO3,metal oxide,material_entity,material_system,0.48264628648757935,7,13,7,13,9,9,9,9,1.0,2,4,6,0.0,1.0,17,21,3,0.17647058823529413,0.822763494858229,91,1,1,0,1,0,0,0,2,2,0,2022,2023-2026,0,0.08201135226208031,0.33355819229284056,0.7918454935622318,0.35753218884120175,0.7418991416309013,0,210
C08389FD6C6,CDDD624085F,moisture-gradient ion transport,deep-eutectic eutogel electrolyte,transport_mechanism,material_system,0.24175262451171875,32,10,10,32,27,4,4,27,0.14814814814814814,17,1,18,3.6666666666666665,0.0,20,7,7,0.2,2.446118004147031,320,1,1,0,0,1,0,4,0,4,0,2022,2023-2026,1,0.4896598273574755,0.20880703199781997,0.7446351931330472,0.6024248927038627,0.7408798283261803,0,211
C25D09DDC57,CB40B685934,Fe2+/Fe3+ solvation redox chemistry,CuCr1,redox_chemistry,material_entity,0.16221842169761658,17,6,6,17,10,2,2,10,0.2,5,1,6,1.0,0.3333333333333333,29,11,5,0.2777777777777778,1.6115835027329295,102,1,1,0,0,1,0,19,0,19,0,2022,2023-2026,0,0.8799421490579709,0.2052100329846442,0.7744635193133047,0.4188519313304721,0.7387339055793992,0,212
C65E336E20C,C77E2C49599,TEMPO,bacterial cellulose,material_entity,material_entity,0.3269180655479431,6,6,6,6,2,3,2,3,0.6666666666666666,2,3,5,0.6666666666666666,1.0,0,0,3,0.3333333333333333,1.0774112011004278,36,1,1,1,1,0,0,0,0,0,0,2022,2023-2026,0,0.6200678658236871,0.22851370112484723,0.7806866952789699,0.37366952789699576,0.7366952789699571,0,213
C3002C089A5,C95D66F92B2,ionic thermodiffusion (Soret effect),carbon nanotube family,transport_mechanism,material_entity,0.14305636286735535,44,27,27,44,42,33,33,42,0.7857142857142857,26,20,46,5.666666666666667,4.666666666666667,23,13,14,0.24561403508771928,5.1617586583605695,1188,1,1,0,0,1,0,15,11,26,1,2022,2023-2026,0,0.8028989103996494,0.1632384980446326,0.7206008583690987,0.7699463519313304,0.7361051502145922,0,214
C08389FD6C6,C188B56F6F1,moisture-gradient ion transport,ion-selectivity membrane transport,transport_mechanism,transport_mechanism,0.6888046860694885,32,41,32,41,27,23,23,27,0.8518518518518519,17,11,28,3.6666666666666665,2.0,20,23,15,0.25862068965517243,6.247225600456275,1312,1,1,1,0,0,1,4,9,13,1,2022,2023-2026,1,0.5625660776501794,0.17560657465256127,0.7150214592274677,0.8634871244635193,0.7355150214592274,0,215
C43C91C4A3E,C63ED77BD64,Mg3Sb2,band engineering,material_entity,solid_state_mechanism,0.2470417022705078,8,8,8,8,5,5,5,5,1.0,1,4,5,-1.0,1.0,5,3,2,0.14285714285714285,0.5100131651173666,64,1,1,0,0,1,0,0,0,0,0,2022,2023-2026,0,0.7690299066428901,0.23139934896509587,0.7963519313304721,0.2518669527896996,0.734656652360515,0,216
C09EB3A5CE5,CC5968B917E,potassium iodide (KI),convection and mass transport,material_entity,transport_mechanism,0.0649542361497879,8,11,8,11,2,8,2,8,0.25,1,2,3,0.3333333333333333,0.3333333333333333,23,23,3,0.1875,1.0916505045520837,88,1,1,0,0,1,0,1,11,12,1,2022,2023-2026,0,0.3922521572440242,0.26555441766317495,0.7939914163090129,0.27146995708154503,0.734549356223176,0,217
C188B56F6F1,C37031A3390,ion-selectivity membrane transport,cellulose,transport_mechanism,material_entity,0.0976446121931076,41,21,21,41,23,12,12,23,0.5217391304347826,11,10,21,2.0,2.6666666666666665,23,5,12,0.24,4.492200988681791,861,1,1,0,0,1,0,9,1,10,1,2022,2023-2026,0,0.25596485950644216,0.21227765880081392,0.7236051502145924,0.7078540772532189,0.7336909871244635,0,218
C08389FD6C6,C6181968680,moisture-gradient ion transport,graphene,transport_mechanism,material_entity,0.06579265743494034,32,27,27,32,27,19,19,27,0.7037037037037037,17,12,29,3.6666666666666665,3.0,20,10,10,0.20408163265306123,2.9205285656240063,864,1,1,0,0,1,0,4,6,10,1,2022,2023-2026,0,0.4819013692219726,0.20169730194798047,0.7313304721030043,0.6630042918454936,0.7329399141630901,0,219
C58F3B85353,CF203EF8121,thermoresponsive micellization p/n conversion,Eastman entropy of transfer,phase_or_species_transition,solvation_entropy,0.3077676296234131,4,11,4,11,2,7,2,7,0.2857142857142857,1,2,3,0.0,-1.0,5,5,1,0.07142857142857142,0.3396232718951086,44,1,1,0,0,0,1,1,2,3,1,2022,2023-2026,0,0.9067981240733609,0.2213848610820327,0.7991416309012875,0.19943133047210299,0.7324034334763949,0,220
C09EB3A5CE5,C3002C089A5,potassium iodide (KI),ionic thermodiffusion (Soret effect),material_entity,transport_mechanism,0.27298852801322937,8,44,8,44,2,42,2,42,0.047619047619047616,1,26,27,0.3333333333333333,5.666666666666667,23,23,7,0.15555555555555556,2.726936258232309,352,1,1,0,0,1,0,1,15,16,1,2022,2023-2026,0,0.3038365191500397,0.2201583351160247,0.7371244635193133,0.62362660944206,0.7317596566523605,0,221
C3002C089A5,C50BCAA1E15,ionic thermodiffusion (Soret effect),P2O5,transport_mechanism,material_entity,0.2078254073858261,44,7,7,44,42,3,3,42,0.07142857142857142,26,2,28,5.666666666666667,0.6666666666666666,23,11,2,0.04081632653061224,0.915349038354818,308,1,1,0,0,1,0,15,0,15,0,2022,2023-2026,0,0.9522264104030328,0.20583857050227866,0.7858369098712445,0.3220386266094421,0.7310085836909871,0,222
C6181968680,CAEB010ACF4,graphene,polyethylene glycol (PEG),material_entity,material_entity,0.32426053285598755,27,20,20,27,19,7,7,19,0.3684210526315789,12,3,15,3.0,0.3333333333333333,10,8,6,0.14634146341463414,1.8234803859604953,540,1,1,1,1,0,0,6,0,6,0,2022,2023-2026,0,0.23433959231066526,0.22924027369006283,0.7414163090128756,0.5535729613733905,0.7288090128755365,0,223
C7B3E023ED0,CCAABE058E7,Cu2Se,ferri/ferrocyanide redox chemistry,material_entity,redox_chemistry,0.20584899187088013,18,25,18,25,17,21,17,21,0.8095238095238095,8,3,11,1.3333333333333333,-0.6666666666666666,11,29,6,0.16216216216216217,1.650267238597947,450,1,1,0,0,1,0,0,38,38,0,2022,2023-2026,0,0.9797606308058827,0.16935521357257613,0.7493562231759656,0.49196351931330473,0.7284334763948498,0,224
C24DA40DB81,CC9289BCDC3,Cu2S,CuCrSe2,material_entity,material_entity,0.8763645887374878,6,6,6,6,3,2,2,3,0.6666666666666666,1,0,1,-0.3333333333333333,-0.6666666666666666,5,5,3,0.3333333333333333,1.3242729478905506,36,1,1,1,1,0,0,0,0,0,0,2022,2023-2026,0,0.44561276989906545,0.22920716806337096,0.7633047210300429,0.4190987124463519,0.7282188841201717,0,225
C3DB4F04D16,C6C09287FDB,rattling-mode phonon suppression,high-entropy redox/ion coupling,solid_state_mechanism,solvation_entropy,0.14966440200805664,20,7,7,20,22,4,4,22,0.18181818181818182,7,4,11,1.6666666666666667,1.3333333333333333,21,2,3,0.125,0.8069873694907367,140,1,1,0,0,0,1,0,2,2,0,2022,2023-2026,0,0.46064986671282704,0.2524682704414836,0.7914163090128755,0.279549356223176,0.7277896995708155,0,226
C5E47CC0A62,C845F498233,Hofmeister/chaotropic effect,ion-dipole interaction,gel_microstructure,solvation_entropy,0.33552786707878113,12,5,5,12,3,2,2,3,0.6666666666666666,2,1,3,0.3333333333333333,0.0,4,3,3,0.21428571428571427,1.1622230287142294,60,1,1,0,0,0,1,2,1,3,1,2022,2023-2026,0,0.9651340423364094,0.19506203673325825,0.7721030042918455,0.36192060085836913,0.7258583690987124,0,227
CE6FC512ED2,CF4A6A0344F,dynamic crosslinked gel network,ion migration,gel_microstructure,transport_mechanism,0.1250012218952179,26,27,26,27,9,17,9,17,0.5294117647058824,7,9,16,1.6666666666666667,2.3333333333333335,3,29,4,0.08163265306122448,1.020949927853388,702,1,1,0,0,0,1,2,1,3,1,2022,2023-2026,0,0.3736999754407141,0.2430355304804097,0.7729613733905579,0.3539914163090129,0.7252145922746781,0,228
C188B56F6F1,C6181968680,ion-selectivity membrane transport,graphene,transport_mechanism,material_entity,0.07510043680667877,41,27,27,41,23,19,19,23,0.8260869565217391,11,12,23,2.0,3.0,23,10,8,0.13333333333333333,2.3849867957768978,1107,1,1,0,0,1,0,9,6,15,1,2022,2023-2026,1,0.4546140340107621,0.20551837495807748,0.7343347639484978,0.5841309012875536,0.7238197424892704,0,229
C7B823B5BB0,CDDD624085F,poly(vinyl alcohol) (PVA),deep-eutectic eutogel electrolyte,material_entity,material_system,0.24222150444984436,21,10,10,21,11,4,4,11,0.36363636363636365,6,1,7,1.3333333333333333,0.0,8,7,5,0.19230769230769232,1.7036818614165619,210,1,1,0,1,0,0,2,0,2,0,2022,2023-2026,1,0.1579825983876192,0.24428231866802352,0.7495708154506437,0.4615665236051502,0.7237124463519313,0,230
C188B56F6F1,C3848258807,ion-selectivity membrane transport,Al2O3,transport_mechanism,material_entity,0.12453853338956833,41,8,8,41,23,8,8,23,0.34782608695652173,11,3,14,2.0,0.6666666666666666,23,27,3,0.06521739130434782,1.1383799118687281,328,1,1,0,0,1,0,9,0,9,0,2022,2023-2026,0,0.19571612275035097,0.2739074191953051,0.7781115879828328,0.30614806866952793,0.7236051502145924,0,231
C3002C089A5,C44799FE290,ionic thermodiffusion (Soret effect),defect engineering,transport_mechanism,solid_state_mechanism,0.22598892450332642,44,22,22,44,42,13,13,42,0.30952380952380953,26,5,31,5.666666666666667,1.6666666666666667,23,27,4,0.06451612903225806,1.0899020318738448,968,1,1,0,0,0,1,15,0,15,0,2022,2023-2026,0,0.8097313581101214,0.19436299867658022,0.7545064377682403,0.4323283261802575,0.7236051502145923,0,232
C8AD5B453CC,CE6FC512ED2,ion diffusion,dynamic crosslinked gel network,transport_mechanism,gel_microstructure,0.1279611438512802,41,26,26,41,19,9,9,19,0.47368421052631576,12,7,19,3.0,1.6666666666666667,23,3,9,0.15517241379310345,2.86334443021991,1066,1,1,0,0,0,1,2,2,4,1,2022,2023-2026,0,0.5038671596156925,0.19198888833605607,0.7240343347639485,0.6308047210300429,0.7234978540772532,0,233
C3D74C503D4,CA6C42A1D77,Bi2Te3,ferri/ferrocyanide family,material_entity,material_entity,0.26761394739151,38,22,22,38,24,8,8,24,0.3333333333333333,6,3,9,0.0,-0.3333333333333333,15,6,2,0.034482758620689655,1.7156534612983607,836,1,1,1,1,0,0,0,34,34,0,2022,2023-2026,0,0.8571080955665543,0.19345272498396127,0.7581545064377682,0.39903433476394845,0.7225321888412017,0,234
C08389FD6C6,C3DA2C4151E,moisture-gradient ion transport,aqueous electrolyte,transport_mechanism,material_system,0.26548945903778076,32,7,7,32,27,2,2,27,0.07407407407407407,17,1,18,3.6666666666666665,0.3333333333333333,20,9,6,0.18181818181818182,2.3008696722233095,224,1,1,0,0,1,0,4,5,9,1,2022,2023-2026,0,0.740272886767177,0.18533745559383863,0.7347639484978541,0.5633154506437769,0.7218884120171675,0,235
C6181968680,CEF493304A1,graphene,[BF4],material_entity,material_entity,0.4960457682609558,27,2,2,27,19,2,2,19,0.10526315789473684,12,2,14,3.0,0.6666666666666666,10,0,1,0.03571428571428571,0.30341307554227914,54,1,1,1,1,0,0,6,0,6,0,2022,2023-2026,0,0.5848350308773048,0.23940061644873872,0.7905579399141631,0.2505901287553648,0.7216738197424892,0,236
C3002C089A5,C41DA9D5B12,ionic thermodiffusion (Soret effect),convection-resolved resistance decomposition,transport_mechanism,transport_mechanism,0.3908458650112152,44,6,6,44,42,2,2,42,0.047619047619047616,26,1,27,5.666666666666667,0.3333333333333333,23,9,1,0.02040816326530612,0.3898712452512801,264,1,1,1,0,0,1,15,1,16,1,2022,2023-2026,0,0.9930166706312629,0.19230555667870697,0.7736051502145922,0.3090128755364807,0.719206008583691,0,237
C6DD69CF62E,C7B823B5BB0,polyvinylpyrrolidone (PVP),poly(vinyl alcohol) (PVA),material_entity,material_entity,0.7172993421554565,5,21,5,21,2,11,2,11,0.18181818181818182,0,6,6,-0.3333333333333333,1.3333333333333333,7,8,2,0.08333333333333333,0.6838853490464861,105,1,1,1,1,0,0,1,2,3,1,2022,2023-2026,0,0.2867043913199877,0.2519144848100326,0.7708154506437768,0.2997854077253219,0.7137339055793991,0,238
C696BC0A1E1,CDF78985483,carbon electrode,nanocomposite,electrode_interface,material_system,0.12470806390047073,10,21,10,21,3,13,3,13,0.23076923076923078,0,7,7,-0.3333333333333333,0.3333333333333333,9,5,3,0.10714285714285714,1.0462404446583204,210,1,1,0,0,1,0,1,1,2,1,2022,2023-2026,0,0.4864615280655792,0.2323593676236999,0.7733905579399143,0.274774678111588,0.7136266094420601,0,239
C7802AE4324,C7B823B5BB0,deep eutectic solvent,poly(vinyl alcohol) (PVA),material_system,material_entity,0.28164637088775635,10,21,10,21,4,11,4,11,0.36363636363636365,1,6,7,0.0,1.3333333333333333,7,8,5,0.19230769230769232,1.7036818614165619,210,1,1,0,1,0,0,0,2,2,0,2022,2023-2026,1,0.14991954965173113,0.2391505409990414,0.7392703862660944,0.4736695278969957,0.7126609442060086,0,240
C7802AE4324,CDDD624085F,deep eutectic solvent,deep-eutectic eutogel electrolyte,material_system,material_system,0.6896960735321045,10,10,10,10,4,4,4,4,1.0,1,1,2,0.0,0.0,7,7,9,0.8181818181818182,2.9747975254358163,100,1,1,1,1,0,0,0,0,0,0,2022,2023-2026,1,0.6140032669315335,0.1679988146875615,0.7113733905579399,0.648980686695279,0.7116952789699571,0,241
CADCC57C7F1,CB314592CFB,SnSe,precipitation and species redistribution,material_entity,phase_or_species_transition,0.17432430386543274,15,11,11,15,11,5,5,11,0.45454545454545453,5,3,8,0.6666666666666666,1.0,7,6,3,0.13043478260869565,1.0573586682608036,165,1,1,0,0,1,0,0,0,0,0,2022,2023-2026,0,0.5156250745172064,0.22161921701090861,0.7641630901287554,0.3039914163090129,0.7095493562231759,0,242
C08389FD6C6,CC028ABF9C6,moisture-gradient ion transport,anti-freezing organohydrogel design,transport_mechanism,gel_microstructure,0.1445091962814331,32,36,32,36,27,15,15,27,0.5555555555555556,17,7,24,3.6666666666666665,1.0,20,15,11,0.19298245614035087,4.070295268683434,1152,1,1,0,0,0,1,4,6,10,1,2022,2023-2026,1,0.6504212611244681,0.152528244576671,0.6920600858369099,0.7100107296137339,0.7069742489270386,0,243
C46747A02A1,C4CEC954E12,ion-pairing and complexation,platinum electrode,solvation_entropy,material_entity,0.15408766269683838,30,23,23,30,16,9,9,16,0.5625,8,1,9,1.0,-0.3333333333333333,11,26,6,0.1276595744680851,2.155262173643401,690,1,1,0,0,1,0,4,6,10,1,2022,2023-2026,0,0.30683755498614107,0.2127408610899467,0.73068669527897,0.5012982832618026,0.705793991416309,0,244
C4CEC954E12,CC028ABF9C6,platinum electrode,anti-freezing organohydrogel design,material_entity,gel_microstructure,0.20481190085411072,23,36,23,36,9,15,9,15,0.6,1,7,8,-0.3333333333333333,1.0,26,15,7,0.1346153846153846,2.4034487553179233,828,1,1,0,0,1,0,6,6,12,1,2022,2023-2026,0,0.32445605485786944,0.20476475943440475,0.7197424892703863,0.5569313304721029,0.7048283261802575,0,245
C46747A02A1,C58F3B85353,ion-pairing and complexation,thermoresponsive micellization p/n conversion,solvation_entropy,phase_or_species_transition,0.28562530875205994,30,4,4,30,16,2,2,16,0.125,8,1,9,1.0,0.0,11,5,1,0.030303030303030304,0.9102392266268373,120,1,1,0,0,0,1,4,1,5,1,2022,2023-2026,0,0.9166126583607548,0.19784551608454445,0.7699570815450643,0.2506437768240344,0.7043991416309012,0,246
C23B9BED21A,C95D66F92B2,ionic conduction,carbon nanotube family,transport_mechanism,material_entity,0.18635481595993042,35,27,27,35,36,33,33,36,0.9166666666666666,9,20,29,0.6666666666666666,4.666666666666667,30,13,6,0.10714285714285714,1.6963103975639817,945,1,1,0,0,1,0,2,11,13,1,2022,2023-2026,0,0.04796246456739742,0.2543287744796859,0.7229613733905579,0.5263948497854076,0.7041845493562231,0,247
C0783369D77,C37031A3390,PEDOT family,cellulose,material_entity,material_entity,0.4151827096939087,44,21,21,44,55,12,12,55,0.21818181818181817,34,10,44,6.0,2.6666666666666665,10,5,7,0.1206896551724138,2.0732729925193385,924,1,1,1,1,0,0,2,1,3,1,2022,2023-2026,0,0.20003155189051033,0.20046219353368802,0.6961373390557939,0.6458154506437769,0.7026824034334764,0,248
C8739CADFFB,C95D66F92B2,P3HT,carbon nanotube family,material_entity,material_entity,0.3539970815181732,6,27,6,27,4,33,4,33,0.12121212121212122,3,20,23,0.6666666666666666,4.666666666666667,3,13,4,0.13793103448275862,2.216797667769144,162,1,1,1,1,0,0,0,11,11,0,2022,2023-2026,0,0.25464031723926955,0.21154698329039948,0.7208154506437768,0.514087982832618,0.7012875536480687,0,249
C2AB2ABA9A6,CF203EF8121,dimethyl sulfoxide (DMSO),Eastman entropy of transfer,material_entity,solvation_entropy,0.2856424152851105,11,11,11,11,7,7,7,7,1.0,1,2,3,-1.3333333333333333,-1.0,9,5,2,0.1,0.7193769832498641,121,1,1,0,0,1,0,1,2,3,1,2022,2023-2026,0,0.7806743388702752,0.20278929320697753,0.7611587982832617,0.2607832618025751,0.7011802575107297,0,250
C6E1ADCF1C9,CC27710F85E,Et3Si,Sb2Se3,material_entity,material_entity,0.7367934584617615,6,12,6,12,2,2,2,2,1.0,0,0,0,-0.3333333333333333,-0.6666666666666666,6,5,4,0.2857142857142857,1.5884039325403467,72,1,1,1,1,0,0,0,0,0,0,2022,2023-2026,0,0.5546965639219389,0.1953767996879666,0.7332618025751072,0.4554828326180257,0.6993562231759656,0,251
C188B56F6F1,CC028ABF9C6,ion-selectivity membrane transport,anti-freezing organohydrogel design,transport_mechanism,gel_microstructure,0.06637532263994217,41,36,36,41,23,15,15,23,0.6521739130434783,11,7,18,2.0,1.0,23,15,14,0.2222222222222222,5.291548815947656,1476,1,1,0,0,0,1,9,6,15,1,2022,2023-2026,0,0.26891165453936683,0.17320065927850448,0.6800429184549356,0.7250321888412019,0.6993562231759656,0,252
C06F57A9BCA,C101F2A9CFC,polymer electrolyte,chitosan,material_system,material_entity,0.39221686124801636,13,5,5,13,9,3,3,9,0.3333333333333333,4,1,5,0.6666666666666666,0.3333333333333333,19,8,2,0.125,0.5977412468174421,65,1,1,0,1,0,0,2,0,2,0,2022,2023-2026,0,0.10000339450007521,0.26536997707108045,0.7508583690987125,0.28077253218884124,0.6960300429184549,0,253
C08389FD6C6,CF4A6A0344F,moisture-gradient ion transport,ion migration,transport_mechanism,transport_mechanism,0.7488869428634644,32,27,27,32,27,17,17,27,0.6296296296296297,17,9,26,3.6666666666666665,2.3333333333333335,20,29,7,0.1346153846153846,3.2286744922640045,864,1,1,1,0,0,1,4,1,5,1,2022,2023-2026,0,0.41101549992973113,0.1596884166482485,0.6787553648068669,0.7149678111587984,0.6950643776824035,0,254
C7802AE4324,CC028ABF9C6,deep eutectic solvent,anti-freezing organohydrogel design,material_system,gel_microstructure,0.15576373040676117,10,36,10,36,4,15,4,15,0.26666666666666666,1,7,8,0.0,1.0,7,15,8,0.21052631578947367,2.8015779553103934,360,1,1,0,0,1,0,0,6,6,0,2022,2023-2026,1,0.5413947433929915,0.1602251227174766,0.6929184549356224,0.5779828326180257,0.6901287553648069,0,255
C188B56F6F1,C3DA2C4151E,ion-selectivity membrane transport,aqueous electrolyte,transport_mechanism,material_system,0.23413650691509247,41,7,7,41,23,2,2,23,0.08695652173913043,11,1,12,2.0,0.3333333333333333,23,9,6,0.14285714285714285,2.320126172336711,287,1,1,0,0,1,0,9,5,14,1,2022,2023-2026,0,0.6825677739716879,0.16161625232390406,0.707725321888412,0.5296781115879828,0.688412017167382,0,256
C0783369D77,C6153FCE2C1,PEDOT family,pi-pi stacking,material_entity,gel_microstructure,0.3725983500480652,44,2,2,44,55,2,2,55,0.03636363636363636,34,2,36,6.0,0.6666666666666666,10,2,1,0.022222222222222223,0.267546386419054,88,1,1,0,0,1,0,2,0,2,0,2022,2023-2026,0,0.9420788982107693,0.17010211441950737,0.7459227467811159,0.2724570815450644,0.6876609442060087,0,257
CBD5EA3A3DA,CC27710F85E,[Bi3I12],Sb2Se3,material_entity,material_entity,0.7588469982147217,6,12,6,12,2,2,2,2,1.0,0,0,0,-0.3333333333333333,-0.6666666666666666,6,5,4,0.2857142857142857,1.5884039325403467,72,1,1,1,1,0,0,0,0,0,0,2022,2023-2026,0,0.556923743208462,0.18551999143295547,0.7201716738197426,0.4566416309012875,0.6870171673819743,0,258
C188B56F6F1,C7802AE4324,ion-selectivity membrane transport,deep eutectic solvent,transport_mechanism,material_system,0.2139168679714203,41,10,10,41,23,4,4,23,0.17391304347826086,11,1,12,2.0,0.0,23,7,6,0.13333333333333333,1.9844761572974448,410,1,1,0,0,1,0,9,0,9,0,2022,2023-2026,0,0.43616595380930423,0.18772240317846492,0.7092274678111588,0.5095278969957081,0.6868025751072961,0,259
C188B56F6F1,CDDD624085F,ion-selectivity membrane transport,deep-eutectic eutogel electrolyte,transport_mechanism,material_system,0.20245712995529175,41,10,10,41,23,4,4,23,0.17391304347826086,11,1,12,2.0,0.0,23,7,6,0.13333333333333333,1.9844761572974448,410,1,1,0,0,1,0,9,0,9,0,2022,2023-2026,0,0.4350134840190619,0.18803009249797423,0.709656652360515,0.5048927038626609,0.6868025751072961,0,260
C438FE53FF1,CF4A6A0344F,lithium chloride (LiCl),ion migration,material_entity,transport_mechanism,0.205463707447052,6,27,6,27,4,17,4,17,0.23529411764705882,2,9,11,0.3333333333333333,2.3333333333333335,23,29,3,0.1,0.7878746561448787,162,1,1,0,0,1,0,2,1,3,1,2022,2023-2026,0,0.14107134056134427,0.24171271176518985,0.7418454935622317,0.291587982832618,0.6855686695278971,0,261
C8AD5B453CC,CDF78985483,ion diffusion,nanocomposite,transport_mechanism,material_system,0.021565577015280724,41,21,21,41,19,13,13,19,0.6842105263157895,12,7,19,3.0,0.3333333333333333,23,5,6,0.10714285714285714,1.780944511375917,861,1,1,0,0,1,0,2,1,3,1,2022,2023-2026,0,0.3494753572415657,0.20215518987405606,0.7175965665236053,0.47903433476394847,0.6855150214592274,0,262
C44799FE290,C5B8C057FAD,defect engineering,metal oxide,solid_state_mechanism,material_system,0.2733878493309021,22,13,13,22,13,9,9,13,0.6923076923076923,5,4,9,1.6666666666666667,1.0,27,21,5,0.16666666666666666,1.5573364698861918,286,1,1,0,0,1,0,0,2,2,0,2022,2023-2026,0,0.07799565170217977,0.2390661822152763,0.7188841201716739,0.4653111587982832,0.6849785407725322,0,263
C08389FD6C6,C6C76863E52,moisture-gradient ion transport,copper electrode,transport_mechanism,material_entity,0.11393220722675323,32,5,5,32,27,3,3,27,0.1111111111111111,17,1,18,3.6666666666666665,0.3333333333333333,20,10,3,0.08823529411764706,1.517753278655512,160,1,1,0,0,1,0,4,3,7,1,2022,2023-2026,0,0.759646368182894,0.1870156981222395,0.73862660944206,0.32463519313304723,0.6847103004291845,0,264
C09EB3A5CE5,C7B823B5BB0,potassium iodide (KI),poly(vinyl alcohol) (PVA),material_entity,material_entity,0.23517100512981415,8,21,8,21,2,11,2,11,0.18181818181818182,1,6,7,0.3333333333333333,1.3333333333333333,23,8,4,0.16,1.4183093633758188,168,1,1,1,1,0,0,1,2,3,1,2022,2023-2026,0,0.11198185293857611,0.2364240774878371,0.7274678111587982,0.3865343347639485,0.6842274678111588,0,265
C0783369D77,C9642D16DCA,PEDOT family,graphene oxide,material_entity,material_entity,0.3350874185562134,44,17,17,44,55,9,9,55,0.16363636363636364,34,5,39,6.0,1.0,10,10,9,0.17307692307692307,2.60496989736235,748,1,1,1,1,0,0,2,4,6,1,2022,2023-2026,0,0.17236325376219505,0.1720468704507695,0.6665236051502146,0.7045171673819741,0.6839055793991416,0,266
C45C8AAD12E,C7713A07951,charge-transfer resistance engineering,urea,electrode_interface,material_entity,0.04276426136493683,39,15,15,39,20,4,4,20,0.2,8,0,8,1.0,-0.3333333333333333,28,13,4,0.08,1.2343783233950076,585,1,1,0,0,1,0,8,2,10,1,2022,2023-2026,0,0.26891333161034225,0.22588800593779415,0.7377682403433476,0.3325107296137339,0.6833690987124464,0,267
C00DD823894,CB530564ED0,organic redox molecular design,skutterudite,redox_chemistry,material_system,0.04864470288157463,10,15,10,15,8,26,8,26,0.3076923076923077,3,4,7,0.3333333333333333,0.6666666666666666,9,21,0,0.0,0.0,150,1,1,0,0,1,0,2,0,2,0,2022,2023-2026,0,0.09886550975459862,0.27067829113966396,0.7540772532188841,0.12178111587982832,0.6829399141630901,0,268
C3002C089A5,C45C8AAD12E,ionic thermodiffusion (Soret effect),charge-transfer resistance engineering,transport_mechanism,electrode_interface,0.20938371121883392,44,39,39,44,42,20,20,42,0.47619047619047616,26,8,34,5.666666666666667,1.0,23,28,10,0.136986301369863,2.9755830194312325,1716,1,1,0,0,0,1,15,8,23,1,2022,2023-2026,1,0.6365684499884059,0.1342553491294839,0.6660944206008583,0.6966416309012876,0.6812231759656652,0,269
C45C8AAD12E,C46747A02A1,charge-transfer resistance engineering,ion-pairing and complexation,electrode_interface,solvation_entropy,0.22788813710212708,39,30,30,39,20,16,16,20,0.8,8,8,16,1.0,1.0,28,11,8,0.13114754098360656,2.2797437838365386,1170,1,1,0,0,0,1,8,4,12,1,2022,2023-2026,1,0.46104584419101774,0.15440920574076095,0.6791845493562232,0.6096351931330473,0.680793991416309,0,270
C101F2A9CFC,CBFAB31D6E6,chitosan,electrostatic interaction,material_entity,solvation_entropy,0.22334910929203033,5,15,5,15,3,6,3,6,0.5,1,3,4,0.3333333333333333,0.6666666666666666,8,7,1,0.05263157894736842,0.26425736993644544,75,1,1,0,0,1,0,0,1,1,0,2022,2023-2026,0,0.6992904855475063,0.19620064189889386,0.7469957081545064,0.16958154506437767,0.678648068669528,0,271
C37031A3390,C77E2C49599,cellulose,bacterial cellulose,material_entity,material_entity,0.9244346618652344,21,6,6,21,12,3,3,12,0.25,10,3,13,2.6666666666666665,1.0,5,0,5,0.22727272727272727,2.511316419320667,126,1,1,1,1,0,0,1,0,1,0,2022,2023-2026,1,0.5542718901445601,0.1504771743672585,0.6789699570815451,0.5931974248927039,0.6781115879828327,0,272
C37031A3390,C539540C36B,cellulose,nanochannel-confined ion transport,material_entity,transport_mechanism,0.10530716925859451,21,16,16,21,12,4,4,12,0.3333333333333333,10,3,13,2.6666666666666665,0.6666666666666666,5,4,6,0.1935483870967742,2.4141745237955607,336,1,1,0,0,1,0,1,0,1,0,2022,2023-2026,0,0.7461338408632696,0.14370258425585775,0.6886266094420601,0.5216738197424893,0.6778969957081545,0,273
C6181968680,C8AD5B453CC,graphene,ion diffusion,material_entity,transport_mechanism,0.07373528182506561,27,41,27,41,19,19,19,19,1.0,12,12,24,3.0,3.0,10,23,11,0.19298245614035087,3.195525158584982,1107,1,1,0,0,1,0,6,2,8,1,2022,2023-2026,1,0.3923632131855949,0.15063804626239702,0.6628755364806866,0.6753755364806867,0.6777896995708155,0,274
C5FB209FC2D,C95D66F92B2,F4TCNQ,carbon nanotube family,material_entity,material_entity,0.414450079202652,2,27,2,27,2,33,2,33,0.06060606060606061,2,20,22,0.6666666666666666,4.666666666666667,1,13,1,0.03571428571428571,0.5581106265512472,54,1,1,1,1,0,0,0,11,11,0,2022,2023-2026,0,0.3536216494510168,0.21534765270526626,0.73862660944206,0.275793991416309,0.6776287553648068,0,275
C46747A02A1,CF10FA3299B,ion-pairing and complexation,V2O5,solvation_entropy,material_entity,0.3128141760826111,30,12,12,30,16,4,4,16,0.25,8,1,9,1.0,0.0,11,11,5,0.13513513513513514,1.9818311913181195,360,1,1,0,0,1,0,4,0,4,0,2022,2023-2026,0,0.39264797240674243,0.1718928103821883,0.692274678111588,0.506706008583691,0.6765021459227468,0,276
C3002C089A5,CE0DABA7381,ionic thermodiffusion (Soret effect),Fe2O3,transport_mechanism,material_entity,0.14876700937747955,44,2,2,44,42,2,2,42,0.047619047619047616,26,1,27,5.666666666666667,0.0,23,3,1,0.022222222222222223,0.4170323914242463,88,1,1,0,0,1,0,15,0,15,0,2022,2023-2026,0,0.984071938641603,0.16417709318303822,0.7433476394849785,0.2053648068669528,0.6761802575107296,0,277
C5E1580F832,C63ED77BD64,CoSb3,band engineering,material_entity,solid_state_mechanism,0.29843854904174805,8,8,8,8,7,5,5,7,0.7142857142857143,1,4,5,0.3333333333333333,1.0,21,3,2,0.14285714285714285,0.6023446447773643,64,1,1,0,0,1,0,0,0,0,0,2022,2023-2026,0,0.4334645330407996,0.21098540760229928,0.7384120171673819,0.2754291845493563,0.6760729613733906,0,278
C46747A02A1,C77E2C49599,ion-pairing and complexation,bacterial cellulose,solvation_entropy,material_entity,0.11070732027292252,30,6,6,30,16,3,3,16,0.1875,8,3,11,1.0,1.0,11,0,2,0.058823529411764705,0.643116719197176,180,1,1,0,0,1,0,4,0,4,0,2022,2023-2026,1,0.7168252953945318,0.19063148820799003,0.7418454935622317,0.22083690987124463,0.675804721030043,0,279
C46747A02A1,C7507F5D319,ion-pairing and complexation,ClO4,solvation_entropy,material_entity,0.2796275019645691,30,4,4,30,16,2,2,16,0.125,8,2,10,1.0,0.6666666666666666,11,0,3,0.0967741935483871,1.1476990090732884,120,1,1,0,0,1,0,4,0,4,0,2022,2023-2026,1,0.7051471770267121,0.17797215410654413,0.7291845493562231,0.3295064377682404,0.6753218884120171,0,280
C188B56F6F1,C571D324260,ion-selectivity membrane transport,quasi-solid granular electrolyte matrix,transport_mechanism,material_system,0.15602658689022064,41,7,7,41,23,4,4,23,0.17391304347826086,11,2,13,2.0,0.6666666666666666,23,23,2,0.043478260869565216,0.6863148994886373,287,1,1,0,0,1,0,9,0,9,0,2022,2023-2026,0,0.27417251014119304,0.22602646983844177,0.7392703862660943,0.2545386266094421,0.6752145922746782,0,281
C63ED77BD64,CA120BDE1A0,band engineering,Bi2S3,solid_state_mechanism,material_entity,0.31634432077407837,8,11,8,11,5,4,4,5,0.8,4,1,5,1.0,-0.3333333333333333,3,12,0,0.0,0.0,88,1,1,0,0,1,0,0,0,0,0,2022,2023-2026,0,0.7647864099446589,0.18930471564446502,0.7435622317596567,0.17606223175965666,0.6740343347639486,0,282
C41DA9D5B12,C696BC0A1E1,convection-resolved resistance decomposition,carbon electrode,transport_mechanism,electrode_interface,0.2150699943304062,6,10,6,10,2,3,2,3,0.6666666666666666,1,0,1,0.3333333333333333,-0.3333333333333333,9,9,4,0.3333333333333333,1.4900289614550308,60,1,1,0,0,0,1,1,1,2,1,2022,2023-2026,0,0.9387038888971075,0.15211205917810158,0.7197424892703862,0.38272532188841196,0.6736051502145923,0,283
C37031A3390,C3DA2C4151E,cellulose,aqueous electrolyte,material_entity,material_system,0.3690803050994873,21,7,7,21,12,2,2,12,0.16666666666666666,10,1,11,2.6666666666666665,0.3333333333333333,5,9,6,0.2727272727272727,2.2609499416480507,147,1,1,0,1,0,0,1,5,6,1,2022,2023-2026,0,0.46593059316338714,0.15283359163459875,0.6778969957081545,0.5754613733905578,0.6733369098712446,0,284
C275FB7C4B0,CB727037BDD,iodide/triiodide redox chemistry,lattice thermal-conductivity suppression,redox_chemistry,solid_state_mechanism,0.10450920462608337,21,37,21,37,18,54,18,54,0.3333333333333333,9,25,34,1.6666666666666667,3.6666666666666665,12,18,5,0.09433962264150944,1.3828591005496491,777,1,1,0,0,0,1,8,0,8,0,2022,2023-2026,0,0.15379869189051704,0.2116798587722011,0.7085836909871245,0.44074034334763945,0.6730686695278971,0,285
C2378F90E64,CBFAB31D6E6,anharmonic phonon transport,electrostatic interaction,solid_state_mechanism,solvation_entropy,0.22233761847019196,29,15,15,29,29,6,6,29,0.20689655172413793,16,3,19,2.6666666666666665,0.6666666666666666,9,7,6,0.15789473684210525,1.6568784524110187,435,1,1,0,0,0,1,0,1,1,0,2022,2023-2026,0,0.635591837986821,0.14681043274204256,0.6830472103004293,0.5195922746781115,0.6717811158798284,0,286
C188B56F6F1,C44799FE290,ion-selectivity membrane transport,defect engineering,transport_mechanism,solid_state_mechanism,0.1878129243850708,41,22,22,41,23,13,13,23,0.5652173913043478,11,5,16,2.0,1.6666666666666667,23,27,2,0.03278688524590164,0.5505489221271194,902,1,1,0,0,0,1,9,0,9,0,2022,2023-2026,0,0.42028127779660934,0.20299568780985722,0.7283261802575107,0.3051287553648069,0.6702789699570816,0,287
CC028ABF9C6,CDDD624085F,anti-freezing organohydrogel design,deep-eutectic eutogel electrolyte,gel_microstructure,material_system,0.3663671612739563,36,10,10,36,15,4,4,15,0.26666666666666666,7,1,8,1.0,0.0,15,7,8,0.21052631578947367,2.8015779553103934,360,1,1,0,0,1,0,6,0,6,0,2022,2023-2026,1,0.3714767493653657,0.14946086600661224,0.657725321888412,0.6400429184549357,0.6689914163090128,0,288
C311C0E1A8F,CB56BB4DDB0,SbCl3,carbon-electrode redox interface,material_entity,electrode_interface,0.11199748516082764,12,13,12,13,4,5,4,5,0.8,1,1,2,0.0,-0.3333333333333333,13,9,5,0.25,2.009062209180206,156,1,1,0,0,1,0,0,7,7,0,2022,2023-2026,0,0.7653447444519321,0.15261812739749359,0.7034334763948498,0.42929184549356225,0.6678111587982832,0,289
C5BB38E55EA,CE4B0E242E7,Ca3Co4,interfacial charge transfer,material_entity,electrode_interface,0.1209680438041687,2,35,2,35,2,21,2,21,0.09523809523809523,0,8,8,0.0,1.3333333333333333,9,29,1,0.027777777777777776,0.2729584204093974,70,1,1,0,0,1,0,0,6,6,0,2022,2023-2026,0,0.4612919790098169,0.20693732854626895,0.7394849785407724,0.13763948497854078,0.6677038626609443,0,290
C46747A02A1,C50BCAA1E15,ion-pairing and complexation,P2O5,solvation_entropy,material_entity,0.2736472189426422,30,7,7,30,16,3,3,16,0.1875,8,2,10,1.0,0.6666666666666666,11,11,5,0.15625,1.9015445515581495,210,1,1,0,0,1,0,4,0,4,0,2022,2023-2026,0,0.3891651324166946,0.1676178893308786,0.6873390557939913,0.48179184549356224,0.6666309012875536,0,291
C7FACAA1363,CC9289BCDC3,AgCrSe2,CuCrSe2,material_entity,material_entity,0.7399418354034424,4,6,4,6,2,2,2,2,1.0,1,0,1,0.0,-0.6666666666666666,5,5,2,0.25,0.9040868828124409,24,1,1,1,1,0,0,0,0,0,0,2022,2023-2026,0,0.586448104979103,0.17645147199681094,0.7180257510729614,0.3530472103004292,0.6649141630901287,0,292
C0783369D77,CDF78985483,PEDOT family,nanocomposite,material_entity,material_system,0.3802282512187958,44,21,21,44,55,13,13,55,0.23636363636363636,34,7,41,6.0,0.3333333333333333,10,5,8,0.14035087719298245,2.538962796192061,924,1,1,0,1,0,0,2,1,3,1,2022,2023-2026,0,0.18112468800621165,0.15309892138394326,0.6448497854077253,0.6905472103004292,0.6608369098712447,0,293
C3002C089A5,CF4A6A0344F,ionic thermodiffusion (Soret effect),ion migration,transport_mechanism,transport_mechanism,0.5552163124084473,44,27,27,44,42,17,17,42,0.40476190476190477,26,9,35,5.666666666666667,2.3333333333333335,23,29,10,0.16393442622950818,3.5360458818451943,1188,1,1,1,0,0,1,15,1,16,1,2022,2023-2026,1,0.5425594449235611,0.12109915768080028,0.6339055793991417,0.7825321888412018,0.6606223175965664,0,294
C0783369D77,C84C6A613D4,PEDOT family,cellulose nanofiber scaffold,material_entity,gel_microstructure,0.2236621379852295,44,24,24,44,55,17,17,55,0.3090909090909091,34,15,49,6.0,4.333333333333333,10,5,10,0.1724137931034483,3.0656401527140713,1056,1,1,0,0,1,0,2,3,5,1,2022,2023-2026,0,0.47193806356707196,0.12752491384778528,0.6386266094420601,0.7187339055793991,0.6597639484978541,0,295
CC3BA67827F,CFBB5A400A1,ionic-electronic coupling,cation-anion thermodiffusion asymmetry,transport_mechanism,transport_mechanism,0.3930237889289856,38,8,8,38,27,5,5,27,0.18518518518518517,11,3,14,2.3333333333333335,0.6666666666666666,29,6,5,0.12195121951219512,1.606390308683896,304,1,1,1,0,0,1,0,3,3,0,2022,2023-2026,1,0.31492831702251695,0.16441956413077793,0.6755364806866954,0.48804721030042914,0.6554721030042918,0,296
C8AD5B453CC,CC028ABF9C6,ion diffusion,anti-freezing organohydrogel design,transport_mechanism,gel_microstructure,0.020748469978570938,41,36,36,41,19,15,15,19,0.7894736842105263,12,7,19,3.0,1.0,23,15,10,0.14925373134328357,3.1072288925911207,1476,1,1,0,0,0,1,2,6,8,1,2022,2023-2026,0,0.2893663860281664,0.14078228709968094,0.6405579399141631,0.6393347639484979,0.6513948497854077,0,297
C3F66DD37CA,C962BA9CB74,H2O,TeO2,material_entity,material_entity,0.8013855218887329,10,21,10,21,4,6,4,6,0.6666666666666666,2,0,2,0.6666666666666666,0.0,8,15,6,0.24,2.1980464736388896,210,1,1,1,1,0,0,2,0,2,0,2022,2023-2026,0,0.26413451100023094,0.15259650572865968,0.6521459227467811,0.5756223175965665,0.6508583690987124,0,298
C5E1580F832,CB314592CFB,CoSb3,precipitation and species redistribution,material_entity,phase_or_species_transition,0.13403290510177612,8,11,8,11,7,5,5,7,0.7142857142857143,1,3,4,0.3333333333333333,1.0,21,6,2,0.11764705882352941,0.6115682435935361,88,1,1,0,0,1,0,0,0,0,0,2022,2023-2026,0,0.40447185435250443,0.20047232040107732,0.7206008583690987,0.20621244635193134,0.6506974248927039,0,299
CE0DABA7381,CF203EF8121,Fe2O3,Eastman entropy of transfer,material_entity,solvation_entropy,0.20430085062980652,2,11,2,11,2,7,2,7,0.2857142857142857,1,2,3,0.0,-1.0,3,5,1,0.08333333333333333,0.26425736993644544,22,1,1,0,0,1,0,0,2,2,0,2022,2023-2026,0,0.6962599315500241,0.17257966645187078,0.7236051502145922,0.16003218884120168,0.6502145922746781,0,300
C2378F90E64,C63ED77BD64,anharmonic phonon transport,band engineering,solid_state_mechanism,solid_state_mechanism,0.39108091592788696,29,8,8,29,29,5,5,29,0.1724137931034483,16,4,20,2.6666666666666665,1.0,9,3,3,0.08823529411764706,1.0239115074871175,232,1,1,1,0,0,1,0,0,0,0,2022,2023-2026,0,0.8045032298069934,0.13536063783908986,0.6834763948497853,0.3843454935622318,0.6489270386266095,0,301
CC27710F85E,CD9ECDD15B4,Sb2Se3,Sb2S3,material_entity,material_entity,0.9716421961784363,12,9,9,12,2,2,2,2,1.0,0,0,0,-0.6666666666666666,-0.3333333333333333,5,12,8,0.6153846153846154,2.661531442825849,108,1,1,1,1,0,0,0,0,0,0,2022,2023-2026,0,0.3815352867679142,0.13699731167895912,0.6435622317596565,0.6234442060085836,0.6486051502145923,0,302
C38C7EC2077,C3F66DD37CA,ethylene glycol,H2O,material_entity,material_entity,0.4008784890174866,21,10,10,21,12,4,4,12,0.3333333333333333,4,2,6,0.6666666666666666,0.6666666666666666,20,8,7,0.2916666666666667,2.462303843575335,210,1,1,1,1,0,0,0,2,2,0,2022,2023-2026,0,0.038672815478361905,0.19531897987566216,0.6465665236051502,0.6042918454935623,0.6483905579399142,0,303
C09EB3A5CE5,C8AD5B453CC,potassium iodide (KI),ion diffusion,material_entity,transport_mechanism,0.3062240183353424,8,41,8,41,2,19,2,19,0.10526315789473684,1,12,13,0.3333333333333333,3.0,23,23,3,0.06521739130434782,1.2394003879119389,328,1,1,0,0,1,0,1,2,3,1,2022,2023-2026,0,0.38220473679125144,0.16587816509454834,0.6849785407725322,0.37537553648068667,0.648175965665236,0,304
C0783369D77,C7B823B5BB0,PEDOT family,poly(vinyl alcohol) (PVA),material_entity,material_entity,0.6031258702278137,44,21,21,44,55,11,11,55,0.2,34,6,40,6.0,1.3333333333333333,10,8,10,0.18181818181818182,3.603630946796722,924,1,1,1,1,0,0,2,2,4,1,2022,2023-2026,1,0.14116773816062217,0.14326030462049466,0.6227467811158798,0.78818669527897,0.6475321888412017,0,305
C590DF9EFD4,C845F498233,organohydrogel,ion-dipole interaction,material_system,solvation_entropy,0.09363600611686707,7,5,5,7,2,2,2,2,1.0,2,1,3,0.6666666666666666,0.0,1,3,3,0.3333333333333333,1.0507542907263234,35,1,1,0,0,1,0,1,1,2,1,2022,2023-2026,0,0.9557504920348361,0.1382869376361791,0.7045064377682404,0.2912339055793991,0.6463519313304722,0,306
C7977C03A03,CC5968B917E,BaTiO3,convection and mass transport,material_entity,transport_mechanism,0.10706235468387604,3,11,3,11,2,8,2,8,0.25,0,2,2,0.0,0.3333333333333333,20,23,2,0.16666666666666666,0.5079828494510028,33,1,1,0,0,1,0,0,11,11,0,2022,2023-2026,0,0.3604598147835355,0.2024329812241383,0.7193133047210301,0.19840128755364808,0.6452789699570814,0,307
CBD5EA3A3DA,CEF8C3FDF7F,[Bi3I12],Et2Sb,material_entity,material_entity,0.7175782918930054,6,4,4,6,2,2,2,2,1.0,0,0,0,-0.3333333333333333,-0.3333333333333333,6,6,2,0.25,0.8330182042937408,24,1,1,1,1,0,0,0,0,0,0,2022,2023-2026,0,0.4354273766129877,0.16487292095735373,0.688412017167382,0.3437875536480687,0.6447424892703864,0,308
C101F2A9CFC,C7B823B5BB0,chitosan,poly(vinyl alcohol) (PVA),material_entity,material_entity,0.38946667313575745,5,21,5,21,3,11,3,11,0.2727272727272727,1,6,7,0.3333333333333333,1.3333333333333333,8,8,3,0.13043478260869565,0.9234111232521165,105,1,1,1,1,0,0,0,2,2,0,2022,2023-2026,0,0.22025018843440722,0.18866118920735298,0.6879828326180257,0.33554721030042917,0.642274678111588,0,309
C0783369D77,C1233ADA4A4,PEDOT family,BF4,material_entity,material_entity,0.382121741771698,44,3,3,44,55,5,5,55,0.09090909090909091,34,1,35,6.0,0.0,10,11,1,0.021739130434782608,0.43429448190325176,132,1,1,1,1,0,0,2,0,2,0,2022,2023-2026,0,0.5145396527779393,0.1620972602856468,0.6944206008583691,0.2936802575107296,0.6419527896995707,0,310
C44799FE290,CB314592CFB,defect engineering,precipitation and species redistribution,solid_state_mechanism,phase_or_species_transition,0.1429654359817505,22,11,11,22,13,5,5,13,0.38461538461538464,5,3,8,1.6666666666666667,1.0,27,6,3,0.1,0.7535828198535988,242,1,1,0,0,0,1,0,0,0,0,2022,2023-2026,0,0.4202551905733924,0.17404085272055947,0.698068669527897,0.2682618025751073,0.6394849785407725,0,311
C3002C089A5,CA601251C65,ionic thermodiffusion (Soret effect),Ag2Te,transport_mechanism,material_entity,0.18669669330120087,44,1,1,44,42,3,3,42,0.07142857142857142,26,1,27,5.666666666666667,0.0,23,23,0,0.0,0.0,44,1,1,0,0,1,0,15,0,15,0,2022,2023-2026,0,0.9142152460515387,0.1503512759747402,0.7130901287553648,0.18106223175965663,0.6388412017167382,0,312
C5A69E4FCAA,CF4A6A0344F,Ag2O,ion migration,material_entity,transport_mechanism,0.16117580235004425,9,27,9,27,6,17,6,17,0.35294117647058826,0,9,9,0.0,2.3333333333333335,26,29,5,0.16129032258064516,3.2224758083644036,243,1,1,0,0,1,0,1,1,2,1,2022,2023-2026,0,0.06794134877896232,0.18231024904102283,0.6482832618025751,0.5148175965665236,0.6376609442060086,0,313
C2F611E9EEA,C45C8AAD12E,clathrate,charge-transfer resistance engineering,material_system,electrode_interface,0.18427833914756775,13,39,13,39,11,20,11,20,0.55,0,8,8,-0.3333333333333333,1.0,19,28,8,0.18181818181818182,2.8322813114828067,507,1,1,0,0,1,0,1,8,9,1,2022,2023-2026,0,0.1370718054596024,0.15149749698995174,0.6313304721030043,0.5895064377682404,0.634549356223176,0,314
C6E1ADCF1C9,CEF8C3FDF7F,Et3Si,Et2Sb,material_entity,material_entity,0.851738691329956,6,4,4,6,2,2,2,2,1.0,0,0,0,-0.3333333333333333,-0.3333333333333333,6,6,2,0.25,0.8330182042937408,24,1,1,1,1,0,0,0,0,0,0,2022,2023-2026,0,0.44896289185470695,0.15369824346154246,0.6759656652360515,0.3489377682403434,0.632510729613734,0,315
C46747A02A1,CD515CCF7C2,ion-pairing and complexation,polaron hopping,solvation_entropy,solid_state_mechanism,0.22253769636154175,30,18,18,30,16,18,16,18,0.8888888888888888,8,2,10,1.0,-1.0,11,27,6,0.14285714285714285,2.3702115131541093,540,1,1,0,0,0,1,4,0,4,0,2022,2023-2026,0,0.3741360176707343,0.13302974892983715,0.6375536480686695,0.5463626609442059,0.6320815450643776,0,316
C56C2053791,CD486BA800F,Sr8Ga16Ge30,host-guest complexation,material_entity,solvation_entropy,0.2962549328804016,9,6,6,9,2,2,2,2,1.0,0,0,0,0.0,0.0,19,19,5,0.5,1.7521718169015856,54,1,1,0,0,1,0,0,2,2,0,2022,2023-2026,0,0.5742388971232663,0.1291931414945081,0.6525751072961373,0.45828326180257506,0.6315450643776824,0,317
C09EB3A5CE5,C4B2BA55977,potassium iodide (KI),KNO3,material_entity,material_entity,0.6350746154785156,8,9,8,9,2,2,2,2,1.0,1,2,3,0.3333333333333333,0.6666666666666666,23,2,4,0.3076923076923077,1.2916484888154514,72,1,1,1,1,0,0,1,2,3,1,2022,2023-2026,0,0.5600278961106917,0.13067490994747788,0.6538626609442061,0.43827253218884116,0.6302575107296138,0,318
C3848258807,C539540C36B,Al2O3,nanochannel-confined ion transport,material_entity,transport_mechanism,0.11108243465423584,8,16,8,16,8,4,4,8,0.5,3,3,6,0.6666666666666666,0.6666666666666666,27,4,1,0.043478260869565216,0.269282508064391,128,1,1,0,0,1,0,0,0,0,0,2022,2023-2026,0,0.5047262445497931,0.16516945698191943,0.6987124463519313,0.14727467811158798,0.6293991416309013,0,319
C696BC0A1E1,C7713A07951,carbon electrode,urea,electrode_interface,material_entity,0.1320078819990158,10,15,10,15,3,4,3,4,0.75,0,0,0,-0.3333333333333333,-0.3333333333333333,9,13,5,0.25,1.997799203841224,150,1,1,0,0,1,0,1,2,3,1,2022,2023-2026,0,0.6617672219191898,0.12658627634669872,0.6542918454935622,0.42557939914163084,0.6289163090128755,0,320
CAEB010ACF4,CC028ABF9C6,polyethylene glycol (PEG),anti-freezing organohydrogel design,material_entity,gel_microstructure,0.3131650686264038,20,36,20,36,7,15,7,15,0.4666666666666667,3,7,10,0.3333333333333333,1.0,8,15,18,0.47368421052631576,7.022302528061271,720,1,1,0,0,1,0,0,6,6,0,2022,2023-2026,1,0.13464178517320438,0.12751557214697518,0.5954935622317596,0.7918669527896995,0.628755364806867,0,321
CC3BA67827F,CC5968B917E,ionic-electronic coupling,convection and mass transport,transport_mechanism,transport_mechanism,0.39798370003700256,38,11,11,38,27,8,8,27,0.2962962962962963,11,2,13,2.3333333333333335,0.3333333333333333,29,23,5,0.11363636363636363,1.9311891544802253,418,1,1,1,0,0,1,0,11,11,0,2022,2023-2026,0,0.2725207106784021,0.14039438947460392,0.6375536480686695,0.5191630901287554,0.6281115879828326,0,322
CB40B685934,CE4B0E242E7,CuCr1,interfacial charge transfer,material_entity,electrode_interface,0.10772574692964554,6,35,6,35,2,21,2,21,0.09523809523809523,1,8,9,0.3333333333333333,1.3333333333333333,11,29,5,0.1388888888888889,1.6832732125349623,210,1,1,0,0,1,0,0,6,6,0,2022,2023-2026,0,0.2438027612633746,0.15808023752798378,0.6592274678111587,0.3930793991416309,0.6276824034334765,0,323
CD486BA800F,CFBCD9A3438,host-guest complexation,Ba8Ga16Ge30,solvation_entropy,material_entity,0.26782137155532837,6,9,6,9,2,2,2,2,1.0,0,0,0,0.0,0.0,19,19,5,0.5,1.7521718169015856,54,1,1,0,0,1,0,2,0,2,0,2022,2023-2026,0,0.657518969285012,0.1251417008270046,0.6512875536480687,0.4510729613733905,0.6272532188841202,0,324
C38C7EC2077,CC028ABF9C6,ethylene glycol,anti-freezing organohydrogel design,material_entity,gel_microstructure,0.21939638257026672,21,36,21,36,12,15,12,15,0.8,4,7,11,0.6666666666666666,1.0,20,15,18,0.46153846153846156,6.911147191987834,756,1,1,0,0,1,0,0,6,6,0,2022,2023-2026,1,0.09806465716322915,0.12854899100016368,0.5879828326180258,0.768755364806867,0.6244635193133048,0,325
C23B9BED21A,CCFD9A81EEE,ionic conduction,solid electrolyte,transport_mechanism,material_system,0.35529035329818726,35,11,11,35,36,8,8,36,0.2222222222222222,9,3,12,0.6666666666666666,0.6666666666666666,30,25,5,0.12195121951219512,1.9326114099421714,385,1,1,0,0,1,0,2,1,3,1,2022,2023-2026,0,0.00575574723170969,0.21218412029649403,0.6366952789699571,0.5118454935622317,0.6243562231759656,0,326
C2DA63DEF6B,CF00FA35255,NO3,HNO3,material_entity,material_entity,0.7886917591094971,7,7,7,7,2,2,2,2,1.0,0,0,0,0.0,0.0,15,15,6,0.75,1.9789830511228053,49,1,1,1,1,0,0,1,0,1,0,2022,2023-2026,0,0.4953159775058954,0.12112826905203496,0.630901287553648,0.5388197424892703,0.6238197424892704,0,327
CCFD9A81EEE,CEA9836CD32,solid electrolyte,molten salt,material_system,material_system,0.7135237455368042,11,6,6,11,8,2,2,8,0.25,3,1,4,0.6666666666666666,0.0,25,4,2,0.13333333333333333,1.424137568996588,66,1,1,1,1,0,0,1,4,5,1,2022,2023-2026,0,0.21074305075059602,0.16402334120115414,0.6607296137339055,0.36013948497854076,0.623175965665236,0,328
C0783369D77,C1E4ABFFD92,PEDOT family,BMIMBF4,material_entity,material_entity,0.32784947752952576,44,6,6,44,55,2,2,55,0.03636363636363636,34,0,34,6.0,-0.6666666666666666,10,5,3,0.06382978723404255,0.8767965600930657,264,1,1,1,1,0,0,2,0,2,0,2022,2023-2026,0,0.49559523560844554,0.13458569459744088,0.6542918454935622,0.3810300429184549,0.6224785407725322,0,329
C5FB209FC2D,C8739CADFFB,F4TCNQ,P3HT,material_entity,material_entity,0.6981802582740784,2,6,2,6,2,4,2,4,0.5,2,3,5,0.6666666666666666,0.6666666666666666,1,3,1,0.14285714285714285,0.30341307554227914,12,1,1,1,1,0,0,0,0,0,0,2022,2023-2026,0,0.4252782730043933,0.1572357983403477,0.6778969957081545,0.27420600858369104,0.6220493562231759,0,330
C3F66DD37CA,CF00FA35255,H2O,HNO3,material_entity,material_entity,0.8353339433670044,10,7,7,10,4,2,2,4,0.5,2,0,2,0.6666666666666666,0.0,8,15,5,0.4166666666666667,1.7795315983136806,70,1,1,1,1,0,0,2,0,2,0,2022,2023-2026,0,0.21908042389962257,0.13967868894111046,0.6311158798283261,0.5128540772532187,0.6207081545064378,0,331
CDF78985483,CF840763400,nanocomposite,TiO2,material_system,material_entity,0.2668348550796509,21,9,9,21,13,21,13,21,0.6190476190476191,7,2,9,0.3333333333333333,-1.0,5,18,4,0.15384615384615385,1.2201843656953615,189,1,1,0,1,0,0,1,1,2,1,2022,2023-2026,0,0.05839509241208108,0.1893498389053744,0.6523605150214593,0.3949141630901287,0.6201716738197425,0,332
C09AAA0C1AA,C5B8C057FAD,RCoO3,metal oxide,material_entity,material_system,0.43987464904785156,1,13,1,13,3,9,3,9,0.3333333333333333,0,4,4,0.0,1.0,21,21,0,0.0,0.0,13,1,1,0,1,0,0,0,2,2,0,2022,2023-2026,0,0.031692973647186866,0.2265951730534043,0.682618025751073,0.17701716738197426,0.617274678111588,0,333
C45C8AAD12E,C9FB1DC4D4B,charge-transfer resistance engineering,Ca3Co4O9,electrode_interface,material_entity,0.09733974933624268,39,6,6,39,20,7,7,20,0.35,8,0,8,1.0,-0.3333333333333333,28,16,3,0.07142857142857142,1.1356766203308495,234,1,1,0,0,1,0,8,0,8,0,2022,2023-2026,0,0.26844340744026857,0.16708636391496326,0.6721030042918454,0.26787553648068674,0.6171673819742489,0,334
C23B9BED21A,C275FB7C4B0,ionic conduction,iodide/triiodide redox chemistry,transport_mechanism,redox_chemistry,0.2012014389038086,35,21,21,35,36,18,18,36,0.5,9,9,18,0.6666666666666666,1.6666666666666667,30,12,9,0.19148936170212766,3.106056125735334,735,1,1,0,0,0,1,2,8,10,1,2022,2023-2026,0,0.07268984546265146,0.13960841699741539,0.5984978540772532,0.6684120171673821,0.6170600858369099,0,335
C4C9A1FEBD0,CC27710F85E,As2Te3,Sb2Se3,material_entity,material_entity,0.7862333059310913,9,12,9,12,2,2,2,2,1.0,0,0,0,-0.3333333333333333,-0.6666666666666666,29,5,8,0.6153846153846154,2.661531442825849,108,1,1,1,1,0,0,0,0,0,0,2022,2023-2026,0,0.32415140224682076,0.12258666014743735,0.6137339055793992,0.6197103004291845,0.6165236051502145,0,336
C9FB1DC4D4B,CE4B0E242E7,Ca3Co4O9,interfacial charge transfer,material_entity,electrode_interface,0.09754437953233719,6,35,6,35,7,21,7,21,0.3333333333333333,0,8,8,-0.3333333333333333,1.3333333333333333,16,29,3,0.07894736842105263,1.1273686266775185,210,1,1,0,0,1,0,0,6,6,0,2022,2023-2026,0,0.22969560000503475,0.16945507057816114,0.6718884120171673,0.266137339055794,0.6158798283261804,0,337
CB314592CFB,CDF78985483,precipitation and species redistribution,nanocomposite,phase_or_species_transition,material_system,0.14266973733901978,11,21,11,21,5,13,5,13,0.38461538461538464,3,7,10,1.0,0.3333333333333333,6,5,0,0.0,0.0,231,1,1,0,0,1,0,0,1,1,0,2022,2023-2026,0,0.7102010195432169,0.13889398832448432,0.6800429184549357,0.16601931330472103,0.6155579399141631,0,338
CB727037BDD,CBFAB31D6E6,lattice thermal-conductivity suppression,electrostatic interaction,solid_state_mechanism,solvation_entropy,0.19757896661758423,37,15,15,37,54,6,6,54,0.1111111111111111,25,3,28,3.6666666666666665,0.6666666666666666,18,7,6,0.13043478260869565,1.6446997419063416,555,1,1,0,0,0,1,0,1,1,0,2022,2023-2026,0,0.2818199353632222,0.13194237625395533,0.6259656652360515,0.5180364806866952,0.6151287553648068,0,339
C23B9BED21A,CF840763400,ionic conduction,TiO2,transport_mechanism,material_entity,0.1867651343345642,35,9,9,35,36,21,21,36,0.5833333333333334,9,2,11,0.6666666666666666,-1.0,30,18,3,0.07317073170731707,0.963963614843405,315,1,1,0,0,1,0,2,1,3,1,2022,2023-2026,0,0.019230401984416376,0.21556262216559396,0.6611587982832619,0.30626609442060093,0.6145922746781115,0,340
C3002C089A5,CE2D3B9DC27,ionic thermodiffusion (Soret effect),Nb2O5,transport_mechanism,material_entity,0.23011796176433563,44,5,5,44,42,3,3,42,0.07142857142857142,26,1,27,5.666666666666667,0.3333333333333333,23,16,1,0.020833333333333332,0.5138983423697507,220,1,1,0,0,1,0,15,0,15,0,2022,2023-2026,0,0.9424367733686038,0.11903838785528813,0.667167381974249,0.27180257510729616,0.6139484978540772,0,341
C23B9BED21A,C621A7A9629,ionic conduction,polyurethane (PU),transport_mechanism,material_entity,0.1698554903268814,35,8,8,35,36,5,5,36,0.1388888888888889,9,5,14,0.6666666666666666,1.6666666666666667,30,2,2,0.04878048780487805,0.5927161086894965,280,1,1,0,0,1,0,2,0,2,0,2022,2023-2026,0,0.05335645096408837,0.20662105347508755,0.6716738197424893,0.2592167381974249,0.6139484978540772,0,342
C399CA6EBBF,C78D65254F9,NbO2,phase transition,material_entity,phase_or_species_transition,0.18478815257549286,4,51,4,51,2,48,2,48,0.041666666666666664,0,17,17,-0.3333333333333333,1.3333333333333333,7,19,2,0.03773584905660377,0.5270893755037153,204,1,1,0,0,1,0,0,5,5,0,2022,2023-2026,0,0.4583950775218393,0.15180610900139813,0.6714592274678112,0.24896995708154507,0.6113733905579399,0,343
C24DA40DB81,C7FACAA1363,Cu2S,AgCrSe2,material_entity,material_entity,0.6863282918930054,6,4,4,6,3,2,2,3,0.6666666666666666,1,1,2,-0.3333333333333333,0.0,5,5,2,0.25,0.9040868828124409,24,1,1,1,1,0,0,0,0,0,0,2022,2023-2026,0,0.36533598104711634,0.14278440417711954,0.6504291845493562,0.352843347639485,0.609763948497854,0,344
CC3BA67827F,CDAC0413DCA,ionic-electronic coupling,gelatin-based polymer family,transport_mechanism,material_entity,0.04309803247451782,38,20,20,38,27,7,7,27,0.25925925925925924,11,7,18,2.3333333333333335,2.3333333333333335,29,2,4,0.07407407407407407,1.1326726909025728,760,1,1,0,0,1,0,0,4,4,0,2022,2023-2026,0,0.14783212026231768,0.16041648298317038,0.648068669527897,0.35939914163090125,0.6094420600858369,0,345
C188B56F6F1,C8AD5B453CC,ion-selectivity membrane transport,ion diffusion,transport_mechanism,transport_mechanism,0.7644133567810059,41,41,41,41,23,19,19,23,0.8260869565217391,11,12,23,2.0,3.0,23,23,16,0.24242424242424243,6.076878740100188,1681,1,1,1,0,0,1,9,2,11,1,2022,2023-2026,1,0.05768049126519163,0.12293975950798965,0.565236051502146,0.862725321888412,0.6087982832618025,0,346
C2F611E9EEA,CE4B0E242E7,clathrate,interfacial charge transfer,material_system,electrode_interface,0.1960432231426239,13,35,13,35,11,21,11,21,0.5238095238095238,0,8,8,-0.3333333333333333,1.3333333333333333,19,29,8,0.2,2.8239733178294757,455,1,1,0,0,1,0,1,6,7,1,2022,2023-2026,0,0.06666640987251084,0.147063819807606,0.6068669527896996,0.599420600858369,0.6081545064377682,0,347
C1233ADA4A4,C3F66DD37CA,BF4,H2O,material_entity,material_entity,0.6711276769638062,3,10,3,10,5,4,4,5,0.8,1,2,3,0.0,0.6666666666666666,11,8,2,0.18181818181818182,0.5391649476789391,30,1,1,1,1,0,0,0,2,2,0,2022,2023-2026,0,0.3545935003528041,0.14381585952062184,0.6530042918454935,0.31196351931330474,0.6077253218884121,0,348
C571D324260,C78D65254F9,quasi-solid granular electrolyte matrix,phase transition,material_system,phase_or_species_transition,0.11222566664218903,7,51,7,51,4,48,4,48,0.08333333333333333,2,17,19,0.6666666666666666,1.3333333333333333,23,19,1,0.017543859649122806,0.4170323914242463,357,1,1,0,0,1,0,0,5,5,0,2022,2023-2026,0,0.32417073353072123,0.1553612023199037,0.6663090128755365,0.22863733905579398,0.6067596566523604,0,349
CA18CB0B312,CFBCD9A3438,electron-phonon coupling,Ba8Ga16Ge30,solid_state_mechanism,material_entity,0.2095632553100586,7,9,7,9,3,2,2,3,0.6666666666666666,1,0,1,0.0,0.0,9,19,4,0.3333333333333333,1.4757732636334029,63,1,1,0,0,1,0,0,0,0,0,2022,2023-2026,0,0.43974908758721426,0.13063843140732026,0.6390557939914163,0.3800858369098712,0.6064377682403435,0,350
C311C0E1A8F,C41DA9D5B12,SbCl3,convection-resolved resistance decomposition,material_entity,transport_mechanism,0.09627839922904968,12,6,6,12,4,2,2,4,0.5,1,1,2,0.0,0.3333333333333333,13,9,4,0.2857142857142857,1.521893838976438,72,1,1,0,0,1,0,0,1,1,0,2022,2023-2026,0,0.4578255722777656,0.13334769413122224,0.6469957081545065,0.3478862660944206,0.6063304721030043,0,351
C37031A3390,C65E336E20C,cellulose,TEMPO,material_entity,material_entity,0.4015286862850189,21,6,6,21,12,2,2,12,0.16666666666666666,10,2,12,2.6666666666666665,0.6666666666666666,5,0,4,0.17391304347826086,1.635521827651675,126,1,1,1,1,0,0,1,0,1,0,2022,2023-2026,0,0.4419740185352067,0.1227705919495373,0.6266094420600858,0.45786480686695274,0.6057403433476395,0,352
C8AD5B453CC,CF4A6A0344F,ion diffusion,ion migration,transport_mechanism,transport_mechanism,0.8940117955207825,41,27,27,41,19,17,17,19,0.8947368421052632,12,9,21,3.0,2.3333333333333335,23,29,14,0.25925925925925924,4.614558283063607,1107,1,1,1,0,0,1,2,1,3,1,2022,2023-2026,0,0.045085701609482415,0.124610410583216,0.5603004291845494,0.8419206008583691,0.60568669527897,0,353
C8AD5B453CC,CAEB010ACF4,ion diffusion,polyethylene glycol (PEG),transport_mechanism,material_entity,0.046606726944446564,41,20,20,41,19,7,7,19,0.3684210526315789,12,3,15,3.0,0.3333333333333333,23,8,6,0.10909090909090909,1.9916967776061694,820,1,1,0,0,1,0,2,0,2,0,2022,2023-2026,0,0.20101931577312526,0.13783263695181255,0.6242489270386267,0.4850107296137338,0.6052575107296138,0,354
C5DEA4DF37C,C8AD5B453CC,Zn4Sb3,ion diffusion,material_entity,transport_mechanism,0.1265936642885208,8,41,8,41,5,19,5,19,0.2631578947368421,4,12,16,1.0,3.0,5,23,7,0.16666666666666666,2.123979548180473,328,1,1,0,0,1,0,0,2,2,0,2022,2023-2026,0,0.462517529999486,0.11837738415116364,0.6186695278969957,0.5184120171673818,0.6046137339055794,0,355
C45C8AAD12E,CD486BA800F,charge-transfer resistance engineering,host-guest complexation,electrode_interface,solvation_entropy,0.25217893719673157,39,6,6,39,20,2,2,20,0.1,8,0,8,1.0,0.0,28,19,5,0.125,1.9343330098056069,234,1,1,0,0,0,1,8,2,10,1,2022,2023-2026,0,0.475904768561236,0.1201517302845479,0.6253218884120172,0.45563304721030046,0.6019313304721029,0,356
CADCC57C7F1,CDBBD5033EA,SnSe,HfSe2,material_entity,material_entity,0.3707744777202606,15,9,9,15,11,2,2,11,0.18181818181818182,5,2,7,0.6666666666666666,0.6666666666666666,7,2,5,0.2631578947368421,1.8620499153893868,135,1,1,1,1,0,0,0,0,0,0,2022,2023-2026,0,0.1509523082043326,0.13748906558902882,0.6160944206008584,0.5061802575107296,0.6010729613733906,0,357
C311C0E1A8F,C696BC0A1E1,SbCl3,carbon electrode,material_entity,electrode_interface,0.11529098451137543,12,10,10,12,4,3,3,4,0.75,1,0,1,0.0,-0.3333333333333333,13,9,5,0.29411764705882354,1.9646389725282345,120,1,1,0,0,1,0,0,1,1,0,2022,2023-2026,0,0.5547526942828168,0.11716905170122946,0.6261802575107296,0.4233154506437768,0.597961373390558,0,358
C46747A02A1,CF4A97515AC,ion-pairing and complexation,gold electrode,solvation_entropy,material_entity,0.19130665063858032,30,3,3,30,16,3,3,16,0.1875,8,1,9,1.0,0.0,11,7,1,0.03125,0.7213475204444817,90,1,1,0,0,1,0,4,0,4,0,2022,2023-2026,0,0.6453825502151186,0.1283240025976697,0.6562231759656652,0.20023605150214593,0.5974248927038627,0,359
C0783369D77,CC4208AB219,PEDOT family,EMIMBF4,material_entity,material_entity,0.39117223024368286,44,5,5,44,55,2,2,55,0.03636363636363636,34,0,34,6.0,0.0,10,9,1,0.020833333333333332,0.4170323914242463,220,1,1,1,1,0,0,2,1,3,1,2022,2023-2026,0,0.631234597468218,0.1221835529208429,0.6439914163090128,0.3113090128755365,0.5968884120171675,0,360
C571D324260,CCFD9A81EEE,quasi-solid granular electrolyte matrix,solid electrolyte,material_system,material_system,0.5706120133399963,7,11,7,11,4,8,4,8,0.5,2,3,5,0.6666666666666666,0.6666666666666666,23,25,3,0.2,1.7376323612424756,77,1,1,1,1,0,0,0,1,1,0,2022,2023-2026,0,0.028244181718856193,0.17669772185231986,0.6229613733905579,0.4392703862660944,0.5966738197424893,0,361
C2F611E9EEA,C78D65254F9,clathrate,phase transition,material_system,phase_or_species_transition,0.2595999240875244,13,51,13,51,11,48,11,48,0.22916666666666666,0,17,17,-0.3333333333333333,1.3333333333333333,19,19,6,0.10344827586206896,1.6603813817740203,663,1,1,0,0,1,0,1,5,6,1,2022,2023-2026,0,0.043260266839128786,0.15538395564024934,0.6085836909871244,0.5121781115879828,0.5964592274678111,0,362
C188B56F6F1,C23B9BED21A,ion-selectivity membrane transport,ionic conduction,transport_mechanism,transport_mechanism,0.7166036367416382,41,35,35,41,23,36,23,36,0.6388888888888888,11,9,20,2.0,0.6666666666666666,23,30,7,0.10144927536231885,2.6845677419935288,1435,1,1,1,0,0,1,9,2,11,1,2022,2023-2026,0,0.06440193933227575,0.12575597175536976,0.5718884120171673,0.6716630901287552,0.5924892703862661,0,363
C075A0D1B79,CC028ABF9C6,Sb2Te3,anti-freezing organohydrogel design,material_entity,gel_microstructure,0.24180588126182556,17,36,17,36,9,15,9,15,0.6,1,7,8,-0.3333333333333333,1.0,12,15,6,0.1276595744680851,1.75137570227996,612,1,1,0,0,1,0,0,6,6,0,2022,2023-2026,0,0.3611168175027791,0.11871079638819801,0.6079399141630901,0.4987017167381974,0.5921673819742489,0,364
C188B56F6F1,CAEB010ACF4,ion-selectivity membrane transport,polyethylene glycol (PEG),transport_mechanism,material_entity,0.045327261090278625,41,20,20,41,23,7,7,23,0.30434782608695654,11,3,14,2.0,0.3333333333333333,23,8,10,0.19607843137254902,3.815410586607204,820,1,1,0,0,1,0,9,0,9,0,2022,2023-2026,0,0.1928591951316539,0.10947572493511246,0.5727467811158798,0.6521459227467811,0.5910944206008583,0,365
C23B9BED21A,C5DEA4DF37C,ionic conduction,Zn4Sb3,transport_mechanism,material_entity,0.2142602652311325,35,8,8,35,36,5,5,36,0.1388888888888889,9,4,13,0.6666666666666666,1.0,30,5,4,0.10256410256410256,1.0919323475402087,280,1,1,0,0,1,0,2,0,2,0,2022,2023-2026,0,0.027255048054574935,0.18683930208198574,0.6266094420600858,0.36307939914163084,0.5903969957081545,0,366
C56C2053791,CE4B0E242E7,Sr8Ga16Ge30,interfacial charge transfer,material_entity,electrode_interface,0.10746675729751587,9,35,9,35,2,21,2,21,0.09523809523809523,0,8,8,0.0,1.3333333333333333,19,29,5,0.1282051282051282,2.0290160293901045,315,1,1,0,0,1,0,0,6,6,0,2022,2023-2026,0,0.11403287307940181,0.14394841349490575,0.6195278969957081,0.4263412017167382,0.588197424892704,0,367
C0783369D77,C95D66F92B2,PEDOT family,carbon nanotube family,material_entity,material_entity,0.4473469853401184,44,27,27,44,55,33,33,55,0.6,34,20,54,6.0,4.666666666666667,10,13,15,0.26785714285714285,5.220454308678316,1188,1,1,1,1,0,0,2,11,13,1,2022,2023-2026,0,0.08191005631402128,0.1074233914615351,0.5392703862660944,0.8640557939914163,0.5869098712446352,0,368
C37031A3390,C520B85DE7A,cellulose,grain-boundary scattering,material_entity,solid_state_mechanism,0.17764785885810852,21,6,6,21,12,3,3,12,0.25,10,2,12,2.6666666666666665,0.6666666666666666,5,6,3,0.125,1.3644642396416575,126,1,1,0,0,1,0,1,0,1,0,2022,2023-2026,0,0.7616064723614523,0.10846828658214581,0.6274678111587983,0.32936695278969963,0.5854077253218885,0,369
C0783369D77,CC80A29B7B0,PEDOT family,Nafion,material_entity,material_entity,0.3598126769065857,44,3,3,44,55,2,2,55,0.03636363636363636,34,1,35,6.0,0.3333333333333333,10,7,2,0.044444444444444446,0.5578215162421837,132,1,1,1,1,0,0,2,0,2,0,2022,2023-2026,0,0.5434251768044734,0.11938918711421218,0.628969957081545,0.3219420600858369,0.5850858369098713,0,370
C962BA9CB74,CB56BB4DDB0,TeO2,carbon-electrode redox interface,material_entity,electrode_interface,0.2564624845981598,21,13,13,21,6,5,5,6,0.8333333333333334,0,1,1,0.0,-0.3333333333333333,15,9,5,0.1724137931034483,2.083033074809,273,1,1,0,0,1,0,0,7,7,0,2022,2023-2026,0,0.5703883319371064,0.10194458132764554,0.598068669527897,0.4767489270386266,0.5842811158798282,0,371
C1E4ABFFD92,C8AD5B453CC,BMIMBF4,ion diffusion,material_entity,transport_mechanism,0.13214834034442902,6,41,6,41,2,19,2,19,0.10526315789473684,0,12,12,-0.6666666666666666,3.0,5,23,4,0.09302325581395349,1.184048560337538,246,1,1,0,0,1,0,0,2,2,0,2022,2023-2026,0,0.41075676645632625,0.12332027978608749,0.6253218884120171,0.3288519313304721,0.5793991416309012,0,372
C95D66F92B2,CFE4361F368,carbon nanotube family,charge-carrier mobility,material_entity,solid_state_mechanism,0.1885240375995636,27,42,27,42,33,36,33,36,0.9166666666666666,20,13,33,4.666666666666667,1.6666666666666667,13,27,6,0.09523809523809523,1.853916130526105,1134,1,1,0,0,1,0,11,0,11,0,2022,2023-2026,0,0.5955673579920581,0.09077829356204836,0.5761802575107297,0.5418884120171673,0.5789699570815451,0,373
C6C09287FDB,CB727037BDD,high-entropy redox/ion coupling,lattice thermal-conductivity suppression,solvation_entropy,solid_state_mechanism,0.25724875926971436,7,37,7,37,4,54,4,54,0.07407407407407407,4,25,29,1.3333333333333333,3.6666666666666665,2,18,5,0.1282051282051282,1.858654366109952,259,1,1,0,0,0,1,2,0,2,0,2022,2023-2026,0,0.25376030257350196,0.1094058492016126,0.578969957081545,0.5099141630901287,0.578862660944206,0,374
C2378F90E64,CA18CB0B312,anharmonic phonon transport,electron-phonon coupling,solid_state_mechanism,solid_state_mechanism,0.6767318844795227,29,7,7,29,29,3,3,29,0.10344827586206896,16,1,17,2.6666666666666665,0.0,9,9,5,0.16129032258064516,1.8908678437583268,203,1,1,1,0,0,1,0,0,0,0,2022,2023-2026,0,0.6734813138957741,0.08785124299882123,0.5757510729613734,0.5425,0.5781115879828327,0,375
C0783369D77,C101F2A9CFC,PEDOT family,chitosan,material_entity,material_entity,0.46524977684020996,44,5,5,44,55,3,3,55,0.05454545454545454,34,1,35,6.0,0.3333333333333333,10,8,3,0.06521739130434782,0.9670106198862971,220,1,1,1,1,0,0,2,0,2,0,2022,2023-2026,0,0.46529539484054033,0.11106080423067376,0.6098712446351932,0.3999034334763949,0.5778969957081546,0,376
C962BA9CB74,CC028ABF9C6,TeO2,anti-freezing organohydrogel design,material_entity,gel_microstructure,0.13748003542423248,21,36,21,36,6,15,6,15,0.4,0,7,7,0.0,1.0,15,15,8,0.16326530612244897,2.8699315864074517,756,1,1,0,0,1,0,0,6,6,0,2022,2023-2026,0,0.12804514133100095,0.11363486556594558,0.5699570815450644,0.5763841201716737,0.5776824034334764,0,377
C84C6A613D4,CC3BA67827F,cellulose nanofiber scaffold,ionic-electronic coupling,gel_microstructure,transport_mechanism,0.05834900587797165,24,38,24,38,17,27,17,27,0.6296296296296297,15,11,26,4.333333333333333,2.3333333333333335,5,29,5,0.08771929824561403,1.4177434641180775,912,1,1,0,0,0,1,3,0,3,0,2022,2023-2026,0,0.6571083777761383,0.10040853296594753,0.6004291845493562,0.42864806866952787,0.5776824034334763,0,378
CADCC57C7F1,CB19ED8936D,SnSe,MoS2,material_entity,material_entity,0.3898347318172455,15,6,6,15,11,2,2,11,0.18181818181818182,5,2,7,0.6666666666666666,0.6666666666666666,7,2,5,0.3125,1.7590589021515584,90,1,1,1,1,0,0,0,0,0,0,2022,2023-2026,0,0.161882916030701,0.11558196349539186,0.5796137339055794,0.4995493562231759,0.576931330472103,0,379
C08389FD6C6,C38C7EC2077,moisture-gradient ion transport,ethylene glycol,transport_mechanism,material_entity,0.18780378997325897,32,21,21,32,27,12,12,27,0.4444444444444444,17,4,21,3.6666666666666665,0.6666666666666666,20,20,7,0.15217391304347827,2.789042506283666,672,1,1,0,0,1,0,4,0,4,0,2022,2023-2026,1,0.21199484367068328,0.10272133297920448,0.559656652360515,0.6074248927038628,0.5762875536480687,0,380
C41DA9D5B12,C7713A07951,convection-resolved resistance decomposition,urea,transport_mechanism,material_entity,-0.002132352441549301,6,15,6,15,2,4,2,4,0.5,1,0,1,0.3333333333333333,-0.3333333333333333,9,13,4,0.23529411764705882,1.5550540702894275,90,1,1,0,0,1,0,1,2,3,1,2022,2023-2026,0,0.7178539672963581,0.1079536703145536,0.6221030042918455,0.3350858369098712,0.5755364806866954,0,381
C0783369D77,C188B56F6F1,PEDOT family,ion-selectivity membrane transport,material_entity,transport_mechanism,0.11184030026197433,44,41,41,44,55,23,23,55,0.41818181818181815,34,11,45,6.0,2.0,10,23,13,0.18055555555555555,5.2103272934902405,1804,1,1,0,0,1,0,2,9,11,1,2022,2023-2026,0,0.10923777109067899,0.10090721710163864,0.5354077253218883,0.7450858369098714,0.5740343347639485,0,382
C3848258807,CCFD9A81EEE,Al2O3,solid electrolyte,material_entity,material_system,0.25491923093795776,8,11,8,11,8,8,8,8,1.0,3,3,6,0.6666666666666666,0.6666666666666666,27,25,1,0.05555555555555555,0.269282508064391,88,1,1,0,1,0,0,0,1,1,0,2022,2023-2026,0,0.03425022431143256,0.18803904273881,0.6360515021459228,0.19291845493562232,0.5733905579399142,0,383
C45C8AAD12E,C5BB38E55EA,charge-transfer resistance engineering,Ca3Co4,electrode_interface,material_entity,0.11072017252445221,39,2,2,39,20,2,2,20,0.1,8,0,8,1.0,0.0,28,9,1,0.025,0.28126641406272834,78,1,1,0,0,1,0,8,0,8,0,2022,2023-2026,0,0.46053488590658825,0.12780685256652607,0.6375536480686695,0.13918454935622315,0.5731759656652361,0,384
C1FC9BD492E,C78D65254F9,alloy/disorder phonon scattering,phase transition,solid_state_mechanism,phase_or_species_transition,0.1907982975244522,5,51,5,51,4,48,4,48,0.08333333333333333,1,17,18,0.3333333333333333,1.3333333333333333,22,19,4,0.07692307692307693,1.0482287503649703,255,1,1,0,0,0,1,0,5,5,0,2022,2023-2026,0,0.47235550058007314,0.11421860712259173,0.615665236051502,0.34549356223175964,0.5719957081545065,0,385
C527F5CBB4C,CB39303D43C,CaPd3Ti4O12,CaPd3V4O12,material_entity,material_entity,0.960857093334198,2,2,2,2,2,2,2,2,1.0,1,1,2,0.0,0.0,3,3,1,0.3333333333333333,0.23307527170850925,4,1,1,1,1,0,0,0,0,0,0,2022,2023-2026,0,0.7103475912911248,0.10759600069061762,0.6201716738197425,0.31498927038626606,0.5703862660944207,0,386
C06F57A9BCA,C6DD69CF62E,polymer electrolyte,polyvinylpyrrolidone (PVP),material_system,material_entity,0.4760798513889313,13,5,5,13,9,2,2,9,0.2222222222222222,4,0,4,0.6666666666666666,-0.3333333333333333,19,7,2,0.125,0.6224728425482571,65,1,1,0,1,0,0,2,1,3,1,2022,2023-2026,0,0.13324967176345942,0.14376218133304147,0.6223175965665235,0.29067596566523607,0.5699570815450644,0,387
C0783369D77,C3002C089A5,PEDOT family,ionic thermodiffusion (Soret effect),material_entity,transport_mechanism,0.18845930695533752,44,44,44,44,55,42,42,55,0.7636363636363637,34,26,60,6.0,5.666666666666667,10,23,14,0.1891891891891892,4.300385803172858,1936,1,1,0,0,1,0,2,15,17,1,2022,2023-2026,1,0.10881499990151206,0.09752610371019461,0.5274678111587984,0.7763733905579399,0.5672746781115879,0,388
CA120BDE1A0,CC27710F85E,Bi2S3,Sb2Se3,material_entity,material_entity,0.7881977558135986,11,12,11,12,4,2,2,4,0.5,1,0,1,-0.3333333333333333,-0.6666666666666666,12,5,8,0.5333333333333333,2.6996186647150213,132,1,1,1,1,0,0,0,0,0,0,2022,2023-2026,0,0.22483542412718985,0.09715646148800751,0.5459227467811159,0.6296137339055794,0.5668454935622318,0,389
C45C8AAD12E,C78D65254F9,charge-transfer resistance engineering,phase transition,electrode_interface,phase_or_species_transition,0.10874047875404358,39,51,39,51,20,48,20,48,0.4166666666666667,8,17,25,1.0,1.3333333333333333,28,19,14,0.18421052631578946,4.741804325127559,1989,1,1,0,0,0,1,8,5,13,1,2022,2023-2026,1,0.004614299277875575,0.13080048845387218,0.5311158798283262,0.7291738197424893,0.5659334763948498,0,390
C50BCAA1E15,CF10FA3299B,P2O5,V2O5,material_entity,material_entity,0.9071576595306396,7,12,7,12,3,4,3,4,0.75,2,1,3,0.6666666666666666,0.0,11,11,4,0.26666666666666666,1.5288716810350655,84,1,1,1,1,0,0,0,0,0,0,2022,2023-2026,0,0.3012317221299459,0.10586242897170597,0.5763948497854077,0.4633798283261802,0.5656652360515022,0,391
C3848258807,C78D65254F9,Al2O3,phase transition,material_entity,phase_or_species_transition,0.21979215741157532,8,51,8,51,8,48,8,48,0.16666666666666666,3,17,20,0.6666666666666666,1.3333333333333333,27,19,1,0.017241379310344827,0.33380820069533407,408,1,1,0,0,1,0,0,5,5,0,2022,2023-2026,0,0.2773674468495984,0.13034768845955652,0.6203862660944206,0.27252145922746784,0.5651287553648069,0,392
C6210B1A223,CC3BA67827F,reduced graphene oxide,ionic-electronic coupling,material_entity,transport_mechanism,0.16240867972373962,7,38,7,38,3,27,3,27,0.1111111111111111,3,11,14,1.0,2.3333333333333335,2,29,5,0.125,1.9142050671023103,266,1,1,0,0,1,0,3,0,3,0,2022,2023-2026,0,0.295230764387228,0.10620456619995716,0.5763948497854078,0.44729613733905577,0.5638412017167382,0,393
C45C8AAD12E,CA120BDE1A0,charge-transfer resistance engineering,Bi2S3,electrode_interface,material_entity,0.1584274023771286,39,11,11,39,20,4,4,20,0.2,8,1,9,1.0,-0.3333333333333333,28,12,8,0.19047619047619047,2.8290898486874685,429,1,1,0,0,1,0,8,0,8,0,2022,2023-2026,0,0.12819603608704774,0.1035035557109467,0.5487124463519313,0.5819313304721031,0.5633047210300429,0,394
C45C8AAD12E,CFC9D296861,charge-transfer resistance engineering,Bi2Se3,electrode_interface,material_entity,0.19915136694908142,39,17,17,39,20,8,8,20,0.4,8,2,10,1.0,-0.3333333333333333,28,12,10,0.21739130434782608,3.429654463497742,663,1,1,0,0,1,0,8,0,8,0,2022,2023-2026,0,0.0860254021723658,0.10296649560434755,0.534549356223176,0.6694527896995708,0.5633047210300429,0,395
C539540C36B,C8AD5B453CC,nanochannel-confined ion transport,ion diffusion,transport_mechanism,transport_mechanism,0.7372055053710938,16,41,16,41,4,19,4,19,0.21052631578947367,3,12,15,0.6666666666666666,3.0,4,23,8,0.16326530612244897,3.3793456424813693,656,1,1,1,0,0,1,0,2,2,0,2022,2023-2026,1,0.4848514508900084,0.07794859780756616,0.5293991416309013,0.7140987124463519,0.5616952789699571,0,396
C56C2053791,CFBCD9A3438,Sr8Ga16Ge30,Ba8Ga16Ge30,material_entity,material_entity,0.9042084217071533,9,9,9,9,2,2,2,2,1.0,0,0,0,0.0,0.0,19,19,8,0.8,2.999843577577869,81,1,1,1,1,0,0,0,0,0,0,2022,2023-2026,0,0.29356860123468154,0.08835657214936717,0.5388412017167382,0.6346459227467811,0.5611587982832618,0,397
C4C9A1FEBD0,CD9ECDD15B4,As2Te3,Sb2S3,material_entity,material_entity,0.7807886600494385,9,9,9,9,2,2,2,2,1.0,0,0,0,-0.3333333333333333,-0.3333333333333333,29,12,8,0.8,2.6088414338942747,81,1,1,1,1,0,0,0,0,0,0,2022,2023-2026,0,0.29833721160297166,0.08872824924018613,0.5418454935622318,0.6106974248927038,0.560675965665236,0,398
C9AFE334F36,CCAABE058E7,phonon scattering,ferri/ferrocyanide redox chemistry,solid_state_mechanism,redox_chemistry,0.08715122938156128,49,25,25,49,49,21,21,49,0.42857142857142855,18,3,21,1.6666666666666667,-0.6666666666666666,29,29,7,0.1044776119402985,2.025585596053315,1225,1,1,0,0,0,1,0,38,38,0,2022,2023-2026,0,0.5780913161181584,0.08413400888853641,0.5560085836909872,0.5303648068669529,0.5601931330472103,0,399
C56C2053791,CA18CB0B312,Sr8Ga16Ge30,electron-phonon coupling,material_entity,solid_state_mechanism,0.16089943051338196,9,7,7,9,2,3,2,3,0.6666666666666666,0,1,1,0.0,0.0,19,9,4,0.3333333333333333,1.4757732636334029,63,1,1,0,0,1,0,0,0,0,0,2022,2023-2026,0,0.45182748039430753,0.10108477362237529,0.5821888412017168,0.36115879828326175,0.5586909871244635,0,400
C38C7EC2077,C621A7A9629,ethylene glycol,polyurethane (PU),material_entity,material_entity,0.41692137718200684,21,8,8,21,12,5,5,12,0.4166666666666667,4,5,9,0.6666666666666666,1.6666666666666667,20,2,5,0.20833333333333334,1.7004406551963651,168,1,1,1,1,0,0,0,0,0,0,2022,2023-2026,0,0.05980563907125648,0.11952814637781337,0.5575107296137339,0.5060622317596566,0.5565450643776824,0,401
C4CEC954E12,C7713A07951,platinum electrode,urea,material_entity,material_entity,0.3533197045326233,23,15,15,23,9,4,4,9,0.4444444444444444,1,0,1,-0.3333333333333333,-0.3333333333333333,26,13,8,0.26666666666666666,2.976093753497054,345,1,1,1,1,0,0,6,2,8,1,2022,2023-2026,0,0.04352669174341327,0.10950268843113928,0.5315450643776825,0.6339914163090129,0.5540236051502145,0,402
CBF24CD6AF1,CC5968B917E,electronic-structure modulation,convection and mass transport,solid_state_mechanism,transport_mechanism,0.14299944043159485,73,11,11,73,147,8,8,147,0.05442176870748299,51,2,53,5.0,0.3333333333333333,29,23,4,0.05,1.7087640905777641,803,1,1,0,0,0,1,0,11,11,0,2022,2023-2026,0,0.004880770282727832,0.1547129005490247,0.5675965665236052,0.45364806866952784,0.5539699570815452,0,403
C2276A75659,C78D65254F9,SrTiO3,phase transition,material_entity,phase_or_species_transition,0.22222505509853363,7,51,7,51,9,48,9,48,0.1875,2,17,19,0.0,1.3333333333333333,17,19,4,0.07407407407407407,1.0558387665667381,357,1,1,0,0,1,0,0,5,5,0,2022,2023-2026,0,0.20737956819293737,0.10981098270029786,0.5772532188841202,0.3763841201716737,0.5537553648068669,0,404
C571D324260,CEA9836CD32,quasi-solid granular electrolyte matrix,molten salt,material_system,material_system,0.46463868021965027,7,6,6,7,4,2,2,4,0.5,2,1,3,0.6666666666666666,0.0,23,4,2,0.18181818181818182,1.3272716180510837,42,1,1,1,1,0,0,0,4,4,0,2022,2023-2026,0,0.2844218123243255,0.10883509850760892,0.58068669527897,0.3558690987124463,0.5535407725321888,0,405
C10C4FF4B6C,CFE4361F368,hydrogen bonding,charge-carrier mobility,solvation_entropy,solid_state_mechanism,0.21863862872123718,18,42,18,42,8,36,8,36,0.2222222222222222,3,13,16,0.3333333333333333,1.6666666666666667,18,27,4,0.07142857142857142,1.1546121436342982,756,1,1,0,0,0,1,5,0,5,0,2022,2023-2026,0,0.1355951531967012,0.11676860845523881,0.5751072961373391,0.4006008583690987,0.5528969957081545,0,406
C25D09DDC57,C9AFE334F36,Fe2+/Fe3+ solvation redox chemistry,phonon scattering,redox_chemistry,solid_state_mechanism,0.0744636058807373,17,49,17,49,10,49,10,49,0.20408163265306123,5,18,23,1.0,1.6666666666666667,29,29,7,0.11864406779661017,2.4564876970876166,833,1,1,0,0,0,1,19,0,19,0,2022,2023-2026,0,0.3809497765785971,0.08659066543976995,0.5418454935622318,0.5538733905579398,0.552736051502146,0,407
C2378F90E64,CDBBD5033EA,anharmonic phonon transport,HfSe2,solid_state_mechanism,material_entity,0.21175530552864075,29,9,9,29,29,2,2,29,0.06896551724137931,16,2,18,2.6666666666666665,0.6666666666666666,9,2,5,0.15151515151515152,1.934345084084872,261,1,1,0,0,1,0,0,0,0,0,2022,2023-2026,0,0.5064577941786922,0.08533510893677435,0.5525751072961373,0.4915343347639485,0.5516094420600858,0,408
C46747A02A1,C6DD69CF62E,ion-pairing and complexation,polyvinylpyrrolidone (PVP),solvation_entropy,material_entity,0.10722558945417404,30,5,5,30,16,2,2,16,0.125,8,0,8,1.0,-0.3333333333333333,11,7,2,0.06060606060606061,0.7183299840043311,150,1,1,0,0,1,0,4,1,5,1,2022,2023-2026,0,0.6390061593037714,0.10477888247349564,0.6105150214592274,0.20427038626609445,0.5494635193133047,0,409
C2378F90E64,C6D6399FFC8,anharmonic phonon transport,HfS2,solid_state_mechanism,material_entity,0.19347736239433289,29,9,9,29,29,2,2,29,0.06896551724137931,16,2,18,2.6666666666666665,0.6666666666666666,9,2,5,0.15151515151515152,1.934345084084872,261,1,1,0,0,1,0,0,0,0,0,2022,2023-2026,0,0.5045888498810248,0.08533510893677435,0.5521459227467811,0.48419527896995707,0.5491416309012875,0,410
C2AB2ABA9A6,CFC9D296861,dimethyl sulfoxide (DMSO),Bi2Se3,material_entity,material_entity,0.23033133149147034,11,17,11,17,7,8,7,8,0.875,1,2,3,-1.3333333333333333,-0.3333333333333333,9,12,1,0.037037037037037035,0.23307527170850925,187,1,1,1,1,0,0,1,0,1,0,2022,2023-2026,0,0.1753017211072599,0.13187839956132655,0.6124463519313305,0.1861695278969957,0.5486051502145922,0,411
C78D65254F9,CA120BDE1A0,phase transition,Bi2S3,phase_or_species_transition,material_entity,0.25197434425354004,51,11,11,51,48,4,4,48,0.08333333333333333,17,1,18,1.3333333333333333,-0.3333333333333333,19,12,8,0.14814814814814814,2.8477134909528234,561,1,1,0,0,1,0,5,0,5,0,2022,2023-2026,0,0.03038352332148106,0.10984258579582681,0.5263948497854077,0.6352575107296138,0.5478540772532189,0,412
C78D65254F9,CE4B0E242E7,phase transition,interfacial charge transfer,phase_or_species_transition,electrode_interface,0.15270546078681946,51,35,35,51,48,21,21,48,0.4375,17,8,25,1.3333333333333333,1.3333333333333333,19,29,14,0.19444444444444445,4.733496331474227,1785,1,1,0,0,0,1,5,6,11,1,2022,2023-2026,0,0.0027081084542361663,0.12068090340444071,0.5075107296137339,0.7450107296137338,0.5478540772532189,0,413
C24DA40DB81,C8AD5B453CC,Cu2S,ion diffusion,material_entity,transport_mechanism,0.16169893741607666,6,41,6,41,3,19,3,19,0.15789473684210525,1,12,13,-0.3333333333333333,3.0,5,23,3,0.06818181818181818,0.8360006991545782,246,1,1,0,0,1,0,0,2,2,0,2022,2023-2026,0,0.5265579414285266,0.09880036421472034,0.5854077253218885,0.28337982832618025,0.5475321888412018,0,414
C78D65254F9,CD2F5C2DDDC,phase transition,TiO3,phase_or_species_transition,material_entity,0.20699864625930786,51,4,4,51,48,5,5,48,0.10416666666666667,17,1,18,1.3333333333333333,0.0,19,19,3,0.057692307692307696,0.7761859351184138,204,1,1,0,0,1,0,5,0,5,0,2022,2023-2026,0,0.060901735531640556,0.13183063294319075,0.5817596566523604,0.29914163090128754,0.5464592274678111,0,415
CC27710F85E,CE4B0E242E7,Sb2Se3,interfacial charge transfer,material_entity,electrode_interface,0.079872727394104,12,35,12,35,2,21,2,21,0.09523809523809523,0,8,8,-0.6666666666666666,1.3333333333333333,5,29,8,0.20512820512820512,2.835384642076539,420,1,1,0,0,1,0,0,6,6,0,2022,2023-2026,0,0.08751550436866613,0.1018691859125847,0.5319742489270386,0.5656223175965666,0.5458690987124464,0,416
C8AD5B453CC,C9FB1DC4D4B,ion diffusion,Ca3Co4O9,transport_mechanism,material_entity,0.16172096133232117,41,6,6,41,19,7,7,19,0.3684210526315789,12,0,12,3.0,-0.3333333333333333,23,16,2,0.044444444444444446,0.5079828494510028,246,1,1,0,0,1,0,2,0,2,0,2022,2023-2026,0,0.3329658754315049,0.11245633908769792,0.598068669527897,0.2365343347639485,0.5454399141630901,0,417
CD9ECDD15B4,CE4B0E242E7,Sb2S3,interfacial charge transfer,material_entity,electrode_interface,0.09003576636314392,9,35,9,35,2,21,2,21,0.09523809523809523,0,8,8,-0.3333333333333333,1.3333333333333333,12,29,8,0.2222222222222222,2.782694633144965,315,1,1,0,0,1,0,0,6,6,0,2022,2023-2026,0,0.09382253970568924,0.1016126815646604,0.5319742489270386,0.5543562231759657,0.5433476394849786,0,418
CCFD9A81EEE,CD515CCF7C2,solid electrolyte,polaron hopping,material_system,solid_state_mechanism,0.300081729888916,11,18,11,18,8,18,8,18,0.4444444444444444,3,2,5,0.6666666666666666,-1.0,25,27,2,0.07407407407407407,0.5488128004817823,198,1,1,0,0,1,0,1,0,1,0,2022,2023-2026,0,0.0469787046133627,0.13872034157104077,0.5854077253218883,0.2649356223175966,0.5431330472103004,0,419
C188B56F6F1,CC80A29B7B0,ion-selectivity membrane transport,Nafion,transport_mechanism,material_entity,0.3061104416847229,41,3,3,41,23,2,2,23,0.08695652173913043,11,1,12,2.0,0.3333333333333333,23,7,2,0.047619047619047616,0.5527963781142381,123,1,1,0,0,1,0,9,0,9,0,2022,2023-2026,0,0.6725074314517229,0.09075541545878936,0.5813304721030043,0.26743562231759654,0.5407725321888411,0,420
C09EB3A5CE5,C438FE53FF1,potassium iodide (KI),lithium chloride (LiCl),material_entity,material_entity,0.5561982989311218,8,6,6,8,2,4,2,4,0.5,1,2,3,0.3333333333333333,0.3333333333333333,23,23,3,0.2727272727272727,0.9505722694250828,48,1,1,1,1,0,0,1,2,3,1,2022,2023-2026,0,0.04672125454676066,0.12629757142438006,0.563519313304721,0.37814377682403433,0.540343347639485,0,421
C4CEC954E12,C6C76863E52,platinum electrode,copper electrode,material_entity,material_entity,0.7892529964447021,23,5,5,23,9,3,3,9,0.3333333333333333,1,1,2,-0.3333333333333333,0.3333333333333333,26,10,2,0.07692307692307693,0.6075140520286747,115,1,1,1,1,0,0,6,3,9,1,2022,2023-2026,0,0.11993082984812488,0.12014870055071863,0.5783261802575107,0.2857618025751073,0.5392703862660944,0,422
C571D324260,C8AD5B453CC,quasi-solid granular electrolyte matrix,ion diffusion,material_system,transport_mechanism,0.16230349242687225,7,41,7,41,4,19,4,19,0.21052631578947367,2,12,14,0.6666666666666666,3.0,23,23,2,0.043478260869565216,0.6863148994886373,287,1,1,0,0,1,0,0,2,2,0,2022,2023-2026,0,0.40689394107864996,0.10216577764005531,0.5809012875536481,0.2603755364806867,0.5387339055793992,0,423
C6B56755D0B,C8AD5B453CC,Cu7PSe6,ion diffusion,material_entity,transport_mechanism,0.12285545468330383,8,41,8,41,4,19,4,19,0.21052631578947367,1,12,13,-0.3333333333333333,3.0,8,23,5,0.11363636363636363,1.3544265535545124,328,1,1,0,0,1,0,0,2,2,0,2022,2023-2026,0,0.3213539393030343,0.09749879865632743,0.5594420600858369,0.38261802575107295,0.538304721030043,0,424
C9AFE334F36,CA18CB0B312,phonon scattering,electron-phonon coupling,solid_state_mechanism,solid_state_mechanism,0.718673586845398,49,7,7,49,49,3,3,49,0.061224489795918366,18,1,19,1.6666666666666667,0.0,29,9,3,0.05660377358490566,1.1888930316199513,343,1,1,1,0,0,1,0,0,0,0,2022,2023-2026,0,0.13759563158695678,0.10392410613431005,0.551931330472103,0.4256974248927038,0.5377682403433477,0,425
C58F3B85353,CF4A97515AC,thermoresponsive micellization p/n conversion,gold electrode,phase_or_species_transition,material_entity,0.09245823323726654,4,3,3,4,2,3,2,3,0.6666666666666666,1,1,2,0.0,0.0,5,7,1,0.16666666666666666,0.29401410379520604,12,1,1,0,0,1,0,1,0,1,0,2022,2023-2026,0,0.6949664777621407,0.09636626620823986,0.5927038626609442,0.17013948497854078,0.5368025751072962,0,426
C621A7A9629,CDF78985483,polyurethane (PU),nanocomposite,material_entity,material_system,0.4419189393520355,8,21,8,21,5,13,5,13,0.38461538461538464,5,7,12,1.6666666666666667,0.3333333333333333,2,5,2,0.07407407407407407,0.5455237839991738,168,1,1,0,1,0,0,0,1,1,0,2022,2023-2026,0,0.4651835505900588,0.09747737061136114,0.5744635193133047,0.30754291845493564,0.5356223175965664,0,427
C3D74C503D4,C7096F6ECC5,Bi2Te3,imidazolium ionic-liquid phase transition electrolyte,material_entity,material_system,0.36138054728507996,38,15,15,38,24,8,8,24,0.3333333333333333,6,4,10,0.0,0.6666666666666666,15,8,2,0.0392156862745098,0.4966336486687234,570,1,1,0,1,0,0,0,5,5,0,2022,2023-2026,0,0.0332427177787019,0.13630369625285774,0.572961373390558,0.3185622317596566,0.5350858369098712,0,428
C78D65254F9,CC27710F85E,phase transition,Sb2Se3,phase_or_species_transition,material_entity,0.2248239666223526,51,12,12,51,48,2,2,48,0.041666666666666664,17,0,17,1.3333333333333333,-0.6666666666666666,19,5,8,0.14545454545454545,2.8623162779952254,612,1,1,0,0,1,0,5,0,5,0,2022,2023-2026,0,0.054540733654450765,0.09956561360017244,0.513519313304721,0.6259012875536482,0.5343347639484979,0,429
C23B9BED21A,CDF78985483,ionic conduction,nanocomposite,transport_mechanism,material_system,0.1336214244365692,35,21,21,35,36,13,13,36,0.3611111111111111,9,7,16,0.6666666666666666,0.3333333333333333,30,5,11,0.24444444444444444,4.3538237717731985,735,1,1,0,0,1,0,2,1,3,1,2022,2023-2026,0,0.010033289191909388,0.10885904484489602,0.5,0.6913948497854077,0.5337982832618026,0,430
C2AB2ABA9A6,C38C7EC2077,dimethyl sulfoxide (DMSO),ethylene glycol,material_entity,material_entity,0.4920493960380554,11,21,11,21,7,12,7,12,0.5833333333333334,1,4,5,-1.3333333333333333,0.6666666666666666,9,20,4,0.14285714285714285,1.0439343413396323,231,1,1,1,1,0,0,1,0,1,0,2022,2023-2026,1,0.04231872467809981,0.12041575784777757,0.5508583690987124,0.4009656652360515,0.532832618025751,0,431
C90CB9C3175,CADCC57C7F1,half-Heusler alloy,SnSe,material_system,material_entity,0.6294648051261902,7,15,7,15,11,11,11,11,1.0,3,5,8,0.0,0.6666666666666666,16,7,4,0.2222222222222222,1.156833581553522,105,1,1,0,1,0,0,0,0,0,0,2022,2023-2026,0,0.23149649164730474,0.09520794643000208,0.540343347639485,0.43815450643776827,0.530579399141631,0,432
C38C7EC2077,CE4B0E242E7,ethylene glycol,interfacial charge transfer,material_entity,electrode_interface,0.17800796031951904,21,35,21,35,12,21,12,21,0.5714285714285714,4,8,12,0.6666666666666666,1.3333333333333333,20,29,3,0.05660377358490566,0.860938973315764,735,1,1,0,0,1,0,0,6,6,0,2022,2023-2026,0,0.09630854310306744,0.11137425501177059,0.5583690987124463,0.32395922746781114,0.526716738197425,0,433
C0783369D77,CC028ABF9C6,PEDOT family,anti-freezing organohydrogel design,material_entity,gel_microstructure,0.20476001501083374,44,36,36,44,55,15,15,55,0.2727272727272727,34,7,41,6.0,1.0,10,15,15,0.23076923076923078,5.247333765189603,1584,1,1,0,0,1,0,2,6,8,1,2022,2023-2026,0,0.10824582924089564,0.07700683753526766,0.4748927038626609,0.7995064377682405,0.5260729613733905,0,434
C0783369D77,C08389FD6C6,PEDOT family,moisture-gradient ion transport,material_entity,transport_mechanism,0.08591026067733765,44,32,32,44,55,27,27,55,0.4909090909090909,34,17,51,6.0,3.6666666666666665,10,20,17,0.288135593220339,6.207200809328147,1408,1,1,0,0,1,0,2,4,6,1,2022,2023-2026,1,0.0391262527923325,0.08585520698130363,0.4738197424892704,0.782961373390558,0.5226394849785407,0,435
C50BCAA1E15,CD515CCF7C2,P2O5,polaron hopping,material_entity,solid_state_mechanism,0.12211954593658447,7,18,7,18,3,18,3,18,0.16666666666666666,2,2,4,0.6666666666666666,-1.0,11,27,4,0.19047619047619047,1.5853250291557166,126,1,1,0,0,1,0,0,0,0,0,2022,2023-2026,0,0.06546180844201356,0.1103220876743782,0.5472103004291845,0.3535085836909871,0.5222103004291846,0,436
C0783369D77,C6181968680,PEDOT family,graphene,material_entity,material_entity,0.3851039409637451,44,27,27,44,55,19,19,55,0.34545454545454546,34,12,46,6.0,3.0,10,10,14,0.24561403508771928,4.11892590663142,1188,1,1,1,1,0,0,2,6,8,1,2022,2023-2026,0,0.04973960948959556,0.08285970875309451,0.4716738197424893,0.826598712446352,0.5210836909871244,0,437
C0783369D77,C46747A02A1,PEDOT family,ion-pairing and complexation,material_entity,solvation_entropy,0.14037132263183594,44,30,30,44,55,16,16,55,0.2909090909090909,34,8,42,6.0,1.0,10,11,12,0.1935483870967742,3.7658832402703615,1320,1,1,0,0,1,0,2,4,6,1,2022,2023-2026,0,0.2185033602523692,0.06785662429875494,0.47639484978540775,0.7315987124463519,0.5207618025751073,0,438
C45C8AAD12E,CC27710F85E,charge-transfer resistance engineering,Sb2Se3,electrode_interface,material_entity,0.09888619184494019,39,12,12,39,20,2,2,20,0.1,8,0,8,1.0,-0.6666666666666666,28,5,8,0.18604651162790697,2.84369263572987,468,1,1,0,0,1,0,8,0,8,0,2022,2023-2026,0,0.19888802351800838,0.08080106170676953,0.5045064377682403,0.5624034334763949,0.5189914163090129,0,439
C4C9A1FEBD0,CE4B0E242E7,As2Te3,interfacial charge transfer,material_entity,electrode_interface,0.09954956918954849,9,35,9,35,2,21,2,21,0.09523809523809523,0,8,8,-0.3333333333333333,1.3333333333333333,29,29,8,0.2222222222222222,2.782694633144965,315,1,1,0,0,1,0,0,6,6,0,2022,2023-2026,0,0.044210834068867354,0.09823900151271932,0.5049356223175965,0.5556437768240343,0.5181330472103004,0,440
C08389FD6C6,CC80A29B7B0,moisture-gradient ion transport,Nafion,transport_mechanism,material_entity,0.27931344509124756,32,3,3,32,27,2,2,27,0.07407407407407407,17,1,18,3.6666666666666665,0.3333333333333333,20,7,2,0.06060606060606061,0.5335398780008365,96,1,1,0,0,1,0,4,0,4,0,2022,2023-2026,0,0.6785040713164582,0.08148526415601727,0.5581545064377682,0.2727467811158798,0.5179184549356224,0,441
C53D2C5DAAD,CA18CB0B312,ZrS2,electron-phonon coupling,material_entity,solid_state_mechanism,0.1688321977853775,6,7,6,7,2,3,2,3,0.6666666666666666,2,1,3,0.6666666666666666,0.0,2,9,1,0.08333333333333333,0.25694917118487537,42,1,1,0,0,1,0,0,0,0,0,2022,2023-2026,0,0.6876816494287987,0.08714647576187642,0.5742489270386266,0.14747854077253217,0.517489270386266,0,442
C3C9A44365B,CA026FEDF4D,LiCoO2,CoO2,material_entity,material_entity,0.7093653678894043,4,3,3,4,2,5,2,5,0.4,0,0,0,-0.3333333333333333,0.0,7,16,1,0.16666666666666666,1.4426950408889634,12,1,1,1,1,0,0,1,0,1,0,2022,2023-2026,0,0.09983477637378502,0.10416022306499073,0.5420600858369099,0.34198497854077253,0.5170600858369099,0,443
C9AFE334F36,CB314592CFB,phonon scattering,precipitation and species redistribution,solid_state_mechanism,phase_or_species_transition,0.20208564400672913,49,11,11,49,49,5,5,49,0.10204081632653061,18,3,21,1.6666666666666667,1.0,29,6,5,0.09090909090909091,1.5586878479551058,539,1,1,0,0,0,1,0,0,0,0,2022,2023-2026,0,0.08096227031268312,0.1003892636009887,0.5244635193133047,0.4582296137339056,0.5155579399141631,0,444
C787F187281,C78D65254F9,Ag2S,phase transition,material_entity,phase_or_species_transition,0.2578190565109253,7,51,7,51,2,48,2,48,0.041666666666666664,0,17,17,-0.3333333333333333,1.3333333333333333,22,19,6,0.11538461538461539,1.6800480178137813,357,1,1,0,0,1,0,0,5,5,0,2022,2023-2026,0,0.0948238498643102,0.09580857517652377,0.5150214592274678,0.4976287553648069,0.5145922746781116,0,445
CA120BDE1A0,CE4B0E242E7,Bi2S3,interfacial charge transfer,material_entity,electrode_interface,0.1296422928571701,11,35,11,35,4,21,4,21,0.19047619047619047,1,8,9,-0.3333333333333333,1.3333333333333333,12,29,8,0.21052631578947367,2.8207818550341375,385,1,1,0,0,1,0,0,6,6,0,2022,2023-2026,0,0.09573581548532242,0.08561768210897287,0.49635193133047206,0.577618025751073,0.5142703862660944,0,446
CB727037BDD,CDBBD5033EA,lattice thermal-conductivity suppression,HfSe2,solid_state_mechanism,material_entity,0.14974066615104675,37,9,9,37,54,2,2,54,0.037037037037037035,25,2,27,3.6666666666666665,0.6666666666666666,18,2,5,0.12195121951219512,1.9543813950493845,333,1,1,0,0,1,0,0,0,0,0,2022,2023-2026,0,0.22639467773842936,0.08538748953933319,0.521244635193133,0.476362660944206,0.5141630901287554,0,447
C5A69E4FCAA,C962BA9CB74,Ag2O,TeO2,material_entity,material_entity,0.7002747058868408,9,21,9,21,6,6,6,6,1.0,0,0,0,0.0,0.0,26,15,4,0.15384615384615385,1.2719711452304476,189,1,1,1,1,0,0,1,0,1,0,2022,2023-2026,0,0.11703392673588307,0.09664468146580285,0.5266094420600858,0.4122854077253219,0.5109442060085837,0,448
C5DEA4DF37C,CF4A6A0344F,Zn4Sb3,ion migration,material_entity,transport_mechanism,0.13234272599220276,8,27,8,27,5,17,5,17,0.29411764705882354,4,9,13,1.0,2.3333333333333335,5,29,7,0.25,2.089848980702585,216,1,1,0,0,1,0,0,1,1,0,2022,2023-2026,0,0.15013697290693173,0.08208117260437212,0.5025751072961373,0.524087982832618,0.5094957081545064,0,449
C78D65254F9,CF458C61212,phase transition,LiNbO3,phase_or_species_transition,material_entity,0.20625048875808716,51,3,3,51,48,6,6,48,0.125,17,0,17,1.3333333333333333,0.0,19,30,2,0.038461538461538464,1.531574161186449,153,1,1,0,0,1,0,5,0,5,0,2022,2023-2026,0,0.04215289029364521,0.11379975212301406,0.5394849785407725,0.3189484978540773,0.5092274678111588,0,450
C78D65254F9,CFC9D296861,phase transition,Bi2Se3,phase_or_species_transition,material_entity,0.23988309502601624,51,17,17,51,48,8,8,48,0.16666666666666666,17,2,19,1.3333333333333333,-0.3333333333333333,19,12,9,0.15254237288135594,3.144865030220818,867,1,1,0,0,1,0,5,0,5,0,2022,2023-2026,0,0.015743053027567712,0.09550775733399838,0.4731759656652361,0.6758690987124463,0.5089055793991417,0,451
CB727037BDD,CEA9836CD32,lattice thermal-conductivity suppression,molten salt,solid_state_mechanism,material_system,0.190998375415802,37,6,6,37,54,2,2,54,0.037037037037037035,25,1,26,3.6666666666666665,0.0,18,4,2,0.04878048780487805,0.49002444289338465,222,1,1,0,0,1,0,0,4,4,0,2022,2023-2026,0,0.43414303590515857,0.08586683216882907,0.5463519313304721,0.27430257510729616,0.5087982832618025,0,452
C311C0E1A8F,C7713A07951,SbCl3,urea,material_entity,material_entity,0.43155378103256226,12,15,12,15,4,4,4,4,1.0,1,0,1,0.0,-0.3333333333333333,13,13,6,0.2857142857142857,2.5435624237323817,180,1,1,1,1,0,0,0,2,2,0,2022,2023-2026,0,0.22736189919059469,0.07197453997531393,0.48454935622317596,0.5756330472103004,0.5080472103004292,0,453
CBF24CD6AF1,CE6FC512ED2,electronic-structure modulation,dynamic crosslinked gel network,solid_state_mechanism,gel_microstructure,0.2198009341955185,73,26,26,73,147,9,9,147,0.061224489795918366,51,7,58,5.0,1.6666666666666667,29,3,8,0.08791208791208792,2.3577941067030546,1898,1,1,0,0,0,1,0,2,2,0,2022,2023-2026,0,0.00028628656146959956,0.10953316003583698,0.47467811158798284,0.6378111587982833,0.5062231759656652,0,454
C311C0E1A8F,CC27710F85E,SbCl3,Sb2Se3,material_entity,material_entity,0.9240218997001648,12,12,12,12,4,2,2,4,0.5,1,0,1,0.0,-0.6666666666666666,13,5,3,0.14285714285714285,1.4691773769672556,144,1,1,1,1,0,0,0,0,0,0,2022,2023-2026,0,0.18564667459625353,0.08748995530628668,0.5223175965665237,0.4017167381974248,0.5031115879828326,0,455
C78D65254F9,CD515CCF7C2,phase transition,polaron hopping,phase_or_species_transition,solid_state_mechanism,0.2878066599369049,51,18,18,51,48,18,18,48,0.375,17,2,19,1.3333333333333333,-1.0,19,27,7,0.11290322580645161,1.9869618812351146,918,1,1,0,0,0,1,5,0,5,0,2022,2023-2026,0,0.016371124013237964,0.09609540490548456,0.476824034334764,0.5836802575107296,0.5016094420600858,0,456
C41DA9D5B12,C962BA9CB74,convection-resolved resistance decomposition,TeO2,transport_mechanism,material_entity,0.13499194383621216,6,21,6,21,2,6,2,6,0.3333333333333333,1,0,1,0.3333333333333333,0.0,9,15,4,0.17391304347826086,1.5958647046052317,126,1,1,0,0,1,0,1,0,1,0,2022,2023-2026,0,0.5646841848751523,0.07595259701427827,0.5309012875536481,0.3418454935622317,0.5015021459227468,0,457
C7FACAA1363,CBFA1FD5D8A,AgCrSe2,metal selenide,material_entity,material_system,0.43166714906692505,4,2,2,4,2,2,2,2,1.0,1,1,2,0.0,0.0,5,4,0,0.0,0.0,8,1,1,0,1,0,0,0,0,0,0,2022,2023-2026,0,0.34564933720978475,0.09478835302539582,0.5515021459227468,0.169206008583691,0.5008583690987125,0,458
CC3BA67827F,CCAABE058E7,ionic-electronic coupling,ferri/ferrocyanide redox chemistry,transport_mechanism,redox_chemistry,0.2016829401254654,38,25,25,38,27,21,21,27,0.7777777777777778,11,3,14,2.3333333333333335,-0.6666666666666666,29,29,10,0.18867924528301888,2.908940830954758,950,1,1,0,0,0,1,0,38,38,0,2022,2023-2026,0,0.8398023353607779,0.04632362348700195,0.4699570815450644,0.6646995708154506,0.5005364806866952,0,459
C23B9BED21A,C6B56755D0B,ionic conduction,Cu7PSe6,transport_mechanism,material_entity,0.20515106618404388,35,8,8,35,36,4,4,36,0.1111111111111111,9,1,10,0.6666666666666666,-0.3333333333333333,30,8,6,0.16216216216216217,1.609989033975229,280,1,1,0,0,1,0,2,0,2,0,2022,2023-2026,0,0.014141653037491585,0.10808772331304939,0.5034334763948498,0.4674356223175965,0.499892703862661,0,460
C3DB4F04D16,C78D65254F9,rattling-mode phonon suppression,phase transition,solid_state_mechanism,phase_or_species_transition,0.12191293388605118,20,51,20,51,22,48,22,48,0.4583333333333333,7,17,24,1.6666666666666667,1.3333333333333333,21,19,8,0.12698412698412698,2.2449194569333555,1020,1,1,0,0,0,1,0,5,5,0,2022,2023-2026,0,0.06372124396132775,0.08174140748036907,0.47639484978540775,0.5781652360515022,0.49962446351931333,0,461
CE4B0E242E7,CFC9D296861,interfacial charge transfer,Bi2Se3,electrode_interface,material_entity,0.20933398604393005,35,17,17,35,21,8,8,21,0.38095238095238093,8,2,10,1.3333333333333333,-0.3333333333333333,29,12,10,0.23809523809523808,3.421346469844411,595,1,1,0,0,1,0,6,0,6,0,2022,2023-2026,0,0.05771152958711033,0.07933041233955658,0.46759656652360515,0.6737017167381973,0.4993562231759657,0,462
C696BC0A1E1,C962BA9CB74,carbon electrode,TeO2,electrode_interface,material_entity,0.2661513388156891,10,21,10,21,3,6,3,6,0.5,0,0,0,-0.3333333333333333,0.0,9,15,5,0.19230769230769232,2.038609838157028,210,1,1,0,0,1,0,1,0,1,0,2022,2023-2026,0,0.45013644205298553,0.06685812182502399,0.4995708154506438,0.47276824034334763,0.4968884120171673,0,463
C50BCAA1E15,CE2D3B9DC27,P2O5,Nb2O5,material_entity,material_entity,0.8365940451622009,7,5,5,7,3,3,3,3,1.0,2,1,3,0.6666666666666666,0.3333333333333333,11,16,1,0.09090909090909091,0.26425736993644544,35,1,1,1,1,0,0,0,0,0,0,2022,2023-2026,0,0.17656170295466855,0.0962969452949026,0.5371244635193133,0.24076180257510726,0.49506437768240347,0,464
CC27710F85E,CFC9D296861,Sb2Se3,Bi2Se3,material_entity,material_entity,0.5146214962005615,12,17,12,17,2,8,2,8,0.25,0,2,2,-0.6666666666666666,-0.3333333333333333,5,12,11,0.6111111111111112,4.282345789758845,204,1,1,1,1,0,0,0,0,0,0,2022,2023-2026,0,0.07165392581939412,0.07247704893911729,0.451931330472103,0.704087982832618,0.49356223175965663,0,465
C275FB7C4B0,C9AFE334F36,iodide/triiodide redox chemistry,phonon scattering,redox_chemistry,solid_state_mechanism,0.10870396345853806,21,49,21,49,18,49,18,49,0.3673469387755102,9,18,27,1.6666666666666667,1.6666666666666667,12,29,7,0.1111111111111111,2.484869103440354,1029,1,1,0,0,0,1,8,0,8,0,2022,2023-2026,0,0.14163877834237618,0.07252130117434143,0.47360515021459226,0.5685193133047209,0.4933476394849785,0,466
C45C8AAD12E,C5219F02F17,charge-transfer resistance engineering,Zintl phase,electrode_interface,material_system,0.24085059762001038,39,17,17,39,20,23,20,23,0.8695652173913043,8,9,17,1.0,1.0,28,19,8,0.16666666666666666,2.871810825910159,663,1,1,0,0,1,0,8,0,8,0,2022,2023-2026,0,0.07502389079942144,0.07719404028958662,0.4652360515021459,0.6461158798283262,0.49324034334763944,0,467
C399CA6EBBF,C4CEC954E12,NbO2,platinum electrode,material_entity,material_entity,0.2962707281112671,4,23,4,23,2,9,2,9,0.2222222222222222,0,1,1,-0.3333333333333333,-0.3333333333333333,7,26,2,0.08,0.5270893755037153,92,1,1,1,1,0,0,0,6,6,0,2022,2023-2026,0,0.11420671376911036,0.09882682896963357,0.5330472103004292,0.23015021459227467,0.4909871244635194,0,468
C95135079E8,CE2D3B9DC27,Li2O-1,Nb2O5,material_entity,material_entity,0.7020162343978882,3,5,3,5,2,3,2,3,0.6666666666666666,0,1,1,0.0,0.3333333333333333,16,16,2,0.3333333333333333,1.1645740047708797,15,1,1,1,1,0,0,0,0,0,0,2022,2023-2026,0,0.14588807603568946,0.08447472034026647,0.5060085836909871,0.38362660944206006,0.490343347639485,0,469
C78D65254F9,CE2D3B9DC27,phase transition,Nb2O5,phase_or_species_transition,material_entity,0.1761522740125656,51,5,5,51,48,3,3,48,0.0625,17,1,18,1.3333333333333333,0.3333333333333333,19,16,2,0.037037037037037035,1.8204784532536746,255,1,1,0,0,1,0,5,0,5,0,2022,2023-2026,0,0.1375129671020051,0.08778148124121567,0.5148068669527897,0.35309012875536483,0.4892703862660944,0,470
C2378F90E64,CB19ED8936D,anharmonic phonon transport,MoS2,solid_state_mechanism,material_entity,0.22991955280303955,29,6,6,29,29,2,2,29,0.06896551724137931,16,2,18,2.6666666666666665,0.6666666666666666,9,2,5,0.16666666666666666,1.8313540708470433,174,1,1,0,0,1,0,0,0,0,0,2022,2023-2026,0,0.517066459203656,0.0587815912690747,0.48218884120171673,0.48265021459227464,0.48905579399141635,0,471
C7096F6ECC5,CB02CED7099,imidazolium ionic-liquid phase transition electrolyte,carrier-concentration optimization,material_system,solid_state_mechanism,0.1579873263835907,15,62,15,62,8,83,8,83,0.0963855421686747,4,28,32,0.6666666666666666,2.6666666666666665,8,30,3,0.04054054054054054,0.7934997258229812,930,1,1,0,0,1,0,5,0,5,0,2022,2023-2026,0,0.011764931662793165,0.11117195958696838,0.5107296137339056,0.35751072961373387,0.4873390557939914,0,472
C9AFE334F36,CEA9836CD32,phonon scattering,molten salt,solid_state_mechanism,material_system,0.2316802591085434,49,6,6,49,49,2,2,49,0.04081632653061224,18,1,19,1.6666666666666667,0.0,29,4,2,0.03773584905660377,0.5100131651173666,294,1,1,0,0,1,0,0,4,4,0,2022,2023-2026,0,0.134466636568694,0.09510945652381371,0.5240343347639485,0.2899892703862661,0.4856223175965665,0,473
CB727037BDD,CE0C8909862,lattice thermal-conductivity suppression,CuFeS2,solid_state_mechanism,material_entity,0.1999889612197876,37,3,3,37,54,2,2,54,0.037037037037037035,25,2,27,3.6666666666666665,0.6666666666666666,18,0,1,0.02564102564102564,0.25694917118487537,111,1,1,0,0,1,0,0,0,0,0,2022,2023-2026,0,0.4419316543411603,0.0805339267038632,0.5311158798283262,0.2203648068669528,0.4853540772532189,0,474
C23B9BED21A,C6775C55BEF,ionic conduction,superionic transition,transport_mechanism,solid_state_mechanism,0.6544279456138611,35,14,14,35,36,15,15,36,0.4166666666666667,9,2,11,0.6666666666666666,-0.6666666666666666,30,18,11,0.2894736842105263,3.3149197030852853,490,1,1,0,0,0,1,2,0,2,0,2022,2023-2026,0,0.00984921468289624,0.07839928625599404,0.4276824034334764,0.7501502145922747,0.48497854077253216,0,475
CC028ABF9C6,CF00FA35255,anti-freezing organohydrogel design,HNO3,gel_microstructure,material_entity,0.1177615374326706,36,7,7,36,15,2,2,15,0.13333333333333333,7,0,7,1.0,0.0,15,15,5,0.13157894736842105,1.7795315983136806,252,1,1,0,0,1,0,6,0,6,0,2022,2023-2026,0,0.2729562573874497,0.07618665389406902,0.49871244635193135,0.39918454935622316,0.48412017167381977,0,476
C23B9BED21A,C5A69E4FCAA,ionic conduction,Ag2O,transport_mechanism,material_entity,0.22132202982902527,35,9,9,35,36,6,6,36,0.16666666666666666,9,0,9,0.6666666666666666,0.0,30,26,6,0.15789473684210525,3.065271586352013,315,1,1,0,0,1,0,2,1,3,1,2022,2023-2026,0,0.006097261132658624,0.09812723823663791,0.46824034334763953,0.5620708154506437,0.4840128755364807,0,477
C10C4FF4B6C,CB02CED7099,hydrogen bonding,carrier-concentration optimization,solvation_entropy,solid_state_mechanism,0.15182511508464813,18,62,18,62,8,83,8,83,0.0963855421686747,3,28,31,0.3333333333333333,2.6666666666666665,18,30,4,0.05263157894736842,1.165061716189493,1116,1,1,0,0,0,1,5,0,5,0,2022,2023-2026,0,0.008522403054372784,0.10807093918763205,0.4939914163090129,0.41192060085836907,0.48379828326180263,0,478
CB02CED7099,CB314592CFB,carrier-concentration optimization,precipitation and species redistribution,solid_state_mechanism,phase_or_species_transition,0.1856726109981537,62,11,11,62,83,5,5,83,0.060240963855421686,28,3,31,2.6666666666666665,1.0,30,6,6,0.08955223880597014,2.054236495578288,682,1,1,0,0,0,1,0,0,0,0,2022,2023-2026,0,0.013482053656451038,0.0960936753993993,0.4716738197424893,0.5355579399141631,0.48288626609442054,0,479
C08389FD6C6,C31E7C0D60C,moisture-gradient ion transport,KSbMoO6,transport_mechanism,material_entity,0.154583141207695,32,2,2,32,27,2,2,27,0.07407407407407407,17,0,17,3.6666666666666665,0.0,20,23,1,0.030303030303030304,1.4426950408889634,64,1,1,0,0,1,0,4,0,4,0,2022,2023-2026,0,0.42738568133259514,0.07840182449664286,0.5261802575107296,0.2510944206008584,0.48251072961373387,0,480
C9AFE334F36,CEA29EF1A99,phonon scattering,thermal-gradient heat-transfer control,solid_state_mechanism,device_mechanism,0.39970487356185913,49,16,16,49,49,13,13,49,0.2653061224489796,18,7,25,1.6666666666666667,1.0,29,9,7,0.1206896551724138,2.6294863664784476,784,1,1,0,0,0,1,0,8,8,0,2022,2023-2026,0,0.11979663354324746,0.06373920635718855,0.4450643776824034,0.647832618025751,0.48175965665236054,0,481
C44799FE290,C6775C55BEF,defect engineering,superionic transition,solid_state_mechanism,solid_state_mechanism,0.2858276963233948,22,14,14,22,13,15,13,15,0.8666666666666667,5,2,7,1.6666666666666667,-0.6666666666666666,27,18,8,0.2857142857142857,2.184860223847363,308,1,1,1,0,0,1,0,0,0,0,2022,2023-2026,0,0.14692110969119396,0.0653709071812762,0.45729613733905583,0.5998819742489271,0.480793991416309,0,482
C9AFE334F36,CBFAB31D6E6,phonon scattering,electrostatic interaction,solid_state_mechanism,solvation_entropy,0.24200093746185303,49,15,15,49,49,6,6,49,0.12244897959183673,18,3,21,1.6666666666666667,0.6666666666666666,29,7,7,0.12280701754385964,2.4718021670545527,735,1,1,0,0,0,1,0,1,1,0,2022,2023-2026,0,0.0491159320079995,0.077409434632567,0.45515021459227467,0.6025321888412016,0.48025751072961376,0,483
C5B8C057FAD,CB727037BDD,metal oxide,lattice thermal-conductivity suppression,material_system,solid_state_mechanism,0.22644361853599548,13,37,13,37,9,54,9,54,0.16666666666666666,4,25,29,1.0,3.6666666666666665,21,18,4,0.08695652173913043,1.043438127516441,481,1,1,0,0,1,0,2,0,2,0,2022,2023-2026,0,0.014576869081479413,0.10036035917399938,0.4854077253218884,0.4102896995708154,0.47972103004291844,0,484
C45C8AAD12E,CF4442F676E,charge-transfer resistance engineering,[CoO2],electrode_interface,material_entity,0.16829955577850342,39,5,5,39,20,2,2,20,0.1,8,0,8,1.0,0.0,28,13,3,0.07317073170731707,1.0963262117988508,195,1,1,0,0,1,0,8,0,8,0,2022,2023-2026,0,0.2783859252501095,0.08138689725511897,0.5158798283261803,0.2786266094420601,0.47950643776824037,0,485
C78D65254F9,CF4A6A0344F,phase transition,ion migration,phase_or_species_transition,transport_mechanism,0.19312815368175507,51,27,27,51,48,17,17,48,0.3541666666666667,17,9,26,1.3333333333333333,2.3333333333333335,19,29,14,0.21875,4.380950043571385,1377,1,1,0,0,0,1,5,1,6,1,2022,2023-2026,0,0.001904809382175689,0.08303991826889538,0.42038626609442065,0.7608369098712446,0.4790772532188841,0,486
C45C8AAD12E,CFBCD9A3438,charge-transfer resistance engineering,Ba8Ga16Ge30,electrode_interface,material_entity,0.14276637136936188,39,9,9,39,20,2,2,20,0.1,8,0,8,1.0,0.0,28,19,5,0.11627906976744186,2.0373240230434355,351,1,1,0,0,1,0,8,0,8,0,2022,2023-2026,0,0.12011613577131815,0.07656825300246214,0.4781115879828326,0.4338733905579399,0.4776824034334764,0,487
C520B85DE7A,CADCC57C7F1,grain-boundary scattering,SnSe,solid_state_mechanism,material_entity,0.32581549882888794,6,15,6,15,3,11,3,11,0.2727272727272727,2,5,7,0.6666666666666666,0.6666666666666666,6,7,1,0.05,0.4170323914242463,90,1,1,0,0,1,0,0,0,0,0,2022,2023-2026,0,0.5561281450460545,0.07296628020802877,0.5242489270386266,0.2219849785407725,0.4775751072961374,0,488
C45C8AAD12E,C56C2053791,charge-transfer resistance engineering,Sr8Ga16Ge30,electrode_interface,material_entity,0.1477334052324295,39,9,9,39,20,2,2,20,0.1,8,0,8,1.0,0.0,28,19,5,0.11627906976744186,2.0373240230434355,351,1,1,0,0,1,0,8,0,8,0,2022,2023-2026,0,0.12033103831074263,0.0764284719167667,0.47768240343347634,0.43554721030042914,0.476931330472103,0,489
CBF24CD6AF1,CEA9836CD32,electronic-structure modulation,molten salt,solid_state_mechanism,material_system,0.10953877866268158,73,6,6,73,147,2,2,147,0.013605442176870748,51,1,52,5.0,0.0,29,4,2,0.025974025974025976,0.5338870645937328,438,1,1,0,0,1,0,0,4,4,0,2022,2023-2026,0,0.008168697898527488,0.11803072484746611,0.5124463519313305,0.2891952789699571,0.476824034334764,0,490
C45C8AAD12E,CB40B685934,charge-transfer resistance engineering,CuCr1,electrode_interface,material_entity,0.13349895179271698,39,6,6,39,20,2,2,20,0.1,8,1,9,1.0,0.3333333333333333,28,11,5,0.125,1.691581206188293,234,1,1,0,0,1,0,8,0,8,0,2022,2023-2026,0,0.23057796649951667,0.07028780099991479,0.482618025751073,0.3973927038626609,0.47607296137339056,0,491
C5219F02F17,CD486BA800F,Zintl phase,host-guest complexation,material_system,solvation_entropy,0.2528458833694458,17,6,6,17,23,2,2,23,0.08695652173913043,9,0,9,1.0,0.0,19,19,5,0.2777777777777778,1.8543353063502432,102,1,1,0,0,1,0,0,2,2,0,2022,2023-2026,0,0.08450359202569128,0.07825958611264433,0.47296137339055794,0.48513948497854076,0.4759656652360515,0,492
C3A804F9865,C6DD69CF62E,Cu2O,polyvinylpyrrolidone (PVP),material_entity,material_entity,0.2954663932323456,4,5,4,5,2,2,2,2,1.0,0,0,0,0.0,-0.3333333333333333,27,7,1,0.125,0.48089834696298783,20,1,1,1,1,0,0,0,1,1,0,2022,2023-2026,0,0.16939266096598793,0.08829397892904828,0.5227467811158798,0.21580472103004295,0.47510729613733904,0,493
C0783369D77,C23B9BED21A,PEDOT family,ionic conduction,material_entity,transport_mechanism,0.21161812543869019,44,35,35,44,55,36,36,55,0.6545454545454545,34,9,43,6.0,0.6666666666666666,10,30,8,0.11267605633802817,2.3942557060393446,1540,1,1,0,0,1,0,2,2,4,1,2022,2023-2026,0,0.060996216531686374,0.06474835305765843,0.43004291845493564,0.6382618025751073,0.4744635193133047,0,494
C3DB4F04D16,CA18CB0B312,rattling-mode phonon suppression,electron-phonon coupling,solid_state_mechanism,solid_state_mechanism,0.5216349363327026,20,7,7,20,22,3,3,22,0.13636363636363635,7,1,8,1.6666666666666667,0.0,21,9,5,0.22727272727272727,1.854033847436363,140,1,1,1,0,0,1,0,0,0,0,2022,2023-2026,0,0.24208025152897197,0.06454822521926146,0.4667381974248927,0.5202682403433476,0.4739270386266094,0,495
C7713A07951,C962BA9CB74,urea,TeO2,material_entity,material_entity,0.4129381775856018,15,21,15,21,4,6,4,6,0.6666666666666666,0,0,0,-0.3333333333333333,0.0,13,15,6,0.2,2.6175332893611754,315,1,1,1,1,0,0,2,0,2,0,2022,2023-2026,0,0.08724238294407953,0.06904260699514589,0.45107296137339054,0.5707510729613734,0.47339055793991414,0,496
C38C7EC2077,C4CEC954E12,ethylene glycol,platinum electrode,material_entity,material_entity,0.3224483132362366,21,23,21,23,12,9,9,12,0.75,4,1,5,0.6666666666666666,-0.3333333333333333,20,26,7,0.1891891891891892,2.354045329840496,483,1,1,1,1,0,0,0,6,6,0,2022,2023-2026,0,0.019531216807314303,0.08034168818289354,0.44356223175965664,0.58637339055794,0.4711373390557939,0,497
C7B3E023ED0,CC9289BCDC3,Cu2Se,CuCrSe2,material_entity,material_entity,0.9161481857299805,18,6,6,18,17,2,2,17,0.11764705882352941,8,0,8,1.3333333333333333,-0.6666666666666666,11,5,5,0.2631578947368421,2.2123047042439254,108,1,1,1,1,0,0,0,0,0,0,2022,2023-2026,0,0.11646702873918541,0.06521107450731202,0.44828326180257505,0.5639163090128756,0.4709227467811159,0,498
CADCC57C7F1,CF840763400,SnSe,TiO2,material_entity,material_entity,0.35196182131767273,15,9,9,15,11,21,11,21,0.5238095238095238,5,2,7,0.6666666666666666,-1.0,7,18,2,0.09090909090909091,0.5079828494510028,135,1,1,1,1,0,0,0,1,1,0,2022,2023-2026,0,0.02671745528622045,0.10303532399010992,0.5051502145922747,0.2703326180257511,0.46984978540772526,0,499
C075A0D1B79,C4CEC954E12,Sb2Te3,platinum electrode,material_entity,material_entity,0.32662659883499146,17,23,17,23,9,9,9,9,1.0,1,1,2,-0.3333333333333333,-0.3333333333333333,12,26,5,0.14285714285714285,1.4420064828996324,391,1,1,1,1,0,0,0,6,6,0,2022,2023-2026,0,0.05314055755822762,0.08184961206112656,0.4723175965665236,0.4432618025751073,0.4678111587982833,0,500
CCC7004384F,CF4A6A0344F,MoO3,ion migration,material_entity,transport_mechanism,0.14367467164993286,2,27,2,27,2,17,2,17,0.11764705882352941,0,9,9,0.0,2.3333333333333335,20,29,1,0.03571428571428571,0.45511961331341866,54,1,1,0,0,1,0,0,1,1,0,2022,2023-2026,0,0.11245570887226804,0.09397718403810681,0.5169527896995708,0.15684549356223176,0.4674892703862661,0,501
CA120BDE1A0,CD9ECDD15B4,Bi2S3,Sb2S3,material_entity,material_entity,0.8180825114250183,11,9,9,11,4,2,2,4,0.5,1,0,1,-0.3333333333333333,-0.3333333333333333,12,12,8,0.6666666666666666,2.646928655783447,99,1,1,1,1,0,0,0,0,0,0,2022,2023-2026,0,0.1846304879900629,0.054537809304659596,0.4278969957081545,0.6209227467811159,0.4671673819742489,0,502
C6775C55BEF,CF4A6A0344F,superionic transition,ion migration,solid_state_mechanism,transport_mechanism,0.6438577175140381,14,27,14,27,15,17,15,17,0.8823529411764706,2,9,11,-0.6666666666666666,2.3333333333333335,18,29,9,0.28125,2.4819004948626135,378,1,1,0,0,0,1,0,1,1,0,2022,2023-2026,0,0.09774154737858275,0.05541021693990781,0.4160944206008584,0.6903433476394849,0.4656652360515021,0,503
CBF24CD6AF1,CBFAB31D6E6,electronic-structure modulation,electrostatic interaction,solid_state_mechanism,solvation_entropy,0.2530893087387085,73,15,15,73,147,6,6,147,0.04081632653061224,51,3,54,5.0,0.6666666666666666,29,7,8,0.1,2.2318750468187587,1095,1,1,0,0,0,1,0,1,1,0,2022,2023-2026,0,0.0007917782489478799,0.08521536605640895,0.4206008583690987,0.6363197424892703,0.4646459227467811,0,504
C38C7EC2077,C6C76863E52,ethylene glycol,copper electrode,material_entity,material_entity,0.3246655762195587,21,5,5,21,12,3,3,12,0.25,4,1,5,0.6666666666666666,0.3333333333333333,20,10,3,0.13043478260869565,0.8865233103572172,105,1,1,1,1,0,0,0,3,3,0,2022,2023-2026,0,0.0418382936850294,0.08874847320109078,0.48690987124463514,0.3171459227467811,0.46448497854077253,0,505
C1ABB4DC192,CF4A6A0344F,NdCoO3,ion migration,material_entity,transport_mechanism,0.08648762106895447,4,27,4,27,2,17,2,17,0.11764705882352941,1,9,10,0.3333333333333333,2.3333333333333335,16,29,3,0.10714285714285714,0.9370380958289201,108,1,1,0,0,1,0,0,1,1,0,2022,2023-2026,0,0.10313855657659224,0.08662083656441616,0.5025751072961373,0.25244635193133047,0.4629291845493563,0,506
C45C8AAD12E,CD9ECDD15B4,charge-transfer resistance engineering,Sb2S3,electrode_interface,material_entity,0.10860034078359604,39,9,9,39,20,2,2,20,0.1,8,0,8,1.0,-0.3333333333333333,28,12,8,0.2,2.791002626798296,351,1,1,0,0,1,0,8,0,8,0,2022,2023-2026,0,0.12671321385761178,0.05885057814739861,0.4330472103004292,0.5567381974248927,0.4623390557939914,0,507
C6D6399FFC8,CADCC57C7F1,HfS2,SnSe,material_entity,material_entity,0.35696467757225037,9,15,9,15,2,11,2,11,0.18181818181818182,2,5,7,0.6666666666666666,0.6666666666666666,2,7,5,0.2631578947368421,1.8620499153893868,135,1,1,1,1,0,0,0,0,0,0,2022,2023-2026,0,0.13419637624302275,0.06438323885518477,0.44914163090128756,0.5041201716738197,0.4604613733905579,0,508
C23B9BED21A,CF4A6A0344F,ionic conduction,ion migration,transport_mechanism,transport_mechanism,0.8135491609573364,35,27,27,35,36,17,17,36,0.4722222222222222,9,9,18,0.6666666666666666,2.3333333333333335,30,29,13,0.2653061224489796,4.130833987091828,945,1,1,1,0,0,1,2,1,3,1,2022,2023-2026,0,0.0017901614342664893,0.07582530127580084,0.3969957081545064,0.8206008583690988,0.46019313304721027,0,509
C3D74C503D4,C3F66DD37CA,Bi2Te3,H2O,material_entity,material_entity,0.4117263853549957,38,10,10,38,24,4,4,24,0.16666666666666666,6,2,8,0.0,0.6666666666666666,15,8,7,0.17073170731707318,3.161836861276284,380,1,1,1,1,0,0,0,2,2,0,2022,2023-2026,0,0.011221791912314654,0.07564327243163839,0.4175965665236051,0.6343133047210301,0.459656652360515,0,510
C4E69B706AD,CF4442F676E,CoO3,[CoO2],material_entity,material_entity,0.8957182168960571,2,5,2,5,2,2,2,2,1.0,0,0,0,0.0,0.0,22,13,1,0.16666666666666666,0.25694917118487537,10,1,1,1,1,0,0,0,0,0,0,2022,2023-2026,0,0.15817233716747203,0.07798515452934977,0.4914163090128755,0.26910944206008586,0.45901287553648074,0,511
C78D65254F9,C95135079E8,phase transition,Li2O-1,phase_or_species_transition,material_entity,0.22643545269966125,51,3,3,51,48,2,2,48,0.041666666666666664,17,0,17,1.3333333333333333,0.0,19,16,2,0.038461538461538464,1.531574161186449,153,1,1,0,0,1,0,5,0,5,0,2022,2023-2026,0,0.14514609237658588,0.07314055237124989,0.47746781115879827,0.3283476394849786,0.4575107296137339,0,512
C2F611E9EEA,CD486BA800F,clathrate,host-guest complexation,material_system,solvation_entropy,0.2522088289260864,13,6,6,13,11,2,2,11,0.18181818181818182,0,0,0,-0.3333333333333333,0.0,19,19,5,0.35714285714285715,1.8174201849637242,78,1,1,0,0,1,0,1,2,3,1,2022,2023-2026,0,0.08206835498829698,0.07304900752172115,0.4590128755364807,0.4507510729613733,0.4562231759656652,0,513
C7B823B5BB0,C9AFE334F36,poly(vinyl alcohol) (PVA),phonon scattering,material_entity,solid_state_mechanism,0.19032031297683716,21,49,21,49,11,49,11,49,0.22448979591836735,6,18,24,1.3333333333333333,1.6666666666666667,8,29,1,0.014492753623188406,0.25433477814404226,1029,1,1,0,0,1,0,2,0,2,0,2022,2023-2026,0,0.03738248589118829,0.08813537631749031,0.47961373390557943,0.2884012875536481,0.4545064377682403,0,514
C38C7EC2077,C7802AE4324,ethylene glycol,deep eutectic solvent,material_entity,material_system,0.5160785913467407,21,10,10,21,12,4,4,12,0.3333333333333333,4,1,5,0.6666666666666666,0.0,20,7,5,0.19230769230769232,1.7470445202561014,210,1,1,0,1,0,0,0,0,0,0,2022,2023-2026,0,0.039059043701962004,0.07271236495755654,0.43755364806866953,0.5044527896995709,0.453862660944206,0,515
C9AFE334F36,CE0C8909862,phonon scattering,CuFeS2,solid_state_mechanism,material_entity,0.230211079120636,49,3,3,49,49,2,2,49,0.04081632653061224,18,2,20,1.6666666666666667,0.6666666666666666,29,0,1,0.0196078431372549,0.2769378934088574,147,1,1,0,0,1,0,0,0,0,0,2022,2023-2026,0,0.1538786574704006,0.0776800368507138,0.4890557939914163,0.23395922746781117,0.45375536480686696,0,516
C78D65254F9,CD9ECDD15B4,phase transition,Sb2S3,phase_or_species_transition,material_entity,0.23167723417282104,51,9,9,51,48,2,2,48,0.041666666666666664,17,0,17,1.3333333333333333,-0.3333333333333333,19,12,8,0.15384615384615385,2.809626269063651,459,1,1,0,0,1,0,5,0,5,0,2022,2023-2026,0,0.03517935965048926,0.06323804467482257,0.4098712446351931,0.6194635193133047,0.45128755364806866,0,517
C7B3E023ED0,CDF78985483,Cu2Se,nanocomposite,material_entity,material_system,0.2828596830368042,18,21,18,21,17,13,13,17,0.7647058823529411,8,7,15,1.3333333333333333,0.3333333333333333,11,5,3,0.08333333333333333,0.7836241938356286,378,1,1,0,1,0,0,0,1,1,0,2022,2023-2026,0,0.21676572162902008,0.06645107043510415,0.46931330472103006,0.3547424892703863,0.44817596566523604,0,518
C7B3E023ED0,C8AD5B453CC,Cu2Se,ion diffusion,material_entity,transport_mechanism,0.1541309952735901,18,41,18,41,17,19,17,19,0.8947368421052632,8,12,20,1.3333333333333333,3.0,11,23,10,0.20408163265306123,3.0989694035919078,738,1,1,0,0,1,0,0,2,2,0,2022,2023-2026,0,0.22252616943902254,0.04408319007387936,0.398068669527897,0.6689914163090129,0.4444206008583691,0,519
C23B9BED21A,C3DB4F04D16,ionic conduction,rattling-mode phonon suppression,transport_mechanism,solid_state_mechanism,0.25835245847702026,35,20,20,35,36,22,22,36,0.6111111111111112,9,7,16,0.6666666666666666,1.6666666666666667,30,21,7,0.14583333333333334,1.8281165757633895,700,1,1,0,0,0,1,2,0,2,0,2022,2023-2026,0,0.010390109661026062,0.0710943495522902,0.4085836909871245,0.5616738197424893,0.44238197424892706,0,520
C075A0D1B79,CFC9D296861,Sb2Te3,Bi2Se3,material_entity,material_entity,0.8361893892288208,17,17,17,17,9,8,8,9,0.8888888888888888,1,2,3,-0.3333333333333333,-0.3333333333333333,12,12,9,0.36,3.0462436845000993,289,1,1,1,1,0,0,0,0,0,0,2022,2023-2026,0,0.04450144223284624,0.05506021631185999,0.39356223175965666,0.6906330472103005,0.4417381974248927,0,521
C1C16C462DE,CF4A6A0344F,B2O3,ion migration,material_entity,transport_mechanism,0.12340489774942398,3,27,3,27,5,17,5,17,0.29411764705882354,0,9,9,0.0,2.3333333333333335,26,29,1,0.034482758620689655,0.45511961331341866,81,1,1,0,0,1,0,0,1,1,0,2022,2023-2026,0,0.08534600264852546,0.08090012270295886,0.48111587982832615,0.1576824034334764,0.4415236051502146,0,522
C25D09DDC57,CB02CED7099,Fe2+/Fe3+ solvation redox chemistry,carrier-concentration optimization,redox_chemistry,solid_state_mechanism,0.1858440339565277,17,62,17,62,10,83,10,83,0.12048192771084337,5,28,33,1.0,2.6666666666666665,29,30,8,0.11267605633802817,2.735395367684256,1054,1,1,0,0,0,1,19,0,19,0,2022,2023-2026,0,0.06349232332561042,0.05454645371235767,0.39892703862660944,0.6278648068669527,0.44002145922746777,0,523
C5219F02F17,CE4B0E242E7,Zintl phase,interfacial charge transfer,material_system,electrode_interface,0.2988738417625427,17,35,17,35,23,21,21,23,0.9130434782608695,9,8,17,1.0,1.3333333333333333,19,29,8,0.18181818181818182,2.863502832256828,595,1,1,0,0,1,0,0,6,6,0,2022,2023-2026,0,0.18486433838432628,0.04418769511531404,0.3946351931330472,0.6662660944206009,0.4398068669527897,0,524
C311C0E1A8F,C4CEC954E12,SbCl3,platinum electrode,material_entity,material_entity,0.2896910607814789,12,23,12,23,4,9,4,9,0.4444444444444444,1,1,2,0.0,-0.3333333333333333,13,26,5,0.16666666666666666,2.0357921813461886,276,1,1,1,1,0,0,0,6,6,0,2022,2023-2026,0,0.05617902552082768,0.06241334647674351,0.4206008583690987,0.48517167381974247,0.4388948497854077,0,525
C65E336E20C,CDF78985483,TEMPO,nanocomposite,material_entity,material_system,0.29368096590042114,6,21,6,21,2,13,2,13,0.15384615384615385,2,7,9,0.6666666666666666,0.3333333333333333,0,5,3,0.125,1.0774112011004278,126,1,1,0,1,0,0,0,1,1,0,2022,2023-2026,0,0.2904775281035176,0.06062994109515274,0.4605150214592275,0.33916309012875534,0.4380901287553648,0,526
CDF78985483,CF10FA3299B,nanocomposite,V2O5,material_system,material_entity,0.2654072642326355,21,12,12,21,13,4,4,13,0.3076923076923077,7,1,8,0.3333333333333333,0.0,5,11,3,0.1,0.9694612990846563,252,1,1,0,1,0,0,1,0,1,0,2022,2023-2026,0,0.12155638688834333,0.0700928740996642,0.46330472103004294,0.3288412017167382,0.43733905579399146,0,527
C06F57A9BCA,CB02CED7099,polymer electrolyte,carrier-concentration optimization,material_system,solid_state_mechanism,0.2180348038673401,13,62,13,62,9,83,9,83,0.10843373493975904,4,28,32,0.6666666666666666,2.6666666666666665,19,30,2,0.0273972602739726,0.5919520837200718,806,1,1,0,0,1,0,2,0,2,0,2022,2023-2026,0,0.007342963747708348,0.08850967713384986,0.4532188841201717,0.34502145922746785,0.43572961373390556,0,528
CB314592CFB,CB530564ED0,precipitation and species redistribution,skutterudite,phase_or_species_transition,material_system,0.16686289012432098,11,15,11,15,5,26,5,26,0.19230769230769232,3,4,7,1.0,0.6666666666666666,6,21,3,0.13043478260869565,0.9801463886725443,165,1,1,0,0,1,0,0,0,0,0,2022,2023-2026,0,0.05857065358208185,0.0787983259864703,0.46716738197424895,0.2905472103004292,0.434549356223176,0,529
C3D74C503D4,C5B8C057FAD,Bi2Te3,metal oxide,material_entity,material_system,0.3438052535057068,38,13,13,38,24,9,9,24,0.375,6,4,10,0.0,1.0,15,21,4,0.0851063829787234,1.1414753958626906,494,1,1,0,1,0,0,0,2,2,0,2022,2023-2026,0,0.004240532416953353,0.08327955225605109,0.42854077253218886,0.4082403433476395,0.4341201716738198,0,530
CD515CCF7C2,CF4A6A0344F,polaron hopping,ion migration,solid_state_mechanism,transport_mechanism,0.35863345861434937,18,27,18,27,18,17,17,18,0.9444444444444444,2,9,11,-1.0,2.3333333333333335,27,29,9,0.25,3.131004081079378,486,1,1,0,0,0,1,0,1,1,0,2022,2023-2026,0,0.038585210730774366,0.053812511150504685,0.3802575107296137,0.6972961373390558,0.43095493562231757,0,531
CBD5EA3A3DA,CFC9D296861,[Bi3I12],Bi2Se3,material_entity,material_entity,0.5919197797775269,6,17,6,17,2,8,2,8,0.25,0,2,2,-0.3333333333333333,-0.3333333333333333,6,12,4,0.21052631578947367,1.63787741305743,102,1,1,1,1,0,0,0,0,0,0,2022,2023-2026,0,0.11009308261581398,0.05538424095720531,0.4197424892703863,0.45011802575107296,0.43004291845493564,0,532
C075A0D1B79,C45C8AAD12E,Sb2Te3,charge-transfer resistance engineering,material_entity,electrode_interface,0.13173004984855652,17,39,17,39,9,20,9,20,0.45,1,8,9,-0.3333333333333333,1.0,12,28,11,0.24444444444444444,3.687469247383945,663,1,1,0,0,1,0,0,8,8,0,2022,2023-2026,0,0.05398220832704419,0.053520723667356815,0.38776824034334767,0.6565450643776825,0.4300429184549356,0,533
C0BF9EEDC2F,CF4A6A0344F,Bi4V2O11,ion migration,material_entity,transport_mechanism,0.16631458699703217,3,27,3,27,2,17,2,17,0.11764705882352941,1,9,10,0.3333333333333333,2.3333333333333335,29,29,2,0.07142857142857142,0.74697361407826,81,1,1,0,0,1,0,0,1,1,0,2022,2023-2026,0,0.07782042510168696,0.0783642331022941,0.47145922746781116,0.22064377682403433,0.4299356223175966,0,534
CA120BDE1A0,CFC9D296861,Bi2S3,Bi2Se3,material_entity,material_entity,0.6294816732406616,11,17,11,17,4,8,4,8,0.5,1,2,3,-0.3333333333333333,-0.3333333333333333,12,12,9,0.47368421052631576,3.0775508839851557,187,1,1,1,1,0,0,0,0,0,0,2022,2023-2026,0,0.07759021751072537,0.04987146608698129,0.38454935622317593,0.6686802575107296,0.428862660944206,0,535
C23B9BED21A,C8AD5B453CC,ionic conduction,ion diffusion,transport_mechanism,transport_mechanism,0.8591792583465576,35,41,35,41,36,19,19,36,0.5277777777777778,9,12,21,0.6666666666666666,3.0,30,23,13,0.20634920634920634,4.102935506832302,1435,1,1,1,0,0,1,2,2,4,1,2022,2023-2026,0,0.0028953209529888296,0.06339964725671889,0.37145922746781124,0.8256652360515022,0.42875536480686693,0,536
C2378F90E64,CC7D2579013,anharmonic phonon transport,mixed ionic-covalent bonding,solid_state_mechanism,solid_state_mechanism,0.25903987884521484,29,13,13,29,29,26,26,29,0.896551724137931,16,13,29,2.6666666666666665,3.0,9,21,5,0.13513513513513514,1.4354008871822548,377,1,1,1,0,0,1,0,0,0,0,2022,2023-2026,0,0.4080085963105914,0.04185927522769725,0.40858369098712444,0.49324034334763944,0.4282188841201717,0,537
C3D74C503D4,CDBBD5033EA,Bi2Te3,HfSe2,material_entity,material_entity,0.417618989944458,38,9,9,38,24,2,2,24,0.08333333333333333,6,2,8,0.0,0.6666666666666666,15,2,5,0.11904761904761904,1.9564117107157484,342,1,1,1,1,0,0,0,0,0,0,2022,2023-2026,0,0.01613533819958067,0.06650262798735607,0.40557939914163094,0.5017918454935623,0.4277896995708154,0,538
C1FC9BD492E,C23B9BED21A,alloy/disorder phonon scattering,ionic conduction,solid_state_mechanism,transport_mechanism,0.33363860845565796,5,35,5,35,4,36,4,36,0.1111111111111111,1,9,10,0.3333333333333333,0.6666666666666666,22,30,4,0.1111111111111111,1.0212971144462843,175,1,1,0,0,0,1,0,2,2,0,2022,2023-2026,0,0.10386428200463624,0.05909116294366057,0.42832618025751074,0.3674248927038626,0.42660944206008583,0,539
C38C7EC2077,CDDD624085F,ethylene glycol,deep-eutectic eutogel electrolyte,material_entity,material_system,0.2912577986717224,21,10,10,21,12,4,4,12,0.3333333333333333,4,1,5,0.6666666666666666,0.0,20,7,5,0.19230769230769232,1.7470445202561014,210,1,1,0,1,0,0,0,0,0,0,2022,2023-2026,0,0.035749915839159464,0.0627290659074216,0.40944206008583695,0.4727789699570816,0.42650214592274677,0,540
C3D74C503D4,C6D6399FFC8,Bi2Te3,HfS2,material_entity,material_entity,0.39284050464630127,38,9,9,38,24,2,2,24,0.08333333333333333,6,2,8,0.0,0.6666666666666666,15,2,5,0.11904761904761904,1.9564117107157484,342,1,1,1,1,0,0,0,0,0,0,2022,2023-2026,0,0.015975219410453864,0.06650262798735607,0.4053648068669528,0.4976716738197425,0.42585836909871244,0,541
C7B3E023ED0,C7FACAA1363,Cu2Se,AgCrSe2,material_entity,material_entity,0.7246135473251343,18,4,4,18,17,2,2,17,0.11764705882352941,8,1,9,1.3333333333333333,0.0,11,5,2,0.1,1.1162212531024944,72,1,1,1,1,0,0,0,0,0,0,2022,2023-2026,0,0.1126487177344523,0.061734649267934344,0.43819742489270386,0.3400643776824035,0.4257510729613734,0,542
C3002C089A5,CC3BA67827F,ionic thermodiffusion (Soret effect),ionic-electronic coupling,transport_mechanism,transport_mechanism,0.5141816139221191,44,38,38,44,42,27,27,42,0.6428571428571429,26,11,37,5.666666666666667,2.3333333333333335,23,29,14,0.20588235294117646,4.6743933136689435,1672,1,1,1,0,0,1,15,0,15,0,2022,2023-2026,1,0.1598932293543901,0.040281288195348326,0.3688841201716738,0.845118025751073,0.42553648068669525,0,543
C44799FE290,C8AD5B453CC,defect engineering,ion diffusion,solid_state_mechanism,transport_mechanism,0.13626088201999664,22,41,22,41,13,19,13,19,0.6842105263157895,5,12,17,1.6666666666666667,3.0,27,23,10,0.18867924528301888,2.8612977602788767,902,1,1,0,0,0,1,0,2,2,0,2022,2023-2026,0,0.08697178721112553,0.0465496554265553,0.3813304721030043,0.6423497854077254,0.425,0,544
C4C9A1FEBD0,C78D65254F9,As2Te3,phase transition,material_entity,phase_or_species_transition,0.23006571829319,9,51,9,51,2,48,2,48,0.041666666666666664,0,17,17,-0.3333333333333333,1.3333333333333333,29,19,8,0.15384615384615385,2.809626269063651,459,1,1,0,0,1,0,0,5,5,0,2022,2023-2026,0,0.039284521101732084,0.05468258158513895,0.38819742489270387,0.6185622317596566,0.42489270386266087,0,545
CE2D3B9DC27,CF458C61212,Nb2O5,LiNbO3,material_entity,material_entity,0.7489141225814819,5,3,3,5,3,6,3,6,0.5,1,0,1,0.3333333333333333,0.0,16,30,2,0.3333333333333333,1.1645740047708797,15,1,1,1,1,0,0,0,0,0,0,2022,2023-2026,0,0.025701246140278494,0.07035896068362685,0.42339055793991415,0.3862017167381974,0.42435622317596566,0,546
C311C0E1A8F,CFC9D296861,SbCl3,Bi2Se3,material_entity,material_entity,0.41415753960609436,12,17,12,17,4,8,4,8,0.5,1,2,3,0.0,-0.3333333333333333,13,12,3,0.11538461538461539,1.5186508574843391,204,1,1,1,1,0,0,0,0,0,0,2022,2023-2026,0,0.08219073486386523,0.060802560696564,0.4257510729613734,0.3811051502145923,0.4241416309012876,0,547
C0783369D77,C8AD5B453CC,PEDOT family,ion diffusion,material_entity,transport_mechanism,0.09854023903608322,44,41,41,44,55,19,19,55,0.34545454545454546,34,12,46,6.0,3.0,10,23,14,0.19718309859154928,4.411582278532051,1804,1,1,0,0,1,0,2,2,4,1,2022,2023-2026,1,0.019521385025214954,0.054654025544646434,0.3729613733905579,0.7454184549356223,0.4225321888412017,0,548
C63ED77BD64,CB530564ED0,band engineering,skutterudite,solid_state_mechanism,material_system,0.4018862843513489,8,15,8,15,5,26,5,26,0.19230769230769232,4,4,8,1.0,0.6666666666666666,3,21,3,0.15,0.9909115120803544,120,1,1,0,0,1,0,0,0,0,0,2022,2023-2026,0,0.11867867243456073,0.05609036277441379,0.4266094420600859,0.3593562231759657,0.42199570815450643,0,549
C23B9BED21A,C78D65254F9,ionic conduction,phase transition,transport_mechanism,phase_or_species_transition,0.18714967370033264,35,51,35,51,36,48,36,48,0.75,9,17,26,0.6666666666666666,1.3333333333333333,30,19,14,0.19444444444444445,4.740627498147334,1785,1,1,0,0,0,1,2,5,7,1,2022,2023-2026,0,0.001915978463928765,0.0647135651892219,0.37081545064377686,0.7603862660944206,0.4210300429184549,0,550
C311C0E1A8F,C6E1ADCF1C9,SbCl3,Et3Si,material_entity,material_entity,0.7478894591331482,12,6,6,12,4,2,2,4,0.5,1,0,1,0.0,-0.3333333333333333,13,6,3,0.2,1.313496354797853,72,1,1,1,1,0,0,0,0,0,0,2022,2023-2026,0,0.15329232633879122,0.05356519497206131,0.41909871244635194,0.396244635193133,0.42049356223175965,0,551
C78D65254F9,C7B3E023ED0,phase transition,Cu2Se,phase_or_species_transition,material_entity,0.18422025442123413,51,18,18,51,48,17,17,48,0.3541666666666667,17,8,25,1.3333333333333333,1.3333333333333333,19,11,11,0.1896551724137931,3.1984928782917232,918,1,1,0,0,1,0,5,0,5,0,2022,2023-2026,0,0.008288702181171535,0.05940544500538964,0.37360515021459223,0.6966309012875537,0.41942060085836913,0,552
C0783369D77,C38C7EC2077,PEDOT family,ethylene glycol,material_entity,material_entity,0.41840535402297974,44,21,21,44,55,12,12,55,0.21818181818181817,34,4,38,6.0,0.6666666666666666,10,20,12,0.22641509433962265,4.420977356875511,924,1,1,1,1,0,0,2,0,2,0,2022,2023-2026,0,0.019799072380343785,0.05352704576458486,0.36587982832618027,0.8154935622317596,0.41834763948497855,0,553
CDCCAF92956,CF4A6A0344F,Bi2O3,ion migration,material_entity,transport_mechanism,0.13751551508903503,7,27,7,27,2,17,2,17,0.11764705882352941,0,9,9,0.0,2.3333333333333335,29,29,2,0.0625,1.1433144983353465,189,1,1,0,0,1,0,0,1,1,0,2022,2023-2026,0,0.04663241736217801,0.07421411549668934,0.4457081545064378,0.2554077253218884,0.41652360515021464,0,554
C5A69E4FCAA,CF10FA3299B,Ag2O,V2O5,material_entity,material_entity,0.7682548761367798,9,12,9,12,6,4,4,6,0.6666666666666666,0,1,1,0.0,0.0,26,11,4,0.23529411764705882,1.1980002796016542,108,1,1,1,1,0,0,1,0,1,0,2022,2023-2026,0,0.060878923007701535,0.05570992549245967,0.4064377682403434,0.42972103004291845,0.41620171673819745,0,555
C9FB1DC4D4B,CF4442F676E,Ca3Co4O9,[CoO2],material_entity,material_entity,0.6892703175544739,6,5,5,6,7,2,2,7,0.2857142857142857,0,0,0,-0.3333333333333333,0.0,16,13,2,0.2222222222222222,0.5542248344721257,30,1,1,1,1,0,0,0,0,0,0,2022,2023-2026,0,0.032029105947091484,0.06962172048267061,0.42618025751072963,0.32177038626609444,0.4138412017167382,0,556
C3DB4F04D16,CC7D2579013,rattling-mode phonon suppression,mixed ionic-covalent bonding,solid_state_mechanism,solid_state_mechanism,0.18194088339805603,20,13,13,20,22,26,22,26,0.8461538461538461,7,13,20,1.6666666666666667,3.0,21,21,6,0.2222222222222222,1.8794652378232786,260,1,1,1,0,0,1,0,0,0,0,2022,2023-2026,0,0.07366614164455292,0.05099508425804082,0.3886266094420601,0.5298068669527897,0.4133047210300429,0,557
C5B8C057FAD,CC3BA67827F,metal oxide,ionic-electronic coupling,material_system,transport_mechanism,0.1610512137413025,13,38,13,38,9,27,9,27,0.3333333333333333,4,11,15,1.0,2.3333333333333335,21,29,5,0.10869565217391304,2.534741043811583,494,1,1,0,0,1,0,2,0,2,0,2022,2023-2026,0,0.08447222474677474,0.051523526792683405,0.3937768240343348,0.5020064377682403,0.4125536480686695,0,558
C4C9A1FEBD0,CA120BDE1A0,As2Te3,Bi2S3,material_entity,material_entity,0.7701271176338196,9,11,9,11,2,4,2,4,0.5,0,1,1,-0.3333333333333333,-0.3333333333333333,29,12,8,0.6666666666666666,2.646928655783447,99,1,1,1,1,0,0,0,0,0,0,2022,2023-2026,0,0.08926093273360666,0.045670809923880666,0.37682403433476397,0.6192489270386267,0.4125536480686695,0,559
C3D74C503D4,CBFAB31D6E6,Bi2Te3,electrostatic interaction,material_entity,solvation_entropy,0.24856603145599365,38,15,15,38,24,6,6,24,0.25,6,3,9,0.0,0.6666666666666666,15,7,5,0.10416666666666667,1.3403774609104027,570,1,1,0,0,1,0,0,1,1,0,2022,2023-2026,0,0.051165097150118716,0.057137055076268435,0.40450643776824036,0.43292918454935614,0.4122854077253219,0,560
C25D09DDC57,CBF24CD6AF1,Fe2+/Fe3+ solvation redox chemistry,electronic-structure modulation,redox_chemistry,solid_state_mechanism,0.23443038761615753,17,73,17,73,10,147,10,147,0.06802721088435375,5,51,56,1.0,5.0,29,29,8,0.0975609756097561,2.2413408060969404,1241,1,1,0,0,0,1,19,0,19,0,2022,2023-2026,0,0.0007059485569704167,0.06657561475480085,0.37467811158798286,0.6339914163090129,0.4120708154506438,0,561
C6E1ADCF1C9,CFC9D296861,Et3Si,Bi2Se3,material_entity,material_entity,0.4460309147834778,6,17,6,17,2,8,2,8,0.25,0,2,2,-0.3333333333333333,-0.3333333333333333,6,12,4,0.21052631578947367,1.63787741305743,102,1,1,1,1,0,0,0,0,0,0,2022,2023-2026,0,0.10438100869027123,0.05157569719910004,0.40107296137339055,0.44149141630901284,0.40954935622317595,0,562
C23B9BED21A,CF10FA3299B,ionic conduction,V2O5,transport_mechanism,material_entity,0.2181020826101303,35,12,12,35,36,4,4,36,0.1111111111111111,9,1,10,0.6666666666666666,0.0,30,11,8,0.20512820512820512,2.6560534890463776,420,1,1,0,0,1,0,2,0,2,0,2022,2023-2026,0,0.007714355175407559,0.060659060005053486,0.37553648068669526,0.6057510729613733,0.4091201716738197,0,563
CAEB010ACF4,CF00FA35255,polyethylene glycol (PEG),HNO3,material_entity,material_entity,0.30991971492767334,20,7,7,20,7,2,2,7,0.2857142857142857,3,0,3,0.3333333333333333,0.0,8,15,6,0.2857142857142857,2.159073192797222,140,1,1,1,1,0,0,0,0,0,0,2022,2023-2026,0,0.040290609050279695,0.05424941931914897,0.384549356223176,0.5318454935622318,0.40869098712446356,0,564
C2AB2ABA9A6,CC4208AB219,dimethyl sulfoxide (DMSO),EMIMBF4,material_entity,material_entity,0.39341920614242554,11,5,5,11,7,2,2,7,0.2857142857142857,1,0,1,-1.3333333333333333,0.0,9,9,1,0.06666666666666667,0.26425736993644544,55,1,1,1,1,0,0,1,1,2,1,2022,2023-2026,0,0.09125979114288482,0.0652319457901886,0.44141630901287554,0.1994420600858369,0.4080472103004292,0,565
C95D66F92B2,CC3BA67827F,carbon nanotube family,ionic-electronic coupling,material_entity,transport_mechanism,0.169668048620224,27,38,27,38,33,27,27,33,0.8181818181818182,20,11,31,4.666666666666667,2.3333333333333335,13,29,12,0.22641509433962265,4.506745060064016,1026,1,1,0,0,1,0,11,0,11,0,2022,2023-2026,0,0.3315782208300575,0.03436506523405289,0.36416309012875536,0.747843347639485,0.4075107296137339,0,566
C7713A07951,CDCCAF92956,urea,Bi2O3,material_entity,material_entity,0.470758318901062,15,7,7,15,4,2,2,4,0.5,0,0,0,-0.3333333333333333,0.0,13,29,3,0.15789473684210525,1.0498173320386968,105,1,1,1,1,0,0,2,0,2,0,2022,2023-2026,0,0.015218805100041423,0.07010191791426562,0.41330472103004295,0.34681330472103006,0.4069742489270386,0,567
C23B9BED21A,C962BA9CB74,ionic conduction,TeO2,transport_mechanism,material_entity,0.22509849071502686,35,21,21,35,36,6,6,36,0.16666666666666666,9,0,9,0.6666666666666666,0.0,30,15,5,0.09803921568627451,1.6788996161896472,735,1,1,0,0,1,0,2,0,2,0,2022,2023-2026,0,0.0074579581358856775,0.06670996618546221,0.39506437768240343,0.4593884120171673,0.4066523605150214,0,568
C96681C9193,CC3BA67827F,ion channels,ionic-electronic coupling,transport_mechanism,transport_mechanism,0.6440497040748596,11,38,11,38,2,27,2,27,0.07407407407407407,1,11,12,0.0,2.3333333333333335,3,29,3,0.06521739130434782,0.8220788861786291,418,1,1,1,0,0,1,1,0,1,0,2022,2023-2026,0,0.31100880435809847,0.043139855553844864,0.40472103004291843,0.382156652360515,0.405901287553648,0,569
C1E4ABFFD92,CAEB010ACF4,BMIMBF4,polyethylene glycol (PEG),material_entity,material_entity,0.3578529357910156,6,20,6,20,2,7,2,7,0.2857142857142857,0,3,3,-0.6666666666666666,0.3333333333333333,5,8,4,0.18181818181818182,1.1837242365232006,120,1,1,1,1,0,0,0,0,0,0,2022,2023-2026,0,0.17452288734638643,0.04809807860772964,0.40450643776824036,0.38606223175965665,0.40541845493562234,0,570
C311C0E1A8F,CBD5EA3A3DA,SbCl3,[Bi3I12],material_entity,material_entity,0.7673946022987366,12,6,6,12,4,2,2,4,0.5,1,0,1,0.0,-0.3333333333333333,13,6,3,0.2,1.313496354797853,72,1,1,1,1,0,0,0,0,0,0,2022,2023-2026,0,0.15433077807714343,0.049431306169194576,0.40429184549356223,0.39714592274678107,0.4053648068669528,0,571
C2378F90E64,CADCC57C7F1,anharmonic phonon transport,SnSe,solid_state_mechanism,material_entity,0.46761229634284973,29,15,15,29,29,11,11,29,0.3793103448275862,16,5,21,2.6666666666666665,0.6666666666666666,9,7,9,0.2571428571428571,3.1423898829987813,435,1,1,0,0,1,0,0,0,0,0,2022,2023-2026,0,0.28486901450019453,0.033169230671139444,0.35429184549356224,0.7382403433476394,0.3992489270386266,0,572
CADCC57C7F1,CC7D2579013,SnSe,mixed ionic-covalent bonding,material_entity,solid_state_mechanism,0.2896020710468292,15,13,13,15,11,26,11,26,0.4230769230769231,5,13,18,0.6666666666666666,3.0,7,21,5,0.21739130434782608,1.5431958601611866,195,1,1,0,0,1,0,0,0,0,0,2022,2023-2026,0,0.044028835288338224,0.05277830293448469,0.3802575107296137,0.5005472103004291,0.398980686695279,0,573
C95135079E8,CF458C61212,Li2O-1,LiNbO3,material_entity,material_entity,0.6879420280456543,3,3,3,3,2,6,2,6,0.3333333333333333,0,0,0,0.0,0.0,16,30,2,0.5,0.8756697127036541,9,1,1,1,1,0,0,0,0,0,0,2022,2023-2026,0,0.030118769437140203,0.062210478480050214,0.4036480686695279,0.35949570815450643,0.39806866952789705,0,574
C44799FE290,CF4A6A0344F,defect engineering,ion migration,solid_state_mechanism,transport_mechanism,0.1777419000864029,22,27,22,27,13,17,13,17,0.7647058823529411,5,9,14,1.6666666666666667,2.3333333333333335,27,29,13,0.3611111111111111,4.13614156244404,594,1,1,0,0,0,1,0,1,1,0,2022,2023-2026,0,0.02554798825843493,0.04984814631548114,0.35536480686695276,0.718293991416309,0.39785407725321886,0,575
C37031A3390,CC3BA67827F,cellulose,ionic-electronic coupling,material_entity,transport_mechanism,0.0843130350112915,21,38,21,38,12,27,12,27,0.4444444444444444,10,11,21,2.6666666666666665,2.3333333333333335,5,29,4,0.07272727272727272,1.170867434100642,798,1,1,0,0,1,0,1,0,1,0,2022,2023-2026,0,0.1727327203138518,0.04596900457097939,0.3989270386266094,0.376244635193133,0.3972103004291846,0,576
C44799FE290,CD515CCF7C2,defect engineering,polaron hopping,solid_state_mechanism,solid_state_mechanism,0.3265833556652069,22,18,18,22,13,18,13,18,0.7222222222222222,5,2,7,1.6666666666666667,-1.0,27,27,7,0.21212121212121213,2.34511462287976,396,1,1,1,0,0,1,0,0,0,0,2022,2023-2026,0,0.051486611306454835,0.04684180470800994,0.36909871244635195,0.5972424892703861,0.3964592274678112,0,577
CE4B0E242E7,CFBCD9A3438,interfacial charge transfer,Ba8Ga16Ge30,electrode_interface,material_entity,0.11426708102226257,35,9,9,35,21,2,2,21,0.09523809523809523,8,0,8,1.3333333333333333,0.0,29,19,5,0.1282051282051282,2.0290160293901045,315,1,1,0,0,1,0,6,0,6,0,2022,2023-2026,0,0.0725137409868176,0.05248253012365037,0.392274678111588,0.4286587982832618,0.3962446351931331,0,578
C6210B1A223,CBF24CD6AF1,reduced graphene oxide,electronic-structure modulation,material_entity,solid_state_mechanism,0.301757276058197,7,73,7,73,3,147,3,147,0.02040816326530612,3,51,54,1.0,5.0,2,29,5,0.06666666666666667,1.5743131245869217,511,1,1,0,0,1,0,3,0,3,0,2022,2023-2026,0,0.0006516216423812746,0.06701761638573613,0.3766094420600859,0.5083047210300429,0.3948497854077253,0,579
C2276A75659,C44799FE290,SrTiO3,defect engineering,material_entity,solid_state_mechanism,0.27504509687423706,7,22,7,22,9,13,9,13,0.6923076923076923,2,5,7,0.0,1.6666666666666667,17,27,5,0.20833333333333334,1.376529336813388,154,1,1,0,0,1,0,0,0,0,0,2022,2023-2026,0,0.12292265560120795,0.04568269306760238,0.38798283261802574,0.4378111587982833,0.39431330472103004,0,580
C3D74C503D4,CF840763400,Bi2Te3,TiO2,material_entity,material_entity,0.40438348054885864,38,9,9,38,24,21,21,24,0.875,6,2,8,0.0,-1.0,15,18,4,0.09302325581395349,1.15656947924949,342,1,1,1,1,0,0,0,1,1,0,2022,2023-2026,0,0.009169985898013076,0.06606459617623903,0.3931330472103004,0.40075107296137336,0.3936695278969957,0,581
C275FB7C4B0,CB02CED7099,iodide/triiodide redox chemistry,carrier-concentration optimization,redox_chemistry,solid_state_mechanism,0.25204232335090637,21,62,21,62,18,83,18,83,0.21686746987951808,9,28,37,1.6666666666666667,2.6666666666666665,12,30,6,0.07792207792207792,2.8515975514761744,1302,1,1,0,0,0,1,8,0,8,0,2022,2023-2026,0,0.028687460036293893,0.050757598024541786,0.3643776824034335,0.6231437768240343,0.3916309012875536,0,582
C075A0D1B79,CC27710F85E,Sb2Te3,Sb2Se3,material_entity,material_entity,0.6630482077598572,17,12,12,17,9,2,2,9,0.2222222222222222,1,0,1,-0.3333333333333333,-0.6666666666666666,12,5,8,0.38095238095238093,2.7636949322745066,204,1,1,1,1,0,0,0,0,0,0,2022,2023-2026,0,0.04120054566690957,0.046693112279750044,0.36223175965665233,0.6368884120171674,0.39098712446351935,0,583
C1C16C462DE,C5A69E4FCAA,B2O3,Ag2O,material_entity,material_entity,0.7265844345092773,3,9,3,9,5,6,5,6,0.8333333333333334,0,0,0,0.0,0.0,26,26,1,0.09090909090909091,0.30341307554227914,27,1,1,1,1,0,0,0,1,1,0,2022,2023-2026,0,0.023402324740927738,0.06728791770140999,0.41587982832618026,0.23247854077253222,0.39077253218884117,0,584
CB02CED7099,CEA29EF1A99,carrier-concentration optimization,thermal-gradient heat-transfer control,solid_state_mechanism,device_mechanism,0.2621484696865082,62,16,16,62,83,13,13,83,0.1566265060240964,28,7,35,2.6666666666666665,1.0,30,9,8,0.11428571428571428,3.031429445730867,992,1,1,0,0,0,1,0,8,8,0,2022,2023-2026,0,0.013782992502633679,0.050400567588882055,0.3484978540772532,0.6747317596566523,0.38862660944206007,0,585
C2378F90E64,C6B56755D0B,anharmonic phonon transport,Cu7PSe6,solid_state_mechanism,material_entity,0.2000453919172287,29,8,8,29,29,4,4,29,0.13793103448275862,16,1,17,2.6666666666666665,-0.3333333333333333,9,8,6,0.1935483870967742,1.5942812436645872,232,1,1,0,0,1,0,0,0,0,0,2022,2023-2026,0,0.2952176575174061,0.038545010349344,0.3736051502145923,0.49041845493562236,0.38723175965665235,0,586
CBFA1FD5D8A,CC3BA67827F,metal selenide,ionic-electronic coupling,material_system,transport_mechanism,0.12037789821624756,2,38,2,38,2,27,2,27,0.07407407407407407,1,11,12,0.0,2.3333333333333335,4,29,0,0.0,0.0,76,1,1,0,0,1,0,0,0,0,0,2022,2023-2026,0,0.35226173685234285,0.04516360422961346,0.4165236051502146,0.1323390557939914,0.38562231759656657,0,587
C08389FD6C6,CC3BA67827F,moisture-gradient ion transport,ionic-electronic coupling,transport_mechanism,transport_mechanism,0.5647144317626953,32,38,32,38,27,27,27,27,1.0,17,11,28,3.6666666666666665,2.3333333333333335,20,29,15,0.2727272727272727,4.706187756710689,1216,1,1,1,0,0,1,4,0,4,0,2022,2023-2026,1,0.0775647708134009,0.03682466640611545,0.32596566523605147,0.8496459227467811,0.38519313304721037,0,588
C3D74C503D4,CB19ED8936D,Bi2Te3,MoS2,material_entity,material_entity,0.44566676020622253,38,6,6,38,24,2,2,24,0.08333333333333333,6,2,8,0.0,0.6666666666666666,15,2,5,0.1282051282051282,1.8534206974779197,228,1,1,1,1,0,0,0,0,0,0,2022,2023-2026,0,0.017756409397837025,0.05487946340228733,0.3731759656652361,0.48769313304721024,0.3849785407725322,0,589
C45C8AAD12E,C4C9A1FEBD0,charge-transfer resistance engineering,As2Te3,electrode_interface,material_entity,0.12101738154888153,39,9,9,39,20,2,2,20,0.1,8,0,8,1.0,-0.3333333333333333,28,29,8,0.2,2.791002626798296,351,1,1,0,0,1,0,8,0,8,0,2022,2023-2026,0,0.025777196686132302,0.05122495388513108,0.3626609442060086,0.5600858369098712,0.38047210300429185,0,590
C5219F02F17,C90CB9C3175,Zintl phase,half-Heusler alloy,material_system,material_system,0.6214818954467773,17,7,7,17,23,11,11,23,0.4782608695652174,9,3,12,1.0,0.0,19,16,5,0.2631578947368421,1.4243799679725762,119,1,1,1,1,0,0,0,0,0,0,2022,2023-2026,0,0.018409814787286143,0.054184148848346894,0.3682403433476395,0.5041201716738197,0.37934549356223174,0,591
C7B3E023ED0,CF4A6A0344F,Cu2Se,ion migration,material_entity,transport_mechanism,0.12667039036750793,18,27,18,27,17,17,17,17,1.0,8,9,17,1.3333333333333333,2.3333333333333335,11,29,11,0.3235294117647059,3.0927670799692044,486,1,1,0,0,1,0,0,1,1,0,2022,2023-2026,0,0.07276080907257018,0.03917020961582189,0.3386266094420601,0.6645278969957082,0.37768240343347637,0,592
C3848258807,C6DD69CF62E,Al2O3,polyvinylpyrrolidone (PVP),material_entity,material_entity,0.3057330250740051,8,5,5,8,8,2,2,8,0.25,3,0,3,0.6666666666666666,-0.3333333333333333,27,7,1,0.08333333333333333,0.7213475204444817,40,1,1,1,1,0,0,0,1,1,0,2022,2023-2026,0,0.05126778459171884,0.05603661627600178,0.4021459227467811,0.22415236051502146,0.3763948497854077,0,593
C2DA63DEF6B,C962BA9CB74,NO3,TeO2,material_entity,material_entity,0.6936484575271606,7,21,7,21,2,6,2,6,0.3333333333333333,0,0,0,0.0,0.0,15,15,6,0.2727272727272727,2.164422654739505,147,1,1,1,1,0,0,1,0,1,0,2022,2023-2026,0,0.10233404670055439,0.04035419185200686,0.35643776824034334,0.5575536480686695,0.37575107296137333,0,594
CB02CED7099,CCAABE058E7,carrier-concentration optimization,ferri/ferrocyanide redox chemistry,solid_state_mechanism,redox_chemistry,0.18362826108932495,62,25,25,62,83,21,21,83,0.25301204819277107,28,3,31,2.6666666666666665,-0.6666666666666666,30,29,10,0.12987012987012986,2.914726892847594,1550,1,1,0,0,0,1,0,38,38,0,2022,2023-2026,0,0.05486076505776093,0.03994816916978001,0.3351931330472103,0.6748068669527896,0.37521459227467807,0,595
C2F611E9EEA,CA18CB0B312,clathrate,electron-phonon coupling,material_system,solid_state_mechanism,0.24837936460971832,13,7,7,13,11,3,3,11,0.2727272727272727,0,1,1,-0.3333333333333333,0.0,19,9,4,0.25,1.5410216316955414,91,1,1,0,0,1,0,1,0,1,0,2022,2023-2026,0,0.12015542441929147,0.04278922838577566,0.37532188841201714,0.3966309012875536,0.37328326180257515,0,596
CD515CCF7C2,CF10FA3299B,polaron hopping,V2O5,solid_state_mechanism,material_entity,0.11361946165561676,18,12,12,18,18,4,4,18,0.2222222222222222,2,1,3,-1.0,0.0,27,11,8,0.36363636363636365,3.0039374037975017,216,1,1,0,0,1,0,0,0,0,0,2022,2023-2026,0,0.02528714522084431,0.046439027671880996,0.3482832618025751,0.5596244635193134,0.37049356223175967,0,597
C6153FCE2C1,CFE4361F368,pi-pi stacking,charge-carrier mobility,gel_microstructure,solid_state_mechanism,0.220217764377594,2,42,2,42,2,36,2,36,0.05555555555555555,2,13,15,0.6666666666666666,1.6666666666666667,2,27,1,0.023255813953488372,0.26425736993644544,84,1,1,0,0,0,1,0,0,0,0,2022,2023-2026,0,0.6674821012927145,0.03337617121680158,0.39549356223175963,0.1988197424892704,0.36824034334763955,0,598
C962BA9CB74,CAEB010ACF4,TeO2,polyethylene glycol (PEG),material_entity,material_entity,0.3154078722000122,21,20,20,21,6,7,6,7,0.8571428571428571,0,3,3,0.0,0.3333333333333333,15,8,6,0.17142857142857143,2.3445127964139214,420,1,1,1,1,0,0,0,0,0,0,2022,2023-2026,0,0.05199800430559129,0.04093405599605163,0.3435622317596566,0.5501287553648069,0.3640557939914163,0,599
C43C91C4A3E,C44799FE290,Mg3Sb2,defect engineering,material_entity,solid_state_mechanism,0.2858870327472687,8,22,8,22,5,13,5,13,0.38461538461538464,1,5,6,-1.0,1.6666666666666667,5,27,5,0.2,1.3528258237018809,176,1,1,0,0,1,0,0,0,0,0,2022,2023-2026,0,0.11970843702750135,0.04085310872463465,0.3650214592274678,0.4366201716738197,0.3621244635193134,0,600
CDF78985483,CEAE99FC3AE,nanocomposite,MnO3,material_system,material_entity,0.2571033537387848,21,3,3,21,13,5,5,13,0.38461538461538464,7,1,8,0.3333333333333333,0.0,5,27,1,0.043478260869565216,0.28126641406272834,63,1,1,0,1,0,0,1,0,1,0,2022,2023-2026,0,0.03354866354137536,0.05569081994326233,0.39034334763948497,0.19268240343347642,0.3608369098712446,0,601
C5219F02F17,CC7D2579013,Zintl phase,mixed ionic-covalent bonding,material_system,solid_state_mechanism,0.2924366295337677,17,13,13,17,23,26,23,26,0.8846153846153846,9,13,22,1.0,3.0,19,21,5,0.2,1.6154910288566715,221,1,1,0,0,1,0,0,0,0,0,2022,2023-2026,0,0.05994208828299846,0.04074932777065562,0.3448497854077253,0.5193669527896995,0.3607296137339056,0,602
C9642D16DCA,CC3BA67827F,graphene oxide,ionic-electronic coupling,material_entity,transport_mechanism,0.14721891283988953,17,38,17,38,9,27,9,27,0.3333333333333333,5,11,16,1.0,2.3333333333333335,10,29,9,0.1956521739130435,3.1614835417223746,646,1,1,0,0,1,0,4,0,4,0,2022,2023-2026,0,0.060104901411891086,0.03714914521938137,0.32103004291845494,0.642274678111588,0.35874463519313304,0,603
CE4B0E242E7,CF4442F676E,interfacial charge transfer,[CoO2],electrode_interface,material_entity,0.15563800930976868,35,5,5,35,21,2,2,21,0.09523809523809523,8,0,8,1.3333333333333333,0.0,29,13,3,0.08108108108108109,1.08801821814552,175,1,1,0,0,1,0,6,0,6,0,2022,2023-2026,0,0.1722449733162062,0.041175014746337765,0.37789699570815455,0.2727682403433476,0.35772532188841205,0,604
C4CEC954E12,C6DEC1AEAD1,platinum electrode,CeO2,material_entity,material_entity,0.4254925549030304,23,4,4,23,9,3,3,9,0.3333333333333333,1,0,1,-0.3333333333333333,0.0,26,26,1,0.038461538461538464,0.2749075777424936,92,1,1,1,1,0,0,6,0,6,0,2022,2023-2026,0,0.013157287615937699,0.06127784517270103,0.3862660944206009,0.2077467811158798,0.357725321888412,0,605
C5A69E4FCAA,CD515CCF7C2,Ag2O,polaron hopping,material_entity,solid_state_mechanism,0.1386430561542511,9,18,9,18,6,18,6,18,0.3333333333333333,0,2,2,0.0,-1.0,26,27,5,0.22727272727272727,1.5578667032645843,162,1,1,0,0,1,0,1,0,1,0,2022,2023-2026,0,0.01815571187479887,0.054094156423965964,0.36652360515021465,0.3936909871244635,0.35740343347639486,0,606
C2F611E9EEA,CB530564ED0,clathrate,skutterudite,material_system,material_system,0.7328409552574158,13,15,13,15,11,26,11,26,0.4230769230769231,0,4,4,-0.3333333333333333,0.6666666666666666,19,21,4,0.16666666666666666,1.1621384667932855,195,1,1,1,1,0,0,1,0,1,0,2022,2023-2026,0,0.002657358793679075,0.06104718158400713,0.3641630901287554,0.4261909871244635,0.3572961373390558,0,607
CB530564ED0,CC7D2579013,skutterudite,mixed ionic-covalent bonding,material_system,solid_state_mechanism,0.22987639904022217,15,13,13,15,26,26,26,26,1.0,4,13,17,0.6666666666666666,3.0,21,21,6,0.2727272727272727,1.8999859849411487,195,1,1,0,0,1,0,0,0,0,0,2022,2023-2026,0,0.015446621946721095,0.045462090296202656,0.3356223175965665,0.5435944206008584,0.3563304721030043,0,608
C2378F90E64,C2F611E9EEA,anharmonic phonon transport,clathrate,solid_state_mechanism,material_system,0.3855436146259308,29,13,13,29,29,11,11,29,0.3793103448275862,16,0,16,2.6666666666666665,-0.3333333333333333,9,19,7,0.2,2.4876546900691547,377,1,1,0,0,1,0,0,1,1,0,2022,2023-2026,0,0.18488754270760782,0.027089999686150067,0.3167381974248927,0.6373175965665236,0.35547210300429183,0,609
C2378F90E64,C8AD5B453CC,anharmonic phonon transport,ion diffusion,solid_state_mechanism,transport_mechanism,0.37383586168289185,29,41,29,41,29,19,19,29,0.6551724137931034,16,12,28,2.6666666666666665,3.0,9,23,8,0.12903225806451613,2.3923098018563262,1189,1,1,0,0,0,1,0,2,2,0,2022,2023-2026,0,0.3207289005857681,0.022146659402313116,0.31030042918454936,0.6721244635193133,0.3546673819742489,0,610
C38C7EC2077,CAEB010ACF4,ethylene glycol,polyethylene glycol (PEG),material_entity,material_entity,0.5908671021461487,21,20,20,21,12,7,7,12,0.5833333333333334,4,3,7,0.6666666666666666,0.3333333333333333,20,8,7,0.20588235294117646,2.902623422965169,420,1,1,1,1,0,0,0,0,0,0,2022,2023-2026,0,0.03932675705046504,0.0380952364611653,0.31201716738197427,0.6522210300429184,0.3536480686695279,0,611
CBF24CD6AF1,CCAABE058E7,electronic-structure modulation,ferri/ferrocyanide redox chemistry,solid_state_mechanism,redox_chemistry,0.26047787070274353,73,25,25,73,147,21,21,147,0.14285714285714285,51,3,54,5.0,-0.6666666666666666,29,29,11,0.12643678160919541,3.2662832300602425,1825,1,1,0,0,0,1,0,38,38,0,2022,2023-2026,0,0.00452898468526274,0.04134396620778005,0.3,0.7379077253218884,0.3536480686695279,0,612
C2DA63DEF6B,C38C7EC2077,NO3,ethylene glycol,material_entity,material_entity,0.4472202956676483,7,21,7,21,2,12,2,12,0.16666666666666666,0,4,4,0.0,0.6666666666666666,15,20,6,0.2727272727272727,2.164422654739505,147,1,1,1,1,0,0,1,0,1,0,2022,2023-2026,0,0.026449793203288323,0.0414004398289177,0.3289699570815451,0.557038626609442,0.3534334763948498,0,613
C6C09287FDB,CBF24CD6AF1,high-entropy redox/ion coupling,electronic-structure modulation,solvation_entropy,solid_state_mechanism,0.3282945156097412,7,73,7,73,4,147,4,147,0.027210884353741496,4,51,55,1.3333333333333333,5.0,2,29,5,0.06666666666666667,1.9025169878103,511,1,1,0,0,0,1,2,0,2,0,2022,2023-2026,0,0.002502947725805513,0.052779551712096445,0.33433476394849787,0.5427575107296136,0.3532188841201717,0,614
C1E4ABFFD92,C38C7EC2077,BMIMBF4,ethylene glycol,material_entity,material_entity,0.3903055489063263,6,21,6,21,2,12,2,12,0.16666666666666666,0,4,4,-0.6666666666666666,0.6666666666666666,5,20,3,0.125,0.8771208839074032,126,1,1,1,1,0,0,0,0,0,0,2022,2023-2026,0,0.040990134408725426,0.050580704305618555,0.37124463519313305,0.3233154506437768,0.35278969957081546,0,615
C38C7EC2077,C962BA9CB74,ethylene glycol,TeO2,material_entity,material_entity,0.38505709171295166,21,21,21,21,12,6,6,12,0.5,4,0,4,0.6666666666666666,0.0,20,15,9,0.2727272727272727,3.254822642833276,441,1,1,1,1,0,0,0,0,0,0,2022,2023-2026,0,0.012610676449890088,0.04007518917724951,0.3045064377682404,0.6818991416309014,0.352038626609442,0,616
C4CEC954E12,C962BA9CB74,platinum electrode,TeO2,material_entity,material_entity,0.41523730754852295,23,21,21,23,9,6,6,9,0.6666666666666666,1,0,1,-0.3333333333333333,0.0,26,15,9,0.2571428571428571,3.3033084945769273,483,1,1,1,1,0,0,6,0,6,0,2022,2023-2026,0,0.02495891128673267,0.038352462996677765,0.3032188841201717,0.6785407725321889,0.3508583690987125,0,617
C3D74C503D4,C8AD5B453CC,Bi2Te3,ion diffusion,material_entity,transport_mechanism,0.10680921375751495,38,41,38,41,24,19,19,24,0.7916666666666666,6,12,18,0.0,3.0,15,23,7,0.09722222222222222,2.0520209992376555,1558,1,1,0,0,1,0,0,2,2,0,2022,2023-2026,0,0.00565946037998861,0.05028417456045779,0.33412017167381974,0.5285193133047209,0.3503218884120171,0,618
CB727037BDD,CBB7C54B845,lattice thermal-conductivity suppression,Ag8SnSe6,solid_state_mechanism,material_entity,0.15217578411102295,37,2,2,37,54,2,2,54,0.037037037037037035,25,1,26,3.6666666666666665,0.3333333333333333,18,6,1,0.02631578947368421,0.2422988705246811,74,1,1,0,0,1,0,0,0,0,0,2022,2023-2026,0,0.3075017486836609,0.039150155538005355,0.3798283261802575,0.18925965665236053,0.34989270386266097,0,619
C2276A75659,C2880A1DF90,SrTiO3,SrMoO3,material_entity,material_entity,0.9658113718032837,7,1,1,7,9,2,2,9,0.2222222222222222,2,0,2,0.0,0.0,17,17,0,0.0,0.0,7,1,1,1,1,0,0,0,0,0,0,2022,2023-2026,0,0.014252591050969666,0.057356130813444386,0.37832618025751075,0.19302575107296138,0.3494635193133047,0,620
C24DA40DB81,C7B3E023ED0,Cu2S,Cu2Se,material_entity,material_entity,0.9695575833320618,6,18,6,18,3,17,3,17,0.17647058823529413,1,8,9,-0.3333333333333333,1.3333333333333333,5,11,5,0.2631578947368421,2.0387650979535046,108,1,1,1,1,0,0,0,0,0,0,2022,2023-2026,0,0.08277907380408306,0.03561626205661786,0.3255364806866953,0.558980686695279,0.3491416309012875,0,621
C6775C55BEF,C78D65254F9,superionic transition,phase transition,solid_state_mechanism,phase_or_species_transition,0.3526167869567871,14,51,14,51,15,48,15,48,0.3125,2,17,19,-0.6666666666666666,1.3333333333333333,18,19,12,0.22641509433962265,3.687827595265165,714,1,1,0,0,0,1,0,5,5,0,2022,2023-2026,0,0.03986944024865714,0.031405163726413436,0.2933476394849785,0.7576931330472103,0.3484978540772532,0,622
C0BF9EEDC2F,CDCCAF92956,Bi4V2O11,Bi2O3,material_entity,material_entity,0.8565946221351624,3,7,3,7,2,2,2,2,1.0,1,0,1,0.3333333333333333,0.0,29,29,2,0.25,0.5364883472507884,21,1,1,1,1,0,0,0,0,0,0,2022,2023-2026,0,0.043747222489456776,0.04899938908452026,0.36695278969957085,0.3358583690987125,0.3478540772532189,0,623
C8AD5B453CC,CC3BA67827F,ion diffusion,ionic-electronic coupling,transport_mechanism,transport_mechanism,0.768731951713562,41,38,38,41,19,27,19,27,0.7037037037037037,12,11,23,3.0,2.3333333333333335,23,29,18,0.29508196721311475,6.201549707680554,1558,1,1,1,0,0,1,2,0,2,0,2022,2023-2026,1,0.002990872996815145,0.039912502717723515,0.2832618025751073,0.8761480686695279,0.3458154506437768,0,624
C1C16C462DE,CCFD9A81EEE,B2O3,solid electrolyte,material_entity,material_system,0.2624020576477051,3,11,3,11,5,8,5,8,0.625,0,3,3,0.0,0.6666666666666666,26,25,0,0.0,0.0,33,1,1,0,1,0,0,0,1,1,0,2022,2023-2026,0,0.014789869021654542,0.05625768544894636,0.37746781115879824,0.1437124463519313,0.3444206008583691,0,625
C38C7EC2077,CF00FA35255,ethylene glycol,HNO3,material_entity,material_entity,0.37161967158317566,21,7,7,21,12,2,2,12,0.16666666666666666,4,0,4,0.6666666666666666,0.0,20,15,6,0.2727272727272727,2.164422654739505,147,1,1,1,1,0,0,0,0,0,0,2022,2023-2026,0,0.013207902249267822,0.0427162717053623,0.32124463519313307,0.5444206008583691,0.34399141630901287,0,626
CBF24CD6AF1,CFC9D296861,electronic-structure modulation,Bi2Se3,solid_state_mechanism,material_entity,0.3488997220993042,73,17,17,73,147,8,8,147,0.05442176870748299,51,2,53,5.0,-0.3333333333333333,29,12,8,0.0975609756097561,2.485327519942999,1241,1,1,0,0,1,0,0,0,0,0,2022,2023-2026,0,9.766936691175212e-05,0.04592399449783514,0.298068669527897,0.6725965665236051,0.34377682403433474,0,627
C9AFE334F36,CC9289BCDC3,phonon scattering,CuCrSe2,solid_state_mechanism,material_entity,0.19497767090797424,49,6,6,49,49,2,2,49,0.04081632653061224,18,0,18,1.6666666666666667,-0.6666666666666666,29,5,4,0.0784313725490196,1.5799842688757622,294,1,1,0,0,1,0,0,0,0,0,2022,2023-2026,0,0.05040266140950996,0.04286571769201547,0.35107296137339056,0.3968669527896995,0.34345493562231766,0,628
C9AFE334F36,CADCC57C7F1,phonon scattering,SnSe,solid_state_mechanism,material_entity,0.46784377098083496,49,15,15,49,49,11,11,49,0.22448979591836735,18,5,23,1.6666666666666667,0.6666666666666666,29,7,7,0.12280701754385964,2.370088219060695,735,1,1,0,0,1,0,0,0,0,0,2022,2023-2026,0,0.013014298876065138,0.03938566397732637,0.30107296137339057,0.6426502145922747,0.34313304721030047,0,629
CF10FA3299B,CF840763400,V2O5,TiO2,material_entity,material_entity,0.7732137441635132,12,9,9,12,4,21,4,21,0.19047619047619047,1,2,3,0.0,-1.0,11,18,3,0.16666666666666666,0.8428004245242887,108,1,1,1,1,0,0,0,1,1,0,2022,2023-2026,0,0.009290300009764895,0.05459465714144367,0.35922746781115883,0.3636587982832618,0.3428111587982833,0,630
C63ED77BD64,CB727037BDD,band engineering,lattice thermal-conductivity suppression,solid_state_mechanism,solid_state_mechanism,0.40606260299682617,8,37,8,37,5,54,5,54,0.09259259259259259,4,25,29,1.0,3.6666666666666665,3,18,5,0.125,1.894115538483473,296,1,1,1,0,0,1,0,0,0,0,2022,2023-2026,0,0.15270523821598977,0.028992751102328886,0.32103004291845494,0.5459656652360514,0.34275751072961375,0,631
C5A69E4FCAA,C5A8DA1C047,Ag2O,CrO3,material_entity,material_entity,0.6726575493812561,9,2,2,9,6,3,3,6,0.5,0,0,0,0.0,0.0,26,26,1,0.1,0.28126641406272834,18,1,1,1,1,0,0,1,0,1,0,2022,2023-2026,0,0.007189953700096397,0.0598962355584196,0.37296137339055796,0.2307403433476395,0.342381974248927,0,632
CBF24CD6AF1,CDF78985483,electronic-structure modulation,nanocomposite,solid_state_mechanism,material_system,0.22800952196121216,73,21,21,73,147,13,13,147,0.08843537414965986,51,7,58,5.0,0.3333333333333333,29,5,11,0.13253012048192772,3.621230760166517,1533,1,1,0,0,1,0,0,1,1,0,2022,2023-2026,0,5.19907837918744e-05,0.04515643020848201,0.292274678111588,0.7379184549356224,0.34216738197424895,0,633
C90CB9C3175,CC7D2579013,half-Heusler alloy,mixed ionic-covalent bonding,material_system,solid_state_mechanism,0.19247600436210632,7,13,7,13,11,26,11,26,0.4230769230769231,3,13,16,0.0,3.0,16,21,4,0.25,1.2122499398270008,91,1,1,0,0,1,0,0,0,0,0,2022,2023-2026,0,0.036763750582200154,0.04352894159350429,0.34549356223175964,0.40143776824034333,0.3407725321888412,0,634
C6775C55BEF,CC9289BCDC3,superionic transition,CuCrSe2,solid_state_mechanism,material_entity,0.19256359338760376,14,6,6,14,15,2,2,15,0.13333333333333333,2,0,2,-0.6666666666666666,-0.6666666666666666,18,5,3,0.17647058823529413,0.899899631819439,84,1,1,0,0,1,0,0,0,0,0,2022,2023-2026,0,0.10699436202331952,0.04207587191421962,0.3671673819742489,0.2829291845493562,0.3407725321888412,0,635
C3848258807,C3A804F9865,Al2O3,Cu2O,material_entity,material_entity,0.6805444359779358,8,4,4,8,8,2,2,8,0.25,3,0,3,0.6666666666666666,0.0,27,27,1,0.09090909090909091,0.6213349345596119,32,1,1,1,1,0,0,0,0,0,0,2022,2023-2026,0,0.006855709697223139,0.05896174389373262,0.3699570815450644,0.2569206008583691,0.340343347639485,0,636
C3DB4F04D16,C5E1580F832,rattling-mode phonon suppression,CoSb3,solid_state_mechanism,material_entity,0.1397462636232376,20,8,8,20,22,7,7,22,0.3181818181818182,7,1,8,1.6666666666666667,0.3333333333333333,21,21,5,0.21739130434782608,1.5020611469723795,160,1,1,0,0,1,0,0,0,0,0,2022,2023-2026,0,0.028505842604807322,0.04418529115806183,0.3433476394849785,0.4055472103004292,0.3383047210300429,0,637
C2378F90E64,CFBCD9A3438,anharmonic phonon transport,Ba8Ga16Ge30,solid_state_mechanism,material_entity,0.1835782378911972,29,9,9,29,29,2,2,29,0.06896551724137931,16,0,16,2.6666666666666665,0.0,9,19,4,0.11764705882352941,1.6926974016297835,261,1,1,0,0,1,0,0,0,0,0,2022,2023-2026,0,0.18654493212679524,0.03194870184474047,0.3390557939914163,0.4136695278969957,0.3373390557939914,0,638
C311C0E1A8F,C962BA9CB74,SbCl3,TeO2,material_entity,material_entity,0.6280590891838074,12,21,12,21,4,6,4,6,0.6666666666666666,1,0,1,0.0,0.0,13,15,7,0.2692307692307692,2.8266719285728668,252,1,1,1,1,0,0,0,0,0,0,2022,2023-2026,0,0.09979887676001842,0.02715989612154817,0.2989270386266094,0.6243991416309014,0.3369098712446352,0,639
C23B9BED21A,CD515CCF7C2,ionic conduction,polaron hopping,transport_mechanism,solid_state_mechanism,0.4059246778488159,35,18,18,35,36,18,18,36,0.5,9,2,11,0.6666666666666666,-1.0,30,27,9,0.20454545454545456,2.9941489116512896,630,1,1,0,0,0,1,2,0,2,0,2022,2023-2026,0,0.004951520495711986,0.040067244595634405,0.29012875536480687,0.697038626609442,0.33572961373390564,0,640
CD9ECDD15B4,CFC9D296861,Sb2S3,Bi2Se3,material_entity,material_entity,0.4748677909374237,9,17,9,17,2,8,2,8,0.25,0,2,2,-0.3333333333333333,-0.3333333333333333,12,12,8,0.4444444444444444,2.7110049233429323,153,1,1,1,1,0,0,0,0,0,0,2022,2023-2026,0,0.05700768523810726,0.029639650329750227,0.29549356223175965,0.6215557939914162,0.3332618025751073,0,641
C2DA63DEF6B,CAEB010ACF4,NO3,polyethylene glycol (PEG),material_entity,material_entity,0.3545517027378082,7,20,7,20,2,7,2,7,0.2857142857142857,0,3,3,0.0,0.3333333333333333,15,8,6,0.2857142857142857,2.159073192797222,140,1,1,1,1,0,0,1,0,1,0,2022,2023-2026,0,0.12724508827950787,0.02761683590258516,0.3087982832618026,0.5385407725321889,0.3311158798283262,0,642
C962BA9CB74,CF10FA3299B,TeO2,V2O5,material_entity,material_entity,0.8096400499343872,21,12,12,21,6,4,4,6,0.6666666666666666,0,1,1,0.0,0.0,15,11,5,0.17857142857142858,1.557736425870531,252,1,1,1,1,0,0,0,0,0,0,2022,2023-2026,0,0.04063113639401752,0.038960664034709123,0.32038626609442056,0.4869849785407725,0.33068669527897,0,643
C5A69E4FCAA,CCC7004384F,Ag2O,MoO3,material_entity,material_entity,0.6737707853317261,9,2,2,9,6,2,2,6,0.3333333333333333,0,0,0,0.0,0.0,26,20,1,0.1,0.30341307554227914,18,1,1,1,1,0,0,1,0,1,0,2022,2023-2026,0,0.010109163512172578,0.055292886731802805,0.36459227467811156,0.2330579399141631,0.3290772532188841,0,644
C2378F90E64,C56C2053791,anharmonic phonon transport,Sr8Ga16Ge30,solid_state_mechanism,material_entity,0.1701449602842331,29,9,9,29,29,2,2,29,0.06896551724137931,16,0,16,2.6666666666666665,0.0,9,19,4,0.11764705882352941,1.6926974016297835,261,1,1,0,0,1,0,0,0,0,0,2022,2023-2026,0,0.18571253023123796,0.030524288264649143,0.33197424892703864,0.40929184549356223,0.32800429184549357,0,645
CBF24CD6AF1,CC028ABF9C6,electronic-structure modulation,anti-freezing organohydrogel design,solid_state_mechanism,gel_microstructure,0.08980274945497513,73,36,36,73,147,15,15,147,0.10204081632653061,51,7,58,5.0,1.0,29,15,13,0.13541666666666666,4.076346526645057,2628,1,1,0,0,0,1,0,6,6,0,2022,2023-2026,0,1.1005511472613263e-05,0.04090873669790928,0.2727467811158798,0.7171244635193135,0.3272532188841202,0,646
CBF24CD6AF1,CF10FA3299B,electronic-structure modulation,V2O5,solid_state_mechanism,material_entity,0.2993977665901184,73,12,12,73,147,4,4,147,0.027210884353741496,51,1,52,5.0,0.0,29,11,7,0.08974358974358974,2.1971628656211903,876,1,1,0,0,1,0,0,0,0,0,2022,2023-2026,0,0.0002986512402148779,0.04390045386180003,0.2931330472103004,0.6187446351931329,0.32698497854077246,0,647
C6775C55BEF,C7B3E023ED0,superionic transition,Cu2Se,solid_state_mechanism,material_entity,0.261709988117218,14,18,14,18,15,17,15,17,0.8823529411764706,2,8,10,-0.6666666666666666,1.3333333333333333,18,11,10,0.45454545454545453,3.017484251659459,252,1,1,0,0,1,0,0,0,0,0,2022,2023-2026,0,0.09947126428170737,0.023305203271328557,0.2798283261802575,0.6664914163090129,0.32306866952789703,0,648
C1233ADA4A4,C3D74C503D4,BF4,Bi2Te3,material_entity,material_entity,0.3842170238494873,3,38,3,38,5,24,5,24,0.20833333333333334,1,6,7,0.0,0.0,11,15,1,0.025,0.43429448190325176,114,1,1,1,1,0,0,0,0,0,0,2022,2023-2026,0,0.21343512515475332,0.0383441296847903,0.36072961373390555,0.22822961373390557,0.32274678111587984,0,649
C962BA9CB74,CF00FA35255,TeO2,HNO3,material_entity,material_entity,0.6877560019493103,21,7,7,21,6,2,2,6,0.3333333333333333,0,0,0,0.0,0.0,15,15,6,0.2727272727272727,2.164422654739505,147,1,1,1,1,0,0,0,0,0,0,2022,2023-2026,0,0.018343808785405032,0.0374141104480076,0.29484978540772533,0.5566523605150214,0.3222103004291846,0,650
C2378F90E64,C6775C55BEF,anharmonic phonon transport,superionic transition,solid_state_mechanism,solid_state_mechanism,0.4438587427139282,29,14,14,29,29,15,15,29,0.5172413793103449,16,2,18,2.6666666666666665,-0.6666666666666666,9,18,9,0.2647058823529412,2.7164956682651886,406,1,1,1,0,0,1,0,0,0,0,2022,2023-2026,0,0.3096066148105018,0.014268989947638571,0.26974248927038624,0.7060085836909872,0.3221030042918455,0,651
C1ABB4DC192,CD515CCF7C2,NdCoO3,polaron hopping,material_entity,solid_state_mechanism,0.1410679817199707,4,18,4,18,2,18,2,18,0.1111111111111111,1,2,3,0.3333333333333333,-1.0,16,27,3,0.15789473684210525,0.8944749151100055,72,1,1,0,0,1,0,0,0,0,0,2022,2023-2026,0,0.050166946670564684,0.04351311241504296,0.35257510729613734,0.2544098712446352,0.32070815450643775,0,652
C2378F90E64,CFE5351761E,anharmonic phonon transport,thermoelectric alloy,solid_state_mechanism,material_system,0.44698846340179443,29,3,3,29,29,3,3,29,0.10344827586206896,16,2,18,2.6666666666666665,0.6666666666666666,9,21,2,0.06666666666666667,0.5907573718802095,87,1,1,0,0,1,0,0,0,0,0,2022,2023-2026,0,0.2046285860192894,0.03170930123889718,0.33969957081545066,0.3055793991416309,0.31984978540772535,0,653
C5E1580F832,CC7D2579013,CoSb3,mixed ionic-covalent bonding,material_entity,solid_state_mechanism,0.3749670386314392,8,13,8,13,7,26,7,26,0.2692307692307692,1,13,14,0.3333333333333333,3.0,21,21,4,0.23529411764705882,1.1784517159973795,104,1,1,0,0,1,0,0,0,0,0,2022,2023-2026,0,0.016749687041194023,0.04040204693666491,0.3150214592274678,0.44159871244635196,0.3198497854077253,0,654
C6775C55BEF,C787F187281,superionic transition,Ag2S,solid_state_mechanism,material_entity,0.2828183174133301,14,7,7,14,15,2,2,15,0.13333333333333333,2,0,2,-0.6666666666666666,-0.3333333333333333,18,22,6,0.4,1.5554596142678723,98,1,1,0,0,1,0,0,0,0,0,2022,2023-2026,0,0.024488517191834192,0.03914285200179438,0.30879828326180253,0.4710085836909871,0.3180257510729614,0,655
C95D66F92B2,CB02CED7099,carbon nanotube family,carrier-concentration optimization,material_entity,solid_state_mechanism,0.14242641627788544,27,62,27,62,33,83,33,83,0.39759036144578314,20,28,48,4.666666666666667,2.6666666666666665,13,30,12,0.15584415584415584,3.7367298644803624,1674,1,1,0,0,1,0,11,0,11,0,2022,2023-2026,0,0.00540713463048039,0.03321616426399857,0.2648068669527897,0.7195600858369098,0.31727467811158794,0,656
C3D74C503D4,CFC9D296861,Bi2Te3,Bi2Se3,material_entity,material_entity,0.980624794960022,38,17,17,38,24,8,8,24,0.3333333333333333,6,2,8,0.0,-0.3333333333333333,15,12,12,0.27906976744186046,4.630384728976141,646,1,1,1,1,0,0,0,0,0,0,2022,2023-2026,0,0.002198640275035365,0.03458227261237779,0.2592274678111588,0.7837339055793991,0.31706008583690987,0,657
C5219F02F17,CB530564ED0,Zintl phase,skutterudite,material_system,material_system,0.651047945022583,17,15,15,17,23,26,23,26,0.8846153846153846,9,4,13,1.0,0.6666666666666666,19,21,7,0.28,2.056550083748537,255,1,1,1,1,0,0,0,0,0,0,2022,2023-2026,0,0.01147076928972654,0.03395588072254382,0.2776824034334764,0.6301180257510729,0.31684549356223174,0,658
C2378F90E64,CC9289BCDC3,anharmonic phonon transport,CuCrSe2,solid_state_mechanism,material_entity,0.1702437847852707,29,6,6,29,29,2,2,29,0.06896551724137931,16,0,16,2.6666666666666665,-0.6666666666666666,9,5,3,0.09375,0.9818486091360201,174,1,1,0,0,1,0,0,0,0,0,2022,2023-2026,0,0.48339564818413466,0.024195464397779996,0.338412017167382,0.3016523605150214,0.3159871244635193,0,659
C3D74C503D4,CC27710F85E,Bi2Te3,Sb2Se3,material_entity,material_entity,0.500038743019104,38,12,12,38,24,2,2,24,0.08333333333333333,6,0,6,0.0,-0.6666666666666666,15,5,10,0.25,3.9579647314992683,456,1,1,1,1,0,0,0,0,0,0,2022,2023-2026,0,0.005215361791600098,0.0331189891536548,0.26266094420600855,0.7201394849785409,0.315450643776824,0,660
C311C0E1A8F,CDCCAF92956,SbCl3,Bi2O3,material_entity,material_entity,0.7378309965133667,12,7,7,12,4,2,2,4,0.5,1,0,1,0.0,0.0,13,29,3,0.1875,1.0166571007257073,84,1,1,1,1,0,0,0,0,0,0,2022,2023-2026,0,0.016195147075999068,0.042689021256129805,0.3246781115879828,0.3671459227467811,0.3144849785407725,0,661
C1ABB4DC192,C44799FE290,NdCoO3,defect engineering,material_entity,solid_state_mechanism,0.2638245224952698,4,22,4,22,2,13,2,13,0.15384615384615385,1,5,6,0.3333333333333333,1.6666666666666667,16,27,3,0.13043478260869565,0.9169357182225267,88,1,1,0,0,1,0,0,0,0,0,2022,2023-2026,0,0.11212018884718422,0.03572429587203909,0.33562231759656647,0.3033261802575108,0.313412017167382,0,662
C3D74C503D4,CBD5EA3A3DA,Bi2Te3,[Bi3I12],material_entity,material_entity,0.5905596613883972,38,6,6,38,24,2,2,24,0.08333333333333333,6,0,6,0.0,-0.3333333333333333,15,6,4,0.1,2.0348438752423346,228,1,1,1,1,0,0,0,0,0,0,2022,2023-2026,0,0.018168122707947883,0.03871257132757697,0.3023605150214592,0.46523605150214586,0.3130901287553648,0,663
C78D65254F9,CB727037BDD,phase transition,lattice thermal-conductivity suppression,phase_or_species_transition,solid_state_mechanism,0.10433664917945862,51,37,37,51,48,54,48,54,0.8888888888888888,17,25,42,1.3333333333333333,3.6666666666666665,19,18,14,0.1891891891891892,5.095012524385975,1887,1,1,0,0,0,1,5,0,5,0,2022,2023-2026,0,0.0010408433459918498,0.03604487593158578,0.25901287553648067,0.748755364806867,0.31298283261802573,0,664
C3002C089A5,CB02CED7099,ionic thermodiffusion (Soret effect),carrier-concentration optimization,transport_mechanism,solid_state_mechanism,0.25238290429115295,44,62,44,62,42,83,42,83,0.5060240963855421,26,28,54,5.666666666666667,2.6666666666666665,23,30,15,0.16483516483516483,5.0071487329728095,2728,1,1,0,0,0,1,15,0,15,0,2022,2023-2026,0,0.0013130942248988319,0.03252852577704587,0.25000000000000006,0.801931330472103,0.3110515021459227,0,665
C075A0D1B79,CE4B0E242E7,Sb2Te3,interfacial charge transfer,material_entity,electrode_interface,0.16380086541175842,17,35,17,35,9,21,9,21,0.42857142857142855,1,8,9,-0.3333333333333333,1.3333333333333333,12,29,11,0.2682926829268293,3.688691003579864,595,1,1,0,0,1,0,0,6,6,0,2022,2023-2026,0,0.02741857033471029,0.026123609597695652,0.2630901287553648,0.6721888412017167,0.30987124463519317,0,666
C23B9BED21A,C6DEC1AEAD1,ionic conduction,CeO2,transport_mechanism,material_entity,0.2043030709028244,35,4,4,35,36,3,3,36,0.08333333333333333,9,0,9,0.6666666666666666,0.0,30,26,0,0.0,0.0,140,1,1,0,0,1,0,2,0,2,0,2022,2023-2026,0,0.008629763588653975,0.052302403480405865,0.3465665236051502,0.16743562231759657,0.30858369098712446,0,667
C4C9A1FEBD0,CFC9D296861,As2Te3,Bi2Se3,material_entity,material_entity,0.48890209197998047,9,17,9,17,2,8,2,8,0.25,0,2,2,-0.3333333333333333,-0.3333333333333333,29,12,8,0.4444444444444444,2.7110049233429323,153,1,1,1,1,0,0,0,0,0,0,2022,2023-2026,0,0.026345466279954127,0.028373739497827642,0.26931330472103004,0.6228433476394849,0.3084763948497854,0,668
C3F66DD37CA,CBF24CD6AF1,H2O,electronic-structure modulation,material_entity,solid_state_mechanism,0.29636824131011963,10,73,10,73,4,147,4,147,0.027210884353741496,2,51,53,0.6666666666666666,5.0,8,29,5,0.0641025641025641,1.4900965289802472,730,1,1,0,0,1,0,2,0,2,0,2022,2023-2026,0,0.00014083281478832657,0.044018474273019956,0.2918454935622318,0.5081437768240342,0.30686695278969955,0,669
C6181968680,CC3BA67827F,graphene,ionic-electronic coupling,material_entity,transport_mechanism,0.1567600965499878,27,38,27,38,19,27,19,27,0.7037037037037037,12,11,23,3.0,2.3333333333333335,10,29,12,0.22641509433962265,4.133198622517656,1026,1,1,0,0,1,0,6,0,6,0,2022,2023-2026,0,0.06484128212388891,0.01994487134480124,0.25128755364806865,0.7272424892703864,0.3055793991416309,0,670
C3D74C503D4,C45C8AAD12E,Bi2Te3,charge-transfer resistance engineering,material_entity,electrode_interface,0.18643313646316528,38,39,38,39,24,20,20,24,0.8333333333333334,6,8,14,0.0,1.0,15,28,12,0.18461538461538463,4.225223871064503,1482,1,1,0,0,1,0,0,8,8,0,2022,2023-2026,0,0.004038317999687595,0.03198892234375984,0.25622317596566524,0.7112124463519313,0.3055793991416309,0,671
C275FB7C4B0,CBF24CD6AF1,iodide/triiodide redox chemistry,electronic-structure modulation,redox_chemistry,solid_state_mechanism,0.2989041209220886,21,73,21,73,18,147,18,147,0.12244897959183673,9,51,60,1.6666666666666667,5.0,12,29,8,0.09302325581395349,2.4227945653119343,1533,1,1,0,0,0,1,8,0,8,0,2022,2023-2026,0,0.00012811300960817681,0.038822741519972136,0.26137339055793996,0.6670278969957081,0.30541845493562236,0,672
C2F611E9EEA,CFBCD9A3438,clathrate,Ba8Ga16Ge30,material_system,material_entity,0.35235562920570374,13,9,9,13,11,2,2,11,0.18181818181818182,0,0,0,-0.3333333333333333,0.0,19,19,8,0.5714285714285714,3.065091945640008,117,1,1,0,1,0,0,1,0,1,0,2022,2023-2026,0,0.012772714036161939,0.030546550912881054,0.2667381974248927,0.6075429184549357,0.3040772532188841,0,673
CC028ABF9C6,CC3BA67827F,anti-freezing organohydrogel design,ionic-electronic coupling,gel_microstructure,transport_mechanism,0.030006015673279762,36,38,36,38,15,27,15,27,0.5555555555555556,7,11,18,1.0,2.3333333333333335,15,29,8,0.12121212121212122,2.2735013475053236,1368,1,1,0,0,0,1,6,0,6,0,2022,2023-2026,0,0.02790828096754219,0.02874089653321147,0.2723175965665236,0.5598712446351931,0.30396995708154506,0,674
C2F611E9EEA,C56C2053791,clathrate,Sr8Ga16Ge30,material_system,material_entity,0.32792651653289795,13,9,9,13,11,2,2,11,0.18181818181818182,0,0,0,-0.3333333333333333,0.0,19,19,8,0.5714285714285714,3.065091945640008,117,1,1,0,1,0,0,1,0,1,0,2022,2023-2026,0,0.012647319790662304,0.030546550912881054,0.2665236051502146,0.605354077253219,0.3027896995708154,0,675
C44799FE290,C78D65254F9,defect engineering,phase transition,solid_state_mechanism,phase_or_species_transition,0.21699944138526917,22,51,22,51,13,48,13,48,0.2708333333333333,5,17,22,1.6666666666666667,1.3333333333333333,27,19,12,0.19672131147540983,3.8612631951909564,1122,1,1,0,0,0,1,0,5,5,0,2022,2023-2026,0,0.014028822013298007,0.025687954203670295,0.24742489270386267,0.7395064377682403,0.30241416309012875,0,676
C075A0D1B79,C962BA9CB74,Sb2Te3,TeO2,material_entity,material_entity,0.42558905482292175,17,21,17,21,9,6,6,9,0.6666666666666666,1,0,1,-0.3333333333333333,0.0,12,15,6,0.1875,1.6767247609081597,357,1,1,1,1,0,0,0,0,0,0,2022,2023-2026,0,0.030131392633916277,0.029914448297917336,0.28025751072961375,0.5157618025751072,0.3007510729613734,0,677
C23B9BED21A,C5A8DA1C047,ionic conduction,CrO3,transport_mechanism,material_entity,0.20013023912906647,35,2,2,35,36,3,3,36,0.08333333333333333,9,0,9,0.6666666666666666,0.0,30,26,1,0.027777777777777776,0.45511961331341866,70,1,1,0,0,1,0,2,0,2,0,2022,2023-2026,0,0.007824721897216514,0.05014861529595188,0.33798283261802575,0.1806008583690987,0.3007510729613734,0,678
CBF24CD6AF1,CDCCAF92956,electronic-structure modulation,Bi2O3,solid_state_mechanism,material_entity,0.2961154878139496,73,7,7,73,147,2,2,147,0.013605442176870748,51,0,51,5.0,0.0,29,29,4,0.05263157894736842,1.8610400298259686,511,1,1,0,0,1,0,0,0,0,0,2022,2023-2026,0,0.00026223311071476836,0.042384472424549194,0.28562231759656653,0.501824034334764,0.3004291845493562,0,679
C5219F02F17,C7342726E8E,Zintl phase,Mg2Si,material_system,material_entity,0.2869293689727783,17,4,4,17,23,7,7,23,0.30434782608695654,9,2,11,1.0,0.3333333333333333,19,10,2,0.10526315789473684,0.5006216581275632,68,1,1,0,1,0,0,0,0,0,0,2022,2023-2026,0,0.02961843603382202,0.040497822187279785,0.32618025751072954,0.26525751072961373,0.3,0,680
C23B9BED21A,CEAE99FC3AE,ionic conduction,MnO3,transport_mechanism,material_entity,0.24333196878433228,35,3,3,35,36,5,5,36,0.1388888888888889,9,1,10,0.6666666666666666,0.0,30,27,2,0.05555555555555555,0.596005125172105,105,1,1,0,0,1,0,2,0,2,0,2022,2023-2026,0,0.005626447532252077,0.04863898853596172,0.3287553648068669,0.2453648068669528,0.29935622317596566,0,681
C2DA63DEF6B,C3D74C503D4,NO3,Bi2Te3,material_entity,material_entity,0.4158899486064911,7,38,7,38,2,24,2,24,0.08333333333333333,0,6,6,0.0,0.0,15,15,6,0.15384615384615385,2.2179738157500624,266,1,1,1,1,0,0,1,0,1,0,2022,2023-2026,0,0.05142293548517231,0.024624787201252475,0.2710300429184549,0.544195278969957,0.2984978540772532,0,682
C23B9BED21A,C7B3E023ED0,ionic conduction,Cu2Se,transport_mechanism,material_entity,0.22500023245811462,35,18,18,35,36,17,17,36,0.4722222222222222,9,8,17,0.6666666666666666,1.3333333333333333,30,11,11,0.2619047619047619,3.154771639552877,630,1,1,0,0,1,0,2,0,2,0,2022,2023-2026,0,0.0035100973676784096,0.030005667506693687,0.2463519313304721,0.7052789699570816,0.29688841201716737,0,683
C6D6399FFC8,CB727037BDD,HfS2,lattice thermal-conductivity suppression,material_entity,solid_state_mechanism,0.14627555012702942,9,37,9,37,2,54,2,54,0.037037037037037035,2,25,27,0.6666666666666666,3.6666666666666665,2,18,5,0.12195121951219512,1.9543813950493845,333,1,1,0,0,1,0,0,0,0,0,2022,2023-2026,0,0.031353487441948893,0.030996305932166703,0.2875536480686695,0.47520386266094417,0.29667381974248924,0,684
C3D74C503D4,CADCC57C7F1,Bi2Te3,SnSe,material_entity,material_entity,0.7340895533561707,38,15,15,38,24,11,11,24,0.4583333333333333,6,5,11,0.0,0.6666666666666666,15,7,8,0.17777777777777778,2.972755706506921,570,1,1,1,1,0,0,0,0,0,0,2022,2023-2026,0,0.0070324669924584585,0.028267790823081923,0.24742489270386267,0.6897639484978539,0.29608369098712445,0,685
C962BA9CB74,CD515CCF7C2,TeO2,polaron hopping,material_entity,solid_state_mechanism,0.18155580759048462,21,18,18,21,6,18,6,18,0.3333333333333333,0,2,2,0.0,-1.0,15,27,4,0.11428571428571428,1.3811145022826727,378,1,1,0,0,1,0,0,0,0,0,2022,2023-2026,0,0.01098076860868134,0.040157617336340067,0.3027896995708154,0.3512982832618025,0.29474248927038627,0,686
C962BA9CB74,CDCCAF92956,TeO2,Bi2O3,material_entity,material_entity,0.7509315013885498,21,7,7,21,6,2,2,6,0.3333333333333333,0,0,0,0.0,0.0,15,29,4,0.16666666666666666,1.32370323806301,147,1,1,1,1,0,0,0,0,0,0,2022,2023-2026,0,0.004887900159424367,0.04034497183490055,0.2931330472103004,0.415568669527897,0.29361587982832615,0,687
C5B8C057FAD,C9AFE334F36,metal oxide,phonon scattering,material_system,solid_state_mechanism,0.21144911646842957,13,49,13,49,9,49,9,49,0.1836734693877551,4,18,22,1.0,1.6666666666666667,21,29,7,0.12727272727272726,2.261514405481087,637,1,1,0,0,1,0,2,0,2,0,2022,2023-2026,0,0.012970511250067594,0.029001884294236148,0.26137339055793996,0.5787553648068668,0.29307939914163095,0,688
C3A804F9865,C44799FE290,Cu2O,defect engineering,material_entity,solid_state_mechanism,0.27168673276901245,4,22,4,22,2,13,2,13,0.15384615384615385,0,5,5,0.0,1.6666666666666667,27,27,1,0.04,0.267546386419054,88,1,1,0,0,1,0,0,0,0,0,2022,2023-2026,0,0.06534258681039665,0.03823954892945238,0.3272532188841202,0.18948497854077254,0.2930257510729614,0,689
C3D74C503D4,CEF8C3FDF7F,Bi2Te3,Et2Sb,material_entity,material_entity,0.488456666469574,38,4,4,38,24,2,2,24,0.08333333333333333,6,0,6,0.0,-0.3333333333333333,15,6,3,0.07692307692307693,1.4691773769672556,152,1,1,1,1,0,0,0,0,0,0,2022,2023-2026,0,0.020544135211241904,0.037629944222512736,0.29763948497854076,0.3660944206008584,0.2918454935622317,0,690
C44799FE290,C5219F02F17,defect engineering,Zintl phase,solid_state_mechanism,material_system,0.2656325101852417,22,17,17,22,13,23,13,23,0.5652173913043478,5,9,14,1.6666666666666667,1.0,27,19,5,0.14705882352941177,1.4807680468001077,374,1,1,0,0,1,0,0,0,0,0,2022,2023-2026,0,0.020670470673319643,0.029540213581846216,0.271244635193133,0.47381974248927033,0.2869098712446352,0,691
CB02CED7099,CF10FA3299B,carrier-concentration optimization,V2O5,solid_state_mechanism,material_entity,0.25444459915161133,62,12,12,62,83,4,4,83,0.04819277108433735,28,1,29,2.6666666666666665,0.0,30,11,6,0.08823529411764706,1.911442680517955,744,1,1,0,0,1,0,0,0,0,0,2022,2023-2026,0,0.002165772320916024,0.03537214774614625,0.2605150214592275,0.5495708154506438,0.28562231759656653,0,692
C3D74C503D4,CF4A97515AC,Bi2Te3,gold electrode,material_entity,material_entity,0.4069754481315613,38,3,3,38,24,3,3,24,0.125,6,1,7,0.0,0.0,15,7,0,0.0,0.0,114,1,1,1,1,0,0,0,0,0,0,2022,2023-2026,0,0.027783380765608136,0.03975544194147417,0.3158798283261803,0.20328326180257508,0.284656652360515,0,693
CBF24CD6AF1,CF840763400,electronic-structure modulation,TiO2,solid_state_mechanism,material_entity,0.24968752264976501,73,9,9,73,147,21,21,147,0.14285714285714285,51,2,53,5.0,-1.0,29,18,8,0.10810810810810811,2.5139696180233777,657,1,1,0,0,1,0,0,1,1,0,2022,2023-2026,0,0.00015443460069704062,0.03252098831029174,0.24012875536480688,0.6360944206008583,0.28444206008583695,0,694
CB02CED7099,CBB7C54B845,carrier-concentration optimization,Ag8SnSe6,solid_state_mechanism,material_entity,0.21458062529563904,62,2,2,62,83,2,2,83,0.024096385542168676,28,1,29,2.6666666666666665,0.3333333333333333,30,6,1,0.015873015873015872,0.2769378934088574,124,1,1,0,0,1,0,0,0,0,0,2022,2023-2026,0,0.030398445640023437,0.038429296386550106,0.31030042918454936,0.23473175965665236,0.2834227467811159,0,695
C3DB4F04D16,CFE5351761E,rattling-mode phonon suppression,thermoelectric alloy,solid_state_mechanism,material_system,0.26384952664375305,20,3,3,20,22,3,3,22,0.13636363636363635,7,2,9,1.6666666666666667,0.6666666666666666,21,21,2,0.09523809523809523,0.5539233755582454,60,1,1,0,0,1,0,0,0,0,0,2022,2023-2026,0,0.028753268395949532,0.03851843177963006,0.30965665236051504,0.2501931330472103,0.28315450643776824,0,696
CC3BA67827F,CD515CCF7C2,ionic-electronic coupling,polaron hopping,transport_mechanism,solid_state_mechanism,0.4406244158744812,38,18,18,38,27,18,18,27,0.6666666666666666,11,2,13,2.3333333333333335,-1.0,29,27,6,0.12,1.7017760310585348,684,1,1,0,0,0,1,0,0,0,0,2022,2023-2026,0,0.03055714375619395,0.02423618379589321,0.25643776824034337,0.5506437768240343,0.28208154506437766,0,697
C6DEC1AEAD1,CC3BA67827F,CeO2,ionic-electronic coupling,material_entity,transport_mechanism,0.15220770239830017,4,38,4,38,3,27,3,27,0.1111111111111111,0,11,11,0.0,2.3333333333333335,26,29,1,0.024390243902439025,0.318928988903801,152,1,1,0,0,1,0,0,0,0,0,2022,2023-2026,0,0.08627683641418235,0.030916331639312383,0.31244635193133047,0.18369098712446352,0.28079399141630906,0,698
C2378F90E64,C78D65254F9,anharmonic phonon transport,phase transition,solid_state_mechanism,phase_or_species_transition,0.19819027185440063,29,51,29,51,29,48,29,48,0.6041666666666666,16,17,33,2.6666666666666665,1.3333333333333333,9,19,13,0.19402985074626866,3.990453113912922,1479,1,1,0,0,0,1,0,5,5,0,2022,2023-2026,0,0.06582699629992436,0.013751507764392386,0.21952789699570813,0.7570708154506438,0.2798283261802575,0,699
C4CEC954E12,CC3BA67827F,platinum electrode,ionic-electronic coupling,material_entity,transport_mechanism,0.18556618690490723,23,38,23,38,9,27,9,27,0.3333333333333333,1,11,12,-0.3333333333333333,2.3333333333333335,26,29,6,0.10909090909090909,2.136861681397917,874,1,1,0,0,1,0,6,0,6,0,2022,2023-2026,0,0.012491454783815387,0.028856639999913315,0.25793991416309014,0.5191201716738197,0.2784334763948498,0,700
CC028ABF9C6,CFE4361F368,anti-freezing organohydrogel design,charge-carrier mobility,gel_microstructure,solid_state_mechanism,0.07764939218759537,36,42,36,42,15,36,15,36,0.4166666666666667,7,13,20,1.0,1.6666666666666667,15,27,8,0.11428571428571428,2.491571307433194,1512,1,1,0,0,0,1,6,0,6,0,2022,2023-2026,0,0.014951724359394656,0.02441770660122701,0.2429184549356223,0.5796673819742488,0.27725321888412013,0,701
C872881EC3C,CBF24CD6AF1,gel-confined redox transport,electronic-structure modulation,gel_microstructure,solid_state_mechanism,0.22363877296447754,19,73,19,73,8,147,8,147,0.05442176870748299,8,51,59,2.6666666666666665,5.0,2,29,9,0.10843373493975904,2.9038820129047047,1387,1,1,0,0,0,1,7,0,7,0,2022,2023-2026,0,0.0002960891081027146,0.02892924955589544,0.226824034334764,0.6845815450643777,0.27682403433476394,0,702
C555F4672C1,CB727037BDD,configurational-entropy modulation,lattice thermal-conductivity suppression,phase_or_species_transition,solid_state_mechanism,0.2181980013847351,7,37,7,37,4,54,4,54,0.07407407407407407,3,25,28,0.6666666666666666,3.6666666666666665,4,18,6,0.15789473684210525,1.9946663891698582,259,1,1,0,0,0,1,0,0,0,0,2022,2023-2026,0,0.11183506447380683,0.01584146474848699,0.2508583690987124,0.541469957081545,0.2766094420600858,0,703
C555F4672C1,CFE4361F368,configurational-entropy modulation,charge-carrier mobility,phase_or_species_transition,solid_state_mechanism,0.21574503183364868,7,42,7,42,4,36,4,36,0.1111111111111111,3,13,16,0.6666666666666666,1.6666666666666667,4,27,5,0.11363636363636363,1.490159553789911,294,1,1,0,0,0,1,0,0,0,0,2022,2023-2026,0,0.33185003833077886,0.013978907907830932,0.26909871244635186,0.4317918454935622,0.27542918454935617,0,704
C2378F90E64,C3D74C503D4,anharmonic phonon transport,Bi2Te3,solid_state_mechanism,material_entity,0.43851715326309204,29,38,29,38,29,24,24,29,0.8275862068965517,16,6,22,2.6666666666666665,0.0,9,15,11,0.19642857142857142,3.7503643075853295,1102,1,1,0,0,1,0,0,0,0,0,2022,2023-2026,0,0.1367545976260703,0.008175914648459924,0.21137339055793988,0.7805150214592275,0.27221030042918454,0,705
C9AFE334F36,CFE5351761E,phonon scattering,thermoelectric alloy,solid_state_mechanism,material_system,0.4485173523426056,49,3,3,49,49,3,3,49,0.061224489795918366,18,2,20,1.6666666666666667,0.6666666666666666,29,21,2,0.04,0.6307824050687041,147,1,1,0,0,1,0,0,0,0,0,2022,2023-2026,0,0.01965362796795253,0.035320114645217185,0.2901287553648068,0.3218991416309013,0.2721030042918455,0,706
CCFD9A81EEE,CFE4361F368,solid electrolyte,charge-carrier mobility,material_system,solid_state_mechanism,0.38923346996307373,11,42,11,42,8,36,8,36,0.2222222222222222,3,13,16,0.6666666666666666,1.6666666666666667,25,27,2,0.0392156862745098,0.627242670323922,462,1,1,0,0,1,0,1,0,1,0,2022,2023-2026,0,0.06315494899906977,0.02678878092733804,0.2854077253218884,0.34369098712446355,0.2718884120171674,0,707
C075A0D1B79,C78D65254F9,Sb2Te3,phase transition,material_entity,phase_or_species_transition,0.24088315665721893,17,51,17,51,9,48,9,48,0.1875,1,17,18,-0.3333333333333333,1.3333333333333333,12,19,11,0.19298245614035087,3.654710287164553,867,1,1,0,0,1,0,0,5,5,0,2022,2023-2026,0,0.011340344925348541,0.02064403463479836,0.21716738197424895,0.7186909871244637,0.27145922746781115,0,708
C2F611E9EEA,C3DB4F04D16,clathrate,rattling-mode phonon suppression,material_system,solid_state_mechanism,0.2662322521209717,13,20,13,20,11,22,11,22,0.5,0,7,7,-0.3333333333333333,1.6666666666666667,19,21,8,0.32,2.8200900668160456,260,1,1,0,0,1,0,1,0,1,0,2022,2023-2026,0,0.021144853308284455,0.020790907650034066,0.23047210300429183,0.6222854077253218,0.2706008583690987,0,709
C075A0D1B79,C3D74C503D4,Sb2Te3,Bi2Te3,material_entity,material_entity,0.8503784537315369,17,38,17,38,9,24,9,24,0.375,1,6,7,-0.3333333333333333,0.0,12,15,15,0.375,5.291457798792309,646,1,1,1,1,0,0,0,0,0,0,2022,2023-2026,0,0.004271544912414818,0.02118056642676271,0.20643776824034338,0.8027038626609442,0.2679184549356223,0,710
C46747A02A1,CFE4361F368,ion-pairing and complexation,charge-carrier mobility,solvation_entropy,solid_state_mechanism,0.2702710032463074,30,42,30,42,16,36,16,36,0.4444444444444444,8,13,21,1.0,1.6666666666666667,11,27,7,0.1076923076923077,2.635306557361398,1260,1,1,0,0,0,1,4,0,4,0,2022,2023-2026,0,0.056129205713226445,0.015160310923650853,0.22553648068669527,0.6261587982832617,0.2669527896995708,0,711
C68E4B8C8BC,CB727037BDD,Ti2O7,lattice thermal-conductivity suppression,material_entity,solid_state_mechanism,0.1872735619544983,2,37,2,37,2,54,2,54,0.037037037037037035,1,25,26,0.3333333333333333,3.6666666666666665,8,18,1,0.02631578947368421,0.25694917118487537,74,1,1,0,0,1,0,0,0,0,0,2022,2023-2026,0,0.0789414318924869,0.02768729252217658,0.2950643776824034,0.20445278969957084,0.2666309012875537,0,712
C075A0D1B79,CEF8C3FDF7F,Sb2Te3,Et2Sb,material_entity,material_entity,0.49133947491645813,17,4,4,17,9,2,2,9,0.2222222222222222,1,0,1,-0.3333333333333333,-0.3333333333333333,12,6,1,0.05,0.2749075777424936,68,1,1,1,1,0,0,0,0,0,0,2022,2023-2026,0,0.044010726761706406,0.03063165426546658,0.29334763948497855,0.2117381974248927,0.26523605150214596,0,713
CBF24CD6AF1,CE4B0E242E7,electronic-structure modulation,interfacial charge transfer,solid_state_mechanism,electrode_interface,0.21930411458015442,73,35,35,73,147,21,21,147,0.14285714285714285,51,8,59,5.0,1.3333333333333333,29,29,17,0.18681318681318682,6.788368833102259,2555,1,1,0,0,0,1,0,6,6,0,2022,2023-2026,0,1.8209446866013575e-06,0.02546233008606377,0.20214592274678111,0.812950643776824,0.26469957081545065,0,714
C3D74C503D4,CAEB010ACF4,Bi2Te3,polyethylene glycol (PEG),material_entity,material_entity,0.23401667177677155,38,20,20,38,24,7,7,24,0.2916666666666667,6,3,9,0.0,0.3333333333333333,15,8,7,0.13725490196078433,2.66734646548887,760,1,1,1,1,0,0,0,0,0,0,2022,2023-2026,0,0.004503961502963836,0.02544937065461876,0.22854077253218885,0.5846351931330471,0.26437768240343346,0,715
C2378F90E64,C3DB4F04D16,anharmonic phonon transport,rattling-mode phonon suppression,solid_state_mechanism,solid_state_mechanism,0.5862784385681152,29,20,20,29,29,22,22,29,0.7586206896551724,16,7,23,2.6666666666666665,1.6666666666666667,9,21,14,0.4,5.440426413948484,580,1,1,1,0,0,1,0,0,0,0,2022,2023-2026,0,0.207314124773788,0.005569795567932559,0.20107296137339054,0.8338841201716738,0.26437768240343346,0,716
C5E1580F832,CB530564ED0,CoSb3,skutterudite,material_entity,material_system,0.35955899953842163,8,15,8,15,7,26,7,26,0.2692307692307692,1,4,5,0.3333333333333333,0.6666666666666666,21,21,7,0.4375,2.3645307129860926,120,1,1,0,1,0,0,0,0,0,0,2022,2023-2026,0,0.005055378718602572,0.025404643490602324,0.22939914163090128,0.5763948497854077,0.26394849785407726,0,717
C3DB4F04D16,CFBCD9A3438,rattling-mode phonon suppression,Ba8Ga16Ge30,solid_state_mechanism,material_entity,0.13176825642585754,20,9,9,20,22,2,2,22,0.09090909090909091,7,0,7,1.6666666666666667,0.0,21,19,4,0.16,1.6558634053078196,180,1,1,0,0,1,0,0,0,0,0,2022,2023-2026,0,0.033095308725719065,0.025976682061530254,0.26587982832618023,0.36960300429184545,0.2627682403433476,0,718
CBF24CD6AF1,CC7D2579013,electronic-structure modulation,mixed ionic-covalent bonding,solid_state_mechanism,solid_state_mechanism,0.4554890990257263,73,13,13,73,147,26,26,147,0.17687074829931973,51,13,64,5.0,3.0,29,21,9,0.11688311688311688,3.2163220061134705,949,1,1,1,0,0,1,0,0,0,0,2022,2023-2026,0,0.000132269367401648,0.025075667897905385,0.20751072961373393,0.7408369098712446,0.2624463519313305,0,719
C68E4B8C8BC,C9AFE334F36,Ti2O7,phonon scattering,material_entity,solid_state_mechanism,0.21797791123390198,2,49,2,49,2,49,2,49,0.04081632653061224,1,18,19,0.3333333333333333,1.6666666666666667,8,29,1,0.02,0.2769378934088574,98,1,1,0,0,1,0,0,0,0,0,2022,2023-2026,0,0.17309524854099895,0.022277994404262872,0.29270386266094417,0.21402360515021457,0.2615879828326181,0,720
C3DB4F04D16,C56C2053791,rattling-mode phonon suppression,Sr8Ga16Ge30,solid_state_mechanism,material_entity,0.1156928762793541,20,9,9,20,22,2,2,22,0.09090909090909091,7,0,7,1.6666666666666667,0.0,21,19,4,0.16,1.6558634053078196,180,1,1,0,0,1,0,0,0,0,0,2022,2023-2026,0,0.0328855302217874,0.025976682061530254,0.26566523605150216,0.3653540772532189,0.26083690987124464,0,721
C53D2C5DAAD,C9AFE334F36,ZrS2,phonon scattering,material_entity,solid_state_mechanism,0.1823122203350067,6,49,6,49,2,49,2,49,0.04081632653061224,2,18,20,0.6666666666666666,1.6666666666666667,2,29,1,0.018518518518518517,0.5138983423697507,294,1,1,0,0,1,0,0,0,0,0,2022,2023-2026,0,0.1686880512592715,0.021625900986893595,0.2890557939914163,0.25089055793991416,0.2603004291845493,0,722
C84C6A613D4,CBF24CD6AF1,cellulose nanofiber scaffold,electronic-structure modulation,gel_microstructure,solid_state_mechanism,0.12045250833034515,24,73,24,73,17,147,17,147,0.11564625850340136,15,51,66,4.333333333333333,5.0,5,29,8,0.0898876404494382,2.5174696723769077,1752,1,1,0,0,0,1,3,0,3,0,2022,2023-2026,0,0.0001498525989221381,0.02779823656024445,0.2210300429184549,0.6114699570815451,0.25997854077253213,0,723
C2378F90E64,C9AFE334F36,anharmonic phonon transport,phonon scattering,solid_state_mechanism,solid_state_mechanism,0.8695780634880066,29,49,29,49,29,49,29,49,0.5918367346938775,16,18,34,2.6666666666666665,1.6666666666666667,9,29,18,0.3,6.835680055100797,1421,1,1,1,0,0,1,0,0,0,0,2022,2023-2026,0,0.005889856525726802,0.017604533808895394,0.19678111587982833,0.8937339055793991,0.25954935622317593,0,724
C5219F02F17,CFBCD9A3438,Zintl phase,Ba8Ga16Ge30,material_system,material_entity,0.2948126196861267,17,9,9,17,23,2,2,23,0.08695652173913043,9,0,9,1.0,0.0,19,19,5,0.23809523809523808,1.9573263195880717,153,1,1,0,1,0,0,0,0,0,0,2022,2023-2026,0,0.01060146326054903,0.023749930800717384,0.2317596566523605,0.5081223175965666,0.2546137339055794,0,725
C23B9BED21A,C787F187281,ionic conduction,Ag2S,transport_mechanism,material_entity,0.23353703320026398,35,7,7,35,36,2,2,36,0.05555555555555555,9,0,9,0.6666666666666666,-0.3333333333333333,30,22,6,0.16666666666666666,1.6531163818950951,245,1,1,0,0,1,0,2,0,2,0,2022,2023-2026,0,0.003715013105978339,0.027559302535779963,0.2349785407725322,0.4757403433476395,0.25332618025751075,0,726
C2F611E9EEA,C5219F02F17,clathrate,Zintl phase,material_system,material_system,0.6464204788208008,13,17,13,17,11,23,11,23,0.4782608695652174,0,9,9,-0.3333333333333333,1.0,19,19,8,0.36363636363636365,2.8672182029522557,221,1,1,1,1,0,0,1,0,1,0,2022,2023-2026,0,0.00348622559349857,0.02125305934596168,0.20579399141630902,0.6763090128755365,0.2531115879828326,0,727
C2AB2ABA9A6,CFE4361F368,dimethyl sulfoxide (DMSO),charge-carrier mobility,material_entity,solid_state_mechanism,0.12482345104217529,11,42,11,42,7,36,7,36,0.19444444444444445,1,13,14,-1.3333333333333333,1.6666666666666667,9,27,4,0.08163265306122448,1.1048466936736294,462,1,1,0,0,1,0,1,0,1,0,2022,2023-2026,0,0.04877515844826825,0.023659869943266534,0.26158798283261797,0.34458154506437766,0.25300429184549356,0,728
C5219F02F17,C56C2053791,Zintl phase,Sr8Ga16Ge30,material_system,material_entity,0.27899324893951416,17,9,9,17,23,2,2,23,0.08695652173913043,9,0,9,1.0,0.0,19,19,5,0.23809523809523808,1.9573263195880717,153,1,1,0,1,0,0,0,0,0,0,2022,2023-2026,0,0.010533802931010168,0.023749930800717384,0.2315450643776824,0.5040021459227468,0.2526824034334764,0,729
C075A0D1B79,C38C7EC2077,Sb2Te3,ethylene glycol,material_entity,material_entity,0.2544836699962616,17,21,17,21,9,12,9,12,0.75,1,4,5,-0.3333333333333333,0.6666666666666666,12,20,7,0.22580645161290322,1.9832386908652608,357,1,1,1,1,0,0,0,0,0,0,2022,2023-2026,0,0.011710964926250551,0.02120951309333757,0.22210300429184548,0.5480042918454936,0.25268240343347637,0,730
C3D74C503D4,CE4B0E242E7,Bi2Te3,interfacial charge transfer,material_entity,electrode_interface,0.20012380182743073,38,35,35,38,24,21,21,24,0.875,6,8,14,0.0,1.3333333333333333,15,29,12,0.19672131147540983,4.221859163015551,1330,1,1,0,0,1,0,0,6,6,0,2022,2023-2026,0,0.0031874060787387415,0.020510230292975974,0.19957081545064378,0.7209978540772533,0.25096566523605146,0,731
C3D74C503D4,C6E1ADCF1C9,Bi2Te3,Et3Si,material_entity,material_entity,0.4342608153820038,38,6,6,38,24,2,2,24,0.08333333333333333,6,0,6,0.0,-0.3333333333333333,15,6,4,0.1,2.0348438752423346,228,1,1,1,1,0,0,0,0,0,0,2022,2023-2026,0,0.01706209728412115,0.022564826278537054,0.2354077253218884,0.4549356223175965,0.25010729613733906,0,732
C78D65254F9,CB02CED7099,phase transition,carrier-concentration optimization,phase_or_species_transition,solid_state_mechanism,0.15586164593696594,51,62,51,62,48,83,48,83,0.5783132530120482,17,28,45,1.3333333333333333,2.6666666666666665,19,30,25,0.2840909090909091,8.661190357945243,3162,1,1,0,0,0,1,5,0,5,0,2022,2023-2026,0,3.6459767110646796e-07,0.023944672747911996,0.19163090128755367,0.817510729613734,0.24957081545064377,0,733
C075A0D1B79,CD9ECDD15B4,Sb2Te3,Sb2S3,material_entity,material_entity,0.6340957283973694,17,9,9,17,9,2,2,9,0.2222222222222222,1,0,1,-0.3333333333333333,-0.3333333333333333,12,12,8,0.4444444444444444,2.7110049233429323,153,1,1,1,1,0,0,0,0,0,0,2022,2023-2026,0,0.025153427908817902,0.01558103187111588,0.20987124463519313,0.6254935622317597,0.24935622317596565,0,734
C9AFE334F36,CF4442F676E,phonon scattering,[CoO2],solid_state_mechanism,material_entity,0.21531319618225098,49,5,5,49,49,2,2,49,0.04081632653061224,18,0,18,1.6666666666666667,0.0,29,13,3,0.058823529411764705,1.996919875361089,245,1,1,0,0,1,0,0,0,0,0,2022,2023-2026,0,0.04111210076175408,0.020764140832892394,0.24356223175965663,0.406587982832618,0.24763948497854077,0,735
CC3BA67827F,CF4A6A0344F,ionic-electronic coupling,ion migration,transport_mechanism,transport_mechanism,0.7222399711608887,38,27,27,38,27,17,17,27,0.6296296296296297,11,9,20,2.3333333333333335,2.3333333333333335,29,29,14,0.27450980392156865,4.364215491036632,1026,1,1,1,0,0,1,0,1,1,0,2022,2023-2026,0,0.003985849201346005,0.01751048193546783,0.18969957081545066,0.8329613733905579,0.24688841201716738,0,736
C95D66F92B2,CBF24CD6AF1,carbon nanotube family,electronic-structure modulation,material_entity,solid_state_mechanism,0.2979115843772888,27,73,27,73,33,147,33,147,0.22448979591836735,20,51,71,4.666666666666667,5.0,13,29,12,0.13636363636363635,3.722851005582479,1971,1,1,0,0,1,0,11,0,11,0,2022,2023-2026,0,4.0154079382685194e-05,0.022772771568562424,0.1924892703862661,0.7763197424892705,0.2465665236051502,0,737
CEAE99FC3AE,CFE4361F368,MnO3,charge-carrier mobility,material_entity,solid_state_mechanism,0.1580965220928192,3,42,3,42,5,36,5,36,0.1388888888888889,1,13,14,0.0,1.6666666666666667,27,27,1,0.022727272727272728,0.28126641406272834,126,1,1,0,0,1,0,0,0,0,0,2022,2023-2026,0,0.09931586724467535,0.021713184512580416,0.2736051502145923,0.18550429184549355,0.24624463519313305,0,738
C78D65254F9,C9AFE334F36,phase transition,phonon scattering,phase_or_species_transition,solid_state_mechanism,0.21113735437393188,51,49,49,51,48,49,48,49,0.9795918367346939,17,18,35,1.3333333333333333,1.6666666666666667,19,29,20,0.25,7.084208920669247,2499,1,1,0,0,0,1,5,0,5,0,2022,2023-2026,0,6.975182142925886e-05,0.02160963733640781,0.18798283261802576,0.8230257510729615,0.24517167381974247,0,739
C1FC9BD492E,C9AFE334F36,alloy/disorder phonon scattering,phonon scattering,solid_state_mechanism,solid_state_mechanism,0.8836544752120972,5,49,5,49,4,49,4,49,0.08163265306122448,1,18,19,0.3333333333333333,1.6666666666666667,22,29,4,0.08,1.0456143573241372,245,1,1,1,0,0,1,0,0,0,0,2022,2023-2026,0,0.11199830177402621,0.01386365304776108,0.23412017167381974,0.4304613733905579,0.24345493562231757,0,740
C787F187281,CB727037BDD,Ag2S,lattice thermal-conductivity suppression,material_entity,solid_state_mechanism,0.12588605284690857,7,37,7,37,2,54,2,54,0.037037037037037035,0,25,25,-0.3333333333333333,3.6666666666666665,22,18,6,0.15789473684210525,1.6574449025489661,259,1,1,0,0,1,0,0,0,0,0,2022,2023-2026,0,0.006702288348826446,0.023972425124444873,0.2281115879828326,0.47346566523605144,0.2432403433476395,0,741
C1FC9BD492E,CB727037BDD,alloy/disorder phonon scattering,lattice thermal-conductivity suppression,solid_state_mechanism,solid_state_mechanism,0.5906307101249695,5,37,5,37,4,54,4,54,0.07407407407407407,1,25,26,0.3333333333333333,3.6666666666666665,22,18,4,0.10526315789473684,1.0256256351001551,185,1,1,1,0,0,1,0,0,0,0,2022,2023-2026,0,0.05313611829888525,0.016126514083799337,0.2334763948497854,0.42971030042918457,0.2413090128755365,0,742
C3D74C503D4,CC028ABF9C6,Bi2Te3,anti-freezing organohydrogel design,material_entity,gel_microstructure,0.2842341661453247,38,36,36,38,24,15,15,24,0.625,6,7,13,0.0,1.0,15,15,10,0.15625,3.5106520260665084,1368,1,1,0,0,1,0,0,6,6,0,2022,2023-2026,0,0.014532894266667254,0.014894861333398119,0.19313304721030045,0.706244635193133,0.24109442060085834,0,743
C3D74C503D4,CA120BDE1A0,Bi2Te3,Bi2S3,material_entity,material_entity,0.6357795000076294,38,11,11,38,24,4,4,24,0.16666666666666666,6,1,7,0.0,-0.3333333333333333,15,12,8,0.1951219512195122,2.8271406913543724,418,1,1,1,1,0,0,0,0,0,0,2022,2023-2026,0,0.0036769928847846457,0.02020503098030348,0.19871244635193133,0.6584656652360514,0.24098712446351928,0,744
C2378F90E64,C23B9BED21A,anharmonic phonon transport,ionic conduction,solid_state_mechanism,transport_mechanism,0.41874444484710693,29,35,29,35,29,36,29,36,0.8055555555555556,16,9,25,2.6666666666666665,0.6666666666666666,9,30,12,0.23076923076923078,3.700704625286118,1015,1,1,0,0,0,1,0,2,2,0,2022,2023-2026,0,0.0525559922349601,0.007991204269897561,0.1817596566523605,0.7933905579399142,0.23980686695278966,0,745
C075A0D1B79,CA120BDE1A0,Sb2Te3,Bi2S3,material_entity,material_entity,0.4775148332118988,17,11,11,17,9,4,4,9,0.4444444444444444,1,1,2,-0.3333333333333333,-0.3333333333333333,12,12,8,0.4,2.7490921452321047,187,1,1,1,1,0,0,0,0,0,0,2022,2023-2026,0,0.027766029805099006,0.014042681198705642,0.19978540772532188,0.6292811158798283,0.23841201716738197,0,746
CA62C8F275F,CB530564ED0,Co4Sb12,skutterudite,material_entity,material_system,0.30660808086395264,5,15,5,15,3,26,3,26,0.11538461538461539,1,4,5,0.3333333333333333,0.6666666666666666,11,21,4,0.25,1.1205913510479266,75,1,1,0,1,0,0,0,0,0,0,2022,2023-2026,0,0.009054148683820021,0.02451435814600365,0.2347639484978541,0.39060085836909875,0.2383047210300429,0,747
C0783369D77,CFE4361F368,PEDOT family,charge-carrier mobility,material_entity,solid_state_mechanism,0.2586432099342346,44,42,42,44,55,36,36,55,0.6545454545454545,34,13,47,6.0,1.6666666666666667,10,27,10,0.13157894736842105,4.096216797717782,1848,1,1,0,0,1,0,2,0,2,0,2022,2023-2026,0,0.028579069732120696,0.011362196334324363,0.18476394849785405,0.7477467811158799,0.23744635193133046,0,748
C2378F90E64,C7B3E023ED0,anharmonic phonon transport,Cu2Se,solid_state_mechanism,material_entity,0.2178272306919098,29,18,18,29,29,17,17,29,0.5862068965517241,16,8,24,2.6666666666666665,1.3333333333333333,9,11,10,0.2702702702702703,3.0814104802445885,522,1,1,0,0,1,0,0,0,0,0,2022,2023-2026,0,0.16001924278561028,0.004872615639631103,0.19141630901287554,0.7050214592274678,0.2369098712446352,0,749
C08389FD6C6,CB02CED7099,moisture-gradient ion transport,carrier-concentration optimization,transport_mechanism,solid_state_mechanism,0.3957916498184204,32,62,32,62,27,83,27,83,0.3253012048192771,17,28,45,3.6666666666666665,2.6666666666666665,20,30,8,0.09302325581395349,2.3237370001596562,1984,1,1,0,0,0,1,4,0,4,0,2022,2023-2026,0,0.002090984033041481,0.020126437805950238,0.19291845493562232,0.6750429184549356,0.23626609442060081,0,750
C8AD5B453CC,CB727037BDD,ion diffusion,lattice thermal-conductivity suppression,transport_mechanism,solid_state_mechanism,0.3254375755786896,41,37,37,41,19,54,19,54,0.35185185185185186,12,25,37,3.0,3.6666666666666665,23,18,10,0.14705882352941177,3.240552524316193,1517,1,1,0,0,0,1,2,0,2,0,2022,2023-2026,0,0.0021904278587125477,0.016002568014214683,0.1791845493562232,0.7469420600858369,0.2344420600858369,0,751
C63ED77BD64,CBF24CD6AF1,band engineering,electronic-structure modulation,solid_state_mechanism,solid_state_mechanism,0.7104052901268005,8,73,8,73,5,147,5,147,0.034013605442176874,4,51,55,1.0,5.0,3,29,6,0.08,2.418876507146809,584,1,1,1,0,0,1,0,0,0,0,2022,2023-2026,0,0.0010802412243993097,0.021154826922826487,0.19592274678111588,0.6393884120171673,0.2338519313304721,0,752
CB727037BDD,CD2F5C2DDDC,lattice thermal-conductivity suppression,TiO3,solid_state_mechanism,material_entity,0.1888207346200943,37,4,4,37,54,5,5,54,0.09259259259259259,25,1,26,3.6666666666666665,0.0,18,19,3,0.07894736842105263,0.7535828198535988,148,1,1,0,0,1,0,0,0,0,0,2022,2023-2026,0,0.0723144236980878,0.01872791285170026,0.2478540772532189,0.30385193133047206,0.23336909871244635,0,753
C44799FE290,C7B3E023ED0,defect engineering,Cu2Se,solid_state_mechanism,material_entity,0.27197152376174927,22,18,18,22,13,17,13,17,0.7647058823529411,5,8,13,1.6666666666666667,1.3333333333333333,27,11,10,0.3333333333333333,2.761997235083005,396,1,1,0,0,1,0,0,0,0,0,2022,2023-2026,0,0.04835204081089972,0.01080883424629996,0.1909871244635193,0.6781759656652361,0.2319742489270386,0,754
C5DEA4DF37C,CC3BA67827F,Zn4Sb3,ionic-electronic coupling,material_entity,transport_mechanism,0.1709701120853424,8,38,8,38,5,27,5,27,0.18518518518518517,4,11,15,1.0,2.3333333333333335,5,29,5,0.12195121951219512,1.5601501710307846,304,1,1,0,0,1,0,0,0,0,0,2022,2023-2026,0,0.16369288595336184,0.01040054238926732,0.2227467811158798,0.4253969957081545,0.23143776824034334,0,755
C0783369D77,CC3BA67827F,PEDOT family,ionic-electronic coupling,material_entity,transport_mechanism,0.1750277876853943,44,38,38,44,55,27,27,55,0.4909090909090909,34,11,45,6.0,2.3333333333333335,10,29,18,0.28125,6.2647363495028605,1672,1,1,0,0,1,0,2,0,2,0,2022,2023-2026,1,0.004326300462478305,0.013675198603633459,0.16545064377682403,0.8113304721030044,0.2298283261802575,0,756
C43C91C4A3E,C5219F02F17,Mg3Sb2,Zintl phase,material_entity,material_system,0.28340622782707214,8,17,8,17,5,23,5,23,0.21739130434782608,1,9,10,-1.0,1.0,5,19,6,0.3157894736842105,1.6003230463946496,136,1,1,0,1,0,0,0,0,0,0,2022,2023-2026,0,0.011029780735160536,0.01881079034210771,0.20858369098712448,0.5097317596566523,0.22918454935622318,0,757
C38C7EC2077,CC3BA67827F,ethylene glycol,ionic-electronic coupling,material_entity,transport_mechanism,0.14002814888954163,21,38,21,38,12,27,12,27,0.4444444444444444,4,11,15,0.6666666666666666,2.3333333333333335,20,29,6,0.11320754716981132,1.651402338421226,798,1,1,0,0,1,0,0,0,0,0,2022,2023-2026,0,0.011304455158890166,0.019885521400661292,0.2118025751072961,0.47123390557939915,0.2273605150214592,0,758
C4E69B706AD,C9AFE334F36,CoO3,phonon scattering,material_entity,solid_state_mechanism,0.20649628341197968,2,49,2,49,2,49,2,49,0.04081632653061224,0,18,18,0.0,1.6666666666666667,22,29,1,0.02,0.6213349345596119,98,1,1,0,0,1,0,0,0,0,0,2022,2023-2026,0,0.08534011011461863,0.017740774856549457,0.2517167381974249,0.22658798283261802,0.22703862660944207,0,759
C78D65254F9,CC3BA67827F,phase transition,ionic-electronic coupling,phase_or_species_transition,transport_mechanism,0.14667001366615295,51,38,38,51,48,27,27,48,0.5625,17,11,28,1.3333333333333333,2.3333333333333335,19,29,11,0.14102564102564102,3.3581303413478314,1938,1,1,0,0,0,1,5,0,5,0,2022,2023-2026,0,0.0011758526431049207,0.016401462110919328,0.17854077253218886,0.6882188841201716,0.2257510729613734,0,760
C311C0E1A8F,CB02CED7099,SbCl3,carrier-concentration optimization,material_entity,solid_state_mechanism,0.18416814506053925,12,62,12,62,4,83,4,83,0.04819277108433735,1,28,29,0.0,2.6666666666666665,13,30,1,0.0136986301369863,0.3284587387530511,744,1,1,0,0,1,0,0,0,0,0,2022,2023-2026,0,0.006099393312521435,0.0259875263349626,0.23841201716738197,0.29222103004291844,0.2255364806866953,0,761
C9AFE334F36,CB40B685934,phonon scattering,CuCr1,solid_state_mechanism,material_entity,0.18249410390853882,49,6,6,49,49,2,2,49,0.04081632653061224,18,1,19,1.6666666666666667,0.3333333333333333,29,11,5,0.1,1.7075904554128152,294,1,1,0,0,1,0,0,0,0,0,2022,2023-2026,0,0.022190063454049884,0.01642705969436901,0.21437768240343347,0.44175965665236044,0.22532188841201717,0,762
C5DEA4DF37C,CB727037BDD,Zn4Sb3,lattice thermal-conductivity suppression,material_entity,solid_state_mechanism,0.22863395512104034,8,37,8,37,5,54,5,54,0.09259259259259259,4,25,29,1.0,3.6666666666666665,5,18,4,0.0975609756097561,1.0962608681940795,296,1,1,0,0,1,0,0,0,0,0,2022,2023-2026,0,0.04689614759540025,0.0149286143539291,0.2186695278969957,0.4043025751072961,0.2232832618025751,0,763
C9AFE334F36,CB727037BDD,phonon scattering,lattice thermal-conductivity suppression,solid_state_mechanism,solid_state_mechanism,0.6227576732635498,49,37,37,49,49,54,49,54,0.9074074074074074,18,25,43,1.6666666666666667,3.6666666666666665,29,18,26,0.43333333333333335,11.90467278059623,1813,1,1,1,0,0,1,0,0,0,0,2022,2023-2026,0,8.36190043648163e-05,0.012987669889733757,0.14206008583690985,0.906362660944206,0.2223175965665236,0,764
CB02CED7099,CC7D2579013,carrier-concentration optimization,mixed ionic-covalent bonding,solid_state_mechanism,solid_state_mechanism,0.2669772803783417,62,13,13,62,83,26,26,83,0.3132530120481928,28,13,41,2.6666666666666665,3.0,30,21,8,0.11940298507462686,2.693200064927548,806,1,1,1,0,0,1,0,0,0,0,2022,2023-2026,0,0.0010716931962693316,0.01581460100029527,0.17339055793991417,0.6566201716738198,0.2167381974248927,0,765
C38C7EC2077,C3D74C503D4,ethylene glycol,Bi2Te3,material_entity,material_entity,0.2456161379814148,21,38,21,38,12,24,12,24,0.5,4,6,10,0.6666666666666666,0.0,20,15,10,0.20408163265306123,3.5382576154218146,798,1,1,1,1,0,0,0,0,0,0,2022,2023-2026,0,0.005836728278925653,0.012131184313891805,0.1630901287553648,0.6925643776824034,0.2164163090128755,0,766
C3DB4F04D16,CB530564ED0,rattling-mode phonon suppression,skutterudite,solid_state_mechanism,material_system,0.3730279505252838,20,15,15,20,22,26,22,26,0.8461538461538461,7,4,11,1.6666666666666667,0.6666666666666666,21,21,10,0.4,3.780118299830749,300,1,1,0,0,1,0,0,0,0,0,2022,2023-2026,0,0.030312136653158156,0.006312814079218766,0.15708154506437766,0.7204399141630901,0.21609442060085837,0,767
C6E111EB5CB,CB530564ED0,RyMxCo4,skutterudite,material_entity,material_system,0.24094879627227783,5,15,5,15,3,26,3,26,0.11538461538461539,0,4,4,0.0,0.6666666666666666,18,21,4,0.25,1.109994135813748,75,1,1,0,1,0,0,0,0,0,0,2022,2023-2026,0,0.004896925549606379,0.022982812789166064,0.21781115879828328,0.36625536480686693,0.21566523605150212,0,768
C78D65254F9,CFE4361F368,phase transition,charge-carrier mobility,phase_or_species_transition,solid_state_mechanism,0.1922702044248581,51,42,42,51,48,36,36,48,0.75,17,13,30,1.3333333333333333,1.6666666666666667,19,27,18,0.24,5.675774230637544,2142,1,1,0,0,0,1,5,0,5,0,2022,2023-2026,0,0.0002111738585261138,0.012432933713892137,0.14184549356223178,0.8001824034334762,0.21523605150214592,0,769
C7977C03A03,CC3BA67827F,BaTiO3,ionic-electronic coupling,material_entity,transport_mechanism,0.16961166262626648,3,38,3,38,2,27,2,27,0.07407407407407407,0,11,11,0.0,2.3333333333333335,20,29,2,0.05128205128205128,0.6501076631327556,114,1,1,0,0,1,0,0,0,0,0,2022,2023-2026,0,0.10803683558050525,0.01414779502788266,0.2360515021459227,0.22354077253218885,0.2150214592274678,0,770
C075A0D1B79,C4C9A1FEBD0,Sb2Te3,As2Te3,material_entity,material_entity,0.5066021680831909,17,9,9,17,9,2,2,9,0.2222222222222222,1,0,1,-0.3333333333333333,-0.3333333333333333,12,29,8,0.4444444444444444,2.7110049233429323,153,1,1,1,1,0,0,0,0,0,0,2022,2023-2026,0,0.004423770564023588,0.015083655488378764,0.17682403433476393,0.6204721030042918,0.21405579399141633,0,771
C9AFE334F36,CC7D2579013,phonon scattering,mixed ionic-covalent bonding,solid_state_mechanism,solid_state_mechanism,0.2958989441394806,49,13,13,49,49,26,26,49,0.5306122448979592,18,13,31,1.6666666666666667,3.0,29,21,8,0.14814814814814814,2.7115497596741163,637,1,1,1,0,0,1,0,0,0,0,2022,2023-2026,0,0.00898825577313484,0.012026856909784684,0.16759656652360513,0.6665987124463519,0.21405579399141628,0,772
C9AFE334F36,CE4B0E242E7,phonon scattering,interfacial charge transfer,solid_state_mechanism,electrode_interface,0.21925270557403564,49,35,35,49,49,21,21,49,0.42857142857142855,18,8,26,1.6666666666666667,1.3333333333333333,29,29,9,0.12,3.4461357761782585,1715,1,1,0,0,0,1,0,6,6,0,2022,2023-2026,0,0.002509483552805219,0.013304743639131464,0.1594420600858369,0.6892811158798284,0.21341201716738195,0,773
CB02CED7099,CB40B685934,carrier-concentration optimization,CuCr1,solid_state_mechanism,material_entity,0.1633863002061844,62,6,6,62,83,2,2,83,0.024096385542168676,28,1,29,2.6666666666666665,0.3333333333333333,30,11,5,0.07936507936507936,1.7222407560730095,372,1,1,0,0,1,0,0,0,0,0,2022,2023-2026,0,0.005206504905694353,0.020250263545854685,0.20407725321888412,0.4537768240343348,0.21319742489270385,0,774
C43C91C4A3E,CFE4361F368,Mg3Sb2,charge-carrier mobility,material_entity,solid_state_mechanism,0.14890819787979126,8,42,8,42,5,36,5,36,0.1388888888888889,1,13,14,-1.0,1.6666666666666667,5,27,6,0.13636363636363635,1.6857327838403569,336,1,1,0,0,1,0,0,0,0,0,2022,2023-2026,0,0.05223126135041147,0.011516053480199597,0.20128755364806866,0.45946351931330465,0.21266094420600856,0,775
C6E111EB5CB,CB727037BDD,RyMxCo4,lattice thermal-conductivity suppression,material_entity,solid_state_mechanism,0.13295775651931763,5,37,5,37,3,54,3,54,0.05555555555555555,0,25,25,0.0,3.6666666666666665,18,18,4,0.10526315789473684,1.2023256154737456,185,1,1,0,0,1,0,0,0,0,0,2022,2023-2026,0,0.015125253166304349,0.01933913822722833,0.21566523605150212,0.3562660944206008,0.2119098712446352,0,776
C23B9BED21A,C44799FE290,ionic conduction,defect engineering,transport_mechanism,solid_state_mechanism,0.2064758837223053,35,22,22,35,36,13,13,36,0.3611111111111111,9,5,14,0.6666666666666666,1.6666666666666667,30,27,11,0.2391304347826087,3.1670582638645617,770,1,1,0,0,0,1,2,0,2,0,2022,2023-2026,0,0.0021478866389396303,0.012728048394444098,0.15472103004291846,0.6920278969957082,0.21051502145922746,0,777
C3A804F9865,CFE4361F368,Cu2O,charge-carrier mobility,material_entity,solid_state_mechanism,0.19748841226100922,4,42,4,42,2,36,2,36,0.05555555555555555,0,13,13,0.0,1.6666666666666667,27,27,1,0.022222222222222223,0.32351545314867247,168,1,1,0,0,1,0,0,0,0,0,2022,2023-2026,0,0.07561429331121722,0.015254569173858949,0.23369098712446348,0.21011802575107297,0.20912017167381974,0,778
C23B9BED21A,CFE4361F368,ionic conduction,charge-carrier mobility,transport_mechanism,solid_state_mechanism,0.5199129581451416,35,42,35,42,36,36,36,36,1.0,9,13,22,0.6666666666666666,1.6666666666666667,30,27,19,0.3275862068965517,6.884350970187351,1470,1,1,0,0,0,1,2,0,2,0,2022,2023-2026,0,0.0005730906474182494,0.01029309243452605,0.13025751072961372,0.8667167381974249,0.20895922746781115,0,779
CBF24CD6AF1,CF4A6A0344F,electronic-structure modulation,ion migration,solid_state_mechanism,transport_mechanism,0.20567423105239868,73,27,27,73,147,17,17,147,0.11564625850340136,51,9,60,5.0,2.3333333333333335,29,29,15,0.17647058823529413,5.213671203357469,1971,1,1,0,0,0,1,0,1,1,0,2022,2023-2026,0,2.9891774456683453e-06,0.013283315271542615,0.13819742489270387,0.7916952789699571,0.20702789699570812,0,780
C0783369D77,CB02CED7099,PEDOT family,carrier-concentration optimization,material_entity,solid_state_mechanism,0.17770127952098846,44,62,44,62,55,83,55,83,0.6626506024096386,34,28,62,6.0,2.6666666666666665,10,30,12,0.1276595744680851,4.561564664096621,2728,1,1,0,0,1,0,2,0,2,0,2022,2023-2026,0,0.0005279797879327206,0.011383322576316324,0.14120171673819742,0.7410515021459229,0.20654506437768239,0,781
C78D65254F9,CBF24CD6AF1,phase transition,electronic-structure modulation,phase_or_species_transition,solid_state_mechanism,0.24161815643310547,51,73,51,73,48,147,48,147,0.32653061224489793,17,51,68,1.3333333333333333,5.0,19,29,27,0.27835051546391754,9.604778546606058,3723,1,1,0,0,0,1,5,0,5,0,2022,2023-2026,0,6.718535227173746e-10,0.012466327009999714,0.1293991416309013,0.8602789699570816,0.20552575107296134,0,782
C1ABB4DC192,CFE4361F368,NdCoO3,charge-carrier mobility,material_entity,solid_state_mechanism,0.1450624018907547,4,42,4,42,2,36,2,36,0.05555555555555555,1,13,14,0.3333333333333333,1.6666666666666667,16,27,3,0.06976744186046512,0.9729047849521453,168,1,1,0,0,1,0,0,0,0,0,2022,2023-2026,0,0.10564504945788088,0.01161300954422906,0.22103004291845493,0.27428111587982834,0.20547210300429183,0,783
CB02CED7099,CD515CCF7C2,carrier-concentration optimization,polaron hopping,solid_state_mechanism,solid_state_mechanism,0.4779704809188843,62,18,18,62,83,18,18,83,0.21686746987951808,28,2,30,2.6666666666666665,-1.0,30,27,11,0.15942028985507245,4.644354149676354,1116,1,1,1,0,0,1,0,0,0,0,2022,2023-2026,0,0.0003280230335618414,0.010831653007806242,0.13240343347639486,0.7918133047210301,0.20472103004291844,0,784
C555F4672C1,C9AFE334F36,configurational-entropy modulation,phonon scattering,phase_or_species_transition,solid_state_mechanism,0.22175271809101105,7,49,7,49,4,49,4,49,0.08163265306122448,3,18,21,0.6666666666666666,1.6666666666666667,4,29,5,0.09803921568627451,1.5007567690240895,343,1,1,0,0,0,1,0,0,0,0,2022,2023-2026,0,0.20206902292476495,0.005107772124513829,0.1987124463519313,0.4472854077253219,0.20450643776824035,0,785
C8AD5B453CC,C9AFE334F36,ion diffusion,phonon scattering,transport_mechanism,solid_state_mechanism,0.35683000087738037,41,49,41,49,19,49,19,49,0.3877551020408163,12,18,30,3.0,1.6666666666666667,23,29,12,0.15384615384615385,4.0072452355383,2009,1,1,0,0,0,1,2,0,2,0,2022,2023-2026,0,0.0007114231539753628,0.009886513839969474,0.13025751072961372,0.780225321888412,0.20209227467811158,0,786
C9642D16DCA,CBF24CD6AF1,graphene oxide,electronic-structure modulation,material_entity,solid_state_mechanism,0.3158000707626343,17,73,17,73,9,147,9,147,0.061224489795918366,5,51,56,1.0,5.0,10,29,9,0.1111111111111111,3.3186014802902806,1241,1,1,0,0,1,0,4,0,4,0,2022,2023-2026,0,2.748285767916903e-05,0.012954537546556656,0.13905579399141632,0.7245064377682403,0.201931330472103,0,787
C0783369D77,CBF24CD6AF1,PEDOT family,electronic-structure modulation,material_entity,solid_state_mechanism,0.27690014243125916,44,73,44,73,55,147,55,147,0.3741496598639456,34,51,85,6.0,5.0,10,29,21,0.21875,6.655459425532952,3212,1,1,0,0,1,0,2,0,2,0,2022,2023-2026,0,1.4351501989980986e-07,0.01164252523564866,0.1278969957081545,0.8528648068669527,0.20182403433476392,0,788
CB02CED7099,CE4B0E242E7,carrier-concentration optimization,interfacial charge transfer,solid_state_mechanism,electrode_interface,0.2666143476963043,62,35,35,62,83,21,21,83,0.25301204819277107,28,8,36,2.6666666666666665,1.3333333333333333,30,29,13,0.15476190476190477,4.424856534616101,2170,1,1,0,0,0,1,0,6,6,0,2022,2023-2026,0,5.0433601592463145e-05,0.011225979790176746,0.12982832618025753,0.7795600858369098,0.20053648068669527,0,789
C3DB4F04D16,C6E111EB5CB,rattling-mode phonon suppression,RyMxCo4,solid_state_mechanism,material_entity,0.17397397756576538,20,5,5,20,22,3,3,22,0.13636363636363635,7,0,7,1.6666666666666667,0.0,21,18,4,0.19047619047619047,1.145455308187269,100,1,1,0,0,1,0,0,0,0,0,2022,2023-2026,0,0.034319466045937955,0.014883902522506926,0.209656652360515,0.34146995708154504,0.20010729613733905,0,790
C4CEC954E12,CDCCAF92956,platinum electrode,Bi2O3,material_entity,material_entity,0.38610342144966125,23,7,7,23,9,2,2,9,0.2222222222222222,1,0,1,-0.3333333333333333,0.0,26,29,4,0.15384615384615385,1.33323298791226,161,1,1,1,1,0,0,6,0,6,0,2022,2023-2026,0,0.006087053630693467,0.018766404044658173,0.20021459227467814,0.38987124463519307,0.19957081545064376,0,791
C45C8AAD12E,C9AFE334F36,charge-transfer resistance engineering,phonon scattering,electrode_interface,solid_state_mechanism,0.22336342930793762,39,49,39,49,20,49,20,49,0.40816326530612246,8,18,26,1.0,1.6666666666666667,28,29,10,0.1282051282051282,3.7651112371113955,1911,1,1,0,0,0,1,8,0,8,0,2022,2023-2026,0,0.0016270405402405502,0.010770346504019932,0.13819742489270387,0.7125536480686696,0.19898068669527894,0,792
C5B8C057FAD,CB02CED7099,metal oxide,carrier-concentration optimization,material_system,solid_state_mechanism,0.16388581693172455,13,62,13,62,9,83,9,83,0.10843373493975904,4,28,32,1.0,2.6666666666666665,21,30,9,0.13636363636363635,3.4613115105106123,806,1,1,0,0,1,0,2,0,2,0,2022,2023-2026,0,0.0015515557998170408,0.011036640003631599,0.14141630901287552,0.6683905579399143,0.19833690987124464,0,793
CB02CED7099,CFE4361F368,carrier-concentration optimization,charge-carrier mobility,solid_state_mechanism,solid_state_mechanism,0.6653677225112915,62,42,42,62,83,36,36,83,0.43373493975903615,28,13,41,2.6666666666666665,1.6666666666666667,30,27,28,0.3684210526315789,10.222160525625458,2604,1,1,1,0,0,1,0,0,0,0,2022,2023-2026,0,3.71844229114347e-07,0.010928711557684611,0.12060085836909872,0.9093991416309013,0.1973175965665236,0,794
C2378F90E64,CFE4361F368,anharmonic phonon transport,charge-carrier mobility,solid_state_mechanism,solid_state_mechanism,0.48341602087020874,29,42,29,42,29,36,29,36,0.8055555555555556,16,13,29,2.6666666666666665,1.6666666666666667,9,27,11,0.18333333333333332,3.359375962385654,1218,1,1,1,0,0,1,0,0,0,0,2022,2023-2026,0,0.06174288834261312,0.0018361303213150048,0.12811158798283262,0.7824570815450644,0.19699570815450643,0,795
C3D74C503D4,C78D65254F9,Bi2Te3,phase transition,material_entity,phase_or_species_transition,0.2553223967552185,38,51,38,51,24,48,24,48,0.5,6,17,23,0.0,1.3333333333333333,15,19,15,0.20270270270270271,5.045209677206758,1938,1,1,0,0,1,0,0,5,5,0,2022,2023-2026,0,0.0002158603278241423,0.010523809844505018,0.1274678111587983,0.7946137339055793,0.19645922746781114,0,796
CB19ED8936D,CB727037BDD,MoS2,lattice thermal-conductivity suppression,material_entity,solid_state_mechanism,0.21743342280387878,6,37,6,37,2,54,2,54,0.037037037037037035,2,25,27,0.6666666666666666,3.6666666666666665,2,18,5,0.13157894736842105,1.851390381811556,222,1,1,0,0,1,0,0,0,0,0,2022,2023-2026,0,0.046387626661867416,0.009832196818035696,0.18283261802575107,0.48640557939914164,0.19635193133047207,0,797
C3D74C503D4,CF00FA35255,Bi2Te3,HNO3,material_entity,material_entity,0.38368895649909973,38,7,7,38,24,2,2,24,0.08333333333333333,6,0,6,0.0,0.0,15,15,6,0.15384615384615385,2.2179738157500624,266,1,1,1,1,0,0,0,0,0,0,2022,2023-2026,0,0.00408258562796671,0.0142344112125411,0.17060085836909872,0.5377575107296136,0.19629828326180257,0,798
C79788A0653,CB02CED7099,Cu3SbSe4,carrier-concentration optimization,material_entity,solid_state_mechanism,0.21255779266357422,2,62,2,62,3,83,3,83,0.03614457831325301,0,28,28,0.0,2.6666666666666665,10,30,1,0.015873015873015872,0.23307527170850925,124,1,1,0,0,1,0,0,0,0,0,2022,2023-2026,0,0.03876931963370569,0.015557258605203508,0.2188841201716738,0.2255364806866953,0.19603004291845494,0,799
C9AFE334F36,CD2F5C2DDDC,phonon scattering,TiO3,solid_state_mechanism,material_entity,0.18573200702667236,49,4,4,49,49,5,5,49,0.10204081632653061,18,1,19,1.6666666666666667,0.0,29,19,3,0.06,0.7735715420775807,196,1,1,0,0,1,0,0,0,0,0,2022,2023-2026,0,0.015922081099725906,0.016979107127989036,0.21072961373390556,0.29256437768240345,0.19474248927038626,0,800
C8739CADFFB,CFE4361F368,P3HT,charge-carrier mobility,material_entity,solid_state_mechanism,0.19451014697551727,6,42,6,42,4,36,4,36,0.1111111111111111,3,13,16,0.6666666666666666,1.6666666666666667,3,27,2,0.043478260869565216,0.5457119460669603,252,1,1,0,0,1,0,0,0,0,0,2022,2023-2026,0,0.2396624160669959,0.006558087842153289,0.21373390557939914,0.2635407725321888,0.19442060085836912,0,801
C7342726E8E,CFE4361F368,Mg2Si,charge-carrier mobility,material_entity,solid_state_mechanism,0.1593080759048462,4,42,4,42,7,36,7,36,0.19444444444444445,2,13,15,0.3333333333333333,1.6666666666666667,10,27,2,0.045454545454545456,0.5860313955732704,168,1,1,0,0,1,0,0,0,0,0,2022,2023-2026,0,0.17760882460016353,0.007513295792921518,0.21201716738197424,0.236480686695279,0.19045064377682402,0,802
CB727037BDD,CF4A6A0344F,lattice thermal-conductivity suppression,ion migration,solid_state_mechanism,transport_mechanism,0.27676665782928467,37,27,27,37,54,17,17,54,0.3148148148148148,25,9,34,3.6666666666666665,2.3333333333333335,18,29,9,0.16363636363636364,2.6645749287612204,999,1,1,0,0,0,1,0,1,1,0,2022,2023-2026,0,0.015248354254867307,0.004546706501480937,0.1293991416309013,0.6968025751072962,0.19028969957081543,0,803
C9FB1DC4D4B,CC3BA67827F,Ca3Co4O9,ionic-electronic coupling,material_entity,transport_mechanism,0.18086408078670502,6,38,6,38,7,27,7,27,0.25925925925925924,0,11,11,-0.3333333333333333,2.3333333333333335,16,29,2,0.047619047619047616,0.5023577797729003,228,1,1,0,0,1,0,0,0,0,0,2022,2023-2026,0,0.08355744135342849,0.01135355400957249,0.21072961373390559,0.23699570815450646,0.18776824034334766,0,804
C6E111EB5CB,CB02CED7099,RyMxCo4,carrier-concentration optimization,material_entity,solid_state_mechanism,0.10683461278676987,5,62,5,62,3,83,3,83,0.03614457831325301,0,28,28,0.0,2.6666666666666665,18,30,4,0.06349206349206349,1.2369646383579218,310,1,1,0,0,1,0,0,0,0,0,2022,2023-2026,0,0.007306596057781036,0.01659276088242911,0.19721030042918455,0.3562231759656653,0.1876609442060086,0,805
C38C7EC2077,CFE4361F368,ethylene glycol,charge-carrier mobility,material_entity,solid_state_mechanism,0.1411927193403244,21,42,21,42,12,36,12,36,0.3333333333333333,4,13,17,0.6666666666666666,1.6666666666666667,20,27,7,0.125,2.0961916256945727,882,1,1,0,0,1,0,0,0,0,0,2022,2023-2026,0,0.005733544702115112,0.011162338633779374,0.15493562231759656,0.5392489270386265,0.18744635193133044,0,806
C3DB4F04D16,CB727037BDD,rattling-mode phonon suppression,lattice thermal-conductivity suppression,solid_state_mechanism,solid_state_mechanism,0.6404010057449341,20,37,20,37,22,54,22,54,0.4074074074074074,7,25,32,1.6666666666666667,3.6666666666666665,21,18,11,0.2391304347826087,3.9582826809750897,740,1,1,1,0,0,1,0,0,0,0,2022,2023-2026,0,0.005915885874800985,0.004742329042383358,0.11545064377682403,0.8073819742489271,0.1861587982832618,0,807
C555F4672C1,CB02CED7099,configurational-entropy modulation,carrier-concentration optimization,phase_or_species_transition,solid_state_mechanism,0.31124716997146606,7,62,7,62,4,83,4,83,0.04819277108433735,3,28,31,0.6666666666666666,2.6666666666666665,4,30,5,0.078125,1.5154070696842838,434,1,1,0,0,0,1,0,0,0,0,2022,2023-2026,0,0.054388485841990866,0.005964600596824143,0.1682403433476395,0.4874678111587983,0.1859442060085837,0,808
CBF24CD6AF1,CFE4361F368,electronic-structure modulation,charge-carrier mobility,solid_state_mechanism,solid_state_mechanism,0.5557985305786133,73,42,42,73,147,36,36,147,0.24489795918367346,51,13,64,5.0,1.6666666666666667,29,27,29,0.3372093023255814,10.432894113907755,3066,1,1,1,0,0,1,0,0,0,0,2022,2023-2026,0,1.1333711874173525e-08,0.009091488049226512,0.10858369098712446,0.9143669527896995,0.18583690987124463,0,809
C50BCAA1E15,CFE4361F368,P2O5,charge-carrier mobility,material_entity,solid_state_mechanism,0.17838843166828156,7,42,7,42,3,36,3,36,0.08333333333333333,2,13,15,0.6666666666666666,1.6666666666666667,11,27,4,0.08888888888888889,1.6637548989978561,294,1,1,0,0,1,0,0,0,0,0,2022,2023-2026,0,0.10368954754604968,0.0068461889769581095,0.1912017167381974,0.39568669527896994,0.1857296137339056,0,810
C23B9BED21A,CB727037BDD,ionic conduction,lattice thermal-conductivity suppression,transport_mechanism,solid_state_mechanism,0.44167566299438477,35,37,35,37,36,54,36,54,0.6666666666666666,9,25,34,0.6666666666666666,3.6666666666666665,30,18,15,0.2631578947368421,5.262094357954877,1295,1,1,0,0,0,1,2,0,2,0,2022,2023-2026,0,0.00029878665512754926,0.006830400605379332,0.10987124463519314,0.8538519313304721,0.18465665236051498,0,811
C3DB4F04D16,CA62C8F275F,rattling-mode phonon suppression,Co4Sb12,solid_state_mechanism,material_entity,0.13883116841316223,20,5,5,20,22,3,3,22,0.13636363636363635,7,1,8,1.6666666666666667,0.3333333333333333,21,11,4,0.19047619047619047,1.1560525234214476,100,1,1,0,0,1,0,0,0,0,0,2022,2023-2026,0,0.06492118905633973,0.010688360205836502,0.1982832618025751,0.33405579399141627,0.18433476394849785,0,812
C3D74C503D4,C962BA9CB74,Bi2Te3,TeO2,material_entity,material_entity,0.4667665958404541,38,21,21,38,24,6,6,24,0.25,6,0,6,0.0,0.0,15,15,9,0.18,3.2317436854647137,798,1,1,1,1,0,0,0,0,0,0,2022,2023-2026,0,0.0016509611017293147,0.00756039361011529,0.12467811158798284,0.6910729613733906,0.18412017167381972,0,813
C90CB9C3175,CB727037BDD,half-Heusler alloy,lattice thermal-conductivity suppression,material_system,solid_state_mechanism,0.37412285804748535,7,37,7,37,11,54,11,54,0.2037037037037037,3,25,28,0.0,3.6666666666666665,16,18,5,0.1282051282051282,1.4797963262460547,259,1,1,0,0,1,0,0,0,0,0,2022,2023-2026,0,0.01840444854789478,0.009357939780266411,0.1628755364806867,0.4990450643776824,0.1837982832618026,0,814
C8F80602F04,CBF24CD6AF1,In2O3,electronic-structure modulation,material_entity,solid_state_mechanism,0.30478933453559875,1,73,1,73,2,147,2,147,0.013605442176870748,1,51,52,0.3333333333333333,5.0,24,29,0,0.0,0.0,73,1,1,0,0,1,0,0,0,0,0,2022,2023-2026,0,0.0010869163915494529,0.0226587149504101,0.20472103004291847,0.245,0.18047210300429187,0,815
C45C8AAD12E,CBF24CD6AF1,charge-transfer resistance engineering,electronic-structure modulation,electrode_interface,solid_state_mechanism,0.25440388917922974,39,73,39,73,20,147,20,147,0.1360544217687075,8,51,59,1.0,5.0,28,29,18,0.19148936170212766,5.919376873233628,2847,1,1,0,0,0,1,8,0,8,0,2022,2023-2026,0,5.27652030164257e-08,0.008057041087100605,0.10665236051502147,0.827950643776824,0.17993562231759655,0,816
C43C91C4A3E,CB727037BDD,Mg3Sb2,lattice thermal-conductivity suppression,material_entity,solid_state_mechanism,0.1756705641746521,8,37,8,37,5,54,5,54,0.09259259259259259,1,25,26,-1.0,3.6666666666666665,5,18,6,0.15384615384615385,1.8337241706648686,296,1,1,0,0,1,0,0,0,0,0,2022,2023-2026,0,0.01642557645471338,0.006929820013638668,0.15,0.5094420600858368,0.17972103004291845,0,817
CB02CED7099,CD2F5C2DDDC,carrier-concentration optimization,TiO3,solid_state_mechanism,material_entity,0.18164482712745667,62,4,4,62,83,5,5,83,0.060240963855421686,28,1,29,2.6666666666666665,0.0,30,19,3,0.047619047619047616,0.788221842737775,248,1,1,0,0,1,0,0,0,0,0,2022,2023-2026,0,0.004022879166185237,0.019369894963984585,0.19592274678111588,0.31449570815450645,0.17773605150214594,0,818
C6181968680,CBF24CD6AF1,graphene,electronic-structure modulation,material_entity,solid_state_mechanism,0.3065941333770752,27,73,27,73,19,147,19,147,0.1292517006802721,12,51,63,3.0,5.0,10,29,15,0.17647058823529413,4.90973854996847,1971,1,1,0,0,1,0,6,0,6,0,2022,2023-2026,0,2.5910108622018467e-06,0.007539568740165526,0.10600858369098713,0.8220278969957082,0.17746781115879826,0,819
C6B56755D0B,CB727037BDD,Cu7PSe6,lattice thermal-conductivity suppression,material_entity,solid_state_mechanism,0.18208500742912292,8,37,8,37,4,54,4,54,0.07407407407407407,1,25,26,-0.3333333333333333,3.6666666666666665,8,18,7,0.18421052631578946,2.1282158969988507,296,1,1,0,0,1,0,0,0,0,0,2022,2023-2026,0,0.012348990316798241,0.006006006739259857,0.13669527896995706,0.5621351931330472,0.17607296137339057,0,820
CBF24CD6AF1,CC3BA67827F,electronic-structure modulation,ionic-electronic coupling,solid_state_mechanism,transport_mechanism,0.3950953781604767,73,38,38,73,147,27,27,147,0.1836734693877551,51,11,62,5.0,2.3333333333333335,29,29,22,0.24719101123595505,8.34864444643028,2774,1,1,0,0,0,1,0,0,0,0,2022,2023-2026,0,1.1967069406694603e-07,0.007313941476852453,0.10107296137339056,0.8814270386266094,0.17607296137339054,0,821
C3D74C503D4,CD9ECDD15B4,Bi2Te3,Sb2S3,material_entity,material_entity,0.4780902564525604,38,9,9,38,24,2,2,24,0.08333333333333333,6,0,6,0.0,-0.3333333333333333,15,12,8,0.20512820512820512,2.7890534694652,342,1,1,1,1,0,0,0,0,0,0,2022,2023-2026,0,0.0035602901066107417,0.0062500247018436985,0.12124463519313304,0.6420815450643778,0.17371244635193134,0,822
C44799FE290,CC3BA67827F,defect engineering,ionic-electronic coupling,solid_state_mechanism,transport_mechanism,0.15673860907554626,22,38,22,38,13,27,13,27,0.48148148148148145,5,11,16,1.6666666666666667,2.3333333333333335,27,29,12,0.25,4.0832204159247825,836,1,1,0,0,0,1,0,0,0,0,2022,2023-2026,0,0.011068326329092508,0.0032128950011784158,0.11180257510729613,0.7078755364806868,0.1737124463519313,0,823
C45C8AAD12E,CB02CED7099,charge-transfer resistance engineering,carrier-concentration optimization,electrode_interface,solid_state_mechanism,0.35946476459503174,39,62,39,62,20,83,20,83,0.24096385542168675,8,28,36,1.0,2.6666666666666665,28,30,15,0.1744186046511628,5.008089365485683,2418,1,1,0,0,0,1,8,0,8,0,2022,2023-2026,0,2.2487937622251176e-05,0.00615442949022992,0.09914163090128755,0.8212446351931331,0.1715665236051502,0,824
C3D74C503D4,C4C9A1FEBD0,Bi2Te3,As2Te3,material_entity,material_entity,0.5131231546401978,38,9,9,38,24,2,2,24,0.08333333333333333,6,0,6,0.0,-0.3333333333333333,15,29,8,0.20512820512820512,2.7890534694652,342,1,1,1,1,0,0,0,0,0,0,2022,2023-2026,0,0.0006571718623763237,0.007192134096542918,0.11759656652360514,0.6441416309012875,0.16904506437768238,0,825
C3DB4F04D16,C9AFE334F36,rattling-mode phonon suppression,phonon scattering,solid_state_mechanism,solid_state_mechanism,0.6595363616943359,20,49,20,49,22,49,22,49,0.4489795918367347,7,18,25,1.6666666666666667,1.6666666666666667,21,29,12,0.21052631578947367,4.657046940517578,980,1,1,1,0,0,1,0,0,0,0,2022,2023-2026,0,0.006048354754102822,0.002853165374925107,0.09785407725321887,0.8171459227467811,0.1683476394849785,0,826
C527F5CBB4C,CBF24CD6AF1,CaPd3Ti4O12,electronic-structure modulation,material_entity,solid_state_mechanism,0.26130440831184387,2,73,2,73,2,147,2,147,0.013605442176870748,1,51,52,0.0,5.0,3,29,1,0.013513513513513514,1.4426950408889634,146,1,1,0,0,1,0,0,0,0,0,2022,2023-2026,0,0.0026732513646011966,0.015398388703474179,0.17553648068669528,0.3445600858369099,0.16695278969957078,0,827
CB02CED7099,CF4A6A0344F,carrier-concentration optimization,ion migration,solid_state_mechanism,transport_mechanism,0.3601229786872864,62,27,27,62,83,17,17,83,0.20481927710843373,28,9,37,2.6666666666666665,2.3333333333333335,30,29,17,0.2361111111111111,5.308172953766412,1674,1,1,0,0,0,1,0,1,1,0,2022,2023-2026,0,1.8650805852854006e-05,0.005228996328351274,0.09206008583690987,0.8463090128755365,0.16684549356223174,0,828
CB02CED7099,CB530564ED0,carrier-concentration optimization,skutterudite,solid_state_mechanism,material_system,0.20261944830417633,62,15,15,62,83,26,26,83,0.3132530120481928,28,4,32,2.6666666666666665,0.6666666666666666,30,21,12,0.18461538461538463,4.641616145290409,930,1,1,0,0,1,0,0,0,0,0,2022,2023-2026,0,0.00017571323912218714,0.005882647760078118,0.10214592274678112,0.7448068669527896,0.16630901287553645,0,829
CB39303D43C,CBF24CD6AF1,CaPd3V4O12,electronic-structure modulation,material_entity,solid_state_mechanism,0.2503206133842468,2,73,2,73,2,147,2,147,0.013605442176870748,1,51,52,0.0,5.0,3,29,1,0.013513513513513514,1.4426950408889634,146,1,1,0,0,1,0,0,0,0,0,2022,2023-2026,0,0.0026612993216962085,0.015398388703474179,0.17510729613733905,0.3401824034334764,0.16512875536480687,0,830
C38C7EC2077,CBF24CD6AF1,ethylene glycol,electronic-structure modulation,material_entity,solid_state_mechanism,0.10798557102680206,21,73,21,73,12,147,12,147,0.08163265306122448,4,51,55,0.6666666666666666,5.0,20,29,11,0.13253012048192772,3.49361136402795,1533,1,1,0,0,1,0,0,0,0,0,2022,2023-2026,0,9.191816652985204e-07,0.007883670971373139,0.10665236051502146,0.6907296137339056,0.1646995708154506,0,831
C2378F90E64,CB727037BDD,anharmonic phonon transport,lattice thermal-conductivity suppression,solid_state_mechanism,solid_state_mechanism,0.5602972507476807,29,37,29,37,29,54,29,54,0.5370370370370371,16,25,41,2.6666666666666665,3.6666666666666665,9,18,18,0.375,6.474975995847581,1073,1,1,1,0,0,1,0,0,0,0,2022,2023-2026,0,0.006331873002376345,0.002050102032317175,0.08841201716738198,0.882392703862661,0.16459227467811158,0,832
C787F187281,CFE4361F368,Ag2S,charge-carrier mobility,material_entity,solid_state_mechanism,0.1966295689344406,7,42,7,42,2,36,2,36,0.05555555555555555,0,13,13,-0.3333333333333333,1.6666666666666667,22,27,6,0.13953488372093023,1.6668364095387695,294,1,1,0,0,1,0,0,0,0,0,2022,2023-2026,0,0.023023465502283465,0.005095670995521892,0.14012875536480685,0.4689484978540772,0.16341201716738196,0,833
C5219F02F17,CFE4361F368,Zintl phase,charge-carrier mobility,material_system,solid_state_mechanism,0.2749703526496887,17,42,17,42,23,36,23,36,0.6388888888888888,9,13,22,1.0,1.6666666666666667,19,27,9,0.18,3.418190242821671,714,1,1,0,0,1,0,0,0,0,0,2022,2023-2026,0,0.026864432545434736,0.0017998310620750823,0.10364806866952789,0.7079613733905579,0.16319742489270384,0,834
C6775C55BEF,CFE4361F368,superionic transition,charge-carrier mobility,solid_state_mechanism,solid_state_mechanism,0.5307116508483887,14,42,14,42,15,36,15,36,0.4166666666666667,2,13,15,-0.6666666666666666,1.6666666666666667,18,27,12,0.2727272727272727,3.6746159869901533,588,1,1,1,0,0,1,0,0,0,0,2022,2023-2026,0,0.01456655062135184,0.0019071000916393885,0.09721030042918455,0.7735836909871245,0.1627145922746781,0,835
C9AFE334F36,CF4A6A0344F,phonon scattering,ion migration,solid_state_mechanism,transport_mechanism,0.3161117434501648,49,27,27,49,49,17,17,49,0.3469387755102041,18,9,27,1.6666666666666667,2.3333333333333335,29,29,12,0.1875,3.4587320584543804,1323,1,1,0,0,0,1,0,1,1,0,2022,2023-2026,0,0.0006833344231201951,0.004146683613832303,0.09721030042918455,0.7668669527896996,0.1622854077253219,0,836
C8AD5B453CC,CB02CED7099,ion diffusion,carrier-concentration optimization,transport_mechanism,solid_state_mechanism,0.4570681154727936,41,62,41,62,19,83,19,83,0.2289156626506024,12,28,40,3.0,2.6666666666666665,23,30,16,0.1839080459770115,5.0366445824034125,2542,1,1,0,0,0,1,2,0,2,0,2022,2023-2026,0,1.1911669782908601e-05,0.004749924912115252,0.08755364806866954,0.8443240343347638,0.1608369098712446,0,837
C46747A02A1,CBF24CD6AF1,ion-pairing and complexation,electronic-structure modulation,solvation_entropy,solid_state_mechanism,0.27720046043395996,30,73,30,73,16,147,16,147,0.10884353741496598,8,51,59,1.0,5.0,11,29,14,0.15730337078651685,4.842196484518982,2190,1,1,0,0,0,1,4,0,4,0,2022,2023-2026,0,1.6769614819694336e-06,0.0056810444670768664,0.090343347639485,0.8024892703862663,0.16051502145922747,0,838
C555F4672C1,CBF24CD6AF1,configurational-entropy modulation,electronic-structure modulation,phase_or_species_transition,solid_state_mechanism,0.5043761134147644,7,73,7,73,4,147,4,147,0.027210884353741496,3,51,54,0.6666666666666666,5.0,4,29,5,0.06666666666666667,1.5576306639072186,511,1,1,0,0,0,1,0,0,0,0,2022,2023-2026,0,0.0011346085252216193,0.007847012347182743,0.12424892703862661,0.5345708154506438,0.15879828326180256,0,839
C24DA40DB81,C9AFE334F36,Cu2S,phonon scattering,material_entity,solid_state_mechanism,0.21127739548683167,6,49,6,49,3,49,3,49,0.061224489795918366,1,18,19,-0.3333333333333333,1.6666666666666667,5,29,4,0.0784313725490196,1.406444662585341,294,1,1,0,0,1,0,0,0,0,0,2022,2023-2026,0,0.06478205085432942,0.003041109307010851,0.148068669527897,0.3909978540772532,0.15826180257510727,0,840
CF10FA3299B,CFE4361F368,V2O5,charge-carrier mobility,material_entity,solid_state_mechanism,0.1951122283935547,12,42,12,42,4,36,4,36,0.1111111111111111,1,13,14,0.0,1.6666666666666667,11,27,7,0.14893617021276595,2.531864193281681,504,1,1,0,0,1,0,0,0,0,0,2022,2023-2026,0,0.02224942932627168,0.0026547979952918407,0.11416309012875535,0.5704828326180258,0.15461373390557936,0,841
C23B9BED21A,C9AFE334F36,ionic conduction,phonon scattering,transport_mechanism,solid_state_mechanism,0.39264750480651855,35,49,35,49,36,49,36,49,0.7346938775510204,9,18,27,0.6666666666666666,1.6666666666666667,30,29,16,0.23529411764705882,5.3174518604782275,1715,1,1,0,0,0,1,2,0,2,0,2022,2023-2026,0,0.00014716463498990075,0.0032796065159252886,0.08090128755364807,0.839195278969957,0.15439914163090127,0,842
CA026FEDF4D,CBF24CD6AF1,CoO2,electronic-structure modulation,material_entity,solid_state_mechanism,0.28828614950180054,3,73,3,73,5,147,5,147,0.034013605442176874,0,51,51,0.0,5.0,16,29,0,0.0,0.0,219,1,1,0,0,1,0,0,0,0,0,2022,2023-2026,0,0.0006468715656495479,0.016038856549145553,0.1738197424892704,0.2718347639484978,0.1534334763948498,0,843
C0BF9EEDC2F,CBF24CD6AF1,Bi4V2O11,electronic-structure modulation,material_entity,solid_state_mechanism,0.26170480251312256,3,73,3,73,2,147,2,147,0.013605442176870748,1,51,52,0.3333333333333333,5.0,29,29,2,0.02702702702702703,0.8173114179120299,219,1,1,0,0,1,0,0,0,0,0,2022,2023-2026,0,0.0003466303294319722,0.014470300145304489,0.1575107296137339,0.33239270386266095,0.15311158798283261,0,844
C6775C55BEF,CB727037BDD,superionic transition,lattice thermal-conductivity suppression,solid_state_mechanism,solid_state_mechanism,0.4016156792640686,14,37,14,37,15,54,15,54,0.2777777777777778,2,25,27,-0.6666666666666666,3.6666666666666665,18,18,9,0.21428571428571427,2.6497565143292903,518,1,1,1,0,0,1,0,0,0,0,2022,2023-2026,0,0.006378795106333916,0.0024232810453418056,0.09206008583690986,0.710922746781116,0.15289699570815452,0,845
C7B3E023ED0,CC3BA67827F,Cu2Se,ionic-electronic coupling,material_entity,transport_mechanism,0.16413278877735138,18,38,18,38,17,27,17,27,0.6296296296296297,8,11,19,1.3333333333333333,2.3333333333333335,11,29,9,0.19148936170212766,2.4610829820163107,684,1,1,0,0,1,0,0,0,0,0,2022,2023-2026,0,0.03657192672271728,0.0016353336852823553,0.10493562231759655,0.6253969957081545,0.1526824034334764,0,846
CB530564ED0,CB727037BDD,skutterudite,lattice thermal-conductivity suppression,material_system,solid_state_mechanism,0.4379909038543701,15,37,15,37,26,54,26,54,0.48148148148148145,4,25,29,0.6666666666666666,3.6666666666666665,21,18,9,0.20930232558139536,3.4102022404794265,555,1,1,0,0,1,0,0,0,0,0,2022,2023-2026,0,0.0021157671346234558,0.0028747536831931764,0.08669527896995707,0.752843347639485,0.15155579399141628,0,847
C2AB2ABA9A6,CBF24CD6AF1,dimethyl sulfoxide (DMSO),electronic-structure modulation,material_entity,solid_state_mechanism,0.1606535017490387,11,73,11,73,7,147,7,147,0.047619047619047616,1,51,52,-1.3333333333333333,5.0,9,29,6,0.07692307692307693,1.80693191269306,803,1,1,0,0,1,0,1,0,1,0,2022,2023-2026,0,4.324406841926983e-05,0.010118494630989381,0.11974248927038626,0.5161587982832617,0.15032188841201716,0,848
C8739CADFFB,CB02CED7099,P3HT,carrier-concentration optimization,material_entity,solid_state_mechanism,0.2850300669670105,6,62,6,62,4,83,4,83,0.04819277108433735,3,28,31,0.6666666666666666,2.6666666666666665,3,30,3,0.046153846153846156,0.8352168318977786,372,1,1,0,0,1,0,0,0,0,0,2022,2023-2026,0,0.03229336861331984,0.003975336551451499,0.14141630901287552,0.3747103004291846,0.15026824034334763,0,849
C5E1580F832,CFE4361F368,CoSb3,charge-carrier mobility,material_entity,solid_state_mechanism,0.17216791212558746,8,42,8,42,7,36,7,36,0.19444444444444445,1,13,14,0.3333333333333333,1.6666666666666667,21,27,4,0.08695652173913043,1.1784517159973795,336,1,1,0,0,1,0,0,0,0,0,2022,2023-2026,0,0.03552246432820168,0.0041281440552943475,0.14399141630901285,0.35694206008583684,0.1502145922746781,0,850
C7977C03A03,CBF24CD6AF1,BaTiO3,electronic-structure modulation,material_entity,solid_state_mechanism,0.3058359920978546,3,73,3,73,2,147,2,147,0.013605442176870748,0,51,51,0.0,5.0,20,29,2,0.02702702702702703,0.6919399691667398,219,1,1,0,0,1,0,0,0,0,0,2022,2023-2026,0,0.0004021742681865879,0.01397560896553215,0.1532188841201717,0.33721030042918454,0.15010729613733906,0,851
C79788A0653,CBF24CD6AF1,Cu3SbSe4,electronic-structure modulation,material_entity,solid_state_mechanism,0.2517381012439728,2,73,2,73,3,147,3,147,0.02040816326530612,0,51,51,0.0,5.0,10,29,1,0.013513513513513514,0.2422988705246811,146,1,1,0,0,1,0,0,0,0,0,2022,2023-2026,0,0.0009158491410764984,0.015557258605203508,0.17060085836909872,0.25847639484978535,0.14876609442060085,0,852
CADCC57C7F1,CB727037BDD,SnSe,lattice thermal-conductivity suppression,material_entity,solid_state_mechanism,0.4479135274887085,15,37,15,37,11,54,11,54,0.2037037037037037,5,25,30,0.6666666666666666,3.6666666666666665,7,18,9,0.20930232558139536,3.2864532910817648,555,1,1,0,0,1,0,0,0,0,0,2022,2023-2026,0,0.009375465804760867,0.0017581925266845519,0.08390557939914162,0.7533154506437769,0.1482832618025751,0,853
C43C91C4A3E,C9AFE334F36,Mg3Sb2,phonon scattering,material_entity,solid_state_mechanism,0.1829262375831604,8,49,8,49,5,49,5,49,0.10204081632653061,1,18,19,-1.0,1.6666666666666667,5,29,6,0.11764705882352941,1.6963299990745353,392,1,1,0,0,1,0,0,0,0,0,2022,2023-2026,0,0.02636950300804205,0.002949722969261922,0.12360515021459227,0.4817381974248927,0.14796137339055793,0,854
CA62C8F275F,CFE4361F368,Co4Sb12,charge-carrier mobility,material_entity,solid_state_mechanism,0.15935692191123962,5,42,5,42,3,36,3,36,0.08333333333333333,1,13,14,0.3333333333333333,1.6666666666666667,11,27,4,0.09302325581395349,1.2223143376977277,210,1,1,0,0,1,0,0,0,0,0,2022,2023-2026,0,0.0930487900727768,0.00232453577099506,0.14549356223175963,0.34084763948497854,0.14785407725321886,0,855
C075A0D1B79,CFE4361F368,Sb2Te3,charge-carrier mobility,material_entity,solid_state_mechanism,0.28792455792427063,17,42,17,42,9,36,9,36,0.25,1,13,14,-0.3333333333333333,1.6666666666666667,12,27,6,0.11320754716981132,1.612130550148401,714,1,1,0,0,1,0,0,0,0,0,2022,2023-2026,0,0.009380726531246402,0.003941039272218841,0.11759656652360514,0.5159227467811158,0.14780042918454933,0,856
C6B56755D0B,C9AFE334F36,Cu7PSe6,phonon scattering,material_entity,solid_state_mechanism,0.22274178266525269,8,49,8,49,4,49,4,49,0.08163265306122448,1,18,19,-0.3333333333333333,1.6666666666666667,8,29,7,0.14,2.148204619222833,392,1,1,0,0,1,0,0,0,0,0,2022,2023-2026,0,0.02038930975936159,0.0021471678252350185,0.10772532188841201,0.5599248927038626,0.14763948497854076,0,857
C5DEA4DF37C,CB02CED7099,Zn4Sb3,carrier-concentration optimization,material_entity,solid_state_mechanism,0.20544548332691193,8,62,8,62,5,83,5,83,0.060240963855421686,4,28,32,1.0,2.6666666666666665,5,30,6,0.09375,1.6700648387571948,496,1,1,0,0,1,0,0,0,0,0,2022,2023-2026,0,0.01139423070475383,0.0037777202154186083,0.1186695278969957,0.5045171673819743,0.14688841201716737,0,858
CB02CED7099,CB727037BDD,carrier-concentration optimization,lattice thermal-conductivity suppression,solid_state_mechanism,solid_state_mechanism,0.43916094303131104,62,37,37,62,83,54,54,83,0.6506024096385542,28,25,53,2.6666666666666665,3.6666666666666665,30,18,25,0.33783783783783783,10.837509779714965,2294,1,1,1,0,0,1,0,0,0,0,2022,2023-2026,0,3.372843018515714e-06,0.0029146611077307517,0.06888412017167382,0.8988841201716739,0.14688841201716735,0,859
C90CB9C3175,CFE4361F368,half-Heusler alloy,charge-carrier mobility,material_system,solid_state_mechanism,0.2254508137702942,7,42,7,42,11,36,11,36,0.3055555555555556,3,13,16,0.0,1.6666666666666667,16,27,4,0.08888888888888889,1.1199184601670031,294,1,1,0,0,1,0,0,0,0,0,2022,2023-2026,0,0.07732728367555552,0.002215912326097822,0.13948497854077252,0.37452789699570815,0.1467811158798283,0,860
C2276A75659,C9AFE334F36,SrTiO3,phonon scattering,material_entity,solid_state_mechanism,0.20593200623989105,7,49,7,49,9,49,9,49,0.1836734693877551,2,18,20,0.0,1.6666666666666667,17,29,5,0.09803921568627451,1.443095618777185,343,1,1,0,0,1,0,0,0,0,0,2022,2023-2026,0,0.024537635382772836,0.003506515255073299,0.12875536480686695,0.4340128755364807,0.1456008583690987,0,861
C5A69E4FCAA,CB02CED7099,Ag2O,carrier-concentration optimization,material_entity,solid_state_mechanism,0.21760055422782898,9,62,9,62,6,83,6,83,0.07228915662650602,0,28,28,0.0,2.6666666666666665,26,30,5,0.07575757575757576,1.6615440890010968,558,1,1,0,0,1,0,1,0,1,0,2022,2023-2026,0,0.002024472134406198,0.006892528239155684,0.1203862660944206,0.47786480686695276,0.14356223175965666,0,862
C2F611E9EEA,CB02CED7099,clathrate,carrier-concentration optimization,material_system,solid_state_mechanism,0.21196575462818146,13,62,13,62,11,83,11,83,0.13253012048192772,0,28,28,-0.3333333333333333,2.6666666666666665,19,30,8,0.11940298507462686,2.3946427863269975,806,1,1,0,0,1,0,1,0,1,0,2022,2023-2026,0,0.0004508864719548911,0.004795437053203663,0.098068669527897,0.6126394849785407,0.14324034334763946,0,863
C5219F02F17,CB727037BDD,Zintl phase,lattice thermal-conductivity suppression,material_system,solid_state_mechanism,0.42377620935440063,17,37,17,37,23,54,23,54,0.42592592592592593,9,25,34,1.0,3.6666666666666665,19,18,7,0.14893617021276595,2.363935762238713,629,1,1,0,0,1,0,0,0,0,0,2022,2023-2026,0,0.009079901258033578,0.0018891636674582507,0.08819742489270385,0.6605579399141631,0.1417381974248927,0,864
C8AD5B453CC,CBF24CD6AF1,ion diffusion,electronic-structure modulation,transport_mechanism,solid_state_mechanism,0.23449917137622833,41,73,41,73,19,147,19,147,0.1292517006802721,12,51,63,3.0,5.0,23,29,19,0.2,6.245468436320681,2993,1,1,0,0,0,1,2,0,2,0,2022,2023-2026,0,2.7771048578057525e-08,0.00316704103305531,0.06759656652360516,0.8305579399141632,0.14141630901287552,0,865
C1FC9BD492E,CBF24CD6AF1,alloy/disorder phonon scattering,electronic-structure modulation,solid_state_mechanism,solid_state_mechanism,0.4040670692920685,5,73,5,73,4,147,4,147,0.027210884353741496,1,51,52,0.3333333333333333,5.0,22,29,4,0.05405405405405406,1.0694882568005033,365,1,1,1,0,0,1,0,0,0,0,2022,2023-2026,0,0.0004839757258091784,0.008153193706652852,0.12339055793991416,0.4442167381974249,0.14055793991416307,0,866
C962BA9CB74,CBF24CD6AF1,TeO2,electronic-structure modulation,material_entity,solid_state_mechanism,0.3170306086540222,21,73,21,73,6,147,6,147,0.04081632653061224,0,51,51,0.0,5.0,15,29,10,0.11904761904761904,3.428494455781987,1533,1,1,0,0,1,0,0,0,0,0,2022,2023-2026,0,9.050454991468057e-07,0.003422991224514729,0.07210300429184549,0.7394098712446351,0.13862660944206007,0,867
C5219F02F17,C9AFE334F36,Zintl phase,phonon scattering,material_system,solid_state_mechanism,0.43066826462745667,17,49,17,49,23,49,23,49,0.46938775510204084,9,18,27,1.0,1.6666666666666667,19,29,11,0.2,3.6515360173347737,833,1,1,0,0,1,0,0,0,0,0,2022,2023-2026,0,0.005256249370703631,0.001067916970138383,0.06802575107296135,0.7758154506437768,0.13723175965665235,0,868
C962BA9CB74,CB02CED7099,TeO2,carrier-concentration optimization,material_entity,solid_state_mechanism,0.22703060507774353,21,62,21,62,6,83,6,83,0.07228915662650602,0,28,28,0.0,2.6666666666666665,15,30,8,0.10666666666666667,2.748160465716794,1302,1,1,0,0,1,0,0,0,0,0,2022,2023-2026,0,0.00012728905374987239,0.003696037319394559,0.08433476394849786,0.6425751072961373,0.1363733905579399,0,869
C7B3E023ED0,C9AFE334F36,Cu2Se,phonon scattering,material_entity,solid_state_mechanism,0.2398245930671692,18,49,18,49,17,49,17,49,0.3469387755102041,8,18,26,1.3333333333333333,1.6666666666666667,11,29,14,0.2641509433962264,4.5524264418024725,882,1,1,0,0,1,0,0,0,0,0,2022,2023-2026,0,0.003046935646769572,0.001647308057822356,0.06630901287553648,0.7791201716738198,0.13572961373390555,0,870
C23B9BED21A,CB02CED7099,ionic conduction,carrier-concentration optimization,transport_mechanism,solid_state_mechanism,0.3988600969314575,35,62,35,62,36,83,36,83,0.43373493975903615,9,28,37,0.6666666666666666,2.6666666666666665,30,30,24,0.3287671232876712,9.247913614988745,2170,1,1,0,0,0,1,2,0,2,0,2022,2023-2026,0,1.5954136956345721e-06,0.0026325923732728905,0.05901287553648069,0.8833905579399142,0.13572961373390555,0,871
C6B56755D0B,CFE4361F368,Cu7PSe6,charge-carrier mobility,material_entity,solid_state_mechanism,0.16493253409862518,8,42,8,42,4,36,4,36,0.1111111111111111,1,13,14,-0.3333333333333333,1.6666666666666667,8,27,6,0.13636363636363635,1.868324895924263,336,1,1,0,0,1,0,0,0,0,0,2022,2023-2026,0,0.0491083257772122,0.001223926380368098,0.11072961373390558,0.480450643776824,0.1351931330472103,0,872
CF4A6A0344F,CFE4361F368,ion migration,charge-carrier mobility,transport_mechanism,solid_state_mechanism,0.49984851479530334,27,42,27,42,17,36,17,36,0.4722222222222222,9,13,22,2.3333333333333335,1.6666666666666667,29,27,12,0.21052631578947367,3.93550864458168,1134,1,1,0,0,0,1,1,0,1,0,2022,2023-2026,0,0.008702770209852185,0.0009034195933456561,0.06523605150214591,0.8010515021459227,0.1342274678111588,0,873
C9AFE334F36,CB530564ED0,phonon scattering,skutterudite,solid_state_mechanism,material_system,0.43820202350616455,49,15,15,49,49,26,26,49,0.5306122448979592,18,4,22,1.6666666666666667,0.6666666666666666,29,21,9,0.16363636363636364,3.1348613178563354,735,1,1,0,0,1,0,0,0,0,0,2022,2023-2026,0,0.002867029087014229,0.001793572044866264,0.06995708154506437,0.7217381974248926,0.1342274678111588,0,874
C7B3E023ED0,CFE4361F368,Cu2Se,charge-carrier mobility,material_entity,solid_state_mechanism,0.2110835313796997,18,42,18,42,17,36,17,36,0.4722222222222222,8,13,21,1.3333333333333333,1.6666666666666667,11,27,10,0.2,2.845657998121603,756,1,1,0,0,1,0,0,0,0,0,2022,2023-2026,0,0.01767725215492398,0.0009034195933456561,0.07768240343347638,0.6815557939914165,0.1336909871244635,0,875
C3D74C503D4,CBF24CD6AF1,Bi2Te3,electronic-structure modulation,material_entity,solid_state_mechanism,0.3454386591911316,38,73,38,73,24,147,24,147,0.16326530612244897,6,51,57,0.0,5.0,15,29,17,0.18085106382978725,5.43143735527215,2774,1,1,0,0,1,0,0,0,0,0,2022,2023-2026,0,4.315269418043349e-09,0.002685989399293286,0.05879828326180258,0.8392381974248927,0.13229613733905576,0,876
C90CB9C3175,C9AFE334F36,half-Heusler alloy,phonon scattering,material_system,solid_state_mechanism,0.37665873765945435,7,49,7,49,11,49,11,49,0.22448979591836735,3,18,21,0.0,1.6666666666666667,16,29,6,0.12,1.8896562937213168,343,1,1,0,0,1,0,0,0,0,0,2022,2023-2026,0,0.028240393059465692,0.0010497012493210214,0.09356223175965664,0.5498390557939914,0.13025751072961372,0,877
C4CEC954E12,CBF24CD6AF1,platinum electrode,electronic-structure modulation,material_entity,solid_state_mechanism,0.2679462134838104,23,73,23,73,9,147,9,147,0.061224489795918366,1,51,52,-0.3333333333333333,5.0,26,29,12,0.14285714285714285,4.293935840488829,1679,1,1,0,0,1,0,6,0,6,0,2022,2023-2026,0,7.946692903083295e-07,0.0028282739208227953,0.06330472103004292,0.7705472103004292,0.1292918454935622,0,878
C3DB4F04D16,CFE4361F368,rattling-mode phonon suppression,charge-carrier mobility,solid_state_mechanism,solid_state_mechanism,0.3210720419883728,20,42,20,42,22,36,22,36,0.6111111111111112,7,13,20,1.6666666666666667,1.6666666666666667,21,27,10,0.19230769230769232,3.3133392579985186,840,1,1,1,0,0,1,0,0,0,0,2022,2023-2026,0,0.02089773163203164,0.0,0.06545064377682402,0.7313733905579398,0.1290772532188841,0,879
C2F611E9EEA,CBF24CD6AF1,clathrate,electronic-structure modulation,material_system,solid_state_mechanism,0.23782974481582642,13,73,13,73,11,147,11,147,0.07482993197278912,0,51,51,-0.3333333333333333,5.0,19,29,8,0.10256410256410256,2.4038663851431696,949,1,1,0,0,1,0,1,0,1,0,2022,2023-2026,0,6.194690990005794e-06,0.0036842624645382154,0.07832618025751073,0.6349570815450643,0.12816523605150212,0,880
C3D74C503D4,CB02CED7099,Bi2Te3,carrier-concentration optimization,material_entity,solid_state_mechanism,0.2576659917831421,38,62,38,62,24,83,24,83,0.2891566265060241,6,28,34,0.0,2.6666666666666665,15,30,13,0.14942528735632185,3.9622007305971523,2356,1,1,0,0,1,0,0,0,0,0,2022,2023-2026,0,2.001783713666776e-06,0.002685989399293286,0.06309012875536481,0.7658798283261803,0.1278969957081545,0,881
C3D74C503D4,CFE4361F368,Bi2Te3,charge-carrier mobility,material_entity,solid_state_mechanism,0.2946896553039551,38,42,38,42,24,36,24,36,0.6666666666666666,6,13,19,0.0,1.6666666666666667,15,27,8,0.1111111111111111,2.264091194052896,1596,1,1,0,0,1,0,0,0,0,0,2022,2023-2026,0,0.0006304095504184826,0.0028062876595455603,0.07832618025751073,0.6318991416309012,0.12752145922746777,0,882
C9AFE334F36,CB02CED7099,phonon scattering,carrier-concentration optimization,solid_state_mechanism,solid_state_mechanism,0.3964090645313263,49,62,49,62,49,83,49,83,0.5903614457831325,18,28,46,1.6666666666666667,2.6666666666666665,29,30,33,0.4230769230769231,12.483708964554204,3038,1,1,1,0,0,1,0,0,0,0,2022,2023-2026,0,3.7977885733098245e-08,0.0016875000000000002,0.041201716738197426,0.8969635193133048,0.12746781115879824,0,883
C3D74C503D4,CB727037BDD,Bi2Te3,lattice thermal-conductivity suppression,material_entity,solid_state_mechanism,0.43709591031074524,38,37,37,38,24,54,24,54,0.4444444444444444,6,25,31,0.0,3.6666666666666665,15,18,12,0.19047619047619047,4.160271863801122,1406,1,1,0,0,1,0,0,0,0,0,2022,2023-2026,0,0.00010979826127585307,0.0018335159010600707,0.05643776824034335,0.8068133047210302,0.1271459227467811,0,884
CB02CED7099,CBF24CD6AF1,carrier-concentration optimization,electronic-structure modulation,solid_state_mechanism,solid_state_mechanism,0.5305975675582886,62,73,62,73,83,147,83,147,0.564625850340136,28,51,79,2.6666666666666665,5.0,30,29,36,0.36363636363636365,14.596683918646047,4526,1,1,1,0,0,1,0,0,0,0,2022,2023-2026,0,4.835393244169602e-12,0.00170756338550438,0.040557939914163094,0.9182618025751073,0.12510729613733904,0,885
CB530564ED0,CFE4361F368,skutterudite,charge-carrier mobility,material_system,solid_state_mechanism,0.24908128380775452,15,42,15,42,26,36,26,36,0.7222222222222222,4,13,17,0.6666666666666666,1.6666666666666667,21,27,8,0.16326530612244897,2.798258812909618,630,1,1,0,0,1,0,0,0,0,0,2022,2023-2026,0,0.009256236598541601,0.0010056876938986557,0.07145922746781115,0.6385836909871244,0.12499999999999999,0,886
CD515CCF7C2,CFE4361F368,polaron hopping,charge-carrier mobility,solid_state_mechanism,solid_state_mechanism,0.5967594385147095,18,42,18,42,18,36,18,36,0.5,2,13,15,-1.0,1.6666666666666667,27,27,12,0.25,4.649793066140038,756,1,1,1,0,0,1,0,0,0,0,2022,2023-2026,0,0.00666537481143647,0.0,0.04678111587982832,0.7931545064377683,0.12285407725321887,0,887
C44799FE290,CFE4361F368,defect engineering,charge-carrier mobility,solid_state_mechanism,solid_state_mechanism,0.333734929561615,22,42,22,42,13,36,13,36,0.3611111111111111,5,13,18,1.6666666666666667,1.6666666666666667,27,27,14,0.28,5.19367036483866,924,1,1,1,0,0,1,0,0,0,0,2022,2023-2026,0,0.004851938530580904,0.0,0.04120171673819742,0.8025429184549357,0.12103004291845491,0,888
C44799FE290,CB02CED7099,defect engineering,carrier-concentration optimization,solid_state_mechanism,solid_state_mechanism,0.326070636510849,22,62,22,62,13,83,13,83,0.1566265060240964,5,28,33,1.6666666666666667,2.6666666666666665,27,30,17,0.2537313432835821,5.630564696890183,1364,1,1,1,0,0,1,0,0,0,0,2022,2023-2026,0,5.975194104622519e-05,0.0010284640171858215,0.04012875536480687,0.8394742489270387,0.11936695278969955,0,889
C6775C55BEF,C9AFE334F36,superionic transition,phonon scattering,solid_state_mechanism,solid_state_mechanism,0.46611887216567993,14,49,14,49,15,49,15,49,0.30612244897959184,2,18,20,-0.6666666666666666,1.6666666666666667,18,29,11,0.21153846153846154,3.3834492301446346,686,1,1,1,0,0,1,0,0,0,0,2022,2023-2026,0,0.0060447522092382305,0.0,0.045278969957081534,0.7619206008583691,0.11899141630901286,0,890
CB727037BDD,CFE4361F368,lattice thermal-conductivity suppression,charge-carrier mobility,solid_state_mechanism,solid_state_mechanism,0.4609074592590332,37,42,37,42,54,36,36,54,0.6666666666666666,25,13,38,3.6666666666666665,1.6666666666666667,18,27,18,0.29508196721311475,6.70300289819672,1554,1,1,1,0,0,1,0,0,0,0,2022,2023-2026,0,0.002321675057277449,0.0,0.03454935622317595,0.8796781115879829,0.11899141630901285,0,891
C5219F02F17,CB02CED7099,Zintl phase,carrier-concentration optimization,material_system,solid_state_mechanism,0.2335139364004135,17,62,17,62,23,83,23,83,0.27710843373493976,9,28,37,1.0,2.6666666666666665,19,30,11,0.16176470588235295,3.5421592208764974,1054,1,1,0,0,1,0,0,0,0,0,2022,2023-2026,0,0.0004856388377845798,0.001067916970138383,0.05150214592274678,0.7353218884120172,0.11781115879828324,0,892
CA62C8F275F,CB727037BDD,Co4Sb12,lattice thermal-conductivity suppression,material_entity,solid_state_mechanism,0.1632421314716339,5,37,5,37,3,54,3,54,0.05555555555555555,1,25,26,0.3333333333333333,3.6666666666666665,11,18,4,0.10526315789473684,1.2129228307079243,185,1,1,0,0,1,0,0,0,0,0,2022,2023-2026,0,0.02733645402117737,0.001975021617873892,0.11094420600858368,0.3691952789699571,0.1177038626609442,0,893
C5219F02F17,CBF24CD6AF1,Zintl phase,electronic-structure modulation,material_system,solid_state_mechanism,0.31021642684936523,17,73,17,73,23,147,23,147,0.1564625850340136,9,51,60,1.0,5.0,19,29,13,0.16883116883116883,4.786628682506901,1241,1,1,0,0,1,0,0,0,0,0,2022,2023-2026,0,3.970241719993425e-06,0.001067916970138383,0.04012875536480687,0.8033798283261802,0.11689914163090126,0,894
C2378F90E64,CB02CED7099,anharmonic phonon transport,carrier-concentration optimization,solid_state_mechanism,solid_state_mechanism,0.36348864436149597,29,62,29,62,29,83,29,83,0.3493975903614458,16,28,44,2.6666666666666665,2.6666666666666665,9,30,16,0.21333333333333335,5.163591610138074,1798,1,1,1,0,0,1,0,0,0,0,2022,2023-2026,0,0.0002986728880226711,0.0007438884644766998,0.033690987124463515,0.842392703862661,0.1162017167381974,0,895
C6775C55BEF,CB02CED7099,superionic transition,carrier-concentration optimization,solid_state_mechanism,solid_state_mechanism,0.389302134513855,14,62,14,62,15,83,15,83,0.18072289156626506,2,28,30,-0.6666666666666666,2.6666666666666665,18,30,12,0.1875,3.699863502884526,868,1,1,1,0,0,1,0,0,0,0,2022,2023-2026,0,0.0006012832637949387,0.0008635159010600707,0.04034334763948498,0.7759120171673819,0.11512875536480685,0,896
C2276A75659,CBF24CD6AF1,SrTiO3,electronic-structure modulation,material_entity,solid_state_mechanism,0.2889443039894104,7,73,7,73,9,147,9,147,0.061224489795918366,2,51,53,0.0,5.0,17,29,4,0.05263157894736842,1.0770982730022711,511,1,1,0,0,1,0,0,0,0,0,2022,2023-2026,0,0.00011386277278218616,0.005844396861453661,0.09871244635193133,0.43697424892703857,0.11502145922746781,0,897
C9AFE334F36,CFE4361F368,phonon scattering,charge-carrier mobility,solid_state_mechanism,solid_state_mechanism,0.48161014914512634,49,42,42,49,49,36,36,49,0.7346938775510204,18,13,31,1.6666666666666667,1.6666666666666667,29,27,18,0.2465753424657534,6.257250052901206,2058,1,1,1,0,0,1,0,0,0,0,2022,2023-2026,0,8.375086850318493e-05,0.0008199152542372881,0.031115879828326178,0.8685515021459227,0.11491416309012874,0,898
C7B3E023ED0,CB02CED7099,Cu2Se,carrier-concentration optimization,material_entity,solid_state_mechanism,0.23164144158363342,18,62,18,62,17,83,17,83,0.20481927710843373,8,28,36,1.3333333333333333,2.6666666666666665,11,30,12,0.17647058823529413,3.4508554893601726,1116,1,1,0,0,1,0,0,0,0,0,2022,2023-2026,0,0.00041418238533854674,0.0009034195933456561,0.04098712446351931,0.7458261802575107,0.11459227467811156,0,899
CB727037BDD,CBF24CD6AF1,lattice thermal-conductivity suppression,electronic-structure modulation,solid_state_mechanism,solid_state_mechanism,0.38901716470718384,37,73,37,73,54,147,54,147,0.3673469387755102,25,51,76,3.6666666666666665,5.0,18,29,24,0.27906976744186046,9.145762974783414,2701,1,1,1,0,0,1,0,0,0,0,2022,2023-2026,0,1.0017955887454929e-07,0.0009087743732590529,0.027896995708154505,0.8894098712446351,0.11266094420600857,0,900
CB02CED7099,CC3BA67827F,carrier-concentration optimization,ionic-electronic coupling,solid_state_mechanism,transport_mechanism,0.4413222670555115,62,38,38,62,83,27,27,83,0.3253012048192771,28,11,39,2.6666666666666665,2.3333333333333335,30,29,16,0.19047619047619047,4.9019730398212475,2356,1,1,0,0,0,1,0,0,0,0,2022,2023-2026,0,5.473292512740184e-06,0.0008876481312670919,0.029184549356223177,0.8436051502145923,0.11148068669527894,0,901
C24DA40DB81,CBF24CD6AF1,Cu2S,electronic-structure modulation,material_entity,solid_state_mechanism,0.24798306822776794,6,73,6,73,3,147,3,147,0.02040816326530612,1,51,52,-0.3333333333333333,5.0,5,29,3,0.039473684210526314,0.8722079355104599,438,1,1,0,0,1,0,0,0,0,0,2022,2023-2026,0,0.0003698340573041517,0.005850419811864583,0.10386266094420601,0.3782296137339056,0.11072961373390557,0,902
C44799FE290,C9AFE334F36,defect engineering,phonon scattering,solid_state_mechanism,solid_state_mechanism,0.2983168065547943,22,49,22,49,13,49,13,49,0.2653061224489796,5,18,23,1.6666666666666667,1.6666666666666667,27,29,15,0.26785714285714285,5.00568077003235,1078,1,1,1,0,0,1,0,0,0,0,2022,2023-2026,0,0.0009969219170891596,0.0,0.029613733905579396,0.8096781115879829,0.10997854077253216,0,903
CC3BA67827F,CFE4361F368,ionic-electronic coupling,charge-carrier mobility,transport_mechanism,solid_state_mechanism,0.5229207277297974,38,42,38,42,27,36,27,36,0.75,11,13,24,2.3333333333333335,1.6666666666666667,29,27,12,0.17647058823529413,3.480723630282846,1596,1,1,0,0,0,1,0,0,0,0,2022,2023-2026,0,0.0015387112645219943,0.0,0.031330472103004284,0.7895171673819743,0.10976394849785405,0,904
C9AFE334F36,CBF24CD6AF1,phonon scattering,electronic-structure modulation,solid_state_mechanism,solid_state_mechanism,0.37173083424568176,49,73,49,73,49,147,49,147,0.3333333333333333,18,51,69,1.6666666666666667,5.0,29,29,30,0.32608695652173914,11.006277014503745,3577,1,1,1,0,0,1,0,0,0,0,2022,2023-2026,0,1.6271722461260534e-10,0.0007438884644766998,0.018884120171673822,0.8946995708154506,0.10901287553648066,0,905
C43C91C4A3E,CB02CED7099,Mg3Sb2,carrier-concentration optimization,material_entity,solid_state_mechanism,0.19807541370391846,8,62,8,62,5,83,5,83,0.060240963855421686,1,28,29,-1.0,2.6666666666666665,5,30,6,0.09375,1.7109802997347296,496,1,1,0,0,1,0,0,0,0,0,2022,2023-2026,0,0.00552295495269184,0.0018033888416058225,0.07875536480686696,0.503862660944206,0.10772532188841201,0,906
C23B9BED21A,CBF24CD6AF1,ionic conduction,electronic-structure modulation,transport_mechanism,solid_state_mechanism,0.3014668822288513,35,73,35,73,36,147,36,147,0.24489795918367346,9,51,60,0.6666666666666666,5.0,30,29,21,0.2413793103448276,7.095789135819206,2555,1,1,0,0,0,1,2,0,2,0,2022,2023-2026,0,9.757309229915796e-09,0.0007033527696793003,0.018240343347639486,0.8628648068669528,0.1067596566523605,0,907
C075A0D1B79,CB02CED7099,Sb2Te3,carrier-concentration optimization,material_entity,solid_state_mechanism,0.24765411019325256,17,62,17,62,9,83,9,83,0.10843373493975904,1,28,29,-0.3333333333333333,2.6666666666666665,12,30,7,0.09722222222222222,1.9125475872392759,1054,1,1,0,0,1,0,0,0,0,0,2022,2023-2026,0,0.00039811250038980115,0.0019215452539170857,0.06459227467811159,0.5779935622317596,0.10504291845493562,0,908
C3DB4F04D16,CB02CED7099,rattling-mode phonon suppression,carrier-concentration optimization,solid_state_mechanism,solid_state_mechanism,0.2980439364910126,20,62,20,62,22,83,22,83,0.26506024096385544,7,28,35,1.6666666666666667,2.6666666666666665,21,30,13,0.18840579710144928,4.739664198955063,1240,1,1,1,0,0,1,0,0,0,0,2022,2023-2026,0,0.00035841115059072955,0.0,0.024678111587982828,0.7957618025751073,0.10482832618025749,0,909
C5E1580F832,CBF24CD6AF1,CoSb3,electronic-structure modulation,material_entity,solid_state_mechanism,0.2901729345321655,8,73,8,73,7,147,7,147,0.047619047619047616,1,51,52,0.3333333333333333,5.0,21,29,6,0.08,2.083692422922192,584,1,1,0,0,1,0,0,0,0,0,2022,2023-2026,0,4.482743901562866e-05,0.0019702587586662135,0.05815450643776824,0.5767381974248926,0.09989270386266093,0,910
C2378F90E64,CBF24CD6AF1,anharmonic phonon transport,electronic-structure modulation,solid_state_mechanism,solid_state_mechanism,0.3614419102668762,29,73,29,73,29,147,29,147,0.19727891156462585,16,51,67,2.6666666666666665,5.0,9,29,17,0.2,5.69530916417061,2117,1,1,1,0,0,1,0,0,0,0,2022,2023-2026,0,1.6401063529475242e-06,0.0,0.012875536480686695,0.8535729613733907,0.09957081545064375,0,911
C9AFE334F36,CC3BA67827F,phonon scattering,ionic-electronic coupling,solid_state_mechanism,transport_mechanism,0.4104752242565155,49,38,38,49,49,27,27,49,0.5510204081632653,18,11,29,1.6666666666666667,2.3333333333333335,29,29,10,0.12987012987012986,2.939981312343909,1862,1,1,0,0,0,1,0,0,0,0,2022,2023-2026,0,0.0004909145973751571,0.0,0.026824034334763942,0.7360729613733906,0.09957081545064375,0,912
C787F187281,CBF24CD6AF1,Ag2S,electronic-structure modulation,material_entity,solid_state_mechanism,0.26762211322784424,7,73,7,73,2,147,2,147,0.013605442176870748,0,51,51,-0.3333333333333333,5.0,22,29,6,0.08108108108108109,1.7013075242493143,511,1,1,0,0,1,0,0,0,0,0,2022,2023-2026,0,4.958869423415552e-05,0.002638153006187447,0.06523605150214593,0.5364914163090129,0.09914163090128755,0,913
C3DB4F04D16,CBF24CD6AF1,rattling-mode phonon suppression,electronic-structure modulation,solid_state_mechanism,solid_state_mechanism,0.35050052404403687,20,73,20,73,22,147,22,147,0.14965986394557823,7,51,58,1.6666666666666667,5.0,21,29,12,0.14814814814814814,4.020116271021762,1460,1,1,1,0,0,1,0,0,0,0,2022,2023-2026,0,3.8056047381837224e-06,0.0,0.01502145922746781,0.7854291845493564,0.09796137339055792,0,914
C7B3E023ED0,CBF24CD6AF1,Cu2Se,electronic-structure modulation,material_entity,solid_state_mechanism,0.25878608226776123,18,73,18,73,17,147,17,147,0.11564625850340136,8,51,59,1.3333333333333333,5.0,11,29,14,0.18181818181818182,4.346648453480642,1314,1,1,0,0,1,0,0,0,0,0,2022,2023-2026,0,2.9832264258026816e-06,0.0,0.014377682403433475,0.7913519313304722,0.09731759656652358,0,915
C44799FE290,CBF24CD6AF1,defect engineering,electronic-structure modulation,solid_state_mechanism,solid_state_mechanism,0.41381824016571045,22,73,22,73,13,147,13,147,0.08843537414965986,5,51,56,1.6666666666666667,5.0,27,29,14,0.1728395061728395,5.1328902594600265,1606,1,1,1,0,0,1,0,0,0,0,2022,2023-2026,0,1.3469087548195537e-06,0.0,0.012446351931330472,0.8312124463519314,0.09710300429184547,0,916
C6775C55BEF,CBF24CD6AF1,superionic transition,electronic-structure modulation,solid_state_mechanism,solid_state_mechanism,0.39627429842948914,14,73,14,73,15,147,15,147,0.10204081632653061,2,51,53,-0.6666666666666666,5.0,18,29,11,0.14473684210526316,3.3631108454395044,1022,1,1,1,0,0,1,0,0,0,0,2022,2023-2026,0,9.140891679198003e-06,0.0,0.015879828326180255,0.7631115879828326,0.09688841201716736,0,917
C7342726E8E,CBF24CD6AF1,Mg2Si,electronic-structure modulation,material_entity,solid_state_mechanism,0.2334480881690979,4,73,4,73,7,147,7,147,0.047619047619047616,2,51,53,0.3333333333333333,5.0,10,29,3,0.04054054054054054,0.9734586341485763,292,1,1,0,0,1,0,0,0,0,0,2022,2023-2026,0,0.0004787556927103695,0.003903042715633529,0.09141630901287554,0.36680257510729614,0.096137339055794,0,918
C6B56755D0B,CB02CED7099,Cu7PSe6,carrier-concentration optimization,material_entity,solid_state_mechanism,0.19537492096424103,8,62,8,62,4,83,4,83,0.04819277108433735,1,28,29,-0.3333333333333333,2.6666666666666665,8,30,7,0.1111111111111111,2.162854919883027,496,1,1,0,0,1,0,0,0,0,0,2022,2023-2026,0,0.004137316027727309,0.0009232414448669202,0.05793991416309013,0.5586802575107296,0.09603004291845493,0,919
C787F187281,CB02CED7099,Ag2S,carrier-concentration optimization,material_entity,solid_state_mechanism,0.21482029557228088,7,62,7,62,2,83,2,83,0.024096385542168676,0,28,28,-0.3333333333333333,2.6666666666666665,22,30,6,0.09523809523809523,1.6920839254331423,434,1,1,0,0,1,0,0,0,0,0,2022,2023-2026,0,0.002668896766703133,0.0016558322890559728,0.06587982832618025,0.5001394849785408,0.09420600858369096,0,920
C075A0D1B79,CBF24CD6AF1,Sb2Te3,electronic-structure modulation,material_entity,solid_state_mechanism,0.330410361289978,17,73,17,73,9,147,9,147,0.061224489795918366,1,51,52,-0.3333333333333333,5.0,12,29,11,0.13924050632911392,3.2011703508526845,1241,1,1,0,0,1,0,0,0,0,0,2022,2023-2026,0,1.9167492694789125e-06,0.0,0.013519313304721028,0.7503969957081545,0.09206008583690985,0,921
CB530564ED0,CBF24CD6AF1,skutterudite,electronic-structure modulation,material_system,solid_state_mechanism,0.322791188955307,15,73,15,73,26,147,26,147,0.17687074829931973,4,51,55,0.6666666666666666,5.0,21,29,10,0.1282051282051282,3.472035830526099,1095,1,1,0,0,1,0,0,0,0,0,2022,2023-2026,0,2.395060524083517e-06,0.0,0.013948497854077252,0.7445815450643776,0.09184549356223175,0,922
C399CA6EBBF,CBF24CD6AF1,NbO2,electronic-structure modulation,material_entity,solid_state_mechanism,0.26978129148483276,4,73,4,73,2,147,2,147,0.013605442176870748,0,51,51,-0.3333333333333333,5.0,7,29,3,0.04054054054054054,0.8672778708430493,292,1,1,0,0,1,0,0,0,0,0,2022,2023-2026,0,0.00043923341423361684,0.0034947612856999033,0.08669527896995707,0.3693347639484979,0.09125536480686694,0,923
C2276A75659,CB02CED7099,SrTiO3,carrier-concentration optimization,material_entity,solid_state_mechanism,0.20020924508571625,7,62,7,62,9,83,9,83,0.10843373493975904,2,28,30,0.0,2.6666666666666665,17,30,5,0.078125,1.4577459194373794,434,1,1,0,0,1,0,0,0,0,0,2022,2023-2026,0,0.0050877315401892,0.0015144877509260224,0.06995708154506439,0.44633047210300425,0.09045064377682402,0,924
C9FB1DC4D4B,CBF24CD6AF1,Ca3Co4O9,electronic-structure modulation,material_entity,solid_state_mechanism,0.26262354850769043,6,73,6,73,7,147,7,147,0.047619047619047616,0,51,51,-0.3333333333333333,5.0,16,29,4,0.05333333333333334,1.0984149202790103,438,1,1,0,0,1,0,0,0,0,0,2022,2023-2026,0,0.00010092966730797385,0.0030776263430823724,0.07682403433476395,0.42444206008583685,0.08937768240343347,0,925
CA62C8F275F,CB02CED7099,Co4Sb12,carrier-concentration optimization,material_entity,solid_state_mechanism,0.186223566532135,5,62,5,62,3,83,3,83,0.03614457831325301,1,28,29,0.3333333333333333,2.6666666666666665,11,30,4,0.06349206349206349,1.2475618535921005,310,1,1,0,0,1,0,0,0,0,0,2022,2023-2026,0,0.013556683181095508,0.0010497012493210214,0.08004291845493561,0.3857618025751073,0.0890557939914163,0,926
C5E1580F832,CB02CED7099,CoSb3,carrier-concentration optimization,material_entity,solid_state_mechanism,0.20413683354854584,8,62,8,62,7,83,7,83,0.08433734939759036,1,28,29,0.3333333333333333,2.6666666666666665,21,30,6,0.09375,2.0106028685672785,496,1,1,0,0,1,0,0,0,0,0,2022,2023-2026,0,0.0025116482255269734,0.0009250232126276696,0.054935622317596564,0.5283261802575108,0.08841201716738198,0,927
CADCC57C7F1,CBF24CD6AF1,SnSe,electronic-structure modulation,material_entity,solid_state_mechanism,0.31447291374206543,15,73,15,73,11,147,11,147,0.07482993197278912,5,51,56,0.6666666666666666,5.0,7,29,8,0.1,2.706956918168727,1095,1,1,0,0,1,0,0,0,0,0,2022,2023-2026,0,2.3325957621248935e-05,0.0,0.016952789699570814,0.6751931330472103,0.08766094420600856,0,928
C43C91C4A3E,CBF24CD6AF1,Mg3Sb2,electronic-structure modulation,material_entity,solid_state_mechanism,0.22382590174674988,8,73,8,73,5,147,5,147,0.034013605442176874,1,51,52,-1.0,5.0,5,29,7,0.0945945945945946,2.2011022455138893,584,1,1,0,0,1,0,0,0,0,0,2022,2023-2026,0,7.983430086466408e-05,0.0009232414448669202,0.03755364806866953,0.5844957081545064,0.08755364806866951,0,929
C6E111EB5CB,C9AFE334F36,RyMxCo4,phonon scattering,material_entity,solid_state_mechanism,0.18199095129966736,5,49,5,49,3,49,3,49,0.061224489795918366,0,18,18,0.0,1.6666666666666667,18,29,4,0.08,1.2223143376977277,245,1,1,0,0,1,0,0,0,0,0,2022,2023-2026,0,0.030195649195495056,0.0008199152542372881,0.08433476394849784,0.35894849785407723,0.08680257510729614,0,930
CADCC57C7F1,CB02CED7099,SnSe,carrier-concentration optimization,material_entity,solid_state_mechanism,0.25372573733329773,15,62,15,62,11,83,11,83,0.13253012048192772,5,28,33,0.6666666666666666,2.6666666666666665,7,30,7,0.1,2.145747755093632,930,1,1,0,0,1,0,0,0,0,0,2022,2023-2026,0,0.0020718122343524777,0.0,0.033047210300429175,0.5988948497854076,0.08562231759656651,0,931
C90CB9C3175,CBF24CD6AF1,half-Heusler alloy,electronic-structure modulation,material_system,solid_state_mechanism,0.2607617676258087,7,73,7,73,11,147,11,147,0.07482993197278912,3,51,54,0.0,5.0,16,29,6,0.08108108108108109,1.913530193197683,511,1,1,0,0,1,0,0,0,0,0,2022,2023-2026,0,8.963937501024873e-05,0.0,0.019742489270386264,0.5527896995708155,0.07092274678111586,0,932
