concept_u_id,concept_v_id,concept_u,concept_v,u_type,v_type,semantic_similarity,degree_u,degree_v,degree_min,degree_max,document_frequency_u,document_frequency_v,frequency_min,frequency_max,frequency_balance,recent_frequency_u,recent_frequency_v,recent_frequency_sum,trend_u,trend_v,age_u,age_v,common_neighbors,jaccard,adamic_adar,preferential_attachment,shortest_path,same_component,same_type,material_material_pair,material_mechanism_pair,mechanism_mechanism_pair,tg_history_frequency_u,tg_history_frequency_v,tg_history_frequency_sum,tg_both_concepts_seen,cutoff_year,future_window,future_edge_label,logistic_score,random_forest_score,ml_score,graph_score,hybrid_score,predicted_class,hybrid_rank
C1DF01A6473,C2866DCD56B,PEDOT:PSS,PEDOT,material_entity,material_entity,0.9393004179000854,36,44,36,44,46,55,46,55,0.8363636363636363,30,34,64,6.333333333333333,6.0,10,10,35,0.7777777777777778,15.287736812848085,1584,1,1,1,1,0,0,0,2,2,0,2022,2023-2026,1,0.47377221988094015,0.457640514729903,0.960539979231568,0.9282450674974039,0.9750778816199377,1,1
C539540C36B,C96681C9193,nanochannel-confined ion transport,ion channels,transport_mechanism,transport_mechanism,0.7451199293136597,16,12,12,16,4,2,2,4,0.5,3,1,4,0.6666666666666666,0.0,4,3,8,0.4,3.2255841751557215,192,1,1,1,0,0,1,0,1,1,0,2022,2023-2026,1,0.9291522660928925,0.3474170630083813,0.9714434060228453,0.6619314641744548,0.9364485981308411,1,2
C46747A02A1,C872881EC3C,ion-pairing and complexation,gel-confined redox transport,solvation_entropy,gel_microstructure,0.17344823479652405,31,19,19,31,16,8,8,16,0.5,8,8,16,1.0,2.6666666666666665,11,2,9,0.21951219512195122,3.1403092938092154,589,1,1,0,0,0,1,4,7,11,1,2022,2023-2026,1,0.9338513287007145,0.3966329953626109,0.97736240913811,0.6415887850467291,0.933956386292835,1,3
C6181968680,CE6FC512ED2,graphene,dynamic crosslinked gel network,material_entity,gel_microstructure,0.20739491283893585,28,26,26,28,19,9,9,19,0.47368421052631576,12,7,19,3.0,1.6666666666666667,10,3,11,0.2558139534883721,3.312105189530183,728,1,1,0,0,1,0,6,2,8,1,2022,2023-2026,0,0.8643905316296338,0.2516560114859075,0.9398753894080997,0.7012980269989615,0.9264797507788163,1,4
C08389FD6C6,C539540C36B,moisture-gradient ion transport,nanochannel-confined ion transport,transport_mechanism,transport_mechanism,0.6501357555389404,33,16,16,33,27,4,4,27,0.14814814814814814,17,3,20,3.6666666666666665,0.6666666666666666,20,4,8,0.1951219512195122,3.1134003247576834,528,1,1,1,0,0,1,4,0,4,0,2022,2023-2026,0,0.8180222194440772,0.24945641078290998,0.9349948078920042,0.7083800623052959,0.9235721703011422,1,5
C84C6A613D4,CE6FC512ED2,cellulose nanofiber scaffold,dynamic crosslinked gel network,gel_microstructure,gel_microstructure,0.4702536463737488,25,26,25,26,17,9,9,17,0.5294117647058824,15,7,22,4.333333333333333,1.6666666666666667,5,3,7,0.1590909090909091,2.1933437043243105,650,1,1,1,0,0,1,3,2,5,1,2022,2023-2026,1,0.9740367914753016,0.296140516869164,0.9607476635514018,0.6334475597092419,0.9219106957424714,1,6
C5E63317596,CE6FC512ED2,hierarchical porous electrode interface,dynamic crosslinked gel network,electrode_interface,gel_microstructure,0.2397240549325943,13,26,13,26,2,9,2,9,0.2222222222222222,2,7,9,0.6666666666666666,1.6666666666666667,0,3,8,0.25806451612903225,3.0837407420685117,338,1,1,0,0,0,1,2,2,4,1,2022,2023-2026,0,0.9500832205299921,0.3244197074599976,0.9666666666666667,0.6236967808930425,0.9214953271028038,1,7
C78B8F896F7,CE6FC512ED2,polyacrylamide (PAM),dynamic crosslinked gel network,material_entity,gel_microstructure,0.3901705741882324,9,26,9,26,3,9,3,9,0.3333333333333333,3,7,10,1.0,1.6666666666666667,0,3,7,0.25,2.295312475618906,234,1,1,0,0,1,0,2,2,4,1,2022,2023-2026,1,0.9313345735912341,0.4543095943247725,0.9847352024922119,0.5915264797507788,0.9212876427829699,1,8
C25D09DDC57,C46747A02A1,Fe2+/Fe3+ solvation redox chemistry,ion-pairing and complexation,redox_chemistry,solvation_entropy,0.3792535662651062,17,31,17,31,10,16,10,16,0.625,5,8,13,1.0,1.0,29,11,7,0.17073170731707318,2.3990967471181217,527,1,1,0,0,0,1,19,4,23,1,2022,2023-2026,1,0.9813136898902732,0.3194147442446956,0.9668743509865004,0.6082658359293873,0.9158878504672897,1,9
C7932B1CE8C,CE6FC512ED2,chaotropic polymer-water disruption,dynamic crosslinked gel network,gel_microstructure,gel_microstructure,0.5335185527801514,17,26,17,26,4,9,4,9,0.4444444444444444,2,7,9,0.0,1.6666666666666667,4,3,6,0.16216216216216217,1.8415286885786948,442,1,1,1,0,0,1,5,2,7,1,2022,2023-2026,0,0.9439916165452351,0.4601528464020182,0.9869158878504672,0.5499273104880581,0.9125649013499482,1,10
C275FB7C4B0,CEA29EF1A99,iodide/triiodide redox chemistry,thermal-gradient heat-transfer control,redox_chemistry,device_mechanism,0.01689484715461731,21,16,16,21,18,13,13,18,0.7222222222222222,9,7,16,1.6666666666666667,1.0,12,9,7,0.23333333333333334,2.4576051293957066,336,1,1,0,0,0,1,8,8,16,1,2022,2023-2026,0,0.9721801877706473,0.5190447962168796,0.9922118380062306,0.5382242990654206,0.911318795430945,1,11
C2866DCD56B,C621A7A9629,PEDOT,polyurethane (PU),material_entity,material_entity,0.6088621616363525,44,8,8,44,55,5,5,55,0.09090909090909091,34,5,39,6.0,1.6666666666666667,10,2,7,0.15555555555555556,2.330242949724476,352,1,1,1,1,0,0,2,0,2,0,2022,2023-2026,0,0.5296321522699793,0.303251561681152,0.9403946002076842,0.6442990654205607,0.9086188992731049,1,12
C5E63317596,CB25BC3FC14,hierarchical porous electrode interface,double/interpenetrating network,electrode_interface,gel_microstructure,0.3161391615867615,13,10,10,13,2,2,2,2,1.0,2,2,4,0.6666666666666666,0.6666666666666666,0,0,8,0.5333333333333333,2.9563739365953947,130,1,1,0,0,0,1,2,1,3,1,2022,2023-2026,0,0.9895944107719586,0.28586650982461265,0.954932502596054,0.6031152647975078,0.9069574247144341,1,13
C2866DCD56B,C872881EC3C,PEDOT,gel-confined redox transport,material_entity,gel_microstructure,0.2859504222869873,44,19,19,44,55,8,8,55,0.14545454545454545,34,8,42,6.0,2.6666666666666665,10,2,9,0.16666666666666666,2.6903665054667996,836,1,1,0,0,1,0,2,7,9,1,2022,2023-2026,1,0.8874257422708061,0.20531215368821,0.9043613707165109,0.6883073727933542,0.8936656282450675,1,14
C275FB7C4B0,CBFAB31D6E6,iodide/triiodide redox chemistry,electrostatic interaction,redox_chemistry,solvation_entropy,0.21780970692634583,21,16,16,21,18,6,6,18,0.3333333333333333,9,3,12,1.6666666666666667,0.6666666666666666,12,7,5,0.15625,1.8482468388345727,336,1,1,0,0,0,1,8,1,9,1,2022,2023-2026,0,0.9274401609974112,0.5729677791034676,0.9947040498442368,0.46830737279335405,0.8899273104880582,1,15
CC028ABF9C6,CE6FC512ED2,anti-freezing organohydrogel design,dynamic crosslinked gel network,gel_microstructure,gel_microstructure,0.5259795188903809,37,26,26,37,15,9,9,15,0.6,7,7,14,1.0,1.6666666666666667,15,3,13,0.26,4.92524487032867,962,1,1,1,0,0,1,6,2,8,1,2022,2023-2026,1,0.8610769345911365,0.1775070554208049,0.8701973001038421,0.7985877466251297,0.8886812045690551,1,16
C5E63317596,CC028ABF9C6,hierarchical porous electrode interface,anti-freezing organohydrogel design,electrode_interface,gel_microstructure,0.19471560418605804,13,37,13,37,2,15,2,15,0.13333333333333333,2,7,9,0.6666666666666666,1.0,0,15,7,0.16279069767441862,2.785271786336738,481,1,1,0,0,0,1,2,6,8,1,2022,2023-2026,0,0.9004925623416885,0.2577685937015552,0.9456905503634475,0.5569989615784008,0.8882658359293873,1,17
C25D09DDC57,CE4B0E242E7,Fe2+/Fe3+ solvation redox chemistry,interfacial charge transfer,redox_chemistry,electrode_interface,0.19257548451423645,17,35,17,35,10,21,10,21,0.47619047619047616,5,8,13,1.0,1.3333333333333333,29,29,7,0.15555555555555556,2.411037152800122,595,1,1,0,0,0,1,19,6,25,1,2022,2023-2026,1,0.8972165392811887,0.2532647372773854,0.9424714434060227,0.5550571131879543,0.8853582554517134,1,18
CB25BC3FC14,CC028ABF9C6,double/interpenetrating network,anti-freezing organohydrogel design,gel_microstructure,gel_microstructure,0.4043886065483093,10,37,10,37,2,15,2,15,0.13333333333333333,2,7,9,0.6666666666666666,1.0,0,15,7,0.175,2.7408485496847663,370,1,1,1,0,0,1,1,6,7,1,2022,2023-2026,1,0.9071154926303722,0.23172336220887943,0.9271028037383178,0.6065939771547247,0.8847352024922119,1,19
C4B2BA55977,C7932B1CE8C,KNO3,chaotropic polymer-water disruption,material_entity,gel_microstructure,0.14844830334186554,10,17,10,17,2,4,2,4,0.5,2,2,4,0.6666666666666666,0.0,2,4,6,0.2857142857142857,2.0679485123441186,170,1,1,0,0,1,0,2,5,7,1,2022,2023-2026,0,0.9312672864662904,0.47378185736867096,0.987435098650052,0.47040498442367595,0.8847352024922119,1,20
C3DA2C4151E,C84C6A613D4,aqueous electrolyte,cellulose nanofiber scaffold,material_system,gel_microstructure,0.23097766935825348,7,25,7,25,2,17,2,17,0.11764705882352941,1,15,16,0.3333333333333333,4.333333333333333,9,5,6,0.23076923076923078,2.265531952032143,175,1,1,0,0,1,0,5,3,8,1,2022,2023-2026,0,0.8386865421516176,0.28899835551864733,0.9481827622014538,0.5403115264797508,0.8843198338525442,1,21
C46747A02A1,CE6FC512ED2,ion-pairing and complexation,dynamic crosslinked gel network,solvation_entropy,gel_microstructure,0.16496345400810242,31,26,26,31,16,9,9,16,0.5625,8,7,15,1.0,1.6666666666666667,11,3,9,0.1875,3.410543013694899,806,1,1,0,0,0,1,4,2,6,1,2022,2023-2026,1,0.8286165112603561,0.2178786229972479,0.9133956386292834,0.6448701973001038,0.8839044652128765,1,22
C00DD823894,C84C6A613D4,organic redox molecular design,cellulose nanofiber scaffold,redox_chemistry,gel_microstructure,0.16980096697807312,10,25,10,25,8,17,8,17,0.47058823529411764,3,15,18,0.3333333333333333,4.333333333333333,9,5,5,0.16666666666666666,2.096654183757269,250,1,1,0,0,0,1,2,3,5,1,2022,2023-2026,0,0.8986580895567845,0.4143333568718105,0.9791277258566977,0.4791277258566977,0.8836967808930426,1,23
C00DD823894,C275FB7C4B0,organic redox molecular design,iodide/triiodide redox chemistry,redox_chemistry,redox_chemistry,0.5952603220939636,10,21,10,21,8,18,8,18,0.4444444444444444,3,9,12,0.3333333333333333,1.6666666666666667,9,12,4,0.14814814814814814,1.5207522857327767,210,1,1,1,0,0,1,2,8,10,1,2022,2023-2026,0,0.9263125748199855,0.5405365877390012,0.9908618899273105,0.45805815160955343,0.8834890965732087,1,24
C78D65254F9,CB314592CFB,phase transition,precipitation and species redistribution,phase_or_species_transition,phase_or_species_transition,0.784670352935791,51,11,11,51,48,5,5,48,0.10416666666666667,17,3,20,1.3333333333333333,1.0,19,6,5,0.08771929824561403,2.0716902611647687,561,1,1,1,0,0,1,5,0,5,0,2022,2023-2026,1,0.38963210525479147,0.3272480360349301,0.9373831775700935,0.5609657320872273,0.8822429906542055,1,25
C08389FD6C6,C37031A3390,moisture-gradient ion transport,cellulose,transport_mechanism,material_entity,0.1436583399772644,33,22,22,33,27,12,12,27,0.4444444444444444,17,10,27,3.6666666666666665,2.6666666666666665,20,5,10,0.2222222222222222,3.5969553731522326,726,1,1,0,0,1,0,4,1,5,1,2022,2023-2026,1,0.6243449899247636,0.1983998028852723,0.8838006230529596,0.6821079958463135,0.8755970924195223,1,26
C3002C089A5,CC5968B917E,ionic thermodiffusion (Soret effect),convection and mass transport,transport_mechanism,transport_mechanism,0.32778722047805786,46,11,11,46,42,8,8,42,0.19047619047619047,26,2,28,5.666666666666667,0.3333333333333333,23,23,6,0.11764705882352941,2.2548455210090523,506,1,1,1,0,0,1,15,11,26,1,2022,2023-2026,0,0.9764900437374054,0.21816137523709941,0.9226375908618899,0.5793561786085151,0.8755970924195222,1,27
C6181968680,C84C6A613D4,graphene,cellulose nanofiber scaffold,material_entity,gel_microstructure,0.19925744831562042,28,25,25,28,19,17,17,19,0.8947368421052632,12,15,27,3.0,4.333333333333333,10,5,9,0.20454545454545456,2.5610575194491707,700,1,1,0,0,1,0,6,3,9,1,2022,2023-2026,1,0.8915297676540136,0.19497551417055667,0.8961578400830736,0.646718587746625,0.8751817237798546,1,28
C6181968680,CDF78985483,graphene,nanocomposite,material_entity,material_system,0.3817625641822815,28,21,21,28,19,13,13,19,0.6842105263157895,12,7,19,3.0,0.3333333333333333,10,5,9,0.225,3.00017294243898,588,1,1,0,1,0,0,6,1,7,1,2022,2023-2026,0,0.7388901287707661,0.18559571242206485,0.8769470404984424,0.7045067497403945,0.8743509865005192,1,29
C08389FD6C6,C188B56F6F1,moisture-gradient ion transport,ion-selectivity membrane transport,transport_mechanism,transport_mechanism,0.6888046860694885,33,42,33,42,27,23,23,27,0.8518518518518519,17,11,28,3.6666666666666665,2.0,20,23,16,0.2711864406779661,6.272163452226464,1386,1,1,1,0,0,1,4,9,13,1,2022,2023-2026,1,0.8405065112411396,0.1577651924808452,0.8362409138110073,0.8646832814122534,0.8737279335410176,1,30
CBFAB31D6E6,CC028ABF9C6,electrostatic interaction,anti-freezing organohydrogel design,solvation_entropy,gel_microstructure,0.17557024955749512,16,37,16,37,6,15,6,15,0.4,3,7,10,0.6666666666666666,1.0,7,15,7,0.15217391304347827,2.590251951506251,592,1,1,0,0,0,1,1,6,7,1,2022,2023-2026,0,0.8221562512242183,0.24758813908391658,0.9343717549325026,0.5444859813084112,0.8735202492211839,1,31
C3002C089A5,CEA29EF1A99,ionic thermodiffusion (Soret effect),thermal-gradient heat-transfer control,transport_mechanism,device_mechanism,0.31740042567253113,46,16,16,46,42,13,13,42,0.30952380952380953,26,7,33,5.666666666666667,1.0,23,9,4,0.06896551724137931,1.2731551386780593,736,1,1,0,0,0,1,15,8,23,1,2022,2023-2026,0,0.9876459198544298,0.3574691059633151,0.9763239875389409,0.45819314641744546,0.8728971962616823,1,32
C188B56F6F1,CE6FC512ED2,ion-selectivity membrane transport,dynamic crosslinked gel network,transport_mechanism,gel_microstructure,0.09435662627220154,42,26,26,42,23,9,9,23,0.391304347826087,11,7,18,2.0,1.6666666666666667,23,3,13,0.23636363636363636,4.858072863957723,1092,1,1,0,0,0,1,9,2,11,1,2022,2023-2026,0,0.7934521636343752,0.1810382265203441,0.8731048805815161,0.708006230529595,0.8726895119418484,1,33
C3002C089A5,C9642D16DCA,ionic thermodiffusion (Soret effect),graphene oxide,transport_mechanism,material_entity,0.11092830449342728,46,18,18,46,42,9,9,42,0.21428571428571427,26,5,31,5.666666666666667,1.0,23,10,8,0.14285714285714285,2.3598916597953012,828,1,1,0,0,1,0,15,4,19,1,2022,2023-2026,1,0.9080371201795776,0.22086147129071582,0.9206645898234683,0.5785877466251297,0.8724818276220145,1,34
C3970EB273E,CA8C62A4868,gelatin,redox reaction entropy,material_entity,solvation_entropy,0.08102895319461823,21,19,19,21,7,7,7,7,1.0,7,4,11,2.3333333333333335,0.6666666666666666,2,8,6,0.17647058823529413,1.8261744864545402,399,1,1,0,0,1,0,4,11,15,1,2022,2023-2026,0,0.9799649753485512,0.34079604882175607,0.97331256490135,0.45978193146417445,0.8718587746625129,1,35
C8AD5B453CC,CC5968B917E,ion diffusion,convection and mass transport,transport_mechanism,transport_mechanism,0.5085238218307495,42,11,11,42,19,8,8,19,0.42105263157894735,12,2,14,3.0,0.3333333333333333,23,23,7,0.15217391304347827,2.6340514668758495,462,1,1,1,0,0,1,2,11,13,1,2022,2023-2026,0,0.7827356413103684,0.20623176791975278,0.9004153686396678,0.6210176531671858,0.8701973001038422,1,36
C872881EC3C,CA8C62A4868,gel-confined redox transport,redox reaction entropy,gel_microstructure,solvation_entropy,0.3110070824623108,19,19,19,19,8,7,7,8,0.875,8,4,12,2.6666666666666665,0.6666666666666666,2,8,4,0.11764705882352941,1.2008645728834972,361,1,1,0,0,0,1,7,11,18,1,2022,2023-2026,1,0.9970508188665496,0.6003961363251451,0.9998961578400831,0.41083073727933533,0.8699896157840084,1,37
CAEB010ACF4,CB25BC3FC14,polyethylene glycol (PEG),double/interpenetrating network,material_entity,gel_microstructure,0.24346885085105896,20,10,10,20,7,2,2,7,0.2857142857142857,3,2,5,0.3333333333333333,0.6666666666666666,8,0,7,0.30434782608695654,2.6839782423982896,200,1,1,0,0,1,0,0,1,1,0,2022,2023-2026,0,0.5993668458153094,0.24625383177479138,0.922429906542056,0.5627933541017653,0.8693665628245068,1,38
C78D65254F9,CA8C62A4868,phase transition,redox reaction entropy,phase_or_species_transition,solvation_entropy,0.2062896490097046,51,19,19,51,48,7,7,48,0.14583333333333334,17,4,21,1.3333333333333333,0.6666666666666666,19,8,5,0.07692307692307693,1.6803018443515785,969,1,1,0,0,0,1,5,11,16,1,2022,2023-2026,1,0.6284187040820076,0.38456384030286084,0.9598130841121495,0.4717549325025961,0.867705088265836,1,39
C8AD5B453CC,CBA7A0F0CA3,ion diffusion,thermogalvanic redox conversion,transport_mechanism,device_mechanism,0.19316214323043823,42,24,24,42,19,11,11,19,0.5789473684210527,12,7,19,3.0,1.0,23,5,6,0.1,2.1645995232212902,1008,1,1,0,0,0,1,2,41,43,1,2022,2023-2026,0,0.9984846563510885,0.23519009091133702,0.9336448598130841,0.5308930425752856,0.8656282450674975,1,40
C3002C089A5,CE6FC512ED2,ionic thermodiffusion (Soret effect),dynamic crosslinked gel network,transport_mechanism,gel_microstructure,0.21826644241809845,46,26,26,46,42,9,9,42,0.21428571428571427,26,7,33,5.666666666666667,1.6666666666666667,23,3,10,0.16129032258064516,3.738071545780349,1196,1,1,0,0,0,1,15,2,17,1,2022,2023-2026,1,0.9704873715714335,0.16658095125267053,0.8564901349948079,0.7138940809968848,0.8604361370716511,1,41
C2866DCD56B,C3F66DD37CA,PEDOT,H2O,material_entity,material_entity,0.3368484377861023,44,11,11,44,55,4,4,55,0.07272727272727272,34,2,36,6.0,0.6666666666666666,10,8,5,0.1,1.8474634566628576,484,1,1,1,1,0,0,2,2,4,1,2022,2023-2026,0,0.46297456584813873,0.27944211162385063,0.92398753894081,0.5303219106957424,0.8583592938733126,1,42
C10D3798CF7,CF203EF8121,selective solvation,Eastman entropy of transfer,solvation_entropy,solvation_entropy,0.6834225654602051,9,10,9,10,3,7,3,7,0.42857142857142855,2,2,4,0.3333333333333333,-1.0,3,5,3,0.1875,1.01657498481083,90,1,1,1,0,0,1,6,2,8,1,2022,2023-2026,0,0.9789773108440225,0.5922708165384112,0.998442367601246,0.36959501557632396,0.8581516095534788,1,43
C6181968680,C7932B1CE8C,graphene,chaotropic polymer-water disruption,material_entity,gel_microstructure,0.10591885447502136,28,17,17,28,19,4,4,19,0.21052631578947367,12,2,14,3.0,0.0,10,4,5,0.125,1.5248392833597442,476,1,1,0,0,1,0,6,5,11,1,2022,2023-2026,0,0.889381827768724,0.4005811272058291,0.9764278296988578,0.40653167185877465,0.8544132917964694,1,44
C2866DCD56B,CDDD624085F,PEDOT,deep-eutectic eutogel electrolyte,material_entity,material_system,0.35024622082710266,44,11,11,44,55,4,4,55,0.07272727272727272,34,1,35,6.0,0.0,10,7,8,0.1702127659574468,2.6545009052907886,484,1,1,0,1,0,0,2,0,2,0,2022,2023-2026,0,0.38636972925425433,0.1914081209895836,0.8623052959501557,0.6653997923156801,0.8525441329179646,1,45
C3970EB273E,C9910E60ABA,gelatin,carbon nanotube,material_entity,material_entity,0.3244827091693878,21,28,21,28,7,33,7,33,0.21212121212121213,7,20,27,2.3333333333333335,4.666666666666667,2,13,6,0.13953488372093023,2.3382350099676934,588,1,1,1,1,0,0,4,11,15,1,2022,2023-2026,0,0.6341029662243931,0.20442497557374903,0.8898234683281413,0.5973416407061267,0.8523364485981308,1,46
C08389FD6C6,C9642D16DCA,moisture-gradient ion transport,graphene oxide,transport_mechanism,material_entity,0.05323181673884392,33,18,18,33,27,9,9,27,0.3333333333333333,17,5,22,3.6666666666666665,1.0,20,10,8,0.18604651162790697,2.335081248856851,594,1,1,0,0,1,0,4,4,8,1,2022,2023-2026,0,0.6053884691874172,0.21150908635942983,0.8944963655244029,0.5667497403946001,0.85067497403946,1,47
C2866DCD56B,C7802AE4324,PEDOT,deep eutectic solvent,material_entity,material_system,0.3269493877887726,44,11,11,44,55,4,4,55,0.07272727272727272,34,1,35,6.0,0.0,10,7,8,0.1702127659574468,2.6545009052907886,484,1,1,0,1,0,0,2,0,2,0,2022,2023-2026,0,0.3786733731544726,0.1900828368986745,0.8607476635514019,0.6627829698857736,0.8500519210799585,1,48
CBFAB31D6E6,CEA29EF1A99,electrostatic interaction,thermal-gradient heat-transfer control,solvation_entropy,device_mechanism,0.028140723705291748,16,16,16,16,6,13,6,13,0.46153846153846156,3,7,10,0.6666666666666666,1.0,7,9,4,0.14285714285714285,1.6037296347557781,256,1,1,0,0,0,1,1,8,9,1,2022,2023-2026,0,0.893202432383015,0.5589016573385933,0.9907580477673936,0.36031152647975073,0.8498442367601247,1,49
C5E47CC0A62,CBFAB31D6E6,Hofmeister/chaotropic effect,electrostatic interaction,gel_microstructure,solvation_entropy,0.32156914472579956,12,16,12,16,3,6,3,6,0.5,2,3,5,0.3333333333333333,0.6666666666666666,4,7,3,0.12,1.41217117033822,192,1,1,0,0,0,1,2,1,3,1,2022,2023-2026,0,0.9218294017334904,0.4930960184064328,0.9875389408099688,0.3585877466251298,0.8471443406022846,1,50
C275FB7C4B0,CDF78985483,iodide/triiodide redox chemistry,nanocomposite,redox_chemistry,material_system,0.042283687740564346,21,21,21,21,18,13,13,18,0.7222222222222222,9,7,16,1.6666666666666667,0.3333333333333333,12,5,6,0.16666666666666666,2.1773512435933915,441,1,1,0,0,1,0,8,1,9,1,2022,2023-2026,0,0.8257901320070719,0.2306072519996929,0.9215991692627206,0.4946417445482866,0.8456905503634476,1,51
C46747A02A1,C78B8F896F7,ion-pairing and complexation,polyacrylamide (PAM),solvation_entropy,material_entity,0.15182921290397644,31,9,9,31,16,3,3,16,0.1875,8,3,11,1.0,1.0,11,0,5,0.14285714285714285,2.0020813891982034,279,1,1,0,0,1,0,4,2,6,1,2022,2023-2026,1,0.7362433413730329,0.29202991818808616,0.9450674974039459,0.4399688473520249,0.8452751817237799,1,52
C6210B1A223,C872881EC3C,reduced graphene oxide,gel-confined redox transport,material_entity,gel_microstructure,0.11788205802440643,7,19,7,19,3,8,3,8,0.375,3,8,11,1.0,2.6666666666666665,2,2,4,0.18181818181818182,1.1785180068361372,133,1,1,0,0,1,0,3,7,10,1,2022,2023-2026,0,0.9594734145558115,0.5642649718725038,0.9954309449636553,0.33769470404984425,0.8448598130841122,1,53
C539540C36B,C84C6A613D4,nanochannel-confined ion transport,cellulose nanofiber scaffold,transport_mechanism,gel_microstructure,0.1793832927942276,16,25,16,25,4,17,4,17,0.23529411764705882,3,15,18,0.6666666666666666,4.333333333333333,4,5,6,0.17142857142857143,2.418756534179653,400,1,1,0,0,0,1,0,3,3,0,2022,2023-2026,0,0.7548816616632528,0.2019361908701334,0.8946002076843198,0.5431775700934579,0.8425752855659397,1,54
C8AD5B453CC,CE6FC512ED2,ion diffusion,dynamic crosslinked gel network,transport_mechanism,gel_microstructure,0.12304161489009857,42,26,26,42,19,9,9,19,0.47368421052631576,12,7,19,3.0,1.6666666666666667,23,3,9,0.15254237288135594,2.8481035416996514,1092,1,1,0,0,0,1,2,2,4,1,2022,2023-2026,0,0.6488465992342152,0.1838275554089788,0.8711318795430945,0.6152855659397716,0.8415368639667704,0,55
C08389FD6C6,C84C6A613D4,moisture-gradient ion transport,cellulose nanofiber scaffold,transport_mechanism,gel_microstructure,0.12149457633495331,33,25,25,33,27,17,17,27,0.6296296296296297,17,15,32,3.6666666666666665,4.333333333333333,20,5,10,0.20833333333333334,3.609803359021099,825,1,1,0,0,0,1,4,3,7,1,2022,2023-2026,1,0.8600617247359948,0.16066788956804834,0.8400830737279336,0.6853063343717549,0.8411214953271028,0,56
C2378F90E64,C6C09287FDB,anharmonic phonon transport,high-entropy redox/ion coupling,solid_state_mechanism,solvation_entropy,0.2587409019470215,29,7,7,29,29,4,4,29,0.13793103448275862,16,4,20,2.6666666666666665,1.3333333333333333,9,2,4,0.125,1.3239829346412966,203,1,1,0,0,0,1,0,2,2,0,2022,2023-2026,0,0.8208572849176621,0.302713107035574,0.9538940809968848,0.40529595015576314,0.8400830737279334,0,57
C188B56F6F1,C275FB7C4B0,ion-selectivity membrane transport,iodide/triiodide redox chemistry,transport_mechanism,redox_chemistry,0.24240480363368988,42,21,21,42,23,18,18,23,0.782608695652174,11,9,20,2.0,1.6666666666666667,23,12,6,0.10526315789473684,2.4145030065821755,882,1,1,0,0,0,1,9,8,17,1,2022,2023-2026,0,0.8827860732692789,0.183148002249247,0.8814122533748702,0.5657009345794392,0.8398753894080997,0,58
C275FB7C4B0,C37031A3390,iodide/triiodide redox chemistry,cellulose,redox_chemistry,material_entity,0.05952562391757965,21,22,21,22,18,12,12,18,0.6666666666666666,9,10,19,1.6666666666666667,2.6666666666666665,12,5,6,0.16216216216216217,2.8500771091490877,462,1,1,0,0,1,0,8,1,9,1,2022,2023-2026,0,0.826813203596629,0.19746681343516329,0.8936656282450675,0.540301142263759,0.8388369678089305,0,59
C1DF01A6473,C872881EC3C,PEDOT:PSS,gel-confined redox transport,material_entity,gel_microstructure,0.2790831923484802,36,19,19,36,46,8,8,46,0.17391304347826086,30,8,38,6.333333333333333,2.6666666666666665,10,2,8,0.1702127659574468,2.3609105816834965,684,1,1,0,0,1,0,0,7,7,0,2022,2023-2026,1,0.858544421979629,0.16789249340020532,0.854932502596054,0.6515160955347871,0.8388369678089304,0,60
CAEB010ACF4,CE6FC512ED2,polyethylene glycol (PEG),dynamic crosslinked gel network,material_entity,gel_microstructure,0.3593156933784485,20,26,20,26,7,9,7,9,0.7777777777777778,3,7,10,0.3333333333333333,1.6666666666666667,8,3,12,0.35294117647058826,4.636036069468076,520,1,1,0,0,1,0,0,2,2,0,2022,2023-2026,0,0.6719312594336463,0.15070017784338222,0.8191069574247145,0.7489096573208723,0.8380062305295951,0,61
C3970EB273E,C78B8F896F7,gelatin,polyacrylamide (PAM),material_entity,material_entity,0.5049944519996643,21,9,9,21,7,3,3,7,0.42857142857142855,7,3,10,2.3333333333333335,1.0,2,0,3,0.1111111111111111,1.080845430228495,189,1,1,1,1,0,0,4,2,6,1,2022,2023-2026,0,0.8829860669819289,0.33664646270588255,0.9665628245067498,0.3713084112149533,0.8377985462097612,0,62
C78D65254F9,CE6FC512ED2,phase transition,dynamic crosslinked gel network,phase_or_species_transition,gel_microstructure,0.12065581232309341,51,26,26,51,48,9,9,48,0.1875,17,7,24,1.3333333333333333,1.6666666666666667,19,3,7,0.1,2.1645319653943846,1326,1,1,0,0,0,1,5,2,7,1,2022,2023-2026,0,0.28956765816331964,0.2363529219935039,0.8936656282450675,0.5369262720664589,0.8373831775700935,0,63
C78D65254F9,CBFAB31D6E6,phase transition,electrostatic interaction,phase_or_species_transition,solvation_entropy,0.20959270000457764,51,16,16,51,48,6,6,48,0.125,17,3,20,1.3333333333333333,0.6666666666666666,19,7,5,0.08064516129032258,1.3401376559500775,816,1,1,0,0,0,1,5,1,6,1,2022,2023-2026,0,0.32466794471550975,0.34841220811619983,0.9369678089304256,0.43872274143302176,0.8373831775700935,0,64
CF4A6A0344F,CFBB5A400A1,ion migration,cation-anion thermodiffusion asymmetry,transport_mechanism,transport_mechanism,0.4187971353530884,27,8,8,27,17,5,5,17,0.29411764705882354,9,3,12,2.3333333333333335,0.6666666666666666,29,6,5,0.16666666666666666,1.5685920778583378,216,1,1,1,0,0,1,1,3,4,1,2022,2023-2026,1,0.723939130421679,0.22849498657006437,0.915472481827622,0.4826375908618899,0.8369678089304258,0,65
C188B56F6F1,C84C6A613D4,ion-selectivity membrane transport,cellulose nanofiber scaffold,transport_mechanism,gel_microstructure,0.01338211540132761,42,25,25,42,23,17,17,23,0.7391304347826086,11,15,26,2.0,4.333333333333333,23,5,13,0.24074074074074073,4.769319701340599,1050,1,1,0,0,0,1,9,3,12,1,2022,2023-2026,1,0.814634942133487,0.150502770073709,0.8244029075804777,0.7159293873312566,0.8363447559709243,0,66
C3002C089A5,C7B823B5BB0,ionic thermodiffusion (Soret effect),poly(vinyl alcohol) (PVA),transport_mechanism,material_entity,0.16318416595458984,46,22,22,46,42,11,11,42,0.2619047619047619,26,6,32,5.666666666666667,1.3333333333333333,23,8,10,0.1724137931034483,3.965913099981611,1012,1,1,0,0,1,0,15,2,17,1,2022,2023-2026,1,0.8979310983224766,0.1530288730303094,0.832294911734164,0.6978296988577363,0.8361370716510903,0,67
C188B56F6F1,CEA29EF1A99,ion-selectivity membrane transport,thermal-gradient heat-transfer control,transport_mechanism,device_mechanism,0.167332261800766,42,16,16,42,23,13,13,23,0.5652173913043478,11,7,18,2.0,1.0,23,9,3,0.05454545454545454,1.0906234997787672,672,1,1,0,0,0,1,9,8,17,1,2022,2023-2026,0,0.8953632566099933,0.4178986766230045,0.9797507788161994,0.34118380062305287,0.8361370716510903,0,68
C2866DCD56B,CBFAB31D6E6,PEDOT,electrostatic interaction,material_entity,solvation_entropy,0.27643853425979614,44,16,16,44,55,6,6,55,0.10909090909090909,34,3,37,6.0,0.6666666666666666,10,7,4,0.07142857142857142,1.3464423268098455,704,1,1,0,0,1,0,2,1,3,1,2022,2023-2026,1,0.6919449542927559,0.2453369814259171,0.9250259605399792,0.45462097611630314,0.8348909657320873,0,69
C08389FD6C6,C96681C9193,moisture-gradient ion transport,ion channels,transport_mechanism,transport_mechanism,0.6929123401641846,33,12,12,33,27,2,2,27,0.07407407407407407,17,1,18,3.6666666666666665,0.0,20,3,6,0.15384615384615385,1.7120376366818153,396,1,1,1,0,0,1,4,1,5,1,2022,2023-2026,0,0.9104131534818769,0.17776184232498732,0.8740394600207684,0.5676635514018691,0.8334371754932502,0,70
C7802AE4324,CDDD624085F,deep eutectic solvent,deep-eutectic eutogel electrolyte,material_system,material_system,0.6896960735321045,11,11,11,11,4,4,4,4,1.0,1,1,2,0.0,0.0,7,7,10,0.8333333333333334,3.237573385315461,121,1,1,1,1,0,0,0,0,0,0,2022,2023-2026,1,0.5682946194536803,0.1667259587137628,0.8368639667705088,0.6621391484942887,0.8328141225337486,0,71
C10C4FF4B6C,C6181968680,hydrogen bonding,graphene,solvation_entropy,material_entity,0.15769878029823303,18,28,18,28,8,19,8,19,0.42105263157894735,3,12,15,0.3333333333333333,3.0,18,10,5,0.12195121951219512,1.5318191509633117,504,1,1,0,0,1,0,5,6,11,1,2022,2023-2026,0,0.5663807239046155,0.2862358394313552,0.9338525441329179,0.42620976116303216,0.8307372793354103,0,72
C5DEA4DF37C,CFBB5A400A1,Zn4Sb3,cation-anion thermodiffusion asymmetry,material_entity,transport_mechanism,0.1335853636264801,8,8,8,8,5,5,5,5,1.0,4,3,7,1.0,0.6666666666666666,5,6,4,0.3333333333333333,1.1051071389349547,64,1,1,0,0,1,0,0,3,3,0,2022,2023-2026,0,0.8616884740516102,0.40803618901829347,0.9759086188992732,0.33823468328141226,0.8301142263759086,0,73
C10C4FF4B6C,C4B2BA55977,hydrogen bonding,KNO3,solvation_entropy,material_entity,0.22699806094169617,18,10,10,18,8,2,2,8,0.25,3,2,5,0.3333333333333333,0.6666666666666666,18,2,4,0.16666666666666666,1.4185591805406457,180,1,1,0,0,1,0,5,2,7,1,2022,2023-2026,0,0.7261781767540666,0.31593620055807187,0.9511941848390447,0.3746313603322949,0.8299065420560748,0,74
C00DD823894,C65E336E20C,organic redox molecular design,TEMPO,redox_chemistry,material_entity,0.535311222076416,10,6,6,10,8,2,2,8,0.25,3,2,5,0.3333333333333333,0.6666666666666666,9,0,5,0.45454545454545453,1.8492110244858277,60,1,1,0,0,1,0,2,0,2,0,2022,2023-2026,1,0.7926312905322549,0.1999953042130925,0.8944963655244029,0.504257528556594,0.8288681204569055,0,75
C3002C089A5,CE4B0E242E7,ionic thermodiffusion (Soret effect),interfacial charge transfer,transport_mechanism,electrode_interface,0.1989295780658722,46,35,35,46,42,21,21,42,0.5,26,8,34,5.666666666666667,1.3333333333333333,23,29,6,0.08,1.734190230692512,1610,1,1,0,0,0,1,15,6,21,1,2022,2023-2026,1,0.7821368848931192,0.19331055610293812,0.8872274143302181,0.5275908618899272,0.8280373831775701,0,76
C77E2C49599,C84C6A613D4,bacterial cellulose,cellulose nanofiber scaffold,material_entity,gel_microstructure,0.5479833483695984,6,25,6,25,3,17,3,17,0.17647058823529413,3,15,18,1.0,4.333333333333333,0,5,5,0.19230769230769232,2.5173664644499714,150,1,1,0,0,1,0,0,3,3,0,2022,2023-2026,1,0.849226028263828,0.1748852252026903,0.8666666666666666,0.5737071651090342,0.8278296988577363,0,77
C555F4672C1,C6C09287FDB,configurational-entropy modulation,high-entropy redox/ion coupling,phase_or_species_transition,solvation_entropy,0.6008002758026123,7,7,7,7,4,4,4,4,1.0,3,4,7,0.6666666666666666,1.3333333333333333,4,2,2,0.16666666666666666,0.5092763869829747,49,1,1,0,0,0,1,0,2,2,0,2022,2023-2026,0,0.9744041591024535,0.42683211920689573,0.9851505711318795,0.30879543094496364,0.8261682242990654,0,78
C63ED77BD64,C6C09287FDB,band engineering,high-entropy redox/ion coupling,solid_state_mechanism,solvation_entropy,0.15960346162319183,8,7,7,8,5,4,4,5,0.8,4,4,8,1.0,1.3333333333333333,3,2,3,0.25,0.8062505913563448,56,1,1,0,0,0,1,0,2,2,0,2022,2023-2026,0,0.9518803519578518,0.5043145319544086,0.9904465212876427,0.29688473520249226,0.8259605399792316,0,79
C5E63317596,CAEB010ACF4,hierarchical porous electrode interface,polyethylene glycol (PEG),electrode_interface,material_entity,0.14602333307266235,13,20,13,20,2,7,2,7,0.2857142857142857,2,3,5,0.6666666666666666,0.3333333333333333,0,8,7,0.2692307692307692,2.7284014790502615,260,1,1,0,0,1,0,2,0,2,0,2022,2023-2026,0,0.6463204426653517,0.19189902419277807,0.8785046728971962,0.5368120456905503,0.8234683281412253,0,80
C275FB7C4B0,CCFD9A81EEE,iodide/triiodide redox chemistry,solid electrolyte,redox_chemistry,material_system,0.20955462753772736,21,11,11,21,18,8,8,18,0.4444444444444444,9,3,12,1.6666666666666667,0.6666666666666666,12,25,3,0.10344827586206896,1.270160320926264,231,1,1,0,0,1,0,8,1,9,1,2022,2023-2026,0,0.542204245845816,0.45371221556602603,0.963343717549325,0.3369055036344755,0.8230529595015577,0,81
C78D65254F9,CC5968B917E,phase transition,convection and mass transport,phase_or_species_transition,transport_mechanism,0.21482259035110474,51,11,11,51,48,8,8,48,0.16666666666666666,17,2,19,1.3333333333333333,0.3333333333333333,19,23,4,0.06896551724137931,1.5773058829045128,561,1,1,0,0,0,1,5,11,16,1,2022,2023-2026,0,0.43951430751932297,0.28935130443433027,0.9275181723779854,0.41833852544132916,0.8228452751817238,0,82
C188B56F6F1,C37031A3390,ion-selectivity membrane transport,cellulose,transport_mechanism,material_entity,0.0976446121931076,42,22,22,42,23,12,12,23,0.5217391304347826,11,10,21,2.0,2.6666666666666665,23,5,13,0.2549019607843137,4.756471715471733,924,1,1,0,0,1,0,9,1,10,1,2022,2023-2026,0,0.5582512447609304,0.1441261687076688,0.8079958463136033,0.7150259605399791,0.8228452751817238,0,83
C06F57A9BCA,CC028ABF9C6,polymer electrolyte,anti-freezing organohydrogel design,material_system,gel_microstructure,0.21897569298744202,13,37,13,37,9,15,9,15,0.6,4,7,11,0.6666666666666666,1.0,19,15,5,0.1111111111111111,1.7214190374655551,481,1,1,0,0,1,0,2,6,8,1,2022,2023-2026,0,0.5780177627221214,0.23923505083120344,0.9137071651090343,0.4490031152647975,0.8213914849428868,0,84
C696BC0A1E1,C9642D16DCA,carbon electrode,graphene oxide,electrode_interface,material_entity,0.44466957449913025,10,18,10,18,3,9,3,9,0.3333333333333333,0,5,5,-0.3333333333333333,1.0,9,10,3,0.12,1.0184316125047443,180,1,1,0,0,1,0,1,4,5,1,2022,2023-2026,0,0.6733605379699467,0.330557457345082,0.9548286604361371,0.34569055036344754,0.821183800623053,0,85
C08389FD6C6,C621A7A9629,moisture-gradient ion transport,polyurethane (PU),transport_mechanism,material_entity,0.12461341172456741,33,8,8,33,27,5,5,27,0.18518518518518517,17,5,22,3.6666666666666665,1.6666666666666667,20,2,5,0.1388888888888889,1.698775499342468,264,1,1,0,0,1,0,4,0,4,0,2022,2023-2026,0,0.5967086396139302,0.2432206028789526,0.9175493250259605,0.4347248182762201,0.8209761163032192,0,86
C3002C089A5,C5DEA4DF37C,ionic thermodiffusion (Soret effect),Zn4Sb3,transport_mechanism,material_entity,0.208962082862854,46,8,8,46,42,5,5,42,0.11904761904761904,26,4,30,5.666666666666667,1.0,23,5,5,0.10204081632653061,1.5661793676429934,368,1,1,0,0,1,0,15,0,15,0,2022,2023-2026,0,0.8997082985653302,0.21230210845807407,0.9110072689511942,0.4548078920041537,0.8209761163032191,0,87
C3DA2C4151E,C539540C36B,aqueous electrolyte,nanochannel-confined ion transport,material_system,transport_mechanism,0.24439415335655212,7,16,7,16,2,4,2,4,0.5,1,3,4,0.3333333333333333,0.6666666666666666,9,4,6,0.35294117647058826,2.215525659089708,112,1,1,0,0,1,0,5,0,5,0,2022,2023-2026,0,0.8412801890175695,0.1836218018432559,0.880269989615784,0.5094704049844236,0.8186915887850468,0,88
C188B56F6F1,C539540C36B,ion-selectivity membrane transport,nanochannel-confined ion transport,transport_mechanism,transport_mechanism,0.6920440196990967,42,16,16,42,23,4,4,23,0.17391304347826086,11,3,14,2.0,0.6666666666666666,23,4,15,0.3488372093023256,7.459938728508194,672,1,1,1,0,0,1,9,0,9,0,2022,2023-2026,1,0.839369015985174,0.12036004730984091,0.7838006230529595,0.822731048805815,0.8186915887850467,0,89
C872881EC3C,CB314592CFB,gel-confined redox transport,precipitation and species redistribution,gel_microstructure,phase_or_species_transition,0.11393225193023682,19,11,11,19,8,5,5,8,0.625,8,3,11,2.6666666666666665,1.0,2,6,2,0.07142857142857142,1.1645740047708797,209,1,1,0,0,0,1,7,0,7,0,2022,2023-2026,1,0.9725916913792871,0.5508997965954452,0.994184839044652,0.2567289719626168,0.8176531671858774,0,90
C188B56F6F1,C96681C9193,ion-selectivity membrane transport,ion channels,transport_mechanism,transport_mechanism,0.8086344003677368,42,12,12,42,23,2,2,23,0.08695652173913043,11,1,12,2.0,0.0,23,3,10,0.22727272727272727,3.8620242321709775,504,1,1,1,0,0,1,9,1,10,1,2022,2023-2026,0,0.9130931613796863,0.12201680681194327,0.7919003115264798,0.7436656282450675,0.8153686396677051,0,91
C78B8F896F7,CB25BC3FC14,polyacrylamide (PAM),double/interpenetrating network,material_entity,gel_microstructure,0.25873512029647827,9,10,9,10,3,2,2,3,0.6666666666666666,3,2,5,1.0,0.6666666666666666,0,0,3,0.1875,0.90293280160224,90,1,1,0,0,1,0,2,1,3,1,2022,2023-2026,1,0.9489544051372588,0.2930131231203903,0.9572170301142264,0.31796469366562824,0.8130841121495327,0,92
C5B8C057FAD,CEA29EF1A99,metal oxide,thermal-gradient heat-transfer control,material_system,device_mechanism,0.029888050630688667,13,16,13,16,9,13,9,13,0.6923076923076923,4,7,11,1.0,1.0,21,9,3,0.11538461538461539,1.4085515361209877,208,1,1,0,0,1,0,2,8,10,1,2022,2023-2026,0,0.7166775867406846,0.3811276340441318,0.9634475597092419,0.3030218068535826,0.8122533748701973,0,93
C3970EB273E,C78D65254F9,gelatin,phase transition,material_entity,phase_or_species_transition,0.24835564196109772,21,51,21,51,7,48,7,48,0.14583333333333334,7,17,24,2.3333333333333335,1.3333333333333333,2,19,7,0.1076923076923077,2.294255822064863,1071,1,1,0,0,1,0,4,5,9,1,2022,2023-2026,1,0.5064115590564567,0.16987866108214372,0.840809968847352,0.5880789200415368,0.8120456905503635,0,94
C1DF01A6473,C7B823B5BB0,PEDOT:PSS,poly(vinyl alcohol) (PVA),material_entity,material_entity,0.6062945127487183,36,22,22,36,46,11,11,46,0.2391304347826087,30,6,36,6.333333333333333,1.3333333333333333,10,8,11,0.23404255319148937,3.750282919363426,792,1,1,1,1,0,0,0,2,2,0,2022,2023-2026,1,0.40283197856737063,0.13156846550365991,0.7811007268951194,0.8001038421599169,0.8112149532710281,0,95
CAEB010ACF4,CC028ABF9C6,polyethylene glycol (PEG),anti-freezing organohydrogel design,material_entity,gel_microstructure,0.3131650686264038,20,37,20,37,7,15,7,15,0.4666666666666667,3,7,10,0.3333333333333333,1.0,8,15,18,0.46153846153846156,7.0126058677907155,740,1,1,0,0,1,0,0,6,6,0,2022,2023-2026,1,0.4781539466695116,0.12907572312811788,0.7825545171339564,0.7878504672897196,0.8105919003115265,0,96
CB56BB4DDB0,CDF78985483,carbon-electrode redox interface,nanocomposite,electrode_interface,material_system,0.1187748834490776,13,21,13,21,5,13,5,13,0.38461538461538464,1,7,8,-0.3333333333333333,0.3333333333333333,9,5,4,0.13333333333333333,1.3804739951652716,273,1,1,0,0,1,0,7,1,8,1,2022,2023-2026,0,0.746761835453097,0.28129512318304023,0.9410176531671859,0.3435202492211838,0.8103842159916927,0,97
C37031A3390,C78B8F896F7,cellulose,polyacrylamide (PAM),material_entity,material_entity,0.4582434296607971,22,9,9,22,12,3,3,12,0.25,10,3,13,2.6666666666666665,1.0,5,0,4,0.14814814814814814,1.1763482063489572,198,1,1,1,1,0,0,1,2,3,1,2022,2023-2026,1,0.7404328198794834,0.21765095440034435,0.9078920041536863,0.42664589823468324,0.8095534787123573,0,98
C08389FD6C6,C78D65254F9,moisture-gradient ion transport,phase transition,transport_mechanism,phase_or_species_transition,0.15616030991077423,33,51,33,51,27,48,27,48,0.5625,17,17,34,3.6666666666666665,1.3333333333333333,20,19,3,0.037037037037037035,0.8177346342609516,1683,1,1,0,0,0,1,4,5,9,1,2022,2023-2026,1,0.34316253099443683,0.31796696676701974,0.9286604361370717,0.36609553478712353,0.8093457943925233,0,99
C438FE53FF1,CC5968B917E,lithium chloride (LiCl),convection and mass transport,material_entity,transport_mechanism,0.061038292944431305,6,11,6,11,4,8,4,8,0.5,2,2,4,0.3333333333333333,0.3333333333333333,23,23,4,0.3076923076923077,1.2639687680903082,66,1,1,0,0,1,0,2,11,13,1,2022,2023-2026,0,0.5891938567243437,0.31975026716907107,0.9471443406022846,0.3278193146417445,0.8091381100726897,0,100
C1DF01A6473,C3F66DD37CA,PEDOT:PSS,H2O,material_entity,material_entity,0.31243428587913513,36,11,11,36,46,4,4,46,0.08695652173913043,30,2,32,6.333333333333333,0.6666666666666666,10,8,5,0.11904761904761904,1.8326655133236793,396,1,1,1,1,0,0,0,2,2,0,2022,2023-2026,0,0.38516904256338114,0.1933756883511454,0.8659397715472481,0.5236552440290758,0.8085150571131879,0,101
C188B56F6F1,CB25BC3FC14,ion-selectivity membrane transport,double/interpenetrating network,transport_mechanism,gel_microstructure,0.1780344545841217,42,10,10,42,23,2,2,23,0.08695652173913043,11,2,13,2.0,0.6666666666666666,23,0,8,0.18181818181818182,3.2053596699879887,420,1,1,0,0,0,1,9,1,10,1,2022,2023-2026,0,0.8863103485165811,0.15641263664332672,0.8360332294911734,0.5988265835929387,0.8083073727933541,0,102
C7B823B5BB0,C9910E60ABA,poly(vinyl alcohol) (PVA),carbon nanotube,material_entity,material_entity,0.4689512550830841,22,28,22,28,11,33,11,33,0.3333333333333333,6,20,26,1.3333333333333333,4.666666666666667,8,13,6,0.13636363636363635,2.444235683549519,616,1,1,1,1,0,0,2,11,13,1,2022,2023-2026,1,0.383627681907452,0.1645353041785647,0.8226375908618899,0.6241848390446522,0.8078920041536863,0,103
C38C7EC2077,CC028ABF9C6,ethylene glycol,anti-freezing organohydrogel design,material_entity,gel_microstructure,0.21939638257026672,22,37,22,37,12,15,12,15,0.8,4,7,11,0.6666666666666666,1.0,20,15,19,0.475,7.140793240287472,814,1,1,0,0,1,0,0,6,6,0,2022,2023-2026,1,0.33726134381622974,0.13834361625128286,0.7833852544132919,0.767601246105919,0.8076843198338526,0,104
C00DD823894,C77E2C49599,organic redox molecular design,bacterial cellulose,redox_chemistry,material_entity,0.15758848190307617,10,6,6,10,8,3,3,8,0.375,3,3,6,0.3333333333333333,1.0,9,0,3,0.23076923076923078,1.1922935469797256,60,1,1,0,0,1,0,2,0,2,0,2022,2023-2026,0,0.6893824508326661,0.32540342354986856,0.9537902388369678,0.3130633437175493,0.8076843198338526,0,105
C7932B1CE8C,CAEB010ACF4,chaotropic polymer-water disruption,polyethylene glycol (PEG),gel_microstructure,material_entity,0.34532684087753296,17,20,17,20,4,7,4,7,0.5714285714285714,2,3,5,0.0,0.3333333333333333,4,8,4,0.12121212121212122,1.229943454600599,340,1,1,0,0,1,0,5,0,5,0,2022,2023-2026,0,0.6712769100706322,0.23449326539309456,0.9152647975077881,0.3937590861889927,0.8060228452751818,0,106
C3002C089A5,C438FE53FF1,ionic thermodiffusion (Soret effect),lithium chloride (LiCl),transport_mechanism,material_entity,0.26728183031082153,46,6,6,46,42,4,4,42,0.09523809523809523,26,2,28,5.666666666666667,0.3333333333333333,23,23,4,0.08333333333333333,1.4688902003485673,276,1,1,0,0,1,0,15,2,17,1,2022,2023-2026,0,0.8440091852323031,0.20577991073277144,0.9029075804776738,0.42200415368639665,0.8047767393561787,0,107
C78D65254F9,C7B823B5BB0,phase transition,poly(vinyl alcohol) (PVA),phase_or_species_transition,material_entity,0.1736908257007599,51,22,22,51,48,11,11,48,0.22916666666666666,17,6,23,1.3333333333333333,1.3333333333333333,19,8,5,0.07352941176470588,1.5406830519912749,1122,1,1,0,0,1,0,5,2,7,1,2022,2023-2026,1,0.10512552947430848,0.24966408981115215,0.887435098650052,0.45245067497403946,0.8043613707165109,0,108
C10C4FF4B6C,C78D65254F9,hydrogen bonding,phase transition,solvation_entropy,phase_or_species_transition,0.18412937223911285,18,51,18,51,8,48,8,48,0.16666666666666666,3,17,20,0.3333333333333333,1.3333333333333333,18,19,5,0.078125,1.5166020352528857,918,1,1,0,0,0,1,5,5,10,1,2022,2023-2026,1,0.3673307056391767,0.22565251977972525,0.8914849428868121,0.44277258566978184,0.8033229491173416,0,109
C8AD5B453CC,C96681C9193,ion diffusion,ion channels,transport_mechanism,transport_mechanism,0.7847217321395874,42,12,12,42,19,2,2,19,0.10526315789473684,12,1,13,3.0,0.0,23,3,11,0.2558139534883721,4.134982652580375,504,1,1,1,0,0,1,2,1,3,1,2022,2023-2026,0,0.8441430533167902,0.1156283892863053,0.7777777777777778,0.7651194184839043,0.801453790238837,0,110
C6C76863E52,CC028ABF9C6,copper electrode,anti-freezing organohydrogel design,material_entity,gel_microstructure,0.15298691391944885,5,37,5,37,3,15,3,15,0.2,1,7,8,0.3333333333333333,1.0,10,15,3,0.07692307692307693,0.9330305738000193,185,1,1,0,0,1,0,3,6,9,1,2022,2023-2026,1,0.7343915346311993,0.3991785342427036,0.9672897196261683,0.2530841121495327,0.8010384215991693,0,111
C3F66DD37CA,CAEB010ACF4,H2O,polyethylene glycol (PEG),material_entity,material_entity,0.36444568634033203,11,20,11,20,4,7,4,7,0.5714285714285714,2,3,5,0.6666666666666666,0.3333333333333333,8,8,5,0.19230769230769232,1.9567087700500825,220,1,1,1,1,0,0,2,0,2,0,2022,2023-2026,1,0.3448270680818004,0.19928835943479523,0.8673935617860852,0.4915472481827622,0.8004153686396677,0,112
C4B2BA55977,C7B823B5BB0,KNO3,poly(vinyl alcohol) (PVA),material_entity,material_entity,0.3960339426994324,10,22,10,22,2,11,2,11,0.18181818181818182,2,6,8,0.6666666666666666,1.3333333333333333,2,8,4,0.14285714285714285,1.4410199836531667,220,1,1,1,1,0,0,2,2,4,1,2022,2023-2026,0,0.5094347241931801,0.2172728068489367,0.8954309449636553,0.41984423676012467,0.7995846313603323,0,113
C188B56F6F1,CC028ABF9C6,ion-selectivity membrane transport,anti-freezing organohydrogel design,transport_mechanism,gel_microstructure,0.06637532263994217,42,37,37,42,23,15,15,23,0.6521739130434783,11,7,18,2.0,1.0,23,15,15,0.234375,5.528493038902948,1554,1,1,0,0,0,1,9,6,15,1,2022,2023-2026,0,0.6396960049273387,0.12386123307309849,0.7838006230529595,0.7271651090342678,0.7995846313603323,0,114
C2AB2ABA9A6,CC028ABF9C6,dimethyl sulfoxide (DMSO),anti-freezing organohydrogel design,material_entity,gel_microstructure,0.13953441381454468,12,37,12,37,7,15,7,15,0.4666666666666667,1,7,8,-1.3333333333333333,1.0,9,15,6,0.13953488372093023,1.8201588289231296,444,1,1,0,0,1,0,1,6,7,1,2022,2023-2026,1,0.4247210880760603,0.21118369702953924,0.8824506749740394,0.44436137071651094,0.7970924195223261,0,115
C8AD5B453CC,CF203EF8121,ion diffusion,Eastman entropy of transfer,transport_mechanism,solvation_entropy,0.46242058277130127,42,10,10,42,19,7,7,19,0.3684210526315789,12,2,14,3.0,-1.0,23,5,2,0.04,0.575847237008349,420,1,1,0,0,0,1,2,2,4,1,2022,2023-2026,0,0.8179261572977359,0.24557667402900926,0.9320872274143301,0.3325752855659398,0.7960539979231568,0,116
C2866DCD56B,C7B823B5BB0,PEDOT,poly(vinyl alcohol) (PVA),material_entity,material_entity,0.6488906145095825,44,22,22,44,55,11,11,55,0.2,34,6,40,6.0,1.3333333333333333,10,8,11,0.2,3.7650808627026042,968,1,1,1,1,0,0,2,2,4,1,2022,2023-2026,1,0.46307801108348673,0.1151683953455007,0.7549325025960539,0.8012772585669781,0.7958463136033229,0,117
C08389FD6C6,C7802AE4324,moisture-gradient ion transport,deep eutectic solvent,transport_mechanism,material_system,0.2901301980018616,33,11,11,33,27,4,4,27,0.14814814814814814,17,1,18,3.6666666666666665,0.0,20,7,8,0.2222222222222222,2.699114399827167,363,1,1,0,0,1,0,4,0,4,0,2022,2023-2026,1,0.5438954626798806,0.1436255801890404,0.8036344755970924,0.6393146417445482,0.7956386292834892,0,118
C06F57A9BCA,C9910E60ABA,polymer electrolyte,carbon nanotube,material_system,material_entity,0.29428568482398987,13,28,13,28,9,33,9,33,0.2727272727272727,4,20,24,0.6666666666666666,4.666666666666667,19,13,4,0.10810810810810811,1.1968545152218155,364,1,1,0,1,0,0,2,11,13,1,2022,2023-2026,0,0.30142680161102337,0.21955201338931649,0.8842159916926272,0.42982346832814117,0.7937694704049845,0,119
C590DF9EFD4,CBFAB31D6E6,organohydrogel,electrostatic interaction,material_system,solvation_entropy,0.1696915179491043,7,16,7,16,2,6,2,6,0.3333333333333333,2,3,5,0.6666666666666666,0.6666666666666666,1,7,3,0.15,1.300702432350314,112,1,1,0,0,1,0,1,1,2,1,2022,2023-2026,0,0.8168351475213933,0.2557290421459067,0.9394600207684319,0.30089304257528554,0.7933541017653167,0,120
C58F3B85353,CA8C62A4868,thermoresponsive micellization p/n conversion,redox reaction entropy,phase_or_species_transition,solvation_entropy,0.25184065103530884,4,19,4,19,2,7,2,7,0.2857142857142857,1,4,5,0.0,0.6666666666666666,5,8,1,0.045454545454545456,0.43429448190325176,76,1,1,0,0,0,1,1,11,12,1,2022,2023-2026,0,0.9731967048612171,0.3793763050191564,0.9765316718587747,0.18537902388369676,0.7923156801661475,0,121
C37031A3390,CE6FC512ED2,cellulose,dynamic crosslinked gel network,material_entity,gel_microstructure,0.28488707542419434,22,26,22,26,12,9,9,12,0.75,10,7,17,2.6666666666666665,1.6666666666666667,5,3,6,0.14285714285714285,1.9481572248813266,572,1,1,0,0,1,0,1,2,3,1,2022,2023-2026,1,0.884307830540759,0.15485824618568458,0.8348909657320873,0.5440913811007269,0.7919003115264798,0,122
C46747A02A1,C7B823B5BB0,ion-pairing and complexation,poly(vinyl alcohol) (PVA),solvation_entropy,material_entity,0.13740620017051697,31,22,22,31,16,11,11,16,0.6875,8,6,14,1.0,1.3333333333333333,11,8,10,0.23255813953488372,3.3507767664849495,682,1,1,0,0,1,0,4,2,6,1,2022,2023-2026,1,0.5834720262086854,0.13531541453536447,0.7963655244029075,0.6473104880581516,0.7910695742471444,0,123
C08389FD6C6,CDDD624085F,moisture-gradient ion transport,deep-eutectic eutogel electrolyte,transport_mechanism,material_system,0.24175262451171875,33,11,11,33,27,4,4,27,0.14814814814814814,17,1,18,3.6666666666666665,0.0,20,7,8,0.2222222222222222,2.699114399827167,363,1,1,0,0,1,0,4,0,4,0,2022,2023-2026,1,0.5270659566997822,0.14281024697572892,0.8017653167185878,0.6243613707165109,0.7900311526479751,0,124
C845F498233,CC028ABF9C6,ion-dipole interaction,anti-freezing organohydrogel design,solvation_entropy,gel_microstructure,0.11702323704957962,5,37,5,37,2,15,2,15,0.13333333333333333,1,7,8,0.0,1.0,3,15,3,0.07692307692307693,1.2770017069738362,185,1,1,0,0,0,1,1,6,7,1,2022,2023-2026,0,0.8777502555710434,0.2589270910211281,0.9447559709241952,0.2689096573208723,0.788785046728972,0,125
C10C4FF4B6C,C6775C55BEF,hydrogen bonding,superionic transition,solvation_entropy,solid_state_mechanism,0.2744835317134857,18,14,14,18,8,15,8,15,0.5333333333333333,3,2,5,0.3333333333333333,-0.6666666666666666,18,18,3,0.10344827586206896,0.7615705021281693,252,1,1,0,0,0,1,5,0,5,0,2022,2023-2026,0,0.4559298559063492,0.2993766545690322,0.9329179646936656,0.30176531671858775,0.7869158878504673,0,126
C6D6399FFC8,CDBBD5033EA,HfS2,HfSe2,material_entity,material_entity,0.9735228419303894,9,9,9,9,2,2,2,2,1.0,2,2,4,0.6666666666666666,0.6666666666666666,2,2,8,0.8,3.7790356582513978,81,1,1,1,1,0,0,0,0,0,0,2022,2023-2026,0,0.8814706620250881,0.12023771429820376,0.7850467289719627,0.6638629283489097,0.7860851505711319,0,127
C2866DCD56B,C2AB2ABA9A6,PEDOT,dimethyl sulfoxide (DMSO),material_entity,material_entity,0.28662946820259094,44,12,12,44,55,7,7,55,0.12727272727272726,34,1,35,6.0,-1.3333333333333333,10,9,8,0.16666666666666666,2.5076870894774004,528,1,1,1,1,0,0,2,1,3,1,2022,2023-2026,0,0.3973284625133035,0.13985095323477062,0.7910695742471443,0.6489511941848389,0.7858774662512982,0,128
CDF78985483,CEA29EF1A99,nanocomposite,thermal-gradient heat-transfer control,material_system,device_mechanism,-0.027738753706216812,21,16,16,21,13,13,13,13,1.0,7,7,14,0.3333333333333333,1.0,5,9,3,0.08823529411764706,0.9098267813161925,336,1,1,0,0,1,0,1,8,9,1,2022,2023-2026,0,0.7856931462331549,0.25340273939048125,0.9369678089304259,0.2798026998961578,0.7858774662512981,0,129
C06F57A9BCA,C7B823B5BB0,polymer electrolyte,poly(vinyl alcohol) (PVA),material_system,material_entity,0.5189489722251892,13,22,13,22,9,11,9,11,0.8181818181818182,4,6,10,0.6666666666666666,1.3333333333333333,19,8,7,0.25,2.872365035098781,286,1,1,0,1,0,0,2,2,4,1,2022,2023-2026,0,0.5185145692573018,0.1321390352139807,0.7911734164070613,0.647227414330218,0.7858774662512981,0,130
C3F66DD37CA,C46747A02A1,H2O,ion-pairing and complexation,material_entity,solvation_entropy,0.30991536378860474,11,31,11,31,4,16,4,16,0.25,2,8,10,0.6666666666666666,1.0,8,11,3,0.07692307692307693,0.7756511767861864,341,1,1,0,0,1,0,2,4,6,1,2022,2023-2026,0,0.6931915318866938,0.24099354474091228,0.9204569055036343,0.32838006230529593,0.7852544132917965,0,131
C1DF01A6473,CDDD624085F,PEDOT:PSS,deep-eutectic eutogel electrolyte,material_entity,material_system,0.3447910249233246,36,11,11,36,46,4,4,46,0.08695652173913043,30,1,31,6.333333333333333,0.0,10,7,7,0.175,2.1588046149886226,396,1,1,0,1,0,0,0,0,0,0,2022,2023-2026,0,0.42914973543162666,0.1438539505077399,0.7973520249221183,0.6158151609553479,0.7833852544132919,0,132
C9642D16DCA,CDF78985483,graphene oxide,nanocomposite,material_entity,material_system,0.38020646572113037,18,21,18,21,9,13,9,13,0.6923076923076923,5,7,12,1.0,0.3333333333333333,10,5,7,0.21875,2.188511234084975,378,1,1,0,1,0,0,4,1,5,1,2022,2023-2026,0,0.5962226867775782,0.1397419907755203,0.8024922118380062,0.601111111111111,0.7819314641744548,0,133
C1DF01A6473,C7802AE4324,PEDOT:PSS,deep eutectic solvent,material_entity,material_system,0.3370741605758667,36,11,11,36,46,4,4,46,0.08695652173913043,30,1,31,6.333333333333333,0.0,10,7,7,0.175,2.1588046149886226,396,1,1,0,1,0,0,0,0,0,0,2022,2023-2026,0,0.4265075854164151,0.1438539505077399,0.7970404984423676,0.615441329179647,0.7819314641744548,0,134
C621A7A9629,CC028ABF9C6,polyurethane (PU),anti-freezing organohydrogel design,material_entity,gel_microstructure,0.24919915199279785,8,37,8,37,5,15,5,15,0.3333333333333333,5,7,12,1.6666666666666667,1.0,2,15,5,0.125,1.7078372734362848,296,1,1,0,0,1,0,0,6,6,0,2022,2023-2026,0,0.771055644284052,0.17387236823625773,0.8607476635514019,0.45173416407061256,0.7806853582554518,0,135
C1DF01A6473,C9910E60ABA,PEDOT:PSS,carbon nanotube,material_entity,material_entity,0.4067261517047882,36,28,28,36,46,33,33,46,0.717391304347826,30,20,50,6.333333333333333,4.666666666666667,10,13,14,0.28,4.648823831304995,1008,1,1,1,1,0,0,0,11,11,0,2022,2023-2026,0,0.515329312875991,0.10204379401877714,0.7311526479750778,0.8380269989615784,0.7800623052959501,0,136
C6181968680,CE4B0E242E7,graphene,interfacial charge transfer,material_entity,electrode_interface,0.1916893571615219,28,35,28,35,19,21,19,21,0.9047619047619048,12,8,20,3.0,1.3333333333333333,10,29,6,0.10526315789473684,1.874663536226332,980,1,1,0,0,1,0,6,6,12,1,2022,2023-2026,0,0.5616589671702507,0.16445369541353597,0.8325025960539979,0.5134267912772585,0.7800623052959501,0,137
C3002C089A5,C46747A02A1,ionic thermodiffusion (Soret effect),ion-pairing and complexation,transport_mechanism,solvation_entropy,0.28166109323501587,46,31,31,46,42,16,16,42,0.38095238095238093,26,8,34,5.666666666666667,1.0,23,11,9,0.1323529411764706,3.4555312918018695,1426,1,1,0,0,0,1,15,4,19,1,2022,2023-2026,1,0.9505945767530196,0.10426304927985053,0.7583592938733126,0.7132917964693666,0.7792315680166148,0,138
C08389FD6C6,C5FBBE86551,moisture-gradient ion transport,polyvinylidene fluoride (PVDF),transport_mechanism,material_entity,0.14443819224834442,33,3,3,33,27,5,5,27,0.18518518518518517,17,4,21,3.6666666666666665,1.0,20,3,1,0.02857142857142857,0.6213349345596119,99,1,1,0,0,1,0,4,3,7,1,2022,2023-2026,0,0.8054084520052572,0.29582873180618335,0.9503634475597093,0.20670820353063343,0.7784008307372794,0,139
C7507F5D319,C872881EC3C,ClO4,gel-confined redox transport,material_entity,gel_microstructure,0.15031498670578003,4,19,4,19,2,8,2,8,0.25,2,8,10,0.6666666666666666,2.6666666666666665,0,2,2,0.09523809523809523,0.7463262895333811,76,1,1,0,0,1,0,0,7,7,0,2022,2023-2026,0,0.8944701862044853,0.2673783439371417,0.9469366562824506,0.21735202492211836,0.7777777777777778,0,140
C65E336E20C,C84C6A613D4,TEMPO,cellulose nanofiber scaffold,material_entity,gel_microstructure,0.18809808790683746,6,25,6,25,2,17,2,17,0.11764705882352941,2,15,17,0.6666666666666666,4.333333333333333,0,5,5,0.19230769230769232,1.9728380391092737,150,1,1,0,0,1,0,0,3,3,0,2022,2023-2026,0,0.7213394987208211,0.16842255883158708,0.8497403946002078,0.46826583592938725,0.7775700934579439,0,141
C188B56F6F1,C7B823B5BB0,ion-selectivity membrane transport,poly(vinyl alcohol) (PVA),transport_mechanism,material_entity,0.06394421309232712,42,22,22,42,23,11,11,23,0.4782608695652174,11,6,17,2.0,1.3333333333333333,23,8,9,0.16363636363636364,3.266469934721702,924,1,1,0,0,1,0,9,2,11,1,2022,2023-2026,0,0.48114576583635255,0.13549241107544666,0.7912772585669783,0.6157736240913809,0.7771547248182762,0,142
C37031A3390,C6181968680,cellulose,graphene,material_entity,material_entity,0.3899424374103546,22,28,22,28,12,19,12,19,0.631578947368421,10,12,22,2.6666666666666665,3.0,5,10,7,0.16279069767441862,1.9874123012531355,616,1,1,1,1,0,0,1,6,7,1,2022,2023-2026,1,0.5804601458156144,0.13180635902959756,0.7932502596053999,0.6088369678089304,0.7767393561786085,0,143
C10D3798CF7,C2AB2ABA9A6,selective solvation,dimethyl sulfoxide (DMSO),solvation_entropy,material_entity,0.3585558235645294,9,12,9,12,3,7,3,7,0.42857142857142855,2,1,3,0.3333333333333333,-1.3333333333333333,3,9,3,0.16666666666666666,0.9724216318763333,108,1,1,0,0,1,0,6,1,7,1,2022,2023-2026,1,0.8929795508566345,0.20760881540376314,0.9074766355140187,0.3326272066458982,0.7763239875389408,0,144
C275FB7C4B0,C65E336E20C,iodide/triiodide redox chemistry,TEMPO,redox_chemistry,material_entity,0.4270550608634949,21,6,6,21,18,2,2,18,0.1111111111111111,9,2,11,1.6666666666666667,0.6666666666666666,12,0,4,0.17391304347826086,1.3969361410847814,126,1,1,0,0,1,0,8,0,8,0,2022,2023-2026,0,0.862296446842234,0.1737052335875871,0.8647975077881619,0.4310903426791277,0.776116303219107,0,145
C2866DCD56B,C37031A3390,PEDOT,cellulose,material_entity,material_entity,0.44132551550865173,44,22,22,44,55,12,12,55,0.21818181818181817,34,10,44,6.0,2.6666666666666665,10,5,8,0.13793103448275862,2.3310510127556032,968,1,1,1,1,0,0,2,1,3,1,2022,2023-2026,0,0.3771703927434118,0.12276510777907068,0.7662512980269989,0.676552440290758,0.7738317757009345,0,146
C3002C089A5,C9910E60ABA,ionic thermodiffusion (Soret effect),carbon nanotube,transport_mechanism,material_entity,0.16219687461853027,46,28,28,46,42,33,33,42,0.7857142857142857,26,20,46,5.666666666666667,4.666666666666667,23,13,15,0.2542372881355932,5.4148056792204775,1288,1,1,0,0,1,0,15,11,26,1,2022,2023-2026,0,0.9516504915020425,0.09295253538913892,0.732398753894081,0.7826791277258567,0.7715472481827622,0,147
C6181968680,CC028ABF9C6,graphene,anti-freezing organohydrogel design,material_entity,gel_microstructure,0.08555120974779129,28,37,28,37,19,15,15,19,0.7894736842105263,12,7,19,3.0,1.0,10,15,11,0.2037037037037037,3.20937029478779,1036,1,1,0,0,1,0,6,6,12,1,2022,2023-2026,0,0.8003510660339066,0.11242296064925278,0.7670820353063343,0.6578089304257527,0.7707165109034269,0,148
C00DD823894,C37031A3390,organic redox molecular design,cellulose,redox_chemistry,material_entity,0.15852870047092438,10,22,10,22,8,12,8,12,0.6666666666666666,3,10,13,0.3333333333333333,2.6666666666666665,9,5,4,0.14285714285714285,1.7553474591353515,220,1,1,0,0,1,0,2,1,3,1,2022,2023-2026,0,0.7575250162863729,0.17848166601561008,0.8676012461059189,0.39823468328141226,0.768847352024922,0,149
C08389FD6C6,CF4A6A0344F,moisture-gradient ion transport,ion migration,transport_mechanism,transport_mechanism,0.7488869428634644,33,27,27,33,27,17,17,27,0.6296296296296297,17,9,26,3.6666666666666665,2.3333333333333335,20,29,7,0.1320754716981132,3.2209853676979443,891,1,1,1,0,0,1,4,1,5,1,2022,2023-2026,0,0.4958060028427103,0.11042269470678027,0.7461059190031152,0.699730010384216,0.7682242990654206,0,150
C8AD5B453CC,CF4A6A0344F,ion diffusion,ion migration,transport_mechanism,transport_mechanism,0.8940117955207825,42,27,27,42,19,17,17,19,0.8947368421052632,12,9,21,3.0,2.3333333333333335,23,29,14,0.2545454545454545,4.6053291613333736,1134,1,1,1,0,0,1,2,1,3,1,2022,2023-2026,0,0.3865386905431079,0.0982588197214663,0.7147455867082035,0.8345898234683281,0.7669781931464175,0,151
C2378F90E64,CEA29EF1A99,anharmonic phonon transport,thermal-gradient heat-transfer control,solid_state_mechanism,device_mechanism,0.42151615023612976,29,16,16,29,29,13,13,29,0.4482758620689655,16,7,23,2.6666666666666665,1.0,9,9,4,0.0975609756097561,1.1402524837791197,464,1,1,0,0,0,1,0,8,8,0,2022,2023-2026,0,0.8605687591287325,0.16363721631458908,0.8467289719626169,0.44718587746625127,0.7667705088265836,0,152
C7B823B5BB0,C84C6A613D4,poly(vinyl alcohol) (PVA),cellulose nanofiber scaffold,material_entity,gel_microstructure,0.2790495753288269,22,25,22,25,11,17,11,17,0.6470588235294118,6,15,21,1.3333333333333333,4.333333333333333,8,5,6,0.14634146341463414,1.7325088754298927,550,1,1,0,0,1,0,2,3,5,1,2022,2023-2026,1,0.7193014483917333,0.13634988297241568,0.8057113187954309,0.5398546209761163,0.7659397715472482,0,153
C2866DCD56B,C9910E60ABA,PEDOT,carbon nanotube,material_entity,material_entity,0.4305654764175415,44,28,28,44,55,33,33,55,0.6,34,20,54,6.0,4.666666666666667,10,13,16,0.2857142857142857,5.2733469274599525,1232,1,1,1,1,0,0,2,11,13,1,2022,2023-2026,0,0.5503963208517253,0.09268262320884015,0.708515057113188,0.8627206645898233,0.7651090342679128,0,154
C6181968680,CF840763400,graphene,TiO2,material_entity,material_entity,0.4228570759296417,28,9,9,28,19,21,19,21,0.9047619047619048,12,2,14,3.0,-1.0,10,18,4,0.12121212121212122,1.1150220667992943,252,1,1,1,1,0,0,6,1,7,1,2022,2023-2026,0,0.5404203266247645,0.18059909786131786,0.8593977154724818,0.41354101765316714,0.7644859813084112,0,155
C2DA63DEF6B,CF00FA35255,NO3,HNO3,material_entity,material_entity,0.7886918187141418,7,7,7,7,2,2,2,2,1.0,0,0,0,0.0,0.0,15,15,6,0.75,1.9566905708390188,49,1,1,1,1,0,0,1,0,1,0,2022,2023-2026,0,0.40887110504605095,0.15386610382768573,0.8067497403946002,0.5286708203530633,0.7634475597092419,0,156
C06F57A9BCA,C7802AE4324,polymer electrolyte,deep eutectic solvent,material_system,material_system,0.5795574188232422,13,11,11,13,9,4,4,9,0.4444444444444444,4,1,5,0.6666666666666666,0.0,19,7,5,0.2631578947368421,1.5710317919035046,143,1,1,1,1,0,0,2,0,2,0,2022,2023-2026,0,0.22160825919151136,0.17019486608267834,0.8223260643821391,0.4900519210799585,0.7632398753894082,0,157
C275FB7C4B0,CA120BDE1A0,iodide/triiodide redox chemistry,Bi2S3,redox_chemistry,material_entity,0.33472833037376404,21,11,11,21,18,4,4,18,0.2222222222222222,9,1,10,1.6666666666666667,-0.3333333333333333,12,12,1,0.03225806451612903,0.35295612386476116,231,1,1,0,0,1,0,8,0,8,0,2022,2023-2026,0,0.6178730909236293,0.24483605952621107,0.9201453790238838,0.2509968847352025,0.7611630321910697,0,158
C37031A3390,C7B823B5BB0,cellulose,poly(vinyl alcohol) (PVA),material_entity,material_entity,0.5340183973312378,22,22,22,22,12,11,11,12,0.9166666666666666,10,6,16,2.6666666666666665,1.3333333333333333,5,8,6,0.15789473684210525,1.7196608895610264,484,1,1,1,1,0,0,1,2,3,1,2022,2023-2026,1,0.6681824376747779,0.12751944672147456,0.7879543094496365,0.5644859813084112,0.7599169262720664,0,159
C1AAB990F48,C9910E60ABA,SiO2,carbon nanotube,material_entity,material_entity,0.3570426106452942,3,28,3,28,4,33,4,33,0.12121212121212122,3,20,23,0.6666666666666666,4.666666666666667,4,13,2,0.06896551724137931,0.6144584062557255,84,1,1,1,1,0,0,1,11,12,1,2022,2023-2026,0,0.597463629438483,0.21688610365651584,0.8980269989615784,0.29575285565939774,0.7595015576323987,0,160
C08389FD6C6,CC028ABF9C6,moisture-gradient ion transport,anti-freezing organohydrogel design,transport_mechanism,gel_microstructure,0.1445091962814331,33,37,33,37,27,15,15,27,0.5555555555555556,17,7,24,3.6666666666666665,1.0,20,15,12,0.20689655172413793,4.301150267731033,1221,1,1,0,0,0,1,4,6,10,1,2022,2023-2026,1,0.7511127465682779,0.0972291101215445,0.7345794392523364,0.7163032191069575,0.7592938733125649,0,161
C2DA63DEF6B,CC028ABF9C6,NO3,anti-freezing organohydrogel design,material_entity,gel_microstructure,0.1703425645828247,7,37,7,37,2,15,2,15,0.13333333333333333,0,7,7,0.0,1.0,15,15,5,0.1282051282051282,1.7766186283756658,259,1,1,0,0,1,0,1,6,7,1,2022,2023-2026,0,0.5121433259012022,0.17873566920973719,0.8562824506749741,0.4051194184839044,0.7590861889927311,0,162
C08389FD6C6,C2866DCD56B,moisture-gradient ion transport,PEDOT,transport_mechanism,material_entity,0.12283413112163544,33,44,33,44,27,55,27,55,0.4909090909090909,17,34,51,3.6666666666666665,6.0,20,10,18,0.3050847457627119,6.209214936282463,1452,1,1,0,0,1,0,4,2,6,1,2022,2023-2026,1,0.21864482426431842,0.10259461200742565,0.7118380062305297,0.7909968847352025,0.757840083073728,0,163
C06F57A9BCA,C9642D16DCA,polymer electrolyte,graphene oxide,material_system,material_entity,0.2922075390815735,13,18,13,18,9,9,9,9,1.0,4,5,9,0.6666666666666666,1.0,19,10,2,0.06896551724137931,0.5861012960030875,234,1,1,0,1,0,0,2,4,6,1,2022,2023-2026,0,0.47624447729177977,0.22706589178375258,0.9009345794392524,0.2752855659397715,0.7565939771547249,0,164
C08389FD6C6,C1AAB990F48,moisture-gradient ion transport,SiO2,transport_mechanism,material_entity,0.17195814847946167,33,3,3,33,27,4,4,27,0.14814814814814814,17,3,20,3.6666666666666665,0.6666666666666666,20,4,1,0.02857142857142857,0.3001016285004131,99,1,1,0,0,1,0,4,1,5,1,2022,2023-2026,0,0.7362258048995504,0.24468887938239342,0.92533748701973,0.1978504672897196,0.7565939771547249,0,165
C275FB7C4B0,CFC9D296861,iodide/triiodide redox chemistry,Bi2Se3,redox_chemistry,material_entity,0.12901075184345245,21,17,17,21,18,8,8,18,0.4444444444444444,9,2,11,1.6666666666666667,-0.3333333333333333,12,12,2,0.05555555555555555,0.6493708849983637,357,1,1,0,0,1,0,8,0,8,0,2022,2023-2026,0,0.547002115470426,0.24266488800706532,0.9140186915887851,0.24414330218068536,0.7551401869158879,0,166
C1DF01A6473,C2AB2ABA9A6,PEDOT:PSS,dimethyl sulfoxide (DMSO),material_entity,material_entity,0.2928932011127472,36,12,12,36,46,7,7,46,0.15217391304347827,30,1,31,6.333333333333333,-1.3333333333333333,10,9,8,0.2,2.492889146138222,432,1,1,1,1,0,0,0,1,1,0,2022,2023-2026,0,0.3393072992696304,0.1199007565722204,0.7527518172377986,0.6514226375908618,0.7547248182762202,0,167
C188B56F6F1,CCFD9A81EEE,ion-selectivity membrane transport,solid electrolyte,transport_mechanism,material_system,0.23995977640151978,42,11,11,42,23,8,8,23,0.34782608695652173,11,3,14,2.0,0.6666666666666666,23,25,5,0.10416666666666667,2.3258693625929996,462,1,1,0,0,1,0,9,1,10,1,2022,2023-2026,0,0.27089831129527014,0.1608592110633651,0.8062305295950155,0.4993042575285566,0.7545171339563863,0,168
C06F57A9BCA,CDDD624085F,polymer electrolyte,deep-eutectic eutogel electrolyte,material_system,material_system,0.5077490210533142,13,11,11,13,9,4,4,9,0.4444444444444444,4,1,5,0.6666666666666666,0.0,19,7,5,0.2631578947368421,1.5710317919035046,143,1,1,1,1,0,0,2,0,2,0,2022,2023-2026,0,0.2047679701319708,0.1677336463801136,0.8144340602284528,0.4871858774662513,0.7541017653167187,0,169
C7096F6ECC5,C78D65254F9,imidazolium ionic-liquid phase transition electrolyte,phase transition,material_system,phase_or_species_transition,0.30954912304878235,15,51,15,51,8,48,8,48,0.16666666666666666,4,17,21,0.6666666666666666,1.3333333333333333,8,19,6,0.1,3.021966864946686,765,1,1,0,0,1,0,5,5,10,1,2022,2023-2026,1,0.4457514376432936,0.12260700239405663,0.7688473520249222,0.6070820353063344,0.7536863966770508,0,170
C37031A3390,C46747A02A1,cellulose,ion-pairing and complexation,material_entity,solvation_entropy,0.14874979853630066,22,31,22,31,12,16,12,16,0.75,10,8,18,2.6666666666666665,1.0,5,11,7,0.15217391304347827,2.4976535199353482,682,1,1,0,0,1,0,1,4,5,1,2022,2023-2026,1,0.793532934655099,0.12191128381279254,0.784423676012461,0.5571028037383177,0.7530633437175493,0,171
C2378F90E64,CBFAB31D6E6,anharmonic phonon transport,electrostatic interaction,solid_state_mechanism,solvation_entropy,0.22233761847019196,29,16,16,29,29,6,6,29,0.20689655172413793,16,3,19,2.6666666666666665,0.6666666666666666,9,7,6,0.15384615384615385,1.6581719899429905,464,1,1,0,0,0,1,0,1,1,0,2022,2023-2026,0,0.642823303375453,0.13403305219859618,0.7980269989615785,0.5060332294911734,0.7511941848390447,0,172
C275FB7C4B0,C520B85DE7A,iodide/triiodide redox chemistry,grain-boundary scattering,redox_chemistry,solid_state_mechanism,0.06932681798934937,21,6,6,21,18,3,3,18,0.16666666666666666,9,2,11,1.6666666666666667,0.6666666666666666,12,6,3,0.125,1.35553044087296,126,1,1,0,0,0,1,8,0,8,0,2022,2023-2026,0,0.8761354327548709,0.19190731806216788,0.8913811007268951,0.2913084112149532,0.7509865005192108,0,173
C7802AE4324,C7B823B5BB0,deep eutectic solvent,poly(vinyl alcohol) (PVA),material_system,material_entity,0.28164637088775635,11,22,11,22,4,11,4,11,0.36363636363636365,1,6,7,0.0,1.3333333333333333,7,8,6,0.2222222222222222,1.963738962567843,242,1,1,0,1,0,0,0,2,2,0,2022,2023-2026,1,0.24105866090025488,0.15468917673211355,0.7959501557632398,0.5162720664589824,0.7497403946002077,0,174
C621A7A9629,CDDD624085F,polyurethane (PU),deep-eutectic eutogel electrolyte,material_entity,material_system,0.2931881248950958,8,11,8,11,5,4,4,5,0.8,5,1,6,1.6666666666666667,0.0,2,7,5,0.35714285714285715,1.567742775420896,88,1,1,0,1,0,0,0,0,0,0,2022,2023-2026,0,0.6754507647571532,0.14724065562592323,0.816147455867082,0.4558670820353063,0.7476635514018691,0,175
C1AAB990F48,C3970EB273E,SiO2,gelatin,material_entity,material_entity,0.2647474408149719,3,21,3,21,4,7,4,7,0.5714285714285714,3,7,10,0.6666666666666666,2.3333333333333335,4,2,1,0.043478260869565216,0.3001016285004131,63,1,1,1,1,0,0,1,4,5,1,2022,2023-2026,0,0.7915796973003673,0.2241931518222073,0.9149532710280374,0.20015576323987538,0.7474558670820353,0,176
C188B56F6F1,C8AD5B453CC,ion-selectivity membrane transport,ion diffusion,transport_mechanism,transport_mechanism,0.7644133567810059,42,42,42,42,23,19,19,23,0.8260869565217391,11,12,23,2.0,3.0,23,23,17,0.2537313432835821,6.333363058749659,1764,1,1,1,0,0,1,9,2,11,1,2022,2023-2026,1,0.4723900578837256,0.08166190276746266,0.6836967808930425,0.8648182762201453,0.7451713395638628,0,177
C621A7A9629,C7802AE4324,polyurethane (PU),deep eutectic solvent,material_entity,material_system,0.27838775515556335,8,11,8,11,5,4,4,5,0.8,5,1,6,1.6666666666666667,0.0,2,7,5,0.35714285714285715,1.567742775420896,88,1,1,0,1,0,0,0,0,0,0,2022,2023-2026,0,0.6708963426223101,0.14724065562592323,0.8156282450674974,0.4515057113187954,0.7435098650051921,0,178
C10C4FF4B6C,CAEB010ACF4,hydrogen bonding,polyethylene glycol (PEG),solvation_entropy,material_entity,0.19249212741851807,18,20,18,20,8,7,7,8,0.875,3,3,6,0.3333333333333333,0.3333333333333333,18,8,4,0.11764705882352941,1.2369233222041665,360,1,1,0,0,1,0,5,0,5,0,2022,2023-2026,1,0.5000258232334521,0.17983727316076872,0.8558670820353064,0.3522222222222222,0.742263759086189,0,179
C06F57A9BCA,C08389FD6C6,polymer electrolyte,moisture-gradient ion transport,material_system,transport_mechanism,0.23087382316589355,13,33,13,33,9,27,9,27,0.3333333333333333,4,17,21,0.6666666666666666,3.6666666666666665,19,20,7,0.1794871794871795,2.2659900857472857,429,1,1,0,0,1,0,2,4,6,1,2022,2023-2026,0,0.26001172994235394,0.12341954089628296,0.7586708203530634,0.5830010384215991,0.7418483904465214,0,180
C00DD823894,CDF78985483,organic redox molecular design,nanocomposite,redox_chemistry,material_system,0.12568648159503937,10,21,10,21,8,13,8,13,0.6153846153846154,3,7,10,0.3333333333333333,0.3333333333333333,9,5,3,0.10714285714285714,1.1972368325841043,210,1,1,0,0,1,0,2,1,3,1,2022,2023-2026,0,0.7235878769820503,0.1887460287158294,0.8798546209761162,0.29598130841121495,0.7414330218068536,0,181
C7B3E023ED0,CA8C62A4868,Cu2Se,redox reaction entropy,material_entity,solvation_entropy,0.17143554985523224,18,19,18,19,17,7,7,17,0.4117647058823529,8,4,12,1.3333333333333333,0.6666666666666666,11,8,3,0.08823529411764706,0.8547220580596915,342,1,1,0,0,1,0,0,11,11,0,2022,2023-2026,0,0.682737011456282,0.1884074024850602,0.8768431983385254,0.2997715472481827,0.7408099688473521,0,182
C7713A07951,CB56BB4DDB0,urea,carbon-electrode redox interface,material_entity,electrode_interface,0.11659204959869385,15,13,13,15,4,5,4,5,0.8,0,1,1,-0.3333333333333333,-0.3333333333333333,13,9,5,0.21739130434782608,2.046808904738067,195,1,1,0,0,1,0,2,7,9,1,2022,2023-2026,0,0.7776284578462799,0.15053651981462463,0.8234683281412254,0.41894080996884736,0.7393561786085151,0,183
CCAABE058E7,CF4A6A0344F,ferri/ferrocyanide redox chemistry,ion migration,redox_chemistry,transport_mechanism,0.15728801488876343,27,27,27,27,21,17,17,21,0.8095238095238095,3,9,12,-0.6666666666666666,2.3333333333333335,29,29,7,0.14893617021276595,1.9567509925642765,729,1,1,0,0,0,1,36,1,37,1,2022,2023-2026,1,0.9515015917032564,0.11886126912596014,0.7865005192107997,0.5127622014537903,0.7391484942886812,0,184
C25D09DDC57,C7507F5D319,Fe2+/Fe3+ solvation redox chemistry,ClO4,redox_chemistry,material_entity,0.2120303511619568,17,4,4,17,10,2,2,10,0.2,5,2,7,1.0,0.6666666666666666,29,0,1,0.05,0.29120667621996243,68,1,1,0,0,1,0,19,0,19,0,2022,2023-2026,1,0.9219843645959829,0.21233901503527736,0.9128764278296988,0.1711007268951194,0.7387331256490136,0,185
C37031A3390,C77E2C49599,cellulose,bacterial cellulose,material_entity,material_entity,0.9244346618652344,22,6,6,22,12,3,3,12,0.25,10,3,13,2.6666666666666665,1.0,5,0,5,0.21739130434782608,2.5045184785811045,132,1,1,1,1,0,0,1,0,1,0,2022,2023-2026,1,0.7617089839417371,0.1069720030743082,0.7556593977154725,0.5790134994807892,0.7383177570093458,0,186
C520B85DE7A,CB314592CFB,grain-boundary scattering,precipitation and species redistribution,solid_state_mechanism,phase_or_species_transition,0.2160434126853943,6,11,6,11,3,5,3,5,0.6,2,3,5,0.6666666666666666,1.0,6,6,1,0.0625,0.36926937306885504,66,1,1,0,0,0,1,0,0,0,0,2022,2023-2026,0,0.8629208160129401,0.21700950824221787,0.9125649013499479,0.1727933541017653,0.738110072689512,0,187
C2866DCD56B,C84C6A613D4,PEDOT,cellulose nanofiber scaffold,material_entity,gel_microstructure,0.2286047339439392,44,25,25,44,55,17,17,55,0.3090909090909091,34,15,49,6.0,4.333333333333333,10,5,11,0.1896551724137931,3.307125835333483,1100,1,1,0,0,1,0,2,3,5,1,2022,2023-2026,0,0.6958702455649826,0.08559555841321449,0.7057113187954309,0.7339044652128763,0.7370716510903428,0,188
C3002C089A5,C45C8AAD12E,ionic thermodiffusion (Soret effect),charge-transfer resistance engineering,transport_mechanism,electrode_interface,0.20938371121883392,46,39,39,46,42,20,20,42,0.47619047619047616,26,8,34,5.666666666666667,1.0,23,28,10,0.13333333333333333,2.903881963544316,1794,1,1,0,0,0,1,15,8,23,1,2022,2023-2026,1,0.8249378932937318,0.0871756613309703,0.7167185877466252,0.681142263759086,0.736656282450675,0,189
C08389FD6C6,C6181968680,moisture-gradient ion transport,graphene,transport_mechanism,material_entity,0.06579269468784332,33,28,28,33,27,19,19,27,0.7037037037037037,17,12,29,3.6666666666666665,3.0,20,10,11,0.22,3.169751831622741,924,1,1,0,0,1,0,4,6,10,1,2022,2023-2026,0,0.6356353533659161,0.09418530060947884,0.7208722741433022,0.6721183800623053,0.7366562824506749,0,190
C8AD5B453CC,C9642D16DCA,ion diffusion,graphene oxide,transport_mechanism,material_entity,0.06942398846149445,42,18,18,42,19,9,9,19,0.47368421052631576,12,5,17,3.0,1.0,23,10,8,0.15384615384615385,2.2243588885159467,756,1,1,0,0,1,0,2,4,6,1,2022,2023-2026,1,0.38682935993346124,0.1259893857819515,0.7699896157840083,0.5428452751817237,0.7360332294911734,0,191
C188B56F6F1,C6181968680,ion-selectivity membrane transport,graphene,transport_mechanism,material_entity,0.07510049641132355,42,28,28,42,23,19,19,23,0.8260869565217391,11,12,23,2.0,3.0,23,10,9,0.14754098360655737,2.648715428096602,1176,1,1,0,0,1,0,9,6,15,1,2022,2023-2026,1,0.554740629282545,0.10589259715998661,0.7433021806853582,0.600207684319834,0.7335410176531673,0,192
C09EB3A5CE5,C10C4FF4B6C,potassium iodide (KI),hydrogen bonding,material_entity,solvation_entropy,0.21994540095329285,8,18,8,18,2,8,2,8,0.25,1,3,4,0.3333333333333333,0.3333333333333333,23,18,4,0.18181818181818182,1.3719553154809097,144,1,1,0,0,1,0,1,5,6,1,2022,2023-2026,0,0.3743473261009789,0.1731179714521428,0.8361370716510903,0.36277258566978193,0.7327102803738318,0,193
C3002C089A5,C8739CADFFB,ionic thermodiffusion (Soret effect),P3HT,transport_mechanism,material_entity,0.19558122754096985,46,6,6,46,42,4,4,42,0.09523809523809523,26,3,29,5.666666666666667,0.6666666666666666,23,3,3,0.061224489795918366,1.9841598076986515,276,1,1,0,0,1,0,15,0,15,0,2022,2023-2026,0,0.9238468228810054,0.13991074319481486,0.8214953271028037,0.41118380062305293,0.7322949117341642,0,194
C09EB3A5CE5,C3002C089A5,potassium iodide (KI),ionic thermodiffusion (Soret effect),material_entity,transport_mechanism,0.272988498210907,8,46,8,46,2,42,2,42,0.047619047619047616,1,26,27,0.3333333333333333,5.666666666666667,23,23,7,0.14893617021276595,2.6994317195724267,368,1,1,0,0,1,0,1,15,16,1,2022,2023-2026,0,0.43124598381163065,0.10717592792750391,0.738110072689512,0.6051609553478712,0.7306334371754932,0,195
C2AB2ABA9A6,C3002C089A5,dimethyl sulfoxide (DMSO),ionic thermodiffusion (Soret effect),material_entity,transport_mechanism,0.22499801218509674,12,46,12,46,7,42,7,42,0.16666666666666666,1,26,27,-1.3333333333333333,5.666666666666667,9,23,4,0.07407407407407407,1.4327267784287394,552,1,1,0,0,1,0,1,15,16,1,2022,2023-2026,0,0.3368584195044462,0.16204286430927056,0.8121495327102803,0.4240394600207684,0.7304257528556595,0,196
C06F57A9BCA,CAEB010ACF4,polymer electrolyte,polyethylene glycol (PEG),material_system,material_entity,0.47019457817077637,13,20,13,20,9,7,7,9,0.7777777777777778,4,3,7,0.6666666666666666,0.3333333333333333,19,8,2,0.06451612903225806,0.5444842798279114,260,1,1,0,1,0,0,2,0,2,0,2022,2023-2026,0,0.2645772019183278,0.20156125484730805,0.8636552440290758,0.29714434060228456,0.7298026998961579,0,197
C399CA6EBBF,C46747A02A1,NbO2,ion-pairing and complexation,material_entity,solvation_entropy,0.22497227787971497,4,31,4,31,2,16,2,16,0.125,0,8,8,-0.3333333333333333,1.0,7,11,3,0.09375,0.8101887248668321,124,1,1,0,0,1,0,0,4,4,0,2022,2023-2026,0,0.47435343746978215,0.19409003311239456,0.8727933541017654,0.26859813084112144,0.7295950155763241,0,198
C45C8AAD12E,CF840763400,charge-transfer resistance engineering,TiO2,electrode_interface,material_entity,0.15931957960128784,39,9,9,39,20,21,20,21,0.9523809523809523,8,2,10,1.0,-1.0,28,18,4,0.09090909090909091,1.0906444295461162,351,1,1,0,0,1,0,8,1,9,1,2022,2023-2026,1,0.3010354806494444,0.18602798940980658,0.8512980269989615,0.3271651090342679,0.7291796469366564,0,199
C188B56F6F1,C78B8F896F7,ion-selectivity membrane transport,polyacrylamide (PAM),transport_mechanism,material_entity,0.04375172406435013,42,9,9,42,23,3,3,23,0.13043478260869565,11,3,14,2.0,1.0,23,0,4,0.0851063829787234,1.375405078761865,378,1,1,0,0,1,0,9,2,11,1,2022,2023-2026,0,0.6934117941196675,0.16777507664855115,0.8457943925233645,0.3388369678089304,0.7289719626168225,0,200
C2866DCD56B,CDF78985483,PEDOT,nanocomposite,material_entity,material_system,0.42880815267562866,44,21,21,44,55,13,13,55,0.23636363636363636,34,7,41,6.0,0.3333333333333333,10,5,8,0.14035087719298245,2.5188966215607134,924,1,1,0,1,0,0,2,1,3,1,2022,2023-2026,0,0.472500499417625,0.09345859935611722,0.7080996884735202,0.6834164070612668,0.7283489096573208,0,201
C1DF01A6473,C84C6A613D4,PEDOT:PSS,cellulose nanofiber scaffold,material_entity,gel_microstructure,0.22400398552417755,36,25,25,36,46,17,17,46,0.3695652173913043,30,15,45,6.333333333333333,4.333333333333333,10,5,10,0.19607843137254902,2.9638691532412538,900,1,1,0,0,1,0,0,3,3,0,2022,2023-2026,0,0.6557252174879258,0.0843412538554915,0.6993769470404985,0.7067912772585668,0.7277258566978192,0,202
CB727037BDD,CBFAB31D6E6,lattice thermal-conductivity suppression,electrostatic interaction,solid_state_mechanism,solvation_entropy,0.19757896661758423,37,16,16,37,54,6,6,54,0.1111111111111111,25,3,28,3.6666666666666665,0.6666666666666666,18,7,6,0.1276595744680851,1.6459932794383136,592,1,1,0,0,0,1,0,1,1,0,2022,2023-2026,0,0.3717684887512013,0.13112257007370354,0.7779854620976118,0.5042782969885774,0.7273104880581516,0,203
C7507F5D319,C78B8F896F7,ClO4,polyacrylamide (PAM),material_entity,material_entity,0.42665547132492065,4,9,4,9,2,3,2,3,0.6666666666666666,2,3,5,0.6666666666666666,1.0,0,0,2,0.18181818181818182,0.630829948115071,36,1,1,1,1,0,0,0,2,2,0,2022,2023-2026,0,0.7596134447728552,0.17239056699631633,0.8564901349948079,0.30569055036344756,0.7266874350986501,0,204
C23B9BED21A,C275FB7C4B0,ionic conduction,iodide/triiodide redox chemistry,transport_mechanism,redox_chemistry,0.2012014389038086,35,21,21,35,36,18,18,36,0.5,9,9,18,0.6666666666666666,1.6666666666666667,30,12,9,0.19148936170212766,3.102647493740199,735,1,1,0,0,0,1,2,8,10,1,2022,2023-2026,0,0.31116192077293897,0.10176679191926857,0.7155763239875389,0.6529283489096573,0.7266874350986501,0,205
C5FBBE86551,C6C76863E52,polyvinylidene fluoride (PVDF),copper electrode,material_entity,material_entity,0.3163904547691345,3,5,3,5,5,3,3,5,0.6,4,1,5,1.0,0.3333333333333333,3,10,1,0.14285714285714285,0.28599966750267436,15,1,1,1,1,0,0,3,3,6,1,2022,2023-2026,0,0.7662509342359191,0.18686227585144852,0.8801661474558671,0.23372793354101767,0.7266874350986501,0,206
C6181968680,CFC9D296861,graphene,Bi2Se3,material_entity,material_entity,0.38404059410095215,28,17,17,28,19,8,8,19,0.42105263157894735,12,2,14,3.0,-0.3333333333333333,10,12,3,0.07142857142857142,0.7865633280462431,476,1,1,1,1,0,0,6,0,6,0,2022,2023-2026,0,0.3146922483392137,0.17263300358496333,0.8307372793354102,0.3629802699896158,0.7262720664589823,0,207
C5B8C057FAD,CFC9D296861,metal oxide,Bi2Se3,material_system,material_entity,0.34497761726379395,13,17,13,17,9,8,8,9,0.8888888888888888,4,2,6,1.0,-0.3333333333333333,21,12,1,0.034482758620689655,0.2769378934088574,221,1,1,0,1,0,0,2,0,2,0,2022,2023-2026,0,0.19346013260630535,0.22690308341061488,0.880166147455867,0.22944963655244027,0.7252336448598131,0,208
C2378F90E64,CA8C62A4868,anharmonic phonon transport,redox reaction entropy,solid_state_mechanism,solvation_entropy,0.22145040333271027,29,19,19,29,29,7,7,29,0.2413793103448276,16,4,20,2.6666666666666665,0.6666666666666666,9,8,2,0.043478260869565216,0.6003110344052358,551,1,1,0,0,0,1,0,11,11,0,2022,2023-2026,0,0.8535151716241618,0.16703568903332056,0.8519210799584631,0.31087227414330215,0.7248182762201454,0,209
C1E4ABFFD92,CC028ABF9C6,BMIMBF4,anti-freezing organohydrogel design,material_entity,gel_microstructure,0.2022828906774521,6,37,6,37,2,15,2,15,0.13333333333333333,0,7,7,-0.6666666666666666,1.0,5,15,5,0.13157894736842105,1.496055086629641,222,1,1,0,0,1,0,0,6,6,0,2022,2023-2026,0,0.4513797266675818,0.1604658992107292,0.8168224299065421,0.3866147455867082,0.7246105919003116,0,210
C8AD5B453CC,CC028ABF9C6,ion diffusion,anti-freezing organohydrogel design,transport_mechanism,gel_microstructure,0.020748469978570938,42,37,37,42,19,15,15,19,0.7894736842105263,12,7,19,3.0,1.0,23,15,11,0.16176470588235295,3.378041676703299,1554,1,1,0,0,0,1,2,6,8,1,2022,2023-2026,0,0.4510470368682472,0.0954803940231253,0.7148494288681204,0.6506438213914849,0.7246105919003116,0,211
C08389FD6C6,C9910E60ABA,moisture-gradient ion transport,carbon nanotube,transport_mechanism,material_entity,0.10111936926841736,33,28,28,33,27,33,27,33,0.8181818181818182,17,20,37,3.6666666666666665,4.666666666666667,20,13,9,0.17307692307692307,3.2650118551346896,924,1,1,0,0,1,0,4,11,15,1,2022,2023-2026,0,0.7061210998733929,0.0866839892190757,0.7098650051921079,0.6568639667705088,0.7244029075804777,0,212
C9642D16DCA,CE0C8909862,graphene oxide,CuFeS2,material_entity,material_entity,0.38907137513160706,18,3,3,18,9,2,2,9,0.2222222222222222,5,2,7,1.0,0.6666666666666666,10,0,0,0.0,0.0,54,1,1,1,1,0,0,4,0,4,0,2022,2023-2026,0,0.4492400256472902,0.2144390837898359,0.8876427829698859,0.18166147455867082,0.7241952232606438,0,213
C45C8AAD12E,C6181968680,charge-transfer resistance engineering,graphene,electrode_interface,material_entity,0.15088367462158203,39,28,28,39,20,19,19,20,0.95,8,12,20,1.0,3.0,28,10,8,0.13559322033898305,2.4262842130917317,1092,1,1,0,0,1,0,8,6,14,1,2022,2023-2026,0,0.4240354831594809,0.1062447777410336,0.7356178608515057,0.5835202492211837,0.7229491173416407,0,214
C6181968680,C696BC0A1E1,graphene,carbon electrode,material_entity,electrode_interface,0.4380359649658203,28,10,10,28,19,3,3,19,0.15789473684210525,12,0,12,3.0,-0.3333333333333333,10,9,3,0.08571428571428572,1.0643062402655248,280,1,1,0,0,1,0,6,1,7,1,2022,2023-2026,0,0.8527455942056151,0.1440345490074408,0.8219106957424716,0.3712357217030114,0.7221183800623053,0,215
C3002C089A5,CF4A6A0344F,ionic thermodiffusion (Soret effect),ion migration,transport_mechanism,transport_mechanism,0.5552163124084473,46,27,27,46,42,17,17,42,0.40476190476190477,26,9,35,5.666666666666667,2.3333333333333335,23,29,10,0.15873015873015872,3.52163113823871,1242,1,1,1,0,0,1,15,1,16,1,2022,2023-2026,1,0.7862281808509319,0.07054652291856789,0.6725856697819315,0.7700415368639668,0.7219106957424714,0,216
C2106B674B9,CCFD9A81EEE,iodide/triiodide,solid electrolyte,material_entity,material_system,0.2413690984249115,4,11,4,11,3,8,3,8,0.375,0,3,3,-0.3333333333333333,0.6666666666666666,9,25,3,0.25,0.8772715392348334,44,1,1,0,1,0,0,7,1,8,1,2022,2023-2026,0,0.3115658844712076,0.18231244011903183,0.8474558670820354,0.3146209761163032,0.7219106957424714,0,217
C7B823B5BB0,CDDD624085F,poly(vinyl alcohol) (PVA),deep-eutectic eutogel electrolyte,material_entity,material_system,0.24222150444984436,22,11,11,22,11,4,4,11,0.36363636363636365,6,1,7,1.3333333333333333,0.0,8,7,6,0.2222222222222222,1.963738962567843,242,1,1,0,1,0,0,2,0,2,0,2022,2023-2026,1,0.2988586955116933,0.12780796507619233,0.7669781931464175,0.5044340602284527,0.7217030114226376,0,218
C38C7EC2077,C3F66DD37CA,ethylene glycol,H2O,material_entity,material_entity,0.4008784294128418,22,11,11,22,12,4,4,12,0.3333333333333333,4,2,6,0.6666666666666666,0.6666666666666666,20,8,8,0.32,2.7426526943829304,242,1,1,1,1,0,0,0,2,2,0,2022,2023-2026,0,0.10401034226115342,0.1128176050786995,0.719626168224299,0.6268328141225338,0.7214953271028037,0,219
C10C4FF4B6C,C7802AE4324,hydrogen bonding,deep eutectic solvent,solvation_entropy,material_system,0.2719481289386749,18,11,11,18,8,4,4,8,0.5,3,1,4,0.3333333333333333,0.0,18,7,3,0.11538461538461539,1.017485737981776,198,1,1,0,0,1,0,5,0,5,0,2022,2023-2026,1,0.5033272015524837,0.17477621486855338,0.8479750778816199,0.30953271028037377,0.7212876427829699,0,220
C41DA9D5B12,CB56BB4DDB0,convection-resolved resistance decomposition,carbon-electrode redox interface,transport_mechanism,electrode_interface,0.22548499703407288,6,13,6,13,2,5,2,5,0.4,1,1,2,0.3333333333333333,-0.3333333333333333,9,9,5,0.35714285714285715,1.7956414546712267,78,1,1,0,0,0,1,1,7,8,1,2022,2023-2026,0,0.9535427558827496,0.12092090896235608,0.7914849428868121,0.4391173416407061,0.7196261682242991,0,221
C3DB4F04D16,C6C09287FDB,rattling-mode phonon suppression,high-entropy redox/ion coupling,solid_state_mechanism,solvation_entropy,0.14966440200805664,20,7,7,20,22,4,4,22,0.18181818181818182,7,4,11,1.6666666666666667,1.3333333333333333,21,2,3,0.125,0.8062505913563448,140,1,1,0,0,0,1,0,2,2,0,2022,2023-2026,0,0.6055809418116631,0.17817851502508525,0.859086188992731,0.27193146417445485,0.7194184839044653,0,222
C6181968680,CAEB010ACF4,graphene,polyethylene glycol (PEG),material_entity,material_entity,0.32426050305366516,28,20,20,28,19,7,7,19,0.3684210526315789,12,3,15,3.0,0.3333333333333333,10,8,6,0.14285714285714285,1.817890722803055,560,1,1,1,1,0,0,6,0,6,0,2022,2023-2026,0,0.3528416035376435,0.11814595959587873,0.7510903426791278,0.5377985462097612,0.7192107995846314,0,223
C6181968680,C8AD5B453CC,graphene,ion diffusion,material_entity,transport_mechanism,0.07373533397912979,28,42,28,42,19,19,19,19,1.0,12,12,24,3.0,3.0,10,23,12,0.20689655172413793,3.4554536732301075,1176,1,1,0,0,1,0,6,2,8,1,2022,2023-2026,1,0.5616774598693943,0.08325263967844887,0.6943925233644859,0.6848390446521287,0.7185877466251298,0,224
C8AD5B453CC,CDF78985483,ion diffusion,nanocomposite,transport_mechanism,material_system,0.021565577015280724,42,21,21,42,19,13,13,19,0.6842105263157895,12,7,19,3.0,0.3333333333333333,23,5,6,0.10526315789473684,1.7699164185960914,882,1,1,0,0,1,0,2,1,3,1,2022,2023-2026,0,0.36031590710612305,0.13634684415640247,0.783177570093458,0.46553478712357216,0.7179646936656283,0,225
C06F57A9BCA,C46747A02A1,polymer electrolyte,ion-pairing and complexation,material_system,solvation_entropy,0.24610957503318787,13,31,13,31,9,16,9,16,0.5625,4,8,12,0.6666666666666666,1.0,19,11,2,0.047619047619047616,0.9448503877082843,403,1,1,0,0,1,0,2,4,6,1,2022,2023-2026,0,0.5514635216203346,0.1682773281877386,0.8403946002076843,0.308307372793354,0.7154724818276221,0,226
C1DF01A6473,C3002C089A5,PEDOT:PSS,ionic thermodiffusion (Soret effect),material_entity,transport_mechanism,0.20221573114395142,36,46,36,46,46,42,42,46,0.9130434782608695,30,26,56,6.333333333333333,5.666666666666667,10,23,13,0.18840579710144928,3.871827725541022,1656,1,1,0,0,1,0,0,15,15,0,2022,2023-2026,1,0.5933773262323246,0.07304908733859111,0.6706126687435099,0.761079958463136,0.715472481827622,0,227
C1DF01A6473,C37031A3390,PEDOT:PSS,cellulose,material_entity,material_entity,0.39005526900291443,36,22,22,36,46,12,12,46,0.2608695652173913,30,10,40,6.333333333333333,2.6666666666666665,10,5,8,0.16,2.316253069416425,792,1,1,1,1,0,0,0,1,1,0,2022,2023-2026,0,0.3185482774405643,0.09316466409568198,0.6964693665628245,0.6701869158878504,0.715472481827622,0,228
CE4B0E242E7,CF840763400,interfacial charge transfer,TiO2,electrode_interface,material_entity,0.15276677906513214,35,9,9,35,21,21,21,21,1.0,8,2,10,1.3333333333333333,-1.0,29,18,4,0.1,1.0823364358927852,315,1,1,0,0,1,0,6,1,7,1,2022,2023-2026,1,0.2747106587981828,0.17489116283321962,0.8347871235721702,0.32373831775700934,0.7142263759086189,0,229
C4CEC954E12,CC028ABF9C6,platinum electrode,anti-freezing organohydrogel design,material_entity,gel_microstructure,0.20481190085411072,22,37,22,37,9,15,9,15,0.6,1,7,8,-0.3333333333333333,1.0,26,15,7,0.1346153846153846,2.3958195342460566,814,1,1,0,0,1,0,6,6,12,1,2022,2023-2026,0,0.3372411433835126,0.11347764308319434,0.7412253374870198,0.5406542056074766,0.7142263759086189,0,230
C46747A02A1,CE4B0E242E7,ion-pairing and complexation,interfacial charge transfer,solvation_entropy,electrode_interface,0.2749038338661194,31,35,31,35,16,21,16,21,0.7619047619047619,8,8,16,1.0,1.3333333333333333,11,29,5,0.08196721311475409,1.3737770725565424,1085,1,1,0,0,0,1,4,6,10,1,2022,2023-2026,1,0.4144656302644323,0.12994722819239807,0.7790238836967809,0.4636137071651091,0.7138110072689512,0,231
C56C2053791,CFBCD9A3438,Sr8Ga16Ge30,Ba8Ga16Ge30,material_entity,material_entity,0.9042084217071533,9,9,9,9,2,2,2,2,1.0,0,0,0,0.0,0.0,19,19,8,0.8,2.999843577577869,81,1,1,1,1,0,0,0,0,0,0,2022,2023-2026,0,0.2714304346853441,0.10118238966612494,0.7091381100726896,0.624932502596054,0.7138110072689512,0,232
C5FBBE86551,C845F498233,polyvinylidene fluoride (PVDF),ion-dipole interaction,material_entity,solvation_entropy,0.17371419072151184,3,5,3,5,5,2,2,5,0.4,4,1,5,1.0,0.0,3,3,0,0.0,0.0,15,1,1,0,0,1,0,3,1,4,1,2022,2023-2026,0,0.9153266798733624,0.18126700323778924,0.8807892004153686,0.11276220145379023,0.7129802699896158,0,233
C4C9A1FEBD0,CD9ECDD15B4,As2Te3,Sb2S3,material_entity,material_entity,0.7807886004447937,9,9,9,9,2,2,2,2,1.0,0,0,0,-0.3333333333333333,-0.3333333333333333,29,12,8,0.8,2.610871749560639,81,1,1,1,1,0,0,0,0,0,0,2022,2023-2026,0,0.20152708877189676,0.10566128911928305,0.7177570093457943,0.6012564901349947,0.7115264797507788,0,234
CD486BA800F,CE4B0E242E7,host-guest complexation,interfacial charge transfer,solvation_entropy,electrode_interface,0.2608962059020996,6,35,6,35,2,21,2,21,0.09523809523809523,0,8,8,0.0,1.3333333333333333,19,29,5,0.1388888888888889,1.926025016152276,210,1,1,0,0,0,1,2,6,8,1,2022,2023-2026,0,0.47727422132544123,0.12868951868149847,0.7814122533748702,0.4481619937694704,0.7090342679127727,0,235
C571D324260,CC5968B917E,quasi-solid granular electrolyte matrix,convection and mass transport,material_system,transport_mechanism,0.03164177015423775,7,11,7,11,4,8,4,8,0.5,2,2,4,0.6666666666666666,0.3333333333333333,23,23,2,0.125,0.5218811645630963,77,1,1,0,0,1,0,0,11,11,0,2022,2023-2026,0,0.3481391570459499,0.20318195059953695,0.8713395638629282,0.18018691588785046,0.7088265835929388,0,236
C1DF01A6473,C6181968680,PEDOT:PSS,graphene,material_entity,material_entity,0.4052618145942688,36,28,28,36,46,19,19,46,0.41304347826086957,30,12,42,6.333333333333333,3.0,10,10,14,0.28,4.021616371728415,1008,1,1,1,1,0,0,0,6,6,0,2022,2023-2026,0,0.3730414233014548,0.0686463913122204,0.6388369678089304,0.827497403946002,0.7084112149532711,0,237
C2866DCD56B,C6181968680,PEDOT,graphene,material_entity,material_entity,0.43480026721954346,44,28,28,44,55,19,19,55,0.34545454545454546,34,12,46,6.0,3.0,10,10,15,0.2631578947368421,4.364873053820644,1232,1,1,1,1,0,0,2,6,8,1,2022,2023-2026,0,0.41789657181228324,0.06605188294674043,0.6361370716510903,0.8421806853582553,0.7082035306334372,0,238
C46747A02A1,C4CEC954E12,ion-pairing and complexation,platinum electrode,solvation_entropy,material_entity,0.15408766269683838,31,22,22,31,16,9,9,16,0.5625,8,1,9,1.0,-0.3333333333333333,11,26,6,0.1276595744680851,2.147271003771482,682,1,1,0,0,1,0,4,6,10,1,2022,2023-2026,0,0.3170401560995985,0.12216657952299906,0.7579439252336448,0.48855659397715473,0.7079958463136033,0,239
C6181968680,CEF493304A1,graphene,[BF4],material_entity,material_entity,0.4960458278656006,28,2,2,28,19,2,2,19,0.10526315789473684,12,2,14,3.0,0.6666666666666666,10,0,1,0.034482758620689655,0.3001016285004131,56,1,1,1,1,0,0,6,0,6,0,2022,2023-2026,0,0.6679695857072756,0.17146113422200202,0.8504672897196262,0.24565939771547246,0.7040498442367602,0,240
C520B85DE7A,C84C6A613D4,grain-boundary scattering,cellulose nanofiber scaffold,solid_state_mechanism,gel_microstructure,0.13041570782661438,6,25,6,25,3,17,3,17,0.17647058823529413,2,15,17,0.6666666666666666,4.333333333333333,6,5,3,0.10714285714285714,1.3733217123462054,150,1,1,0,0,0,1,0,3,3,0,2022,2023-2026,0,0.8255122863789263,0.14489645346898825,0.822429906542056,0.31599169262720667,0.7038421599169263,0,241
C1E4ABFFD92,CE6FC512ED2,BMIMBF4,dynamic crosslinked gel network,material_entity,gel_microstructure,0.2301318645477295,6,26,6,26,2,9,2,9,0.2222222222222222,0,7,7,-0.6666666666666666,1.6666666666666667,5,3,3,0.10344827586206896,0.8782924805232455,156,1,1,0,0,1,0,0,2,2,0,2022,2023-2026,0,0.587680488437928,0.16312220906337674,0.8311526479750778,0.2864901349948079,0.7007268951194184,0,242
C1DF01A6473,CBFAB31D6E6,PEDOT:PSS,electrostatic interaction,material_entity,solvation_entropy,0.2936079502105713,36,16,16,36,46,6,6,46,0.13043478260869565,30,3,33,6.333333333333333,0.6666666666666666,10,7,4,0.08333333333333333,1.3316443834706675,576,1,1,0,0,1,0,0,1,1,0,2022,2023-2026,1,0.6412176401436019,0.11351128114238905,0.7614745586708204,0.45339563862928345,0.6998961578400831,0,243
C10C4FF4B6C,CDDD624085F,hydrogen bonding,deep-eutectic eutogel electrolyte,solvation_entropy,material_system,0.1536339968442917,18,11,11,18,8,4,4,8,0.5,3,1,4,0.3333333333333333,0.0,18,7,3,0.11538461538461539,1.017485737981776,198,1,1,0,0,1,0,5,0,5,0,2022,2023-2026,1,0.46202927282407447,0.16947794169491964,0.8360332294911734,0.26604361370716506,0.6990654205607476,0,244
C6E1ADCF1C9,CBD5EA3A3DA,Et3Si,[Bi3I12],material_entity,material_entity,0.7615538835525513,6,6,6,6,2,2,2,2,1.0,0,0,0,-0.3333333333333333,-0.3333333333333333,6,6,5,0.7142857142857143,2.1561007464817896,36,1,1,1,1,0,0,0,0,0,0,2022,2023-2026,0,0.6604405463460377,0.10133871272162517,0.7342679127725857,0.5204465212876427,0.6984423676012461,0,245
C2AB2ABA9A6,C84C6A613D4,dimethyl sulfoxide (DMSO),cellulose nanofiber scaffold,material_entity,gel_microstructure,0.13003449141979218,12,25,12,25,7,17,7,17,0.4117647058823529,1,15,16,-1.3333333333333333,4.333333333333333,9,5,3,0.08823529411764706,0.7756511767861864,300,1,1,0,0,1,0,1,3,4,1,2022,2023-2026,0,0.43329004632074264,0.16446181836548468,0.8252336448598131,0.28523364485981306,0.6978193146417446,0,246
C2866DCD56B,C3002C089A5,PEDOT,ionic thermodiffusion (Soret effect),material_entity,transport_mechanism,0.2002599984407425,44,46,44,46,55,42,42,55,0.7636363636363637,34,26,60,6.0,5.666666666666667,10,23,14,0.18421052631578946,4.201283649324325,2024,1,1,0,0,1,0,2,15,17,1,2022,2023-2026,1,0.5038766479242877,0.06518834173523431,0.6368639667705088,0.7723987538940811,0.6974039460020769,0,247
C7802AE4324,CC028ABF9C6,deep eutectic solvent,anti-freezing organohydrogel design,material_system,gel_microstructure,0.15576373040676117,11,37,11,37,4,15,4,15,0.26666666666666666,1,7,8,0.0,1.0,7,15,9,0.23076923076923078,3.0541524301821776,407,1,1,0,0,1,0,0,6,6,0,2022,2023-2026,1,0.44088011893935053,0.09290172854783585,0.7033229491173416,0.5969781931464173,0.6959501557632398,0,248
C23B9BED21A,CDF78985483,ionic conduction,nanocomposite,transport_mechanism,material_system,0.1336214244365692,35,21,21,35,36,13,13,36,0.3611111111111111,9,7,16,0.6666666666666666,0.3333333333333333,30,5,11,0.24444444444444444,4.348039424951604,735,1,1,0,0,1,0,2,1,3,1,2022,2023-2026,0,0.08706328101057943,0.08457763596272778,0.6579439252336449,0.6839252336448598,0.6922118380062305,0,249
C37031A3390,C539540C36B,cellulose,nanochannel-confined ion transport,material_entity,transport_mechanism,0.10530716925859451,22,16,16,22,12,4,4,12,0.3333333333333333,10,3,13,2.6666666666666665,0.6666666666666666,5,4,6,0.1875,2.4059085483107863,352,1,1,0,0,1,0,1,0,1,0,2022,2023-2026,0,0.6852077944767303,0.09649692574918017,0.7303219106957424,0.5067393561786084,0.6920041536863966,0,250
C6DD69CF62E,C7B823B5BB0,polyvinylpyrrolidone (PVP),poly(vinyl alcohol) (PVA),material_entity,material_entity,0.7172993421554565,5,22,5,22,2,11,2,11,0.18181818181818182,0,6,6,-0.3333333333333333,1.3333333333333333,7,8,2,0.08,0.6810779214712426,110,1,1,1,1,0,0,1,2,3,1,2022,2023-2026,0,0.45440402390575196,0.15825045026476714,0.8159916926272066,0.2915057113187954,0.6897196261682244,0,251
CC028ABF9C6,CDDD624085F,anti-freezing organohydrogel design,deep-eutectic eutogel electrolyte,gel_microstructure,material_system,0.3663671612739563,37,11,11,37,15,4,4,15,0.26666666666666666,7,1,8,1.0,0.0,15,7,9,0.23076923076923078,3.0541524301821776,407,1,1,0,0,1,0,6,0,6,0,2022,2023-2026,1,0.48812475363931174,0.07580434383544414,0.6692627206645898,0.6594080996884734,0.6882658359293874,0,252
C555F4672C1,C6B56755D0B,configurational-entropy modulation,Cu7PSe6,phase_or_species_transition,material_entity,0.13896982371807098,7,8,7,8,4,4,4,4,1.0,3,1,4,0.6666666666666666,-0.3333333333333333,4,8,4,0.36363636363636365,1.0411227885778598,56,1,1,0,0,1,0,0,0,0,0,2022,2023-2026,0,0.7796158581072613,0.1305853170483834,0.8002076843198338,0.32476635514018687,0.6878504672897197,0,253
C2866DCD56B,CC028ABF9C6,PEDOT,anti-freezing organohydrogel design,material_entity,gel_microstructure,0.22365781664848328,44,37,37,44,55,15,15,55,0.2727272727272727,34,7,41,6.0,1.0,10,15,16,0.24615384615384617,5.4546269090393436,1628,1,1,0,0,1,0,2,6,8,1,2022,2023-2026,0,0.5074495843428325,0.057672068555553846,0.6138110072689512,0.8098650051921079,0.6874350986500519,0,254
C188B56F6F1,C23B9BED21A,ion-selectivity membrane transport,ionic conduction,transport_mechanism,transport_mechanism,0.7166036367416382,42,35,35,42,23,36,23,36,0.6388888888888888,11,9,20,2.0,0.6666666666666666,23,30,7,0.1,2.6828316203481917,1470,1,1,1,0,0,1,9,2,11,1,2022,2023-2026,0,0.20262876258367757,0.07976678406709704,0.659086188992731,0.6593769470404984,0.6863966770508827,0,255
C37031A3390,C3DA2C4151E,cellulose,aqueous electrolyte,material_entity,material_system,0.3690803050994873,22,7,7,22,12,2,2,12,0.16666666666666666,10,1,11,2.6666666666666665,0.3333333333333333,5,9,6,0.2608695652173913,2.2526839661632767,154,1,1,0,1,0,0,1,5,6,1,2022,2023-2026,0,0.7435034398610655,0.08294412481768201,0.7015576323987539,0.563956386292835,0.6861889927310487,0,256
CC3BA67827F,CFBB5A400A1,ionic-electronic coupling,cation-anion thermodiffusion asymmetry,transport_mechanism,transport_mechanism,0.3930237889289856,39,8,8,39,27,5,5,27,0.18518518518518517,11,3,14,2.3333333333333335,0.6666666666666666,29,6,5,0.11904761904761904,1.5990467329912195,312,1,1,1,0,0,1,0,3,3,0,2022,2023-2026,1,0.36431728102271316,0.10737456994049721,0.7346832814122535,0.47600207684319834,0.6853582554517134,0,257
C09EB3A5CE5,C7932B1CE8C,potassium iodide (KI),chaotropic polymer-water disruption,material_entity,gel_microstructure,0.19283586740493774,8,17,8,17,2,4,2,4,0.5,1,2,3,0.3333333333333333,0.0,23,4,4,0.19047619047619047,1.3649754478773422,136,1,1,0,0,1,0,1,5,6,1,2022,2023-2026,0,0.7420906551900258,0.12262215030918647,0.7865005192107997,0.35122533748701973,0.6841121495327103,0,258
C4C9A1FEBD0,CC27710F85E,As2Te3,Sb2Se3,material_entity,material_entity,0.7862333059310913,9,12,9,12,2,2,2,2,1.0,0,0,0,-0.3333333333333333,-0.6666666666666666,29,5,8,0.6153846153846154,2.6635617584922127,108,1,1,1,1,0,0,0,0,0,0,2022,2023-2026,0,0.3012469941140277,0.08445103019440975,0.6794392523364485,0.610539979231568,0.6841121495327103,0,259
C23B9BED21A,C9910E60ABA,ionic conduction,carbon nanotube,transport_mechanism,material_entity,0.2353271245956421,35,28,28,35,36,33,33,36,0.9166666666666666,9,20,29,0.6666666666666666,4.666666666666667,30,13,6,0.10526315789473684,1.6929640864699818,980,1,1,0,0,1,0,2,11,13,1,2022,2023-2026,0,0.13783214262978535,0.10476576554441774,0.7087227414330218,0.5340498442367602,0.6834890965732088,0,260
C3848258807,CEA29EF1A99,Al2O3,thermal-gradient heat-transfer control,material_entity,device_mechanism,-0.0038771750405430794,8,16,8,16,8,13,8,13,0.6153846153846154,3,7,10,0.6666666666666666,1.0,27,9,1,0.043478260869565216,0.267546386419054,128,1,1,0,0,1,0,0,8,8,0,2022,2023-2026,0,0.4088839849546183,0.17488763096628748,0.8433021806853583,0.14819314641744546,0.683073727933541,0,261
C2378F90E64,CADCC57C7F1,anharmonic phonon transport,SnSe,solid_state_mechanism,material_entity,0.46761229634284973,29,15,15,29,29,11,11,29,0.3793103448275862,16,5,21,2.6666666666666665,0.6666666666666666,9,7,9,0.2571428571428571,3.1427476883153473,435,1,1,0,0,1,0,0,0,0,0,2022,2023-2026,0,0.5007775393790371,0.06279486220598876,0.6280373831775701,0.7251194184839045,0.6799584631360333,0,262
C08389FD6C6,C3DA2C4151E,moisture-gradient ion transport,aqueous electrolyte,transport_mechanism,material_system,0.26548945903778076,33,7,7,33,27,2,2,27,0.07407407407407407,17,1,18,3.6666666666666665,0.3333333333333333,20,9,6,0.17647058823529413,2.2901997518092747,231,1,1,0,0,1,0,4,5,9,1,2022,2023-2026,0,0.7898119645977935,0.08127269291432725,0.6989615784008307,0.5471028037383177,0.6799584631360331,0,263
C3F66DD37CA,C962BA9CB74,H2O,TeO2,material_entity,material_entity,0.8013855218887329,11,21,11,21,4,6,4,6,0.6666666666666666,2,0,2,0.6666666666666666,0.0,8,15,6,0.23076923076923078,2.1943967255664827,231,1,1,1,1,0,0,2,0,2,0,2022,2023-2026,0,0.39766191576424503,0.08440385020607293,0.6855659397715472,0.5668431983385255,0.6785046728971963,0,264
C438FE53FF1,C78D65254F9,lithium chloride (LiCl),phase transition,material_entity,phase_or_species_transition,0.1856328547000885,6,51,6,51,4,48,4,48,0.08333333333333333,2,17,19,0.3333333333333333,1.3333333333333333,23,19,2,0.03636363636363636,0.7204454669665254,306,1,1,0,0,1,0,2,5,7,1,2022,2023-2026,0,0.19795952502069708,0.16351030089622184,0.8061266874350986,0.2746313603322949,0.6774662512980271,0,265
C2378F90E64,C63ED77BD64,anharmonic phonon transport,band engineering,solid_state_mechanism,solid_state_mechanism,0.39108091592788696,29,8,8,29,29,5,5,29,0.1724137931034483,16,4,20,2.6666666666666665,1.0,9,3,3,0.08823529411764706,1.0231747293527256,232,1,1,1,0,0,1,0,0,0,0,2022,2023-2026,0,0.7244437751421585,0.11228576458173625,0.7623052959501557,0.3757320872274143,0.6762201453790239,0,266
C7713A07951,CE4B0E242E7,urea,interfacial charge transfer,material_entity,electrode_interface,0.0723181813955307,15,35,15,35,4,21,4,21,0.19047619047619047,0,8,8,-0.3333333333333333,1.3333333333333333,13,29,1,0.02040816326530612,0.2729584204093974,525,1,1,0,0,1,0,2,6,8,1,2022,2023-2026,0,0.10814425370041518,0.18174078853360473,0.82803738317757,0.1902180685358255,0.6758047767393561,0,267
C2106B674B9,C23B9BED21A,iodide/triiodide,ionic conduction,material_entity,transport_mechanism,0.16469316184520721,4,35,4,35,3,36,3,36,0.08333333333333333,0,9,9,-0.3333333333333333,0.6666666666666666,9,30,3,0.08333333333333333,1.0130375165963514,140,1,1,0,0,1,0,7,2,9,1,2022,2023-2026,0,0.2799476095753062,0.16125115527195036,0.8078920041536864,0.2598338525441329,0.6749740394600208,0,268
CBF24CD6AF1,CE6FC512ED2,electronic-structure modulation,dynamic crosslinked gel network,solid_state_mechanism,gel_microstructure,0.2454649806022644,74,26,26,74,147,9,9,147,0.061224489795918366,51,7,58,5.0,1.6666666666666667,29,3,8,0.08695652173913043,2.343831177409523,1924,1,1,0,0,0,1,0,2,2,0,2022,2023-2026,0,0.011954091299195212,0.09531768582175763,0.6545171339563863,0.6336344755970924,0.674558670820353,0,269
C45C8AAD12E,C46747A02A1,charge-transfer resistance engineering,ion-pairing and complexation,electrode_interface,solvation_entropy,0.22788813710212708,39,31,31,39,20,16,16,20,0.8,8,8,16,1.0,1.0,28,11,9,0.14754098360655737,2.552326278112894,1209,1,1,0,0,0,1,8,4,12,1,2022,2023-2026,1,0.567565656221368,0.07012529607271178,0.6573208722741434,0.6284423676012462,0.6737279335410176,0,270
C46747A02A1,CF10FA3299B,ion-pairing and complexation,V2O5,solvation_entropy,material_entity,0.3128141760826111,31,12,12,31,16,4,4,16,0.25,8,1,9,1.0,0.0,11,11,5,0.13157894736842105,1.9794206124395255,372,1,1,0,0,1,0,4,0,4,0,2022,2023-2026,0,0.36602635504295394,0.10039976670143887,0.7133956386292835,0.49217030114226373,0.6737279335410176,0,271
C25D09DDC57,CB40B685934,Fe2+/Fe3+ solvation redox chemistry,CuCr1,redox_chemistry,material_entity,0.16221842169761658,17,6,6,17,10,2,2,10,0.2,5,1,6,1.0,0.3333333333333333,29,11,5,0.2777777777777778,1.6106477705175233,102,1,1,0,0,1,0,19,0,19,0,2022,2023-2026,0,0.8338270166671742,0.10158344181268843,0.7443406022845275,0.4107580477673935,0.6712357217030115,0,272
C8739CADFFB,C9910E60ABA,P3HT,carbon nanotube,material_entity,material_entity,0.37437278032302856,6,28,6,28,4,33,4,33,0.12121212121212122,3,20,23,0.6666666666666666,4.666666666666667,3,13,4,0.13333333333333333,2.211120021437315,168,1,1,1,1,0,0,0,11,11,0,2022,2023-2026,0,0.42788476372941453,0.09413372811340513,0.7079958463136033,0.503509865005192,0.6706126687435099,0,273
CBF24CD6AF1,CBFAB31D6E6,electronic-structure modulation,electrostatic interaction,solid_state_mechanism,solvation_entropy,0.2530893087387085,74,16,16,74,147,6,6,147,0.04081632653061224,51,3,54,5.0,0.6666666666666666,29,7,9,0.1111111111111111,2.51084325589398,1184,1,1,0,0,0,1,0,1,1,0,2022,2023-2026,0,0.01684506410645892,0.08769257522369855,0.6395638629283489,0.65730010384216,0.6706126687435098,0,274
C9910E60ABA,CEF493304A1,carbon nanotube,[BF4],material_entity,material_entity,0.4807702600955963,28,2,2,28,33,2,2,33,0.06060606060606061,20,2,22,4.666666666666667,0.6666666666666666,13,0,1,0.034482758620689655,0.3001016285004131,56,1,1,1,1,0,0,11,0,11,0,2022,2023-2026,0,0.8635453045335596,0.12609622125158587,0.7977154724818276,0.2644444444444444,0.6679127725856698,0,275
C188B56F6F1,C3848258807,ion-selectivity membrane transport,Al2O3,transport_mechanism,material_entity,0.12453853338956833,42,8,8,42,23,8,8,23,0.34782608695652173,11,3,14,2.0,0.6666666666666666,23,27,3,0.06382978723404255,1.1383799118687281,336,1,1,0,0,1,0,9,0,9,0,2022,2023-2026,0,0.12544879415640733,0.15642817530154773,0.7878504672897196,0.2978089304257529,0.6672897196261682,0,276
CC27710F85E,CFC9D296861,Sb2Se3,Bi2Se3,material_entity,material_entity,0.5146215558052063,12,17,12,17,2,8,2,8,0.25,0,2,2,-0.6666666666666666,-0.3333333333333333,5,12,11,0.6111111111111112,4.284376105425209,204,1,1,1,1,0,0,0,0,0,0,2022,2023-2026,0,0.15816895627617136,0.06642153146084394,0.6176531671858774,0.6988681204569055,0.6670820353063345,0,277
C46747A02A1,C77E2C49599,ion-pairing and complexation,bacterial cellulose,solvation_entropy,material_entity,0.11070732027292252,31,6,6,31,16,3,3,16,0.1875,8,3,11,1.0,1.0,11,0,2,0.05714285714285714,0.6341829204284783,186,1,1,0,0,1,0,4,0,4,0,2022,2023-2026,1,0.5364978664376626,0.15315428550805518,0.8143302180685359,0.21330218068535828,0.666251298026999,0,278
C101F2A9CFC,C7B823B5BB0,chitosan,poly(vinyl alcohol) (PVA),material_entity,material_entity,0.3894665837287903,6,22,6,22,3,11,3,11,0.2727272727272727,1,6,7,0.3333333333333333,1.3333333333333333,8,8,4,0.16666666666666666,1.2007303148824031,132,1,1,1,1,0,0,0,2,2,0,2022,2023-2026,0,0.26866190175021687,0.1155282791672304,0.7424714434060229,0.393748701973001,0.6645898234683281,0,279
C1DF01A6473,C9642D16DCA,PEDOT:PSS,graphene oxide,material_entity,material_entity,0.3514316976070404,36,18,18,36,46,9,9,46,0.1956521739130435,30,5,35,6.333333333333333,1.0,10,10,9,0.2,2.5241161233018476,648,1,1,1,1,0,0,0,4,4,0,2022,2023-2026,0,0.3666884115535973,0.061261976474266414,0.6146417445482867,0.6958982346832814,0.6635514018691588,0,280
C7342726E8E,C9642D16DCA,Mg2Si,graphene oxide,material_entity,material_entity,0.25889891386032104,4,18,4,18,7,9,7,9,0.7777777777777778,2,5,7,0.3333333333333333,1.0,10,10,1,0.047619047619047616,0.23233849357411737,72,1,1,1,1,0,0,0,4,4,0,2022,2023-2026,0,0.3664577587358539,0.162126132098069,0.815472481827622,0.18125649013499479,0.6625129802699897,0,281
C45C8AAD12E,C78D65254F9,charge-transfer resistance engineering,phase transition,electrode_interface,phase_or_species_transition,0.10874047875404358,39,51,39,51,20,48,20,48,0.4166666666666667,8,17,25,1.0,1.3333333333333333,28,19,14,0.18421052631578946,4.734005240926598,1989,1,1,0,0,0,1,8,5,13,1,2022,2023-2026,1,0.10755382919714224,0.06557874487327131,0.6072689511941849,0.7210488058151608,0.6608515057113187,0,282
CB02CED7099,CBF24CD6AF1,carrier-concentration optimization,electronic-structure modulation,solid_state_mechanism,solid_state_mechanism,0.5305975675582886,63,74,63,74,83,147,83,147,0.564625850340136,28,51,79,2.6666666666666665,5.0,30,29,37,0.37,14.861844629086008,4662,1,1,1,0,0,1,0,0,0,0,2022,2023-2026,0,2.345207191056961e-05,0.06663158668562487,0.5701973001038422,0.918546209761163,0.6600207684319833,0,283
C101F2A9CFC,C188B56F6F1,chitosan,ion-selectivity membrane transport,material_entity,transport_mechanism,0.0982397198677063,6,42,6,42,3,23,3,23,0.13043478260869565,1,11,12,0.3333333333333333,2.0,8,23,4,0.09090909090909091,1.2566993816120215,252,1,1,0,0,1,0,0,9,9,0,2022,2023-2026,1,0.36908408830822553,0.12758303994568154,0.7711318795430945,0.3157528556593977,0.6591900311526481,0,284
C09EB3A5CE5,CC5968B917E,potassium iodide (KI),convection and mass transport,material_entity,transport_mechanism,0.0649542510509491,8,11,8,11,2,8,2,8,0.25,1,2,3,0.3333333333333333,0.3333333333333333,23,23,3,0.1875,1.0868462695345253,88,1,1,0,0,1,0,1,11,12,1,2022,2023-2026,0,0.41911560828142685,0.13871257798005773,0.7905503634475597,0.26471443406022843,0.6589823468328142,0,285
C5B8C057FAD,C8AD5B453CC,metal oxide,ion diffusion,material_system,transport_mechanism,0.1299424022436142,13,42,13,42,9,19,9,19,0.47368421052631576,4,12,16,1.0,3.0,21,23,6,0.12244897959183673,1.6486619698699352,546,1,1,0,0,1,0,2,2,4,1,2022,2023-2026,0,0.20601288079223828,0.1017552490899274,0.7080996884735203,0.4519003115264798,0.6544132917964693,0,286
C2866DCD56B,C96681C9193,PEDOT,ion channels,material_entity,transport_mechanism,0.08753732591867447,44,12,12,44,55,2,2,55,0.03636363636363636,34,1,35,6.0,0.0,10,3,5,0.09803921568627451,1.3731061740258033,528,1,1,0,0,1,0,2,1,3,1,2022,2023-2026,0,0.7527796136484685,0.09405804291903422,0.72533748701973,0.41929387331256485,0.6539979231568017,0,287
C23B9BED21A,CCFD9A81EEE,ionic conduction,solid electrolyte,transport_mechanism,material_system,0.35529035329818726,35,11,11,35,36,8,8,36,0.2222222222222222,9,3,12,0.6666666666666666,0.6666666666666666,30,25,5,0.12195121951219512,1.9292014875526324,385,1,1,0,0,1,0,2,1,3,1,2022,2023-2026,0,0.028500473891160966,0.10580612335451597,0.6840083073727934,0.5005192107995846,0.6525441329179646,0,288
C3D74C503D4,C3F66DD37CA,Bi2Te3,H2O,material_entity,material_entity,0.4117263853549957,37,11,11,37,24,4,4,24,0.16666666666666666,6,2,8,0.0,0.6666666666666666,15,8,7,0.17073170731707318,2.9672650913551584,407,1,1,1,1,0,0,0,2,2,0,2022,2023-2026,0,0.039965902684663844,0.0819941116325067,0.6357217030114226,0.6162305295950156,0.6523364485981309,0,289
CE6FC512ED2,CF4A6A0344F,dynamic crosslinked gel network,ion migration,gel_microstructure,transport_mechanism,0.1257532238960266,26,27,26,27,9,17,9,17,0.5294117647058824,7,9,16,1.6666666666666667,2.3333333333333335,3,29,4,0.08163265306122448,1.0154089147014378,702,1,1,0,0,0,1,2,1,3,1,2022,2023-2026,0,0.383673016755771,0.11391755970036382,0.7470404984423675,0.3451401869158879,0.6523364485981308,0,290
CC27710F85E,CD9ECDD15B4,Sb2Se3,Sb2S3,material_entity,material_entity,0.9716421365737915,12,9,9,12,2,2,2,2,1.0,0,0,0,-0.6666666666666666,-0.3333333333333333,5,12,8,0.6153846153846154,2.6635617584922127,108,1,1,1,1,0,0,0,0,0,0,2022,2023-2026,0,0.5181467048907911,0.06440191184242865,0.6359293873312564,0.6142782969885773,0.6517133956386293,0,291
C188B56F6F1,CDDD624085F,ion-selectivity membrane transport,deep-eutectic eutogel electrolyte,transport_mechanism,material_system,0.20245712995529175,42,11,11,42,23,4,4,23,0.17391304347826086,11,1,12,2.0,0.0,23,7,7,0.15217391304347827,2.2366693339477997,462,1,1,0,0,1,0,9,0,9,0,2022,2023-2026,0,0.4184192990199385,0.07841549118773754,0.6708203530633438,0.534693665628245,0.6512980269989617,0,292
C5E47CC0A62,C845F498233,Hofmeister/chaotropic effect,ion-dipole interaction,gel_microstructure,solvation_entropy,0.33552786707878113,12,5,5,12,3,2,2,3,0.6666666666666666,2,1,3,0.3333333333333333,0.0,4,3,3,0.21428571428571427,1.151509996000849,60,1,1,0,0,0,1,2,1,3,1,2022,2023-2026,0,0.9671554917807609,0.09472970006713498,0.739563862928349,0.3523779854620976,0.649428868120457,0,293
C188B56F6F1,C7802AE4324,ion-selectivity membrane transport,deep eutectic solvent,transport_mechanism,material_system,0.2139168679714203,42,11,11,42,23,4,4,23,0.17391304347826086,11,1,12,2.0,0.0,23,7,7,0.15217391304347827,2.2366693339477997,462,1,1,0,0,1,0,9,0,9,0,2022,2023-2026,0,0.4223248030607756,0.07611366191944485,0.6654205607476635,0.5388058151609554,0.6490134994807891,0,294
C2866DCD56B,C38C7EC2077,PEDOT,ethylene glycol,material_entity,material_entity,0.4461818337440491,44,22,22,44,55,12,12,55,0.21818181818181817,34,4,38,6.0,0.6666666666666666,10,20,13,0.24528301886792453,4.629213579163014,968,1,1,1,1,0,0,2,0,2,0,2022,2023-2026,0,0.10437839682188933,0.05246727595865112,0.5655244029075804,0.8238213914849428,0.6490134994807891,0,295
C2866DCD56B,C9642D16DCA,PEDOT,graphene oxide,material_entity,material_entity,0.3667319416999817,44,18,18,44,55,9,9,55,0.16363636363636364,34,5,39,6.0,1.0,10,10,10,0.19230769230769232,2.867372805394077,792,1,1,1,1,0,0,2,4,6,1,2022,2023-2026,0,0.4320898405854075,0.05061505416546306,0.5868120456905503,0.7315264797507789,0.6465212876427829,0,296
C44799FE290,C5B8C057FAD,defect engineering,metal oxide,solid_state_mechanism,material_system,0.2733878493309021,22,13,13,22,13,9,9,13,0.6923076923076923,5,4,9,1.6666666666666667,1.0,27,21,5,0.16666666666666666,1.5527154586923526,286,1,1,0,0,1,0,0,2,2,0,2022,2023-2026,0,0.13095257930293944,0.1010803062722128,0.6957424714434061,0.4539771547248183,0.6444444444444445,0,297
C78D65254F9,CE4B0E242E7,phase transition,interfacial charge transfer,phase_or_species_transition,electrode_interface,0.15270546078681946,51,35,35,51,48,21,21,48,0.4375,17,8,25,1.3333333333333333,1.3333333333333333,19,29,14,0.19444444444444445,4.725697247273267,1785,1,1,0,0,0,1,5,6,11,1,2022,2023-2026,0,0.06328259909698025,0.061639588897956135,0.5834890965732087,0.7367497403946002,0.643613707165109,0,298
CBF24CD6AF1,CFE4361F368,electronic-structure modulation,charge-carrier mobility,solid_state_mechanism,solid_state_mechanism,0.5557985305786133,74,43,43,74,147,36,36,147,0.24489795918367346,51,13,64,5.0,1.6666666666666667,29,27,30,0.3448275862068966,10.683312486170584,3182,1,1,1,0,0,1,0,0,0,0,2022,2023-2026,0,0.0005194331802941608,0.06040105044522165,0.5483904465212877,0.9144444444444444,0.6423676012461059,0,299
C188B56F6F1,C2866DCD56B,ion-selectivity membrane transport,PEDOT,transport_mechanism,material_entity,0.1402878761291504,42,44,42,44,23,55,23,55,0.41818181818181815,11,34,45,2.0,6.0,23,10,14,0.19444444444444445,5.164558210972568,1848,1,1,0,0,1,0,9,2,11,1,2022,2023-2026,0,0.08720969234147367,0.055650058775590754,0.5711318795430945,0.7581308411214952,0.6413291796469366,0,300
C23B9BED21A,C6775C55BEF,ionic conduction,superionic transition,transport_mechanism,solid_state_mechanism,0.6544279456138611,35,14,14,35,36,15,15,36,0.4166666666666667,9,2,11,0.6666666666666666,-0.6666666666666666,30,18,11,0.2894736842105263,3.3115733919912853,490,1,1,0,0,0,1,2,0,2,0,2022,2023-2026,0,0.12107398898735758,0.05475959428608796,0.57601246105919,0.740841121495327,0.6411214953271027,0,301
C075A0D1B79,CFC9D296861,Sb2Te3,Bi2Se3,material_entity,material_entity,0.8361893892288208,17,17,17,17,9,8,8,9,0.8888888888888888,1,2,3,-0.3333333333333333,-0.3333333333333333,12,12,9,0.36,3.047537222032071,289,1,1,1,1,0,0,0,0,0,0,2022,2023-2026,0,0.19017039432882987,0.058811357876937295,0.5949117341640706,0.6803219106957424,0.640913811007269,0,302
C9AFE334F36,CB02CED7099,phonon scattering,carrier-concentration optimization,solid_state_mechanism,solid_state_mechanism,0.3964090645313263,49,63,49,63,49,83,49,83,0.5903614457831325,18,28,46,1.6666666666666667,2.6666666666666665,29,30,33,0.4177215189873418,12.47035871495965,3087,1,1,1,0,0,1,0,0,0,0,2022,2023-2026,0,0.000732587618971272,0.05984353399465602,0.5470404984423676,0.8957943925233645,0.6402907580477674,0,303
C45C8AAD12E,C7713A07951,charge-transfer resistance engineering,urea,electrode_interface,material_entity,0.04276426136493683,39,15,15,39,20,4,4,20,0.2,8,0,8,1.0,-0.3333333333333333,28,13,3,0.058823529411764705,0.90819494275368,585,1,1,0,0,1,0,8,2,10,1,2022,2023-2026,0,0.2052248512362819,0.1285285971929711,0.7622014537902388,0.270404984423676,0.6398753894080997,0,304
C2F611E9EEA,C45C8AAD12E,clathrate,charge-transfer resistance engineering,material_system,electrode_interface,0.18427833914756775,13,39,13,39,11,20,11,20,0.55,0,8,8,-0.3333333333333333,1.0,19,28,8,0.18181818181818182,2.8306088011330086,507,1,1,0,0,1,0,1,8,9,1,2022,2023-2026,0,0.20043601463558958,0.06942796202220446,0.6315680166147456,0.5766355140186915,0.6396677050882658,0,305
C1DF01A6473,C38C7EC2077,PEDOT:PSS,ethylene glycol,material_entity,material_entity,0.39893895387649536,36,22,22,36,46,12,12,46,0.2608695652173913,30,4,34,6.333333333333333,0.6666666666666666,10,20,10,0.20833333333333334,3.2518912091609273,792,1,1,1,1,0,0,0,0,0,0,2022,2023-2026,0,0.11700502649934141,0.05370625075180998,0.5706126687435098,0.754288681204569,0.6390446521287643,0,306
C5FB209FC2D,C9910E60ABA,F4TCNQ,carbon nanotube,material_entity,material_entity,0.43763643503189087,2,28,2,28,2,33,2,33,0.06060606060606061,2,20,22,0.6666666666666666,4.666666666666667,1,13,1,0.034482758620689655,0.5581106265512472,56,1,1,1,1,0,0,0,11,11,0,2022,2023-2026,0,0.5056533548144883,0.11761830414658092,0.7612668743509865,0.2717964693665628,0.6386292834890966,0,307
C7B3E023ED0,CCAABE058E7,Cu2Se,ferri/ferrocyanide redox chemistry,material_entity,redox_chemistry,0.20584899187088013,18,27,18,27,17,21,17,21,0.8095238095238095,8,3,11,1.3333333333333333,-0.6666666666666666,11,29,6,0.15384615384615385,1.646645570915053,486,1,1,0,0,1,0,0,36,36,0,2022,2023-2026,0,0.955723290030376,0.06915602253437353,0.6747663551401869,0.47797507788161997,0.6382139148494288,0,308
CADCC57C7F1,CB314592CFB,SnSe,precipitation and species redistribution,material_entity,phase_or_species_transition,0.17432431876659393,15,11,11,15,11,5,5,11,0.45454545454545453,5,3,8,0.6666666666666666,1.0,7,6,3,0.13043478260869565,1.0564229360453976,165,1,1,0,0,1,0,0,0,0,0,2022,2023-2026,0,0.4663080744583596,0.11454534127559626,0.7542056074766355,0.2953271028037383,0.6380062305295952,0,309
C00DD823894,CB530564ED0,organic redox molecular design,skutterudite,redox_chemistry,material_system,0.04864470288157463,10,15,10,15,8,26,8,26,0.3076923076923077,3,4,7,0.3333333333333333,0.6666666666666666,9,21,0,0.0,0.0,150,1,1,0,0,1,0,2,0,2,0,2022,2023-2026,0,0.11289787054190081,0.15757320564858543,0.7866043613707165,0.11916926272066457,0.6334371754932503,0,310
C46747A02A1,C50BCAA1E15,ion-pairing and complexation,P2O5,solvation_entropy,material_entity,0.2736472189426422,31,7,7,31,16,3,3,16,0.1875,8,2,10,1.0,0.6666666666666666,11,11,5,0.15151515151515152,1.8968026374417264,217,1,1,0,0,1,0,4,0,4,0,2022,2023-2026,0,0.39038518979637177,0.07978536603841035,0.6730010384215992,0.4655140186915887,0.6330218068535826,0,311
C4CEC954E12,C7713A07951,platinum electrode,urea,material_entity,material_entity,0.3533197045326233,22,15,15,22,9,4,4,9,0.4444444444444444,1,0,1,-0.3333333333333333,-0.3333333333333333,26,13,7,0.23333333333333334,2.645323908610855,330,1,1,1,1,0,0,6,2,8,1,2022,2023-2026,0,0.1333617738017889,0.0688809966433883,0.6212876427829699,0.5786604361370715,0.6317757009345795,0,312
CC3BA67827F,CC5968B917E,ionic-electronic coupling,convection and mass transport,transport_mechanism,transport_mechanism,0.39798370003700256,39,11,11,39,27,8,8,27,0.2962962962962963,11,2,13,2.3333333333333335,0.3333333333333333,29,23,5,0.1111111111111111,1.925648141328275,429,1,1,1,0,0,1,0,11,11,0,2022,2023-2026,0,0.3049558804080147,0.07145186562425633,0.64797507788162,0.5066770508826582,0.6303219106957425,0,313
C58F3B85353,CF203EF8121,thermoresponsive micellization p/n conversion,Eastman entropy of transfer,phase_or_species_transition,solvation_entropy,0.3077676296234131,4,10,4,10,2,7,2,7,0.2857142857142857,1,2,3,0.0,-1.0,5,5,1,0.07692307692307693,0.3396232718951086,40,1,1,0,0,0,1,1,2,3,1,2022,2023-2026,0,0.9250194173696785,0.1112314161985368,0.7711318795430945,0.1958670820353063,0.6280373831775702,0,314
C311C0E1A8F,CB56BB4DDB0,SbCl3,carbon-electrode redox interface,material_entity,electrode_interface,0.11199748516082764,12,13,12,13,4,5,4,5,0.8,1,1,2,0.0,-0.3333333333333333,13,9,5,0.25,2.0136486734250774,156,1,1,0,0,1,0,0,7,7,0,2022,2023-2026,0,0.6672818035768855,0.08026616493921387,0.6905503634475596,0.4210488058151609,0.6280373831775701,0,315
C3002C089A5,C44799FE290,ionic thermodiffusion (Soret effect),defect engineering,transport_mechanism,solid_state_mechanism,0.22598892450332642,46,22,22,46,42,13,13,42,0.30952380952380953,26,5,31,5.666666666666667,1.6666666666666667,23,27,4,0.0625,1.0852810206800056,1012,1,1,0,0,0,1,15,0,15,0,2022,2023-2026,0,0.6653584214274224,0.08026531632056959,0.6895119418483905,0.4218587746625129,0.6276220145379023,0,316
C23B9BED21A,C2866DCD56B,ionic conduction,PEDOT,transport_mechanism,material_entity,0.26650410890579224,35,44,35,44,36,55,36,55,0.6545454545454545,9,34,43,0.6666666666666666,6.0,30,10,8,0.11267605633802817,2.3841257046128046,1540,1,1,0,0,1,0,2,2,4,1,2022,2023-2026,0,0.014898408151916029,0.07025111644962764,0.5925233644859813,0.6453271028037383,0.6265835929387331,0,317
CA120BDE1A0,CC27710F85E,Bi2S3,Sb2Se3,material_entity,material_entity,0.7881977558135986,11,12,11,12,4,2,2,4,0.5,1,0,1,-0.3333333333333333,-0.6666666666666666,12,5,8,0.5333333333333333,2.701648980381385,132,1,1,1,1,0,0,0,0,0,0,2022,2023-2026,0,0.3408747125106356,0.05657833126089707,0.5995846313603322,0.6206853582554517,0.62533748701973,0,318
C9AFE334F36,CB727037BDD,phonon scattering,lattice thermal-conductivity suppression,solid_state_mechanism,solid_state_mechanism,0.6227576732635498,49,37,37,49,49,54,49,54,0.9074074074074074,18,25,43,1.6666666666666667,3.6666666666666665,29,18,26,0.43333333333333335,11.890994735010278,1813,1,1,1,0,0,1,0,0,0,0,2022,2023-2026,0,0.02223824853923472,0.04823336062272963,0.5244029075804777,0.9051090342679128,0.6253374870197299,0,319
CCAABE058E7,CD515CCF7C2,ferri/ferrocyanide redox chemistry,polaron hopping,redox_chemistry,solid_state_mechanism,0.16953127086162567,27,18,18,27,21,18,18,21,0.8571428571428571,3,2,5,-0.6666666666666666,-1.0,29,27,4,0.0975609756097561,1.108941310480914,486,1,1,0,0,0,1,36,0,36,0,2022,2023-2026,0,0.947561885544448,0.09191786905346035,0.7272066458982347,0.32902388369678087,0.6245067497403947,0,320
C188B56F6F1,C44799FE290,ion-selectivity membrane transport,defect engineering,transport_mechanism,solid_state_mechanism,0.1878129243850708,42,22,22,42,23,13,13,23,0.5652173913043478,11,5,16,2.0,1.6666666666666667,23,27,2,0.03225806451612903,0.5488128004817823,924,1,1,0,0,0,1,9,0,9,0,2022,2023-2026,0,0.19666624710769065,0.11427955625746054,0.7349948078920042,0.2965732087227414,0.6238836967808931,0,321
C46747A02A1,C58F3B85353,ion-pairing and complexation,thermoresponsive micellization p/n conversion,solvation_entropy,phase_or_species_transition,0.28562530875205994,31,4,4,31,16,2,2,16,0.125,8,1,9,1.0,0.0,11,5,1,0.029411764705882353,0.9102392266268373,124,1,1,0,0,0,1,4,1,5,1,2022,2023-2026,0,0.8580240897656427,0.10464004928869693,0.7538940809968846,0.24544132917964692,0.6232606438213916,0,322
C3848258807,C3970EB273E,Al2O3,gelatin,material_entity,material_entity,0.3326430022716522,8,21,8,21,8,7,7,8,0.875,3,7,10,0.6666666666666666,2.3333333333333335,27,2,1,0.03571428571428571,0.25433477814404226,168,1,1,1,1,0,0,0,4,4,0,2022,2023-2026,0,0.30578065819751554,0.12139485441260021,0.7547248182762202,0.23087227414330216,0.62263759086189,0,323
C45C8AAD12E,CFC9D296861,charge-transfer resistance engineering,Bi2Se3,electrode_interface,material_entity,0.19915136694908142,39,17,17,39,20,8,8,20,0.4,8,2,10,1.0,-0.3333333333333333,28,12,10,0.21739130434782608,3.4276365539878477,663,1,1,0,0,1,0,8,0,8,0,2022,2023-2026,0,0.1756293452713169,0.055039588140631784,0.5834890965732087,0.6561370716510903,0.622429906542056,0,324
C275FB7C4B0,CB727037BDD,iodide/triiodide redox chemistry,lattice thermal-conductivity suppression,redox_chemistry,solid_state_mechanism,0.10450920462608337,21,37,21,37,18,54,18,54,0.3333333333333333,9,25,34,1.6666666666666667,3.6666666666666665,12,18,5,0.09433962264150944,1.372590977353237,777,1,1,0,0,0,1,8,0,8,0,2022,2023-2026,0,0.32238489164263867,0.08314497403764826,0.6770508826583593,0.4305192107995846,0.6222222222222223,0,325
C08389FD6C6,C1DF01A6473,moisture-gradient ion transport,PEDOT:PSS,transport_mechanism,material_entity,0.11203771829605103,33,36,33,36,27,46,27,46,0.5869565217391305,17,30,47,3.6666666666666665,6.333333333333333,20,10,17,0.3269230769230769,5.713518645980297,1188,1,1,0,0,1,0,4,0,4,0,2022,2023-2026,1,0.15372360234715002,0.04580338731308358,0.5434060228452752,0.7814018691588784,0.6218068535825545,0,326
C1233ADA4A4,C3F66DD37CA,BF4,H2O,material_entity,material_entity,0.6711276769638062,4,11,4,11,5,4,4,5,0.8,1,2,3,0.0,0.6666666666666666,11,8,3,0.25,0.8202505766209265,44,1,1,1,1,0,0,0,2,2,0,2022,2023-2026,0,0.4878125298189492,0.09062686131255453,0.7018691588785048,0.36533748701972996,0.6201453790238838,0,327
CB02CED7099,CFE4361F368,carrier-concentration optimization,charge-carrier mobility,solid_state_mechanism,solid_state_mechanism,0.6653677225112915,63,43,43,63,83,36,36,83,0.43373493975903615,28,13,41,2.6666666666666665,1.6666666666666667,30,27,29,0.37662337662337664,10.497248772058091,2709,1,1,1,0,0,1,0,0,0,0,2022,2023-2026,0,0.0018130549721088376,0.04955868706779385,0.5179646936656283,0.9089304257528555,0.619730010384216,0,328
C2AB2ABA9A6,CF203EF8121,dimethyl sulfoxide (DMSO),Eastman entropy of transfer,material_entity,solvation_entropy,0.2856424152851105,12,10,10,12,7,7,7,7,1.0,1,2,3,-1.3333333333333333,-1.0,9,5,2,0.1,0.7163088698776429,120,1,1,0,0,1,0,1,2,3,1,2022,2023-2026,0,0.7172452522934978,0.10275777547221528,0.7429906542056075,0.2522533748701973,0.6186915887850467,0,329
C2F611E9EEA,C78D65254F9,clathrate,phase transition,material_system,phase_or_species_transition,0.2595999240875244,13,51,13,51,11,48,11,48,0.22916666666666666,0,17,17,-0.3333333333333333,1.3333333333333333,19,19,6,0.10344827586206896,1.6587088714242224,663,1,1,0,0,1,0,1,5,6,1,2022,2023-2026,0,0.10028427524740537,0.07641762329852525,0.6377985462097612,0.49835929387331257,0.6186915887850467,0,330
C3002C089A5,C41DA9D5B12,ionic thermodiffusion (Soret effect),convection-resolved resistance decomposition,transport_mechanism,transport_mechanism,0.3908458650112152,46,6,6,46,42,2,2,42,0.047619047619047616,26,1,27,5.666666666666667,0.3333333333333333,23,9,1,0.0196078431372549,0.3898712452512801,276,1,1,1,0,0,1,15,1,16,1,2022,2023-2026,0,0.9721747433451748,0.0921550099985423,0.729491173416407,0.30294911734164065,0.618483904465213,0,331
C09EB3A5CE5,C4B2BA55977,potassium iodide (KI),KNO3,material_entity,material_entity,0.6350747346878052,8,10,8,10,2,2,2,2,1.0,1,2,3,0.3333333333333333,0.6666666666666666,23,2,4,0.2857142857142857,1.2836370898388514,80,1,1,1,1,0,0,1,2,3,1,2022,2023-2026,0,0.6592786253740146,0.07242446978268344,0.6715472481827622,0.433343717549325,0.6182762201453791,0,332
C188B56F6F1,C3DA2C4151E,ion-selectivity membrane transport,aqueous electrolyte,transport_mechanism,material_system,0.23413650691509247,42,7,7,42,23,2,2,23,0.08695652173913043,11,1,12,2.0,0.3333333333333333,23,9,6,0.13953488372093023,2.308653032892895,294,1,1,0,0,1,0,9,5,14,1,2022,2023-2026,0,0.7225500287667893,0.05979882902502233,0.6302180685358256,0.5129802699896158,0.6176531671858775,0,333
C9AFE334F36,CEA29EF1A99,phonon scattering,thermal-gradient heat-transfer control,solid_state_mechanism,device_mechanism,0.39970487356185913,49,16,16,49,49,13,13,49,0.2653061224489796,18,7,25,1.6666666666666667,1.0,29,9,7,0.1206896551724138,2.6199550214164273,784,1,1,0,0,0,1,0,8,8,0,2022,2023-2026,0,0.2151208324608975,0.05391256395497484,0.5835929387331257,0.6338836967808931,0.6174454828660436,0,334
CB02CED7099,CB314592CFB,carrier-concentration optimization,precipitation and species redistribution,solid_state_mechanism,phase_or_species_transition,0.1856726109981537,63,11,11,63,83,5,5,83,0.060240963855421686,28,3,31,2.6666666666666665,1.0,30,6,6,0.08823529411764706,2.054236495578288,693,1,1,0,0,0,1,0,0,0,0,2022,2023-2026,0,0.0379939551941402,0.07883486217170117,0.6255451713395639,0.5209553478712357,0.6172377985462097,0,335
C44799FE290,CB314592CFB,defect engineering,precipitation and species redistribution,solid_state_mechanism,phase_or_species_transition,0.1429654359817505,22,11,11,22,13,5,5,13,0.38461538461538464,5,3,8,1.6666666666666667,1.0,27,6,3,0.1,0.7526470876381928,242,1,1,0,0,0,1,0,0,0,0,2022,2023-2026,0,0.4132586936224681,0.10718728710006577,0.7377985462097612,0.2602492211838006,0.6164070612668745,0,336
C188B56F6F1,CAEB010ACF4,ion-selectivity membrane transport,polyethylene glycol (PEG),transport_mechanism,material_entity,0.045327261090278625,42,20,20,42,23,7,7,23,0.30434782608695654,11,3,14,2.0,0.3333333333333333,23,8,10,0.19230769230769232,3.808245598053235,840,1,1,0,0,1,0,9,0,9,0,2022,2023-2026,0,0.2957799770853373,0.05135002598516695,0.5799584631360333,0.6394600207684319,0.6155763239875389,0,337
C37031A3390,C65E336E20C,cellulose,TEMPO,material_entity,material_entity,0.4015286862850189,22,6,6,22,12,2,2,12,0.16666666666666666,10,2,12,2.6666666666666665,0.6666666666666666,5,0,4,0.16666666666666666,1.631531314487356,132,1,1,1,1,0,0,1,0,1,0,2022,2023-2026,0,0.56167224472915,0.07026915557332278,0.6587746625129803,0.44678089304257523,0.6153686396677052,0,338
C6E1ADCF1C9,CC27710F85E,Et3Si,Sb2Se3,material_entity,material_entity,0.7367934584617615,6,12,6,12,2,2,2,2,1.0,0,0,0,-0.3333333333333333,-0.6666666666666666,6,5,4,0.2857142857142857,1.5904342482067104,72,1,1,1,1,0,0,0,0,0,0,2022,2023-2026,0,0.6274626450250242,0.06874921897710795,0.654932502596054,0.45075804776739353,0.6145379023883697,0,339
C9AFE334F36,CBFAB31D6E6,phonon scattering,electrostatic interaction,solid_state_mechanism,solvation_entropy,0.24200093746185303,49,16,16,49,49,6,6,49,0.12244897959183673,18,3,21,1.6666666666666667,0.6666666666666666,29,7,7,0.1206896551724138,2.471065388920161,784,1,1,0,0,0,1,0,1,1,0,2022,2023-2026,0,0.08253950597566327,0.06385771928295515,0.5961578400830738,0.5880477673935618,0.6132917964693666,0,340
C101F2A9CFC,CBFAB31D6E6,chitosan,electrostatic interaction,material_entity,solvation_entropy,0.22334906458854675,6,16,6,16,3,6,3,6,0.5,1,3,4,0.3333333333333333,0.6666666666666666,8,7,2,0.1,0.543312683212069,96,1,1,0,0,1,0,0,1,1,0,2022,2023-2026,0,0.6091132787488288,0.10561372537472714,0.7433021806853584,0.21962616822429903,0.6132917964693666,0,341
C188B56F6F1,C571D324260,ion-selectivity membrane transport,quasi-solid granular electrolyte matrix,transport_mechanism,material_system,0.15602658689022064,42,7,7,42,23,4,4,23,0.17391304347826086,11,2,13,2.0,0.6666666666666666,23,23,2,0.0425531914893617,0.6845787778433003,294,1,1,0,0,1,0,9,0,9,0,2022,2023-2026,0,0.15612722271985618,0.11946797937458366,0.7380062305295949,0.24667705088265837,0.6132917964693666,0,342
C5A69E4FCAA,CF4A6A0344F,Ag2O,ion migration,material_entity,transport_mechanism,0.16117583215236664,9,27,9,27,6,17,6,17,0.35294117647058826,0,9,9,0.0,2.3333333333333335,26,29,5,0.16129032258064516,3.221540076148998,243,1,1,0,0,1,0,1,1,2,1,2022,2023-2026,0,0.07183346543446549,0.07489544997308928,0.6277258566978193,0.5033229491173415,0.6122533748701973,0,343
C06F57A9BCA,C101F2A9CFC,polymer electrolyte,chitosan,material_system,material_entity,0.3922168016433716,13,6,6,13,9,3,3,9,0.3333333333333333,4,1,5,0.6666666666666666,0.3333333333333333,19,8,2,0.11764705882352941,0.5910618395677265,78,1,1,0,1,0,0,2,0,2,0,2022,2023-2026,0,0.19830481850222254,0.11183652113676049,0.7286604361370717,0.27235721703011423,0.609968847352025,0,344
C23B9BED21A,CF4A6A0344F,ionic conduction,ion migration,transport_mechanism,transport_mechanism,0.8135491609573364,35,27,27,35,36,17,17,36,0.4722222222222222,9,9,18,0.6666666666666666,2.3333333333333335,30,29,13,0.2653061224489796,4.125751554352491,945,1,1,1,0,0,1,2,1,3,1,2022,2023-2026,0,0.05130300280177858,0.04482570252824993,0.5169262720664589,0.8131152647975077,0.6087227414330219,0,345
C2378F90E64,CA18CB0B312,anharmonic phonon transport,electron-phonon coupling,solid_state_mechanism,solid_state_mechanism,0.6767318844795227,29,7,7,29,29,3,3,29,0.10344827586206896,16,1,17,2.6666666666666665,0.0,9,9,5,0.16129032258064516,1.8908678437583268,203,1,1,1,0,0,1,0,0,0,0,2022,2023-2026,0,0.7278242977671913,0.05260893677722079,0.6111111111111112,0.5309449636552439,0.6083073727933541,0,346
C23B9BED21A,C5DEA4DF37C,ionic conduction,Zn4Sb3,transport_mechanism,material_entity,0.2142602652311325,35,8,8,35,36,5,5,36,0.1388888888888889,9,4,13,0.6666666666666666,1.0,30,5,4,0.10256410256410256,1.0892604936794656,280,1,1,0,0,1,0,2,0,2,0,2022,2023-2026,0,0.06308073581368463,0.10417165974606578,0.6907580477673936,0.3534371754932503,0.6083073727933541,0,347
C38C7EC2077,C7802AE4324,ethylene glycol,deep eutectic solvent,material_entity,material_system,0.5160785913467407,22,11,11,22,12,4,4,12,0.3333333333333333,4,1,5,0.6666666666666666,0.0,20,7,6,0.2222222222222222,2.0041809825108348,242,1,1,0,1,0,0,0,0,0,0,2022,2023-2026,0,0.11993972593524192,0.06347679843859902,0.6018691588785047,0.5498026998961578,0.6072689511941848,0,348
CB02CED7099,CEA29EF1A99,carrier-concentration optimization,thermal-gradient heat-transfer control,solid_state_mechanism,device_mechanism,0.2621484696865082,63,16,16,63,83,13,13,83,0.1566265060240964,28,7,35,2.6666666666666665,1.0,30,9,8,0.11267605633802817,3.0250498853167795,1008,1,1,0,0,0,1,0,8,8,0,2022,2023-2026,0,0.07522744427712631,0.05370016788679407,0.5607476635514018,0.6594807892004153,0.6070612668743509,0,349
CBD5EA3A3DA,CC27710F85E,[Bi3I12],Sb2Se3,material_entity,material_entity,0.7588469982147217,6,12,6,12,2,2,2,2,1.0,0,0,0,-0.3333333333333333,-0.6666666666666666,6,5,4,0.2857142857142857,1.5904342482067104,72,1,1,1,1,0,0,0,0,0,0,2022,2023-2026,0,0.6346442131493631,0.06533879028542927,0.645067497403946,0.4518795430944963,0.6068535825545172,0,350
C23B9BED21A,C621A7A9629,ionic conduction,polyurethane (PU),transport_mechanism,material_entity,0.1698554903268814,35,8,8,35,36,5,5,36,0.1388888888888889,9,5,14,0.6666666666666666,1.6666666666666667,30,2,2,0.04878048780487805,0.5927161086894965,280,1,1,0,0,1,0,2,0,2,0,2022,2023-2026,0,0.07090282323939849,0.12232352382728022,0.7312564901349948,0.25089304257528555,0.6064382139148495,0,351
C438FE53FF1,C8AD5B453CC,lithium chloride (LiCl),ion diffusion,material_entity,transport_mechanism,0.21685141324996948,6,42,6,42,4,19,4,19,0.21052631578947367,2,12,14,0.3333333333333333,3.0,23,23,4,0.09090909090909091,1.4625330704937376,252,1,1,0,0,1,0,2,2,4,1,2022,2023-2026,0,0.2204984446529735,0.08658754445394895,0.6792315680166148,0.3739148494288681,0.6064382139148494,0,352
C2276A75659,C5B8C057FAD,SrTiO3,metal oxide,material_entity,material_system,0.48264628648757935,7,13,7,13,9,9,9,9,1.0,2,4,6,0.0,1.0,17,21,3,0.17647058823529413,0.821827762642823,91,1,1,0,1,0,0,0,2,2,0,2022,2023-2026,0,0.15949263154376703,0.09388994899019937,0.686085150571132,0.3527518172377985,0.6056074766355141,0,353
C8AD5B453CC,CC3BA67827F,ion diffusion,ionic-electronic coupling,transport_mechanism,transport_mechanism,0.768731951713562,42,39,39,42,19,27,19,27,0.7037037037037037,12,11,23,3.0,2.3333333333333335,23,29,19,0.3064516129032258,6.446313535004439,1638,1,1,1,0,0,1,2,0,2,0,2022,2023-2026,1,0.0924920067584211,0.03955684800204998,0.5003115264797507,0.8760955347871235,0.6049844236760125,0,354
C962BA9CB74,CC028ABF9C6,TeO2,anti-freezing organohydrogel design,material_entity,gel_microstructure,0.13748003542423248,21,37,21,37,6,15,6,15,0.4,0,7,7,0.0,1.0,15,15,8,0.16,2.8708683025799164,777,1,1,0,0,1,0,0,6,6,0,2022,2023-2026,0,0.1673693146101187,0.05858116600879413,0.5909657320872274,0.5639979231568016,0.6024922118380063,0,355
C5DEA4DF37C,C8AD5B453CC,Zn4Sb3,ion diffusion,material_entity,transport_mechanism,0.1265936642885208,8,42,8,42,5,19,5,19,0.2631578947368421,4,12,16,1.0,3.0,5,23,7,0.16279069767441862,2.1180265452597493,336,1,1,0,0,1,0,0,2,2,0,2022,2023-2026,0,0.295291725681541,0.06185620807753794,0.6125649013499481,0.503644859813084,0.6018691588785047,0,356
C7977C03A03,CC5968B917E,BaTiO3,convection and mass transport,material_entity,transport_mechanism,0.10706241428852081,3,11,3,11,2,8,2,8,0.25,0,2,2,0.0,0.3333333333333333,20,23,2,0.16666666666666666,0.5052969139835147,33,1,1,0,0,1,0,0,11,11,0,2022,2023-2026,0,0.3435833430875093,0.11090692083180244,0.7363447559709243,0.19195223260643823,0.6004153686396677,0,357
C65E336E20C,C77E2C49599,TEMPO,bacterial cellulose,material_entity,material_entity,0.3269180953502655,6,6,6,6,2,3,2,3,0.6666666666666666,2,3,5,0.6666666666666666,1.0,0,0,3,0.3333333333333333,1.0684774023317303,36,1,1,1,1,0,0,0,0,0,0,2022,2023-2026,0,0.6573526944028073,0.07292341940597968,0.6723779854620976,0.36780893042575286,0.5987538940809969,0,358
C08389FD6C6,CC3BA67827F,moisture-gradient ion transport,ionic-electronic coupling,transport_mechanism,transport_mechanism,0.5647144317626953,33,39,33,39,27,27,27,27,1.0,17,11,28,3.6666666666666665,2.3333333333333335,20,29,16,0.2857142857142857,4.935303049783804,1287,1,1,1,0,0,1,4,0,4,0,2022,2023-2026,1,0.29436973859468907,0.03520608239911401,0.49657320872274147,0.8512253374870197,0.5973001038421599,0,359
CE4B0E242E7,CFC9D296861,interfacial charge transfer,Bi2Se3,electrode_interface,material_entity,0.20933398604393005,35,17,17,35,21,8,8,21,0.38095238095238093,8,2,10,1.3333333333333333,-0.3333333333333333,29,12,10,0.23809523809523808,3.419328560334517,595,1,1,0,0,1,0,6,0,6,0,2022,2023-2026,0,0.15264961999610005,0.04634534507348644,0.5470404984423676,0.6629906542056074,0.5968847352024922,0,360
C46747A02A1,C7507F5D319,ion-pairing and complexation,ClO4,solvation_entropy,material_entity,0.2796275019645691,31,4,4,31,16,2,2,16,0.125,8,2,10,1.0,0.6666666666666666,11,0,3,0.09375,1.1476990090732884,124,1,1,0,0,1,0,4,0,4,0,2022,2023-2026,1,0.6172727751287282,0.08264029719456442,0.6938733125649014,0.31897196261682237,0.5962616822429907,0,361
C9AFE334F36,CBF24CD6AF1,phonon scattering,electronic-structure modulation,solid_state_mechanism,solid_state_mechanism,0.37173083424568176,49,74,49,74,49,147,49,147,0.3333333333333333,18,51,69,1.6666666666666667,5.0,29,29,30,0.3225806451612903,10.984132197981562,3626,1,1,1,0,0,1,0,0,0,0,2022,2023-2026,0,7.165397895408593e-05,0.0448766609589278,0.49086188992731045,0.8940290758047766,0.5956386292834891,0,362
CADCC57C7F1,CDBBD5033EA,SnSe,HfSe2,material_entity,material_entity,0.370774507522583,15,9,9,15,11,2,2,11,0.18181818181818182,5,2,7,0.6666666666666666,0.6666666666666666,7,2,5,0.2631578947368421,1.8640802310557507,135,1,1,1,1,0,0,0,0,0,0,2022,2023-2026,0,0.25892494160903035,0.06137700070451721,0.6080996884735203,0.49670820353063344,0.5946002076843199,0,363
C696BC0A1E1,C7713A07951,carbon electrode,urea,electrode_interface,material_entity,0.1320078819990158,10,15,10,15,3,4,3,4,0.75,0,0,0,-0.3333333333333333,-0.3333333333333333,9,13,5,0.25,2.0023856680860956,150,1,1,0,0,1,0,1,2,3,1,2022,2023-2026,0,0.6382241106538197,0.06568740484331195,0.6472481827622014,0.4163966770508826,0.5946002076843198,0,364
C1DF01A6473,C96681C9193,PEDOT:PSS,ion channels,material_entity,transport_mechanism,0.0735497996211052,36,12,12,36,46,2,2,46,0.043478260869565216,30,1,31,6.333333333333333,0.0,10,3,5,0.11627906976744186,1.3583082306866252,432,1,1,0,0,1,0,0,1,1,0,2022,2023-2026,0,0.6908486570862126,0.06500427444198363,0.6454828660436137,0.41304257528556587,0.5923156801661476,0,365
C25D09DDC57,C9AFE334F36,Fe2+/Fe3+ solvation redox chemistry,phonon scattering,redox_chemistry,solid_state_mechanism,0.0744636058807373,17,49,17,49,10,49,10,49,0.20408163265306123,5,18,23,1.0,1.6666666666666667,29,29,7,0.11864406779661017,2.4475607950002916,833,1,1,0,0,0,1,19,0,19,0,2022,2023-2026,0,0.38409547717331105,0.05234090990767306,0.5882658359293874,0.5394600207684319,0.5912772585669782,0,366
C539540C36B,C8AD5B453CC,nanochannel-confined ion transport,ion diffusion,transport_mechanism,transport_mechanism,0.7372055053710938,16,42,16,42,4,19,4,19,0.21052631578947367,3,12,15,0.6666666666666666,3.0,4,23,8,0.16,3.3604673931185123,672,1,1,1,0,0,1,0,2,2,0,2022,2023-2026,1,0.5006607466067974,0.037320727261254245,0.5232606438213915,0.6996677050882658,0.5902388369678089,0,367
CBF24CD6AF1,CC5968B917E,electronic-structure modulation,convection and mass transport,solid_state_mechanism,transport_mechanism,0.14299944043159485,74,11,11,74,147,8,8,147,0.05442176870748299,51,2,53,5.0,0.3333333333333333,29,23,4,0.04938271604938271,1.705078811599331,814,1,1,0,0,0,1,0,11,11,0,2022,2023-2026,0,0.0221873068914702,0.08111578039144454,0.6240913811007269,0.4444963655244029,0.5896157840083074,0,368
C075A0D1B79,CC028ABF9C6,Sb2Te3,anti-freezing organohydrogel design,material_entity,gel_microstructure,0.24180588126182556,17,37,17,37,9,15,9,15,0.6,1,7,8,-0.3333333333333333,1.0,12,15,6,0.125,1.7506386177082227,629,1,1,0,0,1,0,0,6,6,0,2022,2023-2026,0,0.27689095742646275,0.06095210544024683,0.6077881619937694,0.48492211838006233,0.5892004153686397,0,369
C63ED77BD64,CA120BDE1A0,band engineering,Bi2S3,solid_state_mechanism,material_entity,0.31634432077407837,8,11,8,11,5,4,4,5,0.8,4,1,5,1.0,-0.3333333333333333,3,12,0,0.0,0.0,88,1,1,0,0,1,0,0,0,0,0,2022,2023-2026,0,0.6960262927121899,0.0964898169940806,0.7301142263759087,0.17357217030114225,0.5887850467289719,0,370
C3002C089A5,CA601251C65,ionic thermodiffusion (Soret effect),Ag2Te,transport_mechanism,material_entity,0.18669669330120087,46,1,1,46,42,3,3,42,0.07142857142857142,26,1,27,5.666666666666667,0.0,23,23,0,0.0,0.0,46,1,1,0,0,1,0,15,0,15,0,2022,2023-2026,0,0.7096376091434073,0.0950517144293134,0.7277258566978193,0.1773104880581516,0.5869158878504673,0,371
C09EB3A5CE5,C7B823B5BB0,potassium iodide (KI),poly(vinyl alcohol) (PVA),material_entity,material_entity,0.23517099022865295,8,22,8,22,2,11,2,11,0.18181818181818182,1,6,7,0.3333333333333333,1.3333333333333333,23,8,4,0.15384615384615385,1.3944161185934307,176,1,1,1,1,0,0,1,2,3,1,2022,2023-2026,0,0.1549146729452971,0.07813674350663902,0.6500519210799585,0.37511941848390445,0.5867082035306335,0,372
C09EB3A5CE5,C438FE53FF1,potassium iodide (KI),lithium chloride (LiCl),material_entity,material_entity,0.5561982989311218,8,6,6,8,2,4,2,4,0.5,1,2,3,0.3333333333333333,0.3333333333333333,23,23,3,0.2727272727272727,0.9457680344075245,48,1,1,1,1,0,0,1,2,3,1,2022,2023-2026,0,0.12864528316269436,0.07954691259146704,0.6496365524402907,0.3754932502596054,0.5862928348909657,0,373
C08389FD6C6,C6C76863E52,moisture-gradient ion transport,copper electrode,transport_mechanism,material_entity,0.11393220722675323,33,5,5,33,27,3,3,27,0.1111111111111111,17,1,18,3.6666666666666665,0.3333333333333333,20,10,3,0.08571428571428572,1.5106925731843672,165,1,1,0,0,1,0,4,3,7,1,2022,2023-2026,0,0.6810763610909536,0.07565498667151256,0.6786085150571132,0.314828660436137,0.5842159916926272,0,374
C23B9BED21A,CF840763400,ionic conduction,TiO2,transport_mechanism,material_entity,0.1867651790380478,35,9,9,35,36,21,21,36,0.5833333333333334,9,2,11,0.6666666666666666,-1.0,30,18,3,0.07317073170731707,0.9632268367090131,315,1,1,0,0,1,0,2,1,3,1,2022,2023-2026,0,0.04735551128114965,0.10305693252354357,0.6844236760124611,0.297601246105919,0.583177570093458,0,375
C8AD5B453CC,CAEB010ACF4,ion diffusion,polyethylene glycol (PEG),transport_mechanism,material_entity,0.046606726944446564,42,20,20,42,19,7,7,19,0.3684210526315789,12,3,15,3.0,0.3333333333333333,23,8,6,0.10714285714285714,1.986562104718564,840,1,1,0,0,1,0,2,0,2,0,2022,2023-2026,0,0.16190925311381663,0.06345236925432195,0.6059190031152648,0.47231568016614744,0.5831775700934579,0,376
C2378F90E64,C6B56755D0B,anharmonic phonon transport,Cu7PSe6,solid_state_mechanism,material_entity,0.2000453919172287,29,8,8,29,29,4,4,29,0.13793103448275862,16,1,17,2.6666666666666665,-0.3333333333333333,9,8,6,0.1935483870967742,1.589935589059642,232,1,1,0,0,1,0,0,0,0,0,2022,2023-2026,0,0.39370288676691045,0.055708771799966215,0.6020768431983385,0.4766770508826583,0.5823468328141226,0,377
C3F66DD37CA,CF00FA35255,H2O,HNO3,material_entity,material_entity,0.8353339433670044,11,7,7,11,4,2,2,4,0.5,2,0,2,0.6666666666666666,0.0,8,15,5,0.38461538461538464,1.7766186283756658,77,1,1,1,1,0,0,2,0,2,0,2022,2023-2026,0,0.40517027982112946,0.051938310424664735,0.5888888888888888,0.5065316718587746,0.5819314641744548,0,378
C43C91C4A3E,C63ED77BD64,Mg3Sb2,band engineering,material_entity,solid_state_mechanism,0.2470417022705078,8,8,8,8,5,5,5,5,1.0,1,4,5,-1.0,1.0,5,3,2,0.14285714285714285,0.5092763869829747,64,1,1,0,0,1,0,0,0,0,0,2022,2023-2026,0,0.6723561008842763,0.08591414703492851,0.7061266874350987,0.24288681204569054,0.5819314641744548,0,379
CA120BDE1A0,CFC9D296861,Bi2S3,Bi2Se3,material_entity,material_entity,0.6294816732406616,11,17,11,17,4,8,4,8,0.5,1,2,3,-0.3333333333333333,-0.3333333333333333,12,12,9,0.47368421052631576,3.0795811996515194,187,1,1,1,1,0,0,0,0,0,0,2022,2023-2026,0,0.16869020791695363,0.04339692784076323,0.5332294911734164,0.6590758047767394,0.5815160955347871,0,380
C5BB38E55EA,CE4B0E242E7,Ca3Co4,interfacial charge transfer,material_entity,electrode_interface,0.1209680438041687,2,35,2,35,2,21,2,21,0.09523809523809523,0,8,8,0.0,1.3333333333333333,9,29,1,0.027777777777777776,0.2729584204093974,70,1,1,0,0,1,0,0,6,6,0,2022,2023-2026,0,0.18927116980761594,0.10952715195761091,0.7237798546209762,0.13327102803738317,0.5806853582554516,0,381
C438FE53FF1,CF4A6A0344F,lithium chloride (LiCl),ion migration,material_entity,transport_mechanism,0.2054636925458908,6,27,6,27,4,17,4,17,0.23529411764705882,2,9,11,0.3333333333333333,2.3333333333333335,23,29,3,0.1,0.7830704211273205,162,1,1,0,0,1,0,2,1,3,1,2022,2023-2026,0,0.1161652838543179,0.09490303327621595,0.6853582554517135,0.28258566978193145,0.5792315680166148,0,382
C41DA9D5B12,C7713A07951,convection-resolved resistance decomposition,urea,transport_mechanism,material_entity,-0.002132352441549301,6,15,6,15,2,4,2,4,0.5,1,0,1,0.3333333333333333,-0.3333333333333333,9,13,4,0.23529411764705882,1.5550540702894275,90,1,1,0,0,1,0,1,2,3,1,2022,2023-2026,0,0.6551095480376592,0.07199753635914481,0.670301142263759,0.3301246105919003,0.5790238836967808,0,383
C78D65254F9,CF4A6A0344F,phase transition,ion migration,phase_or_species_transition,transport_mechanism,0.19312815368175507,51,27,27,51,48,17,17,48,0.3541666666666667,17,9,26,1.3333333333333333,2.3333333333333335,19,29,14,0.21875,4.373115234469171,1377,1,1,0,0,0,1,5,1,6,1,2022,2023-2026,0,0.04907351000222758,0.04122979108755007,0.4962616822429906,0.7523156801661475,0.578816199376947,0,384
C9AFE334F36,CB314592CFB,phonon scattering,precipitation and species redistribution,solid_state_mechanism,phase_or_species_transition,0.20208564400672913,49,11,11,49,49,5,5,49,0.10204081632653061,18,3,21,1.6666666666666667,1.0,29,6,5,0.09090909090909091,1.5577521157396998,539,1,1,0,0,0,1,0,0,0,0,2022,2023-2026,0,0.08830441015344669,0.06740853184880834,0.6087227414330217,0.4462097611630321,0.5767393561786085,0,385
C962BA9CB74,CB56BB4DDB0,TeO2,carbon-electrode redox interface,material_entity,electrode_interface,0.2564624845981598,21,13,13,21,6,5,5,6,0.8333333333333334,0,1,1,0.0,-0.3333333333333333,15,9,5,0.1724137931034483,2.087619539053871,273,1,1,0,0,1,0,0,7,7,0,2022,2023-2026,0,0.5857272454878315,0.05115449408209516,0.5983385254413291,0.4666043613707165,0.5754932502596054,0,386
C3002C089A5,CE0DABA7381,ionic thermodiffusion (Soret effect),Fe2O3,transport_mechanism,material_entity,0.14876700937747955,46,2,2,46,42,2,2,42,0.047619047619047616,26,1,27,5.666666666666667,0.0,23,3,1,0.02127659574468085,0.43429448190325176,92,1,1,0,0,1,0,15,0,15,0,2022,2023-2026,0,0.9237964472591436,0.08134462692649988,0.7073727933541017,0.2007061266874351,0.5748701973001038,0,387
CDF78985483,CF840763400,nanocomposite,TiO2,material_system,material_entity,0.2668348550796509,21,9,9,21,13,21,13,21,0.6190476190476191,7,2,9,0.3333333333333333,-1.0,5,18,4,0.15384615384615385,1.2161361405191036,189,1,1,0,1,0,0,1,1,2,1,2022,2023-2026,0,0.17230695481292893,0.06813080189842248,0.6223260643821391,0.3852855659397716,0.5688473520249221,0,388
C696BC0A1E1,CDF78985483,carbon electrode,nanocomposite,electrode_interface,material_system,0.12470806390047073,10,21,10,21,3,13,3,13,0.23076923076923078,0,7,7,-0.3333333333333333,0.3333333333333333,9,5,3,0.10714285714285714,1.0359491300128867,210,1,1,0,0,1,0,1,1,2,1,2022,2023-2026,0,0.5075021668655794,0.07684317410019909,0.6755970924195224,0.2676116303219107,0.5682242990654206,0,389
C2378F90E64,C78D65254F9,anharmonic phonon transport,phase transition,solid_state_mechanism,phase_or_species_transition,0.19819027185440063,29,51,29,51,29,48,29,48,0.6041666666666666,16,17,33,2.6666666666666665,1.3333333333333333,9,19,13,0.19402985074626866,3.9805415056386715,1479,1,1,0,0,0,1,0,5,5,0,2022,2023-2026,0,0.28443839832814605,0.033176122173165304,0.4839044652128764,0.7474143302180685,0.5671858774662513,0,390
C46747A02A1,CF4A97515AC,ion-pairing and complexation,gold electrode,solvation_entropy,material_entity,0.19130665063858032,31,3,3,31,16,3,3,16,0.1875,8,1,9,1.0,0.0,11,7,1,0.030303030303030304,0.7213475204444817,93,1,1,0,0,1,0,4,0,4,0,2022,2023-2026,0,0.45780315832938845,0.08990212260874107,0.6984423676012461,0.19441329179646938,0.5667705088265836,0,391
CBF24CD6AF1,CDF78985483,electronic-structure modulation,nanocomposite,solid_state_mechanism,material_system,0.22800952196121216,74,21,21,74,147,13,13,147,0.08843537414965986,51,7,58,5.0,0.3333333333333333,29,5,11,0.13095238095238096,3.6019013636695614,1554,1,1,0,0,1,0,0,1,1,0,2022,2023-2026,0,0.004438007808525266,0.04317531807979624,0.4863966770508827,0.7275285565939771,0.5659397715472482,0,392
C2F611E9EEA,CE4B0E242E7,clathrate,interfacial charge transfer,material_system,electrode_interface,0.1960432231426239,13,35,13,35,11,21,11,21,0.5238095238095238,0,8,8,-0.3333333333333333,1.3333333333333333,19,29,8,0.2,2.8223008074796776,455,1,1,0,0,1,0,1,6,7,1,2022,2023-2026,0,0.138969490174094,0.045504691877100004,0.5396677050882658,0.5842367601246106,0.5646936656282451,0,393
C3D74C503D4,CFC9D296861,Bi2Te3,Bi2Se3,material_entity,material_entity,0.980624794960022,37,17,17,37,24,8,8,24,0.3333333333333333,6,2,8,0.0,-0.3333333333333333,15,12,12,0.2857142857142857,4.62964795084175,629,1,1,1,1,0,0,0,0,0,0,2022,2023-2026,0,0.04711435821655147,0.035758523411132455,0.46832814122533745,0.7773520249221183,0.5630321910695743,0,394
C09EB3A5CE5,C8AD5B453CC,potassium iodide (KI),ion diffusion,material_entity,transport_mechanism,0.3062240183353424,8,42,8,42,2,19,2,19,0.10526315789473684,1,12,13,0.3333333333333333,3.0,23,23,3,0.06382978723404255,1.2363322745397176,336,1,1,0,0,1,0,1,2,3,1,2022,2023-2026,0,0.163026054540443,0.06860904567700601,0.6220145379023885,0.36568016614745585,0.5624091381100726,0,395
C38C7EC2077,CAEB010ACF4,ethylene glycol,polyethylene glycol (PEG),material_entity,material_entity,0.5908671021461487,22,20,20,22,12,7,7,12,0.5833333333333334,4,3,7,0.6666666666666666,0.3333333333333333,20,8,7,0.2,2.885274228285761,440,1,1,1,1,0,0,0,0,0,0,2022,2023-2026,0,0.09046810984258946,0.0421730819119846,0.5128764278296989,0.6386708203530633,0.5619937694704049,0,396
C9910E60ABA,CFE4361F368,carbon nanotube,charge-carrier mobility,material_entity,solid_state_mechanism,0.2141546607017517,28,43,28,43,33,36,33,36,0.9166666666666666,20,13,33,4.666666666666667,1.6666666666666667,13,27,7,0.109375,2.1293497761188345,1204,1,1,0,0,1,0,11,0,11,0,2022,2023-2026,0,0.46725404899993933,0.041053079743151075,0.539356178608515,0.5817445482866043,0.5617860851505712,0,397
C3002C089A5,C50BCAA1E15,ionic thermodiffusion (Soret effect),P2O5,transport_mechanism,material_entity,0.2078254073858261,46,7,7,46,42,3,3,42,0.07142857142857142,26,2,28,5.666666666666667,0.6666666666666666,23,11,2,0.0392156862745098,0.9125416107795743,322,1,1,0,0,1,0,15,0,15,0,2022,2023-2026,0,0.8424090522149286,0.06317836818618199,0.6476635514018692,0.31399792315680164,0.5613707165109034,0,398
C24DA40DB81,CC9289BCDC3,Cu2S,CuCrSe2,material_entity,material_entity,0.8763645887374878,6,6,6,6,3,2,2,3,0.6666666666666666,1,0,1,-0.3333333333333333,-0.6666666666666666,5,5,3,0.3333333333333333,1.3242729478905506,36,1,1,1,1,0,0,0,0,0,0,2022,2023-2026,0,0.569404822871273,0.05379216993286712,0.6061266874350987,0.41464174454828656,0.5611630321910696,0,399
C84C6A613D4,CC3BA67827F,cellulose nanofiber scaffold,ionic-electronic coupling,gel_microstructure,transport_mechanism,0.05834900587797165,25,39,25,39,17,27,17,27,0.6296296296296297,15,11,26,4.333333333333333,2.3333333333333335,5,29,6,0.10344827586206896,1.6852679259379464,975,1,1,0,0,0,1,3,0,3,0,2022,2023-2026,0,0.48235699395803555,0.046676521312382695,0.5764278296988578,0.4740913811007269,0.5609553478712357,0,400
CBF24CD6AF1,CE4B0E242E7,electronic-structure modulation,interfacial charge transfer,solid_state_mechanism,electrode_interface,0.21930411458015442,74,35,35,74,147,21,21,147,0.14285714285714285,51,8,59,5.0,1.3333333333333333,29,29,17,0.18478260869565216,6.775089809289863,2590,1,1,0,0,0,1,0,6,6,0,2022,2023-2026,0,0.0015171815997386472,0.03867973297488617,0.4585669781931464,0.8080789200415368,0.560539979231568,0,401
CC27710F85E,CE4B0E242E7,Sb2Se3,interfacial charge transfer,material_entity,electrode_interface,0.079872727394104,12,35,12,35,2,21,2,21,0.09523809523809523,0,8,8,-0.6666666666666666,1.3333333333333333,5,29,8,0.20512820512820512,2.837414957742903,420,1,1,0,0,1,0,0,6,6,0,2022,2023-2026,0,0.10457762675006567,0.04644683125593721,0.542367601246106,0.5525233644859813,0.5599169262720665,0,402
C46747A02A1,CD515CCF7C2,ion-pairing and complexation,polaron hopping,solvation_entropy,solid_state_mechanism,0.22253769636154175,31,18,18,31,16,18,16,18,0.8888888888888888,8,2,10,1.0,-1.0,11,27,6,0.13953488372093023,2.3612833206723804,558,1,1,0,0,0,1,4,0,4,0,2022,2023-2026,0,0.3444498544871972,0.04512600241766192,0.5542056074766355,0.5308722741433022,0.559086188992731,0,403
C275FB7C4B0,C9AFE334F36,iodide/triiodide redox chemistry,phonon scattering,redox_chemistry,solid_state_mechanism,0.10870396345853806,21,49,21,49,18,49,18,49,0.3673469387755102,9,18,27,1.6666666666666667,1.6666666666666667,12,29,7,0.1111111111111111,2.4746009802439417,1029,1,1,0,0,0,1,8,0,8,0,2022,2023-2026,0,0.2046263249254152,0.04422027471152747,0.5404984423676013,0.553883696780893,0.5578400830737279,0,404
C188B56F6F1,C2106B674B9,ion-selectivity membrane transport,iodide/triiodide,transport_mechanism,material_entity,0.14100408554077148,42,4,4,42,23,3,3,23,0.13043478260869565,11,0,11,2.0,-0.3333333333333333,23,9,3,0.06976744186046512,1.0267575442400259,168,1,1,0,0,1,0,9,7,16,1,2022,2023-2026,0,0.7676187447562968,0.07028297732743206,0.6699896157840083,0.2601557632398754,0.5572170301142264,0,405
C38C7EC2077,CDDD624085F,ethylene glycol,deep-eutectic eutogel electrolyte,material_entity,material_system,0.2912577986717224,22,11,11,22,12,4,4,12,0.3333333333333333,4,1,5,0.6666666666666666,0.0,20,7,6,0.2222222222222222,2.0041809825108348,242,1,1,0,1,0,0,0,0,0,0,2022,2023-2026,0,0.0905073491459111,0.05003329015664033,0.555036344755971,0.5167808930425752,0.5572170301142263,0,406
C1DF01A6473,C45C8AAD12E,PEDOT:PSS,charge-transfer resistance engineering,material_entity,electrode_interface,0.2505810260772705,36,39,36,39,46,20,20,46,0.43478260869565216,30,8,38,6.333333333333333,1.0,10,28,8,0.11940298507462686,2.19397126714713,1404,1,1,0,0,1,0,0,8,8,0,2022,2023-2026,0,0.2515013375037328,0.03747384575664995,0.5068535825545172,0.6294600207684319,0.556386292834891,0,407
C38C7EC2077,C621A7A9629,ethylene glycol,polyurethane (PU),material_entity,material_entity,0.4169214367866516,22,8,8,22,12,5,5,12,0.4166666666666667,4,5,9,0.6666666666666666,1.6666666666666667,20,2,5,0.2,1.6612597136964697,176,1,1,1,1,0,0,0,0,0,0,2022,2023-2026,0,0.13313639416134973,0.051129258395813476,0.5641744548286605,0.4886188992731048,0.5553478712357217,0,408
C78D65254F9,CFC9D296861,phase transition,Bi2Se3,phase_or_species_transition,material_entity,0.23988309502601624,51,17,17,51,48,8,8,48,0.16666666666666666,17,2,19,1.3333333333333333,-0.3333333333333333,19,12,9,0.15254237288135594,3.14615856775279,867,1,1,0,0,1,0,5,0,5,0,2022,2023-2026,0,0.06124726966962607,0.04008191236781081,0.49584631360332293,0.6603322949117341,0.5541017653167186,0,409
C08389FD6C6,C38C7EC2077,moisture-gradient ion transport,ethylene glycol,transport_mechanism,material_entity,0.18780378997325897,33,22,22,33,27,12,12,27,0.4444444444444444,17,4,21,3.6666666666666665,0.6666666666666666,20,20,8,0.1702127659574468,3.029507061401416,726,1,1,0,0,1,0,4,0,4,0,2022,2023-2026,1,0.20204254379629702,0.03690136192072061,0.5010384215991692,0.6308826583592938,0.5538940809968846,0,410
CBF24CD6AF1,CF10FA3299B,electronic-structure modulation,V2O5,solid_state_mechanism,material_entity,0.2993977665901184,74,12,12,74,147,4,4,147,0.027210884353741496,51,1,52,5.0,0.0,29,11,7,0.08860759493670886,2.191745905086339,888,1,1,0,0,1,0,0,0,0,0,2022,2023-2026,0,0.005168280657392188,0.047580478040061686,0.514122533748702,0.6055867082035304,0.5522326064382139,0,411
C2AB2ABA9A6,C38C7EC2077,dimethyl sulfoxide (DMSO),ethylene glycol,material_entity,material_entity,0.4920493960380554,12,22,12,22,7,12,7,12,0.5833333333333334,1,4,5,-1.3333333333333333,0.6666666666666666,9,20,5,0.1724137931034483,1.3184616558698958,264,1,1,1,1,0,0,1,0,1,0,2022,2023-2026,1,0.05047910630265237,0.05931444235447461,0.5707165109034268,0.4585877466251298,0.5509865005192108,0,412
C38C7EC2077,C4CEC954E12,ethylene glycol,platinum electrode,material_entity,material_entity,0.3224483132362366,22,22,22,22,12,9,9,12,0.75,4,1,5,0.6666666666666666,-0.3333333333333333,20,26,7,0.1891891891891892,2.3492419745062416,484,1,1,1,1,0,0,0,6,6,0,2022,2023-2026,0,0.03739608328562825,0.046367739545626084,0.5215991692627207,0.5731983385254413,0.5509865005192107,0,413
C6D6399FFC8,CADCC57C7F1,HfS2,SnSe,material_entity,material_entity,0.3569645881652832,9,15,9,15,2,11,2,11,0.18181818181818182,2,5,7,0.6666666666666666,0.6666666666666666,2,7,5,0.2631578947368421,1.8640802310557507,135,1,1,1,1,0,0,0,0,0,0,2022,2023-2026,0,0.27271291158124644,0.04624818023469162,0.5560747663551402,0.49458982346832814,0.5505711318795431,0,414
C2866DCD56B,C46747A02A1,PEDOT,ion-pairing and complexation,material_entity,solvation_entropy,0.10423830896615982,44,31,31,44,55,16,16,55,0.2909090909090909,34,8,42,6.0,1.0,10,11,13,0.20967741935483872,4.005652758950433,1364,1,1,0,0,1,0,2,4,6,1,2022,2023-2026,0,0.5222220351508606,0.028109540261814888,0.4651090342679128,0.7281204569055036,0.5505711318795431,0,415
C571D324260,CCFD9A81EEE,quasi-solid granular electrolyte matrix,solid electrolyte,material_system,material_system,0.5706120133399963,7,11,7,11,4,8,4,8,0.5,2,3,5,0.6666666666666666,0.6666666666666666,23,25,3,0.2,1.7358962395971385,77,1,1,1,1,0,0,0,1,1,0,2022,2023-2026,0,0.056267212484551556,0.06302357084574728,0.5842159916926272,0.4312357217030114,0.5503634475597092,0,416
C78D65254F9,CC27710F85E,phase transition,Sb2Se3,phase_or_species_transition,material_entity,0.2248239666223526,51,12,12,51,48,2,2,48,0.041666666666666664,17,0,17,1.3333333333333333,-0.6666666666666666,19,5,8,0.14545454545454545,2.864346593661589,612,1,1,0,0,1,0,5,0,5,0,2022,2023-2026,0,0.1296984281316962,0.03950703504573435,0.5059190031152648,0.6119418483904464,0.5487019730010384,0,417
C3D74C503D4,CADCC57C7F1,Bi2Te3,SnSe,material_entity,material_entity,0.7340896129608154,37,15,15,37,24,11,11,24,0.4583333333333333,6,5,11,0.0,0.6666666666666666,15,7,8,0.18181818181818182,2.971083196157123,555,1,1,1,1,0,0,0,0,0,0,2022,2023-2026,0,0.05054616848276897,0.03839849678883249,0.48110072689511935,0.6777258566978193,0.5484942886812045,0,418
C45C8AAD12E,C5BB38E55EA,charge-transfer resistance engineering,Ca3Co4,electrode_interface,material_entity,0.11072017252445221,39,2,2,39,20,2,2,20,0.1,8,0,8,1.0,0.0,28,9,1,0.025,0.28126641406272834,78,1,1,0,0,1,0,8,0,8,0,2022,2023-2026,0,0.22681932366745694,0.08575580688782944,0.6776739356178608,0.13457943925233645,0.5460020768431983,0,419
C53D2C5DAAD,C6D6399FFC8,ZrS2,HfS2,material_entity,material_entity,0.6670666933059692,6,9,6,9,2,2,2,2,1.0,2,2,4,0.6666666666666666,0.6666666666666666,2,2,3,0.25,1.897814654202382,54,1,1,1,1,0,0,0,0,0,0,2022,2023-2026,0,0.7999791908914053,0.0428282433631332,0.5679127725856697,0.45071651090342674,0.5445482866043614,0,420
C2AB2ABA9A6,CFC9D296861,dimethyl sulfoxide (DMSO),Bi2Se3,material_entity,material_entity,0.23033131659030914,12,17,12,17,7,8,7,8,0.875,1,2,3,-1.3333333333333333,-0.3333333333333333,9,12,1,0.03571428571428571,0.23233849357411737,204,1,1,1,1,0,0,1,0,1,0,2022,2023-2026,0,0.09251057422309046,0.092739295520416,0.6714434060228454,0.18353063343717546,0.5441329179646937,0,421
C399CA6EBBF,C78D65254F9,NbO2,phase transition,material_entity,phase_or_species_transition,0.18478815257549286,4,51,4,51,2,48,2,48,0.041666666666666664,0,17,17,-0.3333333333333333,1.3333333333333333,7,19,2,0.03773584905660377,0.5235451697940798,204,1,1,0,0,1,0,0,5,5,0,2022,2023-2026,0,0.19257646248100954,0.07677186060146922,0.65202492211838,0.23954309449636552,0.543717549325026,0,422
C3002C089A5,CC3BA67827F,ionic thermodiffusion (Soret effect),ionic-electronic coupling,transport_mechanism,transport_mechanism,0.5141816139221191,46,39,39,46,42,27,27,42,0.6428571428571429,26,11,37,5.666666666666667,2.3333333333333335,23,29,15,0.21428571428571427,4.9220308170415965,1794,1,1,1,0,0,1,15,0,15,0,2022,2023-2026,1,0.5248061283692227,0.0250926624660376,0.44091381100726895,0.8480477673935618,0.5426791277258567,0,423
C45C8AAD12E,C9FB1DC4D4B,charge-transfer resistance engineering,Ca3Co4O9,electrode_interface,material_entity,0.09733974188566208,39,6,6,39,20,7,7,20,0.35,8,0,8,1.0,-0.3333333333333333,28,16,3,0.07142857142857142,1.1349398421964576,234,1,1,0,0,1,0,8,0,8,0,2022,2023-2026,0,0.1504485952825043,0.07488730749298034,0.6411214953271028,0.25894080996884733,0.5399792315680166,0,424
CBF24CD6AF1,CFC9D296861,electronic-structure modulation,Bi2Se3,solid_state_mechanism,material_entity,0.3488997220993042,74,17,17,74,147,8,8,147,0.05442176870748299,51,2,53,5.0,-0.3333333333333333,29,12,8,0.0963855421686747,2.4694436015250956,1258,1,1,0,0,1,0,0,0,0,0,2022,2023-2026,0,0.0033888188768755505,0.04161995706033939,0.47715472481827625,0.6576116303219106,0.5395638629283489,0,425
CB727037BDD,CDBBD5033EA,lattice thermal-conductivity suppression,HfSe2,solid_state_mechanism,material_entity,0.14974071085453033,37,9,9,37,54,2,2,54,0.037037037037037035,25,2,27,3.6666666666666665,0.6666666666666666,18,2,5,0.12195121951219512,1.9564117107157484,333,1,1,0,0,1,0,0,0,0,0,2022,2023-2026,0,0.263587681354987,0.046073323334084974,0.5542056074766355,0.4645690550363447,0.5383177570093458,0,426
C23B9BED21A,C6B56755D0B,ionic conduction,Cu7PSe6,transport_mechanism,material_entity,0.20515106618404388,35,8,8,35,36,4,4,36,0.1111111111111111,9,1,10,0.6666666666666666,-0.3333333333333333,30,8,6,0.16216216216216217,1.6056433793702838,280,1,1,0,0,1,0,2,0,2,0,2022,2023-2026,0,0.0524487628968481,0.05469095960041541,0.5584631360332295,0.45560747663551393,0.5381100726895119,0,427
C78D65254F9,CF458C61212,phase transition,LiNbO3,phase_or_species_transition,material_entity,0.20625048875808716,51,3,3,51,48,6,6,48,0.125,17,0,17,1.3333333333333333,0.0,19,30,2,0.038461538461538464,1.531574161186449,153,1,1,0,0,1,0,5,0,5,0,2022,2023-2026,0,0.026289900783555743,0.0764395325517964,0.6167185877466251,0.3091381100726895,0.5372793354101766,0,428
C23B9BED21A,C78D65254F9,ionic conduction,phase transition,transport_mechanism,phase_or_species_transition,0.18714967370033264,35,51,35,51,36,48,36,48,0.75,9,17,26,0.6666666666666666,1.3333333333333333,30,19,14,0.19444444444444445,4.737281187053334,1785,1,1,0,0,0,1,2,5,7,1,2022,2023-2026,0,0.04815896720930098,0.03358054492781836,0.45212876427829696,0.7516303219106958,0.5370716510903427,0,429
C3D74C503D4,C7096F6ECC5,Bi2Te3,imidazolium ionic-liquid phase transition electrolyte,material_entity,material_system,0.36138057708740234,37,15,15,37,24,8,8,24,0.3333333333333333,6,4,10,0.0,0.6666666666666666,15,8,2,0.04,0.49569791645331734,555,1,1,0,1,0,0,0,5,5,0,2022,2023-2026,0,0.055553598243509306,0.07096592315223481,0.6148494288681204,0.3095015576323987,0.536656282450675,0,430
C53D2C5DAAD,CDBBD5033EA,ZrS2,HfSe2,material_entity,material_entity,0.6460428237915039,6,9,6,9,2,2,2,2,1.0,2,2,4,0.6666666666666666,0.6666666666666666,2,2,3,0.25,1.897814654202382,54,1,1,1,1,0,0,0,0,0,0,2022,2023-2026,0,0.7952323499587796,0.04157824336313321,0.5602284527518172,0.4495950155763239,0.536656282450675,0,431
C45C8AAD12E,CD486BA800F,charge-transfer resistance engineering,host-guest complexation,electrode_interface,solvation_entropy,0.25217893719673157,39,6,6,39,20,2,2,20,0.1,8,0,8,1.0,0.0,28,19,5,0.125,1.9343330098056069,234,1,1,0,0,0,1,8,2,10,1,2022,2023-2026,0,0.5018205778256548,0.04439184431144137,0.561786085150571,0.44355140186915887,0.5360332294911734,0,432
CB40B685934,CE4B0E242E7,CuCr1,interfacial charge transfer,material_entity,electrode_interface,0.10772574692964554,6,35,6,35,2,21,2,21,0.09523809523809523,1,8,9,0.3333333333333333,1.3333333333333333,11,29,5,0.1388888888888889,1.682337480319556,210,1,1,0,0,1,0,0,6,6,0,2022,2023-2026,0,0.16471746139150226,0.056153765977277025,0.5857736240913811,0.38132917964693663,0.5360332294911734,0,433
C5E1580F832,CB314592CFB,CoSb3,precipitation and species redistribution,material_entity,phase_or_species_transition,0.13403290510177612,8,11,8,11,7,5,5,7,0.7142857142857143,1,3,4,0.3333333333333333,1.0,21,6,2,0.11764705882352941,0.6106325113781301,88,1,1,0,0,1,0,0,0,0,0,2022,2023-2026,0,0.3655787028096672,0.07118117519574428,0.6506749740394601,0.19943925233644855,0.5354101765316719,0,434
C23B9BED21A,C8AD5B453CC,ionic conduction,ion diffusion,transport_mechanism,transport_mechanism,0.8591792583465576,35,42,35,42,36,19,19,36,0.5277777777777778,9,12,21,0.6666666666666666,3.0,30,23,13,0.203125,4.099526874837166,1470,1,1,1,0,0,1,2,2,4,1,2022,2023-2026,0,0.06451103086591244,0.031002953034965877,0.43883696780893044,0.8163966770508827,0.5352024922118379,0,435
C2866DCD56B,C6153FCE2C1,PEDOT,pi-pi stacking,material_entity,gel_microstructure,0.35305055975914,44,3,3,44,55,2,2,55,0.03636363636363636,34,2,36,6.0,0.6666666666666666,10,2,2,0.044444444444444446,0.5449278989504756,132,1,1,0,0,1,0,2,0,2,0,2022,2023-2026,0,0.7863436961615183,0.052367205410199825,0.6119418483904465,0.31175493250259606,0.5339563862928349,0,436
C78D65254F9,CD2F5C2DDDC,phase transition,TiO3,phase_or_species_transition,material_entity,0.20699867606163025,51,4,4,51,48,5,5,48,0.10416666666666667,17,1,18,1.3333333333333333,0.0,19,19,3,0.057692307692307696,0.7752502029030078,204,1,1,0,0,1,0,5,0,5,0,2022,2023-2026,0,0.055637902439213446,0.07383332738737734,0.6214953271028038,0.28990654205607475,0.5339563862928348,0,437
C6C09287FDB,CB727037BDD,high-entropy redox/ion coupling,lattice thermal-conductivity suppression,solvation_entropy,solid_state_mechanism,0.25724875926971436,7,37,7,37,4,54,4,54,0.07407407407407407,4,25,29,1.3333333333333333,3.6666666666666665,2,18,5,0.1282051282051282,1.85791758797556,259,1,1,0,0,0,1,2,0,2,0,2022,2023-2026,0,0.5290766794093495,0.03907902863487594,0.5356178608515056,0.4962305295950155,0.5320872274143302,0,438
C5DEA4DF37C,CF4A6A0344F,Zn4Sb3,ion migration,material_entity,transport_mechanism,0.13234272599220276,8,27,8,27,5,17,5,17,0.29411764705882354,4,9,13,1.0,2.3333333333333335,5,29,7,0.25,2.082159856136524,216,1,1,0,0,1,0,0,1,1,0,2022,2023-2026,0,0.1835464607160509,0.04064736896121978,0.5186915887850467,0.5107580477673935,0.5291796469366563,0,439
C7FACAA1363,CC9289BCDC3,AgCrSe2,CuCrSe2,material_entity,material_entity,0.7399418354034424,4,6,4,6,2,2,2,2,1.0,1,0,1,0.0,-0.6666666666666666,5,5,2,0.25,0.9040868828124409,24,1,1,1,1,0,0,0,0,0,0,2022,2023-2026,0,0.6843960441277995,0.04682884847904974,0.5890965732087228,0.3501557632398754,0.5289719626168224,0,440
C90CB9C3175,CADCC57C7F1,half-Heusler alloy,SnSe,material_system,material_entity,0.6294647455215454,7,15,7,15,11,11,11,11,1.0,3,5,8,0.0,0.6666666666666666,16,7,4,0.2222222222222222,1.1560968034191301,105,1,1,0,1,0,0,0,0,0,0,2022,2023-2026,0,0.3686735654235491,0.04570796087695216,0.5588785046728972,0.43037383177570093,0.5289719626168224,0,441
CADCC57C7F1,CB19ED8936D,SnSe,MoS2,material_entity,material_entity,0.3898347318172455,15,6,6,15,11,2,2,11,0.18181818181818182,5,2,7,0.6666666666666666,0.6666666666666666,7,2,5,0.3125,1.761089217817922,90,1,1,1,1,0,0,0,0,0,0,2022,2023-2026,0,0.287489902363906,0.04223270884868659,0.5344755970924195,0.4906022845275182,0.5285565939771547,0,442
C2866DCD56B,CBF24CD6AF1,PEDOT,electronic-structure modulation,material_entity,solid_state_mechanism,0.2804953455924988,44,74,44,74,55,147,55,147,0.3741496598639456,34,51,85,6.0,5.0,10,29,22,0.22916666666666666,6.85763010111185,3256,1,1,0,0,1,0,2,0,2,0,2022,2023-2026,0,0.0014599121158975308,0.03203477437066653,0.4164070612668743,0.8540186915887851,0.5285565939771547,0,443
CD9ECDD15B4,CE4B0E242E7,Sb2S3,interfacial charge transfer,material_entity,electrode_interface,0.09003578871488571,9,35,9,35,2,21,2,21,0.09523809523809523,0,8,8,-0.3333333333333333,1.3333333333333333,12,29,8,0.2222222222222222,2.784724948811329,315,1,1,0,0,1,0,0,6,6,0,2022,2023-2026,0,0.10281559417625394,0.039848874490227615,0.5033229491173415,0.5438629283489096,0.5275181723779855,0,444
C311C0E1A8F,C7713A07951,SbCl3,urea,material_entity,material_entity,0.43155378103256226,12,15,12,15,4,4,4,4,1.0,1,0,1,0.0,-0.3333333333333333,13,13,6,0.2857142857142857,2.5481488879772534,180,1,1,1,1,0,0,0,2,2,0,2022,2023-2026,0,0.26881591722307396,0.03541389362725551,0.495846313603323,0.5650467289719625,0.5262720664589823,0,445
C37031A3390,C520B85DE7A,cellulose,grain-boundary scattering,material_entity,solid_state_mechanism,0.17764785885810852,22,6,6,22,12,3,3,12,0.25,10,2,12,2.6666666666666665,0.6666666666666666,5,6,3,0.12,1.3604737264773388,132,1,1,0,0,1,0,1,0,1,0,2022,2023-2026,0,0.713733780897573,0.04984791402564441,0.6007268951194185,0.3197715472481827,0.5260643821391485,0,446
C8AD5B453CC,C9FB1DC4D4B,ion diffusion,Ca3Co4O9,transport_mechanism,material_entity,0.16172096133232117,42,6,6,42,19,7,7,19,0.3684210526315789,12,0,12,3.0,-0.3333333333333333,23,16,2,0.043478260869565216,0.5052969139835147,252,1,1,0,0,1,0,2,0,2,0,2022,2023-2026,0,0.17642363240567735,0.07043433178817667,0.6340602284527518,0.2276843198338525,0.5256490134994808,0,447
C78D65254F9,CA120BDE1A0,phase transition,Bi2S3,phase_or_species_transition,material_entity,0.25197434425354004,51,11,11,51,48,4,4,48,0.08333333333333333,17,1,18,1.3333333333333333,-0.3333333333333333,19,12,8,0.14814814814814814,2.8497438066191876,561,1,1,0,0,1,0,5,0,5,0,2022,2023-2026,0,0.08369566049627604,0.03511603366988167,0.4712357217030114,0.6213084112149533,0.5256490134994808,0,448
C25D09DDC57,CBF24CD6AF1,Fe2+/Fe3+ solvation redox chemistry,electronic-structure modulation,redox_chemistry,solid_state_mechanism,0.23443038761615753,17,74,17,74,10,147,10,147,0.06802721088435375,5,51,56,1.0,5.0,29,29,8,0.0963855421686747,2.2349297188136354,1258,1,1,0,0,0,1,19,0,19,0,2022,2023-2026,0,0.049786041760091534,0.03608819594876039,0.4715472481827622,0.6196780893042575,0.525233644859813,0,449
C50BCAA1E15,CF10FA3299B,P2O5,V2O5,material_entity,material_entity,0.9071576595306396,7,12,7,12,3,4,3,4,0.75,2,1,3,0.6666666666666666,0.0,11,11,4,0.26666666666666666,1.52439045271562,84,1,1,1,1,0,0,0,0,0,0,2022,2023-2026,0,0.47833513441023323,0.04107126788141498,0.5415368639667705,0.4585773624091381,0.5250259605399792,0,450
C2866DCD56B,CC4208AB219,PEDOT,EMIMBF4,material_entity,material_entity,0.39110350608825684,44,6,6,44,55,2,2,55,0.03636363636363636,34,0,34,6.0,0.0,10,9,2,0.041666666666666664,0.6814849176574682,264,1,1,1,1,0,0,2,1,3,1,2022,2023-2026,0,0.46606559002941655,0.04930221240331787,0.5849428868120458,0.34933541017653164,0.5237798546209761,0,451
CE0DABA7381,CF203EF8121,Fe2O3,Eastman entropy of transfer,material_entity,solvation_entropy,0.20430085062980652,2,10,2,10,2,7,2,7,0.2857142857142857,1,2,3,0.0,-1.0,3,5,1,0.09090909090909091,0.2611892565642242,20,1,1,0,0,1,0,0,2,2,0,2022,2023-2026,0,0.6999521749328841,0.06361835810265863,0.6434060228452751,0.1588577362409138,0.5217030114226376,0,452
C3848258807,C539540C36B,Al2O3,nanochannel-confined ion transport,material_entity,transport_mechanism,0.11108239740133286,8,16,8,16,8,4,4,8,0.5,3,3,6,0.6666666666666666,0.6666666666666666,27,4,1,0.043478260869565216,0.267546386419054,128,1,1,0,0,1,0,0,0,0,0,2022,2023-2026,0,0.28929694749684465,0.07071195294366417,0.6440290758047768,0.14191069574247145,0.5214953271028038,0,453
C5E1580F832,C63ED77BD64,CoSb3,band engineering,material_entity,solid_state_mechanism,0.29843854904174805,8,8,8,8,7,5,5,7,0.7142857142857143,1,4,5,0.3333333333333333,1.0,21,3,2,0.14285714285714285,0.6016078666429724,64,1,1,0,0,1,0,0,0,0,0,2022,2023-2026,0,0.4785468490185977,0.05764109531147728,0.6107995846313603,0.26706126687435094,0.519833852544133,0,454
C45C8AAD12E,C5219F02F17,charge-transfer resistance engineering,Zintl phase,electrode_interface,material_system,0.24085059762001038,39,17,17,39,20,23,20,23,0.8695652173913043,8,9,17,1.0,1.0,28,19,8,0.16666666666666666,2.870138315560361,663,1,1,0,0,1,0,8,0,8,0,2022,2023-2026,0,0.12951106309889954,0.03228188394728579,0.46002076843198336,0.6313187954309449,0.5196261682242991,0,455
CB19ED8936D,CDBBD5033EA,MoS2,HfSe2,material_entity,material_entity,0.45582717657089233,6,9,6,9,2,2,2,2,1.0,2,2,4,0.6666666666666666,0.6666666666666666,2,2,5,0.5,1.6752389775733585,54,1,1,1,1,0,0,0,0,0,0,2022,2023-2026,0,0.7627458840964074,0.03388402492933079,0.5183800623052959,0.4814953271028037,0.5177570093457944,0,456
C9AFE334F36,CA18CB0B312,phonon scattering,electron-phonon coupling,solid_state_mechanism,solid_state_mechanism,0.718673586845398,49,7,7,49,49,3,3,49,0.061224489795918366,18,1,19,1.6666666666666667,0.0,29,9,3,0.05660377358490566,1.1888930316199513,343,1,1,1,0,0,1,0,0,0,0,2022,2023-2026,0,0.12352776307464644,0.04790111584684841,0.5531671858774663,0.41593977154724815,0.5171339563862929,0,457
C571D324260,CEA9836CD32,quasi-solid granular electrolyte matrix,molten salt,material_system,material_system,0.46463868021965027,7,6,6,7,4,2,2,4,0.5,2,1,3,0.6666666666666666,0.0,23,4,2,0.18181818181818182,1.3272716180510837,42,1,1,1,1,0,0,0,4,4,0,2022,2023-2026,0,0.34326349738963347,0.04920739352956648,0.5754932502596053,0.34994807892004154,0.5167185877466252,0,458
C4CEC954E12,C6C76863E52,platinum electrode,copper electrode,material_entity,material_entity,0.7892529964447021,22,5,5,22,9,3,3,9,0.3333333333333333,1,1,2,-0.3333333333333333,0.3333333333333333,26,10,2,0.08,0.6004533465575299,110,1,1,1,1,0,0,6,3,9,1,2022,2023-2026,0,0.3037612961740153,0.05869378510825508,0.6020768431983385,0.27942886812045686,0.5152647975077882,0,459
C311C0E1A8F,C696BC0A1E1,SbCl3,carbon electrode,material_entity,electrode_interface,0.11529098451137543,12,10,10,12,4,3,3,4,0.75,1,0,1,0.0,-0.3333333333333333,13,9,5,0.29411764705882354,1.969225436773106,120,1,1,0,0,1,0,0,1,1,0,2022,2023-2026,0,0.4672622904785506,0.0426919573278638,0.5488058151609554,0.4152024922118379,0.5148494288681205,0,460
C1DF01A6473,C46747A02A1,PEDOT:PSS,ion-pairing and complexation,material_entity,solvation_entropy,0.10805259644985199,36,31,31,36,46,16,16,46,0.34782608695652173,30,8,38,6.333333333333333,1.0,10,11,11,0.19642857142857142,3.3143832385978214,1116,1,1,0,0,1,0,0,4,4,0,2022,2023-2026,0,0.47768334819922226,0.025579628462540523,0.4431983385254413,0.6917653167185877,0.5144340602284527,0,461
C2378F90E64,C8AD5B453CC,anharmonic phonon transport,ion diffusion,solid_state_mechanism,transport_mechanism,0.37383586168289185,29,42,29,42,29,19,19,29,0.6551724137931034,16,12,28,2.6666666666666665,3.0,9,23,8,0.12698412698412698,2.3926676071728923,1218,1,1,0,0,0,1,0,2,2,0,2022,2023-2026,0,0.31812178388184337,0.02847352064974662,0.4524402907580477,0.656116303219107,0.5138110072689512,0,462
C9FB1DC4D4B,CE4B0E242E7,Ca3Co4O9,interfacial charge transfer,material_entity,electrode_interface,0.09754437953233719,6,35,6,35,7,21,7,21,0.3333333333333333,0,8,8,-0.3333333333333333,1.3333333333333333,16,29,3,0.07894736842105263,1.1266318485431266,210,1,1,0,0,1,0,0,6,6,0,2022,2023-2026,0,0.10307853944916942,0.06521327762312926,0.6043613707165109,0.25769470404984424,0.509865005192108,0,463
CB314592CFB,CDF78985483,precipitation and species redistribution,nanocomposite,phase_or_species_transition,material_system,0.14266973733901978,11,21,11,21,5,13,5,13,0.38461538461538464,3,7,10,1.0,0.3333333333333333,6,5,0,0.0,0.0,231,1,1,0,0,1,0,0,1,1,0,2022,2023-2026,0,0.536717723089411,0.06022395652515357,0.6228452751817237,0.16224299065420558,0.5086188992731049,0,464
C7B823B5BB0,C9AFE334F36,poly(vinyl alcohol) (PVA),phonon scattering,material_entity,solid_state_mechanism,0.19032031297683716,22,49,22,49,11,49,11,49,0.22448979591836735,6,18,24,1.3333333333333333,1.6666666666666667,8,29,1,0.014285714285714285,0.25433477814404226,1078,1,1,0,0,1,0,2,0,2,0,2022,2023-2026,0,0.024805044131210013,0.0693722190033833,0.594184839044652,0.28312564901349946,0.508411214953271,0,465
CB727037BDD,CE0C8909862,lattice thermal-conductivity suppression,CuFeS2,solid_state_mechanism,material_entity,0.1999889612197876,37,3,3,37,54,2,2,54,0.037037037037037035,25,2,27,3.6666666666666665,0.6666666666666666,18,0,1,0.02564102564102564,0.25694917118487537,111,1,1,0,0,1,0,0,0,0,0,2022,2023-2026,0,0.3387471895547964,0.06082663553378703,0.6105919003115265,0.2136656282450675,0.5055036344755971,0,466
C45C8AAD12E,CA120BDE1A0,charge-transfer resistance engineering,Bi2S3,electrode_interface,material_entity,0.1584274023771286,39,11,11,39,20,4,4,20,0.2,8,1,9,1.0,-0.3333333333333333,28,12,8,0.19047619047619047,2.831120164353832,429,1,1,0,0,1,0,8,0,8,0,2022,2023-2026,0,0.17966801203842087,0.031610733575088486,0.46230529595015574,0.5698650051921079,0.50404984423676,0,467
CBF24CD6AF1,CC7D2579013,electronic-structure modulation,mixed ionic-covalent bonding,solid_state_mechanism,solid_state_mechanism,0.4554890990257263,74,13,13,74,147,26,26,147,0.17687074829931973,51,13,64,5.0,3.0,29,21,9,0.11538461538461539,3.2153862738980643,962,1,1,1,0,0,1,0,0,0,0,2022,2023-2026,0,0.004149171980672903,0.031283353091035825,0.4159916926272067,0.7280581516095536,0.5038421599169263,0,468
C1DF01A6473,CCAABE058E7,PEDOT:PSS,ferri/ferrocyanide redox chemistry,material_entity,redox_chemistry,0.10554064065217972,36,27,27,36,46,21,21,46,0.45652173913043476,30,3,33,6.333333333333333,-0.6666666666666666,10,29,8,0.14545454545454545,2.175895047317928,972,1,1,0,0,1,0,0,36,36,0,2022,2023-2026,0,0.9644466970960075,0.024744733714871216,0.46002076843198336,0.5759813084112149,0.502803738317757,0,469
C08389FD6C6,C31E7C0D60C,moisture-gradient ion transport,KSbMoO6,transport_mechanism,material_entity,0.154583141207695,33,2,2,33,27,2,2,27,0.07407407407407407,17,0,17,3.6666666666666665,0.0,20,23,1,0.029411764705882353,1.4426950408889634,66,1,1,0,0,1,0,4,0,4,0,2022,2023-2026,0,0.2451371198838398,0.05780966307704673,0.5963655244029076,0.24652128764278297,0.5009345794392523,0,470
C311C0E1A8F,CFC9D296861,SbCl3,Bi2Se3,material_entity,material_entity,0.41415756940841675,12,17,12,17,4,8,4,8,0.5,1,2,3,0.0,-0.3333333333333333,13,12,3,0.11538461538461539,1.5186508574843391,204,1,1,1,1,0,0,0,0,0,0,2022,2023-2026,0,0.10357273504533217,0.04681629134607213,0.5456905503634475,0.3743094496365524,0.5005192107995846,0,471
C78D65254F9,CD515CCF7C2,phase transition,polaron hopping,phase_or_species_transition,solid_state_mechanism,0.2878066599369049,51,18,18,51,48,18,18,48,0.375,17,2,19,1.3333333333333333,-1.0,19,27,7,0.11290322580645161,1.9795957633671668,918,1,1,0,0,0,1,5,0,5,0,2022,2023-2026,0,0.04915561192512221,0.03471548118544431,0.45908618899273107,0.5687435098650051,0.5005192107995846,0,472
CCFD9A81EEE,CEA9836CD32,solid electrolyte,molten salt,material_system,material_system,0.7135237455368042,11,6,6,11,8,2,2,8,0.25,3,1,4,0.6666666666666666,0.0,25,4,2,0.13333333333333333,1.424137568996588,66,1,1,1,1,0,0,1,4,5,1,2022,2023-2026,0,0.42678822890063767,0.04412667109017457,0.5536863966770509,0.35433021806853576,0.4996884735202492,0,473
C5219F02F17,CD486BA800F,Zintl phase,host-guest complexation,material_system,solvation_entropy,0.2528458833694458,17,6,6,17,23,2,2,23,0.08695652173913043,9,0,9,1.0,0.0,19,19,5,0.2777777777777778,1.8543353063502432,102,1,1,0,0,1,0,0,2,2,0,2022,2023-2026,0,0.13748544776628746,0.037983391015732906,0.4982346832814123,0.47503634475597084,0.4980269989615783,0,474
C075A0D1B79,CC27710F85E,Sb2Te3,Sb2Se3,material_entity,material_entity,0.6630482077598572,17,12,12,17,9,2,2,9,0.2222222222222222,1,0,1,-0.3333333333333333,-0.6666666666666666,12,5,8,0.38095238095238093,2.7657252479408703,204,1,1,1,1,0,0,0,0,0,0,2022,2023-2026,0,0.15805347836811617,0.02896329266928093,0.443717549325026,0.6290965732087226,0.49615784008307373,0,475
C06F57A9BCA,C6DD69CF62E,polymer electrolyte,polyvinylpyrrolidone (PVP),material_system,material_entity,0.4760798513889313,13,5,5,13,9,2,2,9,0.2222222222222222,4,0,4,0.6666666666666666,-0.3333333333333333,19,7,2,0.125,0.6147221293686349,65,1,1,0,1,0,0,2,1,3,1,2022,2023-2026,0,0.35236059689167637,0.04833591722157805,0.5734164070612668,0.283613707165109,0.49304257528556594,0,476
C45C8AAD12E,CC27710F85E,charge-transfer resistance engineering,Sb2Se3,electrode_interface,material_entity,0.09888619184494019,39,12,12,39,20,2,2,20,0.1,8,0,8,1.0,-0.6666666666666666,28,5,8,0.18604651162790697,2.845722951396234,468,1,1,0,0,1,0,8,0,8,0,2022,2023-2026,0,0.2412382075644382,0.029916873372399868,0.4558670820353063,0.5498442367601246,0.49117341640706125,0,477
C4C9A1FEBD0,CE4B0E242E7,As2Te3,interfacial charge transfer,material_entity,electrode_interface,0.09954956918954849,9,35,9,35,2,21,2,21,0.09523809523809523,0,8,8,-0.3333333333333333,1.3333333333333333,29,29,8,0.2222222222222222,2.784724948811329,315,1,1,0,0,1,0,0,6,6,0,2022,2023-2026,0,0.03851022781122929,0.035201045452370794,0.4585669781931464,0.5451090342679127,0.49065420560747663,0,478
C1DF01A6473,C6153FCE2C1,PEDOT:PSS,pi-pi stacking,material_entity,gel_microstructure,0.3779194951057434,36,3,3,36,46,2,2,46,0.043478260869565216,30,2,32,6.333333333333333,0.6666666666666666,10,2,2,0.05405405405405406,0.5301299556112975,108,1,1,0,0,1,0,0,0,0,0,2022,2023-2026,0,0.8191415431490903,0.041795888747052416,0.5631360332294911,0.3070197300103842,0.49055036344755976,0,479
C3002C089A5,CE2D3B9DC27,ionic thermodiffusion (Soret effect),Nb2O5,transport_mechanism,material_entity,0.23011796176433563,46,5,5,46,42,3,3,42,0.07142857142857142,26,1,27,5.666666666666667,0.3333333333333333,23,16,1,0.02,0.5138983423697507,230,1,1,0,0,1,0,15,0,15,0,2022,2023-2026,0,0.7968323100314122,0.04445830195800546,0.5780893042575286,0.26276220145379026,0.4903426791277259,0,480
CAEB010ACF4,CF00FA35255,polyethylene glycol (PEG),HNO3,material_entity,material_entity,0.3099197745323181,20,7,7,20,7,2,2,7,0.2857142857142857,3,0,3,0.3333333333333333,0.0,8,15,6,0.2857142857142857,2.1367807125134353,140,1,1,1,1,0,0,0,0,0,0,2022,2023-2026,0,0.09376842290384385,0.033047633878168975,0.4631360332294912,0.518920041536864,0.48722741433021804,0,481
C6B56755D0B,C8AD5B453CC,Cu7PSe6,ion diffusion,material_entity,transport_mechanism,0.12285545468330383,8,42,8,42,4,19,4,19,0.21052631578947367,1,12,13,-0.3333333333333333,3.0,8,23,5,0.1111111111111111,1.3534908213391064,336,1,1,0,0,1,0,0,2,2,0,2022,2023-2026,0,0.13728763791677792,0.044148927177631886,0.5316718587746625,0.3739667705088266,0.48701973001038423,0,482
C3848258807,CCFD9A81EEE,Al2O3,solid electrolyte,material_entity,material_system,0.2549193203449249,8,11,8,11,8,8,8,8,1.0,3,3,6,0.6666666666666666,0.6666666666666666,27,25,1,0.05555555555555555,0.267546386419054,88,1,1,0,1,0,0,0,1,1,0,2022,2023-2026,0,0.05229699504346974,0.06577623910891595,0.5947040498442367,0.18720664589823466,0.48681204569055037,0,483
C7B3E023ED0,CF4A6A0344F,Cu2Se,ion migration,material_entity,transport_mechanism,0.12667036056518555,18,27,18,27,17,17,17,17,1.0,8,9,17,1.3333333333333333,2.3333333333333335,11,29,11,0.3235294117647059,3.0784810981592448,486,1,1,0,0,1,0,0,1,1,0,2022,2023-2026,0,0.1460174762540092,0.02541269297814614,0.41703011422637587,0.6538733125649012,0.4857736240913811,0,484
C56C2053791,CE4B0E242E7,Sr8Ga16Ge30,interfacial charge transfer,material_entity,electrode_interface,0.10746675729751587,9,35,9,35,2,21,2,21,0.09523809523809523,0,8,8,0.0,1.3333333333333333,19,29,5,0.1282051282051282,2.0290160293901045,315,1,1,0,0,1,0,0,6,6,0,2022,2023-2026,0,0.07391049011541306,0.04206532689308024,0.5080996884735202,0.41576323987538943,0.4853582554517134,0,485
C5A69E4FCAA,C962BA9CB74,Ag2O,TeO2,material_entity,material_entity,0.7002747058868408,9,21,9,21,6,6,6,6,1.0,0,0,0,0.0,0.0,26,15,4,0.15384615384615385,1.2710354130150416,189,1,1,1,1,0,0,1,0,1,0,2022,2023-2026,0,0.14506362013423288,0.039939569080444444,0.5112149532710281,0.4052128764278297,0.48348909657320877,0,486
C6D6399FFC8,CB19ED8936D,HfS2,MoS2,material_entity,material_entity,0.4765976667404175,9,6,6,9,2,2,2,2,1.0,2,2,4,0.6666666666666666,0.6666666666666666,2,2,5,0.5,1.6752389775733585,54,1,1,1,1,0,0,0,0,0,0,2022,2023-2026,0,0.7462837508306164,0.027321855332562664,0.47175493250259604,0.483613707165109,0.48265835929387324,0,487
C3D74C503D4,CBFAB31D6E6,Bi2Te3,electrostatic interaction,material_entity,solvation_entropy,0.24856603145599365,37,16,16,37,24,6,6,24,0.25,6,3,9,0.0,0.6666666666666666,15,7,5,0.10416666666666667,1.3375232629092444,592,1,1,0,0,1,0,0,1,1,0,2022,2023-2026,0,0.08320496388342698,0.039913443849608994,0.5,0.4234475597092419,0.4822429906542056,0,488
C1DF01A6473,CC028ABF9C6,PEDOT:PSS,anti-freezing organohydrogel design,material_entity,gel_microstructure,0.224861741065979,36,37,36,37,46,15,15,46,0.32608695652173914,30,7,37,6.333333333333333,1.0,10,15,13,0.21666666666666667,4.077304539037258,1332,1,1,0,0,1,0,0,6,6,0,2022,2023-2026,0,0.4618510802654178,0.019995559241483156,0.38172377985462097,0.7708826583592938,0.4818276220145379,0,489
C78D65254F9,C7B3E023ED0,phase transition,Cu2Se,phase_or_species_transition,material_entity,0.18422020971775055,51,18,18,51,48,17,17,48,0.3541666666666667,17,8,25,1.3333333333333333,1.3333333333333333,19,11,11,0.1896551724137931,3.193197409864627,918,1,1,0,0,1,0,5,0,5,0,2022,2023-2026,0,0.058063349893261264,0.025866660066972157,0.4024922118380062,0.6831983385254413,0.4805815160955348,0,490
C41DA9D5B12,C696BC0A1E1,convection-resolved resistance decomposition,carbon electrode,transport_mechanism,electrode_interface,0.2150699943304062,6,10,6,10,2,3,2,3,0.6666666666666666,1,0,1,0.3333333333333333,-0.3333333333333333,9,9,4,0.3333333333333333,1.4900289614550308,60,1,1,0,0,0,1,1,1,2,1,2022,2023-2026,0,0.9216710492620055,0.03250827684602126,0.515472481827622,0.3771028037383177,0.48037383177570087,0,491
CBF24CD6AF1,CF840763400,electronic-structure modulation,TiO2,solid_state_mechanism,material_entity,0.2496875524520874,74,9,9,74,147,21,21,147,0.14285714285714285,51,2,53,5.0,-1.0,29,18,8,0.10666666666666667,2.5126884866478756,666,1,1,0,0,1,0,0,1,1,0,2022,2023-2026,0,0.0030846558693420163,0.032338930041348454,0.4204569055036345,0.6220976116303218,0.48016614745586705,0,492
C1DF01A6473,C8AD5B453CC,PEDOT:PSS,ion diffusion,material_entity,transport_mechanism,0.10845989733934402,36,42,36,42,46,19,19,46,0.41304347826086957,30,12,42,6.333333333333333,3.0,10,23,11,0.16417910447761194,3.1510981152674966,1512,1,1,0,0,1,0,0,2,2,0,2022,2023-2026,1,0.14872504627904717,0.024188492470976243,0.4033229491173416,0.6793665628245067,0.48016614745586705,0,493
C5FB209FC2D,C8739CADFFB,F4TCNQ,P3HT,material_entity,material_entity,0.6981801986694336,2,6,2,6,2,4,2,4,0.5,2,3,5,0.6666666666666666,0.6666666666666666,1,3,1,0.14285714285714285,0.3001016285004131,12,1,1,1,1,0,0,0,0,0,0,2022,2023-2026,0,0.6759911522405688,0.04287801123943717,0.5625129802699895,0.26917964693665625,0.47995846313603324,0,494
C2866DCD56B,CC80A29B7B0,PEDOT,Nafion,material_entity,material_entity,0.3658903241157532,44,4,4,44,55,2,2,55,0.03636363636363636,34,1,35,6.0,0.3333333333333333,10,7,3,0.06666666666666667,0.832601367197352,176,1,1,1,1,0,0,2,0,2,0,2022,2023-2026,0,0.36607728481340457,0.03905405395650392,0.5228452751817237,0.3624714434060229,0.4799584631360332,0,495
C2378F90E64,CC7D2579013,anharmonic phonon transport,mixed ionic-covalent bonding,solid_state_mechanism,solid_state_mechanism,0.25903987884521484,29,13,13,29,29,26,26,29,0.896551724137931,16,13,29,2.6666666666666665,3.0,9,21,5,0.13513513513513514,1.433728376832457,377,1,1,1,0,0,1,0,0,0,0,2022,2023-2026,0,0.37877128810302746,0.030514568669620816,0.4701973001038422,0.4804672897196261,0.4793354101765317,0,496
C78D65254F9,CB02CED7099,phase transition,carrier-concentration optimization,phase_or_species_transition,solid_state_mechanism,0.15586164593696594,51,63,51,63,48,83,48,83,0.5783132530120482,17,28,45,1.3333333333333333,2.6666666666666665,19,30,25,0.2808988764044944,8.6563215967248,3213,1,1,0,0,0,1,5,0,5,0,2022,2023-2026,0,0.0015734605140052945,0.025196782124971392,0.3698857736240914,0.8157320872274144,0.4793354101765316,0,497
C2378F90E64,C23B9BED21A,anharmonic phonon transport,ionic conduction,solid_state_mechanism,transport_mechanism,0.41874444484710693,29,35,29,35,29,36,29,36,0.8055555555555556,16,9,25,2.6666666666666665,0.6666666666666666,9,30,12,0.23076923076923078,3.695622192546781,1015,1,1,0,0,0,1,0,2,2,0,2022,2023-2026,0,0.2145550875133604,0.020711903719585374,0.37414330218068537,0.7832917964693664,0.4785046728971962,0,498
C075A0D1B79,C45C8AAD12E,Sb2Te3,charge-transfer resistance engineering,material_entity,electrode_interface,0.13173003494739532,17,39,17,39,9,20,9,20,0.45,1,8,9,-0.3333333333333333,1.0,12,28,11,0.24444444444444444,3.6924135169453822,663,1,1,0,0,1,0,0,8,8,0,2022,2023-2026,0,0.11618413015666322,0.025333292683635964,0.4125649013499481,0.6481827622014538,0.477466251298027,0,499
C1DF01A6473,CC80A29B7B0,PEDOT:PSS,Nafion,material_entity,material_entity,0.327617883682251,36,4,4,36,46,2,2,46,0.043478260869565216,30,1,31,6.333333333333333,0.3333333333333333,10,7,3,0.08108108108108109,0.8178034238581737,144,1,1,1,1,0,0,0,0,0,0,2022,2023-2026,0,0.3959760174242544,0.03884422004778486,0.5236760124610591,0.3501142263759086,0.47725856697819313,0,500
C2866DCD56B,C8AD5B453CC,PEDOT,ion diffusion,material_entity,transport_mechanism,0.14181303977966309,44,42,42,44,55,19,19,55,0.34545454545454546,34,12,46,6.0,3.0,10,23,15,0.2112676056338028,4.648389818417826,1848,1,1,0,0,1,0,2,2,4,1,2022,2023-2026,1,0.1492472466756069,0.021659614650951273,0.3773624091381101,0.7635514018691588,0.47705088265835927,0,501
CCFD9A81EEE,CD515CCF7C2,solid electrolyte,polaron hopping,material_system,solid_state_mechanism,0.300081729888916,11,18,11,18,8,18,8,18,0.4444444444444444,3,2,5,0.6666666666666666,-1.0,25,27,2,0.07407407407407407,0.5471389997375804,198,1,1,0,0,1,0,1,0,1,0,2022,2023-2026,0,0.05549006011096877,0.05567377229193673,0.5632398753894081,0.2565939771547248,0.4768431983385254,0,502
C5219F02F17,CB530564ED0,Zintl phase,skutterudite,material_system,material_system,0.651047945022583,17,15,15,17,23,26,23,26,0.8846153846153846,9,4,13,1.0,0.6666666666666666,19,21,7,0.28,2.0532037726545376,255,1,1,1,1,0,0,0,0,0,0,2022,2023-2026,0,0.045492393697002656,0.02876692618128326,0.4179646936656282,0.617736240913811,0.4758047767393561,0,503
CBD5EA3A3DA,CFC9D296861,[Bi3I12],Bi2Se3,material_entity,material_entity,0.5919197201728821,6,17,6,17,2,8,2,8,0.25,0,2,2,-0.3333333333333333,-0.3333333333333333,6,12,4,0.21052631578947367,1.639907728723794,102,1,1,1,1,0,0,0,0,0,0,2022,2023-2026,0,0.19498900581691633,0.03491253619473798,0.48618899273104876,0.4417030114226375,0.4753894080996885,0,504
C962BA9CB74,CAEB010ACF4,TeO2,polyethylene glycol (PEG),material_entity,material_entity,0.3154078722000122,21,20,20,21,6,7,6,7,0.8571428571428571,0,3,3,0.0,0.3333333333333333,15,8,6,0.17142857142857143,2.322220316130135,420,1,1,1,1,0,0,0,0,0,0,2022,2023-2026,0,0.09544976454989154,0.03172426789946425,0.452128764278297,0.5366770508826584,0.4749740394600207,0,505
C78D65254F9,CBF24CD6AF1,phase transition,electronic-structure modulation,phase_or_species_transition,solid_state_mechanism,0.24161815643310547,51,74,51,74,48,147,48,147,0.32653061224489793,17,51,68,1.3333333333333333,5.0,19,29,27,0.2755102040816326,9.59084713155786,3774,1,1,0,0,0,1,5,0,5,0,2022,2023-2026,0,0.00022498895972708515,0.024118351707568327,0.3536863966770509,0.8579439252336449,0.47476635514018684,0,506
C6210B1A223,CC3BA67827F,reduced graphene oxide,ionic-electronic coupling,material_entity,transport_mechanism,0.16240867972373962,7,39,7,39,3,27,3,27,0.1111111111111111,3,11,14,1.0,2.3333333333333335,2,29,5,0.12195121951219512,1.8998655272806189,273,1,1,0,0,1,0,3,0,3,0,2022,2023-2026,0,0.23040585130446312,0.03465595371736194,0.48722741433021804,0.4331360332294911,0.4743509865005192,0,507
CD515CCF7C2,CF4A6A0344F,polaron hopping,ion migration,solid_state_mechanism,transport_mechanism,0.35863345861434937,18,27,18,27,18,17,17,18,0.9444444444444444,2,9,11,-1.0,2.3333333333333335,27,29,9,0.25,3.119190999049147,486,1,1,0,0,0,1,0,1,1,0,2022,2023-2026,0,0.06669623635554837,0.024715274159311743,0.39283489096573215,0.6842367601246105,0.47393561786085153,0,508
C25D09DDC57,CB02CED7099,Fe2+/Fe3+ solvation redox chemistry,carrier-concentration optimization,redox_chemistry,solid_state_mechanism,0.1858440339565277,17,63,17,63,10,83,10,83,0.12048192771084337,5,28,33,1.0,2.6666666666666665,29,30,8,0.1111111111111111,2.7274041978123376,1071,1,1,0,0,0,1,19,0,19,0,2022,2023-2026,0,0.20744373649832765,0.02488400618966732,0.41754932502596054,0.6151090342679127,0.47331256490135,0,509
C46747A02A1,C6DD69CF62E,ion-pairing and complexation,polyvinylpyrrolidone (PVP),solvation_entropy,material_entity,0.10722558945417404,31,5,5,31,16,2,2,16,0.125,8,0,8,1.0,-0.3333333333333333,11,7,2,0.058823529411764705,0.7133866983999526,155,1,1,0,0,1,0,4,1,5,1,2022,2023-2026,0,0.5584627457200222,0.04585380432985593,0.5735202492211837,0.19894080996884733,0.4728971962616823,0,510
C2378F90E64,CDBBD5033EA,anharmonic phonon transport,HfSe2,solid_state_mechanism,material_entity,0.21175536513328552,29,9,9,29,29,2,2,29,0.06896551724137931,16,2,18,2.6666666666666665,0.6666666666666666,9,2,5,0.15151515151515152,1.9363753997512356,261,1,1,0,0,1,0,0,0,0,0,2022,2023-2026,0,0.5030774337136669,0.028064410620834125,0.4628245067497404,0.47775700934579435,0.4725856697819315,0,511
C1DF01A6473,CBF24CD6AF1,PEDOT:PSS,electronic-structure modulation,material_entity,solid_state_mechanism,0.28215131163597107,36,74,36,74,46,147,46,147,0.3129251700680272,30,51,81,6.333333333333333,5.0,10,29,18,0.1956521739130435,5.556635427943458,2664,1,1,0,0,1,0,0,0,0,0,2022,2023-2026,0,0.0028240707376467147,0.02295381307173569,0.3470404984423676,0.8345379023883697,0.47102803738317756,0,512
C23B9BED21A,CFE4361F368,ionic conduction,charge-carrier mobility,transport_mechanism,solid_state_mechanism,0.5199129581451416,35,43,35,43,36,36,36,36,1.0,9,13,22,0.6666666666666666,1.6666666666666667,30,27,19,0.3220338983050847,6.879367012795687,1505,1,1,0,0,0,1,2,0,2,0,2022,2023-2026,0,0.029074374939602476,0.02123972961455868,0.3441329179646937,0.8632294911734164,0.47040498442367595,0,513
C23B9BED21A,C7B3E023ED0,ionic conduction,Cu2Se,transport_mechanism,material_entity,0.22500020265579224,35,18,18,35,36,17,17,36,0.4722222222222222,9,8,17,0.6666666666666666,1.3333333333333333,30,11,11,0.2619047619047619,3.14968920681354,630,1,1,0,0,1,0,2,0,2,0,2022,2023-2026,0,0.03488895058995048,0.025140523979314655,0.38670820353063345,0.6933748701972999,0.46998961578400833,0,514
C188B56F6F1,CC80A29B7B0,ion-selectivity membrane transport,Nafion,transport_mechanism,material_entity,0.3061102628707886,42,4,4,42,23,2,2,23,0.08695652173913043,11,1,12,2.0,0.3333333333333333,23,7,3,0.06976744186046512,0.8293123507147434,168,1,1,0,0,1,0,9,0,9,0,2022,2023-2026,0,0.4935838550235472,0.04039822860617433,0.539460020768432,0.3077466251298027,0.4683281412253375,0,515
C3D74C503D4,C5B8C057FAD,Bi2Te3,metal oxide,material_entity,material_system,0.3438052535057068,37,13,13,37,24,9,9,24,0.375,6,4,10,0.0,1.0,15,21,4,0.08695652173913043,1.1388035420019476,481,1,1,0,1,0,0,0,2,2,0,2022,2023-2026,0,0.014759930078496837,0.04322240936396941,0.4932502596053998,0.39676012461059185,0.4660436137071651,0,516
C24DA40DB81,C7B3E023ED0,Cu2S,Cu2Se,material_entity,material_entity,0.9695576429367065,6,18,6,18,3,17,3,17,0.17647058823529413,1,8,9,-0.3333333333333333,1.3333333333333333,5,11,5,0.2631578947368421,2.0362921981737756,108,1,1,1,1,0,0,0,0,0,0,2022,2023-2026,0,0.26242882568397036,0.026073179129284387,0.4316718587746626,0.5489304257528556,0.46396677050882656,0,517
C3848258807,C78D65254F9,Al2O3,phase transition,material_entity,phase_or_species_transition,0.2197921723127365,8,51,8,51,8,48,8,48,0.16666666666666666,3,17,20,0.6666666666666666,1.3333333333333333,27,19,1,0.017241379310344827,0.3284587387530511,408,1,1,0,0,1,0,0,5,5,0,2022,2023-2026,0,0.07227241735622807,0.048868074471722055,0.5448598130841121,0.26501557632398753,0.4633437175493251,0,518
C09AAA0C1AA,C5B8C057FAD,RCoO3,metal oxide,material_entity,material_system,0.43987464904785156,1,13,1,13,3,9,3,9,0.3333333333333333,0,4,4,0.0,1.0,21,21,0,0.0,0.0,13,1,1,0,1,0,0,0,2,2,0,2022,2023-2026,0,0.07996532466379655,0.054482712173706656,0.5654205607476636,0.17641744548286603,0.4620976116303219,0,519
C7B3E023ED0,C8AD5B453CC,Cu2Se,ion diffusion,material_entity,transport_mechanism,0.1541309803724289,18,42,18,42,17,19,17,19,0.8947368421052632,8,12,20,1.3333333333333333,3.0,11,23,10,0.2,3.0953477359090136,756,1,1,0,0,1,0,0,2,2,0,2022,2023-2026,0,0.21334205251675875,0.022618622804834166,0.3916926272066459,0.653271028037383,0.46188992731048806,0,520
C44799FE290,C6775C55BEF,defect engineering,superionic transition,solid_state_mechanism,solid_state_mechanism,0.2858276963233948,22,14,14,22,13,15,13,15,0.8666666666666667,5,2,7,1.6666666666666667,-0.6666666666666666,27,18,8,0.2857142857142857,2.1815139127533634,308,1,1,1,0,0,1,0,0,0,0,2022,2023-2026,0,0.2734830818717756,0.024226177193921214,0.4150571131879543,0.5867393561786084,0.46188992731048806,0,521
C2378F90E64,C6D6399FFC8,anharmonic phonon transport,HfS2,solid_state_mechanism,material_entity,0.1934773325920105,29,9,9,29,29,2,2,29,0.06896551724137931,16,2,18,2.6666666666666665,0.6666666666666666,9,2,5,0.15151515151515152,1.9363753997512356,261,1,1,0,0,1,0,0,0,0,0,2022,2023-2026,0,0.4966861916180744,0.02687833107537958,0.45462097611630325,0.4706542056074766,0.4604361370716511,0,522
C2866DCD56B,CC3BA67827F,PEDOT,ionic-electronic coupling,material_entity,transport_mechanism,0.19698300957679749,44,39,39,44,55,27,27,55,0.4909090909090909,34,11,45,6.0,2.3333333333333335,10,29,19,0.296875,6.286208623759869,1716,1,1,0,0,1,0,2,0,2,0,2022,2023-2026,1,0.0660339036762001,0.019835459339628558,0.3400830737279335,0.8203738317757009,0.46043613707165104,0,523
C23B9BED21A,C3DB4F04D16,ionic conduction,rattling-mode phonon suppression,transport_mechanism,solid_state_mechanism,0.25835245847702026,35,20,20,35,36,22,22,36,0.6111111111111112,9,7,16,0.6666666666666666,1.6666666666666667,30,21,7,0.14583333333333334,1.8247702646693895,700,1,1,0,0,0,1,2,0,2,0,2022,2023-2026,0,0.039170179490374206,0.030874053723779292,0.42803738317757006,0.5461370716510903,0.46022845275181723,0,524
C1233ADA4A4,C2866DCD56B,BF4,PEDOT,material_entity,material_entity,0.3831693232059479,4,44,4,44,5,55,5,55,0.09090909090909091,1,34,35,0.0,6.0,11,10,2,0.043478260869565216,0.6960877046998699,176,1,1,1,1,0,0,0,2,2,0,2022,2023-2026,0,0.06255558589013349,0.04265200815074517,0.5072689511941848,0.3334994807892004,0.45794392523364486,0,525
C399CA6EBBF,C4CEC954E12,NbO2,platinum electrode,material_entity,material_entity,0.29627078771591187,4,22,4,22,2,9,2,9,0.2222222222222222,0,1,1,-0.3333333333333333,-0.3333333333333333,7,26,2,0.08333333333333333,0.5235451697940798,88,1,1,1,1,0,0,0,6,6,0,2022,2023-2026,0,0.10157770662585726,0.049115858391503765,0.5526479750778817,0.22186915887850467,0.4575285565939772,0,526
C24DA40DB81,C8AD5B453CC,Cu2S,ion diffusion,material_entity,transport_mechanism,0.16169893741607666,6,42,6,42,3,19,3,19,0.15789473684210525,1,12,13,-0.3333333333333333,3.0,5,23,3,0.06666666666666667,0.8352639210201863,252,1,1,0,0,1,0,0,2,2,0,2022,2023-2026,0,0.18191433970281495,0.043398016741027584,0.5354101765316718,0.2757736240913811,0.45690550363447563,0,527
C571D324260,C8AD5B453CC,quasi-solid granular electrolyte matrix,ion diffusion,material_system,transport_mechanism,0.16230349242687225,7,42,7,42,4,19,4,19,0.21052631578947367,2,12,14,0.6666666666666666,3.0,23,23,2,0.0425531914893617,0.6845787778433003,294,1,1,0,0,1,0,0,2,2,0,2022,2023-2026,0,0.09581203532167339,0.046516679593848274,0.5420560747663552,0.25245067497403945,0.45690550363447563,0,528
C101F2A9CFC,C2866DCD56B,chitosan,PEDOT,material_entity,material_entity,0.4642375707626343,6,44,6,44,3,55,3,55,0.05454545454545454,1,34,35,0.3333333333333333,6.0,8,10,4,0.08695652173913043,1.230790913065591,264,1,1,1,1,0,0,0,2,2,0,2022,2023-2026,0,0.08440256259670555,0.03269438097199165,0.4573208722741433,0.45191069574247145,0.4569055036344756,0,529
C44799FE290,C8AD5B453CC,defect engineering,ion diffusion,solid_state_mechanism,transport_mechanism,0.13626088201999664,22,42,22,42,13,19,13,19,0.6842105263157895,5,12,17,1.6666666666666667,3.0,27,23,10,0.18518518518518517,2.8528718575784247,924,1,1,0,0,0,1,0,2,2,0,2022,2023-2026,0,0.14834736906502863,0.023156717871971603,0.39200415368639663,0.6298546209761162,0.4562824506749741,0,530
CC3BA67827F,CF4A6A0344F,ionic-electronic coupling,ion migration,transport_mechanism,transport_mechanism,0.7222399711608887,39,27,27,39,27,17,17,27,0.6296296296296297,11,9,20,2.3333333333333335,2.3333333333333335,29,29,14,0.2692307692307692,4.346271212512429,1053,1,1,1,0,0,1,0,1,1,0,2022,2023-2026,0,0.0595150097965796,0.01973904551380716,0.33354101765316724,0.8261059190031153,0.45545171339563856,0,531
C311C0E1A8F,CC27710F85E,SbCl3,Sb2Se3,material_entity,material_entity,0.9240218997001648,12,12,12,12,4,2,2,4,0.5,1,0,1,0.0,-0.6666666666666666,13,5,3,0.14285714285714285,1.4691773769672556,144,1,1,1,1,0,0,0,0,0,0,2022,2023-2026,0,0.3270103698405808,0.03243191150657079,0.47912772585669783,0.3946417445482866,0.4550363447559709,0,532
CBD5EA3A3DA,CEF8C3FDF7F,[Bi3I12],Et2Sb,material_entity,material_entity,0.7175780534744263,6,4,4,6,2,2,2,2,1.0,0,0,0,-0.3333333333333333,-0.3333333333333333,6,6,2,0.25,0.8350485199601045,24,1,1,1,1,0,0,0,0,0,0,2022,2023-2026,0,0.5831192892741973,0.03274083538785202,0.5,0.3411941848390446,0.45462097611630325,0,533
C1E4ABFFD92,C8AD5B453CC,BMIMBF4,ion diffusion,material_entity,transport_mechanism,0.13214832544326782,6,42,6,42,2,19,2,19,0.10526315789473684,0,12,12,-0.6666666666666666,3.0,5,23,4,0.09090909090909091,1.1819311404707717,252,1,1,0,0,1,0,0,2,2,0,2022,2023-2026,0,0.1518605270873872,0.039003752637616,0.505815160955348,0.3192419522326064,0.45109034267912773,0,534
CA18CB0B312,CFBCD9A3438,electron-phonon coupling,Ba8Ga16Ge30,solid_state_mechanism,material_entity,0.2095632553100586,7,9,7,9,3,2,2,3,0.6666666666666666,1,0,1,0.0,0.0,9,19,4,0.3333333333333333,1.4757732636334029,63,1,1,0,0,1,0,0,0,0,0,2022,2023-2026,0,0.3667879492593014,0.032363269696319204,0.4811007268951194,0.37454828660436135,0.45088265835929386,0,535
CBF24CD6AF1,CF4A6A0344F,electronic-structure modulation,ion migration,solid_state_mechanism,transport_mechanism,0.20567423105239868,74,27,27,74,147,17,17,147,0.11564625850340136,51,9,60,5.0,2.3333333333333335,29,29,15,0.1744186046511628,5.200121999681901,1998,1,1,0,0,0,1,0,1,1,0,2022,2023-2026,0,0.0011638386126878412,0.022142803585990526,0.3373831775700935,0.7855140186915888,0.45046728971962613,0,536
C621A7A9629,CDF78985483,polyurethane (PU),nanocomposite,material_entity,material_system,0.4419189393520355,8,21,8,21,5,13,5,13,0.38461538461538464,5,7,12,1.6666666666666667,0.3333333333333333,2,5,2,0.07407407407407407,0.5455237839991738,168,1,1,0,1,0,0,0,1,1,0,2022,2023-2026,0,0.5824193790859131,0.035137714532220844,0.5139148494288681,0.29933541017653165,0.4498442367601246,0,537
C2378F90E64,C2F611E9EEA,anharmonic phonon transport,clathrate,solid_state_mechanism,material_system,0.3855436146259308,29,13,13,29,29,11,11,29,0.3793103448275862,16,0,16,2.6666666666666665,-0.3333333333333333,9,19,7,0.2,2.4859821797193566,377,1,1,0,0,1,0,0,1,1,0,2022,2023-2026,0,0.28310153200923677,0.02155565024062728,0.3875389408099688,0.6209657320872274,0.4488058151609553,0,538
C6181968680,CC3BA67827F,graphene,ionic-electronic coupling,material_entity,transport_mechanism,0.15676012635231018,28,39,28,39,19,27,19,27,0.7037037037037037,12,11,23,3.0,2.3333333333333335,10,29,13,0.24074074074074073,4.382831048685314,1092,1,1,0,0,1,0,6,0,6,0,2022,2023-2026,0,0.19406465316922497,0.018969411873130285,0.3448598130841121,0.7320456905503634,0.44859813084112143,0,539
C65E336E20C,CDF78985483,TEMPO,nanocomposite,material_entity,material_system,0.29368096590042114,6,21,6,21,2,13,2,13,0.15384615384615385,2,7,9,0.6666666666666666,0.3333333333333333,0,5,3,0.125,1.0734206879361088,126,1,1,0,1,0,0,0,1,1,0,2022,2023-2026,0,0.4358593713412369,0.03388068283529383,0.49916926272066464,0.33048805815160953,0.44828660436137074,0,540
C44799FE290,CF4A6A0344F,defect engineering,ion migration,solid_state_mechanism,transport_mechanism,0.1777419000864029,22,27,22,27,13,17,13,17,0.7647058823529411,5,9,14,1.6666666666666667,2.3333333333333335,27,29,13,0.3611111111111111,4.126041858999386,594,1,1,0,0,0,1,0,1,1,0,2022,2023-2026,0,0.12206450237307853,0.019893510082294476,0.3539979231568016,0.7109241952232606,0.44797507788161994,0,541
C3D74C503D4,CF840763400,Bi2Te3,TiO2,material_entity,material_entity,0.40438348054885864,37,9,9,37,24,21,21,24,0.875,6,2,8,0.0,-1.0,15,18,4,0.09523809523809523,1.1558327011150982,333,1,1,1,1,0,0,0,1,1,0,2022,2023-2026,0,0.023741471274506532,0.038128017999445894,0.4692627206645898,0.3915576323987539,0.44797507788161994,0,542
C9AFE334F36,CE0C8909862,phonon scattering,CuFeS2,solid_state_mechanism,material_entity,0.230211079120636,49,3,3,49,49,2,2,49,0.04081632653061224,18,2,20,1.6666666666666667,0.6666666666666666,29,0,1,0.0196078431372549,0.2769378934088574,147,1,1,0,0,1,0,0,0,0,0,2022,2023-2026,0,0.07249116149290424,0.04732537233530912,0.5402907580477674,0.22570093457943924,0.44776739356178613,0,543
C3DB4F04D16,C78D65254F9,rattling-mode phonon suppression,phase transition,solid_state_mechanism,phase_or_species_transition,0.12191293388605118,20,51,20,51,22,48,22,48,0.4583333333333333,7,17,24,1.6666666666666667,1.3333333333333333,21,19,8,0.12698412698412698,2.2415731458393555,1020,1,1,0,0,0,1,0,5,5,0,2022,2023-2026,0,0.15072351440405138,0.02442005263357394,0.40571131879543093,0.5648701973001038,0.44714434060228453,0,544
C23B9BED21A,C5A69E4FCAA,ionic conduction,Ag2O,transport_mechanism,material_entity,0.22132202982902527,35,9,9,35,36,6,6,36,0.16666666666666666,9,0,9,0.6666666666666666,0.0,30,26,6,0.15789473684210525,3.064335854136607,315,1,1,0,0,1,0,2,1,3,1,2022,2023-2026,0,0.02674041228927329,0.02886704446758562,0.41235721703011424,0.5475597092419522,0.4467289719626168,0,545
C2378F90E64,C6775C55BEF,anharmonic phonon transport,superionic transition,solid_state_mechanism,solid_state_mechanism,0.4438587427139282,29,14,14,29,29,15,15,29,0.5172413793103449,16,2,18,2.6666666666666665,-0.6666666666666666,9,18,9,0.2647058823529412,2.7131493571711887,406,1,1,1,0,0,1,0,0,0,0,2022,2023-2026,0,0.4871097322340824,0.01818447060299632,0.36064382139148493,0.696417445482866,0.44610591900311525,0,546
C275FB7C4B0,CB02CED7099,iodide/triiodide redox chemistry,carrier-concentration optimization,redox_chemistry,solid_state_mechanism,0.25204232335090637,21,63,21,63,18,83,18,83,0.21686746987951808,9,28,37,1.6666666666666667,2.6666666666666665,12,30,6,0.07692307692307693,2.8508607733417826,1323,1,1,0,0,0,1,8,0,8,0,2022,2023-2026,0,0.09199073214361954,0.02346290448135307,0.3879543094496366,0.6115368639667705,0.44527518172377983,0,547
C696BC0A1E1,C962BA9CB74,carbon electrode,TeO2,electrode_interface,material_entity,0.2661513388156891,10,21,10,21,3,6,3,6,0.5,0,0,0,-0.3333333333333333,0.0,9,15,5,0.19230769230769232,2.0431963024018995,210,1,1,0,0,1,0,1,0,1,0,2022,2023-2026,0,0.35516237781956594,0.027225172229707394,0.4474558670820353,0.4610072689511942,0.4444444444444444,0,548
C571D324260,C78D65254F9,quasi-solid granular electrolyte matrix,phase transition,material_system,phase_or_species_transition,0.11222566664218903,7,51,7,51,4,48,4,48,0.08333333333333333,2,17,19,0.6666666666666666,1.3333333333333333,23,19,1,0.017543859649122806,0.4170323914242463,357,1,1,0,0,1,0,0,5,5,0,2022,2023-2026,0,0.0860983846781643,0.046454911256881795,0.5389408099688474,0.22142263759086186,0.4440290758047767,0,549
C3DB4F04D16,CA18CB0B312,rattling-mode phonon suppression,electron-phonon coupling,solid_state_mechanism,solid_state_mechanism,0.5216349363327026,20,7,7,20,22,3,3,22,0.13636363636363635,7,1,8,1.6666666666666667,0.0,21,9,5,0.22727272727272727,1.854033847436363,140,1,1,1,0,0,1,0,0,0,0,2022,2023-2026,0,0.4701556898835034,0.023215037694938757,0.4190031152647975,0.5101557632398753,0.4438213914849429,0,550
C5219F02F17,C90CB9C3175,Zintl phase,half-Heusler alloy,material_system,material_system,0.6214818954467773,17,7,7,17,23,11,11,23,0.4782608695652174,9,3,12,1.0,0.0,19,16,5,0.2631578947368421,1.4219693890939822,119,1,1,1,1,0,0,0,0,0,0,2022,2023-2026,0,0.06967468418180539,0.029017353056043582,0.42897196261682247,0.4974039460020767,0.4438213914849429,0,551
C9AFE334F36,CADCC57C7F1,phonon scattering,SnSe,solid_state_mechanism,material_entity,0.46784377098083496,49,15,15,49,49,11,11,49,0.22448979591836735,18,5,23,1.6666666666666667,0.6666666666666666,29,7,7,0.12280701754385964,2.3684157087108972,735,1,1,0,0,1,0,0,0,0,0,2022,2023-2026,0,0.03635289801000711,0.024452666992672522,0.38006230529595014,0.6297403946002077,0.44361370716510895,0,552
CADCC57C7F1,CC7D2579013,SnSe,mixed ionic-covalent bonding,material_entity,solid_state_mechanism,0.2896020710468292,15,13,13,15,11,26,11,26,0.4230769230769231,5,13,18,0.6666666666666666,3.0,7,21,5,0.21739130434782608,1.5415233498113887,195,1,1,0,0,1,0,0,0,0,0,2022,2023-2026,0,0.1374158360459031,0.027341383686294116,0.4317757009345794,0.4889096573208722,0.44299065420560746,0,553
C6E1ADCF1C9,CEF8C3FDF7F,Et3Si,Et2Sb,material_entity,material_entity,0.8517386317253113,6,4,4,6,2,2,2,2,1.0,0,0,0,-0.3333333333333333,-0.3333333333333333,6,6,2,0.25,0.8350485199601045,24,1,1,1,1,0,0,0,0,0,0,2022,2023-2026,0,0.6279052711424585,0.030408449024215658,0.4840083073727933,0.3461786085150571,0.4421599169262721,0,554
C56C2053791,CD486BA800F,Sr8Ga16Ge30,host-guest complexation,material_entity,solvation_entropy,0.2962549328804016,9,6,6,9,2,2,2,2,1.0,0,0,0,0.0,0.0,19,19,5,0.5,1.7521718169015856,54,1,1,0,0,1,0,0,2,2,0,2022,2023-2026,0,0.43685155566679784,0.026625509890513176,0.44787123572170295,0.44979231568016603,0.4404984423676013,0,555
C9AFE334F36,CCAABE058E7,phonon scattering,ferri/ferrocyanide redox chemistry,solid_state_mechanism,redox_chemistry,0.08715122938156128,49,27,27,49,49,21,21,49,0.42857142857142855,18,3,21,1.6666666666666667,-0.6666666666666666,29,29,7,0.10144927536231885,2.021963928370421,1323,1,1,0,0,0,1,0,36,36,0,2022,2023-2026,0,0.5277114354751257,0.022723978109811548,0.414018691588785,0.5174558670820353,0.4388369678089304,0,556
C1DF01A6473,CC3BA67827F,PEDOT:PSS,ionic-electronic coupling,material_entity,transport_mechanism,0.16594937443733215,36,39,36,39,46,27,27,46,0.5869565217391305,30,11,41,6.333333333333333,2.3333333333333335,10,29,18,0.3157894736842105,5.947895227272018,1404,1,1,0,0,1,0,0,0,0,0,2022,2023-2026,1,0.10791444782089452,0.01639801927211225,0.3167185877466251,0.8012045690550363,0.4384215991692627,0,557
CB02CED7099,CF10FA3299B,carrier-concentration optimization,V2O5,solid_state_mechanism,material_entity,0.25444459915161133,63,12,12,63,83,4,4,83,0.04819277108433735,28,1,29,2.6666666666666665,0.0,30,11,6,0.08695652173913043,1.909032101639361,756,1,1,0,0,1,0,0,0,0,0,2022,2023-2026,0,0.008991995371467998,0.030052473613487583,0.4118380062305296,0.5339252336448598,0.43821391484942884,0,558
CD9ECDD15B4,CFC9D296861,Sb2S3,Bi2Se3,material_entity,material_entity,0.4748677611351013,9,17,9,17,2,8,2,8,0.25,0,2,2,-0.3333333333333333,-0.3333333333333333,12,12,8,0.4444444444444444,2.713035239009296,153,1,1,1,1,0,0,0,0,0,0,2022,2023-2026,0,0.11863962074705632,0.02176763435327926,0.3773624091381101,0.6128868120456906,0.4357217030114226,0,559
C78D65254F9,CE2D3B9DC27,phase transition,Nb2O5,phase_or_species_transition,material_entity,0.1761522740125656,51,5,5,51,48,3,3,48,0.0625,17,1,18,1.3333333333333333,0.3333333333333333,19,16,2,0.037037037037037035,1.8204784532536746,255,1,1,0,0,1,0,5,0,5,0,2022,2023-2026,0,0.07006703154655093,0.036503156215301154,0.47871235721703015,0.34193146417445475,0.435306334371755,0,560
C23B9BED21A,CF10FA3299B,ionic conduction,V2O5,transport_mechanism,material_entity,0.2181020826101303,35,12,12,35,36,4,4,36,0.1111111111111111,9,1,10,0.6666666666666666,0.0,30,11,8,0.20512820512820512,2.6527071779523776,420,1,1,0,0,1,0,2,0,2,0,2022,2023-2026,0,0.03850979345755624,0.024818913583866724,0.38463136033229495,0.590809968847352,0.4342679127725857,0,561
C0BF9EEDC2F,CF4A6A0344F,Bi4V2O11,ion migration,material_entity,transport_mechanism,0.16631460189819336,3,27,3,27,2,17,2,17,0.11764705882352941,1,9,10,0.3333333333333333,2.3333333333333335,29,29,2,0.07142857142857142,0.7462368359438681,81,1,1,0,0,1,0,0,1,1,0,2022,2023-2026,0,0.038345313086077394,0.04519130139771577,0.5144340602284527,0.2133644859813084,0.42886812045690553,0,562
C275FB7C4B0,CBF24CD6AF1,iodide/triiodide redox chemistry,electronic-structure modulation,redox_chemistry,solid_state_mechanism,0.2989041209220886,21,74,21,74,18,147,18,147,0.12244897959183673,9,51,60,1.6666666666666667,5.0,12,29,8,0.09195402298850575,2.409272707085595,1554,1,1,0,0,0,1,8,0,8,0,2022,2023-2026,0,0.018189411353038754,0.021731295126873794,0.3442367601246106,0.6537383177570093,0.42658359293873316,0,563
C188B56F6F1,C1DF01A6473,ion-selectivity membrane transport,PEDOT:PSS,transport_mechanism,material_entity,0.14236047863960266,42,36,36,42,23,46,23,46,0.5,11,30,41,2.0,6.333333333333333,23,10,13,0.2,4.868493853570661,1512,1,1,0,0,1,0,9,0,9,0,2022,2023-2026,0,0.07637705489852564,0.01727638235901332,0.31505711318795426,0.7484942886812045,0.4265835929387331,0,564
C45C8AAD12E,C56C2053791,charge-transfer resistance engineering,Sr8Ga16Ge30,electrode_interface,material_entity,0.1477334052324295,39,9,9,39,20,2,2,20,0.1,8,0,8,1.0,0.0,28,19,5,0.11627906976744186,2.0373240230434355,351,1,1,0,0,1,0,8,0,8,0,2022,2023-2026,0,0.10089326384208656,0.030008579240452346,0.44158878504672894,0.4247352024922118,0.42575285565939774,0,565
C2276A75659,C78D65254F9,SrTiO3,phase transition,material_entity,phase_or_species_transition,0.22222505509853363,7,51,7,51,9,48,9,48,0.1875,2,17,19,0.0,1.3333333333333333,17,19,4,0.07407407407407407,1.0541662562169403,357,1,1,0,0,1,0,0,5,5,0,2022,2023-2026,0,0.11170822369311115,0.031663578446599394,0.45472481827622013,0.36463136033229493,0.4255451713395639,0,566
C7B3E023ED0,CC9289BCDC3,Cu2Se,CuCrSe2,material_entity,material_entity,0.9161481857299805,18,6,6,18,17,2,2,17,0.11764705882352941,8,0,8,1.3333333333333333,-0.6666666666666666,11,5,5,0.2631578947368421,2.2123047042439254,108,1,1,1,1,0,0,0,0,0,0,2022,2023-2026,0,0.34949121086353707,0.02084872624721147,0.384527518172378,0.5550778816199377,0.4245067497403946,0,567
C45C8AAD12E,CFBCD9A3438,charge-transfer resistance engineering,Ba8Ga16Ge30,electrode_interface,material_entity,0.14276637136936188,39,9,9,39,20,2,2,20,0.1,8,0,8,1.0,0.0,28,19,5,0.11627906976744186,2.0373240230434355,351,1,1,0,0,1,0,8,0,8,0,2022,2023-2026,0,0.10026478879771646,0.030008579240452346,0.4409657320872274,0.42323987538940805,0.4242990654205608,0,568
C45C8AAD12E,CF4442F676E,charge-transfer resistance engineering,[CoO2],electrode_interface,material_entity,0.16829955577850342,39,5,5,39,20,2,2,20,0.1,8,0,8,1.0,0.0,28,13,3,0.07317073170731707,1.0963262117988508,195,1,1,0,0,1,0,8,0,8,0,2022,2023-2026,0,0.17531562684860824,0.03549837289135052,0.4908618899273105,0.2707165109034268,0.42409138110072686,0,569
C3D74C503D4,C8AD5B453CC,Bi2Te3,ion diffusion,material_entity,transport_mechanism,0.10680921375751495,37,42,37,42,24,19,19,24,0.7916666666666666,6,12,18,0.0,3.0,15,23,7,0.09722222222222222,2.0482310690210914,1554,1,1,0,0,1,0,0,2,2,0,2022,2023-2026,0,0.011322294703379572,0.027625384337652218,0.397196261682243,0.515607476635514,0.42388369678089305,0,570
C311C0E1A8F,C962BA9CB74,SbCl3,TeO2,material_entity,material_entity,0.6280590891838074,12,21,12,21,4,6,4,6,0.6666666666666666,1,0,1,0.0,0.0,13,15,7,0.2692307692307692,2.8303226606023326,252,1,1,1,1,0,0,0,0,0,0,2022,2023-2026,0,0.1610953143465473,0.020139926712580213,0.3618899273104881,0.6157943925233644,0.4226375908618899,0,571
CA120BDE1A0,CE4B0E242E7,Bi2S3,interfacial charge transfer,material_entity,electrode_interface,0.1296422928571701,11,35,11,35,4,21,4,21,0.19047619047619047,1,8,9,-0.3333333333333333,1.3333333333333333,12,29,8,0.21052631578947367,2.822812170700501,385,1,1,0,0,1,0,0,6,6,0,2022,2023-2026,0,0.10055724855274392,0.022232377219636727,0.3763239875389408,0.5650674974039458,0.4226375908618899,0,572
C45C8AAD12E,CB40B685934,charge-transfer resistance engineering,CuCr1,electrode_interface,material_entity,0.13349895179271698,39,6,6,39,20,2,2,20,0.1,8,1,9,1.0,0.3333333333333333,28,11,5,0.125,1.6906454739728871,234,1,1,0,0,1,0,8,0,8,0,2022,2023-2026,0,0.19417986963780257,0.02983187671480504,0.4515057113187954,0.38755970924195215,0.4224299065420561,0,573
CC028ABF9C6,CF00FA35255,anti-freezing organohydrogel design,HNO3,gel_microstructure,material_entity,0.11776158213615417,37,7,7,37,15,2,2,15,0.13333333333333333,7,0,7,1.0,0.0,15,15,5,0.1282051282051282,1.7766186283756658,259,1,1,0,0,1,0,6,0,6,0,2022,2023-2026,0,0.24419566304974588,0.028577694857259535,0.44849428868120456,0.3877985462097611,0.42180685358255454,0,574
C311C0E1A8F,C4CEC954E12,SbCl3,platinum electrode,material_entity,material_entity,0.2896910607814789,12,22,12,22,4,9,4,9,0.4444444444444444,1,1,2,0.0,-0.3333333333333333,13,26,5,0.1724137931034483,2.0357921813461886,264,1,1,1,1,0,0,0,6,6,0,2022,2023-2026,0,0.06770520610257805,0.026788319673369282,0.41256490134994805,0.4758151609553478,0.42180685358255454,0,575
C2378F90E64,C9AFE334F36,anharmonic phonon transport,phonon scattering,solid_state_mechanism,solid_state_mechanism,0.8695780634880066,29,49,29,49,29,49,29,49,0.5918367346938775,16,18,34,2.6666666666666665,1.6666666666666667,9,29,18,0.3,6.822002009514845,1421,1,1,1,0,0,1,0,0,0,0,2022,2023-2026,0,0.16500664205270815,0.012796506465037862,0.28598130841121494,0.8899273104880581,0.4218068535825545,0,576
CA120BDE1A0,CD9ECDD15B4,Bi2S3,Sb2S3,material_entity,material_entity,0.8180825114250183,11,9,9,11,4,2,2,4,0.5,1,0,1,-0.3333333333333333,-0.3333333333333333,12,12,8,0.6666666666666666,2.648958971449811,99,1,1,1,1,0,0,0,0,0,0,2022,2023-2026,0,0.25162446546170364,0.019782274983982214,0.3620976116303219,0.6117133956386291,0.4213914849428868,0,577
C3D74C503D4,C78D65254F9,Bi2Te3,phase transition,material_entity,phase_or_species_transition,0.2553223967552185,37,51,37,51,24,48,24,48,0.5,6,17,23,0.0,1.3333333333333333,15,19,15,0.2054794520547945,5.033267753266144,1887,1,1,0,0,1,0,0,5,5,0,2022,2023-2026,0,0.011906787549269316,0.017578032972896843,0.2955347871235722,0.7854101765316719,0.4178608515057113,0,578
CC3BA67827F,CCAABE058E7,ionic-electronic coupling,ferri/ferrocyanide redox chemistry,transport_mechanism,redox_chemistry,0.2016829401254654,39,27,27,39,27,21,21,27,0.7777777777777778,11,3,14,2.3333333333333335,-0.6666666666666666,29,29,11,0.2,3.182492522810951,1053,1,1,0,0,0,1,0,36,36,0,2022,2023-2026,0,0.8860655419325335,0.012713953893777332,0.3275181723779854,0.6763136033229489,0.41723779854620974,0,579
C7096F6ECC5,CB02CED7099,imidazolium ionic-liquid phase transition electrolyte,carrier-concentration optimization,material_system,solid_state_mechanism,0.1579873263835907,15,63,15,63,8,83,8,83,0.0963855421686747,4,28,32,0.6666666666666666,2.6666666666666665,8,30,3,0.04,0.7924619281171239,945,1,1,0,0,1,0,5,0,5,0,2022,2023-2026,0,0.02222223467656337,0.03548347148880126,0.4542056074766355,0.34857736240913806,0.41682242990654206,0,580
C3970EB273E,CC3BA67827F,gelatin,ionic-electronic coupling,material_entity,transport_mechanism,0.02994895540177822,21,39,21,39,7,27,7,27,0.25925925925925924,7,11,18,2.3333333333333335,2.3333333333333335,2,29,4,0.07142857142857142,1.1190387387509588,819,1,1,0,0,1,0,4,0,4,0,2022,2023-2026,0,0.14189795667799626,0.03092088631607762,0.45295950155763237,0.3497507788161993,0.41557632398753896,0,581
CADCC57C7F1,CF840763400,SnSe,TiO2,material_entity,material_entity,0.3519618511199951,15,9,9,15,11,21,11,21,0.5238095238095238,5,2,7,0.6666666666666666,-1.0,7,18,2,0.09090909090909091,0.5092763869829747,135,1,1,1,1,0,0,0,1,1,0,2022,2023-2026,0,0.07952776887420093,0.03728301304555479,0.4840083073727933,0.2628141225337487,0.4153686396677051,0,582
C4CEC954E12,C6DEC1AEAD1,platinum electrode,CeO2,material_entity,material_entity,0.4254925549030304,22,4,4,22,9,3,3,9,0.3333333333333333,1,0,1,-0.3333333333333333,0.0,26,26,1,0.04,0.2729584204093974,88,1,1,1,1,0,0,6,0,6,0,2022,2023-2026,0,0.025727979237383788,0.04337528694951098,0.4993769470404984,0.20174454828660435,0.4149532710280374,0,583
CBF24CD6AF1,CC028ABF9C6,electronic-structure modulation,anti-freezing organohydrogel design,solid_state_mechanism,gel_microstructure,0.08980274945497513,74,37,37,74,147,15,15,147,0.10204081632653061,51,7,58,5.0,1.0,29,15,14,0.14432989690721648,4.32520640757402,2738,1,1,0,0,0,1,0,6,6,0,2022,2023-2026,0,0.0030867139883522564,0.019569185835593954,0.305607476635514,0.7226375908618898,0.41370716510903427,0,584
C38C7EC2077,C962BA9CB74,ethylene glycol,TeO2,material_entity,material_entity,0.38505709171295166,22,21,21,22,12,6,6,12,0.5,4,0,4,0.6666666666666666,0.0,20,15,9,0.2647058823529412,3.2413231342643476,462,1,1,1,1,0,0,0,0,0,0,2022,2023-2026,0,0.03724238104727755,0.019635996836869136,0.3233644859813084,0.6706230529595015,0.41329179646936653,0,585
C2DA63DEF6B,C962BA9CB74,NO3,TeO2,material_entity,material_entity,0.6936484575271606,7,21,7,21,2,6,2,6,0.3333333333333333,0,0,0,0.0,0.0,15,15,6,0.2727272727272727,2.142130174455718,147,1,1,1,1,0,0,1,0,1,0,2022,2023-2026,0,0.16975180721101626,0.0209153822947153,0.3725856697819314,0.5454932502596054,0.4130841121495327,0,586
C3002C089A5,CB02CED7099,ionic thermodiffusion (Soret effect),carrier-concentration optimization,transport_mechanism,solid_state_mechanism,0.25238290429115295,46,63,46,63,42,83,42,83,0.5060240963855421,26,28,54,5.666666666666667,2.6666666666666665,23,30,16,0.17204301075268819,5.269413587815489,2898,1,1,0,0,0,1,15,0,15,0,2022,2023-2026,0,0.08855365397429646,0.01376877117371337,0.2863966770508827,0.8055244029075804,0.41246105919003107,0,587
C50BCAA1E15,CE2D3B9DC27,P2O5,Nb2O5,material_entity,material_entity,0.8365940451622009,7,5,5,7,3,3,3,3,1.0,2,1,3,0.6666666666666666,0.3333333333333333,11,16,1,0.09090909090909091,0.2611892565642242,35,1,1,1,1,0,0,0,0,0,0,2022,2023-2026,0,0.39861739831957094,0.033047334965235625,0.4903426791277259,0.23736240913811005,0.4122533748701973,0,588
C590DF9EFD4,C845F498233,organohydrogel,ion-dipole interaction,material_system,solvation_entropy,0.09363600611686707,7,5,5,7,2,2,2,2,1.0,2,1,3,0.6666666666666666,0.0,1,3,3,0.3333333333333333,1.040041258012943,35,1,1,0,0,1,0,1,1,2,1,2022,2023-2026,0,0.9412387850053109,0.02567068318587586,0.469055036344756,0.2855867082035306,0.4114226375908619,0,589
C6775C55BEF,CF4A6A0344F,superionic transition,ion migration,solid_state_mechanism,transport_mechanism,0.6438577175140381,14,27,14,27,15,17,15,17,0.8823529411764706,2,9,11,-0.6666666666666666,2.3333333333333335,18,29,9,0.28125,2.478554183768614,378,1,1,0,0,0,1,0,1,1,0,2022,2023-2026,0,0.22330849135647116,0.015160807976464866,0.31962616822429907,0.6776323987538941,0.4103842159916926,0,590
C2276A75659,C2880A1DF90,SrTiO3,SrMoO3,material_entity,material_entity,0.9658112525939941,7,1,1,7,9,2,2,9,0.2222222222222222,2,0,2,0.0,0.0,17,17,0,0.0,0.0,7,1,1,1,1,0,0,0,0,0,0,2022,2023-2026,0,0.10732738528876577,0.038637649355612716,0.4968847352024922,0.19260643821391485,0.4103842159916926,0,591
C075A0D1B79,C3D74C503D4,Sb2Te3,Bi2Te3,material_entity,material_entity,0.8503784537315369,17,37,17,37,9,24,9,24,0.375,1,6,7,-0.3333333333333333,0.0,12,15,15,0.38461538461538464,5.281050782227164,629,1,1,1,1,0,0,0,0,0,0,2022,2023-2026,0,0.07146658314886262,0.013951035299116376,0.2855659397715472,0.7967705088265835,0.4091381100726895,0,592
CB02CED7099,CF4A6A0344F,carrier-concentration optimization,ion migration,solid_state_mechanism,transport_mechanism,0.3601229786872864,63,27,27,63,83,17,17,83,0.20481927710843373,28,9,37,2.6666666666666665,2.3333333333333335,30,29,17,0.2328767123287671,5.289215250124519,1701,1,1,0,0,0,1,0,1,1,0,2022,2023-2026,0,0.00338929643898516,0.016230883217069562,0.27819314641744547,0.8407268951194184,0.40893042575285565,0,593
CB314592CFB,CB530564ED0,precipitation and species redistribution,skutterudite,phase_or_species_transition,material_system,0.16686289012432098,11,15,11,15,5,26,5,26,0.19230769230769232,3,4,7,1.0,0.6666666666666666,6,21,3,0.13043478260869565,0.9792106564571383,165,1,1,0,0,1,0,0,0,0,0,2022,2023-2026,0,0.14271475846877027,0.03249337530395946,0.4652128764278297,0.282938733125649,0.408515057113188,0,594
C06F57A9BCA,CB02CED7099,polymer electrolyte,carrier-concentration optimization,material_system,solid_state_mechanism,0.2180348038673401,13,63,13,63,9,83,9,83,0.10843373493975904,4,28,32,0.6666666666666666,2.6666666666666665,19,30,2,0.02702702702702703,0.5861012960030875,819,1,1,0,0,1,0,2,0,2,0,2022,2023-2026,0,0.008575648294773428,0.03601527569569909,0.4527518172377986,0.33468328141225334,0.4085150571131879,0,595
C3D74C503D4,CC27710F85E,Bi2Te3,Sb2Se3,material_entity,material_entity,0.500038743019104,37,12,12,37,24,2,2,24,0.08333333333333333,6,0,6,0.0,-0.6666666666666666,15,5,10,0.2564102564102564,3.9579647314992683,444,1,1,1,1,0,0,0,0,0,0,2022,2023-2026,0,0.043697607061247395,0.016350312558654153,0.29740394600207687,0.7127206645898235,0.40768431983385245,0,596
C2378F90E64,C3DB4F04D16,anharmonic phonon transport,rattling-mode phonon suppression,solid_state_mechanism,solid_state_mechanism,0.5862784385681152,29,20,20,29,29,22,22,29,0.7586206896551724,16,7,23,2.6666666666666665,1.6666666666666667,9,21,14,0.4,5.437080102854484,580,1,1,1,0,0,1,0,0,0,0,2022,2023-2026,0,0.5077694755530692,0.010089196202278532,0.27850467289719627,0.8268743509865005,0.4074766355140187,0,597
C1ABB4DC192,CF4A6A0344F,NdCoO3,ion migration,material_entity,transport_mechanism,0.08648762106895447,4,27,4,27,2,17,2,17,0.11764705882352941,1,9,10,0.3333333333333333,2.3333333333333335,16,29,3,0.10714285714285714,0.9353642950847181,108,1,1,0,0,1,0,0,1,1,0,2022,2023-2026,0,0.07069611059100592,0.03689896253325637,0.4797507788161994,0.24601246105919003,0.40685358255451715,0,598
C50BCAA1E15,CD515CCF7C2,P2O5,polaron hopping,material_entity,solid_state_mechanism,0.12211954593658447,7,18,7,18,3,18,3,18,0.16666666666666666,2,2,4,0.6666666666666666,-1.0,11,27,4,0.19047619047619047,1.5808438008362709,126,1,1,0,0,1,0,0,0,0,0,2022,2023-2026,0,0.10045104237859262,0.03124175912846741,0.4481827622014538,0.34619937694704045,0.4062305295950156,0,599
C7713A07951,C962BA9CB74,urea,TeO2,material_entity,material_entity,0.4129381775856018,15,21,15,21,4,6,4,6,0.6666666666666666,0,0,0,-0.3333333333333333,0.0,13,15,6,0.2,2.622119753606047,315,1,1,1,1,0,0,2,0,2,0,2022,2023-2026,0,0.11516026188854717,0.020610273428053088,0.3616822429906542,0.5594496365524403,0.40602284527518173,0,600
C38C7EC2077,CE4B0E242E7,ethylene glycol,interfacial charge transfer,material_entity,electrode_interface,0.17800796031951904,22,35,22,35,12,21,12,21,0.5714285714285714,4,8,12,0.6666666666666666,1.3333333333333333,20,29,3,0.05555555555555555,0.8622325108477359,770,1,1,0,0,1,0,0,6,6,0,2022,2023-2026,0,0.04633713724583091,0.03371336661707555,0.45295950155763237,0.318276220145379,0.40456905503634477,0,601
C6C09287FDB,CBF24CD6AF1,high-entropy redox/ion coupling,electronic-structure modulation,solvation_entropy,solid_state_mechanism,0.3282945156097412,7,74,7,74,4,147,4,147,0.027210884353741496,4,51,55,1.3333333333333333,5.0,2,29,5,0.06578947368421052,1.9025169878103,518,1,1,0,0,0,1,2,0,2,0,2022,2023-2026,0,0.05549448381434165,0.02295166033923574,0.3708203530633437,0.5311734164070612,0.4035306334371755,0,602
C6E1ADCF1C9,CFC9D296861,Et3Si,Bi2Se3,material_entity,material_entity,0.4460308849811554,6,17,6,17,2,8,2,8,0.25,0,2,2,-0.3333333333333333,-0.3333333333333333,6,12,4,0.21052631578947367,1.639907728723794,102,1,1,1,1,0,0,0,0,0,0,2022,2023-2026,0,0.16493389317788926,0.0245503150528258,0.40924195223260645,0.43298026998961575,0.4018691588785047,0,603
CBF24CD6AF1,CC3BA67827F,electronic-structure modulation,ionic-electronic coupling,solid_state_mechanism,transport_mechanism,0.3950953781604767,74,39,39,74,147,27,27,147,0.1836734693877551,51,11,62,5.0,2.3333333333333335,29,29,23,0.25555555555555554,8.596032197285538,2886,1,1,0,0,0,1,0,0,0,0,2022,2023-2026,0,0.0006155538233590412,0.015329528599542763,0.2663551401869159,0.8836656282450674,0.401453790238837,0,604
C23B9BED21A,C962BA9CB74,ionic conduction,TeO2,transport_mechanism,material_entity,0.22509849071502686,35,21,21,35,36,6,6,36,0.16666666666666666,9,0,9,0.6666666666666666,0.0,30,15,5,0.09803921568627451,1.6772271058398494,735,1,1,0,0,1,0,2,0,2,0,2022,2023-2026,0,0.016909571523680975,0.027910561173229077,0.40041536863966776,0.4473104880581516,0.401453790238837,0,605
C41DA9D5B12,C962BA9CB74,convection-resolved resistance decomposition,TeO2,transport_mechanism,material_entity,0.13499194383621216,6,21,6,21,2,6,2,6,0.3333333333333333,1,0,1,0.3333333333333333,0.0,9,15,4,0.17391304347826086,1.5958647046052317,126,1,1,0,0,1,0,1,0,1,0,2022,2023-2026,0,0.4032458577022575,0.026643622080747716,0.44662512980269986,0.334797507788162,0.3995846313603323,0,606
C8AD5B453CC,CB727037BDD,ion diffusion,lattice thermal-conductivity suppression,transport_mechanism,solid_state_mechanism,0.3254375755786896,42,37,37,42,19,54,19,54,0.35185185185185186,12,25,37,3.0,3.6666666666666665,23,18,10,0.14492753623188406,3.2409103296327584,1554,1,1,0,0,0,1,2,0,2,0,2022,2023-2026,0,0.04462285991575041,0.015155847227623982,0.28753894080996883,0.7345586708203531,0.3993769470404984,0,607
C2866DCD56B,CB02CED7099,PEDOT,carrier-concentration optimization,material_entity,solid_state_mechanism,0.25352591276168823,44,63,44,63,55,83,55,83,0.6626506024096386,34,28,62,6.0,2.6666666666666665,10,30,13,0.13829787234042554,4.2858950124263595,2772,1,1,0,0,1,0,2,0,2,0,2022,2023-2026,0,0.009610447000251978,0.016108861186519483,0.2794392523364486,0.7703946002076844,0.3983385254413291,0,608
CBF24CD6AF1,CEA9836CD32,electronic-structure modulation,molten salt,solid_state_mechanism,material_system,0.10953877866268158,74,6,6,74,147,2,2,147,0.013605442176870748,51,1,52,5.0,0.0,29,4,2,0.02564102564102564,0.5338870645937328,444,1,1,0,0,1,0,0,4,4,0,2022,2023-2026,0,0.017744767680616808,0.03563870125012785,0.4551401869158878,0.2826272066458982,0.3975077881619938,0,609
C9910E60ABA,CC3BA67827F,carbon nanotube,ionic-electronic coupling,material_entity,transport_mechanism,0.17594830691814423,28,39,28,39,33,27,27,33,0.8181818181818182,20,11,31,4.666666666666667,2.3333333333333335,13,29,13,0.24074074074074073,4.561180659840844,1092,1,1,0,0,1,0,11,0,11,0,2022,2023-2026,0,0.4998862535643533,0.010418391936279142,0.28286604361370715,0.751453790238837,0.39730010384215986,0,610
CF10FA3299B,CF840763400,V2O5,TiO2,material_entity,material_entity,0.773213803768158,12,9,9,12,4,21,4,21,0.19047619047619047,1,2,3,0.0,-1.0,11,18,3,0.16666666666666666,0.8420636463898968,108,1,1,1,1,0,0,0,1,1,0,2022,2023-2026,0,0.06988521761918941,0.029416796221747598,0.4300103842159917,0.35779854620976115,0.39667705088265837,0,611
C4C9A1FEBD0,C78D65254F9,As2Te3,phase transition,material_entity,phase_or_species_transition,0.23006571829319,9,51,9,51,2,48,2,48,0.041666666666666664,0,17,17,-0.3333333333333333,1.3333333333333333,29,19,8,0.15384615384615385,2.8116565847300152,459,1,1,0,0,1,0,0,5,5,0,2022,2023-2026,0,0.0467317148534784,0.019817157505934782,0.3317757009345794,0.6031568016614746,0.3954309449636553,0,612
C45C8AAD12E,CD9ECDD15B4,charge-transfer resistance engineering,Sb2S3,electrode_interface,material_entity,0.10860034823417664,39,9,9,39,20,2,2,20,0.1,8,0,8,1.0,-0.3333333333333333,28,12,8,0.2,2.79303294246466,351,1,1,0,0,1,0,8,0,8,0,2022,2023-2026,0,0.1723631278930247,0.019139546757183715,0.3448598130841121,0.5451090342679127,0.3951194184839044,0,613
CBF24CD6AF1,CCAABE058E7,electronic-structure modulation,ferri/ferrocyanide redox chemistry,solid_state_mechanism,redox_chemistry,0.26047787070274353,74,27,27,74,147,21,21,147,0.14285714285714285,51,3,54,5.0,-0.6666666666666666,29,29,12,0.1348314606741573,3.5442326904569916,1998,1,1,0,0,0,1,0,36,36,0,2022,2023-2026,0,0.16242157389307998,0.012624436481412496,0.2798546209761163,0.7483904465212875,0.3939771547248182,0,614
C4C9A1FEBD0,CFC9D296861,As2Te3,Bi2Se3,material_entity,material_entity,0.4889020621776581,9,17,9,17,2,8,2,8,0.25,0,2,2,-0.3333333333333333,-0.3333333333333333,29,12,8,0.4444444444444444,2.713035239009296,153,1,1,1,1,0,0,0,0,0,0,2022,2023-2026,0,0.04520499965207356,0.019510485613222252,0.3224299065420561,0.614257528556594,0.39314641744548284,0,615
C1FC9BD492E,C78D65254F9,alloy/disorder phonon scattering,phase transition,solid_state_mechanism,phase_or_species_transition,0.1907982975244522,5,51,5,51,4,48,4,48,0.08333333333333333,1,17,18,0.3333333333333333,1.3333333333333333,22,19,4,0.07692307692307693,1.0474919722305784,255,1,1,0,0,0,1,0,5,5,0,2022,2023-2026,0,0.2659466540004885,0.02695853199091679,0.439460020768432,0.3353582554517134,0.3923156801661475,0,616
C45C8AAD12E,C4C9A1FEBD0,charge-transfer resistance engineering,As2Te3,electrode_interface,material_entity,0.12101738154888153,39,9,9,39,20,2,2,20,0.1,8,0,8,1.0,-0.3333333333333333,28,29,8,0.2,2.79303294246466,351,1,1,0,0,1,0,8,0,8,0,2022,2023-2026,0,0.04861050212188096,0.020146113463005592,0.3400830737279335,0.5483489096573209,0.3910695742471443,0,617
CB02CED7099,CB727037BDD,carrier-concentration optimization,lattice thermal-conductivity suppression,solid_state_mechanism,solid_state_mechanism,0.43916094303131104,63,37,37,63,83,54,54,83,0.6506024096385542,28,25,53,2.6666666666666665,3.6666666666666665,30,18,25,0.3333333333333333,10.835393394857398,2331,1,1,1,0,0,1,0,0,0,0,2022,2023-2026,0,0.0035824426541500314,0.013719817022750267,0.2523364485981308,0.8976116303219106,0.3908618899273104,0,618
C23B9BED21A,CD515CCF7C2,ionic conduction,polaron hopping,transport_mechanism,solid_state_mechanism,0.4059246778488159,35,18,18,35,36,18,18,36,0.5,9,2,11,0.6666666666666666,-1.0,30,27,9,0.20454545454545456,2.9915393786916815,630,1,1,0,0,0,1,2,0,2,0,2022,2023-2026,0,0.036091964819664334,0.016038356588034076,0.290134994807892,0.6838629283489097,0.39044652128764273,0,619
C1DF01A6473,CC4208AB219,PEDOT:PSS,EMIMBF4,material_entity,material_entity,0.344027042388916,36,6,6,36,46,2,2,46,0.043478260869565216,30,0,30,6.333333333333333,0.0,10,9,2,0.05,0.6666869743182902,216,1,1,1,1,0,0,0,1,1,0,2022,2023-2026,0,0.3709452846467164,0.026514893043062034,0.4404984423676012,0.3283904465212877,0.3900311526479751,0,620
C872881EC3C,CBF24CD6AF1,gel-confined redox transport,electronic-structure modulation,gel_microstructure,solid_state_mechanism,0.22363877296447754,19,74,19,74,8,147,8,147,0.05442176870748299,8,51,59,2.6666666666666665,5.0,2,29,10,0.12048192771084337,3.1592727451802585,1406,1,1,0,0,0,1,7,0,7,0,2022,2023-2026,0,0.060722884490081626,0.014150350130602295,0.2870197300103842,0.6966147455867081,0.3898234683281412,0,621
CB727037BDD,CBF24CD6AF1,lattice thermal-conductivity suppression,electronic-structure modulation,solid_state_mechanism,solid_state_mechanism,0.38901716470718384,37,74,37,74,54,147,54,147,0.3673469387755102,25,51,76,3.6666666666666665,5.0,18,29,24,0.27586206896551724,9.13485202299822,2738,1,1,1,0,0,1,0,0,0,0,2022,2023-2026,0,0.0012661877548028353,0.0138102987960047,0.2515057113187954,0.8879439252336448,0.38920041536863964,0,622
C1DF01A6473,CFE4361F368,PEDOT:PSS,charge-carrier mobility,material_entity,solid_state_mechanism,0.31442174315452576,36,43,36,43,46,36,36,46,0.782608695652174,30,13,43,6.333333333333333,1.6666666666666667,10,27,10,0.14492753623188406,3.5153479045158225,1548,1,1,0,0,1,0,0,0,0,0,2022,2023-2026,0,0.12159338732640237,0.012678739921966957,0.2771547248182762,0.7433021806853582,0.3885773624091381,0,623
CC028ABF9C6,CC3BA67827F,anti-freezing organohydrogel design,ionic-electronic coupling,gel_microstructure,transport_mechanism,0.030006015673279762,37,39,37,39,15,27,15,27,0.5555555555555556,7,11,18,1.0,2.3333333333333335,15,29,9,0.13432835820895522,2.5422023511805247,1443,1,1,0,0,0,1,6,0,6,0,2022,2023-2026,0,0.052373771185314055,0.0195595648832536,0.3265835929387332,0.5820249221183801,0.38753894080996887,0,624
C962BA9CB74,CF10FA3299B,TeO2,V2O5,material_entity,material_entity,0.8096400499343872,21,12,12,21,6,4,4,6,0.6666666666666666,0,1,1,0.0,0.0,15,11,5,0.17857142857142858,1.556063915520733,252,1,1,1,1,0,0,0,0,0,0,2022,2023-2026,0,0.14974319254457086,0.020957426203140922,0.37092419522326064,0.47831775700934576,0.3875389408099688,0,625
CB02CED7099,CD515CCF7C2,carrier-concentration optimization,polaron hopping,solid_state_mechanism,solid_state_mechanism,0.4779704809188843,63,18,18,63,83,18,18,83,0.21686746987951808,28,2,30,2.6666666666666665,-1.0,30,27,11,0.15714285714285714,4.633476799861529,1134,1,1,1,0,0,1,0,0,0,0,2022,2023-2026,0,0.00548196364393103,0.014716041666904203,0.26697819314641746,0.7806022845275181,0.38733125649013495,0,626
C2378F90E64,CB19ED8936D,anharmonic phonon transport,MoS2,solid_state_mechanism,material_entity,0.22991955280303955,29,6,6,29,29,2,2,29,0.06896551724137931,16,2,18,2.6666666666666665,0.6666666666666666,9,2,5,0.16666666666666666,1.8333843865134072,174,1,1,0,0,1,0,0,0,0,0,2022,2023-2026,0,0.5414455179298097,0.019356393523909946,0.3725856697819314,0.469221183800623,0.3865005192107996,0,627
C6775C55BEF,C78D65254F9,superionic transition,phase transition,solid_state_mechanism,phase_or_species_transition,0.3526167869567871,14,51,14,51,15,48,15,48,0.3125,2,17,19,-0.6666666666666666,1.3333333333333333,18,19,12,0.22641509433962265,3.684481284171165,714,1,1,0,0,0,1,0,5,5,0,2022,2023-2026,0,0.16823700141687445,0.011717507840239585,0.2723779854620976,0.7477466251298026,0.3846313603322949,0,628
C075A0D1B79,C4CEC954E12,Sb2Te3,platinum electrode,material_entity,material_entity,0.32662659883499146,17,22,17,22,9,9,9,9,1.0,1,1,2,-0.3333333333333333,-0.3333333333333333,12,26,5,0.14705882352941177,1.4342089992940956,374,1,1,1,1,0,0,0,6,6,0,2022,2023-2026,0,0.07421898005675694,0.023667309147740897,0.38587746625129804,0.4342575285565939,0.3835929387331256,0,629
C3D74C503D4,CA120BDE1A0,Bi2Te3,Bi2S3,material_entity,material_entity,0.6357795000076294,37,11,11,37,24,4,4,24,0.16666666666666666,6,1,7,0.0,-0.3333333333333333,15,12,8,0.2,2.8271406913543724,407,1,1,1,1,0,0,0,0,0,0,2022,2023-2026,0,0.029440692613642364,0.016935189486490726,0.29563862928348916,0.6477985462097611,0.38338525441329174,0,630
C2DA63DEF6B,C38C7EC2077,NO3,ethylene glycol,material_entity,material_entity,0.4472202956676483,7,22,7,22,2,12,2,12,0.16666666666666666,0,4,4,0.0,0.6666666666666666,15,20,6,0.2608695652173913,2.147073460060097,154,1,1,1,1,0,0,1,0,1,0,2022,2023-2026,0,0.06088933476176396,0.01964280222728924,0.33312564901349945,0.5451090342679128,0.3825545171339564,0,631
C787F187281,C78D65254F9,Ag2S,phase transition,material_entity,phase_or_species_transition,0.2578190565109253,7,51,7,51,2,48,2,48,0.041666666666666664,0,17,17,-0.3333333333333333,1.3333333333333333,22,19,6,0.11538461538461539,1.6767017067197814,357,1,1,0,0,1,0,0,5,5,0,2022,2023-2026,0,0.07916127453758269,0.021328554952035325,0.3624091381100727,0.48359293873312564,0.3823468328141225,0,632
CB530564ED0,CC7D2579013,skutterudite,mixed ionic-covalent bonding,material_system,solid_state_mechanism,0.22987639904022217,15,13,13,15,26,26,26,26,1.0,4,13,17,0.6666666666666666,3.0,21,21,6,0.2727272727272727,1.8983134745913508,195,1,1,0,0,1,0,0,0,0,0,2022,2023-2026,0,0.07780819765860322,0.019779346870922997,0.339460020768432,0.5310695742471443,0.38172377985462097,0,633
C1C16C462DE,C5A69E4FCAA,B2O3,Ag2O,material_entity,material_entity,0.7265843749046326,3,9,3,9,5,6,5,6,0.8333333333333334,0,0,0,0.0,0.0,26,26,1,0.09090909090909091,0.30341307554227914,27,1,1,1,1,0,0,0,1,1,0,2022,2023-2026,0,0.06608068236322066,0.03301144722431487,0.4542056074766355,0.22941848390446523,0.38068535825545174,0,634
C10C4FF4B6C,CFE4361F368,hydrogen bonding,charge-carrier mobility,solvation_entropy,solid_state_mechanism,0.21863862872123718,18,43,18,43,8,36,8,36,0.2222222222222222,3,13,16,0.3333333333333333,1.6666666666666667,18,27,4,0.07017543859649122,1.1515589915521258,774,1,1,0,0,0,1,5,0,5,0,2022,2023-2026,0,0.11014009550633568,0.023924812113721633,0.39470404984423674,0.3894392523364486,0.37985462097611633,0,635
C56C2053791,CA18CB0B312,Sr8Ga16Ge30,electron-phonon coupling,material_entity,solid_state_mechanism,0.16089943051338196,9,7,7,9,2,3,2,3,0.6666666666666666,0,1,1,0.0,0.0,19,9,4,0.3333333333333333,1.4757732636334029,63,1,1,0,0,1,0,0,0,0,0,2022,2023-2026,0,0.3755068572035375,0.023205970278983568,0.41194184839044656,0.35623052959501555,0.37943925233644865,0,636
C23B9BED21A,C6DEC1AEAD1,ionic conduction,CeO2,transport_mechanism,material_entity,0.20430298149585724,35,4,4,35,36,3,3,36,0.08333333333333333,9,0,9,0.6666666666666666,0.0,30,26,0,0.0,0.0,140,1,1,0,0,1,0,2,0,2,0,2022,2023-2026,0,0.012148091528829237,0.03755163229641629,0.46209761163032187,0.16360332294911734,0.3784008307372793,0,637
C23B9BED21A,CEAE99FC3AE,ionic conduction,MnO3,transport_mechanism,material_entity,0.24333196878433228,35,3,3,35,36,5,5,36,0.1388888888888889,9,1,10,0.6666666666666666,0.0,30,27,2,0.05555555555555555,0.5943313244279032,105,1,1,0,0,1,0,2,0,2,0,2022,2023-2026,0,0.013486725276415763,0.035539383009260274,0.4525441329179647,0.2361682242990654,0.3779854620976117,0,638
C10C4FF4B6C,CB02CED7099,hydrogen bonding,carrier-concentration optimization,solvation_entropy,solid_state_mechanism,0.15182511508464813,18,63,18,63,8,83,8,83,0.0963855421686747,3,28,31,0.3333333333333333,2.6666666666666665,18,30,4,0.05194805194805195,1.1603198020730696,1134,1,1,0,0,0,1,5,0,5,0,2022,2023-2026,0,0.022221807941109027,0.02591795361327054,0.3886812045690551,0.40129802699896155,0.3773624091381101,0,639
C3DB4F04D16,CC7D2579013,rattling-mode phonon suppression,mixed ionic-covalent bonding,solid_state_mechanism,solid_state_mechanism,0.18194088339805603,20,13,13,20,22,26,22,26,0.8461538461538461,7,13,20,1.6666666666666667,3.0,21,21,6,0.2222222222222222,1.8777927274734807,260,1,1,1,0,0,1,0,0,0,0,2022,2023-2026,0,0.18003102597143686,0.017758400874472117,0.33811007268951193,0.5171028037383177,0.3763239875389408,0,640
C38C7EC2077,C6C76863E52,ethylene glycol,copper electrode,material_entity,material_entity,0.3246655762195587,22,5,5,22,12,3,3,12,0.25,4,1,5,0.6666666666666666,0.3333333333333333,20,10,3,0.125,0.8864530140602043,110,1,1,1,1,0,0,0,3,3,0,2022,2023-2026,0,0.08697108180097057,0.028449422063121985,0.4279335410176532,0.30818276220145374,0.37549325025960545,0,641
C78D65254F9,CB727037BDD,phase transition,lattice thermal-conductivity suppression,phase_or_species_transition,solid_state_mechanism,0.10433664917945862,51,37,37,51,48,54,48,54,0.8888888888888888,17,25,42,1.3333333333333333,3.6666666666666665,19,18,14,0.1891891891891892,5.085100916111725,1887,1,1,0,0,0,1,5,0,5,0,2022,2023-2026,0,0.026241777897237088,0.013436779708806168,0.25960539979231567,0.7431983385254413,0.37466251298027,0,642
C78D65254F9,C9AFE334F36,phase transition,phonon scattering,phase_or_species_transition,solid_state_mechanism,0.21113735437393188,51,49,49,51,48,49,48,49,0.9795918367346939,17,18,35,1.3333333333333333,1.6666666666666667,19,29,20,0.25,7.065374553791158,2499,1,1,0,0,0,1,5,0,5,0,2022,2023-2026,0,0.00957428203791528,0.011849856084902372,0.23634475597092416,0.818982346832814,0.37341640706126683,0,643
C23B9BED21A,CB02CED7099,ionic conduction,carrier-concentration optimization,transport_mechanism,solid_state_mechanism,0.3988600969314575,35,63,35,63,36,83,36,83,0.43373493975903615,9,28,37,0.6666666666666666,2.6666666666666665,30,30,24,0.32432432432432434,9.240455467422947,2205,1,1,0,0,0,1,2,0,2,0,2022,2023-2026,0,0.0027159624928028243,0.011493006097882653,0.22263759086188994,0.881318795430945,0.37300103842159915,0,644
C3D74C503D4,CDBBD5033EA,Bi2Te3,HfSe2,material_entity,material_entity,0.4176190495491028,37,9,9,37,24,2,2,24,0.08333333333333333,6,2,8,0.0,0.6666666666666666,15,2,5,0.12195121951219512,1.9564117107157484,333,1,1,1,1,0,0,0,0,0,0,2022,2023-2026,0,0.04593604328494577,0.02023075396682639,0.340134994807892,0.4915887850467289,0.3727933541017653,0,645
C075A0D1B79,C38C7EC2077,Sb2Te3,ethylene glycol,material_entity,material_entity,0.2544836401939392,17,22,17,22,9,12,9,12,0.75,1,4,5,-0.3333333333333333,0.6666666666666666,12,20,7,0.21875,1.985327472031136,374,1,1,1,1,0,0,0,0,0,0,2022,2023-2026,0,0.03306156711226735,0.019832976412997708,0.3272066458982347,0.5353790238836967,0.3723779854620976,0,646
C8AD5B453CC,CBF24CD6AF1,ion diffusion,electronic-structure modulation,transport_mechanism,solid_state_mechanism,0.23449917137622833,42,74,42,74,19,147,19,147,0.1292517006802721,12,51,63,3.0,5.0,23,29,20,0.20833333333333334,6.511260441201966,3108,1,1,0,0,0,1,2,0,2,0,2022,2023-2026,0,0.0007102166025341996,0.012490322745183137,0.23011422637590864,0.8312564901349948,0.37237798546209755,0,647
C7B3E023ED0,CDF78985483,Cu2Se,nanocomposite,material_entity,material_system,0.2828596234321594,18,21,18,21,17,13,13,17,0.7647058823529411,8,7,15,1.3333333333333333,0.3333333333333333,11,5,3,0.08333333333333333,0.7811512940558997,378,1,1,0,1,0,0,0,1,1,0,2022,2023-2026,0,0.24445374086241964,0.0235035381713257,0.40654205607476634,0.3442159916926272,0.3711318795430945,0,648
C2F611E9EEA,CA18CB0B312,clathrate,electron-phonon coupling,material_system,solid_state_mechanism,0.24837936460971832,13,7,7,13,11,3,3,11,0.2727272727272727,0,1,1,-0.3333333333333333,0.0,19,9,4,0.25,1.5410216316955414,91,1,1,0,0,1,0,1,0,1,0,2022,2023-2026,0,0.21174899105766304,0.021766318297144996,0.385981308411215,0.38981308411214954,0.37009345794392523,0,649
C2F611E9EEA,CFBCD9A3438,clathrate,Ba8Ga16Ge30,material_system,material_entity,0.35235562920570374,13,9,9,13,11,2,2,11,0.18181818181818182,0,0,0,-0.3333333333333333,0.0,19,19,8,0.5714285714285714,3.065091945640008,117,1,1,0,1,0,0,1,0,1,0,2022,2023-2026,0,0.04604043799768,0.016172988945640746,0.2963136033229491,0.5975804776739356,0.36988577362409136,0,650
CDCCAF92956,CF4A6A0344F,Bi2O3,ion migration,material_entity,transport_mechanism,0.13751551508903503,7,27,7,27,2,17,2,17,0.11764705882352941,0,9,9,0.0,2.3333333333333335,29,29,2,0.0625,1.1425777202009546,189,1,1,0,0,1,0,0,1,1,0,2022,2023-2026,0,0.02353011120711127,0.033592550913492406,0.44278296988577365,0.24731048805815162,0.3692627206645898,0,651
C78D65254F9,C95135079E8,phase transition,Li2O-1,phase_or_species_transition,material_entity,0.22643545269966125,51,3,3,51,48,2,2,48,0.041666666666666664,17,0,17,1.3333333333333333,0.0,19,16,2,0.038461538461538464,1.531574161186449,153,1,1,0,0,1,0,5,0,5,0,2022,2023-2026,0,0.08135700333130741,0.02661521950579331,0.4134994807892004,0.3181100726895119,0.36905503634475595,0,652
CE2D3B9DC27,CF458C61212,Nb2O5,LiNbO3,material_entity,material_entity,0.7489141225814819,5,3,3,5,3,6,3,6,0.5,1,0,1,0.3333333333333333,0.0,16,30,2,0.3333333333333333,1.1645740047708797,15,1,1,1,1,0,0,0,0,0,0,2022,2023-2026,0,0.06782886161322044,0.024136585039088564,0.3865005192107996,0.3818068535825545,0.36843198338525446,0,653
C4C9A1FEBD0,CA120BDE1A0,As2Te3,Bi2S3,material_entity,material_entity,0.7701271176338196,9,11,9,11,2,4,2,4,0.5,0,1,1,-0.3333333333333333,-0.3333333333333333,29,12,8,0.6666666666666666,2.648958971449811,99,1,1,1,1,0,0,0,0,0,0,2022,2023-2026,0,0.10312548310130464,0.014057877808654518,0.29511941848390444,0.6100934579439251,0.36822429906542054,0,654
C5219F02F17,CC7D2579013,Zintl phase,mixed ionic-covalent bonding,material_system,solid_state_mechanism,0.2924366295337677,17,13,13,17,23,26,23,26,0.8846153846153846,9,13,22,1.0,3.0,19,21,5,0.2,1.6138185185068736,221,1,1,0,0,1,0,0,0,0,0,2022,2023-2026,0,0.10456296749613855,0.018947720217512905,0.33291796469366564,0.505067497403946,0.3680166147455867,0,655
C311C0E1A8F,C41DA9D5B12,SbCl3,convection-resolved resistance decomposition,material_entity,transport_mechanism,0.09627839922904968,12,6,6,12,4,2,2,4,0.5,1,1,2,0.0,0.3333333333333333,13,9,4,0.2857142857142857,1.521893838976438,72,1,1,0,0,1,0,0,1,1,0,2022,2023-2026,0,0.40447268842697465,0.02210739677405124,0.40186915887850466,0.3426375908618899,0.3673935617860852,0,656
C23B9BED21A,CBF24CD6AF1,ionic conduction,electronic-structure modulation,transport_mechanism,solid_state_mechanism,0.3014668822288513,35,74,35,74,36,147,36,147,0.24489795918367346,9,51,60,0.6666666666666666,5.0,30,29,21,0.23863636363636365,7.088132034172395,2590,1,1,0,0,0,1,2,0,2,0,2022,2023-2026,0,0.00027411492104180375,0.011267156217977976,0.2173416407061267,0.8598753894080997,0.3669781931464174,0,657
C3D74C503D4,C6D6399FFC8,Bi2Te3,HfS2,material_entity,material_entity,0.3928404748439789,37,9,9,37,24,2,2,24,0.08333333333333333,6,2,8,0.0,0.6666666666666666,15,2,5,0.12195121951219512,1.9564117107157484,333,1,1,1,1,0,0,0,0,0,0,2022,2023-2026,0,0.044440822982461305,0.02023075396682639,0.33920041536863965,0.487601246105919,0.36635514018691584,0,658
C3C9A44365B,CA026FEDF4D,LiCoO2,CoO2,material_entity,material_entity,0.7093653082847595,4,3,3,4,2,5,2,5,0.4,0,0,0,-0.3333333333333333,0.0,7,16,1,0.16666666666666666,1.4426950408889634,12,1,1,1,1,0,0,1,0,1,0,2022,2023-2026,0,0.23763465708396828,0.023179809903622017,0.401453790238837,0.3390134994807892,0.36531671858774667,0,659
C2378F90E64,CB727037BDD,anharmonic phonon transport,lattice thermal-conductivity suppression,solid_state_mechanism,solid_state_mechanism,0.5602972507476807,29,37,29,37,29,54,29,54,0.5370370370370371,16,25,41,2.6666666666666665,3.6666666666666665,9,18,18,0.375,6.463328265927994,1073,1,1,1,0,0,1,0,0,0,0,2022,2023-2026,0,0.21406560357568924,0.007026164975032941,0.21422637590861887,0.8788992731048806,0.36531671858774656,0,660
C2F611E9EEA,C56C2053791,clathrate,Sr8Ga16Ge30,material_system,material_entity,0.32792651653289795,13,9,9,13,11,2,2,11,0.18181818181818182,0,0,0,-0.3333333333333333,0.0,19,19,8,0.5714285714285714,3.065091945640008,117,1,1,0,1,0,0,1,0,1,0,2022,2023-2026,0,0.044562784810787646,0.016172988945640746,0.29537902388369675,0.5948390446521288,0.3649013499480789,0,661
C520B85DE7A,CADCC57C7F1,grain-boundary scattering,SnSe,solid_state_mechanism,material_entity,0.3258155286312103,6,15,6,15,3,11,3,11,0.2727272727272727,2,5,7,0.6666666666666666,0.6666666666666666,6,7,1,0.05,0.4170323914242463,90,1,1,0,0,1,0,0,0,0,0,2022,2023-2026,0,0.5658903858166945,0.02531158974792701,0.44589823468328144,0.21633437175493248,0.36469366562824507,0,662
C9AFE334F36,CEA9836CD32,phonon scattering,molten salt,solid_state_mechanism,material_system,0.2316802591085434,49,6,6,49,49,2,2,49,0.04081632653061224,18,1,19,1.6666666666666667,0.0,29,4,2,0.03773584905660377,0.5092763869829747,294,1,1,0,0,1,0,0,4,4,0,2022,2023-2026,0,0.08115035912962441,0.02713520402584459,0.4190031152647975,0.2787435098650052,0.36469366562824507,0,663
CB727037BDD,CD2F5C2DDDC,lattice thermal-conductivity suppression,TiO3,solid_state_mechanism,material_entity,0.18882077932357788,37,4,4,37,54,5,5,54,0.09259259259259259,25,1,26,3.6666666666666665,0.0,18,19,3,0.07894736842105263,0.7526470876381928,148,1,1,0,0,1,0,0,0,0,0,2022,2023-2026,0,0.0944376463907935,0.026536795601304085,0.41557632398753896,0.29284527518172376,0.36261682242990656,0,664
C24DA40DB81,C7FACAA1363,Cu2S,AgCrSe2,material_entity,material_entity,0.6863282322883606,6,4,4,6,3,2,2,3,0.6666666666666666,1,1,2,-0.3333333333333333,0.0,5,5,2,0.25,0.9040868828124409,24,1,1,1,1,0,0,0,0,0,0,2022,2023-2026,0,0.4973883541670166,0.020461301156058802,0.39117341640706127,0.34995846313603324,0.3615784008307373,0,665
C1C16C462DE,CF4A6A0344F,B2O3,ion migration,material_entity,transport_mechanism,0.12340492755174637,3,27,3,27,5,17,5,17,0.29411764705882354,0,9,9,0.0,2.3333333333333335,26,29,1,0.034482758620689655,0.45511961331341866,81,1,1,0,0,1,0,0,1,1,0,2022,2023-2026,0,0.04073874745238948,0.03378727764604749,0.4519210799584631,0.1524195223260644,0.3611630321910696,0,666
C075A0D1B79,C78D65254F9,Sb2Te3,phase transition,material_entity,phase_or_species_transition,0.24088315665721893,17,51,17,51,9,48,9,48,0.1875,1,17,18,-0.3333333333333333,1.3333333333333333,12,19,11,0.19298245614035087,3.653394291736917,867,1,1,0,0,1,0,0,5,5,0,2022,2023-2026,0,0.06658658474947894,0.011538661376902874,0.25244029075804775,0.7064797507788162,0.36033229491173413,0,667
C3F66DD37CA,CBF24CD6AF1,H2O,electronic-structure modulation,material_entity,solid_state_mechanism,0.29636824131011963,11,74,11,74,4,147,4,147,0.027210884353741496,2,51,53,0.6666666666666666,5.0,8,29,6,0.0759493670886076,1.7634314447426125,814,1,1,0,0,1,0,2,0,2,0,2022,2023-2026,0,0.005703513637663626,0.018259625430475525,0.29636552440290753,0.550944963655244,0.3595015576323987,0,668
C1E4ABFFD92,C2866DCD56B,BMIMBF4,PEDOT,material_entity,material_entity,0.29933732748031616,6,44,6,44,2,55,2,55,0.03636363636363636,0,34,34,-0.6666666666666666,6.0,5,10,3,0.06382978723404255,0.8679997329765838,264,1,1,1,1,0,0,0,2,2,0,2022,2023-2026,0,0.05167307475206133,0.024145872232521123,0.3824506749740395,0.3672170301142264,0.3592938733125649,0,669
C9AFE334F36,CF4A6A0344F,phonon scattering,ion migration,solid_state_mechanism,transport_mechanism,0.3161117434501648,49,27,27,49,49,17,17,49,0.3469387755102041,18,9,27,1.6666666666666667,2.3333333333333335,29,29,12,0.1875,3.4444460766444203,1323,1,1,0,0,0,1,0,1,1,0,2022,2023-2026,0,0.00898742160724781,0.011635752145548555,0.2304257528556594,0.7548805815160954,0.3592938733125649,0,670
C44799FE290,C7B3E023ED0,defect engineering,Cu2Se,solid_state_mechanism,material_entity,0.2719714641571045,22,18,18,22,13,17,13,17,0.7647058823529411,5,8,13,1.6666666666666667,1.3333333333333333,27,11,10,0.3333333333333333,2.754965645010572,396,1,1,0,0,1,0,0,0,0,0,2022,2023-2026,0,0.17965329352847412,0.010564915986790985,0.26220145379023885,0.667331256490135,0.3586708203530633,0,671
C38C7EC2077,CF00FA35255,ethylene glycol,HNO3,material_entity,material_entity,0.3716197907924652,22,7,7,22,12,2,2,12,0.16666666666666666,4,0,4,0.6666666666666666,0.0,20,15,6,0.2608695652173913,2.147073460060097,154,1,1,1,1,0,0,0,0,0,0,2022,2023-2026,0,0.041083271108002,0.017460173089556573,0.30623052959501557,0.5322741433021807,0.35721703011422634,0,672
C5B8C057FAD,CB727037BDD,metal oxide,lattice thermal-conductivity suppression,material_system,solid_state_mechanism,0.22644361853599548,13,37,13,37,9,54,9,54,0.16666666666666666,4,25,29,1.0,3.6666666666666665,21,18,4,0.08695652173913043,1.0427965893220619,481,1,1,0,0,1,0,2,0,2,0,2022,2023-2026,0,0.04727078586384176,0.023082820283368596,0.36936656282450675,0.3996884735202492,0.3570093457943925,0,673
C3DB4F04D16,C5E1580F832,rattling-mode phonon suppression,CoSb3,solid_state_mechanism,material_entity,0.1397462636232376,20,8,8,20,22,7,7,22,0.3181818181818182,7,1,8,1.6666666666666667,0.3333333333333333,21,21,5,0.21739130434782608,1.4987148358783795,160,1,1,0,0,1,0,0,0,0,0,2022,2023-2026,0,0.08445859520850817,0.021251278237889606,0.3630321910695743,0.39682242990654204,0.35410176531671855,0,674
CB727037BDD,CFE4361F368,lattice thermal-conductivity suppression,charge-carrier mobility,solid_state_mechanism,solid_state_mechanism,0.4609074592590332,37,43,37,43,54,36,36,54,0.6666666666666666,25,13,38,3.6666666666666665,1.6666666666666667,18,27,18,0.2903225806451613,6.703360703513286,1591,1,1,1,0,0,1,0,0,0,0,2022,2023-2026,0,0.0492142466767245,0.008061031258536461,0.19750778816199377,0.8765939771547248,0.3526479750778816,0,675
C6775C55BEF,C7B3E023ED0,superionic transition,Cu2Se,solid_state_mechanism,material_entity,0.261709988117218,14,18,14,18,15,17,15,17,0.8823529411764706,2,8,10,-0.6666666666666666,1.3333333333333333,18,11,10,0.45454545454545453,3.014137940565459,252,1,1,0,0,1,0,0,0,0,0,2022,2023-2026,0,0.19570519101680398,0.010372128365594303,0.2601246105919003,0.653582554517134,0.3524402907580477,0,676
CE4B0E242E7,CFBCD9A3438,interfacial charge transfer,Ba8Ga16Ge30,electrode_interface,material_entity,0.11426708847284317,35,9,9,35,21,2,2,21,0.09523809523809523,8,0,8,1.3333333333333333,0.0,29,19,5,0.1282051282051282,2.0290160293901045,315,1,1,0,0,1,0,6,0,6,0,2022,2023-2026,0,0.08149005076730945,0.01992010641337052,0.34631360332294914,0.41813084112149534,0.34994807892004154,0,677
C5219F02F17,CE4B0E242E7,Zintl phase,interfacial charge transfer,material_system,electrode_interface,0.2988738417625427,17,35,17,35,23,21,21,23,0.9130434782608695,9,8,17,1.0,1.3333333333333333,19,29,8,0.18181818181818182,2.86183032190703,595,1,1,0,0,1,0,0,6,6,0,2022,2023-2026,0,0.14913601643213423,0.01044010666594825,0.25763239875389404,0.6523779854620975,0.3482866043613707,0,678
C23B9BED21A,CB727037BDD,ionic conduction,lattice thermal-conductivity suppression,transport_mechanism,solid_state_mechanism,0.44167566299438477,35,37,35,37,36,54,36,54,0.6666666666666666,9,25,34,0.6666666666666666,3.6666666666666665,30,18,15,0.2631578947368421,5.25701192521554,1295,1,1,0,0,0,1,2,0,2,0,2022,2023-2026,0,0.0198874768535881,0.008998378142440852,0.19428868120456907,0.8476531671858774,0.34807892004153684,0,679
CCC7004384F,CF4A6A0344F,MoO3,ion migration,material_entity,transport_mechanism,0.14367465674877167,2,27,2,27,2,17,2,17,0.11764705882352941,0,9,9,0.0,2.3333333333333335,20,29,1,0.03571428571428571,0.45511961331341866,54,1,1,0,0,1,0,0,1,1,0,2022,2023-2026,0,0.05648920182459299,0.03127259886514727,0.43852544132917964,0.15148494288681205,0.34683281412253375,0,680
C2DA63DEF6B,CAEB010ACF4,NO3,polyethylene glycol (PEG),material_entity,material_entity,0.3545517027378082,7,20,7,20,2,7,2,7,0.2857142857142857,0,3,3,0.0,0.3333333333333333,15,8,6,0.2857142857142857,2.1367807125134353,140,1,1,1,1,0,0,1,0,1,0,2022,2023-2026,0,0.1710405292037787,0.013705370858102363,0.2960539979231568,0.5263966770508827,0.34683281412253375,0,681
C2F611E9EEA,CB530564ED0,clathrate,skutterudite,material_system,material_system,0.7328409552574158,13,15,13,15,11,26,11,26,0.4230769230769231,0,4,4,-0.3333333333333333,0.6666666666666666,19,21,4,0.16666666666666666,1.1604659564434876,195,1,1,1,1,0,0,1,0,1,0,2022,2023-2026,0,0.023549281395264493,0.02112310497903951,0.34008307372793356,0.4185358255451713,0.3445482866043614,0,682
C63ED77BD64,CBF24CD6AF1,band engineering,electronic-structure modulation,solid_state_mechanism,solid_state_mechanism,0.7104052901268005,8,74,8,74,5,147,5,147,0.034013605442176874,4,51,55,1.0,5.0,3,29,6,0.07894736842105263,2.418876507146809,592,1,1,1,0,0,1,0,0,0,0,2022,2023-2026,0,0.03712983107848465,0.01293426907281081,0.25970924195223255,0.6269989615784008,0.34371754932502596,0,683
C3D74C503D4,CC028ABF9C6,Bi2Te3,anti-freezing organohydrogel design,material_entity,gel_microstructure,0.2842341661453247,37,37,37,37,24,15,15,24,0.625,6,7,13,0.0,1.0,15,15,10,0.15625,3.4929664270915843,1369,1,1,0,0,1,0,0,6,6,0,2022,2023-2026,0,0.0545626265647268,0.009609935342807375,0.2284527518172378,0.6932502596053997,0.3426791277258567,0,684
C58F3B85353,CF4A97515AC,thermoresponsive micellization p/n conversion,gold electrode,phase_or_species_transition,material_entity,0.09245823323726654,4,3,3,4,2,3,2,3,0.6666666666666666,1,1,2,0.0,0.0,5,7,1,0.16666666666666666,0.29120667621996243,12,1,1,0,0,1,0,1,0,1,0,2022,2023-2026,0,0.6780514502031302,0.02294966260047556,0.4242990654205608,0.16584631360332294,0.34205607476635513,0,685
CBF24CD6AF1,CDCCAF92956,electronic-structure modulation,Bi2O3,solid_state_mechanism,material_entity,0.296115517616272,74,7,7,74,147,2,2,147,0.013605442176870748,51,0,51,5.0,0.0,29,29,4,0.05194805194805195,1.86562649407084,518,1,1,0,0,1,0,0,0,0,0,2022,2023-2026,0,0.001681235186689847,0.019404601804525516,0.3001038421599169,0.4922429906542056,0.3416407061266874,0,686
C2866DCD56B,CFE4361F368,PEDOT,charge-carrier mobility,material_entity,solid_state_mechanism,0.31959283351898193,44,43,43,44,55,36,36,55,0.6545454545454545,34,13,47,6.0,1.6666666666666667,10,27,11,0.14473684210526316,3.811412261917729,1892,1,1,0,0,1,0,2,0,2,0,2022,2023-2026,0,0.05936550076976247,0.008168240459020466,0.2063343717549325,0.7642367601246105,0.3416407061266874,0,687
C2DA63DEF6B,C3D74C503D4,NO3,Bi2Te3,material_entity,material_entity,0.4158899486064911,7,37,7,37,2,24,2,24,0.08333333333333333,0,6,6,0.0,0.0,15,15,6,0.15789473684210525,2.193651019799912,259,1,1,1,1,0,0,1,0,1,0,2022,2023-2026,0,0.06422713552785776,0.01457774904963357,0.28920041536863966,0.5308826583592938,0.3395638629283489,0,688
CB727037BDD,CEA9836CD32,lattice thermal-conductivity suppression,molten salt,solid_state_mechanism,material_system,0.190998375415802,37,6,6,37,54,2,2,54,0.037037037037037035,25,1,26,3.6666666666666665,0.0,18,4,2,0.04878048780487805,0.48928766475899277,222,1,1,0,0,1,0,0,4,4,0,2022,2023-2026,0,0.3693356615289708,0.021767310493473756,0.39740394600207685,0.26374870197300104,0.3395638629283489,0,689
CB727037BDD,CF4A6A0344F,lattice thermal-conductivity suppression,ion migration,solid_state_mechanism,transport_mechanism,0.27676665782928467,37,27,27,37,54,17,17,54,0.3148148148148148,25,9,34,3.6666666666666665,2.3333333333333335,18,29,9,0.16363636363636364,2.6594924960218833,999,1,1,0,0,0,1,0,1,1,0,2022,2023-2026,0,0.06054774329443921,0.009334821428571428,0.2261682242990654,0.6826375908618898,0.3391484942886812,0,690
C5219F02F17,CBF24CD6AF1,Zintl phase,electronic-structure modulation,material_system,solid_state_mechanism,0.31021642684936523,17,74,17,74,23,147,23,147,0.1564625850340136,9,51,60,1.0,5.0,19,29,13,0.16666666666666666,4.7840191495472935,1258,1,1,0,0,1,0,0,0,0,0,2022,2023-2026,0,0.001270151504178432,0.009123339637437803,0.19039460020768434,0.794828660436137,0.3372793354101765,0,691
CDF78985483,CF10FA3299B,nanocomposite,V2O5,material_system,material_entity,0.2654072642326355,21,12,12,21,13,4,4,13,0.3076923076923077,7,1,8,0.3333333333333333,0.0,5,11,3,0.1,0.9687245209502644,252,1,1,0,1,0,0,1,0,1,0,2022,2023-2026,0,0.14075600367336563,0.02138012850176483,0.3743509865005192,0.32031152647975075,0.33686396677050884,0,692
C5E1580F832,CC7D2579013,CoSb3,mixed ionic-covalent bonding,material_entity,solid_state_mechanism,0.3749670386314392,8,13,8,13,7,26,7,26,0.2692307692307692,1,13,14,0.3333333333333333,3.0,21,21,4,0.23529411764705882,1.1767792056475816,104,1,1,0,0,1,0,0,0,0,0,2022,2023-2026,0,0.07415667419604485,0.018619730362181276,0.32409138110072694,0.4336033229491173,0.3360332294911734,0,693
C1DF01A6473,CB02CED7099,PEDOT:PSS,carrier-concentration optimization,material_entity,solid_state_mechanism,0.25659453868865967,36,63,36,63,46,83,46,83,0.5542168674698795,30,28,58,6.333333333333333,2.6666666666666665,10,30,11,0.125,3.6368745311596915,2268,1,1,0,0,1,0,0,0,0,0,2022,2023-2026,0,0.017285006108594275,0.00923018897040726,0.20623052959501556,0.740301142263759,0.33582554517133956,0,694
C78D65254F9,CFE4361F368,phase transition,charge-carrier mobility,phase_or_species_transition,solid_state_mechanism,0.1922702044248581,51,43,43,51,48,36,36,48,0.75,17,13,30,1.3333333333333333,1.6666666666666667,19,27,18,0.23684210526315788,5.671375451045771,2193,1,1,0,0,0,1,5,0,5,0,2022,2023-2026,0,0.014136643481500394,0.008209076785327129,0.190134994807892,0.7937798546209761,0.33520249221183795,0,695
C6210B1A223,CBF24CD6AF1,reduced graphene oxide,electronic-structure modulation,material_entity,solid_state_mechanism,0.301757276058197,7,74,7,74,3,147,3,147,0.02040816326530612,3,51,54,1.0,5.0,2,29,5,0.06578947368421052,1.5587612055665259,518,1,1,0,0,1,0,3,0,3,0,2022,2023-2026,0,0.018590122155408683,0.016969321610153645,0.2922118380062305,0.49733125649013493,0.3331256490134995,0,696
C962BA9CB74,CF00FA35255,TeO2,HNO3,material_entity,material_entity,0.6877560615539551,21,7,7,21,6,2,2,6,0.3333333333333333,0,0,0,0.0,0.0,15,15,6,0.2727272727272727,2.142130174455718,147,1,1,1,1,0,0,0,0,0,0,2022,2023-2026,0,0.08688397580171577,0.013261440074919455,0.27736240913811006,0.5446209761163031,0.3329179646936656,0,697
C7713A07951,CDCCAF92956,urea,Bi2O3,material_entity,material_entity,0.4707583487033844,15,7,7,15,4,2,2,4,0.5,0,0,0,-0.3333333333333333,0.0,13,29,3,0.15789473684210525,1.0544037962835682,105,1,1,1,1,0,0,2,0,2,0,2022,2023-2026,0,0.041289600302080946,0.02283647152705569,0.3624091381100727,0.34007268951194186,0.33271028037383177,0,698
C075A0D1B79,C4C9A1FEBD0,Sb2Te3,As2Te3,material_entity,material_entity,0.5066021680831909,17,9,9,17,9,2,2,9,0.2222222222222222,1,0,1,-0.3333333333333333,-0.3333333333333333,12,29,8,0.4444444444444444,2.713035239009296,153,1,1,1,1,0,0,0,0,0,0,2022,2023-2026,0,0.0225261719971674,0.01311678903956123,0.2545171339563863,0.6120872274143302,0.33208722741433017,0,699
C2F611E9EEA,CD486BA800F,clathrate,host-guest complexation,material_system,solvation_entropy,0.2522088289260864,13,6,6,13,11,2,2,11,0.18181818181818182,0,0,0,-0.3333333333333333,0.0,19,19,5,0.35714285714285715,1.8174201849637242,78,1,1,0,0,1,0,1,2,3,1,2022,2023-2026,0,0.20966213387348895,0.015102932736244084,0.3148494288681204,0.4411941848390446,0.3306334371754932,0,700
C84C6A613D4,CBF24CD6AF1,cellulose nanofiber scaffold,electronic-structure modulation,gel_microstructure,solid_state_mechanism,0.12045250833034515,25,74,25,74,17,147,17,147,0.11564625850340136,15,51,66,4.333333333333333,5.0,5,29,9,0.1,2.7738541666599237,1850,1,1,0,0,0,1,3,0,3,0,2022,2023-2026,0,0.02210891433518001,0.011733279403768934,0.23800623052959502,0.6313811007268952,0.33001038421599166,0,701
C555F4672C1,CBF24CD6AF1,configurational-entropy modulation,electronic-structure modulation,phase_or_species_transition,solid_state_mechanism,0.5043761134147644,7,74,7,74,4,147,4,147,0.027210884353741496,3,51,54,0.6666666666666666,5.0,4,29,5,0.06578947368421052,1.5550211309476105,518,1,1,0,0,0,1,0,0,0,0,2022,2023-2026,0,0.03163282475363366,0.015140279488155509,0.2821391484942887,0.524994807892004,0.32980269989615785,0,702
C101F2A9CFC,C1DF01A6473,chitosan,PEDOT:PSS,material_entity,material_entity,0.4315930902957916,6,36,6,36,3,46,3,46,0.06521739130434782,1,30,31,0.3333333333333333,6.333333333333333,8,10,4,0.10526315789473684,1.2159929697264127,216,1,1,1,1,0,0,0,0,0,0,2022,2023-2026,0,0.07212722965590734,0.017159524955882067,0.3128764278296989,0.4425441329179647,0.329595015576324,0,703
C43C91C4A3E,C44799FE290,Mg3Sb2,defect engineering,material_entity,solid_state_mechanism,0.2858870327472687,8,22,8,22,5,13,5,13,0.38461538461538464,1,5,6,-1.0,1.6666666666666667,5,27,5,0.2,1.349479512607881,176,1,1,0,0,1,0,0,0,0,0,2022,2023-2026,0,0.11136037517639583,0.016936498274962325,0.32004153686396675,0.4264589823468327,0.32917964693665624,0,704
C23B9BED21A,C5A8DA1C047,ionic conduction,CrO3,transport_mechanism,material_entity,0.20013023912906647,35,2,2,35,36,3,3,36,0.08333333333333333,9,0,9,0.6666666666666666,0.0,30,26,1,0.027777777777777776,0.45511961331341866,70,1,1,0,0,1,0,2,0,2,0,2022,2023-2026,0,0.013920565083036988,0.02978797837636723,0.40965732087227413,0.17372793354101768,0.3281412253374871,0,705
C1233ADA4A4,C1DF01A6473,BF4,PEDOT:PSS,material_entity,material_entity,0.34978872537612915,4,36,4,36,5,46,5,46,0.10869565217391304,1,30,31,0.0,6.333333333333333,11,10,2,0.05263157894736842,0.6812897613606917,144,1,1,1,1,0,0,0,0,0,0,2022,2023-2026,0,0.05294786880100377,0.022902899994606055,0.3680166147455867,0.3180269989615784,0.328141225337487,0,706
C44799FE290,C78D65254F9,defect engineering,phase transition,solid_state_mechanism,phase_or_species_transition,0.21699944138526917,22,51,22,51,13,48,13,48,0.2708333333333333,5,17,22,1.6666666666666667,1.3333333333333333,27,19,12,0.19672131147540983,3.8559677267638603,1122,1,1,0,0,0,1,0,5,5,0,2022,2023-2026,0,0.11459832912283072,0.006953740939847024,0.19989615784008305,0.7271547248182761,0.32793354101765315,0,707
C1E4ABFFD92,CAEB010ACF4,BMIMBF4,polyethylene glycol (PEG),material_entity,material_entity,0.35785290598869324,6,20,6,20,2,7,2,7,0.2857142857142857,0,3,3,-0.6666666666666666,0.3333333333333333,5,8,4,0.18181818181818182,1.1749274094067186,120,1,1,1,1,0,0,0,0,0,0,2022,2023-2026,0,0.18884471129334957,0.01753631702888582,0.33582554517133956,0.3772689511941848,0.32689511941848387,0,708
C08389FD6C6,CC80A29B7B0,moisture-gradient ion transport,Nafion,transport_mechanism,material_entity,0.279313325881958,33,4,4,33,27,2,2,27,0.07407407407407407,17,1,18,3.6666666666666665,0.3333333333333333,20,7,3,0.08823529411764706,0.8108590696311231,132,1,1,0,0,1,0,4,0,4,0,2022,2023-2026,0,0.5579467179363862,0.018802056572241464,0.367705088265836,0.3155140186915888,0.3262720664589824,0,709
C5B8C057FAD,CC3BA67827F,metal oxide,ionic-electronic coupling,material_system,transport_mechanism,0.1610512137413025,13,39,13,39,9,27,9,27,0.3333333333333333,4,11,15,1.0,2.3333333333333335,21,29,5,0.10638297872340426,2.5320691899508403,507,1,1,0,0,1,0,2,0,2,0,2022,2023-2026,0,0.05118412423808169,0.01512248905228716,0.28868120456905505,0.4892627206645898,0.32606438213914846,0,710
C075A0D1B79,CD9ECDD15B4,Sb2Te3,Sb2S3,material_entity,material_entity,0.6340957283973694,17,9,9,17,9,2,2,9,0.2222222222222222,1,0,1,-0.3333333333333333,-0.3333333333333333,12,12,8,0.4444444444444444,2.713035239009296,153,1,1,1,1,0,0,0,0,0,0,2022,2023-2026,0,0.10252403307634919,0.009445211344000972,0.23966770508826582,0.6170716510903427,0.32606438213914846,0,711
C63ED77BD64,CB530564ED0,band engineering,skutterudite,solid_state_mechanism,material_system,0.4018862843513489,8,15,8,15,5,26,5,26,0.19230769230769232,4,4,8,1.0,0.6666666666666666,3,21,3,0.15,0.9901747339459626,120,1,1,0,0,1,0,0,0,0,0,2022,2023-2026,0,0.26632834071873357,0.01772408343923807,0.3433021806853582,0.35158878504672897,0.32585669781931464,0,712
CD515CCF7C2,CF10FA3299B,polaron hopping,V2O5,solid_state_mechanism,material_entity,0.11361946165561676,18,12,12,18,18,4,4,18,0.2222222222222222,2,1,3,-1.0,0.0,27,11,8,0.36363636363636365,2.99852044326265,216,1,1,0,0,1,0,0,0,0,0,2022,2023-2026,0,0.044778953326457455,0.01368328191962772,0.26895119418483904,0.5478296988577362,0.3256490134994808,0,713
C5219F02F17,C7342726E8E,Zintl phase,Mg2Si,material_system,material_entity,0.2869293689727783,17,4,4,17,23,7,7,23,0.30434782608695654,9,2,11,1.0,0.3333333333333333,19,10,2,0.10526315789473684,0.49821107924896935,68,1,1,0,1,0,0,0,0,0,0,2022,2023-2026,0,0.08177631798814446,0.023254305550844956,0.38483904465212876,0.25710280373831773,0.32440290758047774,0,714
C38C7EC2077,C3D74C503D4,ethylene glycol,Bi2Te3,material_entity,material_entity,0.2456161379814148,22,37,22,37,12,24,12,24,0.5,4,6,10,0.6666666666666666,0.0,20,15,10,0.20408163265306123,3.516467526197449,814,1,1,1,1,0,0,0,0,0,0,2022,2023-2026,0,0.01843425499101643,0.009302623386294987,0.20799584631360332,0.6797507788161994,0.32419522326064376,0,715
C3D74C503D4,CAEB010ACF4,Bi2Te3,polyethylene glycol (PEG),material_entity,material_entity,0.23401667177677155,37,20,20,37,24,7,7,24,0.2916666666666667,6,3,9,0.0,0.3333333333333333,15,8,7,0.14,2.641287547893383,740,1,1,1,1,0,0,0,0,0,0,2022,2023-2026,0,0.015982351287892504,0.01346004834845705,0.2553478712357217,0.5672170301142263,0.32398753894080995,0,716
C075A0D1B79,CBF24CD6AF1,Sb2Te3,electronic-structure modulation,material_entity,solid_state_mechanism,0.330410361289978,17,74,17,74,9,147,9,147,0.061224489795918366,1,51,52,-0.3333333333333333,5.0,12,29,11,0.1375,3.198116892333167,1258,1,1,0,0,1,0,0,0,0,0,2022,2023-2026,0,0.0010604847276960334,0.009123339637437803,0.19008307372793354,0.7373935617860851,0.3227414330218068,0,717
C555F4672C1,CB727037BDD,configurational-entropy modulation,lattice thermal-conductivity suppression,phase_or_species_transition,solid_state_mechanism,0.2181980013847351,7,37,7,37,4,54,4,54,0.07407407407407407,3,25,28,0.6666666666666666,3.6666666666666665,4,18,6,0.15789473684210525,1.9913200780758584,259,1,1,0,0,0,1,0,0,0,0,2022,2023-2026,0,0.32745579991907964,0.010635461172920455,0.27455867082035307,0.525711318795431,0.3217030114226376,0,718
C78D65254F9,CD9ECDD15B4,phase transition,Sb2S3,phase_or_species_transition,material_entity,0.23167721927165985,51,9,9,51,48,2,2,48,0.041666666666666664,17,0,17,1.3333333333333333,-0.3333333333333333,19,12,8,0.15384615384615385,2.8116565847300152,459,1,1,0,0,1,0,5,0,5,0,2022,2023-2026,0,0.09033037793301309,0.010022853061810517,0.240809968847352,0.604153686396677,0.3217030114226376,0,719
CDF78985483,CEAE99FC3AE,nanocomposite,MnO3,material_system,material_entity,0.2571033239364624,21,3,3,21,13,5,5,13,0.38461538461538464,7,1,8,0.3333333333333333,0.0,5,27,1,0.043478260869565216,0.28126641406272834,63,1,1,0,1,0,0,1,0,1,0,2022,2023-2026,0,0.05685278316220983,0.025015188471513405,0.39397715472481826,0.1872897196261682,0.32087227414330216,0,720
C2378F90E64,C7B3E023ED0,anharmonic phonon transport,Cu2Se,solid_state_mechanism,material_entity,0.21782724559307098,29,18,18,29,29,17,17,29,0.5862068965517241,16,8,24,2.6666666666666665,1.3333333333333333,9,11,10,0.2702702702702703,3.0763280475052515,522,1,1,0,0,1,0,0,0,0,0,2022,2023-2026,0,0.3296963343328528,0.006697668406852142,0.1989615784008307,0.6916926272066458,0.3190031152647975,0,721
C5A69E4FCAA,CD515CCF7C2,Ag2O,polaron hopping,material_entity,solid_state_mechanism,0.1386430710554123,9,18,9,18,6,18,6,18,0.3333333333333333,0,2,2,0.0,-1.0,26,27,5,0.22727272727272727,1.5569309710491783,162,1,1,0,0,1,0,1,0,1,0,2022,2023-2026,0,0.03595946413931026,0.019562707872184247,0.32087227414330216,0.38503634475597087,0.316926272066459,0,722
C3D74C503D4,C45C8AAD12E,Bi2Te3,charge-transfer resistance engineering,material_entity,electrode_interface,0.18643313646316528,37,39,37,39,24,20,20,24,0.8333333333333334,6,8,14,0.0,1.0,15,28,11,0.16923076923076924,3.9000359075660325,1443,1,1,0,0,1,0,0,8,8,0,2022,2023-2026,0,0.026290903529703927,0.008169569696525037,0.19532710280373833,0.6850363447559709,0.3167185877466251,0,723
C7FACAA1363,CBFA1FD5D8A,AgCrSe2,metal selenide,material_entity,material_system,0.43166714906692505,4,2,2,4,2,2,2,2,1.0,1,1,2,0.0,0.0,5,4,0,0.0,0.0,8,1,1,0,1,0,0,0,0,0,0,2022,2023-2026,0,0.6371201125279873,0.020059597877710868,0.39293873312564903,0.16855659397715472,0.31651090342679133,0,724
C4CEC954E12,C962BA9CB74,platinum electrode,TeO2,material_entity,material_entity,0.41523730754852295,22,21,21,22,9,6,6,9,0.6666666666666666,1,0,1,-0.3333333333333333,0.0,26,15,9,0.2647058823529412,3.2955110109713908,462,1,1,1,1,0,0,6,0,6,0,2022,2023-2026,0,0.06325919332762726,0.008019160704184543,0.2011422637590862,0.6686915887850466,0.3165109034267912,0,725
C6775C55BEF,CBF24CD6AF1,superionic transition,electronic-structure modulation,solid_state_mechanism,solid_state_mechanism,0.39627429842948914,14,74,14,74,15,147,15,147,0.10204081632653061,2,51,53,-0.6666666666666666,5.0,18,29,11,0.14285714285714285,3.3605013124798964,1036,1,1,1,0,0,1,0,0,0,0,2022,2023-2026,0,0.0019641437522906063,0.008100308926541597,0.17694704049844237,0.7526895119418484,0.3165109034267912,0,726
C5A69E4FCAA,CF10FA3299B,Ag2O,V2O5,material_entity,material_entity,0.7682549953460693,9,12,9,12,6,4,4,6,0.6666666666666666,0,1,1,0.0,0.0,26,11,4,0.23529411764705882,1.197064547386248,108,1,1,1,1,0,0,1,0,1,0,2022,2023-2026,0,0.14412406914269116,0.01386043762728028,0.29709241952232607,0.4229595015576324,0.31360332294911736,0,727
C90CB9C3175,CC7D2579013,half-Heusler alloy,mixed ionic-covalent bonding,material_system,solid_state_mechanism,0.19247600436210632,7,13,7,13,11,26,11,26,0.4230769230769231,3,13,16,0.0,3.0,16,21,4,0.25,1.211513161692609,91,1,1,0,0,1,0,0,0,0,0,2022,2023-2026,0,0.0845661482240978,0.01651435740506823,0.312668743509865,0.3926168224299065,0.31298026998961576,0,728
C311C0E1A8F,C6E1ADCF1C9,SbCl3,Et3Si,material_entity,material_entity,0.747889518737793,12,6,6,12,4,2,2,4,0.5,1,0,1,0.0,-0.3333333333333333,13,6,3,0.2,1.313496354797853,72,1,1,1,1,0,0,0,0,0,0,2022,2023-2026,0,0.29988102740253303,0.013939536517231484,0.3110072689511942,0.3889719626168224,0.3106957424714434,0,729
CB02CED7099,CCAABE058E7,carrier-concentration optimization,ferri/ferrocyanide redox chemistry,solid_state_mechanism,redox_chemistry,0.18362826108932495,63,27,27,63,83,21,21,83,0.25301204819277107,28,3,31,2.6666666666666665,-0.6666666666666666,30,29,11,0.13924050632911392,3.188028157283508,1701,1,1,0,0,0,1,0,36,36,0,2022,2023-2026,0,0.28853625511081576,0.005783258906960983,0.1878504672897196,0.684693665628245,0.3079958463136033,0,730
CB02CED7099,CE4B0E242E7,carrier-concentration optimization,interfacial charge transfer,solid_state_mechanism,electrode_interface,0.2666143476963043,63,35,35,63,83,21,21,83,0.25301204819277107,28,8,36,2.6666666666666665,1.3333333333333333,30,29,13,0.15294117647058825,4.419770511733985,2205,1,1,0,0,0,1,0,6,6,0,2022,2023-2026,0,0.003316893734237789,0.006899438160987075,0.15919003115264796,0.7711630321910695,0.3067497403946002,0,731
C0BF9EEDC2F,CDCCAF92956,Bi4V2O11,Bi2O3,material_entity,material_entity,0.8565947413444519,3,7,3,7,2,2,2,2,1.0,1,0,1,0.3333333333333333,0.0,29,29,2,0.25,0.5357515691163965,21,1,1,1,1,0,0,0,0,0,0,2022,2023-2026,0,0.08333199809143547,0.019313623918612747,0.33187954309449635,0.33065420560747666,0.3057113187954309,0,732
C6181968680,CBF24CD6AF1,graphene,electronic-structure modulation,material_entity,solid_state_mechanism,0.30659419298171997,28,74,28,74,19,147,19,147,0.1292517006802721,12,51,63,3.0,5.0,10,29,16,0.18604651162790697,5.168709336589141,2072,1,1,0,0,1,0,6,0,6,0,2022,2023-2026,0,0.005345525207803275,0.0068519972989156755,0.1497403946002077,0.8254932502596053,0.3038421599169262,0,733
C63ED77BD64,CB727037BDD,band engineering,lattice thermal-conductivity suppression,solid_state_mechanism,solid_state_mechanism,0.40606260299682617,8,37,8,37,5,54,5,54,0.09259259259259259,4,25,29,1.0,3.6666666666666665,3,18,5,0.125,1.893378760349081,296,1,1,1,0,0,1,0,0,0,0,2022,2023-2026,0,0.34613643496406743,0.009071274744913616,0.24880581516095535,0.5331775700934579,0.3034267912772586,0,734
CB530564ED0,CBF24CD6AF1,skutterudite,electronic-structure modulation,material_system,solid_state_mechanism,0.322791188955307,15,74,15,74,26,147,26,147,0.17687074829931973,4,51,55,0.6666666666666666,5.0,21,29,10,0.12658227848101267,3.469426297566491,1110,1,1,0,0,1,0,0,0,0,0,2022,2023-2026,0,0.0008842429592699251,0.007916696486350207,0.16464174454828662,0.7335721703011422,0.30134994807892,0,735
C311C0E1A8F,CBD5EA3A3DA,SbCl3,[Bi3I12],material_entity,material_entity,0.7673945426940918,12,6,6,12,4,2,2,4,0.5,1,0,1,0.0,-0.3333333333333333,13,6,3,0.2,1.313496354797853,72,1,1,1,1,0,0,0,0,0,0,2022,2023-2026,0,0.3056399274378275,0.012729102754042739,0.295742471443406,0.38984423676012453,0.30051921079958466,0,736
C3D74C503D4,CE4B0E242E7,Bi2Te3,interfacial charge transfer,material_entity,electrode_interface,0.20012381672859192,37,35,35,37,24,21,21,24,0.875,6,8,14,0.0,1.3333333333333333,15,29,12,0.2,4.215243367061374,1295,1,1,0,0,1,0,0,6,6,0,2022,2023-2026,0,0.02207508763336711,0.006917724319679659,0.1706126687435099,0.7117341640706126,0.30031152647975073,0,737
C1ABB4DC192,CD515CCF7C2,NdCoO3,polaron hopping,material_entity,solid_state_mechanism,0.1410679817199707,4,18,4,18,2,18,2,18,0.1111111111111111,1,2,3,0.3333333333333333,-1.0,16,27,3,0.15789473684210525,0.8928011143658037,72,1,1,0,0,1,0,0,0,0,0,2022,2023-2026,0,0.07309041167221379,0.020820087280125125,0.3546209761163032,0.24851505711318794,0.29968847352024924,0,738
C2378F90E64,CFE5351761E,anharmonic phonon transport,thermoelectric alloy,solid_state_mechanism,material_system,0.44698846340179443,29,3,3,29,29,3,3,29,0.10344827586206896,16,2,18,2.6666666666666665,0.6666666666666666,9,21,2,0.06666666666666667,0.5907573718802095,87,1,1,0,0,1,0,0,0,0,0,2022,2023-2026,0,0.24827658258791455,0.01731226944406377,0.33759086188992726,0.2973831775700934,0.2996884735202492,0,739
CB727037BDD,CBB7C54B845,lattice thermal-conductivity suppression,Ag8SnSe6,solid_state_mechanism,material_entity,0.15217578411102295,37,2,2,37,54,2,2,54,0.037037037037037035,25,1,26,3.6666666666666665,0.3333333333333333,18,6,1,0.02631578947368421,0.24136313830927508,74,1,1,0,0,1,0,0,0,0,0,2022,2023-2026,0,0.2343214154892643,0.02042909345060793,0.37237798546209755,0.18387331256490136,0.29865005192107996,0,740
C5E1580F832,CB530564ED0,CoSb3,skutterudite,material_entity,material_system,0.35955899953842163,8,15,8,15,7,26,7,26,0.2692307692307692,1,4,5,0.3333333333333333,0.6666666666666666,21,21,7,0.4375,2.3611844018920927,120,1,1,0,1,0,0,0,0,0,0,2022,2023-2026,0,0.03140800445042832,0.009422983680062313,0.21744548286604362,0.565908618899273,0.2984423676012461,0,741
C527F5CBB4C,CB39303D43C,CaPd3Ti4O12,CaPd3V4O12,material_entity,material_entity,0.9608572125434875,2,2,2,2,2,2,2,2,1.0,1,1,2,0.0,0.0,3,3,1,0.3333333333333333,0.23233849357411737,4,1,1,1,1,0,0,0,0,0,0,2022,2023-2026,0,0.8079903487678614,0.01340910939454622,0.3308411214953271,0.313883696780893,0.29781931464174455,0,742
C1FC9BD492E,C23B9BED21A,alloy/disorder phonon scattering,ionic conduction,solid_state_mechanism,transport_mechanism,0.33363860845565796,5,35,5,35,4,36,4,36,0.1111111111111111,1,9,10,0.3333333333333333,0.6666666666666666,22,30,4,0.1111111111111111,1.0205603363118925,175,1,1,0,0,0,1,0,2,2,0,2022,2023-2026,0,0.12204965209704599,0.013998386160514962,0.2978193146417445,0.3604361370716511,0.2959501557632399,0,743
C2276A75659,C44799FE290,SrTiO3,defect engineering,material_entity,solid_state_mechanism,0.27504509687423706,7,22,7,22,9,13,9,13,0.6923076923076923,2,5,7,0.0,1.6666666666666667,17,27,5,0.20833333333333334,1.37485682646359,154,1,1,0,0,1,0,0,0,0,0,2022,2023-2026,0,0.11745660417193754,0.01280888187065205,0.2809968847352025,0.4288577362409137,0.2955347871235722,0,744
C2378F90E64,CBF24CD6AF1,anharmonic phonon transport,electronic-structure modulation,solid_state_mechanism,solid_state_mechanism,0.3614419102668762,29,74,29,74,29,147,29,147,0.19727891156462585,16,51,67,2.6666666666666665,5.0,9,29,17,0.19767441860465115,5.684398212385416,2146,1,1,1,0,0,1,0,0,0,0,2022,2023-2026,0,0.003370729569460471,0.0057598851473894715,0.13219106957424714,0.848307372793354,0.2953271028037383,0,745
C2378F90E64,CFE4361F368,anharmonic phonon transport,charge-carrier mobility,solid_state_mechanism,solid_state_mechanism,0.48341602087020874,29,43,29,43,29,36,29,36,0.8055555555555556,16,13,29,2.6666666666666665,1.6666666666666667,9,27,11,0.18032786885245902,3.35973376770222,1247,1,1,1,0,0,1,0,0,0,0,2022,2023-2026,0,0.1584991001216418,0.004542946413665011,0.15046728971962614,0.7699376947040498,0.2947040498442367,0,746
C9910E60ABA,CBF24CD6AF1,carbon nanotube,electronic-structure modulation,material_entity,solid_state_mechanism,0.3076881170272827,28,74,28,74,33,147,33,147,0.22448979591836735,20,51,71,4.666666666666667,5.0,13,29,13,0.14606741573033707,3.9870563139199646,2072,1,1,0,0,1,0,11,0,11,0,2022,2023-2026,0,0.018348313337236306,0.0058435913975178775,0.14434060228452752,0.7845067497403946,0.292834890965732,0,747
CD486BA800F,CFBCD9A3438,host-guest complexation,Ba8Ga16Ge30,solvation_entropy,material_entity,0.26782137155532837,6,9,6,9,2,2,2,2,1.0,0,0,0,0.0,0.0,19,19,5,0.5,1.7521718169015856,54,1,1,0,0,1,0,2,0,2,0,2022,2023-2026,0,0.47184817461663,0.009858149583446309,0.2733125649013499,0.44219106957424703,0.29200415368639665,0,748
C9642D16DCA,CC3BA67827F,graphene oxide,ionic-electronic coupling,material_entity,transport_mechanism,0.14721891283988953,18,39,18,39,9,27,9,27,0.3333333333333333,5,11,16,1.0,2.3333333333333335,10,29,10,0.2127659574468085,3.4258356070871976,702,1,1,0,0,1,0,4,0,4,0,2022,2023-2026,0,0.09788150393636766,0.006782772555974252,0.17964693665628242,0.6542367601246105,0.2917964693665628,0,749
C43C91C4A3E,C5219F02F17,Mg3Sb2,Zintl phase,material_entity,material_system,0.28340622782707214,8,17,8,17,5,23,5,23,0.21739130434782608,1,9,10,-1.0,1.0,5,19,6,0.3157894736842105,1.5969767353006497,136,1,1,0,1,0,0,0,0,0,0,2022,2023-2026,0,0.04809946589767591,0.011496246789423252,0.24537902388369678,0.4985358255451713,0.29075804776739356,0,750
C075A0D1B79,CE4B0E242E7,Sb2Te3,interfacial charge transfer,material_entity,electrode_interface,0.16380086541175842,17,35,17,35,9,21,9,21,0.42857142857142855,1,8,9,-0.3333333333333333,1.3333333333333333,12,29,11,0.2682926829268293,3.684105523292051,595,1,1,0,0,1,0,0,6,6,0,2022,2023-2026,0,0.08156801702431975,0.006627580312185877,0.17258566978193146,0.6640706126687435,0.2905503634475597,0,751
C7B3E023ED0,C7FACAA1363,Cu2Se,AgCrSe2,material_entity,material_entity,0.7246135473251343,18,4,4,18,17,2,2,17,0.11764705882352941,8,1,9,1.3333333333333333,0.0,11,5,2,0.1,1.1162212531024944,72,1,1,1,1,0,0,0,0,0,0,2022,2023-2026,0,0.27246637420026043,0.013730908007153254,0.3055036344755971,0.33310488058151605,0.28722741433021803,0,752
C2378F90E64,C3D74C503D4,anharmonic phonon transport,Bi2Te3,solid_state_mechanism,material_entity,0.43851715326309204,29,37,29,37,29,24,24,29,0.8275862068965517,16,6,22,2.6666666666666665,0.0,9,15,11,0.2,3.7366862619993784,1073,1,1,0,0,1,0,0,0,0,0,2022,2023-2026,0,0.2548822627427664,0.0033829205858837024,0.14164070612668744,0.7696157840083073,0.28701973001038417,0,753
C44799FE290,CBF24CD6AF1,defect engineering,electronic-structure modulation,solid_state_mechanism,solid_state_mechanism,0.41381824016571045,22,74,22,74,13,147,13,147,0.08843537414965986,5,51,56,1.6666666666666667,5.0,27,29,14,0.17073170731707318,5.126595447521986,1628,1,1,1,0,0,1,0,0,0,0,2022,2023-2026,0,0.0016731361037627766,0.0057598851473894715,0.12990654205607477,0.825877466251298,0.2866043613707165,0,754
CADCC57C7F1,CBF24CD6AF1,SnSe,electronic-structure modulation,material_entity,solid_state_mechanism,0.31447291374206543,15,74,15,74,11,147,11,147,0.07482993197278912,5,51,56,0.6666666666666666,5.0,7,29,8,0.09876543209876543,2.7080515016196847,1110,1,1,0,0,1,0,0,0,0,0,2022,2023-2026,0,0.0028268206940460995,0.007916696486350207,0.16723779854620976,0.6639771547248181,0.28535825545171334,0,755
C2AB2ABA9A6,CBF24CD6AF1,dimethyl sulfoxide (DMSO),electronic-structure modulation,material_entity,solid_state_mechanism,0.1606535017490387,12,74,12,74,7,147,7,147,0.047619047619047616,1,51,52,-1.3333333333333333,5.0,9,29,7,0.08860759493670886,2.073262206589018,888,1,1,0,0,1,0,1,0,1,0,2022,2023-2026,0,0.0013269729826311375,0.010257186670848944,0.2078920041536864,0.549761163032191,0.28473520249221185,0,756
C8AD5B453CC,C9AFE334F36,ion diffusion,phonon scattering,transport_mechanism,solid_state_mechanism,0.35683000087738037,42,49,42,49,19,49,19,49,0.3877551020408163,12,18,30,3.0,1.6666666666666667,23,29,12,0.1518987341772152,4.003623567855406,2058,1,1,0,0,0,1,2,0,2,0,2022,2023-2026,0,0.01738853131927908,0.005677741987680007,0.13624091381100725,0.7704776739356178,0.2847352024922118,0,757
C2F611E9EEA,CBF24CD6AF1,clathrate,electronic-structure modulation,material_system,solid_state_mechanism,0.23782974481582642,13,74,13,74,11,147,11,147,0.07482993197278912,0,51,51,-0.3333333333333333,5.0,19,29,8,0.10126582278481013,2.4029306529277634,962,1,1,0,0,1,0,1,0,1,0,2022,2023-2026,0,0.00098271731345297,0.00902468148099115,0.18577362409138112,0.6204361370716511,0.284527518172378,0,758
CC3BA67827F,CD515CCF7C2,ionic-electronic coupling,polaron hopping,transport_mechanism,solid_state_mechanism,0.4406244158744812,39,18,18,39,27,18,18,27,0.6666666666666666,11,2,13,2.3333333333333335,-1.0,29,27,6,0.11764705882352941,1.6919121063614,702,1,1,0,0,0,1,0,0,0,0,2022,2023-2026,0,0.0721640550119927,0.009021827121176941,0.2167185877466251,0.5367082035306333,0.28411214953271025,0,759
CF4A6A0344F,CFE4361F368,ion migration,charge-carrier mobility,transport_mechanism,solid_state_mechanism,0.49984851479530334,27,43,27,43,17,36,17,36,0.4722222222222222,9,13,22,2.3333333333333335,1.6666666666666667,29,27,12,0.20689655172413793,3.931886976898786,1161,1,1,0,0,0,1,1,0,1,0,2022,2023-2026,0,0.0693229465950875,0.004347106867601771,0.13167185877466253,0.7900207684319833,0.28411214953271025,0,760
C2F611E9EEA,C5219F02F17,clathrate,Zintl phase,material_system,material_system,0.6464204788208008,13,17,13,17,11,23,11,23,0.4782608695652174,0,9,9,-0.3333333333333333,1.0,19,19,8,0.36363636363636365,2.8655456926024576,221,1,1,1,1,0,0,1,0,1,0,2022,2023-2026,0,0.03518013371558401,0.006856109168609168,0.16448598130841122,0.6651921079958463,0.28411214953271025,0,761
C3DB4F04D16,CBF24CD6AF1,rattling-mode phonon suppression,electronic-structure modulation,solid_state_mechanism,solid_state_mechanism,0.35050052404403687,20,74,20,74,22,147,22,147,0.14965986394557823,7,51,58,1.6666666666666667,5.0,21,29,12,0.14634146341463414,4.0175067380621545,1480,1,1,1,0,0,1,0,0,0,0,2022,2023-2026,0,0.002193191377255009,0.0057598851473894715,0.13063343717549325,0.7792107995846314,0.2799584631360332,0,762
C37031A3390,CC3BA67827F,cellulose,ionic-electronic coupling,material_entity,transport_mechanism,0.0843130350112915,22,39,22,39,12,27,12,27,0.4444444444444444,10,11,21,2.6666666666666665,2.3333333333333335,5,29,5,0.08928571428571429,1.4400814464949625,858,1,1,0,0,1,0,1,0,1,0,2022,2023-2026,0,0.10088504798960946,0.01251544866658842,0.26998961578400826,0.41561786085150576,0.2782969885773624,0,763
C9AFE334F36,CE4B0E242E7,phonon scattering,interfacial charge transfer,solid_state_mechanism,electrode_interface,0.21925270557403564,49,35,35,49,49,21,21,49,0.42857142857142855,18,8,26,1.6666666666666667,1.3333333333333333,29,29,9,0.12,3.444463265828461,1715,1,1,0,0,0,1,0,6,6,0,2022,2023-2026,0,0.010690074145988633,0.006859332921701009,0.15482866043613708,0.6770508826583593,0.27808930425752854,0,764
C3D74C503D4,CBF24CD6AF1,Bi2Te3,electronic-structure modulation,material_entity,solid_state_mechanism,0.3454386591911316,37,74,37,74,24,147,24,147,0.16326530612244897,6,51,57,0.0,5.0,15,29,17,0.18085106382978725,5.394173291870441,2738,1,1,0,0,1,0,0,0,0,0,2022,2023-2026,0,0.00010748658845513261,0.005576272707198084,0.12040498442367602,0.8348494288681204,0.27705088265835925,0,765
C3D74C503D4,CB19ED8936D,Bi2Te3,MoS2,material_entity,material_entity,0.44566676020622253,37,6,6,37,24,2,2,24,0.08333333333333333,6,2,8,0.0,0.6666666666666666,15,2,5,0.13157894736842105,1.8534206974779197,222,1,1,1,1,0,0,0,0,0,0,2022,2023-2026,0,0.054545764587673816,0.009415478945920935,0.22554517133956387,0.47775700934579435,0.273208722741433,0,766
C1FC9BD492E,C9AFE334F36,alloy/disorder phonon scattering,phonon scattering,solid_state_mechanism,solid_state_mechanism,0.8836544752120972,5,49,5,49,4,49,4,49,0.08163265306122448,1,18,19,0.3333333333333333,1.6666666666666667,22,29,4,0.08,1.0448775791897453,245,1,1,1,0,0,1,0,0,0,0,2022,2023-2026,0,0.12104673420711547,0.01070163060282979,0.2581516095534787,0.4215784008307373,0.2726895119418484,0,767
CE4B0E242E7,CF4442F676E,interfacial charge transfer,[CoO2],electrode_interface,material_entity,0.15563800930976868,35,5,5,35,21,2,2,21,0.09523809523809523,8,0,8,1.3333333333333333,0.0,29,13,3,0.08108108108108109,1.08801821814552,175,1,1,0,0,1,0,6,0,6,0,2022,2023-2026,0,0.1459443541409821,0.015369294438113275,0.3131879543094496,0.26498442367601244,0.2720664589823468,0,768
C7B3E023ED0,CBF24CD6AF1,Cu2Se,electronic-structure modulation,material_entity,solid_state_mechanism,0.25878602266311646,18,74,18,74,17,147,17,147,0.11564625850340136,8,51,59,1.3333333333333333,5.0,11,29,14,0.1794871794871795,4.333099249805075,1332,1,1,0,0,1,0,0,0,0,0,2022,2023-2026,0,0.0021149450782848005,0.005576272707198084,0.1235202492211838,0.7846521287642781,0.2714434060228452,0,769
C45C8AAD12E,CBF24CD6AF1,charge-transfer resistance engineering,electronic-structure modulation,electrode_interface,solid_state_mechanism,0.25440388917922974,39,74,39,74,20,147,20,147,0.1360544217687075,8,51,59,1.0,5.0,28,29,19,0.20212765957446807,6.187428520808578,2886,1,1,0,0,0,1,8,0,8,0,2022,2023-2026,0,0.0008007248146950726,0.004706643151087596,0.11173416407061268,0.8311318795430945,0.26998961578400826,0,770
C3DB4F04D16,CB530564ED0,rattling-mode phonon suppression,skutterudite,solid_state_mechanism,material_system,0.3730279505252838,20,15,15,20,22,26,22,26,0.8461538461538461,7,4,11,1.6666666666666667,0.6666666666666666,21,21,10,0.4,3.776771988736749,300,1,1,0,0,1,0,0,0,0,0,2022,2023-2026,0,0.13780339519969856,0.003409484675400756,0.13291796469366562,0.710841121495327,0.26915887850467285,0,771
C46747A02A1,CBF24CD6AF1,ion-pairing and complexation,electronic-structure modulation,solvation_entropy,solid_state_mechanism,0.27720046043395996,31,74,31,74,16,147,16,147,0.10884353741496598,8,51,59,1.0,5.0,11,29,15,0.16666666666666666,5.095657465914424,2294,1,1,0,0,0,1,4,0,4,0,2022,2023-2026,0,0.0028875887412086673,0.004678264509364902,0.11370716510903428,0.8063032191069573,0.2672897196261682,0,772
C5B8C057FAD,C9AFE334F36,metal oxide,phonon scattering,material_system,solid_state_mechanism,0.21144911646842957,13,49,13,49,9,49,9,49,0.1836734693877551,4,18,22,1.0,1.6666666666666667,21,29,7,0.12727272727272726,2.256893394287248,637,1,1,0,0,1,0,2,0,2,0,2022,2023-2026,0,0.026783352635807226,0.007246355966452637,0.17975077881619936,0.5646002076843198,0.26583592938733125,0,773
C96681C9193,CC3BA67827F,ion channels,ionic-electronic coupling,transport_mechanism,transport_mechanism,0.6440497040748596,12,39,12,39,2,27,2,27,0.07407407407407407,1,11,12,0.0,2.3333333333333335,3,29,4,0.0851063829787234,1.0968587371337974,468,1,1,1,0,0,1,1,0,1,0,2022,2023-2026,0,0.23032837771635686,0.009216898870255173,0.247871235721703,0.42590861889927306,0.264797507788162,0,774
C075A0D1B79,C962BA9CB74,Sb2Te3,TeO2,material_entity,material_entity,0.42558902502059937,17,21,17,21,9,6,6,9,0.6666666666666666,1,0,1,-0.3333333333333333,0.0,12,15,6,0.1875,1.6746083249984522,357,1,1,1,1,0,0,0,0,0,0,2022,2023-2026,0,0.06283017554935766,0.008110401550932931,0.2055036344755971,0.5041744548286603,0.26479750778816197,0,775
C3A804F9865,C6DD69CF62E,Cu2O,polyvinylpyrrolidone (PVP),material_entity,material_entity,0.29546645283699036,4,5,4,5,2,2,2,2,1.0,0,0,0,0.0,-0.3333333333333333,27,7,1,0.125,0.48089834696298783,20,1,1,1,1,0,0,0,1,1,0,2022,2023-2026,0,0.200779142550829,0.015938022412713047,0.3213914849428868,0.21097611630321905,0.26479750778816197,0,776
C6E111EB5CB,CB530564ED0,RyMxCo4,skutterudite,material_entity,material_system,0.24094879627227783,5,15,5,15,3,26,3,26,0.11538461538461539,0,4,4,0.0,0.6666666666666666,18,21,4,0.25,1.109058403598342,75,1,1,0,1,0,0,0,0,0,0,2022,2023-2026,0,0.026038702585676306,0.01406555200253678,0.27248182762201456,0.3594080996884735,0.2643821391484943,0,777
C23B9BED21A,C44799FE290,ionic conduction,defect engineering,transport_mechanism,solid_state_mechanism,0.2064758837223053,35,22,22,35,36,13,13,36,0.3611111111111111,9,5,14,0.6666666666666666,1.6666666666666667,30,27,11,0.2391304347826087,3.1602397094798875,770,1,1,0,0,0,1,2,0,2,0,2022,2023-2026,0,0.021024974842321506,0.0056468691759729624,0.13665628245067496,0.6789927310488058,0.26313603322949114,0,778
C962BA9CB74,CD515CCF7C2,TeO2,polaron hopping,material_entity,solid_state_mechanism,0.18155580759048462,21,18,18,21,6,18,6,18,0.3333333333333333,0,2,2,0.0,-1.0,15,27,4,0.11428571428571428,1.3801787700672667,378,1,1,0,0,1,0,0,0,0,0,2022,2023-2026,0,0.02718064521649539,0.01462196925715113,0.2771547248182762,0.34494288681204566,0.2620976116303219,0,779
CADCC57C7F1,CB727037BDD,SnSe,lattice thermal-conductivity suppression,material_entity,solid_state_mechanism,0.4479135274887085,15,37,15,37,11,54,11,54,0.2037037037037037,5,25,30,0.6666666666666666,3.6666666666666665,7,18,9,0.20930232558139536,3.2868110963983304,555,1,1,0,0,1,0,0,0,0,0,2022,2023-2026,0,0.09554553780355907,0.003301630661005661,0.1213914849428868,0.7388888888888889,0.26085150571131877,0,780
C43C91C4A3E,CBF24CD6AF1,Mg3Sb2,electronic-structure modulation,material_entity,solid_state_mechanism,0.22382590174674988,8,74,8,74,5,147,5,147,0.034013605442176874,1,51,52,-1.0,5.0,5,29,7,0.09333333333333334,2.1984927125542812,592,1,1,0,0,1,0,0,0,0,0,2022,2023-2026,0,0.0029797981648033082,0.007954370085034947,0.17082035306334376,0.5712564901349948,0.26085150571131877,0,781
CB02CED7099,CC7D2579013,carrier-concentration optimization,mixed ionic-covalent bonding,solid_state_mechanism,solid_state_mechanism,0.2669772803783417,63,13,13,63,83,26,26,83,0.3132530120481928,28,13,41,2.6666666666666665,3.0,30,21,8,0.11764705882352941,2.692463286793156,819,1,1,1,0,0,1,0,0,0,0,2022,2023-2026,0,0.00680490770788218,0.006729289031293354,0.14672897196261683,0.6432917964693665,0.25960539979231567,0,782
C2378F90E64,CB02CED7099,anharmonic phonon transport,carrier-concentration optimization,solid_state_mechanism,solid_state_mechanism,0.36348864436149597,29,63,29,63,29,83,29,83,0.3493975903614458,16,28,44,2.6666666666666665,2.6666666666666665,9,30,16,0.21052631578947367,5.1614752252805065,1827,1,1,1,0,0,1,0,0,0,0,2022,2023-2026,0,0.020226296244730147,0.0025,0.09402907580477673,0.8357736240913811,0.25898234683281407,0,783
CB02CED7099,CBB7C54B845,carrier-concentration optimization,Ag8SnSe6,solid_state_mechanism,material_entity,0.21458062529563904,63,2,2,63,83,2,2,83,0.024096385542168676,28,1,29,2.6666666666666665,0.3333333333333333,30,6,1,0.015625,0.2769378934088574,126,1,1,0,0,1,0,0,0,0,0,2022,2023-2026,0,0.021739157366612773,0.019032560397973908,0.3078920041536864,0.2268847352024922,0.25856697819314645,0,784
C08389FD6C6,CB02CED7099,moisture-gradient ion transport,carrier-concentration optimization,transport_mechanism,solid_state_mechanism,0.3957916498184204,33,63,33,63,27,83,27,83,0.3253012048192771,17,28,45,3.6666666666666665,2.6666666666666665,20,30,9,0.10344827586206896,2.5927274740427593,2079,1,1,0,0,0,1,4,0,4,0,2022,2023-2026,0,0.024820589834846033,0.0048039865064512955,0.12980269989615784,0.6950778816199377,0.2585669781931464,0,785
C962BA9CB74,CBF24CD6AF1,TeO2,electronic-structure modulation,material_entity,solid_state_mechanism,0.3170306086540222,21,74,21,74,6,147,6,147,0.04081632653061224,0,51,51,0.0,5.0,15,29,10,0.11764705882352941,3.409852707527666,1554,1,1,0,0,1,0,0,0,0,0,2022,2023-2026,0,0.0006710408100966767,0.005576272707198084,0.12113187954309451,0.7283177570093458,0.2575285565939771,0,786
C3DB4F04D16,CB727037BDD,rattling-mode phonon suppression,lattice thermal-conductivity suppression,solid_state_mechanism,solid_state_mechanism,0.6404010057449341,20,37,20,37,22,54,22,54,0.4074074074074074,7,25,32,1.6666666666666667,3.6666666666666665,21,18,11,0.2391304347826087,3.95493636988109,740,1,1,1,0,0,1,0,0,0,0,2022,2023-2026,0,0.11521929817255835,0.0012223101265822784,0.10571131879543094,0.7992315680166148,0.2575285565939771,0,787
CC028ABF9C6,CFE4361F368,anti-freezing organohydrogel design,charge-carrier mobility,gel_microstructure,solid_state_mechanism,0.07764939218759537,37,43,37,43,15,36,15,36,0.4166666666666667,7,13,20,1.0,1.6666666666666667,15,27,9,0.1267605633802817,2.7504249282609132,1591,1,1,0,0,0,1,6,0,6,0,2022,2023-2026,0,0.04332865421425722,0.006529430713346492,0.15898234683281412,0.5997507788161993,0.2573208722741433,0,788
CA62C8F275F,CB530564ED0,Co4Sb12,skutterudite,material_entity,material_system,0.30660808086395264,5,15,5,15,3,26,3,26,0.11538461538461539,1,4,5,0.3333333333333333,0.6666666666666666,11,21,4,0.25,1.1179818180883185,75,1,1,0,1,0,0,0,0,0,0,2022,2023-2026,0,0.051218122282122434,0.011810238898559334,0.25233644859813087,0.38304257528556596,0.25565939771547247,0,789
C5E1580F832,CBF24CD6AF1,CoSb3,electronic-structure modulation,material_entity,solid_state_mechanism,0.2901729345321655,8,74,8,74,7,147,7,147,0.047619047619047616,1,51,52,0.3333333333333333,5.0,21,29,6,0.07894736842105263,2.081082889962584,592,1,1,0,0,1,0,0,0,0,0,2022,2023-2026,0,0.002002748678360377,0.00793049726170286,0.1681723779854621,0.5628764278296988,0.25565939771547247,0,790
C5A69E4FCAA,C5A8DA1C047,Ag2O,CrO3,material_entity,material_entity,0.6726577281951904,9,2,2,9,6,3,3,6,0.5,0,0,0,0.0,0.0,26,26,1,0.1,0.28126641406272834,18,1,1,1,1,0,0,1,0,1,0,2022,2023-2026,0,0.03553609602257361,0.01742165065640675,0.3029075804776739,0.22736240913811007,0.2554517133956386,0,791
CB02CED7099,CB530564ED0,carrier-concentration optimization,skutterudite,solid_state_mechanism,material_system,0.20261944830417633,63,15,15,63,83,26,26,83,0.3132530120481928,28,4,32,2.6666666666666665,0.6666666666666666,30,21,12,0.18181818181818182,4.639205566411816,945,1,1,0,0,1,0,0,0,0,0,2022,2023-2026,0,0.0031246521733895843,0.004784351620164853,0.11692627206645897,0.7337798546209762,0.25503634475597087,0,792
C1ABB4DC192,C44799FE290,NdCoO3,defect engineering,material_entity,solid_state_mechanism,0.2638245224952698,4,22,4,22,2,13,2,13,0.15384615384615385,1,5,6,0.3333333333333333,1.6666666666666667,16,27,3,0.13043478260869565,0.9152619174783247,88,1,1,0,0,1,0,0,0,0,0,2022,2023-2026,0,0.10057787248188126,0.0135530422985922,0.2839044652128764,0.2961163032191069,0.2531671858774662,0,793
C9910E60ABA,CB02CED7099,carbon nanotube,carrier-concentration optimization,material_entity,solid_state_mechanism,0.17690744996070862,28,63,28,63,33,83,33,83,0.39759036144578314,20,28,48,4.666666666666667,2.6666666666666665,13,30,13,0.16666666666666666,4.005817987496957,1764,1,1,0,0,1,0,11,0,11,0,2022,2023-2026,0,0.09209495575961132,0.0023073556511056512,0.11142263759086188,0.7408099688473518,0.25212876427829695,0,794
C8AD5B453CC,CB02CED7099,ion diffusion,carrier-concentration optimization,transport_mechanism,solid_state_mechanism,0.4570681154727936,42,63,42,63,19,83,19,83,0.2289156626506024,12,28,40,3.0,2.6666666666666665,23,30,17,0.19318181818181818,5.309436821830572,2646,1,1,0,0,0,1,2,0,2,0,2022,2023-2026,0,0.005663885906144125,0.003248764714952735,0.08878504672897196,0.8494704049844235,0.2515057113187954,0,795
C38C7EC2077,CBF24CD6AF1,ethylene glycol,electronic-structure modulation,material_entity,solid_state_mechanism,0.10798557102680206,22,74,22,74,12,147,12,147,0.08163265306122448,4,51,55,0.6666666666666666,5.0,20,29,12,0.14285714285714285,3.741678201749337,1628,1,1,0,0,1,0,0,0,0,0,2022,2023-2026,0,0.0004390214792679976,0.005576272707198084,0.1207165109034268,0.6992419522326063,0.2502596053997923,0,796
C46747A02A1,CFE4361F368,ion-pairing and complexation,charge-carrier mobility,solvation_entropy,solid_state_mechanism,0.2702710032463074,31,43,31,43,16,36,16,36,0.4444444444444444,8,13,21,1.0,1.6666666666666667,11,27,8,0.12121212121212122,2.9136250925026297,1333,1,1,0,0,0,1,4,0,4,0,2022,2023-2026,0,0.08949711747515184,0.003479386086474501,0.13042575285565938,0.6526895119418483,0.2471443406022845,0,797
CB02CED7099,CB40B685934,carrier-concentration optimization,CuCr1,solid_state_mechanism,material_entity,0.1633863002061844,63,6,6,63,83,2,2,83,0.024096385542168676,28,1,29,2.6666666666666665,0.3333333333333333,30,11,5,0.078125,1.7222407560730095,378,1,1,0,0,1,0,0,0,0,0,2022,2023-2026,0,0.011773788579398044,0.009831187817334712,0.21131879543094498,0.44071651090342673,0.24652128764278297,0,798
C9AFE334F36,CFE4361F368,phonon scattering,charge-carrier mobility,solid_state_mechanism,solid_state_mechanism,0.48161014914512634,49,43,43,49,49,36,36,49,0.7346938775510204,18,13,31,1.6666666666666667,1.6666666666666667,29,27,18,0.24324324324324326,6.253628385218311,2107,1,1,1,0,0,1,0,0,0,0,2022,2023-2026,0,0.004579963321818435,0.0022394868139700643,0.07642782969885772,0.8634164070612667,0.24631360332294908,0,799
C4CEC954E12,CBF24CD6AF1,platinum electrode,electronic-structure modulation,material_entity,solid_state_mechanism,0.2679462134838104,22,74,22,74,9,147,9,147,0.061224489795918366,1,51,52,-0.3333333333333333,5.0,26,29,12,0.14285714285714285,4.274864158371818,1628,1,1,0,0,1,0,6,0,6,0,2022,2023-2026,0,0.0007501000862939445,0.003507809963910357,0.09527518172377986,0.7615991692627206,0.2454828660436137,0,800
C6153FCE2C1,CFE4361F368,pi-pi stacking,charge-carrier mobility,gel_microstructure,solid_state_mechanism,0.220217764377594,3,43,3,43,2,36,2,36,0.05555555555555555,2,13,15,0.6666666666666666,1.6666666666666667,2,27,2,0.045454545454545456,0.543312683212069,129,1,1,0,0,0,1,0,0,0,0,2022,2023-2026,0,0.3595841882550105,0.011825935208143856,0.2896157840083074,0.23966770508826582,0.24485981308411217,0,801
C9AFE334F36,CFE5351761E,phonon scattering,thermoelectric alloy,solid_state_mechanism,material_system,0.4485173523426056,49,3,3,49,49,3,3,49,0.061224489795918366,18,2,20,1.6666666666666667,0.6666666666666666,29,21,2,0.04,0.6307824050687041,147,1,1,0,0,1,0,0,0,0,0,2022,2023-2026,0,0.018633253039862116,0.01413408474538267,0.2698857736240914,0.31230529595015577,0.24340602284527518,0,802
C9642D16DCA,CBF24CD6AF1,graphene oxide,electronic-structure modulation,material_entity,solid_state_mechanism,0.3158000707626343,18,74,18,74,9,147,9,147,0.061224489795918366,5,51,56,1.0,5.0,10,29,10,0.12195121951219512,3.5873486205037386,1332,1,1,0,0,1,0,4,0,4,0,2022,2023-2026,0,0.004470978548782166,0.003507809963910357,0.10015576323987539,0.7362824506749741,0.24257528556593974,0,803
C3DB4F04D16,C9AFE334F36,rattling-mode phonon suppression,phonon scattering,solid_state_mechanism,solid_state_mechanism,0.6595363616943359,20,49,20,49,22,49,22,49,0.4489795918367347,7,18,25,1.6666666666666667,1.6666666666666667,21,29,12,0.21052631578947367,4.653700629423578,980,1,1,1,0,0,1,0,0,0,0,2022,2023-2026,0,0.06501688853163615,0.0011576704545454546,0.08203530633437175,0.8077777777777777,0.24174454828660433,0,804
C3848258807,C3A804F9865,Al2O3,Cu2O,material_entity,material_entity,0.6805444359779358,8,4,4,8,8,2,2,8,0.25,3,0,3,0.6666666666666666,0.0,27,27,1,0.09090909090909091,0.6213349345596119,32,1,1,1,1,0,0,0,0,0,0,2022,2023-2026,0,0.026089653412926562,0.015496327507450225,0.28473520249221185,0.25212876427829695,0.24132917964693665,0,805
C1E4ABFFD92,C38C7EC2077,BMIMBF4,ethylene glycol,material_entity,material_entity,0.3903055787086487,6,22,6,22,2,12,2,12,0.16666666666666666,0,4,4,-0.6666666666666666,0.6666666666666666,5,20,3,0.12,0.8750034640406369,132,1,1,1,1,0,0,0,0,0,0,2022,2023-2026,0,0.060870367939452885,0.012715396112750915,0.264797507788162,0.3153894080996884,0.24132917964693665,0,806
C44799FE290,CD515CCF7C2,defect engineering,polaron hopping,solid_state_mechanism,solid_state_mechanism,0.3265833556652069,22,18,18,22,13,18,13,18,0.7222222222222222,5,2,7,1.6666666666666667,-1.0,27,27,7,0.21212121212121213,2.3405559325870557,396,1,1,1,0,0,1,0,0,0,0,2022,2023-2026,0,0.10873109494675577,0.004544907051090473,0.14506749740394598,0.5826583592938733,0.23987538940809966,0,807
C78D65254F9,CC3BA67827F,phase transition,ionic-electronic coupling,phase_or_species_transition,transport_mechanism,0.14667001366615295,51,39,39,51,48,27,27,48,0.5625,17,11,28,1.3333333333333333,2.3333333333333335,19,29,11,0.13924050632911392,3.3468952276364305,1989,1,1,0,0,0,1,5,0,5,0,2022,2023-2026,0,0.011248342286470899,0.00459402119101229,0.11484942886812047,0.6755555555555556,0.2384215991692627,0,808
C95135079E8,CE2D3B9DC27,Li2O-1,Nb2O5,material_entity,material_entity,0.7020162343978882,3,5,3,5,2,3,2,3,0.6666666666666666,0,1,1,0.0,0.3333333333333333,16,16,2,0.3333333333333333,1.1645740047708797,15,1,1,1,1,0,0,0,0,0,0,2022,2023-2026,0,0.21701134103090722,0.007985777955287538,0.22388369678089304,0.37931464174454826,0.2382139148494289,0,809
C6775C55BEF,C787F187281,superionic transition,Ag2S,solid_state_mechanism,material_entity,0.2828183174133301,14,7,7,14,15,2,2,15,0.13333333333333333,2,0,2,-0.6666666666666666,-0.3333333333333333,18,22,6,0.4,1.5521133031738725,98,1,1,0,0,1,0,0,0,0,0,2022,2023-2026,0,0.05672815581832532,0.00699652614017053,0.18826583592938734,0.461484942886812,0.23779854620976115,0,810
C1FC9BD492E,CB727037BDD,alloy/disorder phonon scattering,lattice thermal-conductivity suppression,solid_state_mechanism,solid_state_mechanism,0.5906307101249695,5,37,5,37,4,54,4,54,0.07407407407407407,1,25,26,0.3333333333333333,3.6666666666666665,22,18,4,0.10526315789473684,1.0248888569657633,185,1,1,1,0,0,1,0,0,0,0,2022,2023-2026,0,0.14732540233371708,0.007080841794434958,0.20778816199376948,0.42234683281412255,0.23779854620976115,0,811
C3D74C503D4,CB727037BDD,Bi2Te3,lattice thermal-conductivity suppression,material_entity,solid_state_mechanism,0.43709591031074524,37,37,37,37,24,54,24,54,0.4444444444444444,6,25,31,0.0,3.6666666666666665,15,18,12,0.1935483870967742,4.146593818215171,1369,1,1,0,0,1,0,0,0,0,0,2022,2023-2026,0,0.0066897322495494535,0.002238070044993518,0.07736240913811009,0.799491173416407,0.23779854620976112,0,812
C5219F02F17,C56C2053791,Zintl phase,Sr8Ga16Ge30,material_system,material_entity,0.27899324893951416,17,9,9,17,23,2,2,23,0.08695652173913043,9,0,9,1.0,0.0,19,19,5,0.23809523809523808,1.9573263195880717,153,1,1,0,1,0,0,0,0,0,0,2022,2023-2026,0,0.034123225544980706,0.0069139421291358446,0.1750778816199377,0.49304257528556594,0.23717549325025958,0,813
C555F4672C1,CB02CED7099,configurational-entropy modulation,carrier-concentration optimization,phase_or_species_transition,solid_state_mechanism,0.31124716997146606,7,63,7,63,4,83,4,83,0.04819277108433735,3,28,31,0.6666666666666666,2.6666666666666665,4,30,5,0.07692307692307693,1.5129964908056899,441,1,1,0,0,0,1,0,0,0,0,2022,2023-2026,0,0.10104791091550719,0.0068452149607992445,0.18234683281412253,0.4760955347871236,0.23613707165109032,0,814
C3D74C503D4,C4C9A1FEBD0,Bi2Te3,As2Te3,material_entity,material_entity,0.5131231546401978,37,9,9,37,24,2,2,24,0.08333333333333333,6,0,6,0.0,-0.3333333333333333,15,29,8,0.21052631578947367,2.7890534694652,333,1,1,1,1,0,0,0,0,0,0,2022,2023-2026,0,0.006369103892045334,0.005529824605092276,0.12471443406022845,0.6329387331256491,0.23468328141225336,0,815
C90CB9C3175,CBF24CD6AF1,half-Heusler alloy,electronic-structure modulation,material_system,solid_state_mechanism,0.2607617676258087,7,74,7,74,11,147,11,147,0.07482993197278912,3,51,54,0.0,5.0,16,29,6,0.08,1.911856392453481,518,1,1,0,0,1,0,0,0,0,0,2022,2023-2026,0,0.002443299195244412,0.006861452087164872,0.15337487019730012,0.538951194184839,0.23468328141225334,0,816
C2AB2ABA9A6,CC4208AB219,dimethyl sulfoxide (DMSO),EMIMBF4,material_entity,material_entity,0.3934192657470703,12,6,6,12,7,2,2,7,0.2857142857142857,1,0,1,-1.3333333333333333,0.0,9,9,2,0.125,0.543312683212069,72,1,1,1,1,0,0,1,1,2,1,2022,2023-2026,0,0.1746353686560252,0.011756475398590401,0.2748701973001038,0.2597507788161994,0.2336448598130841,0,817
C6D6399FFC8,CB727037BDD,HfS2,lattice thermal-conductivity suppression,material_entity,solid_state_mechanism,0.14627555012702942,9,37,9,37,2,54,2,54,0.037037037037037035,2,25,27,0.6666666666666666,3.6666666666666665,2,18,5,0.12195121951219512,1.9564117107157484,333,1,1,0,0,1,0,0,0,0,0,2022,2023-2026,0,0.12017130822480425,0.006735316553697618,0.18328141225337485,0.4634475597092419,0.23260643821391486,0,818
C53D2C5DAAD,CA18CB0B312,ZrS2,electron-phonon coupling,material_entity,solid_state_mechanism,0.16883224248886108,6,7,6,7,2,3,2,3,0.6666666666666666,2,1,3,0.6666666666666666,0.0,2,9,1,0.08333333333333333,0.25694917118487537,42,1,1,0,0,1,0,0,0,0,0,2022,2023-2026,0,0.6960615477122136,0.010310449182311885,0.2909657320872274,0.1437798546209761,0.23177570093457944,0,819
C9AFE334F36,CC7D2579013,phonon scattering,mixed ionic-covalent bonding,solid_state_mechanism,solid_state_mechanism,0.2958989441394806,49,13,13,49,49,26,26,49,0.5306122448979592,18,13,31,1.6666666666666667,3.0,29,21,8,0.14814814814814814,2.7098772493243186,637,1,1,1,0,0,1,0,0,0,0,2022,2023-2026,0,0.0227675705470551,0.004433024550633625,0.11536863966770508,0.6523572170301142,0.23177570093457942,0,820
C7B3E023ED0,CC3BA67827F,Cu2Se,ionic-electronic coupling,material_entity,transport_mechanism,0.1641327291727066,18,39,18,39,17,27,17,27,0.6296296296296297,8,11,19,1.3333333333333333,2.3333333333333335,11,29,9,0.1875,2.4487461575394467,702,1,1,0,0,1,0,0,0,0,0,2022,2023-2026,0,0.06291090594044493,0.003605773801140765,0.12897196261682242,0.6084319833852543,0.22990654205607475,0,821
C311C0E1A8F,CDCCAF92956,SbCl3,Bi2O3,material_entity,material_entity,0.7378310561180115,12,7,7,12,4,2,2,4,0.5,1,0,1,0.0,0.0,13,29,3,0.1875,1.0212435649705787,84,1,1,1,1,0,0,0,0,0,0,2022,2023-2026,0,0.0542601887328384,0.009188961816638318,0.21889927310488058,0.3632398753894081,0.2296988577362409,0,822
C44799FE290,CC3BA67827F,defect engineering,ionic-electronic coupling,solid_state_mechanism,transport_mechanism,0.15673860907554626,22,39,22,39,13,27,13,27,0.48148148148148145,5,11,16,1.6666666666666667,2.3333333333333335,27,29,12,0.24489795918367346,4.075069869813224,858,1,1,0,0,0,1,0,0,0,0,2022,2023-2026,0,0.05483098197299446,0.0020919527469048234,0.0921079958463136,0.6985981308411215,0.22907580477673933,0,823
C2F611E9EEA,C3DB4F04D16,clathrate,rattling-mode phonon suppression,material_system,solid_state_mechanism,0.2662322521209717,13,20,13,20,11,22,11,22,0.5,0,7,7,-0.3333333333333333,1.6666666666666667,19,21,8,0.32,2.818417556466248,260,1,1,0,0,1,0,1,0,1,0,2022,2023-2026,0,0.07323462600207967,0.0034704625988555863,0.1257528556593977,0.6112253374870198,0.22907580477673933,0,824
C95135079E8,CF458C61212,Li2O-1,LiNbO3,material_entity,material_entity,0.6879420280456543,3,3,3,3,2,6,2,6,0.3333333333333333,0,0,0,0.0,0.0,16,30,2,0.5,0.8756697127036541,9,1,1,1,1,0,0,0,0,0,0,2022,2023-2026,0,0.04912406225727046,0.009311651245371677,0.22159916926272066,0.3576427829698857,0.22866043613707165,0,825
C555F4672C1,CFE4361F368,configurational-entropy modulation,charge-carrier mobility,phase_or_species_transition,solid_state_mechanism,0.21574503183364868,7,43,7,43,4,36,4,36,0.1111111111111111,3,13,16,0.6666666666666666,1.6666666666666667,4,27,5,0.1111111111111111,1.488487043440113,301,1,1,0,0,0,1,0,0,0,0,2022,2023-2026,0,0.2805392234320316,0.005921378380712664,0.19210799584631358,0.4209345794392524,0.22658359293873315,0,826
C1FC9BD492E,CBF24CD6AF1,alloy/disorder phonon scattering,electronic-structure modulation,solid_state_mechanism,solid_state_mechanism,0.4040670692920685,5,74,5,74,4,147,4,147,0.027210884353741496,1,51,52,0.3333333333333333,5.0,22,29,4,0.05333333333333334,1.0694882568005033,370,1,1,1,0,0,1,0,0,0,0,2022,2023-2026,0,0.0066078387803982265,0.008212678163719895,0.1874350986500519,0.4371131879543095,0.22575285565939773,0,827
C6B56755D0B,CB727037BDD,Cu7PSe6,lattice thermal-conductivity suppression,material_entity,solid_state_mechanism,0.18208500742912292,8,37,8,37,4,54,4,54,0.07407407407407407,1,25,26,-0.3333333333333333,3.6666666666666665,8,18,7,0.18421052631578946,2.1238702423939055,296,1,1,0,0,1,0,0,0,0,0,2022,2023-2026,0,0.06479428673138012,0.004617833835828211,0.13800623052959501,0.5467082035306334,0.22533748701973,0,828
C5219F02F17,CB727037BDD,Zintl phase,lattice thermal-conductivity suppression,material_system,solid_state_mechanism,0.42377620935440063,17,37,17,37,23,54,23,54,0.42592592592592593,9,25,34,1.0,3.6666666666666665,19,18,7,0.14893617021276595,2.3605894511447136,629,1,1,0,0,1,0,0,0,0,0,2022,2023-2026,0,0.0420475997365524,0.003423772877737301,0.11121495327102804,0.6468120456905504,0.2249221183800623,0,829
C787F187281,CBF24CD6AF1,Ag2S,electronic-structure modulation,material_entity,solid_state_mechanism,0.26762211322784424,7,74,7,74,2,147,2,147,0.013605442176870748,0,51,51,-0.3333333333333333,5.0,22,29,6,0.08,1.6986979912897062,518,1,1,0,0,1,0,0,0,0,0,2022,2023-2026,0,0.0016085508075844798,0.006861452087164872,0.15223260643821393,0.5240498442367602,0.22471443406022842,0,830
C075A0D1B79,CA120BDE1A0,Sb2Te3,Bi2S3,material_entity,material_entity,0.4775148332118988,17,11,11,17,9,4,4,9,0.4444444444444444,1,1,2,-0.3333333333333333,-0.3333333333333333,12,12,8,0.4,2.7511224608984683,187,1,1,1,1,0,0,0,0,0,0,2022,2023-2026,0,0.0970034850577966,0.0025,0.11926272066458982,0.6209241952232607,0.22429906542056072,0,831
C45C8AAD12E,C9AFE334F36,charge-transfer resistance engineering,phonon scattering,electrode_interface,solid_state_mechanism,0.22336342930793762,39,49,39,49,20,49,20,49,0.40816326530612246,8,18,26,1.0,1.6666666666666667,28,29,10,0.1282051282051282,3.756184335024071,1911,1,1,0,0,0,1,8,0,8,0,2022,2023-2026,0,0.015520621154545873,0.0023758099352051837,0.08888888888888889,0.7009761163032191,0.2234683281412253,0,832
C555F4672C1,C9AFE334F36,configurational-entropy modulation,phonon scattering,phase_or_species_transition,solid_state_mechanism,0.22175271809101105,7,49,7,49,4,49,4,49,0.08163265306122448,3,18,21,0.6666666666666666,1.6666666666666667,4,29,5,0.09803921568627451,1.4974104579300898,343,1,1,0,0,0,1,0,0,0,0,2022,2023-2026,0,0.193916107091048,0.0058531965625308454,0.18400830737279333,0.4349948078920041,0.22305295950155762,0,833
CC3BA67827F,CFE4361F368,ionic-electronic coupling,charge-carrier mobility,transport_mechanism,solid_state_mechanism,0.5229207277297974,39,43,39,43,27,36,27,36,0.75,11,13,24,2.3333333333333335,1.6666666666666667,29,27,13,0.18840579710144928,3.747734280695661,1677,1,1,0,0,0,1,0,0,0,0,2022,2023-2026,0,0.022481013830109413,0.000982824427480916,0.05628245067497403,0.7964278296988577,0.22284527518172373,0,834
C9AFE334F36,CC9289BCDC3,phonon scattering,CuCrSe2,solid_state_mechanism,material_entity,0.19497767090797424,49,6,6,49,49,2,2,49,0.04081632653061224,18,0,18,1.6666666666666667,-0.6666666666666666,29,5,4,0.0784313725490196,1.5799842688757622,294,1,1,0,0,1,0,0,0,0,0,2022,2023-2026,0,0.04556227508224473,0.00811041651614572,0.20031152647975076,0.3861993769470405,0.22263759086188992,0,835
C962BA9CB74,CDCCAF92956,TeO2,Bi2O3,material_entity,material_entity,0.7509316205978394,21,7,7,21,6,2,2,6,0.3333333333333333,0,0,0,0.0,0.0,15,29,4,0.16666666666666666,1.3275529241734896,147,1,1,1,1,0,0,0,0,0,0,2022,2023-2026,0,0.028008718258399228,0.008073882101948163,0.19044652128764278,0.40863966770508825,0.22159916926272066,0,836
CB530564ED0,CB727037BDD,skutterudite,lattice thermal-conductivity suppression,material_system,solid_state_mechanism,0.4379909038543701,15,37,15,37,26,54,26,54,0.48148148148148145,4,25,29,0.6666666666666666,3.6666666666666665,21,18,9,0.20930232558139536,3.4068559293854266,555,1,1,0,0,1,0,0,0,0,0,2022,2023-2026,0,0.0370927133336805,0.0011263736263736263,0.06988577362409137,0.7386292834890966,0.21910695742471442,0,837
C5219F02F17,CFBCD9A3438,Zintl phase,Ba8Ga16Ge30,material_system,material_entity,0.2948126196861267,17,9,9,17,23,2,2,23,0.08695652173913043,9,0,9,1.0,0.0,19,19,5,0.23809523809523808,1.9573263195880717,153,1,1,0,1,0,0,0,0,0,0,2022,2023-2026,0,0.03486005142717727,0.005902037367231083,0.1529595015576324,0.4979023883696781,0.21889927310488055,0,838
C3D74C503D4,CBD5EA3A3DA,Bi2Te3,[Bi3I12],material_entity,material_entity,0.5905596613883972,37,6,6,37,24,2,2,24,0.08333333333333333,6,0,6,0.0,-0.3333333333333333,15,6,4,0.10256410256410256,2.0348438752423346,222,1,1,1,1,0,0,0,0,0,0,2022,2023-2026,0,0.04954301517602292,0.006829907163761817,0.1677050882658359,0.45633437175493247,0.21869158878504671,0,839
CB19ED8936D,CB727037BDD,MoS2,lattice thermal-conductivity suppression,material_entity,solid_state_mechanism,0.21743342280387878,6,37,6,37,2,54,2,54,0.037037037037037035,2,25,27,0.6666666666666666,3.6666666666666665,2,18,5,0.13157894736842105,1.8534206974779197,222,1,1,0,0,1,0,0,0,0,0,2022,2023-2026,0,0.16359752251966977,0.004671420174652933,0.15763239875389407,0.4717964693665627,0.21661474558670818,0,840
C44799FE290,CFE4361F368,defect engineering,charge-carrier mobility,solid_state_mechanism,solid_state_mechanism,0.333734929561615,22,43,22,43,13,36,13,36,0.3611111111111111,5,13,18,1.6666666666666667,1.6666666666666667,27,27,14,0.27450980392156865,5.190048697155766,946,1,1,1,0,0,1,0,0,0,0,2022,2023-2026,0,0.0466697230196195,0.0,0.04569055036344756,0.7947975077881619,0.21495327102803732,0,841
C3D74C503D4,CD9ECDD15B4,Bi2Te3,Sb2S3,material_entity,material_entity,0.4780903160572052,37,9,9,37,24,2,2,24,0.08333333333333333,6,0,6,0.0,-0.3333333333333333,15,12,8,0.21052631578947367,2.7890534694652,333,1,1,1,1,0,0,0,0,0,0,2022,2023-2026,0,0.02468832475899785,0.0033453744149124325,0.10051921079958462,0.6308203530633437,0.21474558670820348,0,842
C6775C55BEF,CFE4361F368,superionic transition,charge-carrier mobility,solid_state_mechanism,solid_state_mechanism,0.5307116508483887,14,43,14,43,15,36,15,36,0.4166666666666667,2,13,15,-0.6666666666666666,1.6666666666666667,18,27,12,0.26666666666666666,3.6729434766403553,602,1,1,1,0,0,1,0,0,0,0,2022,2023-2026,0,0.06662398785684016,0.0,0.052544132917964684,0.7653686396677051,0.2134994807892004,0,843
C3D74C503D4,C962BA9CB74,Bi2Te3,TeO2,material_entity,material_entity,0.4667665958404541,37,21,21,37,24,6,6,24,0.25,6,0,6,0.0,0.0,15,15,9,0.1836734693877551,3.205748379164765,777,1,1,1,1,0,0,0,0,0,0,2022,2023-2026,0,0.012198270385729387,0.0022332837889696496,0.07902388369678089,0.6782035306334372,0.21142263759086186,0,844
C6775C55BEF,CB727037BDD,superionic transition,lattice thermal-conductivity suppression,solid_state_mechanism,solid_state_mechanism,0.4016156792640686,14,37,14,37,15,54,15,54,0.2777777777777778,2,25,27,-0.6666666666666666,3.6666666666666665,18,18,9,0.21428571428571427,2.6464102032352903,518,1,1,1,0,0,1,0,0,0,0,2022,2023-2026,0,0.05369798434143329,0.0010954157782515992,0.07289719626168223,0.6956282450674973,0.21142263759086186,0,845
C6775C55BEF,CC9289BCDC3,superionic transition,CuCrSe2,solid_state_mechanism,material_entity,0.19256359338760376,14,6,6,14,15,2,2,15,0.13333333333333333,2,0,2,-0.6666666666666666,-0.6666666666666666,18,5,3,0.17647058823529413,0.899899631819439,84,1,1,0,0,1,0,0,0,0,0,2022,2023-2026,0,0.16541671811939887,0.009057579822163826,0.23468328141225336,0.27731048805815156,0.20955347871235722,0,846
CBFA1FD5D8A,CC3BA67827F,metal selenide,ionic-electronic coupling,material_system,transport_mechanism,0.12037789821624756,2,39,2,39,2,27,2,27,0.07407407407407407,1,11,12,0.0,2.3333333333333335,4,29,0,0.0,0.0,78,1,1,0,0,1,0,0,0,0,0,2022,2023-2026,0,0.10155198577083697,0.012647715035948269,0.27217030114226376,0.13058151609553478,0.2083073727933541,0,847
C3848258807,C6DD69CF62E,Al2O3,polyvinylpyrrolidone (PVP),material_entity,material_entity,0.3057330846786499,8,5,5,8,8,2,2,8,0.25,3,0,3,0.6666666666666666,-0.3333333333333333,27,7,1,0.08333333333333333,0.7213475204444817,40,1,1,1,1,0,0,0,1,1,0,2022,2023-2026,0,0.08773596216985007,0.01139548941044275,0.25534787123572167,0.2179231568016614,0.20809968847352026,0,848
C24DA40DB81,CBF24CD6AF1,Cu2S,electronic-structure modulation,material_entity,solid_state_mechanism,0.24798309803009033,6,74,6,74,3,147,3,147,0.02040816326530612,1,51,52,-0.3333333333333333,5.0,5,29,3,0.03896103896103896,0.870471813865123,444,1,1,0,0,1,0,0,0,0,0,2022,2023-2026,0,0.004759726424991133,0.009012064775236844,0.18785046728971963,0.37197300103842157,0.20664589823468327,0,849
C311C0E1A8F,CB02CED7099,SbCl3,carrier-concentration optimization,material_entity,solid_state_mechanism,0.18416814506053925,12,63,12,63,4,83,4,83,0.04819277108433735,1,28,29,0.0,2.6666666666666665,13,30,1,0.013513513513513514,0.3284587387530511,756,1,1,0,0,1,0,0,0,0,0,2022,2023-2026,0,0.006722039507634617,0.011265896278725136,0.22419522326064384,0.28470404984423675,0.20664589823468327,0,850
C7B3E023ED0,C9AFE334F36,Cu2Se,phonon scattering,material_entity,solid_state_mechanism,0.2398245930671692,18,49,18,49,17,49,17,49,0.3469387755102041,8,18,26,1.3333333333333333,1.6666666666666667,11,29,14,0.2641509433962264,4.538140459992513,882,1,1,0,0,1,0,0,0,0,0,2022,2023-2026,0,0.034918816469415234,0.0,0.04101765316718588,0.7703219106957425,0.20623052959501553,0,851
C075A0D1B79,CEF8C3FDF7F,Sb2Te3,Et2Sb,material_entity,material_entity,0.4913393259048462,17,4,4,17,9,2,2,9,0.2222222222222222,1,0,1,-0.3333333333333333,-0.3333333333333333,12,6,1,0.05,0.2769378934088574,68,1,1,1,1,0,0,0,0,0,0,2022,2023-2026,0,0.11432213328166865,0.01058771714897924,0.254932502596054,0.2087227414330218,0.205607476635514,0,852
C2378F90E64,C56C2053791,anharmonic phonon transport,Sr8Ga16Ge30,solid_state_mechanism,material_entity,0.1701449602842331,29,9,9,29,29,2,2,29,0.06896551724137931,16,0,16,2.6666666666666665,0.0,9,19,4,0.11764705882352941,1.6926974016297835,261,1,1,0,0,1,0,0,0,0,0,2022,2023-2026,0,0.18443558411487967,0.0056844199394500035,0.17580477673935618,0.40003115264797506,0.2051921079958463,0,853
CD515CCF7C2,CFE4361F368,polaron hopping,charge-carrier mobility,solid_state_mechanism,solid_state_mechanism,0.5967594385147095,18,43,18,43,18,36,18,36,0.5,2,13,15,-1.0,1.6666666666666667,27,27,12,0.24489795918367346,4.644100749016292,774,1,1,1,0,0,1,0,0,0,0,2022,2023-2026,0,0.0288391734711391,0.0,0.03925233644859813,0.7836863966770509,0.20456905503634473,0,854
C44799FE290,C9AFE334F36,defect engineering,phonon scattering,solid_state_mechanism,solid_state_mechanism,0.2983168065547943,22,49,22,49,13,49,13,49,0.2653061224489796,5,18,23,1.6666666666666667,1.6666666666666667,27,29,15,0.26785714285714285,4.998649179959917,1078,1,1,1,0,0,1,0,0,0,0,2022,2023-2026,0,0.023324322046037408,0.0,0.03613707165109034,0.8018587746625129,0.2045690550363447,0,855
C3DB4F04D16,CFE4361F368,rattling-mode phonon suppression,charge-carrier mobility,solid_state_mechanism,solid_state_mechanism,0.3210720419883728,20,43,20,43,22,36,22,36,0.6111111111111112,7,13,20,1.6666666666666667,1.6666666666666667,21,27,10,0.18867924528301888,3.3116667476487205,860,1,1,1,0,0,1,0,0,0,0,2022,2023-2026,0,0.07265482853679921,0.0,0.054413291796469365,0.7168847352024922,0.2045690550363447,0,856
C23B9BED21A,C9AFE334F36,ionic conduction,phonon scattering,transport_mechanism,solid_state_mechanism,0.39264750480651855,35,49,35,49,36,49,36,49,0.7346938775510204,9,18,27,0.6666666666666666,1.6666666666666667,30,29,16,0.23529411764705882,5.31236942773889,1715,1,1,0,0,0,1,2,0,2,0,2022,2023-2026,0,0.008426385098216162,0.0,0.029283489096573207,0.8328245067497403,0.20062305295950153,0,857
C6775C55BEF,C9AFE334F36,superionic transition,phonon scattering,solid_state_mechanism,solid_state_mechanism,0.46611887216567993,14,49,14,49,15,49,15,49,0.30612244897959184,2,18,20,-0.6666666666666666,1.6666666666666667,18,29,11,0.21153846153846154,3.380102919050635,686,1,1,1,0,0,1,0,0,0,0,2022,2023-2026,0,0.032349697210254484,0.0,0.04018691588785046,0.7496884735202491,0.2002076843198338,0,858
C44799FE290,CB02CED7099,defect engineering,carrier-concentration optimization,solid_state_mechanism,solid_state_mechanism,0.326070636510849,22,63,22,63,13,83,13,83,0.1566265060240964,5,28,33,1.6666666666666667,2.6666666666666665,27,30,17,0.25,5.621400725660934,1386,1,1,1,0,0,1,0,0,0,0,2022,2023-2026,0,0.008314447218450633,0.0,0.02917964693665628,0.8331464174454828,0.19999999999999996,0,859
C1233ADA4A4,C3D74C503D4,BF4,Bi2Te3,material_entity,material_entity,0.3842170238494873,4,37,4,37,5,24,5,24,0.20833333333333334,1,6,7,0.0,0.0,11,15,1,0.025,0.4170323914242463,148,1,1,1,1,0,0,0,0,0,0,2022,2023-2026,0,0.07786949093404133,0.0101757307169025,0.23956386292834891,0.22904465212876426,0.19979231568016614,0,860
C5219F02F17,C9AFE334F36,Zintl phase,phonon scattering,material_system,solid_state_mechanism,0.43066826462745667,17,49,17,49,23,49,23,49,0.46938775510204084,9,18,27,1.0,1.6666666666666667,19,29,11,0.2,3.6481897062407738,833,1,1,0,0,1,0,0,0,0,0,2022,2023-2026,0,0.024621424264750162,0.0,0.03686396677050882,0.7644444444444444,0.1989615784008307,0,861
C4CEC954E12,CC3BA67827F,platinum electrode,ionic-electronic coupling,material_entity,transport_mechanism,0.18556618690490723,22,39,22,39,9,27,9,27,0.3333333333333333,1,11,12,-0.3333333333333333,2.3333333333333335,26,29,6,0.10909090909090909,2.1218098060548534,858,1,1,0,0,1,0,6,0,6,0,2022,2023-2026,0,0.018134535987737822,0.004833212990434326,0.1273104880581516,0.5041952232606438,0.19771547248182758,0,862
C9FB1DC4D4B,CF4442F676E,Ca3Co4O9,[CoO2],material_entity,material_entity,0.6892703771591187,6,5,5,6,7,2,2,7,0.2857142857142857,0,0,0,-0.3333333333333333,0.0,16,13,2,0.2222222222222222,0.5542248344721257,30,1,1,1,1,0,0,0,0,0,0,2022,2023-2026,0,0.10826652353659778,0.006983426862972415,0.20010384215991692,0.3168328141225337,0.19730010384215993,0,863
C3DB4F04D16,CB02CED7099,rattling-mode phonon suppression,carrier-concentration optimization,solid_state_mechanism,solid_state_mechanism,0.2980439364910126,20,63,20,63,22,83,22,83,0.26506024096385544,7,28,35,1.6666666666666667,2.6666666666666665,21,30,13,0.18571428571428572,4.737253620076469,1260,1,1,1,0,0,1,0,0,0,0,2022,2023-2026,0,0.012290275961994744,0.0,0.03146417445482866,0.7863655244029075,0.19730010384215987,0,864
C38C7EC2077,CFE4361F368,ethylene glycol,charge-carrier mobility,material_entity,solid_state_mechanism,0.1411927193403244,22,43,22,43,12,36,12,36,0.3333333333333333,4,13,17,0.6666666666666666,1.6666666666666667,20,27,8,0.14035087719298245,2.3578711122599043,946,1,1,0,0,1,0,0,0,0,0,2022,2023-2026,0,0.012382331876751767,0.0035377417533870013,0.10643821391484944,0.5642782969885773,0.1964693665628245,0,865
CB02CED7099,CC3BA67827F,carrier-concentration optimization,ionic-electronic coupling,solid_state_mechanism,transport_mechanism,0.4413222670555115,63,39,39,63,83,27,27,83,0.3253012048192771,28,11,39,2.6666666666666665,2.3333333333333335,30,29,17,0.2,5.160708359746208,2457,1,1,0,0,0,1,0,0,0,0,2022,2023-2026,0,0.0013098237426781342,0.0,0.022741433021806853,0.8468535825545171,0.1958463136033229,0,866
C45C8AAD12E,CB02CED7099,charge-transfer resistance engineering,carrier-concentration optimization,electrode_interface,solid_state_mechanism,0.35946476459503174,39,63,39,63,20,83,20,83,0.24096385542168675,8,28,36,1.0,2.6666666666666665,28,30,16,0.18604651162790697,5.274804264141665,2457,1,1,0,0,0,1,8,0,8,0,2022,2023-2026,0,0.005495043728547745,0.0,0.02782969885773624,0.825368639667705,0.19563862928348905,0,867
C2276A75659,CBF24CD6AF1,SrTiO3,electronic-structure modulation,material_entity,solid_state_mechanism,0.2889443039894104,7,74,7,74,9,147,9,147,0.061224489795918366,2,51,53,0.0,5.0,17,29,4,0.05194805194805195,1.0761625407868651,518,1,1,0,0,1,0,0,0,0,0,2022,2023-2026,0,0.00224512268111784,0.006861452087164872,0.15327102803738318,0.42935617860851505,0.19543094496365523,0,868
C5DEA4DF37C,CB727037BDD,Zn4Sb3,lattice thermal-conductivity suppression,material_entity,solid_state_mechanism,0.22863395512104034,8,37,8,37,5,54,5,54,0.09259259259259259,4,25,29,1.0,3.6666666666666665,5,18,4,0.0975609756097561,1.0935890143333364,296,1,1,0,0,1,0,0,0,0,0,2022,2023-2026,0,0.13236632316155833,0.005461899744913616,0.16033229491173415,0.3925233644859813,0.19314641744548283,0,869
C0BF9EEDC2F,CBF24CD6AF1,Bi4V2O11,electronic-structure modulation,material_entity,solid_state_mechanism,0.26170480251312256,3,74,3,74,2,147,2,147,0.013605442176870748,1,51,52,0.3333333333333333,5.0,29,29,2,0.02666666666666667,0.8173114179120299,222,1,1,0,0,1,0,0,0,0,0,2022,2023-2026,0,0.002057836983780509,0.009079158138643515,0.19023883696780894,0.3259916926272066,0.19231568016614747,0,870
C44799FE290,C5219F02F17,defect engineering,Zintl phase,solid_state_mechanism,material_system,0.2656325101852417,22,17,17,22,13,23,13,23,0.5652173913043478,5,9,14,1.6666666666666667,1.0,27,19,5,0.14705882352941177,1.4774217357061077,374,1,1,0,0,1,0,0,0,0,0,2022,2023-2026,0,0.060798068566336606,0.004591214358004048,0.13385254413291794,0.4621703011422637,0.19231568016614742,0,871
C3D74C503D4,CF4A97515AC,Bi2Te3,gold electrode,material_entity,material_entity,0.4069754481315613,37,3,3,37,24,3,3,24,0.125,6,1,7,0.0,0.0,15,7,0,0.0,0.0,111,1,1,1,1,0,0,0,0,0,0,2022,2023-2026,0,0.034470453666746656,0.011172228605697635,0.23499480789200416,0.2008515057113188,0.1921079958463136,0,872
C6775C55BEF,CB02CED7099,superionic transition,carrier-concentration optimization,solid_state_mechanism,solid_state_mechanism,0.389302134513855,14,63,14,63,15,83,15,83,0.18072289156626506,2,28,30,-0.6666666666666666,2.6666666666666665,18,30,12,0.18461538461538463,3.6974529240059324,882,1,1,1,0,0,1,0,0,0,0,2022,2023-2026,0,0.010313584366169441,0.0,0.030218068535825544,0.7638110072689511,0.1910695742471443,0,873
C1C16C462DE,CCFD9A81EEE,B2O3,solid electrolyte,material_entity,material_system,0.2624020576477051,3,11,3,11,5,8,5,8,0.625,0,3,3,0.0,0.6666666666666666,26,25,0,0.0,0.0,33,1,1,0,1,0,0,0,1,1,0,2022,2023-2026,0,0.03573021242012499,0.011880107908532672,0.24880581516095532,0.14156801661474558,0.19065420560747665,0,874
C3DB4F04D16,CFE5351761E,rattling-mode phonon suppression,thermoelectric alloy,solid_state_mechanism,material_system,0.26384952664375305,20,3,3,20,22,3,3,22,0.13636363636363635,7,2,9,1.6666666666666667,0.6666666666666666,21,21,2,0.09523809523809523,0.5539233755582454,60,1,1,0,0,1,0,0,0,0,0,2022,2023-2026,0,0.09177595799965277,0.009016445521680242,0.22056074766355138,0.24176531671858775,0.19023883696780894,0,875
CCFD9A81EEE,CFE4361F368,solid electrolyte,charge-carrier mobility,material_system,solid_state_mechanism,0.38923346996307373,11,43,11,43,8,36,8,36,0.2222222222222222,3,13,16,0.6666666666666666,1.6666666666666667,25,27,2,0.038461538461538464,0.627242670323922,473,1,1,0,0,1,0,1,0,1,0,2022,2023-2026,0,0.033557529212796006,0.007965345161072506,0.18712357217030115,0.33352024922118373,0.1898234683281412,0,876
C5219F02F17,CFE4361F368,Zintl phase,charge-carrier mobility,material_system,solid_state_mechanism,0.2749703526496887,17,43,17,43,23,36,23,36,0.6388888888888888,9,13,22,1.0,1.6666666666666667,19,27,9,0.17647058823529413,3.416517732471873,731,1,1,0,0,1,0,0,0,0,0,2022,2023-2026,0,0.03933759026963025,0.0,0.0430944963655244,0.6938213914849429,0.1894080996884735,0,877
C9FB1DC4D4B,CBF24CD6AF1,Ca3Co4O9,electronic-structure modulation,material_entity,solid_state_mechanism,0.26262354850769043,6,74,6,74,7,147,7,147,0.047619047619047616,0,51,51,-0.3333333333333333,5.0,16,29,4,0.05263157894736842,1.0947296413005771,444,1,1,0,0,1,0,0,0,0,0,2022,2023-2026,0,0.0022081238730819264,0.006861452087164872,0.15316718587746628,0.4164797507788162,0.1894080996884735,0,878
C5B8C057FAD,CB02CED7099,metal oxide,carrier-concentration optimization,material_system,solid_state_mechanism,0.16388581693172455,13,63,13,63,9,83,9,83,0.10843373493975904,4,28,32,1.0,2.6666666666666665,21,30,9,0.13432835820895522,3.4596565471985428,819,1,1,0,0,1,0,2,0,2,0,2022,2023-2026,0,0.010496405933641671,0.0011079849946409432,0.05742471443406023,0.654153686396677,0.1894080996884735,0,879
C7342726E8E,CBF24CD6AF1,Mg2Si,electronic-structure modulation,material_entity,solid_state_mechanism,0.2334480881690979,4,74,4,74,7,147,7,147,0.047619047619047616,2,51,53,0.3333333333333333,5.0,10,29,3,0.04,0.9648049658008068,296,1,1,0,0,1,0,0,0,0,0,2022,2023-2026,0,0.00539052591861155,0.00793049726170286,0.17191069574247145,0.35966770508826584,0.18920041536863966,0,880
C7B3E023ED0,CFE4361F368,Cu2Se,charge-carrier mobility,material_entity,solid_state_mechanism,0.2110835611820221,18,43,18,43,17,36,17,36,0.4722222222222222,8,13,21,1.3333333333333333,1.6666666666666667,11,27,10,0.19607843137254902,2.8420363304387086,774,1,1,0,0,1,0,0,0,0,0,2022,2023-2026,0,0.0541469975859435,0.0,0.048701973001038415,0.6654932502596054,0.1889927310488058,0,881
C5A69E4FCAA,CCC7004384F,Ag2O,MoO3,material_entity,material_entity,0.6737709045410156,9,2,2,9,6,2,2,6,0.3333333333333333,0,0,0,0.0,0.0,26,20,1,0.1,0.30341307554227914,18,1,1,1,1,0,0,1,0,1,0,2022,2023-2026,0,0.047666257538211694,0.009189335074492733,0.21723779854620975,0.23022845275181722,0.18546209761163032,0,882
C8F80602F04,CBF24CD6AF1,In2O3,electronic-structure modulation,material_entity,solid_state_mechanism,0.30478933453559875,1,74,1,74,2,147,2,147,0.013605442176870748,1,51,52,0.3333333333333333,5.0,24,29,0,0.0,0.0,74,1,1,0,0,1,0,0,0,0,0,2022,2023-2026,0,0.00347702262037016,0.010385045926501637,0.2138110072689512,0.2429698857736241,0.1842159916926272,0,883
C2378F90E64,CFBCD9A3438,anharmonic phonon transport,Ba8Ga16Ge30,solid_state_mechanism,material_entity,0.1835782378911972,29,9,9,29,29,2,2,29,0.06896551724137931,16,0,16,2.6666666666666665,0.0,9,19,4,0.11764705882352941,1.6926974016297835,261,1,1,0,0,1,0,0,0,0,0,2022,2023-2026,0,0.18727858195847527,0.00452674948490455,0.15254413291796468,0.404018691588785,0.18400830737279333,0,884
C7B3E023ED0,CB02CED7099,Cu2Se,carrier-concentration optimization,material_entity,solid_state_mechanism,0.23164144158363342,18,63,18,63,17,83,17,83,0.20481927710843373,8,28,36,1.3333333333333333,2.6666666666666665,11,30,12,0.17391304347826086,3.4375052397656187,1134,1,1,0,0,1,0,0,0,0,0,2022,2023-2026,0,0.010063100296837072,0.0,0.030114226375908618,0.7344652128764279,0.1840083073727933,0,885
C3D74C503D4,CFE4361F368,Bi2Te3,charge-carrier mobility,material_entity,solid_state_mechanism,0.2946896553039551,37,43,37,43,24,36,24,36,0.6666666666666666,6,13,19,0.0,1.6666666666666667,15,27,8,0.1111111111111111,2.2553579782319533,1591,1,1,0,0,1,0,0,0,0,0,2022,2023-2026,0,0.00444454116702894,0.0011761363636363636,0.06266874350986501,0.618307372793354,0.1819314641744548,0,886
C9AFE334F36,CB530564ED0,phonon scattering,skutterudite,solid_state_mechanism,material_system,0.43820202350616455,49,15,15,49,49,26,26,49,0.5306122448979592,18,4,22,1.6666666666666667,0.6666666666666666,29,21,9,0.16363636363636364,3.1315150067623354,735,1,1,0,0,1,0,0,0,0,0,2022,2023-2026,0,0.012396291390557484,0.0,0.03177570093457944,0.7072170301142263,0.1804776739356178,0,887
C3D74C503D4,CB02CED7099,Bi2Te3,carrier-concentration optimization,material_entity,solid_state_mechanism,0.2576659917831421,37,63,37,63,24,83,24,83,0.2891566265060241,6,28,34,0.0,2.6666666666666665,15,30,13,0.14942528735632185,3.9580540300732214,2331,1,1,0,0,1,0,0,0,0,0,2022,2023-2026,0,0.0005460128394398379,0.0,0.021391484942886813,0.7570924195223261,0.1792315680166147,0,888
C7977C03A03,CBF24CD6AF1,BaTiO3,electronic-structure modulation,material_entity,solid_state_mechanism,0.3058359622955322,3,74,3,74,2,147,2,147,0.013605442176870748,0,51,51,0.0,5.0,20,29,2,0.02666666666666667,0.6899908118336437,222,1,1,0,0,1,0,0,0,0,0,2022,2023-2026,0,0.0031943872162520743,0.007977043485014334,0.17310488058151607,0.330404984423676,0.17881619937694704,0,889
C399CA6EBBF,CBF24CD6AF1,NbO2,electronic-structure modulation,material_entity,solid_state_mechanism,0.2697812616825104,4,74,4,74,2,147,2,147,0.013605442176870748,0,51,51,-0.3333333333333333,5.0,7,29,3,0.04,0.8690569075126772,296,1,1,0,0,1,0,0,0,0,0,2022,2023-2026,0,0.005379475560557025,0.006861452087164872,0.15638629283489097,0.3637383177570094,0.17840083073727933,0,890
C3D74C503D4,CF00FA35255,Bi2Te3,HNO3,material_entity,material_entity,0.3836890161037445,37,7,7,37,24,2,2,24,0.08333333333333333,6,0,6,0.0,0.0,15,15,6,0.15789473684210525,2.193651019799912,259,1,1,1,1,0,0,0,0,0,0,2022,2023-2026,0,0.01749092016399974,0.0033171677640810786,0.09615784008307374,0.524527518172378,0.1775700934579439,0,891
C68E4B8C8BC,CB727037BDD,Ti2O7,lattice thermal-conductivity suppression,material_entity,solid_state_mechanism,0.1872735321521759,2,37,2,37,2,54,2,54,0.037037037037037035,1,25,26,0.3333333333333333,3.6666666666666665,8,18,1,0.02631578947368421,0.25694917118487537,74,1,1,0,0,1,0,0,0,0,0,2022,2023-2026,0,0.11554968800735743,0.008100098806783933,0.21609553478712357,0.19832814122533748,0.1769470404984424,0,892
C5219F02F17,CB02CED7099,Zintl phase,carrier-concentration optimization,material_system,solid_state_mechanism,0.2335139364004135,17,63,17,63,23,83,23,83,0.27710843373493976,9,28,37,1.0,2.6666666666666665,19,30,11,0.15942028985507245,3.539748641997903,1071,1,1,0,0,1,0,0,0,0,0,2022,2023-2026,0,0.005655019884649154,0.0,0.027933541017653166,0.7226272066458982,0.17590861889927306,0,893
C527F5CBB4C,CBF24CD6AF1,CaPd3Ti4O12,electronic-structure modulation,material_entity,solid_state_mechanism,0.26130440831184387,2,74,2,74,2,147,2,147,0.013605442176870748,1,51,52,0.0,5.0,3,29,1,0.013333333333333334,1.4426950408889634,148,1,1,0,0,1,0,0,0,0,0,2022,2023-2026,0,0.010802779298287489,0.006861452087164872,0.1596053997923157,0.3405711318795431,0.17383177570093455,0,894
C9AFE334F36,CC3BA67827F,phonon scattering,ionic-electronic coupling,solid_state_mechanism,transport_mechanism,0.4104752242565155,49,39,39,49,49,27,27,49,0.5510204081632653,18,11,29,1.6666666666666667,2.3333333333333335,29,29,10,0.1282051282051282,2.9276444878670453,1911,1,1,0,0,0,1,0,0,0,0,2022,2023-2026,0,0.004305658094884578,0.0,0.0264797507788162,0.7240498442367601,0.17383177570093453,0,895
C6B56755D0B,C9AFE334F36,Cu7PSe6,phonon scattering,material_entity,solid_state_mechanism,0.22274178266525269,8,49,8,49,4,49,4,49,0.08163265306122448,1,18,19,-0.3333333333333333,1.6666666666666667,8,29,7,0.14,2.1438589646178876,392,1,1,0,0,1,0,0,0,0,0,2022,2023-2026,0,0.03618176103153116,0.0022290351345295107,0.08790238836967808,0.543447559709242,0.17341640706126685,0,896
CADCC57C7F1,CB02CED7099,SnSe,carrier-concentration optimization,material_entity,solid_state_mechanism,0.25372570753097534,15,63,15,63,11,83,11,83,0.13253012048192772,5,28,33,0.6666666666666666,2.6666666666666665,7,30,7,0.09859154929577464,2.147041292625604,945,1,1,0,0,1,0,0,0,0,0,2022,2023-2026,0,0.012323163952209688,0.001161931818181818,0.06334371754932502,0.58398753894081,0.17320872274143298,0,897
C3A804F9865,C44799FE290,Cu2O,defect engineering,material_entity,solid_state_mechanism,0.2716867923736572,4,22,4,22,2,13,2,13,0.15384615384615385,0,5,5,0.0,1.6666666666666667,27,27,1,0.04,0.265872585674852,88,1,1,0,0,1,0,0,0,0,0,2022,2023-2026,0,0.0419860860573415,0.009131269217099941,0.21298026998961578,0.18369678089304256,0.17217030114226375,0,898
CB39303D43C,CBF24CD6AF1,CaPd3V4O12,electronic-structure modulation,material_entity,solid_state_mechanism,0.2503206729888916,2,74,2,74,2,147,2,147,0.013605442176870748,1,51,52,0.0,5.0,3,29,1,0.013333333333333334,1.4426950408889634,148,1,1,0,0,1,0,0,0,0,0,2022,2023-2026,0,0.01063983843873488,0.006861452087164872,0.15939771547248185,0.3363343717549325,0.1715472481827622,0,899
C2F611E9EEA,CB02CED7099,clathrate,carrier-concentration optimization,material_system,solid_state_mechanism,0.21196575462818146,13,63,13,63,11,83,11,83,0.13253012048192772,0,28,28,-0.3333333333333333,2.6666666666666665,19,30,8,0.11764705882352941,2.3939060081926056,819,1,1,0,0,1,0,1,0,1,0,2022,2023-2026,0,0.0046999113322918635,0.001161931818181818,0.058774662512980275,0.5955555555555555,0.17071651090342677,0,900
C6B56755D0B,CB02CED7099,Cu7PSe6,carrier-concentration optimization,material_entity,solid_state_mechanism,0.19537492096424103,8,63,8,63,4,83,4,83,0.04819277108433735,1,28,29,-0.3333333333333333,2.6666666666666665,8,30,7,0.109375,2.159444997493488,504,1,1,0,0,1,0,0,0,0,0,2022,2023-2026,0,0.01447796041676827,0.0022290351345295107,0.07855659397715471,0.543177570093458,0.16905503634475594,0,901
CF10FA3299B,CFE4361F368,V2O5,charge-carrier mobility,material_entity,solid_state_mechanism,0.1951122283935547,12,43,12,43,4,36,4,36,0.1111111111111111,1,13,14,0.0,1.6666666666666667,11,27,7,0.14583333333333334,2.5273842553566395,516,1,1,0,0,1,0,0,0,0,0,2022,2023-2026,0,0.03893154432265131,0.0010929179978700744,0.06625129802699896,0.5536033229491172,0.16552440290758047,0,902
C9AFE334F36,CB40B685934,phonon scattering,CuCr1,solid_state_mechanism,material_entity,0.18249410390853882,49,6,6,49,49,2,2,49,0.04081632653061224,18,1,19,1.6666666666666667,0.3333333333333333,29,11,5,0.1,1.7066547231974092,294,1,1,0,0,1,0,0,0,0,0,2022,2023-2026,0,0.02758373738642925,0.0046123912944162305,0.12398753894080997,0.42933541017653165,0.1653167185877466,0,903
C23B9BED21A,C787F187281,ionic conduction,Ag2S,transport_mechanism,material_entity,0.23353703320026398,35,7,7,35,36,2,2,36,0.05555555555555555,9,0,9,0.6666666666666666,-0.3333333333333333,30,22,6,0.16666666666666666,1.6497700708010954,245,1,1,0,0,1,0,2,0,2,0,2022,2023-2026,0,0.018095821756200448,0.0035729944530786045,0.11038421599169262,0.46282450674974035,0.16510903426791274,0,904
C075A0D1B79,CB02CED7099,Sb2Te3,carrier-concentration optimization,material_entity,solid_state_mechanism,0.24765411019325256,17,63,17,63,9,83,9,83,0.10843373493975904,1,28,29,-0.3333333333333333,2.6666666666666665,12,30,7,0.0958904109589041,1.9121673240270458,1071,1,1,0,0,1,0,0,0,0,0,2022,2023-2026,0,0.004250234492076508,0.0011761363636363636,0.06235721703011423,0.5624922118380062,0.16469366562824506,0,905
C3DB4F04D16,C56C2053791,rattling-mode phonon suppression,Sr8Ga16Ge30,solid_state_mechanism,material_entity,0.11569288372993469,20,9,9,20,22,2,2,22,0.09090909090909091,7,0,7,1.6666666666666667,0.0,21,19,4,0.16,1.6558634053078196,180,1,1,0,0,1,0,0,0,0,0,2022,2023-2026,0,0.07847068265899522,0.004711778768614591,0.14631360332294913,0.35649013499480786,0.16448598130841122,0,906
CB530564ED0,CFE4361F368,skutterudite,charge-carrier mobility,material_system,solid_state_mechanism,0.24908128380775452,15,43,15,43,26,36,26,36,0.7222222222222222,4,13,17,0.6666666666666666,1.6666666666666667,21,27,8,0.16,2.7965863025598203,645,1,1,0,0,1,0,0,0,0,0,2022,2023-2026,0,0.02906841262778019,0.0,0.03935617860851505,0.6243406022845275,0.16427829698857732,0,907
C3D74C503D4,CEF8C3FDF7F,Bi2Te3,Et2Sb,material_entity,material_entity,0.4884565472602844,37,4,4,37,24,2,2,24,0.08333333333333333,6,0,6,0.0,-0.3333333333333333,15,6,3,0.07894736842105263,1.4691773769672556,148,1,1,1,1,0,0,0,0,0,0,2022,2023-2026,0,0.044956059214080385,0.00554389791128283,0.14195223260643822,0.3595430944963655,0.16240913811007268,0,908
C4E69B706AD,CF4442F676E,CoO3,[CoO2],material_entity,material_entity,0.8957181572914124,2,5,2,5,2,2,2,2,1.0,0,0,0,0.0,0.0,22,13,1,0.16666666666666666,0.25694917118487537,10,1,1,1,1,0,0,0,0,0,0,2022,2023-2026,0,0.320596377992993,0.005509769876475032,0.17694704049844234,0.2664901349948079,0.16220145379023884,0,909
C90CB9C3175,CB727037BDD,half-Heusler alloy,lattice thermal-conductivity suppression,material_system,solid_state_mechanism,0.37412285804748535,7,37,7,37,11,54,11,54,0.2037037037037037,3,25,28,0.0,3.6666666666666665,16,18,5,0.1282051282051282,1.477385747367461,259,1,1,0,0,1,0,0,0,0,0,2022,2023-2026,0,0.0613526467273767,0.0012012987012987014,0.09080996884735201,0.48870197300103835,0.1609553478712357,0,910
C43C91C4A3E,CB727037BDD,Mg3Sb2,lattice thermal-conductivity suppression,material_entity,solid_state_mechanism,0.1756705641746521,8,37,8,37,5,54,5,54,0.09259259259259259,1,25,26,-1.0,3.6666666666666665,5,18,6,0.15384615384615385,1.8303778595708688,296,1,1,0,0,1,0,0,0,0,0,2022,2023-2026,0,0.05666261672956035,0.0012012987012987014,0.08956386292834889,0.4949013499480789,0.160539979231568,0,911
C5E1580F832,CB02CED7099,CoSb3,carrier-concentration optimization,material_entity,solid_state_mechanism,0.20413683354854584,8,63,8,63,7,83,7,83,0.08433734939759036,1,28,29,0.3333333333333333,2.6666666666666665,21,30,6,0.09230769230769231,2.008192289688685,504,1,1,0,0,1,0,0,0,0,0,2022,2023-2026,0,0.008169033598295048,0.002164460952789587,0.07300103842159916,0.5130529595015576,0.15597092419522324,0,912
C3DB4F04D16,CFBCD9A3438,rattling-mode phonon suppression,Ba8Ga16Ge30,solid_state_mechanism,material_entity,0.13176825642585754,20,9,9,20,22,2,2,22,0.09090909090909091,7,0,7,1.6666666666666667,0.0,21,19,4,0.16,1.6558634053078196,180,1,1,0,0,1,0,0,0,0,0,2022,2023-2026,0,0.08011209136902278,0.003541324223160045,0.13187954309449634,0.36060228452751814,0.1557632398753894,0,913
C5DEA4DF37C,CB02CED7099,Zn4Sb3,carrier-concentration optimization,material_entity,solid_state_mechanism,0.20544548332691193,8,63,8,63,5,83,5,83,0.060240963855421686,4,28,32,1.0,2.6666666666666665,5,30,6,0.09230769230769231,1.6633114464065404,504,1,1,0,0,1,0,0,0,0,0,2022,2023-2026,0,0.03151111861055153,0.00217383658008658,0.08483904465212877,0.49032191069574244,0.15368639667705086,0,914
C787F187281,CB727037BDD,Ag2S,lattice thermal-conductivity suppression,material_entity,solid_state_mechanism,0.12588605284690857,7,37,7,37,2,54,2,54,0.037037037037037035,0,25,25,-0.3333333333333333,3.6666666666666665,22,18,6,0.15789473684210525,1.6540985914549662,259,1,1,0,0,1,0,0,0,0,0,2022,2023-2026,0,0.026521193301003713,0.0022779255319148937,0.08982346832814123,0.459896157840083,0.14932502596053995,0,915
C962BA9CB74,CB02CED7099,TeO2,carrier-concentration optimization,material_entity,solid_state_mechanism,0.22703060507774353,21,63,21,63,6,83,6,83,0.07228915662650602,0,28,28,0.0,2.6666666666666665,15,30,8,0.10526315789473684,2.7494540032487658,1323,1,1,0,0,1,0,0,0,0,0,2022,2023-2026,0,0.002838319301052831,0.0,0.024818276220145378,0.6292627206645899,0.14662512980269987,0,916
CA026FEDF4D,CBF24CD6AF1,CoO2,electronic-structure modulation,material_entity,solid_state_mechanism,0.2882862091064453,3,74,3,74,5,147,5,147,0.034013605442176874,0,51,51,0.0,5.0,16,29,0,0.0,0.0,222,1,1,0,0,1,0,0,0,0,0,2022,2023-2026,0,0.0035231505696854525,0.006861452087164872,0.15503634475597095,0.269190031152648,0.1462097611630322,0,917
C38C7EC2077,CC3BA67827F,ethylene glycol,ionic-electronic coupling,material_entity,transport_mechanism,0.14002814888954163,22,39,22,39,12,27,12,27,0.4444444444444444,4,11,15,0.6666666666666666,2.3333333333333335,20,29,7,0.12962962962962962,1.9279767765212426,858,1,1,0,0,1,0,0,0,0,0,2022,2023-2026,0,0.014597456474241214,0.0011420454545454546,0.06137071651090343,0.5088577362409138,0.1455867082035306,0,918
CB02CED7099,CD2F5C2DDDC,carrier-concentration optimization,TiO3,solid_state_mechanism,material_entity,0.18164488673210144,63,4,4,63,83,5,5,83,0.060240963855421686,28,1,29,2.6666666666666665,0.0,30,19,3,0.046875,0.788221842737775,252,1,1,0,0,1,0,0,0,0,0,2022,2023-2026,0,0.006359390483797994,0.006498350505504193,0.14236760124610592,0.3055763239875389,0.14288681204569054,0,919
C79788A0653,CBF24CD6AF1,Cu3SbSe4,electronic-structure modulation,material_entity,solid_state_mechanism,0.2517380714416504,2,74,2,74,3,147,3,147,0.02040816326530612,0,51,51,0.0,5.0,10,29,1,0.013333333333333334,0.24136313830927508,148,1,1,0,0,1,0,0,0,0,0,2022,2023-2026,0,0.005807498361038138,0.006861452087164872,0.15721703011422639,0.25538940809968846,0.1426791277258567,0,920
C90CB9C3175,C9AFE334F36,half-Heusler alloy,phonon scattering,material_system,solid_state_mechanism,0.37665873765945435,7,49,7,49,11,49,11,49,0.22448979591836735,3,18,21,0.0,1.6666666666666667,16,29,6,0.12,1.887245714842723,343,1,1,0,0,1,0,0,0,0,0,2022,2023-2026,0,0.03480878165289396,0.0,0.04070612668743509,0.536552440290758,0.1383177570093458,0,921
CA62C8F275F,CB727037BDD,Co4Sb12,lattice thermal-conductivity suppression,material_entity,solid_state_mechanism,0.1632421314716339,5,37,5,37,3,54,3,54,0.05555555555555555,1,25,26,0.3333333333333333,3.6666666666666665,11,18,4,0.10526315789473684,1.2103132977483162,185,1,1,0,0,1,0,0,0,0,0,2022,2023-2026,0,0.08110836324387834,0.0024512987012987016,0.1142263759086189,0.35892004153686397,0.13457943925233642,0,922
C9AFE334F36,CD2F5C2DDDC,phonon scattering,TiO3,solid_state_mechanism,material_entity,0.18573199212551117,49,4,4,49,49,5,5,49,0.10204081632653061,18,1,19,1.6666666666666667,0.0,29,19,3,0.06,0.7726358098621747,196,1,1,0,0,1,0,0,0,0,0,2022,2023-2026,0,0.01486270307600175,0.0057313379666274564,0.13727933541017653,0.28341640706126686,0.13395638629283488,0,923
C2AB2ABA9A6,CFE4361F368,dimethyl sulfoxide (DMSO),charge-carrier mobility,material_entity,solid_state_mechanism,0.12482345104217529,12,43,12,43,7,36,7,36,0.19444444444444445,1,13,14,-1.3333333333333333,1.6666666666666667,9,27,5,0.1,1.3761045233437164,516,1,1,0,0,1,0,1,0,1,0,2022,2023-2026,0,0.025062883620788796,0.0023504273504273503,0.0925233644859813,0.39076843198338523,0.13042575285565938,0,924
C2378F90E64,CC9289BCDC3,anharmonic phonon transport,CuCrSe2,solid_state_mechanism,material_entity,0.1702437847852707,29,6,6,29,29,2,2,29,0.06896551724137931,16,0,16,2.6666666666666665,-0.6666666666666666,9,5,3,0.09375,0.9818486091360201,174,1,1,0,0,1,0,0,0,0,0,2022,2023-2026,0,0.4382453748636047,0.001211943793911007,0.13115264797507786,0.2935825545171339,0.12938733125649013,0,925
C3D74C503D4,C6E1ADCF1C9,Bi2Te3,Et3Si,material_entity,material_entity,0.4342608153820038,37,6,6,37,24,2,2,24,0.08333333333333333,6,0,6,0.0,-0.3333333333333333,15,6,4,0.10256410256410256,2.0348438752423346,222,1,1,1,1,0,0,0,0,0,0,2022,2023-2026,0,0.040205500087699735,0.0011004273504273505,0.06853582554517133,0.445742471443406,0.12710280373831773,0,926
C5DEA4DF37C,CC3BA67827F,Zn4Sb3,ionic-electronic coupling,material_entity,transport_mechanism,0.1709701120853424,8,39,8,39,5,27,5,27,0.18518518518518517,4,11,15,1.0,2.3333333333333335,5,29,5,0.11904761904761904,1.5544102037978202,312,1,1,0,0,1,0,0,0,0,0,2022,2023-2026,0,0.12117374245212136,0.0010560796645702306,0.08639667705088265,0.41225337487019725,0.12523364485981306,0,927
C9AFE334F36,CF4442F676E,phonon scattering,[CoO2],solid_state_mechanism,material_entity,0.21531319618225098,49,5,5,49,49,2,2,49,0.04081632653061224,18,0,18,1.6666666666666667,0.0,29,13,3,0.058823529411764705,1.996919875361089,245,1,1,0,0,1,0,0,0,0,0,2022,2023-2026,0,0.02685852764366521,0.0022458263187429854,0.08920041536863967,0.39420560747663547,0.12502596053997922,0,928
C4CEC954E12,CDCCAF92956,platinum electrode,Bi2O3,material_entity,material_entity,0.38610348105430603,22,7,7,22,9,2,2,9,0.2222222222222222,1,0,1,-0.3333333333333333,0.0,26,29,4,0.16,1.332496209777868,154,1,1,1,1,0,0,6,0,6,0,2022,2023-2026,0,0.017114697590934383,0.0024195935462380707,0.09023883696780893,0.3848909657320872,0.12398753894080995,0,929
C6B56755D0B,CFE4361F368,Cu7PSe6,charge-carrier mobility,material_entity,solid_state_mechanism,0.16493253409862518,8,43,8,43,4,36,4,36,0.1111111111111111,1,13,14,-0.3333333333333333,1.6666666666666667,8,27,6,0.13333333333333333,1.8673891637088569,344,1,1,0,0,1,0,0,0,0,0,2022,2023-2026,0,0.05248238967294593,0.0,0.04828660436137071,0.4665316718587746,0.12253374870197299,0,930
C075A0D1B79,CFE4361F368,Sb2Te3,charge-carrier mobility,material_entity,solid_state_mechanism,0.287924587726593,17,43,17,43,9,36,9,36,0.25,1,13,14,-0.3333333333333333,1.6666666666666667,12,27,6,0.1111111111111111,1.605427649993822,731,1,1,0,0,1,0,0,0,0,0,2022,2023-2026,0,0.02164275044919432,0.0,0.03489096573208722,0.502668743509865,0.1194184839044652,0,931
C6DEC1AEAD1,CC3BA67827F,CeO2,ionic-electronic coupling,material_entity,transport_mechanism,0.1522076427936554,4,39,4,39,3,27,3,27,0.1111111111111111,0,11,11,0.0,2.3333333333333335,26,29,1,0.023809523809523808,0.32351545314867247,156,1,1,0,0,1,0,0,0,0,0,2022,2023-2026,0,0.024794383140361254,0.005819764040283685,0.14641744548286603,0.17953271028037382,0.11630321910695743,0,932
C43C91C4A3E,C9AFE334F36,Mg3Sb2,phonon scattering,material_entity,solid_state_mechanism,0.1829262375831604,8,49,8,49,5,49,5,49,0.10204081632653061,1,18,19,-1.0,1.6666666666666667,5,29,6,0.11764705882352941,1.6929836879805356,392,1,1,0,0,1,0,0,0,0,0,2022,2023-2026,0,0.02985158971363681,0.0,0.03966770508826584,0.4690238836967809,0.1150571131879543,0,933
C3DB4F04D16,CA62C8F275F,rattling-mode phonon suppression,Co4Sb12,solid_state_mechanism,material_entity,0.13883116841316223,20,5,5,20,22,3,3,22,0.13636363636363635,7,1,8,1.6666666666666667,0.3333333333333333,21,11,4,0.19047619047619047,1.1534429904618395,100,1,1,0,0,1,0,0,0,0,0,2022,2023-2026,0,0.1658220081966824,0.0011989946777054997,0.10815160955347869,0.3259501557632399,0.11484942886812044,0,934
C43C91C4A3E,CB02CED7099,Mg3Sb2,carrier-concentration optimization,material_entity,solid_state_mechanism,0.19807541370391846,8,63,8,63,5,83,5,83,0.060240963855421686,1,28,29,-1.0,2.6666666666666665,5,30,6,0.09230769230769231,1.7085697208561357,504,1,1,0,0,1,0,0,0,0,0,2022,2023-2026,0,0.012509967732752144,0.0,0.031879543094496365,0.4888785046728971,0.11298026998961577,0,935
C3DB4F04D16,C6E111EB5CB,rattling-mode phonon suppression,RyMxCo4,solid_state_mechanism,material_entity,0.17397397756576538,20,5,5,20,22,3,3,22,0.13636363636363635,7,0,7,1.6666666666666667,0.0,21,18,4,0.19047619047619047,1.144519575971863,100,1,1,0,0,1,0,0,0,0,0,2022,2023-2026,0,0.10460037128655096,0.0011989946777054997,0.09994807892004152,0.3332502596053998,0.11298026998961577,0,936
C43C91C4A3E,CFE4361F368,Mg3Sb2,charge-carrier mobility,material_entity,solid_state_mechanism,0.14890819787979126,8,43,8,43,5,36,5,36,0.1388888888888889,1,13,14,-1.0,1.6666666666666667,5,27,6,0.13333333333333333,1.6840602734905588,344,1,1,0,0,1,0,0,0,0,0,2022,2023-2026,0,0.046430870837148044,0.0,0.045586708203530626,0.4467185877466251,0.11173416407061265,0,937
C53D2C5DAAD,C9AFE334F36,ZrS2,phonon scattering,material_entity,solid_state_mechanism,0.1823122203350067,6,49,6,49,2,49,2,49,0.04081632653061224,2,18,20,0.6666666666666666,1.6666666666666667,2,29,1,0.018518518518518517,0.5138983423697507,294,1,1,0,0,1,0,0,0,0,0,2022,2023-2026,0,0.07828193228295194,0.0034672805642633224,0.1256490134994808,0.24214953271028034,0.10820353063343717,0,938
C8739CADFFB,CB02CED7099,P3HT,carrier-concentration optimization,material_entity,solid_state_mechanism,0.2850300669670105,6,63,6,63,4,83,4,83,0.04819277108433735,3,28,31,0.6666666666666666,2.6666666666666665,3,30,3,0.045454545454545456,0.8271634707394893,378,1,1,0,0,1,0,0,0,0,0,2022,2023-2026,0,0.03887378911266041,0.001161931818181818,0.07455867082035306,0.3654413291796469,0.10695742471443404,0,939
C787F187281,CFE4361F368,Ag2S,charge-carrier mobility,material_entity,solid_state_mechanism,0.1966295689344406,7,43,7,43,2,36,2,36,0.05555555555555555,0,13,13,-0.3333333333333333,1.6666666666666667,22,27,6,0.13636363636363635,1.6651638991889717,301,1,1,0,0,1,0,0,0,0,0,2022,2023-2026,0,0.024253693848439756,0.0,0.03665628245067497,0.45521287642782976,0.10508826583592935,0,940
C7342726E8E,CFE4361F368,Mg2Si,charge-carrier mobility,material_entity,solid_state_mechanism,0.1593080759048462,4,43,4,43,7,36,7,36,0.19444444444444445,2,13,15,0.3333333333333333,1.6666666666666667,10,27,2,0.044444444444444446,0.5852946174388786,172,1,1,0,0,1,0,0,0,0,0,2022,2023-2026,0,0.07906902275408774,0.003428420174537988,0.12492211838006229,0.2277050882658359,0.10467289719626169,0,941
C787F187281,CB02CED7099,Ag2S,carrier-concentration optimization,material_entity,solid_state_mechanism,0.21482029557228088,7,63,7,63,2,83,2,83,0.024096385542168676,0,28,28,-0.3333333333333333,2.6666666666666665,22,30,6,0.09375,1.6896733465545486,441,1,1,0,0,1,0,0,0,0,0,2022,2023-2026,0,0.006637849200990835,0.0,0.02866043613707165,0.4858359293873312,0.10425752855659395,0,942
C4E69B706AD,C9AFE334F36,CoO3,phonon scattering,material_entity,solid_state_mechanism,0.20649628341197968,2,49,2,49,2,49,2,49,0.04081632653061224,0,18,18,0.0,1.6666666666666667,22,29,1,0.02,0.6213349345596119,98,1,1,0,0,1,0,0,0,0,0,2022,2023-2026,0,0.025810319557521937,0.004634057306940371,0.12471443406022846,0.21912772585669782,0.10218068535825546,0,943
C50BCAA1E15,CFE4361F368,P2O5,charge-carrier mobility,material_entity,solid_state_mechanism,0.17838843166828156,7,43,7,43,3,36,3,36,0.08333333333333333,2,13,15,0.6666666666666666,1.6666666666666667,11,27,4,0.08695652173913043,1.6609474714226127,301,1,1,0,0,1,0,0,0,0,0,2022,2023-2026,0,0.07284281467089947,0.0,0.054517133956386285,0.38468328141225333,0.09885773624091379,0,944
C5A69E4FCAA,CB02CED7099,Ag2O,carrier-concentration optimization,material_entity,solid_state_mechanism,0.21760058403015137,9,63,9,63,6,83,6,83,0.07228915662650602,0,28,28,0.0,2.6666666666666665,26,30,5,0.07462686567164178,1.6615440890010968,567,1,1,0,0,1,0,1,0,1,0,2022,2023-2026,0,0.005445656332886818,0.0,0.027622014537902386,0.4647767393561786,0.09532710280373831,0,945
C2276A75659,C9AFE334F36,SrTiO3,phonon scattering,material_entity,solid_state_mechanism,0.20593200623989105,7,49,7,49,9,49,9,49,0.1836734693877551,2,18,20,0.0,1.6666666666666667,17,29,5,0.09803921568627451,1.4414231084273872,343,1,1,0,0,1,0,0,0,0,0,2022,2023-2026,0,0.024340868829023643,0.0,0.036760124610591895,0.42202492211838,0.09304257528556592,0,946
C24DA40DB81,C9AFE334F36,Cu2S,phonon scattering,material_entity,solid_state_mechanism,0.21127742528915405,6,49,6,49,3,49,3,49,0.061224489795918366,1,18,19,-0.3333333333333333,1.6666666666666667,5,29,4,0.0784313725490196,1.403971762805612,294,1,1,0,0,1,0,0,0,0,0,2022,2023-2026,0,0.0481044789294346,0.0,0.04641744548286604,0.3808930425752856,0.0922118380062305,0,947
C5E1580F832,CFE4361F368,CoSb3,charge-carrier mobility,material_entity,solid_state_mechanism,0.17216791212558746,8,43,8,43,7,36,7,36,0.19444444444444445,1,13,14,0.3333333333333333,1.6666666666666667,21,27,4,0.0851063829787234,1.1767792056475816,344,1,1,0,0,1,0,0,0,0,0,2022,2023-2026,0,0.030208980069011696,0.0010690451745379876,0.062201453790238836,0.34805815160955345,0.09034267912772584,0,948
C9FB1DC4D4B,CC3BA67827F,Ca3Co4O9,ionic-electronic coupling,material_entity,transport_mechanism,0.1808640956878662,6,39,6,39,7,27,7,27,0.25925925925925924,0,11,11,-0.3333333333333333,2.3333333333333335,16,29,2,0.046511627906976744,0.4998848799931713,234,1,1,0,0,1,0,0,0,0,0,2022,2023-2026,0,0.037868364457725685,0.0034249612327970536,0.11048805815160956,0.22894080996884733,0.08992731048805816,0,949
C2276A75659,CB02CED7099,SrTiO3,carrier-concentration optimization,material_entity,solid_state_mechanism,0.20020924508571625,7,63,7,63,9,83,9,83,0.10843373493975904,2,28,30,0.0,2.6666666666666665,17,30,5,0.07692307692307693,1.4570091413029875,441,1,1,0,0,1,0,0,0,0,0,2022,2023-2026,0,0.009552576751610935,0.0,0.02969885773624091,0.43462097611630324,0.08888888888888886,0,950
C7977C03A03,CC3BA67827F,BaTiO3,ionic-electronic coupling,material_entity,transport_mechanism,0.16961166262626648,3,39,3,39,2,27,2,27,0.07407407407407407,0,11,11,0.0,2.3333333333333335,20,29,2,0.05,0.6493708849983637,117,1,1,0,0,1,0,0,0,0,0,2022,2023-2026,0,0.04046362746090919,0.0033843026306465164,0.10882658359293873,0.21542056074766355,0.0853582554517134,0,951
C90CB9C3175,CFE4361F368,half-Heusler alloy,charge-carrier mobility,material_system,solid_state_mechanism,0.2254508137702942,7,43,7,43,11,36,11,36,0.3055555555555556,3,13,16,0.0,1.6666666666666667,16,27,4,0.08695652173913043,1.1191816820326113,301,1,1,0,0,1,0,0,0,0,0,2022,2023-2026,0,0.04522591051190148,0.0,0.044963655244029066,0.36420560747663544,0.08473520249221182,0,952
C68E4B8C8BC,C9AFE334F36,Ti2O7,phonon scattering,material_entity,solid_state_mechanism,0.2179778814315796,2,49,2,49,2,49,2,49,0.04081632653061224,1,18,19,0.3333333333333333,1.6666666666666667,8,29,1,0.02,0.2769378934088574,98,1,1,0,0,1,0,0,0,0,0,2022,2023-2026,0,0.069068325102869,0.0023451704545454544,0.1071651090342679,0.2068431983385254,0.08245067497403946,0,953
C8739CADFFB,CFE4361F368,P3HT,charge-carrier mobility,material_entity,solid_state_mechanism,0.19451013207435608,6,43,6,43,4,36,4,36,0.1111111111111111,3,13,16,0.6666666666666666,1.6666666666666667,3,27,2,0.0425531914893617,0.5414647668096881,258,1,1,0,0,1,0,0,0,0,0,2022,2023-2026,0,0.11883791693126293,0.0011054603854389721,0.0905503634475597,0.2533956386292835,0.0818276220145379,0,954
CA62C8F275F,CFE4361F368,Co4Sb12,charge-carrier mobility,material_entity,solid_state_mechanism,0.15935692191123962,5,43,5,43,3,36,3,36,0.08333333333333333,1,13,14,0.3333333333333333,1.6666666666666667,11,27,4,0.09090909090909091,1.2213786054823217,215,1,1,0,0,1,0,0,0,0,0,2022,2023-2026,0,0.06916606406987127,0.0,0.053063343717549324,0.33048805815160953,0.07777777777777778,0,955
C6E111EB5CB,CB727037BDD,RyMxCo4,lattice thermal-conductivity suppression,material_entity,solid_state_mechanism,0.13295772671699524,5,37,5,37,3,54,3,54,0.05555555555555555,0,25,25,0.0,3.6666666666666665,18,18,4,0.10526315789473684,1.2013898832583396,185,1,1,0,0,1,0,0,0,0,0,2022,2023-2026,0,0.04391437888186517,0.0,0.044236760124610586,0.3469055036344756,0.07663551401869158,0,956
CA62C8F275F,CB02CED7099,Co4Sb12,carrier-concentration optimization,material_entity,solid_state_mechanism,0.186223566532135,5,63,5,63,3,83,3,83,0.03614457831325301,1,28,29,0.3333333333333333,2.6666666666666665,11,30,4,0.0625,1.2458880528478984,315,1,1,0,0,1,0,0,0,0,0,2022,2023-2026,0,0.020055839431546055,0.0,0.03457943925233645,0.37538940809968846,0.07601246105919002,0,957
C6E111EB5CB,C9AFE334F36,RyMxCo4,phonon scattering,material_entity,solid_state_mechanism,0.18199098110198975,5,49,5,49,3,49,3,49,0.061224489795918366,0,18,18,0.0,1.6666666666666667,18,29,4,0.08,1.2213786054823217,245,1,1,0,0,1,0,0,0,0,0,2022,2023-2026,0,0.025302089692812266,0.0,0.03748701973001038,0.3482554517133956,0.07061266874350985,0,958
CEAE99FC3AE,CFE4361F368,MnO3,charge-carrier mobility,material_entity,solid_state_mechanism,0.15809647738933563,3,43,3,43,5,36,5,36,0.1388888888888889,1,13,14,0.0,1.6666666666666667,27,27,1,0.022222222222222223,0.28126641406272834,129,1,1,0,0,1,0,0,0,0,0,2022,2023-2026,0,0.025515892163513722,0.002336647727272727,0.09086188992731048,0.1794288681204569,0.06791277258566977,0,959
C6E111EB5CB,CB02CED7099,RyMxCo4,carrier-concentration optimization,material_entity,solid_state_mechanism,0.10683461278676987,5,63,5,63,3,83,3,83,0.03614457831325301,0,28,28,0.0,2.6666666666666665,18,30,4,0.0625,1.2369646383579218,315,1,1,0,0,1,0,0,0,0,0,2022,2023-2026,0,0.00984516491438981,0.0,0.03001038421599169,0.34730010384215987,0.060228452751817235,0,960
C79788A0653,CB02CED7099,Cu3SbSe4,carrier-concentration optimization,material_entity,solid_state_mechanism,0.21255777776241302,2,63,2,63,3,83,3,83,0.03614457831325301,0,28,28,0.0,2.6666666666666665,10,30,1,0.015625,0.23233849357411737,126,1,1,0,0,1,0,0,0,0,0,2022,2023-2026,0,0.023292231709191116,0.0011732954545454546,0.07061266874350987,0.21910695742471442,0.058774662512980275,0,961
C1ABB4DC192,CFE4361F368,NdCoO3,charge-carrier mobility,material_entity,solid_state_mechanism,0.1450624018907547,4,43,4,43,2,36,2,36,0.05555555555555555,1,13,14,0.3333333333333333,1.6666666666666667,16,27,3,0.06818181818181818,0.9729047849521453,172,1,1,0,0,1,0,0,0,0,0,2022,2023-2026,0,0.05359771594304791,0.0,0.04849428868120456,0.2665316718587747,0.05607476635514018,0,962
C3A804F9865,CFE4361F368,Cu2O,charge-carrier mobility,material_entity,solid_state_mechanism,0.19748848676681519,4,43,4,43,2,36,2,36,0.05555555555555555,0,13,13,0.0,1.6666666666666667,27,27,1,0.021739130434782608,0.32351545314867247,172,1,1,0,0,1,0,0,0,0,0,2022,2023-2026,0,0.02356452407505181,0.0011704545454545455,0.07009345794392523,0.20312564901349947,0.055451713395638626,0,963
