candidate_id,domain,left_unit_id,right_unit_id,left_label,right_label,left_paper_support,right_paper_support,candidate_channels,char_ngram_cosine,structural_jaccard,literal_key_equal,decision_status,concept_relation,human_reason,defer_reason
pair:7b4b05edaf361518,TG,TG:retrieval:66144d36b9c1d6,TG:retrieval:9339be66084b0a,concentration gradient,concentration gradient effects,2,1,char_ngram_tfidf,0.764247,0.0,False,unreviewed_candidate,,,no_role_eligible_member_on_at_least_one_side
pair:f271c771a28f57e0,TG,TG:retrieval:9339be66084b0a,TG:retrieval:daac3d953b48b7,concentration gradient effects,concentration gradients,1,1,char_ngram_tfidf,0.758497,0.0,False,unreviewed_candidate,,,no_role_eligible_member_on_at_least_one_side
pair:ea023d4c2e02568c,TG,TG:retrieval:9339be66084b0a,TG:retrieval:9c13b05cadad1b,concentration gradient effects,ion concentration gradients,1,1,char_ngram_tfidf,0.668013,0.0,False,unreviewed_candidate,,,no_role_eligible_member_on_at_least_one_side
pair:a7926cc6847b56bd,TG,TG:retrieval:b264adde8ca5df,TG:retrieval:bf16c5b081de0c,chaotropic effect,synergistic chaotropic effect,1,1,char_ngram_tfidf,0.662032,0.0,False,unreviewed_candidate,,,no_role_eligible_member_on_at_least_one_side
pair:1b7fd6548010fada,TG,TG:retrieval:c667aaabb4d8c5,TG:retrieval:d7e5b3feacf98c,thermodynamic and kinetic characteristics,thermodynamic and kinetic properties,1,1,char_ngram_tfidf,0.632953,0.0,False,unreviewed_candidate,,,no_role_eligible_member_on_at_least_one_side
pair:2c9f601d4bb1cb04,TG,TG:retrieval:01cb523d2855e9,TG:retrieval:464afa0930063c,maximum power density of 660 mW m(-1),maximum power density,1,1,char_ngram_tfidf,0.624166,0.0,False,unreviewed_candidate,,,no_role_eligible_member_on_at_least_one_side
pair:321af5ebcc6d0a68,TG,TG:retrieval:02a4b85354ccdd,TG:retrieval:03b9dc6eed5cec,thermogalvanic cell,thermogalvanic cells (TGCs),1,1,char_ngram_tfidf,0.615651,0.0,False,unreviewed_candidate,,,no_role_eligible_member_on_at_least_one_side
pair:d94baaeeaa75e59a,TG,TG:retrieval:02a4b85354ccdd,TG:retrieval:87ccc8be0e0b76,thermogalvanic cell,thermogalvanic currents,1,2,char_ngram_tfidf,0.606771,0.0,False,unreviewed_candidate,,,no_role_eligible_member_on_at_least_one_side
pair:73b77a226db3b8e4,TG,TG:retrieval:12336f13d7cf72,TG:retrieval:aec74c96d338ff,ionic kinetics,redox kinetics,1,1,char_ngram_tfidf,0.599909,0.0,False,unreviewed_candidate,,,no_role_eligible_member_on_at_least_one_side
pair:7bfcfca38275b480,TG,TG:retrieval:0f9bdfc89ff537,TG:retrieval:c2cf0276eeb973,Thermogalvanic corrosion,thermogalvanic (TG) corrosion intensity,1,1,char_ngram_tfidf,0.597965,0.0,False,unreviewed_candidate,,,no_role_eligible_member_on_at_least_one_side
pair:6cd869fbd34ccf7c,TG,TG:retrieval:02a4b85354ccdd,TG:retrieval:e27095093d22d5,thermogalvanic cell,thermogalvanic conversion,1,1,char_ngram_tfidf,0.596624,0.0,False,unreviewed_candidate,,,no_role_eligible_member_on_at_least_one_side
pair:24f2ba0080db843e,TG,TG:retrieval:02a4b85354ccdd,TG:retrieval:9b6038c8746fbb,thermogalvanic cell,thermogalvanic effect,1,9,char_ngram_tfidf,0.593532,0.0,False,unreviewed_candidate,,,no_role_eligible_member_on_at_least_one_side
pair:dabb598bc5142fd3,TG,TG:retrieval:02a4b85354ccdd,TG:retrieval:d79e59b1b9284b,thermogalvanic cell,thermogalvanic reaction,1,1,char_ngram_tfidf,0.583582,0.0,False,unreviewed_candidate,,,no_role_eligible_member_on_at_least_one_side
pair:64c69a09edccc02b,TG,TG:retrieval:02a4b85354ccdd,TG:retrieval:0f9bdfc89ff537,thermogalvanic cell,Thermogalvanic corrosion,1,1,char_ngram_tfidf,0.580894,0.0,False,unreviewed_candidate,,,no_role_eligible_member_on_at_least_one_side
pair:3941384fedd16b47,TG,TG:retrieval:02a4b85354ccdd,TG:retrieval:70ca2912d4b104,thermogalvanic cell,thermogalvanic redox,1,1,char_ngram_tfidf,0.575618,0.0,False,unreviewed_candidate,,,no_role_eligible_member_on_at_least_one_side
pair:65f7a5b3a7f8444e,TG,TG:retrieval:12336f13d7cf72,TG:retrieval:3da072c2200bc3,ionic kinetics,reaction kinetics,1,1,char_ngram_tfidf,0.569165,0.0,False,unreviewed_candidate,,,no_role_eligible_member_on_at_least_one_side
pair:38976b143f56deac,TG,TG:retrieval:aec74c96d338ff,TG:retrieval:d9155b0b25ea71,redox kinetics,electrode kinetics,1,1,char_ngram_tfidf,0.566778,0.0,False,unreviewed_candidate,,,no_role_eligible_member_on_at_least_one_side
pair:e9b2d9b98d60852b,TG,TG:retrieval:710d643c565ed2,TG:retrieval:bcbbc70c329462,thermal barrier,resistance barrier,1,1,char_ngram_tfidf,0.560186,0.0,False,unreviewed_candidate,,,no_role_eligible_member_on_at_least_one_side
pair:07afcf3215d1fe2f,TG,TG:retrieval:12336f13d7cf72,TG:retrieval:d9155b0b25ea71,ionic kinetics,electrode kinetics,1,1,char_ngram_tfidf,0.558059,0.0,False,unreviewed_candidate,,,no_role_eligible_member_on_at_least_one_side
pair:e7ad8bc818348e43,TG,TG:retrieval:02a4b85354ccdd,TG:retrieval:c63eb3b24487a0,thermogalvanic cell,thermogalvanic effects,1,2,char_ngram_tfidf,0.557337,0.0,False,unreviewed_candidate,,,no_role_eligible_member_on_at_least_one_side
pair:95c764365e4a2379,TG,TG:retrieval:6713c4647786e5,TG:retrieval:f37775a904fb2d,thermogalvanic and piezoresistive effects,active piezoresistivity,2,1,char_ngram_tfidf,0.551929,0.0,False,unreviewed_candidate,,,no_role_eligible_member_on_at_least_one_side
pair:8c6e597d9a1c170d,TG,TG:retrieval:9339be66084b0a,TG:retrieval:aba77aeae1e828,concentration gradient effects,concentration gradient of redox ion pairs,1,1,char_ngram_tfidf,0.540626,0.0,False,unreviewed_candidate,,,no_role_eligible_member_on_at_least_one_side
pair:559f4a6674eab5c4,TG,TG:retrieval:3da072c2200bc3,TG:retrieval:d9155b0b25ea71,reaction kinetics,electrode kinetics,1,1,char_ngram_tfidf,0.537732,0.0,False,unreviewed_candidate,,,no_role_eligible_member_on_at_least_one_side
pair:79eec6802d87dca9,TG,TG:retrieval:19a228690b06e0,TG:retrieval:b8e1c822fc506b,asymmetric solvation structures,asymmetric cells,1,1,char_ngram_tfidf,0.532908,0.0,False,unreviewed_candidate,,,no_role_eligible_member_on_at_least_one_side
pair:9ebb91fc400df656,TG,TG:retrieval:59d4170d459cc9,TG:retrieval:99dbda0c4e526f,structural disorder and interfacial entropy,structural disorder in the solvation shell,1,1,char_ngram_tfidf,0.518353,0.0,False,unreviewed_candidate,,,no_role_eligible_member_on_at_least_one_side
pair:dbcbaa33c06aa937,TG,TG:retrieval:525f9bbd18b8a0,TG:retrieval:9339be66084b0a,concentration gradient of the free I-3(-),concentration gradient effects,1,1,char_ngram_tfidf,0.504111,0.0,False,unreviewed_candidate,,,no_role_eligible_member_on_at_least_one_side
pair:184183ea4e3f97f1,TG,TG:retrieval:142a667fa51f88,TG:retrieval:9339be66084b0a,continuous concentration gradient of redox ions,concentration gradient effects,1,1,char_ngram_tfidf,0.498756,0.0,False,unreviewed_candidate,,,no_role_eligible_member_on_at_least_one_side
pair:28607e45e147d073,TG,TG:retrieval:c2cf0276eeb973,TG:retrieval:c5511a256a5e96,thermogalvanic (TG) corrosion intensity,thermogalvanic corrosion of iron,1,1,char_ngram_tfidf,0.496427,0.0,False,unreviewed_candidate,,,no_role_eligible_member_on_at_least_one_side
pair:fe5a007b2c81efb1,TG,TG:retrieval:0a77fb0ceef3eb,TG:retrieval:db1bc343f0107a,cation exchange membrane,thermocell with hydrogen gas electrodes and a proton exchange membrane,1,1,char_ngram_tfidf,0.494427,0.0,False,unreviewed_candidate,,,no_role_eligible_member_on_at_least_one_side
pair:7fb2bd8e13adb4e1,TG,TG:retrieval:200003a8334827,TG:retrieval:9339be66084b0a,small salt concentration gradient,concentration gradient effects,1,1,char_ngram_tfidf,0.494097,0.0,False,unreviewed_candidate,,,no_role_eligible_member_on_at_least_one_side
pair:9af83ded060e25c6,TG,TG:retrieval:01cb523d2855e9,TG:retrieval:33b5ca3a89bbbd,maximum power density of 660 mW m(-1),maximum power output density,1,1,char_ngram_tfidf,0.491827,0.0,False,unreviewed_candidate,,,no_role_eligible_member_on_at_least_one_side
pair:bb6e8e9695f942a5,TG,TG:retrieval:50c6297b967ffb,TG:retrieval:d7e5b3feacf98c,thermoelectric properties,thermodynamic and kinetic properties,1,1,char_ngram_tfidf,0.490153,0.0,False,unreviewed_candidate,,,no_role_eligible_member_on_at_least_one_side
pair:05b683ba597dc5b5,TG,TG:retrieval:01cb523d2855e9,TG:retrieval:c83b8761e73666,maximum power density of 660 mW m(-1),maximum power density of 1461 mW/m(2),1,1,char_ngram_tfidf,0.480751,0.0,False,unreviewed_candidate,,,no_role_eligible_member_on_at_least_one_side
pair:7f8f7f54b7c8b1f8,TG,TG:retrieval:1482e5d186c84b,TG:retrieval:b264adde8ca5df,strong chaotropic salts,chaotropic effect,1,1,char_ngram_tfidf,0.478493,0.0,False,unreviewed_candidate,,,no_role_eligible_member_on_at_least_one_side
pair:ac62e94de9c2779f,TG,TG:retrieval:02a4b85354ccdd,TG:retrieval:7c24976382113f,thermogalvanic cell,thermogalvanic reaction sites,1,1,char_ngram_tfidf,0.478487,0.0,False,unreviewed_candidate,,,no_role_eligible_member_on_at_least_one_side
pair:84d7d9588774a838,TG,TG:retrieval:02a4b85354ccdd,TG:retrieval:c5511a256a5e96,thermogalvanic cell,thermogalvanic corrosion of iron,1,1,char_ngram_tfidf,0.478215,0.0,False,unreviewed_candidate,,,no_role_eligible_member_on_at_least_one_side
pair:78ce6ae5d1a51779,TG,TG:retrieval:725a90cb8f5c2f,TG:retrieval:9339be66084b0a,persistent Cu2+ concentration gradient,concentration gradient effects,1,1,char_ngram_tfidf,0.478179,0.0,False,unreviewed_candidate,,,no_role_eligible_member_on_at_least_one_side
pair:ade61016ce7a1121,TG,TG:retrieval:02a4b85354ccdd,TG:retrieval:a9af738b6a5381,thermogalvanic cell,thermogalvaniccell coefficient,1,1,char_ngram_tfidf,0.476031,0.0,False,unreviewed_candidate,,,no_role_eligible_member_on_at_least_one_side
pair:7a4edbd93733a548,TG,TG:retrieval:02a4b85354ccdd,TG:retrieval:82376a63ca9c87,thermogalvanic cell,thermogalvanic coupling time,1,1,char_ngram_tfidf,0.466672,0.0,False,unreviewed_candidate,,,no_role_eligible_member_on_at_least_one_side
pair:7de1d13149f3a21e,TG,TG:retrieval:50c6297b967ffb,TG:retrieval:ace458e2f086e4,thermoelectric properties,eutectic properties of DES,1,1,char_ngram_tfidf,0.462242,0.0,False,unreviewed_candidate,,,no_role_eligible_member_on_at_least_one_side
pair:33db468969e81f00,TG,TG:retrieval:24dd4b9f75409d,TG:retrieval:4daa5921819a68,radial distribution of coordinating water molecules,coordination effect of Li+ ions with water molecules,1,1,char_ngram_tfidf,0.447773,0.0,False,unreviewed_candidate,,,no_role_eligible_member_on_at_least_one_side
pair:8b92f707f60c6111,TG,TG:retrieval:01cb523d2855e9,TG:retrieval:71d48b62233929,maximum power density of 660 mW m(-1),maximum power output,1,1,char_ngram_tfidf,0.440131,0.0,False,unreviewed_candidate,,,no_role_eligible_member_on_at_least_one_side
pair:82a3c8d9dbe08723,TG,TG:retrieval:098cf31e104199,TG:retrieval:12336f13d7cf72,hydrogel's redox kinetics,ionic kinetics,1,1,char_ngram_tfidf,0.431755,0.0,False,unreviewed_candidate,,,no_role_eligible_member_on_at_least_one_side
pair:3ef58185ac5d99a1,TG,TG:retrieval:583c261fa9b9fc,TG:retrieval:c2cf0276eeb973,thermogalvanic corrosion of the copper electrode,thermogalvanic (TG) corrosion intensity,1,1,char_ngram_tfidf,0.428323,0.0,False,unreviewed_candidate,,,no_role_eligible_member_on_at_least_one_side
pair:336681ca00ecd282,TG,TG:retrieval:02a4b85354ccdd,TG:retrieval:0537973ab6a7ce,thermogalvanic cell,thermogalvanic hydrogel film,1,1,char_ngram_tfidf,0.426999,0.0,False,unreviewed_candidate,,,no_role_eligible_member_on_at_least_one_side
pair:bcc27df4f9fe0040,TG,TG:retrieval:37d4ced0523e61,TG:retrieval:76fe2e384a8bba,Pt-free thermocells,resistance of thermocells,1,1,char_ngram_tfidf,0.421373,0.0,False,unreviewed_candidate,,,no_role_eligible_member_on_at_least_one_side
pair:02cb1f88f296f245,TG,TG:retrieval:b28e2684f49be5,TG:retrieval:c2cf0276eeb973,thermogalvanic and heat-transfer corrosion,thermogalvanic (TG) corrosion intensity,1,1,char_ngram_tfidf,0.414484,0.0,False,unreviewed_candidate,,,no_role_eligible_member_on_at_least_one_side
pair:3eff85948b84b4ea,TG,TG:retrieval:02a4b85354ccdd,TG:retrieval:583c261fa9b9fc,thermogalvanic cell,thermogalvanic corrosion of the copper electrode,1,1,char_ngram_tfidf,0.412609,0.0,False,unreviewed_candidate,,,no_role_eligible_member_on_at_least_one_side
pair:ec53dce9a8bd4802,TG,TG:retrieval:03b9dc6eed5cec,TG:retrieval:87ccc8be0e0b76,thermogalvanic cells (TGCs),thermogalvanic currents,1,2,char_ngram_tfidf,0.412569,0.0,False,unreviewed_candidate,,,no_role_eligible_member_on_at_least_one_side
pair:ffcf990a95642032,TG,TG:retrieval:40038d1502d0e9,TG:retrieval:db1bc343f0107a,resistance of the ion exchange membrane,thermocell with hydrogen gas electrodes and a proton exchange membrane,1,1,char_ngram_tfidf,0.408699,0.0,False,unreviewed_candidate,,,no_role_eligible_member_on_at_least_one_side
pair:8e7077c18a6882c6,TG,TG:retrieval:098cf31e104199,TG:retrieval:d9155b0b25ea71,hydrogel's redox kinetics,electrode kinetics,1,1,char_ngram_tfidf,0.407911,0.0,False,unreviewed_candidate,,,no_role_eligible_member_on_at_least_one_side
pair:810a83c5679f5309,TG,TG:retrieval:6576d22425d16c,TG:retrieval:9339be66084b0a,normalized Fe(CN)64- concentration gradient,concentration gradient effects,1,1,char_ngram_tfidf,0.40603,0.0,False,unreviewed_candidate,,,no_role_eligible_member_on_at_least_one_side
pair:6d7b76512a931f0a,TG,TG:retrieval:03b9dc6eed5cec,TG:retrieval:e27095093d22d5,thermogalvanic cells (TGCs),thermogalvanic conversion,1,1,char_ngram_tfidf,0.405669,0.0,False,unreviewed_candidate,,,no_role_eligible_member_on_at_least_one_side
pair:20feffe113a88f8b,TG,TG:retrieval:02a4b85354ccdd,TG:retrieval:daa8d1a9f9a1c9,thermogalvanic cell,thermogalvanic deposition process,1,1,char_ngram_tfidf,0.405341,0.0,False,unreviewed_candidate,,,no_role_eligible_member_on_at_least_one_side
pair:686cb047ee51d8d3,TG,TG:retrieval:02a4b85354ccdd,TG:retrieval:4341dc6ea1a614,thermogalvanic cell,thermodiffusive and thermogalvanic effects,1,1,char_ngram_tfidf,0.404605,0.0,False,unreviewed_candidate,,,no_role_eligible_member_on_at_least_one_side
pair:19916a89b1ce41b7,TG,TG:retrieval:5c89b1df4b9bff,TG:retrieval:6c11edd7870173,solid-electrolyte cell,electrolyte concentration,1,1,char_ngram_tfidf,0.404124,0.0,False,unreviewed_candidate,,,no_role_eligible_member_on_at_least_one_side
pair:0d98f3ad8acbf952,TG,TG:retrieval:03b9dc6eed5cec,TG:retrieval:9b6038c8746fbb,thermogalvanic cells (TGCs),thermogalvanic effect,1,9,char_ngram_tfidf,0.403567,0.0,False,unreviewed_candidate,,,no_role_eligible_member_on_at_least_one_side
pair:fbe81363b2ffaf54,TG,TG:retrieval:76fe2e384a8bba,TG:retrieval:bcbbc70c329462,resistance of thermocells,resistance barrier,1,1,char_ngram_tfidf,0.402024,0.0,False,unreviewed_candidate,,,no_role_eligible_member_on_at_least_one_side
pair:a769278a24b73031,TG,TG:retrieval:02a4b85354ccdd,TG:retrieval:39e87a5dfaa2d0,thermogalvanic cell,thermogalvanic effect of Fe2+/Fe3+,1,1,char_ngram_tfidf,0.401806,0.0,False,unreviewed_candidate,,,no_role_eligible_member_on_at_least_one_side
pair:1a43e2d79b40861b,TG,TG:retrieval:03b9dc6eed5cec,TG:retrieval:d79e59b1b9284b,thermogalvanic cells (TGCs),thermogalvanic reaction,1,1,char_ngram_tfidf,0.396801,0.0,False,unreviewed_candidate,,,no_role_eligible_member_on_at_least_one_side
pair:ebee44f04aac593b,TG,TG:retrieval:03b9dc6eed5cec,TG:retrieval:0f9bdfc89ff537,thermogalvanic cells (TGCs),Thermogalvanic corrosion,1,1,char_ngram_tfidf,0.394974,0.0,False,unreviewed_candidate,,,no_role_eligible_member_on_at_least_one_side
pair:77de2bbaa50c6b64,TG,TG:retrieval:02a4b85354ccdd,TG:retrieval:21627172ed7cec,thermogalvanic cell,double-layer thermogalvanic cell (DTGC) architecture,1,1,char_ngram_tfidf,0.391955,0.0,False,unreviewed_candidate,,,no_role_eligible_member_on_at_least_one_side
pair:9666430f5c1d42dd,TG,TG:retrieval:03b9dc6eed5cec,TG:retrieval:70ca2912d4b104,thermogalvanic cells (TGCs),thermogalvanic redox,1,1,char_ngram_tfidf,0.391387,0.0,False,unreviewed_candidate,,,no_role_eligible_member_on_at_least_one_side
pair:b3ce22d9e4d800bd,TG,TG:retrieval:1b5aa144221f9e,TG:retrieval:9339be66084b0a,redox species concentration gradients near the electrodes,concentration gradient effects,1,1,char_ngram_tfidf,0.388514,0.0,False,unreviewed_candidate,,,no_role_eligible_member_on_at_least_one_side
pair:37ae61fee5742e73,TG,TG:retrieval:61aa736ef45d5a,TG:retrieval:b264adde8ca5df,thermoelectric effect,chaotropic effect,1,1,char_ngram_tfidf,0.386728,0.0,False,unreviewed_candidate,,,no_role_eligible_member_on_at_least_one_side
pair:d8f5beda076deaa8,TG,TG:retrieval:02a4b85354ccdd,TG:retrieval:9595cc35bf245a,thermogalvanic cell,entropy difference of thermogalvanic ions,1,1,char_ngram_tfidf,0.386616,0.0,False,unreviewed_candidate,,,no_role_eligible_member_on_at_least_one_side
pair:8cf489842e0dcfd4,TG,TG:retrieval:8b7698226f3a30,TG:retrieval:ace458e2f086e4,protective properties of the passive film,eutectic properties of DES,1,1,char_ngram_tfidf,0.381026,0.0,False,unreviewed_candidate,,,no_role_eligible_member_on_at_least_one_side
pair:d2daecd59ab01cd3,TG,TG:retrieval:02a4b85354ccdd,TG:retrieval:9d159ecc79dc1d,thermogalvanic cell,galvanic currents,1,1,char_ngram_tfidf,0.380119,0.0,False,unreviewed_candidate,,,no_role_eligible_member_on_at_least_one_side
pair:214fdf5bbefe26da,TG,TG:retrieval:03b9dc6eed5cec,TG:retrieval:c63eb3b24487a0,thermogalvanic cells (TGCs),thermogalvanic effects,1,2,char_ngram_tfidf,0.378956,0.0,False,unreviewed_candidate,,,no_role_eligible_member_on_at_least_one_side
pair:2b3947ab2528a3ad,TG,TG:retrieval:9b6038c8746fbb,TG:retrieval:b264adde8ca5df,thermogalvanic effect,chaotropic effect,9,1,char_ngram_tfidf,0.373001,0.0,False,unreviewed_candidate,,,no_role_eligible_member_on_at_least_one_side
pair:b307b93a0d8a6bab,TG,TG:retrieval:25cf535032e514,TG:retrieval:c2cf0276eeb973,corrosion,thermogalvanic (TG) corrosion intensity,2,1,char_ngram_tfidf,0.371321,0.0,False,unreviewed_candidate,,,no_role_eligible_member_on_at_least_one_side
pair:bc15e0ef137c5a63,TG,TG:retrieval:02a4b85354ccdd,TG:retrieval:4e6adfe6133e86,thermogalvanic cell,thermogalvanic effect (Fe2+/Fe3+),1,1,char_ngram_tfidf,0.370986,0.0,False,unreviewed_candidate,,,no_role_eligible_member_on_at_least_one_side
pair:c4799f71b3a44051,TG,TG:retrieval:18f7c1a16da335,TG:retrieval:24dd4b9f75409d,hydrogen bonds among water molecules,radial distribution of coordinating water molecules,1,1,char_ngram_tfidf,0.368554,0.0,False,unreviewed_candidate,,,no_role_eligible_member_on_at_least_one_side
pair:20c8a038d53ed1bd,TG,TG:retrieval:b8e1c822fc506b,TG:retrieval:e2af118701e598,asymmetric cells,asymmetry of the spin-mixing,1,1,char_ngram_tfidf,0.366886,0.0,False,unreviewed_candidate,,,no_role_eligible_member_on_at_least_one_side
pair:8d2de3c63df0fa79,TG,TG:retrieval:22b5770844980b,TG:retrieval:24dd4b9f75409d,interaction of Fe3+ and water molecules,radial distribution of coordinating water molecules,1,1,char_ngram_tfidf,0.366187,0.0,False,unreviewed_candidate,,,no_role_eligible_member_on_at_least_one_side
pair:6a3785f8a3d6dbdf,TG,TG:retrieval:01cb523d2855e9,TG:retrieval:7b2c268e600f71,maximum power density of 660 mW m(-1),power density,1,2,char_ngram_tfidf,0.364089,0.0,False,unreviewed_candidate,,,no_role_eligible_member_on_at_least_one_side
pair:f4d2ef4e27e42289,TG,TG:retrieval:8e5ef99c294adf,TG:retrieval:b8e1c822fc506b,self-assembled asymmetric electrodes,asymmetric cells,1,1,char_ngram_tfidf,0.363588,0.0,False,unreviewed_candidate,,,no_role_eligible_member_on_at_least_one_side
pair:49b4a2c462c58439,TG,TG:retrieval:bcbbc70c329462,TG:retrieval:cbd1e138f47253,resistance barrier,thermal resistances,1,1,char_ngram_tfidf,0.361799,0.0,False,unreviewed_candidate,,,no_role_eligible_member_on_at_least_one_side
pair:8739bd0e91b00f44,TG,TG:retrieval:02a4b85354ccdd,TG:retrieval:b28e2684f49be5,thermogalvanic cell,thermogalvanic and heat-transfer corrosion,1,1,char_ngram_tfidf,0.361758,0.0,False,unreviewed_candidate,,,no_role_eligible_member_on_at_least_one_side
pair:2ef3fb6d308c51be,TG,TG:retrieval:02a4b85354ccdd,TG:retrieval:90a83de42f3d3e,thermogalvanic cell,thermogalvanic and pyroelectric performance,1,1,char_ngram_tfidf,0.358455,0.0,False,unreviewed_candidate,,,no_role_eligible_member_on_at_least_one_side
pair:612b4ab372bcc643,TG,TG:retrieval:d7b44ac3b9a2a9,TG:retrieval:e2af118701e598,spin mixing,asymmetry of the spin-mixing,1,1,char_ngram_tfidf,0.357853,0.0,False,unreviewed_candidate,,,no_role_eligible_member_on_at_least_one_side
pair:7b0e7f96d3196c09,TG,TG:retrieval:2639f45de0f016,TG:retrieval:5caf4b74ef918a,mixing of oxidant and reductant in microchannel,differences in hydration shell behavior between the oxidant and reductant,1,1,char_ngram_tfidf,0.352588,0.0,False,unreviewed_candidate,,,no_role_eligible_member_on_at_least_one_side
pair:408f573905b7de0d,TG,TG:retrieval:02a4b85354ccdd,TG:retrieval:c2cf0276eeb973,thermogalvanic cell,thermogalvanic (TG) corrosion intensity,1,1,char_ngram_tfidf,0.352372,0.0,False,unreviewed_candidate,,,no_role_eligible_member_on_at_least_one_side
pair:a44ceea2a7ac8826,TG,TG:retrieval:9b6038c8746fbb,TG:retrieval:c2cf0276eeb973,thermogalvanic effect,thermogalvanic (TG) corrosion intensity,9,1,char_ngram_tfidf,0.350806,0.0,False,unreviewed_candidate,,,no_role_eligible_member_on_at_least_one_side
pair:dfea46b81fc5c759,TG,TG:retrieval:9b852b6e7f77e3,TG:retrieval:ace458e2f086e4,mechanical properties,eutectic properties of DES,1,1,char_ngram_tfidf,0.35054,0.0,False,unreviewed_candidate,,,no_role_eligible_member_on_at_least_one_side
pair:45afec95f6c835f4,TG,TG:retrieval:12336f13d7cf72,TG:retrieval:c667aaabb4d8c5,ionic kinetics,thermodynamic and kinetic characteristics,1,1,char_ngram_tfidf,0.349004,0.0,False,unreviewed_candidate,,,no_role_eligible_member_on_at_least_one_side
pair:dc7d323da8a0c38f,TG,TG:retrieval:c2cf0276eeb973,TG:retrieval:e27095093d22d5,thermogalvanic (TG) corrosion intensity,thermogalvanic conversion,1,1,char_ngram_tfidf,0.348982,0.0,False,unreviewed_candidate,,,no_role_eligible_member_on_at_least_one_side
pair:b1ccfe156749673f,TG,TG:retrieval:02a4b85354ccdd,TG:retrieval:6713c4647786e5,thermogalvanic cell,thermogalvanic and piezoresistive effects,1,2,char_ngram_tfidf,0.348489,0.0,False,unreviewed_candidate,,,no_role_eligible_member_on_at_least_one_side
pair:813a3f7439877b20,TG,TG:retrieval:24dd4b9f75409d,TG:retrieval:5d875887f9af01,radial distribution of coordinating water molecules,concentration distribution,1,1,char_ngram_tfidf,0.346903,0.0,False,unreviewed_candidate,,,no_role_eligible_member_on_at_least_one_side
pair:c4b751b80f3a824a,TG,TG:retrieval:ace458e2f086e4,TG:retrieval:d7e5b3feacf98c,eutectic properties of DES,thermodynamic and kinetic properties,1,1,char_ngram_tfidf,0.346209,0.0,False,unreviewed_candidate,,,no_role_eligible_member_on_at_least_one_side
pair:edacbca4b93c946a,TG,TG:retrieval:a560785d04310b,TG:retrieval:fcde3f9997e9c3,reduction in hydrogel thickness,conducting polymer thickness/multilayer,1,1,char_ngram_tfidf,0.345747,0.0,False,unreviewed_candidate,,,no_role_eligible_member_on_at_least_one_side
pair:65745426525859fd,TG,TG:retrieval:c2cf0276eeb973,TG:retrieval:d79e59b1b9284b,thermogalvanic (TG) corrosion intensity,thermogalvanic reaction,1,1,char_ngram_tfidf,0.344924,0.0,False,unreviewed_candidate,,,no_role_eligible_member_on_at_least_one_side
pair:609d9e8bee29ca70,TG,TG:retrieval:02a4b85354ccdd,TG:retrieval:28999884e4c702,thermogalvanic cell,thermogalvanic multicomponent transport,1,1,char_ngram_tfidf,0.342402,0.0,False,unreviewed_candidate,,,no_role_eligible_member_on_at_least_one_side
pair:d0b766f169de567b,TG,TG:retrieval:01cb523d2855e9,TG:retrieval:ae54457f61857f,maximum power density of 660 mW m(-1),power density output,1,1,char_ngram_tfidf,0.34066,0.0,False,unreviewed_candidate,,,no_role_eligible_member_on_at_least_one_side
pair:675a51a3e1de4a9d,TG,TG:retrieval:94f2345285fd5f,TG:retrieval:b264adde8ca5df,modulation of the chaotropicity of counteranions,chaotropic effect,1,1,char_ngram_tfidf,0.340402,0.0,False,unreviewed_candidate,,,no_role_eligible_member_on_at_least_one_side
pair:911562cba9fd32ca,TG,TG:retrieval:70ca2912d4b104,TG:retrieval:c2cf0276eeb973,thermogalvanic redox,thermogalvanic (TG) corrosion intensity,1,1,char_ngram_tfidf,0.340218,0.0,False,unreviewed_candidate,,,no_role_eligible_member_on_at_least_one_side
pair:0c70ec33544592ba,TG,TG:retrieval:098b2fe5eb9975,TG:retrieval:c2cf0276eeb973,galvanic corrosion rates of copper,thermogalvanic (TG) corrosion intensity,1,1,char_ngram_tfidf,0.338655,0.0,False,unreviewed_candidate,,,no_role_eligible_member_on_at_least_one_side
pair:61e50d30fb39b289,TG,TG:retrieval:bcbbc70c329462,TG:retrieval:fcba21b2ea6a99,resistance barrier,ohmic resistance,1,1,char_ngram_tfidf,0.338516,0.0,False,unreviewed_candidate,,,no_role_eligible_member_on_at_least_one_side
pair:896900cfa95b5430,TG,TG:retrieval:096a45a032b0ec,TG:retrieval:e2af118701e598,asymmetry in the interfaces of the electrical double layer,asymmetry of the spin-mixing,1,1,char_ngram_tfidf,0.33797,0.0,False,unreviewed_candidate,,,no_role_eligible_member_on_at_least_one_side
pair:ce3aaa5d0b937c34,TG,TG:retrieval:24dd4b9f75409d,TG:retrieval:89e24b532747aa,radial distribution of coordinating water molecules,hydrogen bonding between water molecules,1,1,char_ngram_tfidf,0.335332,0.0,False,unreviewed_candidate,,,no_role_eligible_member_on_at_least_one_side
pair:418386ceb87b9bb7,TG,TG:retrieval:c9c9b8fc2a5cd4,TG:retrieval:d7e5b3feacf98c,thermopower and mechanical properties,thermodynamic and kinetic properties,1,1,char_ngram_tfidf,0.334006,0.0,False,unreviewed_candidate,,,no_role_eligible_member_on_at_least_one_side
pair:feec3d12857f03f4,TG,TG:retrieval:9b852b6e7f77e3,TG:retrieval:d7e5b3feacf98c,mechanical properties,thermodynamic and kinetic properties,1,1,char_ngram_tfidf,0.330575,0.0,False,unreviewed_candidate,,,no_role_eligible_member_on_at_least_one_side
pair:d368797cfa8b9bac,TG,TG:retrieval:b8e1c822fc506b,TG:retrieval:d4290baf7785b5,asymmetric cells,asymmetrically solvates the [Fe(CN)6]3-/4- redox couple,1,1,char_ngram_tfidf,0.329889,0.0,False,unreviewed_candidate,,,no_role_eligible_member_on_at_least_one_side
pair:54003177feb46dc9,TG,TG:retrieval:29ceab9000c407,TG:retrieval:b637d64d1c0529,interfacial evaporation,interfacial effect of microstructure-electrolyte solution,1,1,char_ngram_tfidf,0.329862,0.0,False,unreviewed_candidate,,,no_role_eligible_member_on_at_least_one_side
pair:8db6e5b4a295a77d,TG,TG:retrieval:87ccc8be0e0b76,TG:retrieval:fd5eef830898e5,thermogalvanic currents,measurements of the thermogalvanic profile,2,1,char_ngram_tfidf,0.328907,0.0,False,unreviewed_candidate,,,no_role_eligible_member_on_at_least_one_side
pair:864e6cd467ea0115,TG,TG:retrieval:d9173d809b43eb,TG:retrieval:fd5eef830898e5,thermoelectric measurement technique,measurements of the thermogalvanic profile,1,1,char_ngram_tfidf,0.327035,0.0,False,unreviewed_candidate,,,no_role_eligible_member_on_at_least_one_side
pair:9aea3c1d670c6616,TG,TG:retrieval:02a4b85354ccdd,TG:retrieval:c7ba998a9de311,thermogalvanic cell,thermogalvanic redox reactions of hydrogen ions on the anode,1,1,char_ngram_tfidf,0.32603,0.0,False,unreviewed_candidate,,,no_role_eligible_member_on_at_least_one_side
pair:3ace3dfa0e3be399,TG,TG:retrieval:336c4140796b63,TG:retrieval:883afa48254db5,electrocatalysis,impedance analysis,1,1,char_ngram_tfidf,0.325443,0.0,False,unreviewed_candidate,,,no_role_eligible_member_on_at_least_one_side
pair:a1ac4691c8d35f64,TG,TG:retrieval:03b9dc6eed5cec,TG:retrieval:7c24976382113f,thermogalvanic cells (TGCs),thermogalvanic reaction sites,1,1,char_ngram_tfidf,0.325343,0.0,False,unreviewed_candidate,,,no_role_eligible_member_on_at_least_one_side
pair:e558a66cd2243e52,TG,TG:retrieval:03b9dc6eed5cec,TG:retrieval:c5511a256a5e96,thermogalvanic cells (TGCs),thermogalvanic corrosion of iron,1,1,char_ngram_tfidf,0.325158,0.0,False,unreviewed_candidate,,,no_role_eligible_member_on_at_least_one_side
pair:83226501880ff04d,TG,TG:retrieval:096a45a032b0ec,TG:retrieval:b8e1c822fc506b,asymmetry in the interfaces of the electrical double layer,asymmetric cells,1,1,char_ngram_tfidf,0.324925,0.0,False,unreviewed_candidate,,,no_role_eligible_member_on_at_least_one_side
pair:7d9f09fe394b031e,TG,TG:retrieval:02a4b85354ccdd,TG:retrieval:42f11f424cf756,thermogalvanic cell,thermogalvanic effect of [Fe(CN)64-/Fe(CN)63-],1,1,char_ngram_tfidf,0.3246,0.0,False,unreviewed_candidate,,,no_role_eligible_member_on_at_least_one_side
pair:db5002c3379be86a,TG,TG:retrieval:bcbbc70c329462,TG:retrieval:c467d14ef0b9d8,resistance barrier,ohmic resistances,1,1,char_ngram_tfidf,0.32377,0.0,False,unreviewed_candidate,,,no_role_eligible_member_on_at_least_one_side
pair:b3b0a98c9af3b342,TG,TG:retrieval:c667aaabb4d8c5,TG:retrieval:d9155b0b25ea71,thermodynamic and kinetic characteristics,electrode kinetics,1,1,char_ngram_tfidf,0.323054,0.0,False,unreviewed_candidate,,,no_role_eligible_member_on_at_least_one_side
pair:2381c2acf069055b,TG,TG:retrieval:29ceab9000c407,TG:retrieval:59d4170d459cc9,interfacial evaporation,structural disorder and interfacial entropy,1,1,char_ngram_tfidf,0.321833,0.0,False,unreviewed_candidate,,,no_role_eligible_member_on_at_least_one_side
pair:493f84e06fb257e4,TG,TG:retrieval:02a4b85354ccdd,TG:retrieval:d846d9e80803e6,thermogalvanic cell,precipitation-driven Thermogalvanic effect,1,1,char_ngram_tfidf,0.318352,0.0,False,unreviewed_candidate,,,no_role_eligible_member_on_at_least_one_side
pair:cfccfc01e285eb62,TG,TG:retrieval:24dd4b9f75409d,TG:retrieval:f0a01691b93657,radial distribution of coordinating water molecules,adsorption of water molecules and heat,1,1,char_ngram_tfidf,0.316861,0.0,False,unreviewed_candidate,,,no_role_eligible_member_on_at_least_one_side
pair:1c122274b1c3588f,TG,TG:retrieval:24dd4b9f75409d,TG:retrieval:4c908e59029d33,radial distribution of coordinating water molecules,hydrogen bonds between water molecules,1,1,char_ngram_tfidf,0.316153,0.0,False,unreviewed_candidate,,,no_role_eligible_member_on_at_least_one_side
pair:cd7fc673dd93fb1b,TG,TG:retrieval:5158ccfb155c76,TG:retrieval:bcbbc70c329462,interfacial resistance,resistance barrier,1,1,char_ngram_tfidf,0.314153,0.0,False,unreviewed_candidate,,,no_role_eligible_member_on_at_least_one_side
pair:b42569c7486b2456,TG,TG:retrieval:02a4b85354ccdd,TG:retrieval:fd5eef830898e5,thermogalvanic cell,measurements of the thermogalvanic profile,1,1,char_ngram_tfidf,0.313639,0.0,False,unreviewed_candidate,,,no_role_eligible_member_on_at_least_one_side
pair:c0a33100bcec2ee8,TG,TG:retrieval:9b6038c8746fbb,TG:retrieval:fd5eef830898e5,thermogalvanic effect,measurements of the thermogalvanic profile,9,1,char_ngram_tfidf,0.312245,0.0,False,unreviewed_candidate,,,no_role_eligible_member_on_at_least_one_side
pair:4eeb31c27785293d,TG,TG:retrieval:02a4b85354ccdd,TG:retrieval:0be5b5898d9265,thermogalvanic cell,iodide/triiodide thermogalvanic redox couple,1,1,char_ngram_tfidf,0.309368,0.0,False,unreviewed_candidate,,,no_role_eligible_member_on_at_least_one_side
pair:b0f583f72fe21e0f,TG,TG:retrieval:23c3c8cef5e003,TG:retrieval:bcbbc70c329462,low-resistance electrolyte,resistance barrier,1,1,char_ngram_tfidf,0.309354,0.0,False,unreviewed_candidate,,,no_role_eligible_member_on_at_least_one_side
pair:1dae29e249e9556f,TG,TG:retrieval:ace458e2f086e4,TG:retrieval:fbfc4f0e0f55f9,eutectic properties of DES,non-drying properties,1,1,char_ngram_tfidf,0.30873,0.0,False,unreviewed_candidate,,,no_role_eligible_member_on_at_least_one_side
pair:4962a45fb0e31198,TG,TG:retrieval:5c89b1df4b9bff,TG:retrieval:b96dc01d2756b5,solid-electrolyte cell,quasi-solid state electrolytes,1,1,char_ngram_tfidf,0.308354,0.0,False,unreviewed_candidate,,,no_role_eligible_member_on_at_least_one_side
pair:116e65bd57a58b0d,TG,TG:retrieval:915afdc8929aa0,TG:retrieval:d9173d809b43eb,thermoelectricity,thermoelectric measurement technique,1,1,char_ngram_tfidf,0.308206,0.0,False,unreviewed_candidate,,,no_role_eligible_member_on_at_least_one_side
pair:c04c7be79af0f510,TG,TG:retrieval:61aa736ef45d5a,TG:retrieval:d9173d809b43eb,thermoelectric effect,thermoelectric measurement technique,1,1,char_ngram_tfidf,0.307861,0.0,False,unreviewed_candidate,,,no_role_eligible_member_on_at_least_one_side
pair:fc52312ad8ca660a,TG,TG:retrieval:d79e59b1b9284b,TG:retrieval:fd5eef830898e5,thermogalvanic reaction,measurements of the thermogalvanic profile,1,1,char_ngram_tfidf,0.307011,0.0,False,unreviewed_candidate,,,no_role_eligible_member_on_at_least_one_side
pair:dc3d363d25091850,TG,TG:retrieval:1c5097964d9024,TG:retrieval:c2cf0276eeb973,thermogalvanic iodine-induced corrosion of the stainless steel,thermogalvanic (TG) corrosion intensity,1,1,char_ngram_tfidf,0.306647,0.0,False,unreviewed_candidate,,,no_role_eligible_member_on_at_least_one_side
pair:cfb6be8ceb3b49c7,TG,TG:retrieval:a2d44f8be49824,TG:retrieval:b637d64d1c0529,thermodiffusion effect of electrolyte,interfacial effect of microstructure-electrolyte solution,1,1,char_ngram_tfidf,0.306293,0.0,False,unreviewed_candidate,,,no_role_eligible_member_on_at_least_one_side
pair:3f954763579a6300,TG,TG:retrieval:19a228690b06e0,TG:retrieval:e2af118701e598,asymmetric solvation structures,asymmetry of the spin-mixing,1,1,char_ngram_tfidf,0.305946,0.0,False,unreviewed_candidate,,,no_role_eligible_member_on_at_least_one_side
pair:6c6fca199fc19c5a,TG,TG:retrieval:10b98647369e7b,TG:retrieval:ace458e2f086e4,colligative properties,eutectic properties of DES,1,1,char_ngram_tfidf,0.30586,0.0,False,unreviewed_candidate,,,no_role_eligible_member_on_at_least_one_side
pair:e9777fd27803cd1b,TG,TG:retrieval:c6d38e57557327,TG:retrieval:d9173d809b43eb,thermoelectric power,thermoelectric measurement technique,2,1,char_ngram_tfidf,0.305621,0.0,False,unreviewed_candidate,,,no_role_eligible_member_on_at_least_one_side
pair:a60a6de603a3b04a,TG,TG:retrieval:5158ccfb155c76,TG:retrieval:59d4170d459cc9,interfacial resistance,structural disorder and interfacial entropy,1,1,char_ngram_tfidf,0.304385,0.0,False,unreviewed_candidate,,,no_role_eligible_member_on_at_least_one_side
pair:d352cd63fb137cd6,TG,TG:retrieval:40038d1502d0e9,TG:retrieval:bcbbc70c329462,resistance of the ion exchange membrane,resistance barrier,1,1,char_ngram_tfidf,0.304181,0.0,False,unreviewed_candidate,,,no_role_eligible_member_on_at_least_one_side
pair:b959c826b3b347cf,TG,TG:retrieval:01cb523d2855e9,TG:retrieval:99cd8f86129b8e,maximum power density of 660 mW m(-1),output power density,1,1,char_ngram_tfidf,0.303592,0.0,False,unreviewed_candidate,,,no_role_eligible_member_on_at_least_one_side
pair:454534b9291dad7a,TG,TG:retrieval:59d4170d459cc9,TG:retrieval:b637d64d1c0529,structural disorder and interfacial entropy,interfacial effect of microstructure-electrolyte solution,1,1,char_ngram_tfidf,0.303537,0.0,False,unreviewed_candidate,,,no_role_eligible_member_on_at_least_one_side
pair:a919df3ba1709605,TG,TG:retrieval:70ca2912d4b104,TG:retrieval:fd5eef830898e5,thermogalvanic redox,measurements of the thermogalvanic profile,1,1,char_ngram_tfidf,0.302821,0.0,False,unreviewed_candidate,,,no_role_eligible_member_on_at_least_one_side
pair:dfabcd3190435027,TG,TG:retrieval:5158ccfb155c76,TG:retrieval:b637d64d1c0529,interfacial resistance,interfacial effect of microstructure-electrolyte solution,1,1,char_ngram_tfidf,0.302449,0.0,False,unreviewed_candidate,,,no_role_eligible_member_on_at_least_one_side
pair:834c874e977f25fc,TG,TG:retrieval:5f2aaf7b523a5d,TG:retrieval:bcbbc70c329462,electron transfer resistance,resistance barrier,1,1,char_ngram_tfidf,0.301662,0.0,False,unreviewed_candidate,,,no_role_eligible_member_on_at_least_one_side
pair:7ba51f7bbcbd641a,TG,TG:retrieval:7839ae4319ac3f,TG:retrieval:7c3e38945087dc,reducing the volume of thermally diffused ions,reducing the mass transfer and ion transfer resistance,1,1,char_ngram_tfidf,0.299463,0.0,False,unreviewed_candidate,,,no_role_eligible_member_on_at_least_one_side
pair:1e914d81d300c8c0,TG,TG:retrieval:1ef8f728cf1ae0,TG:retrieval:24dd4b9f75409d,interfacial free energy with water molecules,radial distribution of coordinating water molecules,1,1,char_ngram_tfidf,0.29916,0.0,False,unreviewed_candidate,,,no_role_eligible_member_on_at_least_one_side
pair:2cc2040f6c495f82,TG,TG:retrieval:5c89b1df4b9bff,TG:retrieval:5f67823c585c24,solid-electrolyte cell,electrolyte concentration distribution,1,1,char_ngram_tfidf,0.298394,0.0,False,unreviewed_candidate,,,no_role_eligible_member_on_at_least_one_side
pair:6cba1400c88731cc,TG,TG:retrieval:8cd0541cb0e793,TG:retrieval:bcbbc70c329462,mass transfer resistance,resistance barrier,1,1,char_ngram_tfidf,0.29765,0.0,False,unreviewed_candidate,,,no_role_eligible_member_on_at_least_one_side
pair:feaf02442bf23a54,TG,TG:retrieval:24dd4b9f75409d,TG:retrieval:5f67823c585c24,radial distribution of coordinating water molecules,electrolyte concentration distribution,1,1,char_ngram_tfidf,0.296914,0.0,False,unreviewed_candidate,,,no_role_eligible_member_on_at_least_one_side
pair:8c5b82a19cefcc1e,TG,TG:retrieval:1815c3e6aaa900,TG:retrieval:d9173d809b43eb,thermoelectric current,thermoelectric measurement technique,1,1,char_ngram_tfidf,0.296706,0.0,False,unreviewed_candidate,,,no_role_eligible_member_on_at_least_one_side
pair:acc8d1ee2dbc1fa9,TG,TG:retrieval:12336f13d7cf72,TG:retrieval:8c2d1193dcc615,ionic kinetics,redox kinetic rate of Q/HQ,1,1,char_ngram_tfidf,0.293726,0.0,False,unreviewed_candidate,,,no_role_eligible_member_on_at_least_one_side
pair:2a93b4db01678297,TG,TG:retrieval:c63eb3b24487a0,TG:retrieval:fd5eef830898e5,thermogalvanic effects,measurements of the thermogalvanic profile,2,1,char_ngram_tfidf,0.293204,0.0,False,unreviewed_candidate,,,no_role_eligible_member_on_at_least_one_side
pair:aff3126590a571be,TG,TG:retrieval:0d7dd542b4c314,TG:retrieval:b637d64d1c0529,thermo-diffusion effect of electrolyte ions,interfacial effect of microstructure-electrolyte solution,1,1,char_ngram_tfidf,0.292727,0.0,False,unreviewed_candidate,,,no_role_eligible_member_on_at_least_one_side
pair:e68fcc8ae2adb7b8,TG,TG:retrieval:60e03f36936b52,TG:retrieval:b637d64d1c0529,fractal microstructure of the hydrogel,interfacial effect of microstructure-electrolyte solution,1,1,char_ngram_tfidf,0.292559,0.0,False,unreviewed_candidate,,,no_role_eligible_member_on_at_least_one_side
pair:a460d65a5ff9ee4f,TG,TG:retrieval:d7e5b3feacf98c,TG:retrieval:fbfc4f0e0f55f9,thermodynamic and kinetic properties,non-drying properties,1,1,char_ngram_tfidf,0.291146,0.0,False,unreviewed_candidate,,,no_role_eligible_member_on_at_least_one_side
pair:9836eddb5a14f559,TG,TG:retrieval:5ade136506b22f,TG:retrieval:d9155b0b25ea71,electrode composition,electrode kinetics,1,1,char_ngram_tfidf,0.290134,0.0,False,unreviewed_candidate,,,no_role_eligible_member_on_at_least_one_side
pair:ac10a05c39139689,TG,TG:retrieval:1aa8b41b4be2f2,TG:retrieval:c2cf0276eeb973,corrosion rates,thermogalvanic (TG) corrosion intensity,1,1,char_ngram_tfidf,0.289532,0.0,False,unreviewed_candidate,,,no_role_eligible_member_on_at_least_one_side
pair:5d5ffd0ff35df21d,TG,TG:retrieval:59d4170d459cc9,TG:retrieval:67671a2f53dd91,structural disorder and interfacial entropy,entropy,1,1,char_ngram_tfidf,0.288798,0.0,False,unreviewed_candidate,,,no_role_eligible_member_on_at_least_one_side
pair:4debcbdac6b5db35,TG,TG:retrieval:10b98647369e7b,TG:retrieval:d7e5b3feacf98c,colligative properties,thermodynamic and kinetic properties,1,1,char_ngram_tfidf,0.28844,0.0,False,unreviewed_candidate,,,no_role_eligible_member_on_at_least_one_side
pair:c8288262bd42f73f,TG,TG:retrieval:06e664365b425b,TG:retrieval:d9155b0b25ea71,electrode spacing,electrode kinetics,1,1,char_ngram_tfidf,0.287656,0.0,False,unreviewed_candidate,,,no_role_eligible_member_on_at_least_one_side
pair:dc95371563ee8185,TG,TG:retrieval:07b7f57f9beff2,TG:retrieval:ace458e2f086e4,anti-freezing properties,eutectic properties of DES,1,1,char_ngram_tfidf,0.287085,0.0,False,unreviewed_candidate,,,no_role_eligible_member_on_at_least_one_side
pair:67f14a333818c669,TG,TG:retrieval:34d4da4fbad383,TG:retrieval:c2cf0276eeb973,corrosion area,thermogalvanic (TG) corrosion intensity,1,1,char_ngram_tfidf,0.286896,0.0,False,unreviewed_candidate,,,no_role_eligible_member_on_at_least_one_side
pair:c96e6e856203ea89,TG,TG:retrieval:b264adde8ca5df,TG:retrieval:c63eb3b24487a0,chaotropic effect,thermogalvanic effects,1,2,char_ngram_tfidf,0.286834,0.0,False,unreviewed_candidate,,,no_role_eligible_member_on_at_least_one_side
pair:54296949c7d79ee0,TG,TG:retrieval:03b9dc6eed5cec,TG:retrieval:21627172ed7cec,thermogalvanic cells (TGCs),double-layer thermogalvanic cell (DTGC) architecture,1,1,char_ngram_tfidf,0.28616,0.0,False,unreviewed_candidate,,,no_role_eligible_member_on_at_least_one_side
pair:1b1134d93e1ae833,TG,TG:retrieval:24dd4b9f75409d,TG:retrieval:2c7fc669e088ad,radial distribution of coordinating water molecules,"distributions of ions, molecule net charge, and electrical potential",1,1,char_ngram_tfidf,0.28464,0.0,False,unreviewed_candidate,,,no_role_eligible_member_on_at_least_one_side
pair:407b53e0d5c69399,TG,TG:retrieval:e27095093d22d5,TG:retrieval:fd5eef830898e5,thermogalvanic conversion,measurements of the thermogalvanic profile,1,1,char_ngram_tfidf,0.281995,0.0,False,unreviewed_candidate,,,no_role_eligible_member_on_at_least_one_side
pair:18d5844ef4c3eb1c,TG,TG:retrieval:5c89b1df4b9bff,TG:retrieval:bd7e500f8cd4cb,solid-electrolyte cell,electrolyte infiltration,1,1,char_ngram_tfidf,0.280782,0.0,False,unreviewed_candidate,,,no_role_eligible_member_on_at_least_one_side
pair:09b4fe70036b798c,TG,TG:retrieval:db1bc343f0107a,TG:retrieval:eb3ecba58fb7c9,thermocell with hydrogen gas electrodes and a proton exchange membrane,transport of the hydrogen ions inside the membrane,1,1,char_ngram_tfidf,0.280069,0.0,False,unreviewed_candidate,,,no_role_eligible_member_on_at_least_one_side
pair:bb358177bc316e61,TG,TG:retrieval:5c89b1df4b9bff,TG:retrieval:7557da1a7f647f,solid-electrolyte cell,gelled electrolytes,1,2,char_ngram_tfidf,0.278793,0.0,False,unreviewed_candidate,,,no_role_eligible_member_on_at_least_one_side
pair:bee5deda36a79e06,TG,TG:retrieval:2ad4a672107db5,TG:retrieval:ace458e2f086e4,mechanical tensile properties,eutectic properties of DES,1,1,char_ngram_tfidf,0.278491,0.0,False,unreviewed_candidate,,,no_role_eligible_member_on_at_least_one_side
pair:de14a1b6295d9051,TG,TG:retrieval:02a4b85354ccdd,TG:retrieval:8f8dbca0aaa729,thermogalvanic cell,"thermogalvanic, piezoionic, and diffusion mechanisms",1,1,char_ngram_tfidf,0.275569,0.0,False,unreviewed_candidate,,,no_role_eligible_member_on_at_least_one_side
pair:63045e15064ab616,TG,TG:retrieval:0f9bdfc89ff537,TG:retrieval:fd5eef830898e5,Thermogalvanic corrosion,measurements of the thermogalvanic profile,1,1,char_ngram_tfidf,0.27456,0.0,False,unreviewed_candidate,,,no_role_eligible_member_on_at_least_one_side
pair:37ae45166fd1ee0d,TG,TG:retrieval:02a4b85354ccdd,TG:retrieval:05e55f64f7549c,thermogalvanic cell,thermogalvanic effect of a redox couple (C=O/C-O-NH4+),1,1,char_ngram_tfidf,0.27238,0.0,False,unreviewed_candidate,,,no_role_eligible_member_on_at_least_one_side
pair:4729d3f16e9010e4,TG,TG:retrieval:1691d0aeb8fc75,TG:retrieval:59d4170d459cc9,interfacial charge transfer,structural disorder and interfacial entropy,1,1,char_ngram_tfidf,0.272216,0.0,False,unreviewed_candidate,,,no_role_eligible_member_on_at_least_one_side
pair:ee7182c5a486c694,TG,TG:retrieval:02a4b85354ccdd,TG:retrieval:b8e1c822fc506b,thermogalvanic cell,asymmetric cells,1,1,char_ngram_tfidf,0.272115,0.0,False,unreviewed_candidate,,,no_role_eligible_member_on_at_least_one_side
pair:64e26a0f7be5a6dd,TG,TG:retrieval:12336f13d7cf72,TG:retrieval:d7e5b3feacf98c,ionic kinetics,thermodynamic and kinetic properties,1,1,char_ngram_tfidf,0.271599,0.0,False,unreviewed_candidate,,,no_role_eligible_member_on_at_least_one_side
pair:03986d4e9b785558,TG,TG:retrieval:ace458e2f086e4,TG:retrieval:c9c9b8fc2a5cd4,eutectic properties of DES,thermopower and mechanical properties,1,1,char_ngram_tfidf,0.271589,0.0,False,unreviewed_candidate,,,no_role_eligible_member_on_at_least_one_side
pair:1f90301fa2a5c4a0,TG,TG:retrieval:9595cc35bf245a,TG:retrieval:fd5eef830898e5,entropy difference of thermogalvanic ions,measurements of the thermogalvanic profile,1,1,char_ngram_tfidf,0.27086,0.0,False,unreviewed_candidate,,,no_role_eligible_member_on_at_least_one_side
pair:6f0862f0f2b3b699,TG,TG:retrieval:07b7f57f9beff2,TG:retrieval:d7e5b3feacf98c,anti-freezing properties,thermodynamic and kinetic properties,1,1,char_ngram_tfidf,0.270734,0.0,False,unreviewed_candidate,,,no_role_eligible_member_on_at_least_one_side
pair:dbb5af0f85063bbb,TG,TG:retrieval:1691d0aeb8fc75,TG:retrieval:b637d64d1c0529,interfacial charge transfer,interfacial effect of microstructure-electrolyte solution,1,1,char_ngram_tfidf,0.270484,0.0,False,unreviewed_candidate,,,no_role_eligible_member_on_at_least_one_side
pair:025d7f2ef7bfbcaa,TG,TG:retrieval:78ae49088f9c50,TG:retrieval:f7c9b0013d99d9,evaporation of the solvent,degrees of freedom and ordering of the solvent,1,1,char_ngram_tfidf,0.270041,0.0,False,unreviewed_candidate,,,no_role_eligible_member_on_at_least_one_side
pair:2a50fa8b02cf3b81,TG,TG:retrieval:8c2d1193dcc615,TG:retrieval:d9155b0b25ea71,redox kinetic rate of Q/HQ,electrode kinetics,1,1,char_ngram_tfidf,0.269411,0.0,False,unreviewed_candidate,,,no_role_eligible_member_on_at_least_one_side
pair:9b2db4a942eb523c,TG,TG:retrieval:c1c65175e9223a,TG:retrieval:fbf604c3022ec2,redox solvation entropy,altered solvation,1,1,char_ngram_tfidf,0.268896,0.0,False,unreviewed_candidate,,,no_role_eligible_member_on_at_least_one_side
pair:b02ad492b5e9eba5,TG,TG:retrieval:aec74c96d338ff,TG:retrieval:d7e5b3feacf98c,redox kinetics,thermodynamic and kinetic properties,1,1,char_ngram_tfidf,0.267797,0.0,False,unreviewed_candidate,,,no_role_eligible_member_on_at_least_one_side
pair:a5f0a99a167cf49a,TG,TG:retrieval:6c33ba688dbb91,TG:retrieval:d9173d809b43eb,thermoelectric hydrogel,thermoelectric measurement technique,1,1,char_ngram_tfidf,0.267342,0.0,False,unreviewed_candidate,,,no_role_eligible_member_on_at_least_one_side
pair:bd39cc1dee6d0e7b,TG,TG:retrieval:69a60adb03910f,TG:retrieval:d9173d809b43eb,thermoelectric voltage,thermoelectric measurement technique,1,1,char_ngram_tfidf,0.266311,0.0,False,unreviewed_candidate,,,no_role_eligible_member_on_at_least_one_side
pair:b778233703a56398,TG,TG:retrieval:b264adde8ca5df,TG:retrieval:c8464c42914f5c,chaotropic effect,Soret effect,1,2,char_ngram_tfidf,0.265837,0.0,False,unreviewed_candidate,,,no_role_eligible_member_on_at_least_one_side
pair:c2c33fb2944175c2,TG,TG:retrieval:02a4b85354ccdd,TG:retrieval:1c5097964d9024,thermogalvanic cell,thermogalvanic iodine-induced corrosion of the stainless steel,1,1,char_ngram_tfidf,0.265397,0.0,False,unreviewed_candidate,,,no_role_eligible_member_on_at_least_one_side
pair:800bba68165e61f9,TG,TG:retrieval:12336f13d7cf72,TG:retrieval:92f7b48754bdf7,ionic kinetics,kinetic rate constants,1,1,char_ngram_tfidf,0.262364,0.0,False,unreviewed_candidate,,,no_role_eligible_member_on_at_least_one_side
pair:168b5ed325e1f0fd,TG,TG:retrieval:521028e56e2f46,TG:retrieval:ace458e2f086e4,compliant mechanical properties,eutectic properties of DES,1,1,char_ngram_tfidf,0.260016,0.0,False,unreviewed_candidate,,,no_role_eligible_member_on_at_least_one_side
pair:d40882a771cb7314,TG,TG:retrieval:8e5ef99c294adf,TG:retrieval:b087c34312609c,self-assembled asymmetric electrodes,ISV and 3-electrode assemblies,1,1,char_ngram_tfidf,0.259432,0.0,False,unreviewed_candidate,,,no_role_eligible_member_on_at_least_one_side
pair:917823fa8745a5d1,TG,TG:retrieval:01cb523d2855e9,TG:retrieval:76d0b7fc262095,maximum power density of 660 mW m(-1),efficiency and power density,1,1,char_ngram_tfidf,0.258293,0.0,False,unreviewed_candidate,,,no_role_eligible_member_on_at_least_one_side
pair:88f0ca8eb25398af,TG,TG:retrieval:50c6297b967ffb,TG:retrieval:d9173d809b43eb,thermoelectric properties,thermoelectric measurement technique,1,1,char_ngram_tfidf,0.257432,0.0,False,unreviewed_candidate,,,no_role_eligible_member_on_at_least_one_side
pair:c6f6c39618703676,TG,TG:retrieval:51ec1a0d080fc4,TG:retrieval:fbf604c3022ec2,alternating current power,altered solvation,1,1,char_ngram_tfidf,0.255948,0.0,False,unreviewed_candidate,,,no_role_eligible_member_on_at_least_one_side
pair:def81b34956d38d6,TG,TG:retrieval:fbf604c3022ec2,TG:retrieval:fe6ba53124bd1a,altered solvation,solvation entropy,1,1,char_ngram_tfidf,0.254183,0.0,False,unreviewed_candidate,,,no_role_eligible_member_on_at_least_one_side
pair:e919e38e500405e6,TG,TG:retrieval:3da072c2200bc3,TG:retrieval:d7e5b3feacf98c,reaction kinetics,thermodynamic and kinetic properties,1,1,char_ngram_tfidf,0.254073,0.0,False,unreviewed_candidate,,,no_role_eligible_member_on_at_least_one_side
pair:2526aea8b00526fb,TG,TG:retrieval:883afa48254db5,TG:retrieval:b8cf517bf9506e,impedance analysis,electrostatic electrocatalysis,1,1,char_ngram_tfidf,0.253945,0.0,False,unreviewed_candidate,,,no_role_eligible_member_on_at_least_one_side
pair:602e2eb2a6a5e70b,TG,TG:retrieval:59d4170d459cc9,TG:retrieval:669a448f68a152,structural disorder and interfacial entropy,interfacial resistance gating,1,1,char_ngram_tfidf,0.25312,0.0,False,unreviewed_candidate,,,no_role_eligible_member_on_at_least_one_side
pair:3eb9facac2c0534a,TG,TG:retrieval:47c4d9f6e5c056,TG:retrieval:535de2f2dba351,high temperatures,extracting self-existent intrinsic temperature features,1,1,char_ngram_tfidf,0.252272,0.0,False,unreviewed_candidate,,,no_role_eligible_member_on_at_least_one_side
pair:23e486591562cfdf,TG,TG:retrieval:669a448f68a152,TG:retrieval:b637d64d1c0529,interfacial resistance gating,interfacial effect of microstructure-electrolyte solution,1,1,char_ngram_tfidf,0.25151,0.0,False,unreviewed_candidate,,,no_role_eligible_member_on_at_least_one_side
pair:a8b1cfc4e6e38610,TG,TG:retrieval:5c16250fd4bb69,TG:retrieval:f37775a904fb2d,sensitivity,active piezoresistivity,2,1,char_ngram_tfidf,0.251416,0.0,False,unreviewed_candidate,,,no_role_eligible_member_on_at_least_one_side
pair:6384a86b81bfcf28,TG,TG:retrieval:05caf78eab06c8,TG:retrieval:f37775a904fb2d,effective thermal conductivity,active piezoresistivity,1,1,char_ngram_tfidf,0.251142,0.0,False,unreviewed_candidate,,,no_role_eligible_member_on_at_least_one_side
pair:e17e01ea7f4a88c1,iTE,iTE:retrieval:98a76f51a6ab38,iTE:retrieval:9f670d6feacf26,iTEG,ITEG,1,1,case_whitespace_literal;char_ngram_tfidf,1.0,0.0,True,unreviewed_candidate,,,no_role_eligible_member_on_at_least_one_side
pair:d0dd849539a2960d,iTE,iTE:retrieval:61aa736ef45d5a,iTE:retrieval:80b1fc0098f080,thermoelectric effect,ionic thermoelectric effect,1,2,char_ngram_tfidf,0.856379,0.0,False,unreviewed_candidate,,,no_role_eligible_member_on_at_least_one_side
pair:7e8da3ee815d664b,iTE,iTE:retrieval:113ee0f74fb18c,iTE:retrieval:c6d38e57557327,electronic thermoelectric power,thermoelectric power,1,5,char_ngram_tfidf,0.816867,0.0,False,unreviewed_candidate,,,no_role_eligible_member_on_at_least_one_side
pair:e03c35ec96ab492f,iTE,iTE:retrieval:8116177bebb862,iTE:retrieval:b979b1711e1f58,difference in diffusion rates between cations and anions,diffusion difference between cations and anions,1,1,char_ngram_tfidf,0.811005,0.0,False,unreviewed_candidate,,,no_role_eligible_member_on_at_least_one_side
pair:61b2d34a6c10fdf2,iTE,iTE:retrieval:15c0bd9c6f7a98,iTE:retrieval:72eb79e711f674,electrical conductivity and Seebeck coefficient,Seebeck coefficient and electrical conductivity,1,2,char_ngram_tfidf,0.797845,0.0,False,unreviewed_candidate,,,no_role_eligible_member_on_at_least_one_side
pair:7f39911693b1a03b,iTE,iTE:retrieval:15c0bd9c6f7a98,iTE:retrieval:612136aec2c734,electrical conductivity and Seebeck coefficient,high electrical conductivity and low Seebeck coefficient,1,1,char_ngram_tfidf,0.787606,0.0,False,unreviewed_candidate,,,no_role_eligible_member_on_at_least_one_side
pair:a9b3cd9b90c5c0b6,iTE,iTE:retrieval:3428a37d329148,iTE:retrieval:80b1fc0098f080,p-type ionic thermoelectric effect,ionic thermoelectric effect,1,2,char_ngram_tfidf,0.777692,0.0,False,unreviewed_candidate,,,no_role_eligible_member_on_at_least_one_side
pair:6a002378840c49bf,iTE,iTE:retrieval:59977aebb1a2b5,iTE:retrieval:60d4d5b6d32241,variation of Seebeck coefficients,variation of Seebeck coefficient and resistivity,1,1,char_ngram_tfidf,0.777106,0.0,False,unreviewed_candidate,,,no_role_eligible_member_on_at_least_one_side
pair:ce4ff15281508ab8,iTE,iTE:retrieval:b979b1711e1f58,iTE:retrieval:d3aef6fdc07eae,diffusion difference between cations and anions,mobility difference between cations and anions,1,1,char_ngram_tfidf,0.770319,0.0,False,unreviewed_candidate,,,no_role_eligible_member_on_at_least_one_side
pair:187372721cfa0203,iTE,iTE:retrieval:509a16f5eab3b7,iTE:retrieval:61aa736ef45d5a,photothermoelectric effect,thermoelectric effect,1,1,char_ngram_tfidf,0.751445,0.0,False,unreviewed_candidate,,,no_role_eligible_member_on_at_least_one_side
pair:0afbdb6059f59460,iTE,iTE:retrieval:875000bc0cea5d,iTE:retrieval:c4f6aa1088da41,small polaron hopping (SPH) model,small polaron hopping model,1,1,char_ngram_tfidf,0.748992,0.0,False,unreviewed_candidate,,,no_role_eligible_member_on_at_least_one_side
pair:c56f21e85f7763e9,iTE,iTE:retrieval:5be34b8d601a2c,iTE:retrieval:c4f6aa1088da41,small polaron hopping mechanism,small polaron hopping model,1,1,char_ngram_tfidf,0.7457,0.0,False,unreviewed_candidate,,,no_role_eligible_member_on_at_least_one_side
pair:c60df9efab1190b3,iTE,iTE:retrieval:2f8d9263157d92,iTE:retrieval:b979b1711e1f58,migration rate difference between cations and anions,diffusion difference between cations and anions,1,1,char_ngram_tfidf,0.734095,0.0,False,unreviewed_candidate,,,no_role_eligible_member_on_at_least_one_side
pair:a9ca1a346b44527c,iTE,iTE:retrieval:fb87a8b73f9fe7,iTE:retrieval:fc1fe2b7c4a48b,phonon scattering rate,phonon scattering processes and scattering rate,1,1,char_ngram_tfidf,0.727105,0.0,False,unreviewed_candidate,,,no_role_eligible_member_on_at_least_one_side
pair:893debc159495fba,iTE,iTE:retrieval:33feb040eff587,iTE:retrieval:b979b1711e1f58,concentration difference between anions and cations,diffusion difference between cations and anions,1,1,char_ngram_tfidf,0.726475,0.0,False,unreviewed_candidate,,,no_role_eligible_member_on_at_least_one_side
pair:c5b256ba63d6c8e8,iTE,iTE:retrieval:06cf8ae0b1c560,iTE:retrieval:8128615dda60fe,transport properties at low T,transport properties,1,1,char_ngram_tfidf,0.722781,0.0,False,unreviewed_candidate,,,no_role_eligible_member_on_at_least_one_side
pair:f60da6b598c1eebe,iTE,iTE:retrieval:113ee0f74fb18c,iTE:retrieval:12a706b7d29ef9,electronic thermoelectric power,electronic thermopower,1,1,char_ngram_tfidf,0.71133,0.0,False,unreviewed_candidate,,,no_role_eligible_member_on_at_least_one_side
pair:3f768e82486e9046,iTE,iTE:retrieval:48a45f5d57f5a5,iTE:retrieval:60ed880ac621c9,electrochemical Seebeck coefficients,electrochemical Seebeck effect,1,1,char_ngram_tfidf,0.707717,0.0,False,unreviewed_candidate,,,no_role_eligible_member_on_at_least_one_side
pair:a98173c88d90fc72,iTE,iTE:retrieval:60ed880ac621c9,iTE:retrieval:7ce2b33e04f32b,electrochemical Seebeck effect,electrochemical effect,1,1,char_ngram_tfidf,0.704514,0.0,False,unreviewed_candidate,,,no_role_eligible_member_on_at_least_one_side
pair:335a9f8f6f2b6cee,iTE,iTE:retrieval:612136aec2c734,iTE:retrieval:72eb79e711f674,high electrical conductivity and low Seebeck coefficient,Seebeck coefficient and electrical conductivity,1,2,char_ngram_tfidf,0.696007,0.0,False,unreviewed_candidate,,,no_role_eligible_member_on_at_least_one_side
pair:6695d65ae215b504,iTE,iTE:retrieval:09fd1f02ad5e1d,iTE:retrieval:72eb79e711f674,Seebeck coefficient,Seebeck coefficient and electrical conductivity,58,2,char_ngram_tfidf,0.682853,0.0,False,unreviewed_candidate,,,no_role_eligible_member_on_at_least_one_side
pair:c3a4984a8f0704e5,iTE,iTE:retrieval:509a16f5eab3b7,iTE:retrieval:80b1fc0098f080,photothermoelectric effect,ionic thermoelectric effect,1,2,char_ngram_tfidf,0.680624,0.0,False,unreviewed_candidate,,,no_role_eligible_member_on_at_least_one_side
pair:65c7948fd170a2ea,iTE,iTE:retrieval:113ee0f74fb18c,iTE:retrieval:3a35dbaea5ea58,electronic thermoelectric power,larger thermoelectric power,1,1,char_ngram_tfidf,0.67612,0.0,False,unreviewed_candidate,,,no_role_eligible_member_on_at_least_one_side
pair:94842f692d60b750,iTE,iTE:retrieval:8b45ef5352aa70,iTE:retrieval:a8070ed6b621d0,anharmonicity and disorder,anharmonicity,1,2,char_ngram_tfidf,0.673727,0.0,False,unreviewed_candidate,,,no_role_eligible_member_on_at_least_one_side
pair:9c5ffee06606a156,iTE,iTE:retrieval:09fd1f02ad5e1d,iTE:retrieval:15c0bd9c6f7a98,Seebeck coefficient,electrical conductivity and Seebeck coefficient,58,1,char_ngram_tfidf,0.668425,0.0,False,unreviewed_candidate,,,no_role_eligible_member_on_at_least_one_side
pair:852223a0a27e8748,iTE,iTE:retrieval:b979b1711e1f58,iTE:retrieval:ed63e1c527d7ca,diffusion difference between cations and anions,mobility difference between anions and cations,1,1,char_ngram_tfidf,0.667395,0.0,False,unreviewed_candidate,,,no_role_eligible_member_on_at_least_one_side
pair:44da46ee95410d09,iTE,iTE:retrieval:72eb79e711f674,iTE:retrieval:b99fead199ac03,Seebeck coefficient and electrical conductivity,Seebeck coefficients,2,8,char_ngram_tfidf,0.660391,0.0,False,unreviewed_candidate,,,no_role_eligible_member_on_at_least_one_side
pair:277dc012758d605a,iTE,iTE:retrieval:1834d3840098fc,iTE:retrieval:1c78a3ae57bc27,high ionic conductivity,high ionic conductivity and chemical stability,1,1,char_ngram_tfidf,0.653525,0.0,False,unreviewed_candidate,,,no_role_eligible_member_on_at_least_one_side
pair:8df2a0a4a9e5985f,iTE,iTE:retrieval:65f9054e2a5168,iTE:retrieval:8b45ef5352aa70,strong lattice anharmonicity and dynamic disorder,anharmonicity and disorder,1,1,char_ngram_tfidf,0.6503,0.0,False,unreviewed_candidate,,,no_role_eligible_member_on_at_least_one_side
pair:0f1e851b816012d7,iTE,iTE:retrieval:15c0bd9c6f7a98,iTE:retrieval:76c4de7e8f4d49,electrical conductivity and Seebeck coefficient,ionic Seebeck coefficient,1,9,char_ngram_tfidf,0.649226,0.0,False,unreviewed_candidate,,,no_role_eligible_member_on_at_least_one_side
pair:94a0bca5dbc6b4aa,iTE,iTE:retrieval:60ed880ac621c9,iTE:retrieval:7ac8f452d7676d,electrochemical Seebeck effect,Seebeck effect,1,2,char_ngram_tfidf,0.642692,0.0,False,unreviewed_candidate,,,no_role_eligible_member_on_at_least_one_side
pair:e698434409525752,iTE,iTE:retrieval:72eb79e711f674,iTE:retrieval:d3f0e844567952,Seebeck coefficient and electrical conductivity,Seebeck coefficient S,2,1,char_ngram_tfidf,0.640721,0.0,False,unreviewed_candidate,,,no_role_eligible_member_on_at_least_one_side
pair:55d614ea74b580a5,iTE,iTE:retrieval:06cf8ae0b1c560,iTE:retrieval:bc781b00b488bc,transport properties at low T,ion transport properties,1,1,char_ngram_tfidf,0.63884,0.0,False,unreviewed_candidate,,,no_role_eligible_member_on_at_least_one_side
pair:5471df640aaa9c85,iTE,iTE:retrieval:0d31299f3ba4e7,iTE:retrieval:3fe6fcca82d666,conduction band activity,conductivity,1,10,char_ngram_tfidf,0.637786,0.0,False,unreviewed_candidate,,,no_role_eligible_member_on_at_least_one_side
pair:29a44b749913ffd4,iTE,iTE:retrieval:064eca1373ac82,iTE:retrieval:b979b1711e1f58,diffusion difference,diffusion difference between cations and anions,1,1,char_ngram_tfidf,0.632998,0.0,False,unreviewed_candidate,,,no_role_eligible_member_on_at_least_one_side
pair:bf55b984fea74cd5,iTE,iTE:retrieval:33606936fb7276,iTE:retrieval:c6d38e57557327,thermoelectric power of the SWCNTs,thermoelectric power,1,5,char_ngram_tfidf,0.632789,0.0,False,unreviewed_candidate,,,no_role_eligible_member_on_at_least_one_side
pair:7a21b48b8d31361a,iTE,iTE:retrieval:113ee0f74fb18c,iTE:retrieval:2402641b8c8836,electronic thermoelectric power,sign of the thermoelectric power,1,1,char_ngram_tfidf,0.631558,0.0,False,unreviewed_candidate,,,no_role_eligible_member_on_at_least_one_side
pair:1f8fafbbac149f17,iTE,iTE:retrieval:1c78a3ae57bc27,iTE:retrieval:e4a88e29a51ea1,high ionic conductivity and chemical stability,stability and conductivity,1,1,char_ngram_tfidf,0.630099,0.0,False,unreviewed_candidate,,,no_role_eligible_member_on_at_least_one_side
pair:c5bbb6991bbeee9a,iTE,iTE:retrieval:064eca1373ac82,iTE:retrieval:7e4cfc6d550f74,diffusion difference,diffusivity differences,1,1,char_ngram_tfidf,0.624133,0.0,False,unreviewed_candidate,,,no_role_eligible_member_on_at_least_one_side
pair:a4310b6fb73d57ad,iTE,iTE:retrieval:15c0bd9c6f7a98,iTE:retrieval:ab75942445ef55,electrical conductivity and Seebeck coefficient,large Seebeck coefficient,1,2,char_ngram_tfidf,0.617022,0.0,False,unreviewed_candidate,,,no_role_eligible_member_on_at_least_one_side
pair:a919491f6c78f3f0,iTE,iTE:retrieval:39c5b067e27f06,iTE:retrieval:65f9054e2a5168,strong anharmonic lattice dynamics,strong lattice anharmonicity and dynamic disorder,1,1,char_ngram_tfidf,0.616721,0.0,False,unreviewed_candidate,,,no_role_eligible_member_on_at_least_one_side
pair:e26a4b777255d4a1,iTE,iTE:retrieval:1f77c42f14d663,iTE:retrieval:5747810cbdc7bb,carrier transport characteristics,carrier transport,1,1,char_ngram_tfidf,0.614499,0.0,False,unreviewed_candidate,,,no_role_eligible_member_on_at_least_one_side
pair:f2cb1d79b93486bf,iTE,iTE:retrieval:0003db55410eeb,iTE:retrieval:4cacf1c1ac363a,thermoelectric conversion system,thermoelectric conversion properties,1,1,char_ngram_tfidf,0.614204,0.0,False,unreviewed_candidate,,,no_role_eligible_member_on_at_least_one_side
pair:f1004b304ce41455,iTE,iTE:retrieval:15c0bd9c6f7a98,iTE:retrieval:b99fead199ac03,electrical conductivity and Seebeck coefficient,Seebeck coefficients,1,8,char_ngram_tfidf,0.612745,0.0,False,unreviewed_candidate,,,no_role_eligible_member_on_at_least_one_side
pair:de9598e46449712d,iTE,iTE:retrieval:190fcadfd790c5,iTE:retrieval:60ed880ac621c9,electronic and ionic Seebeck effect,electrochemical Seebeck effect,1,1,char_ngram_tfidf,0.611994,0.0,False,unreviewed_candidate,,,no_role_eligible_member_on_at_least_one_side
pair:6a3c2fb2f8994937,iTE,iTE:retrieval:064eca1373ac82,iTE:retrieval:151014a3ae7fe4,diffusion difference,diffusion,1,1,char_ngram_tfidf,0.609083,0.0,False,unreviewed_candidate,,,no_role_eligible_member_on_at_least_one_side
pair:84e9b094284b8902,iTE,iTE:retrieval:064eca1373ac82,iTE:retrieval:4fac8675bd5886,diffusion difference,ion concentration difference,1,1,char_ngram_tfidf,0.602643,0.0,False,unreviewed_candidate,,,no_role_eligible_member_on_at_least_one_side
pair:31ac1dc0b1f00e04,iTE,iTE:retrieval:612136aec2c734,iTE:retrieval:b80a95691ac16a,high electrical conductivity and low Seebeck coefficient,high electrical conductivity,1,2,char_ngram_tfidf,0.601768,0.0,False,unreviewed_candidate,,,no_role_eligible_member_on_at_least_one_side
pair:dad8b888046a5081,iTE,iTE:retrieval:15c0bd9c6f7a98,iTE:retrieval:e1c8ecaef3e7f3,electrical conductivity and Seebeck coefficient,ionic Seebeck coefficients,1,1,char_ngram_tfidf,0.600223,0.0,False,unreviewed_candidate,,,no_role_eligible_member_on_at_least_one_side
pair:8955ee568d3b170d,iTE,iTE:retrieval:7634dbafd0d71e,iTE:retrieval:9522827c849eef,thermal diffusion measurements,thermal diffusion,1,1,char_ngram_tfidf,0.600184,0.0,False,unreviewed_candidate,,,no_role_eligible_member_on_at_least_one_side
pair:eef6782abb528589,iTE,iTE:retrieval:15c0bd9c6f7a98,iTE:retrieval:48a45f5d57f5a5,electrical conductivity and Seebeck coefficient,electrochemical Seebeck coefficients,1,1,char_ngram_tfidf,0.599258,0.0,False,unreviewed_candidate,,,no_role_eligible_member_on_at_least_one_side
pair:f22d7b686a08fd38,iTE,iTE:retrieval:863c43d8ea737b,iTE:retrieval:c4f6aa1088da41,small polaron hopping among molybdenum sites,small polaron hopping model,1,1,char_ngram_tfidf,0.594761,0.0,False,unreviewed_candidate,,,no_role_eligible_member_on_at_least_one_side
pair:e79c78b45882632d,iTE,iTE:retrieval:b979b1711e1f58,iTE:retrieval:e8a00270e12d25,diffusion difference between cations and anions,difference in mobility between anions and cations,1,1,char_ngram_tfidf,0.594698,0.0,False,unreviewed_candidate,,,no_role_eligible_member_on_at_least_one_side
pair:12f63784619b5896,iTE,iTE:retrieval:80b1fc0098f080,iTE:retrieval:c7f2d049f3206e,ionic thermoelectric effect,coupled thermoelectric effects,2,1,char_ngram_tfidf,0.593651,0.0,False,unreviewed_candidate,,,no_role_eligible_member_on_at_least_one_side
pair:fb01c65ac4460a8e,iTE,iTE:retrieval:3d1ba83091a993,iTE:retrieval:7634dbafd0d71e,TEP measurements,thermal diffusion measurements,1,1,char_ngram_tfidf,0.591884,0.0,False,unreviewed_candidate,,,no_role_eligible_member_on_at_least_one_side
pair:8db935c25f3411f4,iTE,iTE:retrieval:064eca1373ac82,iTE:retrieval:1a4122951dd4d9,diffusion difference,anion diffusion,1,2,char_ngram_tfidf,0.591239,0.0,False,unreviewed_candidate,,,no_role_eligible_member_on_at_least_one_side
pair:f84e977b63d6674c,iTE,iTE:retrieval:0031b992649289,iTE:retrieval:d2b49b56bea46d,continuous electricity generation,electricity generator,1,1,char_ngram_tfidf,0.589876,0.0,False,unreviewed_candidate,,,no_role_eligible_member_on_at_least_one_side
pair:7801f257b1c4d1af,iTE,iTE:retrieval:15c0bd9c6f7a98,iTE:retrieval:d9b8cd007a4f53,electrical conductivity and Seebeck coefficient,positive Seebeck coefficient,1,2,char_ngram_tfidf,0.588125,0.0,False,unreviewed_candidate,,,no_role_eligible_member_on_at_least_one_side
pair:833811c4be241243,iTE,iTE:retrieval:ebfb798aff9e0e,iTE:retrieval:f524d4b7ce05c4,ionic liquid,kinetics of ionic liquid,2,1,char_ngram_tfidf,0.587797,0.0,False,unreviewed_candidate,,,no_role_eligible_member_on_at_least_one_side
pair:9cef214e4628f650,iTE,iTE:retrieval:65aa6928f9c2bf,iTE:retrieval:80b1fc0098f080,ionic thermoelectric gating,ionic thermoelectric effect,1,2,char_ngram_tfidf,0.587564,0.0,False,unreviewed_candidate,,,no_role_eligible_member_on_at_least_one_side
pair:9947077f64d56942,iTE,iTE:retrieval:4e3b4f76d3e244,iTE:retrieval:80b1fc0098f080,ionic thermoelectric field,ionic thermoelectric effect,1,2,char_ngram_tfidf,0.585815,0.0,False,unreviewed_candidate,,,no_role_eligible_member_on_at_least_one_side
pair:3ba60cd48ed38c69,iTE,iTE:retrieval:73e6361316087d,iTE:retrieval:80b1fc0098f080,ionic thermoelectric coefficient,ionic thermoelectric effect,1,2,char_ngram_tfidf,0.578721,0.0,False,unreviewed_candidate,,,no_role_eligible_member_on_at_least_one_side
pair:9e171ce618be5f04,iTE,iTE:retrieval:06cf8ae0b1c560,iTE:retrieval:a6478684773cd8,transport properties at low T,electronic transport properties,1,2,char_ngram_tfidf,0.578288,0.0,False,unreviewed_candidate,,,no_role_eligible_member_on_at_least_one_side
pair:bb5408270392b58b,iTE,iTE:retrieval:03dafe573dfa9c,iTE:retrieval:113ee0f74fb18c,ionic thermoelectric potential,electronic thermoelectric power,1,1,char_ngram_tfidf,0.576872,0.0,False,unreviewed_candidate,,,no_role_eligible_member_on_at_least_one_side
pair:98f819d1c39bbaae,iTE,iTE:retrieval:72eb79e711f674,iTE:retrieval:76c4de7e8f4d49,Seebeck coefficient and electrical conductivity,ionic Seebeck coefficient,2,9,char_ngram_tfidf,0.576824,0.0,False,unreviewed_candidate,,,no_role_eligible_member_on_at_least_one_side
pair:f89f35f8dcf6c200,iTE,iTE:retrieval:da82a0ca08313b,iTE:retrieval:fc1fe2b7c4a48b,phonon scattering,phonon scattering processes and scattering rate,6,1,char_ngram_tfidf,0.576799,0.0,False,unreviewed_candidate,,,no_role_eligible_member_on_at_least_one_side
pair:9ad533071b262e2d,iTE,iTE:retrieval:0e5812fea1e1d3,iTE:retrieval:15c0bd9c6f7a98,Electrical conductivity,electrical conductivity and Seebeck coefficient,2,1,char_ngram_tfidf,0.57595,0.0,False,unreviewed_candidate,,,no_role_eligible_member_on_at_least_one_side
pair:cd89779901827c21,iTE,iTE:retrieval:3fc645d3ff57b2,iTE:retrieval:e59162163e1dae,electric generation,efficient thermoelectric generator,1,1,char_ngram_tfidf,0.575459,0.0,False,unreviewed_candidate,,,no_role_eligible_member_on_at_least_one_side
pair:c5e934913a5872f2,iTE,iTE:retrieval:8d21aad25b4f12,iTE:retrieval:b979b1711e1f58,thermophoretic mobility difference between the cations and anions,diffusion difference between cations and anions,1,1,char_ngram_tfidf,0.574539,0.0,False,unreviewed_candidate,,,no_role_eligible_member_on_at_least_one_side
pair:ee41483270e6b5d3,iTE,iTE:retrieval:e59162163e1dae,iTE:retrieval:e799b780e83b21,efficient thermoelectric generator,efficient thermoelectric materials,1,1,char_ngram_tfidf,0.574387,0.0,False,unreviewed_candidate,,,no_role_eligible_member_on_at_least_one_side
pair:07ea20c531689530,iTE,iTE:retrieval:612136aec2c734,iTE:retrieval:6d63e7289fab83,high electrical conductivity and low Seebeck coefficient,high Seebeck coefficients,1,1,char_ngram_tfidf,0.574265,0.0,False,unreviewed_candidate,,,no_role_eligible_member_on_at_least_one_side
pair:784ae883798ecc94,iTE,iTE:retrieval:72eb79e711f674,iTE:retrieval:7554abb77c260e,Seebeck coefficient and electrical conductivity,Seebeck coefficient (S),2,3,char_ngram_tfidf,0.572133,0.0,False,unreviewed_candidate,,,no_role_eligible_member_on_at_least_one_side
pair:8d9ca489e81edb6f,iTE,iTE:retrieval:113ee0f74fb18c,iTE:retrieval:d92448da5643fe,electronic thermoelectric power,thermoelectric power factor,1,3,char_ngram_tfidf,0.571708,0.0,False,unreviewed_candidate,,,no_role_eligible_member_on_at_least_one_side
pair:2e3f46e9e20407be,iTE,iTE:retrieval:72eb79e711f674,iTE:retrieval:a3a949c443f770,Seebeck coefficient and electrical conductivity,large values of the Seebeck coefficient and low electrical resistivity,2,1,char_ngram_tfidf,0.571429,0.0,False,unreviewed_candidate,,,no_role_eligible_member_on_at_least_one_side
pair:64262483841d538e,iTE,iTE:retrieval:09fd1f02ad5e1d,iTE:retrieval:612136aec2c734,Seebeck coefficient,high electrical conductivity and low Seebeck coefficient,58,1,char_ngram_tfidf,0.569517,0.0,False,unreviewed_candidate,,,no_role_eligible_member_on_at_least_one_side
pair:f284e558ce397b8c,iTE,iTE:retrieval:65f9054e2a5168,iTE:retrieval:f39b420b73533f,strong lattice anharmonicity and dynamic disorder,lattice anharmonicity,1,1,char_ngram_tfidf,0.567352,0.0,False,unreviewed_candidate,,,no_role_eligible_member_on_at_least_one_side
pair:74d9b53524e818ee,iTE,iTE:retrieval:e4ab6c8e4b9c52,iTE:retrieval:ef7365486e2ecc,mobility of the ions,thermal mobility of ions,1,1,char_ngram_tfidf,0.567287,0.0,False,unreviewed_candidate,,,no_role_eligible_member_on_at_least_one_side
pair:f89a43b475cdf791,iTE,iTE:retrieval:5be34b8d601a2c,iTE:retrieval:875000bc0cea5d,small polaron hopping mechanism,small polaron hopping (SPH) model,1,1,char_ngram_tfidf,0.566977,0.0,False,unreviewed_candidate,,,no_role_eligible_member_on_at_least_one_side
pair:53bcbcd894dc13e5,iTE,iTE:retrieval:509a16f5eab3b7,iTE:retrieval:b8532ba54df6cc,photothermoelectric effect,photothermoelectric effect from Bi2Te3 and PEDOT:PSS,1,1,char_ngram_tfidf,0.564863,0.0,False,unreviewed_candidate,,,no_role_eligible_member_on_at_least_one_side
pair:19175b7d3865d95e,iTE,iTE:retrieval:60d4d5b6d32241,iTE:retrieval:a3a949c443f770,variation of Seebeck coefficient and resistivity,large values of the Seebeck coefficient and low electrical resistivity,1,1,char_ngram_tfidf,0.564237,0.0,False,unreviewed_candidate,,,no_role_eligible_member_on_at_least_one_side
pair:848be25dc3069323,iTE,iTE:retrieval:09fd1f02ad5e1d,iTE:retrieval:60d4d5b6d32241,Seebeck coefficient,variation of Seebeck coefficient and resistivity,58,1,char_ngram_tfidf,0.56378,0.0,False,unreviewed_candidate,,,no_role_eligible_member_on_at_least_one_side
pair:6a2164510f137df6,iTE,iTE:retrieval:60d4d5b6d32241,iTE:retrieval:72eb79e711f674,variation of Seebeck coefficient and resistivity,Seebeck coefficient and electrical conductivity,1,2,char_ngram_tfidf,0.56285,0.0,False,unreviewed_candidate,,,no_role_eligible_member_on_at_least_one_side
pair:2e1fb21fbca1a488,iTE,iTE:retrieval:229791fcc29160,iTE:retrieval:e8ffd932883291,strong lattice anharmonicity and low acoustic-phonon group velocity,low acoustic mode group velocity and strong three-phonon scattering,1,1,char_ngram_tfidf,0.562469,0.0,False,unreviewed_candidate,,,no_role_eligible_member_on_at_least_one_side
pair:b33aa228c85a916d,iTE,iTE:retrieval:0e5812fea1e1d3,iTE:retrieval:72eb79e711f674,Electrical conductivity,Seebeck coefficient and electrical conductivity,2,2,char_ngram_tfidf,0.562333,0.0,False,unreviewed_candidate,,,no_role_eligible_member_on_at_least_one_side
pair:a8e6d46b680cfaa8,iTE,iTE:retrieval:8af06e952b5596,iTE:retrieval:d3363183ed82e8,Activation energy and thermoelectric coefficient values,thermoelectric coefficient,1,1,char_ngram_tfidf,0.561678,0.0,False,unreviewed_candidate,,,no_role_eligible_member_on_at_least_one_side
pair:7647aa02a9ec7666,iTE,iTE:retrieval:80b1fc0098f080,iTE:retrieval:a4b2bbc77b9306,ionic thermoelectric effect,ionic thermoelectric properties,2,1,char_ngram_tfidf,0.560836,0.0,False,unreviewed_candidate,,,no_role_eligible_member_on_at_least_one_side
pair:7d59a99a18982844,iTE,iTE:retrieval:1b0ed66bfa2753,iTE:retrieval:1f77c42f14d663,n-type characteristics,carrier transport characteristics,1,1,char_ngram_tfidf,0.559117,0.0,False,unreviewed_candidate,,,no_role_eligible_member_on_at_least_one_side
pair:22da97be151fda48,iTE,iTE:retrieval:0cb71f6c6d6bad,iTE:retrieval:b25d7c1e653e2f,extreme phonon anharmonicity and weak bonding,extreme anharmonicity of dominated phonons,1,1,char_ngram_tfidf,0.558637,0.0,False,unreviewed_candidate,,,no_role_eligible_member_on_at_least_one_side
pair:064865bab60f9162,iTE,iTE:retrieval:b5f337289b7921,iTE:retrieval:cf19f5ced12e01,electric double layer (EDL) strength,electric double layer formation,1,1,char_ngram_tfidf,0.55794,0.0,False,unreviewed_candidate,,,no_role_eligible_member_on_at_least_one_side
pair:eac985113f21ff68,iTE,iTE:retrieval:a3a949c443f770,iTE:retrieval:ab75942445ef55,large values of the Seebeck coefficient and low electrical resistivity,large Seebeck coefficient,1,2,char_ngram_tfidf,0.557178,0.0,False,unreviewed_candidate,,,no_role_eligible_member_on_at_least_one_side
pair:277b55804cc6686b,iTE,iTE:retrieval:60ed880ac621c9,iTE:retrieval:a251a49b38b14f,electrochemical Seebeck effect,atomic Seebeck effect,1,1,char_ngram_tfidf,0.556783,0.0,False,unreviewed_candidate,,,no_role_eligible_member_on_at_least_one_side
pair:816eff2e223b8c89,iTE,iTE:retrieval:5d0f6cd36b934f,iTE:retrieval:fd6e818a2e03c1,extraction efficiency,redox reaction efficiency,1,1,char_ngram_tfidf,0.556698,0.0,False,unreviewed_candidate,,,no_role_eligible_member_on_at_least_one_side
pair:550944dbe0cb1c9b,iTE,iTE:retrieval:80b1fc0098f080,iTE:retrieval:ed500ead9db2dc,ionic thermoelectric effect,thermoelectric efficiency,2,3,char_ngram_tfidf,0.55652,0.0,False,unreviewed_candidate,,,no_role_eligible_member_on_at_least_one_side
pair:b8b8e1270ba23c97,iTE,iTE:retrieval:0739ca10ace8ae,iTE:retrieval:1f77c42f14d663,p-type characteristics,carrier transport characteristics,1,1,char_ngram_tfidf,0.556027,0.0,False,unreviewed_candidate,,,no_role_eligible_member_on_at_least_one_side
pair:97da488eaa663410,iTE,iTE:retrieval:612136aec2c734,iTE:retrieval:97f3803eb7bef2,high electrical conductivity and low Seebeck coefficient,high electrical conduction,1,1,char_ngram_tfidf,0.556022,0.0,False,unreviewed_candidate,,,no_role_eligible_member_on_at_least_one_side
pair:941d863a591f687f,iTE,iTE:retrieval:b5a07356fe9637,iTE:retrieval:fd6e818a2e03c1,redox reaction entropy change,redox reaction efficiency,1,1,char_ngram_tfidf,0.555248,0.0,False,unreviewed_candidate,,,no_role_eligible_member_on_at_least_one_side
pair:dd36a6f8e15139be,iTE,iTE:retrieval:1f77c42f14d663,iTE:retrieval:9ac5d89de40f1c,carrier transport characteristics,CRS characteristics,1,1,char_ngram_tfidf,0.554572,0.0,False,unreviewed_candidate,,,no_role_eligible_member_on_at_least_one_side
pair:5f1aa26d9cb06da2,iTE,iTE:retrieval:113ee0f74fb18c,iTE:retrieval:8414bbceb44c4a,electronic thermoelectric power,thermoelectric power factors,1,1,char_ngram_tfidf,0.554339,0.0,False,unreviewed_candidate,,,no_role_eligible_member_on_at_least_one_side
pair:eb541864bbabfe27,iTE,iTE:retrieval:612136aec2c734,iTE:retrieval:76c4de7e8f4d49,high electrical conductivity and low Seebeck coefficient,ionic Seebeck coefficient,1,9,char_ngram_tfidf,0.553159,0.0,False,unreviewed_candidate,,,no_role_eligible_member_on_at_least_one_side
pair:9d630df2fd5a3e79,iTE,iTE:retrieval:2a2bd10b94e93a,iTE:retrieval:624e51042faec0,thermoelectric chip,thermoelectric paper chips,1,1,char_ngram_tfidf,0.551867,0.0,False,unreviewed_candidate,,,no_role_eligible_member_on_at_least_one_side
pair:16ab167fa0d9d08b,iTE,iTE:retrieval:72eb79e711f674,iTE:retrieval:781f63dd43aedc,Seebeck coefficient and electrical conductivity,Seebeck coefficient and figure of merit,2,1,char_ngram_tfidf,0.55165,0.0,False,unreviewed_candidate,,,no_role_eligible_member_on_at_least_one_side
pair:b256bbcb5a361308,iTE,iTE:retrieval:3428a37d329148,iTE:retrieval:509a16f5eab3b7,p-type ionic thermoelectric effect,photothermoelectric effect,1,1,char_ngram_tfidf,0.550709,0.0,False,unreviewed_candidate,,,no_role_eligible_member_on_at_least_one_side
pair:72256310ac8a8d0a,iTE,iTE:retrieval:44ca1aa51771df,iTE:retrieval:5785081fb621fc,thermoelectric power and the charge separation effects,phase separation effects,1,1,char_ngram_tfidf,0.550436,0.0,False,unreviewed_candidate,,,no_role_eligible_member_on_at_least_one_side
pair:d7085a02ff0da57a,iTE,iTE:retrieval:113ee0f74fb18c,iTE:retrieval:80b1fc0098f080,electronic thermoelectric power,ionic thermoelectric effect,1,2,char_ngram_tfidf,0.549388,0.0,False,unreviewed_candidate,,,no_role_eligible_member_on_at_least_one_side
pair:057b6a25669d7f60,iTE,iTE:retrieval:60d4d5b6d32241,iTE:retrieval:76c4de7e8f4d49,variation of Seebeck coefficient and resistivity,ionic Seebeck coefficient,1,9,char_ngram_tfidf,0.549337,0.0,False,unreviewed_candidate,,,no_role_eligible_member_on_at_least_one_side
pair:bfa52472f1914262,iTE,iTE:retrieval:06cf8ae0b1c560,iTE:retrieval:99a617967ad3af,transport properties at low T,thermoelectric transport properties,1,2,char_ngram_tfidf,0.548525,0.0,False,unreviewed_candidate,,,no_role_eligible_member_on_at_least_one_side
pair:01ca27098fbcb59a,iTE,iTE:retrieval:03dafe573dfa9c,iTE:retrieval:80b1fc0098f080,ionic thermoelectric potential,ionic thermoelectric effect,1,2,char_ngram_tfidf,0.546644,0.0,False,unreviewed_candidate,,,no_role_eligible_member_on_at_least_one_side
pair:dc38a6f2db1a29a9,iTE,iTE:retrieval:282510d9bbcde6,iTE:retrieval:93aa6444c27c61,porosity and pore connectivity,porosity,1,1,char_ngram_tfidf,0.546579,0.0,False,unreviewed_candidate,,,no_role_eligible_member_on_at_least_one_side
pair:04b639fe3f30358e,iTE,iTE:retrieval:0cb71f6c6d6bad,iTE:retrieval:6acc48de44bcc7,extreme phonon anharmonicity and weak bonding,phonon anharmonicity,1,1,char_ngram_tfidf,0.545884,0.0,False,unreviewed_candidate,,,no_role_eligible_member_on_at_least_one_side
pair:22814662fa7bb33a,iTE,iTE:retrieval:60d4d5b6d32241,iTE:retrieval:b99fead199ac03,variation of Seebeck coefficient and resistivity,Seebeck coefficients,1,8,char_ngram_tfidf,0.545235,0.0,False,unreviewed_candidate,,,no_role_eligible_member_on_at_least_one_side
pair:30f2e4c10baaa478,iTE,iTE:retrieval:7c02451c5171d7,iTE:retrieval:8c67d25f0a0751,doping level,doping levels and morphology,2,1,char_ngram_tfidf,0.544002,0.0,False,unreviewed_candidate,,,no_role_eligible_member_on_at_least_one_side
pair:daf19143f288beac,iTE,iTE:retrieval:612136aec2c734,iTE:retrieval:a3a949c443f770,high electrical conductivity and low Seebeck coefficient,large values of the Seebeck coefficient and low electrical resistivity,1,1,char_ngram_tfidf,0.542065,0.0,False,unreviewed_candidate,,,no_role_eligible_member_on_at_least_one_side
pair:e2c8f3cc98d07ebe,iTE,iTE:retrieval:113ee0f74fb18c,iTE:retrieval:c2d798f2950e5a,electronic thermoelectric power,enhancement of cryogenic thermoelectric power,1,1,char_ngram_tfidf,0.54151,0.0,False,unreviewed_candidate,,,no_role_eligible_member_on_at_least_one_side
pair:716b16425be5854b,iTE,iTE:retrieval:60ed880ac621c9,iTE:retrieval:d9de03b87bbbfe,electrochemical Seebeck effect,high ionic Seebeck effect,1,1,char_ngram_tfidf,0.541104,0.0,False,unreviewed_candidate,,,no_role_eligible_member_on_at_least_one_side
pair:2be7cb5204a7d782,iTE,iTE:retrieval:113ee0f74fb18c,iTE:retrieval:a4b2bbc77b9306,electronic thermoelectric power,ionic thermoelectric properties,1,1,char_ngram_tfidf,0.539676,0.0,False,unreviewed_candidate,,,no_role_eligible_member_on_at_least_one_side
pair:cbf539b2d82f61b9,iTE,iTE:retrieval:72eb79e711f674,iTE:retrieval:7aa959fa8afa79,Seebeck coefficient and electrical conductivity,Seebeck coefficient and the figure of merit,2,1,char_ngram_tfidf,0.539633,0.0,False,unreviewed_candidate,,,no_role_eligible_member_on_at_least_one_side
pair:7fc8b35bf542c71d,iTE,iTE:retrieval:113ee0f74fb18c,iTE:retrieval:6ee4a76620e6c7,electronic thermoelectric power,ionic thermopower,1,6,char_ngram_tfidf,0.539516,0.0,False,unreviewed_candidate,,,no_role_eligible_member_on_at_least_one_side
pair:ada014eb1bbdd81f,iTE,iTE:retrieval:064eca1373ac82,iTE:retrieval:ed5b89c938e1b0,diffusion difference,water concentration difference,1,1,char_ngram_tfidf,0.539173,0.0,False,unreviewed_candidate,,,no_role_eligible_member_on_at_least_one_side
pair:9ea28a0e2b0158a4,iTE,iTE:retrieval:45fc34552a1da7,iTE:retrieval:889422b0f0279d,polymer chain breathing model,breathing in and out of polymer chains,1,1,char_ngram_tfidf,0.537228,0.0,False,unreviewed_candidate,,,no_role_eligible_member_on_at_least_one_side
pair:1f89add7bba6ad1c,iTE,iTE:retrieval:3fc645d3ff57b2,iTE:retrieval:d2b49b56bea46d,electric generation,electricity generator,1,1,char_ngram_tfidf,0.53416,0.0,False,unreviewed_candidate,,,no_role_eligible_member_on_at_least_one_side
pair:d02cf68432fd1f25,iTE,iTE:retrieval:60d4d5b6d32241,iTE:retrieval:e1c8ecaef3e7f3,variation of Seebeck coefficient and resistivity,ionic Seebeck coefficients,1,1,char_ngram_tfidf,0.534093,0.0,False,unreviewed_candidate,,,no_role_eligible_member_on_at_least_one_side
pair:810536e97c9a432d,iTE,iTE:retrieval:5691c20ce9cb25,iTE:retrieval:f524d4b7ce05c4,addition of ionic liquid,kinetics of ionic liquid,1,1,char_ngram_tfidf,0.532561,0.0,False,unreviewed_candidate,,,no_role_eligible_member_on_at_least_one_side
pair:74f920e300f471d5,iTE,iTE:retrieval:064eca1373ac82,iTE:retrieval:af04fd4f091722,diffusion difference,Cu ion diffusion,1,1,char_ngram_tfidf,0.532488,0.0,False,unreviewed_candidate,,,no_role_eligible_member_on_at_least_one_side
pair:fb6ba981f5287e81,iTE,iTE:retrieval:487cc9f1f1e5aa,iTE:retrieval:509a16f5eab3b7,photothermal effect of CNT,photothermoelectric effect,1,1,char_ngram_tfidf,0.532367,0.0,False,unreviewed_candidate,,,no_role_eligible_member_on_at_least_one_side
pair:238cc94cadc42e83,iTE,iTE:retrieval:4b11243c7dd40e,iTE:retrieval:5829d164eb83f3,effect of disorder on charge transport,charge transport,1,1,char_ngram_tfidf,0.531777,0.0,False,unreviewed_candidate,,,no_role_eligible_member_on_at_least_one_side
pair:97f3a8c610b7597e,iTE,iTE:retrieval:064eca1373ac82,iTE:retrieval:8116177bebb862,diffusion difference,difference in diffusion rates between cations and anions,1,1,char_ngram_tfidf,0.531533,0.0,False,unreviewed_candidate,,,no_role_eligible_member_on_at_least_one_side
pair:b82a193636a31733,iTE,iTE:retrieval:a129a2b2274d2b,iTE:retrieval:f524d4b7ce05c4,concentration of ionic liquid,kinetics of ionic liquid,1,1,char_ngram_tfidf,0.531316,0.0,False,unreviewed_candidate,,,no_role_eligible_member_on_at_least_one_side
pair:b25e25ac6eb5fdd1,iTE,iTE:retrieval:60d4d5b6d32241,iTE:retrieval:d3f0e844567952,variation of Seebeck coefficient and resistivity,Seebeck coefficient S,1,1,char_ngram_tfidf,0.530524,0.0,False,unreviewed_candidate,,,no_role_eligible_member_on_at_least_one_side
pair:18f6bb7eaff8d571,iTE,iTE:retrieval:73e6361316087d,iTE:retrieval:8af06e952b5596,ionic thermoelectric coefficient,Activation energy and thermoelectric coefficient values,1,1,char_ngram_tfidf,0.528958,0.0,False,unreviewed_candidate,,,no_role_eligible_member_on_at_least_one_side
pair:83ef89bc66791a57,iTE,iTE:retrieval:c59b7e2dbfc698,iTE:retrieval:d2b49b56bea46d,generate electricity,electricity generator,2,1,char_ngram_tfidf,0.528569,0.0,False,unreviewed_candidate,,,no_role_eligible_member_on_at_least_one_side
pair:68e1a4d19b98d753,iTE,iTE:retrieval:44ca1aa51771df,iTE:retrieval:c6d38e57557327,thermoelectric power and the charge separation effects,thermoelectric power,1,5,char_ngram_tfidf,0.527348,0.0,False,unreviewed_candidate,,,no_role_eligible_member_on_at_least_one_side
pair:acfab5353f62ed6b,iTE,iTE:retrieval:113ee0f74fb18c,iTE:retrieval:33606936fb7276,electronic thermoelectric power,thermoelectric power of the SWCNTs,1,1,char_ngram_tfidf,0.527243,0.0,False,unreviewed_candidate,,,no_role_eligible_member_on_at_least_one_side
pair:4524942777fcfbf8,iTE,iTE:retrieval:65f9054e2a5168,iTE:retrieval:9f7cd77b6e2bc6,strong lattice anharmonicity and dynamic disorder,strong anharmonicity,1,2,char_ngram_tfidf,0.526508,0.0,False,unreviewed_candidate,,,no_role_eligible_member_on_at_least_one_side
pair:77b3074255b2fc8a,iTE,iTE:retrieval:b3b8ab66b02ea5,iTE:retrieval:fd6e818a2e03c1,efficiency,redox reaction efficiency,1,1,char_ngram_tfidf,0.526392,0.0,False,unreviewed_candidate,,,no_role_eligible_member_on_at_least_one_side
pair:b415712e23cc4051,iTE,iTE:retrieval:3fe6fcca82d666,iTE:retrieval:e4a88e29a51ea1,conductivity,stability and conductivity,10,1,char_ngram_tfidf,0.526172,0.0,False,unreviewed_candidate,,,no_role_eligible_member_on_at_least_one_side
pair:823769148d2703a6,iTE,iTE:retrieval:612136aec2c734,iTE:retrieval:ab75942445ef55,high electrical conductivity and low Seebeck coefficient,large Seebeck coefficient,1,2,char_ngram_tfidf,0.52572,0.0,False,unreviewed_candidate,,,no_role_eligible_member_on_at_least_one_side
pair:7fc65d391dee7963,iTE,iTE:retrieval:064eca1373ac82,iTE:retrieval:1986997c7afc72,diffusion difference,ion diffusion rate,1,1,char_ngram_tfidf,0.525195,0.0,False,unreviewed_candidate,,,no_role_eligible_member_on_at_least_one_side
pair:f33afaddb1ce7a80,iTE,iTE:retrieval:682ff02649af06,iTE:retrieval:7634dbafd0d71e,thermal diffusion coefficients,thermal diffusion measurements,1,1,char_ngram_tfidf,0.524009,0.0,False,unreviewed_candidate,,,no_role_eligible_member_on_at_least_one_side
pair:65c00f6f573004cb,iTE,iTE:retrieval:d3363183ed82e8,iTE:retrieval:e59162163e1dae,thermoelectric coefficient,efficient thermoelectric generator,1,1,char_ngram_tfidf,0.52374,0.0,False,unreviewed_candidate,,,no_role_eligible_member_on_at_least_one_side
pair:ec597fac047edcf4,iTE,iTE:retrieval:2402641b8c8836,iTE:retrieval:33606936fb7276,sign of the thermoelectric power,thermoelectric power of the SWCNTs,1,1,char_ngram_tfidf,0.52349,0.0,False,unreviewed_candidate,,,no_role_eligible_member_on_at_least_one_side
pair:7e38e1acefce67ac,iTE,iTE:retrieval:d2b49b56bea46d,iTE:retrieval:e59162163e1dae,electricity generator,efficient thermoelectric generator,1,1,char_ngram_tfidf,0.522616,0.0,False,unreviewed_candidate,,,no_role_eligible_member_on_at_least_one_side
pair:47b56342d75857b9,iTE,iTE:retrieval:60d4d5b6d32241,iTE:retrieval:ab75942445ef55,variation of Seebeck coefficient and resistivity,large Seebeck coefficient,1,2,char_ngram_tfidf,0.522088,0.0,False,unreviewed_candidate,,,no_role_eligible_member_on_at_least_one_side
pair:ee4c1391faf75ee0,iTE,iTE:retrieval:612136aec2c734,iTE:retrieval:b99fead199ac03,high electrical conductivity and low Seebeck coefficient,Seebeck coefficients,1,8,char_ngram_tfidf,0.522075,0.0,False,unreviewed_candidate,,,no_role_eligible_member_on_at_least_one_side
pair:df15e4a6ef1e0d94,iTE,iTE:retrieval:80b1fc0098f080,iTE:retrieval:f1c96a08a78093,ionic thermoelectric effect,optical absorption and thermoelectric effect,2,1,char_ngram_tfidf,0.520941,0.0,False,unreviewed_candidate,,,no_role_eligible_member_on_at_least_one_side
pair:b83b229e78f713ce,iTE,iTE:retrieval:33606936fb7276,iTE:retrieval:d92448da5643fe,thermoelectric power of the SWCNTs,thermoelectric power factor,1,3,char_ngram_tfidf,0.517056,0.0,False,unreviewed_candidate,,,no_role_eligible_member_on_at_least_one_side
pair:036fc18b91b67dd1,iTE,iTE:retrieval:113ee0f74fb18c,iTE:retrieval:65aa6928f9c2bf,electronic thermoelectric power,ionic thermoelectric gating,1,1,char_ngram_tfidf,0.516206,0.0,False,unreviewed_candidate,,,no_role_eligible_member_on_at_least_one_side
pair:e9ef76482af6e100,iTE,iTE:retrieval:15c0bd9c6f7a98,iTE:retrieval:a3a949c443f770,electrical conductivity and Seebeck coefficient,large values of the Seebeck coefficient and low electrical resistivity,1,1,char_ngram_tfidf,0.514314,0.0,False,unreviewed_candidate,,,no_role_eligible_member_on_at_least_one_side
pair:38abe6383381f765,iTE,iTE:retrieval:7f08bbfc91df58,iTE:retrieval:9f670d6feacf26,ITE,ITEG,1,1,char_ngram_tfidf,0.510982,0.0,False,unreviewed_candidate,,,no_role_eligible_member_on_at_least_one_side
pair:3c8dbebb63eb4c3f,iTE,iTE:retrieval:7f08bbfc91df58,iTE:retrieval:98a76f51a6ab38,ITE,iTEG,1,1,char_ngram_tfidf,0.510982,0.0,False,unreviewed_candidate,,,no_role_eligible_member_on_at_least_one_side
pair:07a999a09ff88e37,iTE,iTE:retrieval:15c0bd9c6f7a98,iTE:retrieval:60d4d5b6d32241,electrical conductivity and Seebeck coefficient,variation of Seebeck coefficient and resistivity,1,1,char_ngram_tfidf,0.509504,0.0,False,unreviewed_candidate,,,no_role_eligible_member_on_at_least_one_side
pair:6bdf10a058261949,iTE,iTE:retrieval:8b73bbfdedec67,iTE:retrieval:f524d4b7ce05c4,amount of ionic liquid,kinetics of ionic liquid,1,1,char_ngram_tfidf,0.509391,0.0,False,unreviewed_candidate,,,no_role_eligible_member_on_at_least_one_side
pair:431794aa61af46e3,iTE,iTE:retrieval:8af06e952b5596,iTE:retrieval:bbfda222f52669,Activation energy and thermoelectric coefficient values,activation energy,1,2,char_ngram_tfidf,0.509017,0.0,False,unreviewed_candidate,,,no_role_eligible_member_on_at_least_one_side
pair:c46152c5a9caa01c,iTE,iTE:retrieval:113ee0f74fb18c,iTE:retrieval:4c6176a4160039,electronic thermoelectric power,Thermoelectric power (TEP),1,1,char_ngram_tfidf,0.508883,0.0,False,unreviewed_candidate,,,no_role_eligible_member_on_at_least_one_side
pair:e2d311b8e84a8a2b,iTE,iTE:retrieval:55266623a8627f,iTE:retrieval:603185ba98ba5b,carrier mobility,ordered conductive domains and carrier mobility,4,1,char_ngram_tfidf,0.508713,0.0,False,unreviewed_candidate,,,no_role_eligible_member_on_at_least_one_side
pair:fdf5234e3fbbc933,iTE,iTE:retrieval:509a16f5eab3b7,iTE:retrieval:c7f2d049f3206e,photothermoelectric effect,coupled thermoelectric effects,1,1,char_ngram_tfidf,0.508179,0.0,False,unreviewed_candidate,,,no_role_eligible_member_on_at_least_one_side
pair:b4dadbb93092705b,iTE,iTE:retrieval:4dbaa586691a70,iTE:retrieval:8b45ef5352aa70,disorder,anharmonicity and disorder,2,1,char_ngram_tfidf,0.507979,0.0,False,unreviewed_candidate,,,no_role_eligible_member_on_at_least_one_side
pair:695c57ae57bb3748,iTE,iTE:retrieval:60ed880ac621c9,iTE:retrieval:bc81ca1e364b21,electrochemical Seebeck effect,enhanced ionic Seebeck effect,1,1,char_ngram_tfidf,0.506107,0.0,False,unreviewed_candidate,,,no_role_eligible_member_on_at_least_one_side
pair:240995cf42f1b887,iTE,iTE:retrieval:8bb88b6d425e76,iTE:retrieval:c6d38e57557327,Thermoelectric power of high-temperature region,thermoelectric power,1,5,char_ngram_tfidf,0.505539,0.0,False,unreviewed_candidate,,,no_role_eligible_member_on_at_least_one_side
pair:648cc789dab7abd9,iTE,iTE:retrieval:b979b1711e1f58,iTE:retrieval:f16eb52f893344,diffusion difference between cations and anions,thermal diffusion entropy difference between charge carriers,1,1,char_ngram_tfidf,0.504316,0.0,False,unreviewed_candidate,,,no_role_eligible_member_on_at_least_one_side
pair:d033e3340967446a,iTE,iTE:retrieval:33606936fb7276,iTE:retrieval:3a35dbaea5ea58,thermoelectric power of the SWCNTs,larger thermoelectric power,1,1,char_ngram_tfidf,0.50287,0.0,False,unreviewed_candidate,,,no_role_eligible_member_on_at_least_one_side
pair:8a7642e260bb15c3,iTE,iTE:retrieval:2a2bd10b94e93a,iTE:retrieval:c6d38e57557327,thermoelectric chip,thermoelectric power,1,5,char_ngram_tfidf,0.502669,0.0,False,unreviewed_candidate,,,no_role_eligible_member_on_at_least_one_side
pair:ac5d9699aee5cf1f,iTE,iTE:retrieval:8b45ef5352aa70,iTE:retrieval:9f7cd77b6e2bc6,anharmonicity and disorder,strong anharmonicity,1,2,char_ngram_tfidf,0.501817,0.0,False,unreviewed_candidate,,,no_role_eligible_member_on_at_least_one_side
pair:61ead2b4ec3fb839,iTE,iTE:retrieval:3ab70ec87319a6,iTE:retrieval:4b11243c7dd40e,efficient charge transport,effect of disorder on charge transport,1,1,char_ngram_tfidf,0.501611,0.0,False,unreviewed_candidate,,,no_role_eligible_member_on_at_least_one_side
pair:b280883405d55d85,iTE,iTE:retrieval:33606936fb7276,iTE:retrieval:8414bbceb44c4a,thermoelectric power of the SWCNTs,thermoelectric power factors,1,1,char_ngram_tfidf,0.501347,0.0,False,unreviewed_candidate,,,no_role_eligible_member_on_at_least_one_side
pair:c8b65ab97bf91498,iTE,iTE:retrieval:6acc48de44bcc7,iTE:retrieval:8b45ef5352aa70,phonon anharmonicity,anharmonicity and disorder,1,1,char_ngram_tfidf,0.500362,0.0,False,unreviewed_candidate,,,no_role_eligible_member_on_at_least_one_side
pair:8c647d47aa7f8736,iTE,iTE:retrieval:2a2bd10b94e93a,iTE:retrieval:d67013377c6ffb,thermoelectric chip,thermoelectric coupling,1,1,char_ngram_tfidf,0.499931,0.0,False,unreviewed_candidate,,,no_role_eligible_member_on_at_least_one_side
pair:25f108fd9415d63d,iTE,iTE:retrieval:2a2bd10b94e93a,iTE:retrieval:61aa736ef45d5a,thermoelectric chip,thermoelectric effect,1,1,char_ngram_tfidf,0.499764,0.0,False,unreviewed_candidate,,,no_role_eligible_member_on_at_least_one_side
pair:ce565d5d5da69906,iTE,iTE:retrieval:00946455623a0c,iTE:retrieval:8b45ef5352aa70,high anharmonicity,anharmonicity and disorder,1,1,char_ngram_tfidf,0.499475,0.0,False,unreviewed_candidate,,,no_role_eligible_member_on_at_least_one_side
pair:704a109bc5aef5d5,iTE,iTE:retrieval:113ee0f74fb18c,iTE:retrieval:5b4181883ab42c,electronic thermoelectric power,absolute value of thermoelectric power,1,1,char_ngram_tfidf,0.498185,0.0,False,unreviewed_candidate,,,no_role_eligible_member_on_at_least_one_side
pair:97a7a7d6ee456d60,iTE,iTE:retrieval:4e1443539e142d,iTE:retrieval:fd6e818a2e03c1,conversion efficiency,redox reaction efficiency,1,1,char_ngram_tfidf,0.497825,0.0,False,unreviewed_candidate,,,no_role_eligible_member_on_at_least_one_side
pair:9b78da86874d2298,iTE,iTE:retrieval:1c0c08b35e88dc,iTE:retrieval:e2973683e87e6a,thermodynamic and transport properties of the electrolyte,properties of the hydrogel electrolyte,1,1,char_ngram_tfidf,0.497692,0.0,False,unreviewed_candidate,,,no_role_eligible_member_on_at_least_one_side
pair:b0aeb60eed3f5fc1,iTE,iTE:retrieval:80b1fc0098f080,iTE:retrieval:9330e8627314e7,ionic thermoelectric effect,ion steric effect,2,1,char_ngram_tfidf,0.497638,0.0,False,unreviewed_candidate,,,no_role_eligible_member_on_at_least_one_side
pair:6816aa84ab83d8eb,iTE,iTE:retrieval:113ee0f74fb18c,iTE:retrieval:b77dfe17f18a08,electronic thermoelectric power,temperature dependence of thermoelectric power,1,2,char_ngram_tfidf,0.496746,0.0,False,unreviewed_candidate,,,no_role_eligible_member_on_at_least_one_side
pair:3e7b4179c1e7e6a2,iTE,iTE:retrieval:063f80a8b11f48,iTE:retrieval:06cf8ae0b1c560,transport process at the low temperatures,transport properties at low T,1,1,char_ngram_tfidf,0.496516,0.0,False,unreviewed_candidate,,,no_role_eligible_member_on_at_least_one_side
pair:b6d355e9c774e029,iTE,iTE:retrieval:73e6361316087d,iTE:retrieval:e59162163e1dae,ionic thermoelectric coefficient,efficient thermoelectric generator,1,1,char_ngram_tfidf,0.49634,0.0,False,unreviewed_candidate,,,no_role_eligible_member_on_at_least_one_side
pair:1715b5772eee7268,iTE,iTE:retrieval:0cb71f6c6d6bad,iTE:retrieval:e1ecf6b84e327b,extreme phonon anharmonicity and weak bonding,strong phonon anharmonicity,1,2,char_ngram_tfidf,0.495276,0.0,False,unreviewed_candidate,,,no_role_eligible_member_on_at_least_one_side
pair:e0333cfe79676d9b,iTE,iTE:retrieval:064eca1373ac82,iTE:retrieval:7c3394f61a21e1,diffusion difference,temperature difference,1,2,char_ngram_tfidf,0.494828,0.0,False,unreviewed_candidate,,,no_role_eligible_member_on_at_least_one_side
pair:c3c84a0023d2c6a5,iTE,iTE:retrieval:4df602c862de87,iTE:retrieval:b979b1711e1f58,concentration gradient between cations and anions,diffusion difference between cations and anions,1,1,char_ngram_tfidf,0.494056,0.0,False,unreviewed_candidate,,,no_role_eligible_member_on_at_least_one_side
pair:4927aa41f4ca4540,iTE,iTE:retrieval:5c0a83f04d7203,iTE:retrieval:fc1fe2b7c4a48b,phonon and electron scattering,phonon scattering processes and scattering rate,1,1,char_ngram_tfidf,0.48978,0.0,False,unreviewed_candidate,,,no_role_eligible_member_on_at_least_one_side
pair:84589084d93349a1,iTE,iTE:retrieval:2a2bd10b94e93a,iTE:retrieval:d3363183ed82e8,thermoelectric chip,thermoelectric coefficient,1,1,char_ngram_tfidf,0.489266,0.0,False,unreviewed_candidate,,,no_role_eligible_member_on_at_least_one_side
pair:a0dd13312b6dc4e2,iTE,iTE:retrieval:1f77c42f14d663,iTE:retrieval:feaa3cc5e20504,carrier transport characteristics,output TE characteristics,1,1,char_ngram_tfidf,0.489171,0.0,False,unreviewed_candidate,,,no_role_eligible_member_on_at_least_one_side
pair:e55e66e2069b4a5c,iTE,iTE:retrieval:509a16f5eab3b7,iTE:retrieval:ed500ead9db2dc,photothermoelectric effect,thermoelectric efficiency,1,3,char_ngram_tfidf,0.488329,0.0,False,unreviewed_candidate,,,no_role_eligible_member_on_at_least_one_side
pair:543895d53a9f77da,iTE,iTE:retrieval:8b9c96d213c335,iTE:retrieval:a3a949c443f770,electrical resistivity,large values of the Seebeck coefficient and low electrical resistivity,2,1,char_ngram_tfidf,0.487864,0.0,False,unreviewed_candidate,,,no_role_eligible_member_on_at_least_one_side
pair:4f7ac93217f8a3de,iTE,iTE:retrieval:3f65a2d6fb72a6,iTE:retrieval:fc1fe2b7c4a48b,strong phonon scattering,phonon scattering processes and scattering rate,1,1,char_ngram_tfidf,0.487579,0.0,False,unreviewed_candidate,,,no_role_eligible_member_on_at_least_one_side
pair:99bd2deafb4e50f2,iTE,iTE:retrieval:c1d2ccf6d59cc6,iTE:retrieval:e4a88e29a51ea1,electrical conductivity and thermal conductivity,stability and conductivity,2,1,char_ngram_tfidf,0.487579,0.0,False,unreviewed_candidate,,,no_role_eligible_member_on_at_least_one_side
pair:056b6825f48ece57,iTE,iTE:retrieval:1815c3e6aaa900,iTE:retrieval:2a2bd10b94e93a,thermoelectric current,thermoelectric chip,1,1,char_ngram_tfidf,0.486016,0.0,False,unreviewed_candidate,,,no_role_eligible_member_on_at_least_one_side
pair:719d2241749c5c9d,iTE,iTE:retrieval:08076812d1e0bd,iTE:retrieval:92d4be426a5a3c,ionic scattering and carrier relaxation time,relaxation time of the ions,1,1,char_ngram_tfidf,0.485946,0.0,False,unreviewed_candidate,,,no_role_eligible_member_on_at_least_one_side
pair:28113d18ed348248,iTE,iTE:retrieval:8d21aad25b4f12,iTE:retrieval:c4dece9a0ff036,thermophoretic mobility difference between the cations and anions,thermophoretic difference between chloride anions (from both CuCl2 and PMNT) and cations,1,1,char_ngram_tfidf,0.485658,0.0,False,unreviewed_candidate,,,no_role_eligible_member_on_at_least_one_side
pair:7c32de349e68240d,iTE,iTE:retrieval:707c1a6d6dc777,iTE:retrieval:8b45ef5352aa70,anion disorder,anharmonicity and disorder,1,1,char_ngram_tfidf,0.485211,0.0,False,unreviewed_candidate,,,no_role_eligible_member_on_at_least_one_side
pair:48314678bdbd7cc3,iTE,iTE:retrieval:7a1bdfd9ec3502,iTE:retrieval:fc1fe2b7c4a48b,phonon-phonon scattering,phonon scattering processes and scattering rate,1,1,char_ngram_tfidf,0.484101,0.0,False,unreviewed_candidate,,,no_role_eligible_member_on_at_least_one_side
pair:dd2a9c9b4bc48e0c,iTE,iTE:retrieval:39d17bfa44b1c8,iTE:retrieval:603185ba98ba5b,enhanced carrier mobility,ordered conductive domains and carrier mobility,1,1,char_ngram_tfidf,0.483821,0.0,False,unreviewed_candidate,,,no_role_eligible_member_on_at_least_one_side
pair:56da5c76bf310697,iTE,iTE:retrieval:064eca1373ac82,iTE:retrieval:f7bbde95d613a6,diffusion difference,ion entropy difference,1,1,char_ngram_tfidf,0.482349,0.0,False,unreviewed_candidate,,,no_role_eligible_member_on_at_least_one_side
pair:6b2347517b851b82,iTE,iTE:retrieval:8b45ef5352aa70,iTE:retrieval:ed538ee1a48aa8,anharmonicity and disorder,higher-order anharmonicity,1,1,char_ngram_tfidf,0.481765,0.0,False,unreviewed_candidate,,,no_role_eligible_member_on_at_least_one_side
pair:15739c0f67e94487,iTE,iTE:retrieval:18358bd99c3cc9,iTE:retrieval:8b45ef5352aa70,enhance anharmonicity,anharmonicity and disorder,1,1,char_ngram_tfidf,0.480945,0.0,False,unreviewed_candidate,,,no_role_eligible_member_on_at_least_one_side
pair:b2d7ea5ca71be96d,iTE,iTE:retrieval:80b1fc0098f080,iTE:retrieval:e24aff8d6ce928,ionic thermoelectric effect,superposition of the ionic thermoelectric and piezoionic effects,2,1,char_ngram_tfidf,0.480589,0.0,False,unreviewed_candidate,,,no_role_eligible_member_on_at_least_one_side
pair:bb101936bab49880,iTE,iTE:retrieval:8b45ef5352aa70,iTE:retrieval:f39b420b73533f,anharmonicity and disorder,lattice anharmonicity,1,1,char_ngram_tfidf,0.48,0.0,False,unreviewed_candidate,,,no_role_eligible_member_on_at_least_one_side
pair:f909078aa5ec1b3b,iTE,iTE:retrieval:e59162163e1dae,iTE:retrieval:ed500ead9db2dc,efficient thermoelectric generator,thermoelectric efficiency,1,3,char_ngram_tfidf,0.479993,0.0,False,unreviewed_candidate,,,no_role_eligible_member_on_at_least_one_side
pair:1e4fc9abd85ba887,iTE,iTE:retrieval:c4f6aa1088da41,iTE:retrieval:d69c6dd745f2f2,small polaron hopping model,activation of the small polaron hopping and variable range hopping mechanisms,1,1,char_ngram_tfidf,0.479744,0.0,False,unreviewed_candidate,,,no_role_eligible_member_on_at_least_one_side
pair:5cee731d8a90be43,iTE,iTE:retrieval:1c78a3ae57bc27,iTE:retrieval:f4ad3bfafd37c5,high ionic conductivity and chemical stability,ionic conductivity,1,23,char_ngram_tfidf,0.477371,0.0,False,unreviewed_candidate,,,no_role_eligible_member_on_at_least_one_side
pair:b8931c77ff18dd7b,iTE,iTE:retrieval:2fcd26e3dcd07c,iTE:retrieval:e8ffd932883291,phonon group velocity,low acoustic mode group velocity and strong three-phonon scattering,1,1,char_ngram_tfidf,0.472537,0.0,False,unreviewed_candidate,,,no_role_eligible_member_on_at_least_one_side
pair:f95d8bba9bb0458e,iTE,iTE:retrieval:4612a29a08eaa9,iTE:retrieval:4925ab28031db1,ionic wind generator,ionic wind streams,1,1,char_ngram_tfidf,0.472505,0.0,False,unreviewed_candidate,,,no_role_eligible_member_on_at_least_one_side
pair:a8636a519782d520,iTE,iTE:retrieval:60ed880ac621c9,iTE:retrieval:e7b0a0a8a6726c,electrochemical Seebeck effect,electrochemical potential,1,1,char_ngram_tfidf,0.471616,0.0,False,unreviewed_candidate,,,no_role_eligible_member_on_at_least_one_side
pair:b2af038263a7c613,iTE,iTE:retrieval:509a16f5eab3b7,iTE:retrieval:b38c11cd557a35,photothermoelectric effect,photothermal layer,1,1,char_ngram_tfidf,0.47061,0.0,False,unreviewed_candidate,,,no_role_eligible_member_on_at_least_one_side
pair:997f41fa10920612,iTE,iTE:retrieval:e4a88e29a51ea1,iTE:retrieval:f4ad3bfafd37c5,stability and conductivity,ionic conductivity,1,23,char_ngram_tfidf,0.470189,0.0,False,unreviewed_candidate,,,no_role_eligible_member_on_at_least_one_side
pair:155f5ce40192c762,iTE,iTE:retrieval:1f77c42f14d663,iTE:retrieval:a9d6c8c5226a01,carrier transport characteristics,self-healing characteristics,1,1,char_ngram_tfidf,0.470146,0.0,False,unreviewed_candidate,,,no_role_eligible_member_on_at_least_one_side
pair:d73868c90f8cae51,iTE,iTE:retrieval:265748c2b85ea1,iTE:retrieval:7205b2d1ccd6ae,ion-electronic friction,hydrodynamic friction,1,1,char_ngram_tfidf,0.469372,0.0,False,unreviewed_candidate,,,no_role_eligible_member_on_at_least_one_side
pair:0c074b3e60dff4dc,iTE,iTE:retrieval:0e5812fea1e1d3,iTE:retrieval:f7b500bbdc3141,Electrical conductivity,"Electrical conductivity, thermoelectric power, and chemical diffusivity",2,1,char_ngram_tfidf,0.469244,0.0,False,unreviewed_candidate,,,no_role_eligible_member_on_at_least_one_side
pair:66e90bacc8bb195c,iTE,iTE:retrieval:3ca65ab2ad7ece,iTE:retrieval:f7b500bbdc3141,electrical conductivity,"Electrical conductivity, thermoelectric power, and chemical diffusivity",41,1,char_ngram_tfidf,0.469244,0.0,False,unreviewed_candidate,,,no_role_eligible_member_on_at_least_one_side
pair:b9d1e7a3fc98ac1e,iTE,iTE:retrieval:3fddb84d02ff31,iTE:retrieval:60ed880ac621c9,electrochemical performance,electrochemical Seebeck effect,1,1,char_ngram_tfidf,0.469136,0.0,False,unreviewed_candidate,,,no_role_eligible_member_on_at_least_one_side
pair:aea9f015c6e04d0f,iTE,iTE:retrieval:1c838bad62ba62,iTE:retrieval:60d4d5b6d32241,non-monotonic temperature variation of the Seebeck coefficient,variation of Seebeck coefficient and resistivity,1,1,char_ngram_tfidf,0.467021,0.0,False,unreviewed_candidate,,,no_role_eligible_member_on_at_least_one_side
pair:c81ec4020e2fa0da,iTE,iTE:retrieval:65f9054e2a5168,iTE:retrieval:f849e5c39b53a2,strong lattice anharmonicity and dynamic disorder,strong bond anharmonicity,1,1,char_ngram_tfidf,0.466256,0.0,False,unreviewed_candidate,,,no_role_eligible_member_on_at_least_one_side
pair:e1598efa2fa6e57a,iTE,iTE:retrieval:74ce4f53b28791,iTE:retrieval:dffc89702d14cf,oxidation level and nanostructure,confined nanostructure,1,1,char_ngram_tfidf,0.465799,0.0,False,unreviewed_candidate,,,no_role_eligible_member_on_at_least_one_side
pair:24c0ed165022b0fc,iTE,iTE:retrieval:96dc05e4c31836,iTE:retrieval:ec908cce904f42,unusual covalent bonds,unusual Cu doping effect,1,1,char_ngram_tfidf,0.465707,0.0,False,unreviewed_candidate,,,no_role_eligible_member_on_at_least_one_side
pair:fe85a34867cdf590,iTE,iTE:retrieval:a547861c6a8b6b,iTE:retrieval:e53e53881125fd,hydrogen bonding,extensive hydrogen bonding and charge stabilization,2,1,char_ngram_tfidf,0.465301,0.0,False,unreviewed_candidate,,,no_role_eligible_member_on_at_least_one_side
pair:d08aafe85acc1ea1,iTE,iTE:retrieval:0d31299f3ba4e7,iTE:retrieval:4cad17910bd7c5,conduction band activity,conduction,1,1,char_ngram_tfidf,0.462621,0.0,False,unreviewed_candidate,,,no_role_eligible_member_on_at_least_one_side
pair:2154791488c60135,iTE,iTE:retrieval:0d31299f3ba4e7,iTE:retrieval:f4ad3bfafd37c5,conduction band activity,ionic conductivity,1,23,char_ngram_tfidf,0.462437,0.0,False,unreviewed_candidate,,,no_role_eligible_member_on_at_least_one_side
pair:21363a127bf9ad22,iTE,iTE:retrieval:80b1fc0098f080,iTE:retrieval:e74ec423ca3269,ionic thermoelectric effect,cooperation between the two thermoelectric effects,2,1,char_ngram_tfidf,0.46234,0.0,False,unreviewed_candidate,,,no_role_eligible_member_on_at_least_one_side
pair:35a7567cc7e5a8fe,iTE,iTE:retrieval:26e66a8d8eee09,iTE:retrieval:2a2bd10b94e93a,thermoelectric field,thermoelectric chip,1,1,char_ngram_tfidf,0.462031,0.0,False,unreviewed_candidate,,,no_role_eligible_member_on_at_least_one_side
pair:fc052d5555b9a8cd,iTE,iTE:retrieval:09fd1f02ad5e1d,iTE:retrieval:a3a949c443f770,Seebeck coefficient,large values of the Seebeck coefficient and low electrical resistivity,58,1,char_ngram_tfidf,0.461884,0.0,False,unreviewed_candidate,,,no_role_eligible_member_on_at_least_one_side
pair:3d692e3eb1e4beaa,iTE,iTE:retrieval:113ee0f74fb18c,iTE:retrieval:9dd6f9a44acf2b,electronic thermoelectric power,radial thermoelectric power in the liquid,1,1,char_ngram_tfidf,0.461731,0.0,False,unreviewed_candidate,,,no_role_eligible_member_on_at_least_one_side
pair:a75e4c622b6fad18,iTE,iTE:retrieval:4298c018e3a20c,iTE:retrieval:f7b500bbdc3141,ionic conductivity and thermal diffusivity,"Electrical conductivity, thermoelectric power, and chemical diffusivity",1,1,char_ngram_tfidf,0.461371,0.0,False,unreviewed_candidate,,,no_role_eligible_member_on_at_least_one_side
pair:d8e1047253ded261,iTE,iTE:retrieval:229791fcc29160,iTE:retrieval:65f9054e2a5168,strong lattice anharmonicity and low acoustic-phonon group velocity,strong lattice anharmonicity and dynamic disorder,1,1,char_ngram_tfidf,0.461319,0.0,False,unreviewed_candidate,,,no_role_eligible_member_on_at_least_one_side
pair:2833bea49d966d51,iTE,iTE:retrieval:80b1fc0098f080,iTE:retrieval:f3c0e9f6955966,ionic thermoelectric effect,ionic electrokinetic effect,2,1,char_ngram_tfidf,0.460388,0.0,False,unreviewed_candidate,,,no_role_eligible_member_on_at_least_one_side
pair:4ad2fde4a9e0e928,iTE,iTE:retrieval:33606936fb7276,iTE:retrieval:4c6176a4160039,thermoelectric power of the SWCNTs,Thermoelectric power (TEP),1,1,char_ngram_tfidf,0.460236,0.0,False,unreviewed_candidate,,,no_role_eligible_member_on_at_least_one_side
pair:d31eab61994d3399,iTE,iTE:retrieval:33606936fb7276,iTE:retrieval:dc10ab1b41d782,thermoelectric power of the SWCNTs,thermoelectric power of Na-K mixture,1,1,char_ngram_tfidf,0.458964,0.0,False,unreviewed_candidate,,,no_role_eligible_member_on_at_least_one_side
pair:21758ce686cc927d,iTE,iTE:retrieval:a50c75a90d43be,iTE:retrieval:c0d5ac762c2a1d,weakened interlayer interaction and phonon confinement effect,nanoconfinement effect,1,1,char_ngram_tfidf,0.458722,0.0,False,unreviewed_candidate,,,no_role_eligible_member_on_at_least_one_side
pair:329bf4a23dd6a36c,iTE,iTE:retrieval:603185ba98ba5b,iTE:retrieval:f37388f6e2e61c,ordered conductive domains and carrier mobility,high carrier mobility,1,1,char_ngram_tfidf,0.458101,0.0,False,unreviewed_candidate,,,no_role_eligible_member_on_at_least_one_side
pair:08eb206720299b75,iTE,iTE:retrieval:113ee0f74fb18c,iTE:retrieval:ae24fce817ae56,electronic thermoelectric power,thermoelectric power factor (PF),1,1,char_ngram_tfidf,0.457473,0.0,False,unreviewed_candidate,,,no_role_eligible_member_on_at_least_one_side
pair:048200842f80390a,iTE,iTE:retrieval:603185ba98ba5b,iTE:retrieval:8b300c6371647c,ordered conductive domains and carrier mobility,charge carrier mobility,1,1,char_ngram_tfidf,0.457184,0.0,False,unreviewed_candidate,,,no_role_eligible_member_on_at_least_one_side
pair:91c70ed8d90948c2,iTE,iTE:retrieval:3a35dbaea5ea58,iTE:retrieval:44ca1aa51771df,larger thermoelectric power,thermoelectric power and the charge separation effects,1,1,char_ngram_tfidf,0.455869,0.0,False,unreviewed_candidate,,,no_role_eligible_member_on_at_least_one_side
pair:47f71ef029ac2cd7,iTE,iTE:retrieval:064eca1373ac82,iTE:retrieval:167e6819f4bff7,diffusion difference,ions' diffusion distance,1,1,char_ngram_tfidf,0.455738,0.0,False,unreviewed_candidate,,,no_role_eligible_member_on_at_least_one_side
pair:442953da50bec201,iTE,iTE:retrieval:8bb88b6d425e76,iTE:retrieval:b77dfe17f18a08,Thermoelectric power of high-temperature region,temperature dependence of thermoelectric power,1,2,char_ngram_tfidf,0.455611,0.0,False,unreviewed_candidate,,,no_role_eligible_member_on_at_least_one_side
pair:207c1ebc6f642576,iTE,iTE:retrieval:1c78a3ae57bc27,iTE:retrieval:a5828fe7ef501e,high ionic conductivity and chemical stability,high ionic mobility,1,1,char_ngram_tfidf,0.455216,0.0,False,unreviewed_candidate,,,no_role_eligible_member_on_at_least_one_side
pair:127367c33080679e,iTE,iTE:retrieval:60ed880ac621c9,iTE:retrieval:ec58631aa4c8dc,electrochemical Seebeck effect,electrochemical treatment,1,1,char_ngram_tfidf,0.454264,0.0,False,unreviewed_candidate,,,no_role_eligible_member_on_at_least_one_side
pair:0059cf7309ad647d,iTE,iTE:retrieval:5a03e05c9f44ae,iTE:retrieval:f524d4b7ce05c4,ionic liquids,kinetics of ionic liquid,1,1,char_ngram_tfidf,0.453643,0.0,False,unreviewed_candidate,,,no_role_eligible_member_on_at_least_one_side
pair:cd1efb7164e21441,iTE,iTE:retrieval:65f9054e2a5168,iTE:retrieval:e1ecf6b84e327b,strong lattice anharmonicity and dynamic disorder,strong phonon anharmonicity,1,2,char_ngram_tfidf,0.452146,0.0,False,unreviewed_candidate,,,no_role_eligible_member_on_at_least_one_side
pair:84828a1e24f3be67,iTE,iTE:retrieval:185a4441baaf57,iTE:retrieval:b979b1711e1f58,steady state difference between concentrations,diffusion difference between cations and anions,1,1,char_ngram_tfidf,0.45138,0.0,False,unreviewed_candidate,,,no_role_eligible_member_on_at_least_one_side
pair:4b0d773fe7c4fe47,iTE,iTE:retrieval:4612a29a08eaa9,iTE:retrieval:d2b49b56bea46d,ionic wind generator,electricity generator,1,1,char_ngram_tfidf,0.451375,0.0,False,unreviewed_candidate,,,no_role_eligible_member_on_at_least_one_side
pair:8dd38ae92b1c13f7,iTE,iTE:retrieval:8b45ef5352aa70,iTE:retrieval:90cf626f0b1df8,anharmonicity and disorder,anharmonic bonding,1,1,char_ngram_tfidf,0.450861,0.0,False,unreviewed_candidate,,,no_role_eligible_member_on_at_least_one_side
pair:8edbf8b1af0b57c4,iTE,iTE:retrieval:76c4de7e8f4d49,iTE:retrieval:a3a949c443f770,ionic Seebeck coefficient,large values of the Seebeck coefficient and low electrical resistivity,9,1,char_ngram_tfidf,0.450051,0.0,False,unreviewed_candidate,,,no_role_eligible_member_on_at_least_one_side
pair:04778b84fbfb4b3b,iTE,iTE:retrieval:06cf8ae0b1c560,iTE:retrieval:f86a15d5892b50,transport properties at low T,thermoelectric transport property,1,1,char_ngram_tfidf,0.449078,0.0,False,unreviewed_candidate,,,no_role_eligible_member_on_at_least_one_side
pair:5153d6246237acc3,iTE,iTE:retrieval:509a16f5eab3b7,iTE:retrieval:c01ccf23b5c860,photothermoelectric effect,photothermal conversion,1,1,char_ngram_tfidf,0.44807,0.0,False,unreviewed_candidate,,,no_role_eligible_member_on_at_least_one_side
pair:dabdbac347e70678,iTE,iTE:retrieval:0bf4ad7ff6e72e,iTE:retrieval:8b45ef5352aa70,copper mobility and disordering,anharmonicity and disorder,1,1,char_ngram_tfidf,0.44745,0.0,False,unreviewed_candidate,,,no_role_eligible_member_on_at_least_one_side
pair:82226edc61d82300,iTE,iTE:retrieval:509a16f5eab3b7,iTE:retrieval:f1c96a08a78093,photothermoelectric effect,optical absorption and thermoelectric effect,1,1,char_ngram_tfidf,0.446879,0.0,False,unreviewed_candidate,,,no_role_eligible_member_on_at_least_one_side
pair:bface9fc0a1aea56,iTE,iTE:retrieval:a3a949c443f770,iTE:retrieval:b99fead199ac03,large values of the Seebeck coefficient and low electrical resistivity,Seebeck coefficients,1,8,char_ngram_tfidf,0.446691,0.0,False,unreviewed_candidate,,,no_role_eligible_member_on_at_least_one_side
pair:cc14b2ee1b8ba687,iTE,iTE:retrieval:1f77c42f14d663,iTE:retrieval:4fac28495c1f0d,carrier transport characteristics,n-type semiconducting characteristics,1,1,char_ngram_tfidf,0.445689,0.0,False,unreviewed_candidate,,,no_role_eligible_member_on_at_least_one_side
pair:e543cf5c9824f591,iTE,iTE:retrieval:113ee0f74fb18c,iTE:retrieval:3428a37d329148,electronic thermoelectric power,p-type ionic thermoelectric effect,1,1,char_ngram_tfidf,0.444523,0.0,False,unreviewed_candidate,,,no_role_eligible_member_on_at_least_one_side
pair:362a9fa0b34f9ace,iTE,iTE:retrieval:199545de4b59d8,iTE:retrieval:3a83713deddd32,weak ionic bonding,"lone-pair electrons, weak interactions, and ionic bonding",1,1,char_ngram_tfidf,0.44401,0.0,False,unreviewed_candidate,,,no_role_eligible_member_on_at_least_one_side
pair:8c353e20646780d2,iTE,iTE:retrieval:06225aaab2666e,iTE:retrieval:603185ba98ba5b,higher carrier mobility,ordered conductive domains and carrier mobility,1,1,char_ngram_tfidf,0.44262,0.0,False,unreviewed_candidate,,,no_role_eligible_member_on_at_least_one_side
pair:f13a691cf0f3bdf5,iTE,iTE:retrieval:44ca1aa51771df,iTE:retrieval:61aa736ef45d5a,thermoelectric power and the charge separation effects,thermoelectric effect,1,1,char_ngram_tfidf,0.442456,0.0,False,unreviewed_candidate,,,no_role_eligible_member_on_at_least_one_side
pair:6d26139fb354f258,iTE,iTE:retrieval:73dcd6b58c70aa,iTE:retrieval:f4ad3bfafd37c5,unidirectional orientation of ionic conductivity,ionic conductivity,1,23,char_ngram_tfidf,0.442356,0.0,False,unreviewed_candidate,,,no_role_eligible_member_on_at_least_one_side
pair:ad76683cac472028,iTE,iTE:retrieval:5dcd6f46b12666,iTE:retrieval:80b1fc0098f080,ionic thermoelectric gelatin material,ionic thermoelectric effect,1,2,char_ngram_tfidf,0.442093,0.0,False,unreviewed_candidate,,,no_role_eligible_member_on_at_least_one_side
pair:d0435a91d051dd67,iTE,iTE:retrieval:1c78a3ae57bc27,iTE:retrieval:4306f790b68fbd,high ionic conductivity and chemical stability,high conductivity,1,1,char_ngram_tfidf,0.442034,0.0,False,unreviewed_candidate,,,no_role_eligible_member_on_at_least_one_side
pair:a2984125362dfd32,iTE,iTE:retrieval:992ed87024469e,iTE:retrieval:e4a88e29a51ea1,conductivity and mobility of the charge carriers,stability and conductivity,1,1,char_ngram_tfidf,0.441647,0.0,False,unreviewed_candidate,,,no_role_eligible_member_on_at_least_one_side
pair:830702a796038e84,iTE,iTE:retrieval:a01fb778dcb200,iTE:retrieval:e69ec37c2be39c,Atomic disordering,high atomic density and strong structural disorder,1,1,char_ngram_tfidf,0.441642,0.0,False,unreviewed_candidate,,,no_role_eligible_member_on_at_least_one_side
pair:e704a3c473b7e246,iTE,iTE:retrieval:0c6b6132d13dd5,iTE:retrieval:6eed0890587881,strong structural anharmonicity,"local structural distortion, weak bonding environment, and strong lattice anharmonicity",1,1,char_ngram_tfidf,0.440887,0.0,False,unreviewed_candidate,,,no_role_eligible_member_on_at_least_one_side
pair:9caf718e0a7a97af,iTE,iTE:retrieval:b5f337289b7921,iTE:retrieval:eec75113bbd0a5,electric double layer (EDL) strength,ion thermodiffusion in electric double layers,1,1,char_ngram_tfidf,0.44001,0.0,False,unreviewed_candidate,,,no_role_eligible_member_on_at_least_one_side
pair:884a8889c30a0980,iTE,iTE:retrieval:113ee0f74fb18c,iTE:retrieval:7568da01eb789d,electronic thermoelectric power,areal thermoelectric output power,1,1,char_ngram_tfidf,0.439859,0.0,False,unreviewed_candidate,,,no_role_eligible_member_on_at_least_one_side
pair:408920ecb3f933df,iTE,iTE:retrieval:33606936fb7276,iTE:retrieval:8bb88b6d425e76,thermoelectric power of the SWCNTs,Thermoelectric power of high-temperature region,1,1,char_ngram_tfidf,0.439515,0.0,False,unreviewed_candidate,,,no_role_eligible_member_on_at_least_one_side
pair:2d65ae17c19a8be0,iTE,iTE:retrieval:113ee0f74fb18c,iTE:retrieval:44ca1aa51771df,electronic thermoelectric power,thermoelectric power and the charge separation effects,1,1,char_ngram_tfidf,0.439389,0.0,False,unreviewed_candidate,,,no_role_eligible_member_on_at_least_one_side
pair:991bc17a57e7a1b3,iTE,iTE:retrieval:2a2bd10b94e93a,iTE:retrieval:b557051a72985e,thermoelectric chip,thermoelectric property,1,2,char_ngram_tfidf,0.439091,0.0,False,unreviewed_candidate,,,no_role_eligible_member_on_at_least_one_side
pair:40933f00d9edde89,iTE,iTE:retrieval:2a2bd10b94e93a,iTE:retrieval:50c6297b967ffb,thermoelectric chip,thermoelectric properties,1,9,char_ngram_tfidf,0.438917,0.0,False,unreviewed_candidate,,,no_role_eligible_member_on_at_least_one_side
pair:763aad83c1e9eb1a,iTE,iTE:retrieval:8af06e952b5596,iTE:retrieval:942285fd38e662,Activation energy and thermoelectric coefficient values,activation energy barrier,1,1,char_ngram_tfidf,0.437926,0.0,False,unreviewed_candidate,,,no_role_eligible_member_on_at_least_one_side
pair:104d62a7ebda36eb,iTE,iTE:retrieval:35242df890d139,iTE:retrieval:fd6e818a2e03c1,power conversion efficiency,redox reaction efficiency,1,1,char_ngram_tfidf,0.437919,0.0,False,unreviewed_candidate,,,no_role_eligible_member_on_at_least_one_side
pair:cbe81cffd1ffaad5,iTE,iTE:retrieval:863c43d8ea737b,iTE:retrieval:875000bc0cea5d,small polaron hopping among molybdenum sites,small polaron hopping (SPH) model,1,1,char_ngram_tfidf,0.43787,0.0,False,unreviewed_candidate,,,no_role_eligible_member_on_at_least_one_side
pair:bc950ca36ac3553b,iTE,iTE:retrieval:a3a949c443f770,iTE:retrieval:e1c8ecaef3e7f3,large values of the Seebeck coefficient and low electrical resistivity,ionic Seebeck coefficients,1,1,char_ngram_tfidf,0.437562,0.0,False,unreviewed_candidate,,,no_role_eligible_member_on_at_least_one_side
pair:e3d0efe1c497d386,iTE,iTE:retrieval:2fd02c7595d9d8,iTE:retrieval:c974e17b8e7321,gate voltage,gate,1,1,char_ngram_tfidf,0.437329,0.0,False,unreviewed_candidate,,,no_role_eligible_member_on_at_least_one_side
pair:92b35ab9fbcce2de,iTE,iTE:retrieval:3fa9d69269c3c7,iTE:retrieval:7851c903cb27b4,nearly isotropic structural and thermal properties,nearly isotropic three-dimensional bonding network,1,1,char_ngram_tfidf,0.436991,0.0,False,unreviewed_candidate,,,no_role_eligible_member_on_at_least_one_side
pair:3897fa67afc7156a,iTE,iTE:retrieval:bb90e77c49fc24,iTE:retrieval:cd9f7d93f6fbce,phase transition,phase transition and the variation of interplanar spacing,1,1,char_ngram_tfidf,0.435961,0.0,False,unreviewed_candidate,,,no_role_eligible_member_on_at_least_one_side
pair:211ad9bdc8d33c08,iTE,iTE:retrieval:4fcb8c7b7ba271,iTE:retrieval:8af06e952b5596,activation energy for the electrical conductivity,Activation energy and thermoelectric coefficient values,1,1,char_ngram_tfidf,0.435881,0.0,False,unreviewed_candidate,,,no_role_eligible_member_on_at_least_one_side
pair:871e49362819a4f9,iTE,iTE:retrieval:c1d2ccf6d59cc6,iTE:retrieval:f7b500bbdc3141,electrical conductivity and thermal conductivity,"Electrical conductivity, thermoelectric power, and chemical diffusivity",2,1,char_ngram_tfidf,0.43485,0.0,False,unreviewed_candidate,,,no_role_eligible_member_on_at_least_one_side
pair:b348a0c5e33b5598,iTE,iTE:retrieval:0cb71f6c6d6bad,iTE:retrieval:90cf626f0b1df8,extreme phonon anharmonicity and weak bonding,anharmonic bonding,1,1,char_ngram_tfidf,0.434705,0.0,False,unreviewed_candidate,,,no_role_eligible_member_on_at_least_one_side
pair:c865a1c05a2cc443,iTE,iTE:retrieval:6bafa5ee4269c1,iTE:retrieval:a400a9f5286a49,soft covalent bonds and ionic layers,covalent bonding,1,2,char_ngram_tfidf,0.433971,0.0,False,unreviewed_candidate,,,no_role_eligible_member_on_at_least_one_side
pair:8fa6a51d7df589ae,iTE,iTE:retrieval:c278a24343d78f,iTE:retrieval:e4a88e29a51ea1,thermal conductivity,stability and conductivity,21,1,char_ngram_tfidf,0.432989,0.0,False,unreviewed_candidate,,,no_role_eligible_member_on_at_least_one_side
pair:ded5383faf44a509,iTE,iTE:retrieval:d0a5a2f70ceb67,iTE:retrieval:e4a88e29a51ea1,Thermal conductivity,stability and conductivity,1,1,char_ngram_tfidf,0.432989,0.0,False,unreviewed_candidate,,,no_role_eligible_member_on_at_least_one_side
pair:7ac071e7a6c48657,iTE,iTE:retrieval:914db303f77572,iTE:retrieval:e8ffd932883291,phonon group velocities,low acoustic mode group velocity and strong three-phonon scattering,1,1,char_ngram_tfidf,0.432983,0.0,False,unreviewed_candidate,,,no_role_eligible_member_on_at_least_one_side
pair:7bc7eee285833d10,iTE,iTE:retrieval:8af06e952b5596,iTE:retrieval:fc4b5a0896f1df,Activation energy and thermoelectric coefficient values,activation energies,1,4,char_ngram_tfidf,0.431903,0.0,False,unreviewed_candidate,,,no_role_eligible_member_on_at_least_one_side
pair:108a230b51f8f7d5,iTE,iTE:retrieval:44ca1aa51771df,iTE:retrieval:d92448da5643fe,thermoelectric power and the charge separation effects,thermoelectric power factor,1,3,char_ngram_tfidf,0.430899,0.0,False,unreviewed_candidate,,,no_role_eligible_member_on_at_least_one_side
pair:53cec9e64c8baad2,iTE,iTE:retrieval:33606936fb7276,iTE:retrieval:44ca1aa51771df,thermoelectric power of the SWCNTs,thermoelectric power and the charge separation effects,1,1,char_ngram_tfidf,0.430753,0.0,False,unreviewed_candidate,,,no_role_eligible_member_on_at_least_one_side
pair:26ce622033054129,iTE,iTE:retrieval:1ae82537a54d46,iTE:retrieval:fc1fe2b7c4a48b,larger scattering rates,phonon scattering processes and scattering rate,1,1,char_ngram_tfidf,0.430455,0.0,False,unreviewed_candidate,,,no_role_eligible_member_on_at_least_one_side
pair:a7417ff3ba9c30e2,iTE,iTE:retrieval:1c78a3ae57bc27,iTE:retrieval:43e279218956cc,high ionic conductivity and chemical stability,thermal stability,1,1,char_ngram_tfidf,0.430186,0.0,False,unreviewed_candidate,,,no_role_eligible_member_on_at_least_one_side
pair:4ccbfe36e62bbeb1,iTE,iTE:retrieval:2ac766faab628b,iTE:retrieval:ef7365486e2ecc,ion mobility,thermal mobility of ions,1,1,char_ngram_tfidf,0.430011,0.0,False,unreviewed_candidate,,,no_role_eligible_member_on_at_least_one_side
pair:bab8a39447d41509,iTE,iTE:retrieval:8bb88b6d425e76,iTE:retrieval:a88beeb82a7840,Thermoelectric power of high-temperature region,high-temperature cubic phase,1,1,char_ngram_tfidf,0.429934,0.0,False,unreviewed_candidate,,,no_role_eligible_member_on_at_least_one_side
pair:d8d5108f981f8539,iTE,iTE:retrieval:40ce407c39a9b6,iTE:retrieval:8b45ef5352aa70,cations disorder,anharmonicity and disorder,1,1,char_ngram_tfidf,0.429864,0.0,False,unreviewed_candidate,,,no_role_eligible_member_on_at_least_one_side
pair:34dfc985e3e2ca5a,iTE,iTE:retrieval:18358bd99c3cc9,iTE:retrieval:65f9054e2a5168,enhance anharmonicity,strong lattice anharmonicity and dynamic disorder,1,1,char_ngram_tfidf,0.429538,0.0,False,unreviewed_candidate,,,no_role_eligible_member_on_at_least_one_side
pair:9fb102a312e2d6f8,iTE,iTE:retrieval:113ee0f74fb18c,iTE:retrieval:dc10ab1b41d782,electronic thermoelectric power,thermoelectric power of Na-K mixture,1,1,char_ngram_tfidf,0.42896,0.0,False,unreviewed_candidate,,,no_role_eligible_member_on_at_least_one_side
pair:d3a1f4b3e2911588,iTE,iTE:retrieval:861fcbefb0bf2e,iTE:retrieval:e4a88e29a51ea1,electric conductivity,stability and conductivity,1,1,char_ngram_tfidf,0.42804,0.0,False,unreviewed_candidate,,,no_role_eligible_member_on_at_least_one_side
pair:e3e0d3c15a00b37c,iTE,iTE:retrieval:6311aaf9a0c389,iTE:retrieval:fc1fe2b7c4a48b,scattering phonons,phonon scattering processes and scattering rate,1,1,char_ngram_tfidf,0.427769,0.0,False,unreviewed_candidate,,,no_role_eligible_member_on_at_least_one_side
pair:129f5289a9d1c858,iTE,iTE:retrieval:08e15ea886ddb0,iTE:retrieval:80b1fc0098f080,thermoelectric effect of free co- and counterions,ionic thermoelectric effect,1,2,char_ngram_tfidf,0.427513,0.0,False,unreviewed_candidate,,,no_role_eligible_member_on_at_least_one_side
pair:8f39d7b01ecc06c5,iTE,iTE:retrieval:2eb2a25603dfde,iTE:retrieval:7e7f44faa5b7ef,polymer network,hydrophobic polymer network and hydrophobic ionic liquid (IL),1,1,char_ngram_tfidf,0.426919,0.0,False,unreviewed_candidate,,,no_role_eligible_member_on_at_least_one_side
pair:a0fb4659f9ee9df2,iTE,iTE:retrieval:0bf4ad7ff6e72e,iTE:retrieval:a01fb778dcb200,copper mobility and disordering,Atomic disordering,1,1,char_ngram_tfidf,0.426773,0.0,False,unreviewed_candidate,,,no_role_eligible_member_on_at_least_one_side
pair:8f9fcba7654d4159,iTE,iTE:retrieval:064eca1373ac82,iTE:retrieval:18a0dd3865ee2e,diffusion difference,electric potential difference,1,1,char_ngram_tfidf,0.42676,0.0,False,unreviewed_candidate,,,no_role_eligible_member_on_at_least_one_side
pair:d6eaba1ba07563f8,iTE,iTE:retrieval:03621b04fc2fb5,iTE:retrieval:fc1fe2b7c4a48b,redistribution-dominated four-phonon scattering process,phonon scattering processes and scattering rate,1,1,char_ngram_tfidf,0.426589,0.0,False,unreviewed_candidate,,,no_role_eligible_member_on_at_least_one_side
pair:ce9bf824b220a8cb,iTE,iTE:retrieval:d324c9b7437b95,iTE:retrieval:f39b420b73533f,"structural complexity, variations in bond strengths, and high lattice anharmonicity",lattice anharmonicity,1,1,char_ngram_tfidf,0.426168,0.0,False,unreviewed_candidate,,,no_role_eligible_member_on_at_least_one_side
pair:4ce05d08a35a6aca,iTE,iTE:retrieval:4298c018e3a20c,iTE:retrieval:e4a88e29a51ea1,ionic conductivity and thermal diffusivity,stability and conductivity,1,1,char_ngram_tfidf,0.426065,0.0,False,unreviewed_candidate,,,no_role_eligible_member_on_at_least_one_side
pair:0916f8235c8f8bb9,iTE,iTE:retrieval:63783c214b3ab3,iTE:retrieval:cd9f7d93f6fbce,phase transitions,phase transition and the variation of interplanar spacing,1,1,char_ngram_tfidf,0.42592,0.0,False,unreviewed_candidate,,,no_role_eligible_member_on_at_least_one_side
pair:8630248e6de8d364,iTE,iTE:retrieval:ed500ead9db2dc,iTE:retrieval:fd6e818a2e03c1,thermoelectric efficiency,redox reaction efficiency,3,1,char_ngram_tfidf,0.425892,0.0,False,unreviewed_candidate,,,no_role_eligible_member_on_at_least_one_side
pair:1eb735efd94cadf5,iTE,iTE:retrieval:624e51042faec0,iTE:retrieval:c6d38e57557327,thermoelectric paper chips,thermoelectric power,1,5,char_ngram_tfidf,0.425865,0.0,False,unreviewed_candidate,,,no_role_eligible_member_on_at_least_one_side
pair:24a707bba31bf7b9,iTE,iTE:retrieval:0d31299f3ba4e7,iTE:retrieval:d0a5a2f70ceb67,conduction band activity,Thermal conductivity,1,1,char_ngram_tfidf,0.425851,0.0,False,unreviewed_candidate,,,no_role_eligible_member_on_at_least_one_side
pair:c857493d8fe15dab,iTE,iTE:retrieval:0d31299f3ba4e7,iTE:retrieval:c278a24343d78f,conduction band activity,thermal conductivity,1,21,char_ngram_tfidf,0.425851,0.0,False,unreviewed_candidate,,,no_role_eligible_member_on_at_least_one_side
pair:76d4817d587a4f0c,iTE,iTE:retrieval:2a2bd10b94e93a,iTE:retrieval:69a60adb03910f,thermoelectric chip,thermoelectric voltage,1,3,char_ngram_tfidf,0.425044,0.0,False,unreviewed_candidate,,,no_role_eligible_member_on_at_least_one_side
pair:74a3eabb0ed1c4a9,iTE,iTE:retrieval:43e279218956cc,iTE:retrieval:ef7365486e2ecc,thermal stability,thermal mobility of ions,1,1,char_ngram_tfidf,0.424651,0.0,False,unreviewed_candidate,,,no_role_eligible_member_on_at_least_one_side
pair:3162849cebefe729,iTE,iTE:retrieval:7acc6966af1b10,iTE:retrieval:e4a88e29a51ea1,ionic conductivity and lattice thermal conductivity,stability and conductivity,1,1,char_ngram_tfidf,0.423701,0.0,False,unreviewed_candidate,,,no_role_eligible_member_on_at_least_one_side
pair:c71142f0f14bf8c6,iTE,iTE:retrieval:1c78a3ae57bc27,iTE:retrieval:8be8e9f158796e,high ionic conductivity and chemical stability,mechanical stability,1,1,char_ngram_tfidf,0.422911,0.0,False,unreviewed_candidate,,,no_role_eligible_member_on_at_least_one_side
pair:625c75c1543e8236,iTE,iTE:retrieval:c6d38e57557327,iTE:retrieval:f7b500bbdc3141,thermoelectric power,"Electrical conductivity, thermoelectric power, and chemical diffusivity",5,1,char_ngram_tfidf,0.422741,0.0,False,unreviewed_candidate,,,no_role_eligible_member_on_at_least_one_side
pair:d5d85ca4f908ea37,iTE,iTE:retrieval:0003db55410eeb,iTE:retrieval:df2e5b666b02a7,thermoelectric conversion system,thermo-osmotic conversion,1,1,char_ngram_tfidf,0.421805,0.0,False,unreviewed_candidate,,,no_role_eligible_member_on_at_least_one_side
pair:097a581e5e809b32,iTE,iTE:retrieval:2a2bd10b94e93a,iTE:retrieval:dbe11ce9b6f3b4,thermoelectric chip,thermoelectric chips are coupled with ionic wind fans,1,1,char_ngram_tfidf,0.421161,0.0,False,unreviewed_candidate,,,no_role_eligible_member_on_at_least_one_side
pair:1127c00266ffcc1d,iTE,iTE:retrieval:7e4cfc6d550f74,iTE:retrieval:b979b1711e1f58,diffusivity differences,diffusion difference between cations and anions,1,1,char_ngram_tfidf,0.421096,0.0,False,unreviewed_candidate,,,no_role_eligible_member_on_at_least_one_side
pair:9fd1bd92dc5f0c8b,iTE,iTE:retrieval:0d31299f3ba4e7,iTE:retrieval:861fcbefb0bf2e,conduction band activity,electric conductivity,1,1,char_ngram_tfidf,0.420984,0.0,False,unreviewed_candidate,,,no_role_eligible_member_on_at_least_one_side
pair:201913d4a4d50173,iTE,iTE:retrieval:0cb71f6c6d6bad,iTE:retrieval:a8070ed6b621d0,extreme phonon anharmonicity and weak bonding,anharmonicity,1,2,char_ngram_tfidf,0.420958,0.0,False,unreviewed_candidate,,,no_role_eligible_member_on_at_least_one_side
pair:b8cace73710877d0,iTE,iTE:retrieval:2ceda35a1db6bd,iTE:retrieval:b2cb2a15fb442b,TE properties,hydration properties of LiCl,2,1,char_ngram_tfidf,0.420526,0.0,False,unreviewed_candidate,,,no_role_eligible_member_on_at_least_one_side
pair:a6f311fbe0a90aae,iTE,iTE:retrieval:b8af39653e9dcc,iTE:retrieval:dc1374b70645cf,Mg is simultaneously substituted for Co,simultaneously enhanced S and a,1,1,char_ngram_tfidf,0.419906,0.0,False,unreviewed_candidate,,,no_role_eligible_member_on_at_least_one_side
pair:6063984c61599f23,iTE,iTE:retrieval:e69e96d9515260,iTE:retrieval:fc1fe2b7c4a48b,electron-phonon scattering,phonon scattering processes and scattering rate,1,1,char_ngram_tfidf,0.41958,0.0,False,unreviewed_candidate,,,no_role_eligible_member_on_at_least_one_side
pair:7d55d4f00f5be701,iTE,iTE:retrieval:06cf8ae0b1c560,iTE:retrieval:1c0c08b35e88dc,transport properties at low T,thermodynamic and transport properties of the electrolyte,1,1,char_ngram_tfidf,0.419454,0.0,False,unreviewed_candidate,,,no_role_eligible_member_on_at_least_one_side
pair:98f472446cedc305,iTE,iTE:retrieval:44ca1aa51771df,iTE:retrieval:c7f2d049f3206e,thermoelectric power and the charge separation effects,coupled thermoelectric effects,1,1,char_ngram_tfidf,0.419296,0.0,False,unreviewed_candidate,,,no_role_eligible_member_on_at_least_one_side
pair:dbc5debf32f6f656,iTE,iTE:retrieval:65f9054e2a5168,iTE:retrieval:a8070ed6b621d0,strong lattice anharmonicity and dynamic disorder,anharmonicity,1,2,char_ngram_tfidf,0.419016,0.0,False,unreviewed_candidate,,,no_role_eligible_member_on_at_least_one_side
pair:7cc3ad8ed4024817,iTE,iTE:retrieval:1c78a3ae57bc27,iTE:retrieval:b80a95691ac16a,high ionic conductivity and chemical stability,high electrical conductivity,1,2,char_ngram_tfidf,0.418783,0.0,False,unreviewed_candidate,,,no_role_eligible_member_on_at_least_one_side
pair:e4f534986c6c4d7f,iTE,iTE:retrieval:282510d9bbcde6,iTE:retrieval:4fb362828bc039,porosity and pore connectivity,porosities,1,1,char_ngram_tfidf,0.418723,0.0,False,unreviewed_candidate,,,no_role_eligible_member_on_at_least_one_side
pair:e4e1bd834eaa5239,iTE,iTE:retrieval:9377b038eaec24,iTE:retrieval:ef7365486e2ecc,mobility,thermal mobility of ions,1,1,char_ngram_tfidf,0.418719,0.0,False,unreviewed_candidate,,,no_role_eligible_member_on_at_least_one_side
pair:8213720c04a9934c,iTE,iTE:retrieval:0c6b6132d13dd5,iTE:retrieval:65f9054e2a5168,strong structural anharmonicity,strong lattice anharmonicity and dynamic disorder,1,1,char_ngram_tfidf,0.418443,0.0,False,unreviewed_candidate,,,no_role_eligible_member_on_at_least_one_side
pair:5fc335011380471b,iTE,iTE:retrieval:2a2bd10b94e93a,iTE:retrieval:4b96feabbc52f6,thermoelectric chip,thermoelectric response,1,3,char_ngram_tfidf,0.418368,0.0,False,unreviewed_candidate,,,no_role_eligible_member_on_at_least_one_side
pair:9e67630fea63cabe,iTE,iTE:retrieval:6eed0890587881,iTE:retrieval:f39b420b73533f,"local structural distortion, weak bonding environment, and strong lattice anharmonicity",lattice anharmonicity,1,1,char_ngram_tfidf,0.418282,0.0,False,unreviewed_candidate,,,no_role_eligible_member_on_at_least_one_side
pair:4cb57a553f706fb0,iTE,iTE:retrieval:44ca1aa51771df,iTE:retrieval:8414bbceb44c4a,thermoelectric power and the charge separation effects,thermoelectric power factors,1,1,char_ngram_tfidf,0.417808,0.0,False,unreviewed_candidate,,,no_role_eligible_member_on_at_least_one_side
pair:17e1808f89531baf,iTE,iTE:retrieval:8d6895f23e8193,iTE:retrieval:b557051a72985e,electrical property of the CPNF,thermoelectric property,1,2,char_ngram_tfidf,0.416686,0.0,False,unreviewed_candidate,,,no_role_eligible_member_on_at_least_one_side
pair:f0d53a0ec9053f54,iTE,iTE:retrieval:8d6895f23e8193,iTE:retrieval:9f95bafee11d2f,electrical property of the CPNF,electrical and mechanical properties,1,1,char_ngram_tfidf,0.415425,0.0,False,unreviewed_candidate,,,no_role_eligible_member_on_at_least_one_side
pair:d9d7c637fc6851eb,iTE,iTE:retrieval:064eca1373ac82,iTE:retrieval:241d02d29b5a2b,diffusion difference,diffusion control,1,1,char_ngram_tfidf,0.415147,0.0,False,unreviewed_candidate,,,no_role_eligible_member_on_at_least_one_side
pair:934eb0005fcb8274,iTE,iTE:retrieval:d4054f4924c5e1,iTE:retrieval:fd6e818a2e03c1,change in the dominating redox reactions,redox reaction efficiency,1,1,char_ngram_tfidf,0.414615,0.0,False,unreviewed_candidate,,,no_role_eligible_member_on_at_least_one_side
pair:1eea510b14c02527,iTE,iTE:retrieval:8c67d25f0a0751,iTE:retrieval:a087f18697e8ca,doping levels and morphology,morphology and microstructure,1,1,char_ngram_tfidf,0.414455,0.0,False,unreviewed_candidate,,,no_role_eligible_member_on_at_least_one_side
pair:245c1a6344f3d7f6,iTE,iTE:retrieval:064eca1373ac82,iTE:retrieval:f16eb52f893344,diffusion difference,thermal diffusion entropy difference between charge carriers,1,1,char_ngram_tfidf,0.414328,0.0,False,unreviewed_candidate,,,no_role_eligible_member_on_at_least_one_side
pair:fc37f8d32b71ebba,iTE,iTE:retrieval:1f1b3f70fe9476,iTE:retrieval:74ce4f53b28791,oxidation state,oxidation level and nanostructure,1,1,char_ngram_tfidf,0.414041,0.0,False,unreviewed_candidate,,,no_role_eligible_member_on_at_least_one_side
pair:3a65c5e901cb8efd,iTE,iTE:retrieval:8bb88b6d425e76,iTE:retrieval:d92448da5643fe,Thermoelectric power of high-temperature region,thermoelectric power factor,1,3,char_ngram_tfidf,0.413079,0.0,False,unreviewed_candidate,,,no_role_eligible_member_on_at_least_one_side
pair:3ee80be653a5d0bc,iTE,iTE:retrieval:8d6895f23e8193,iTE:retrieval:be5b7bd5304cd8,electrical property of the CPNF,n-type electrical properties,1,1,char_ngram_tfidf,0.412092,0.0,False,unreviewed_candidate,,,no_role_eligible_member_on_at_least_one_side
pair:ad60791628ae8dd5,iTE,iTE:retrieval:113ee0f74fb18c,iTE:retrieval:8bb88b6d425e76,electronic thermoelectric power,Thermoelectric power of high-temperature region,1,1,char_ngram_tfidf,0.410783,0.0,False,unreviewed_candidate,,,no_role_eligible_member_on_at_least_one_side
pair:28690a1d7367a2c8,iTE,iTE:retrieval:1c2fff235630e8,iTE:retrieval:a2503364f19807,electrode-dependent effect,pressure-dependent thermal conductivity,1,1,char_ngram_tfidf,0.410103,0.0,False,unreviewed_candidate,,,no_role_eligible_member_on_at_least_one_side
pair:71a8f2823805e8ea,iTE,iTE:retrieval:0d31299f3ba4e7,iTE:retrieval:d797a2c44b3f2d,conduction band activity,dc conductivity,1,3,char_ngram_tfidf,0.409874,0.0,False,unreviewed_candidate,,,no_role_eligible_member_on_at_least_one_side
pair:5340b6f3db29a30f,iTE,iTE:retrieval:b8cdc58ee64477,iTE:retrieval:cf712cc831f5fe,subsecond dynamics,guest-atom structure and dynamics,1,1,char_ngram_tfidf,0.409762,0.0,False,unreviewed_candidate,,,no_role_eligible_member_on_at_least_one_side
pair:011f5dba7f425d33,iTE,iTE:retrieval:80b1fc0098f080,iTE:retrieval:c61e0b915cf4bd,ionic thermoelectric effect,ionic thermoelectric and streaming potentials,2,1,char_ngram_tfidf,0.409451,0.0,False,unreviewed_candidate,,,no_role_eligible_member_on_at_least_one_side
pair:37dc6ea5ed1e976d,iTE,iTE:retrieval:866550b9866af6,iTE:retrieval:fc1fe2b7c4a48b,enhanced phonon scattering,phonon scattering processes and scattering rate,1,1,char_ngram_tfidf,0.409349,0.0,False,unreviewed_candidate,,,no_role_eligible_member_on_at_least_one_side
pair:b0035f5dcb600ca8,iTE,iTE:retrieval:250d17a77ed24d,iTE:retrieval:7205b2d1ccd6ae,thermodynamic factor,hydrodynamic friction,1,1,char_ngram_tfidf,0.408435,0.0,False,unreviewed_candidate,,,no_role_eligible_member_on_at_least_one_side
pair:c4779bd172a6606e,iTE,iTE:retrieval:33606936fb7276,iTE:retrieval:b8a93764ef6b81,thermoelectric power of the SWCNTs,electronic structure of SWCNTs,1,1,char_ngram_tfidf,0.408252,0.0,False,unreviewed_candidate,,,no_role_eligible_member_on_at_least_one_side
pair:95f5cd02112bb226,iTE,iTE:retrieval:0c6b6132d13dd5,iTE:retrieval:d324c9b7437b95,strong structural anharmonicity,"structural complexity, variations in bond strengths, and high lattice anharmonicity",1,1,char_ngram_tfidf,0.408174,0.0,False,unreviewed_candidate,,,no_role_eligible_member_on_at_least_one_side
pair:722d98b71ed0bed9,iTE,iTE:retrieval:8af06e952b5596,iTE:retrieval:f4506ebecea49e,Activation energy and thermoelectric coefficient values,ionic activation energy,1,1,char_ngram_tfidf,0.407632,0.0,False,unreviewed_candidate,,,no_role_eligible_member_on_at_least_one_side
pair:43332f983126660f,iTE,iTE:retrieval:86da420fca4bb9,iTE:retrieval:8d6895f23e8193,enhanced electrical properties,electrical property of the CPNF,1,1,char_ngram_tfidf,0.407079,0.0,False,unreviewed_candidate,,,no_role_eligible_member_on_at_least_one_side
pair:6df2156e2358e4f5,iTE,iTE:retrieval:86c3d15d33b3e3,iTE:retrieval:ef2b264fe9b9eb,charging and discharging current from ITESCs,ratio of discharging and charging,1,1,char_ngram_tfidf,0.406954,0.0,False,unreviewed_candidate,,,no_role_eligible_member_on_at_least_one_side
pair:72aa4ec2afbf4f6d,iTE,iTE:retrieval:3f65a2d6fb72a6,iTE:retrieval:e8ffd932883291,strong phonon scattering,low acoustic mode group velocity and strong three-phonon scattering,1,1,char_ngram_tfidf,0.406665,0.0,False,unreviewed_candidate,,,no_role_eligible_member_on_at_least_one_side
pair:4bec539714c94b95,iTE,iTE:retrieval:0d31299f3ba4e7,iTE:retrieval:4306f790b68fbd,conduction band activity,high conductivity,1,1,char_ngram_tfidf,0.406517,0.0,False,unreviewed_candidate,,,no_role_eligible_member_on_at_least_one_side
pair:c81aba9f8f1c4f74,iTE,iTE:retrieval:b979b1711e1f58,iTE:retrieval:d87bf6e741e8a3,diffusion difference between cations and anions,ion mobility difference between I3- and sodium ions,1,1,char_ngram_tfidf,0.406349,0.0,False,unreviewed_candidate,,,no_role_eligible_member_on_at_least_one_side
pair:b180b8446dc9137d,iTE,iTE:retrieval:4c45fbfb081e81,iTE:retrieval:f524d4b7ce05c4,suitable ionic liquid,kinetics of ionic liquid,1,1,char_ngram_tfidf,0.405931,0.0,False,unreviewed_candidate,,,no_role_eligible_member_on_at_least_one_side
pair:17f68359563ccaaf,iTE,iTE:retrieval:113ee0f74fb18c,iTE:retrieval:1d8bee3a84edf4,electronic thermoelectric power,thermoelectric current and power density,1,1,char_ngram_tfidf,0.405465,0.0,False,unreviewed_candidate,,,no_role_eligible_member_on_at_least_one_side
pair:73f26bc616c1b97f,iTE,iTE:retrieval:106e74068f2eac,iTE:retrieval:1c78a3ae57bc27,electronic and ionic conductivity,high ionic conductivity and chemical stability,1,1,char_ngram_tfidf,0.405308,0.0,False,unreviewed_candidate,,,no_role_eligible_member_on_at_least_one_side
pair:d252c06bfeebd735,iTE,iTE:retrieval:60d4d5b6d32241,iTE:retrieval:c4ee0b1e5b0429,variation of Seebeck coefficient and resistivity,resistivity,1,2,char_ngram_tfidf,0.404984,0.0,False,unreviewed_candidate,,,no_role_eligible_member_on_at_least_one_side
pair:3643bab4b498c899,iTE,iTE:retrieval:33606936fb7276,iTE:retrieval:9dd6f9a44acf2b,thermoelectric power of the SWCNTs,radial thermoelectric power in the liquid,1,1,char_ngram_tfidf,0.404548,0.0,False,unreviewed_candidate,,,no_role_eligible_member_on_at_least_one_side
pair:c6ddb3995d18fa48,iTE,iTE:retrieval:1c78a3ae57bc27,iTE:retrieval:92a039aec91299,high ionic conductivity and chemical stability,electronic conductivity,1,3,char_ngram_tfidf,0.404438,0.0,False,unreviewed_candidate,,,no_role_eligible_member_on_at_least_one_side
pair:e7570773c5dc2ae3,iTE,iTE:retrieval:5c264d920e5de8,iTE:retrieval:fc1fe2b7c4a48b,absence of sintering processes,phonon scattering processes and scattering rate,1,1,char_ngram_tfidf,0.404298,0.0,False,unreviewed_candidate,,,no_role_eligible_member_on_at_least_one_side
pair:1f701df50dea4310,iTE,iTE:retrieval:064eca1373ac82,iTE:retrieval:a318682645ec14,diffusion difference,difference in ionic radii,1,1,char_ngram_tfidf,0.404037,0.0,False,unreviewed_candidate,,,no_role_eligible_member_on_at_least_one_side
pair:cd3fc5fc797d84e4,iTE,iTE:retrieval:1f77c42f14d663,iTE:retrieval:23ddfe3086dcbd,carrier transport characteristics,interdomain charge carrier transport,1,1,char_ngram_tfidf,0.403292,0.0,False,unreviewed_candidate,,,no_role_eligible_member_on_at_least_one_side
pair:6891ff9081580436,iTE,iTE:retrieval:d0878cb46d50a5,iTE:retrieval:ef7365486e2ecc,ionic mobility,thermal mobility of ions,4,1,char_ngram_tfidf,0.403258,0.0,False,unreviewed_candidate,,,no_role_eligible_member_on_at_least_one_side
pair:710c50dbbc4792e7,iTE,iTE:retrieval:0d31299f3ba4e7,iTE:retrieval:92a039aec91299,conduction band activity,electronic conductivity,1,3,char_ngram_tfidf,0.403022,0.0,False,unreviewed_candidate,,,no_role_eligible_member_on_at_least_one_side
pair:9151029e21062cfb,iTE,iTE:retrieval:a50c75a90d43be,iTE:retrieval:e1b2770cb24403,weakened interlayer interaction and phonon confinement effect,nano-confinement effects,1,1,char_ngram_tfidf,0.402788,0.0,False,unreviewed_candidate,,,no_role_eligible_member_on_at_least_one_side
pair:300d09bf95704446,iTE,iTE:retrieval:064eca1373ac82,iTE:retrieval:bff7d8ed3ed072,diffusion difference,diffusivity,1,1,char_ngram_tfidf,0.402575,0.0,False,unreviewed_candidate,,,no_role_eligible_member_on_at_least_one_side
pair:fba46ea9d1694068,iTE,iTE:retrieval:a3a949c443f770,iTE:retrieval:dd91d137834a4c,large values of the Seebeck coefficient and low electrical resistivity,large value (1100 mu V K-1) of Seebeck coefficient,1,1,char_ngram_tfidf,0.402528,0.0,False,unreviewed_candidate,,,no_role_eligible_member_on_at_least_one_side
pair:245067b238c78400,iTE,iTE:retrieval:33606936fb7276,iTE:retrieval:5b4181883ab42c,thermoelectric power of the SWCNTs,absolute value of thermoelectric power,1,1,char_ngram_tfidf,0.40193,0.0,False,unreviewed_candidate,,,no_role_eligible_member_on_at_least_one_side
pair:b22fc968b3e8230f,iTE,iTE:retrieval:064eca1373ac82,iTE:retrieval:0bbd224b1f2b46,diffusion difference,internal temperature difference,1,1,char_ngram_tfidf,0.401038,0.0,False,unreviewed_candidate,,,no_role_eligible_member_on_at_least_one_side
pair:3d780fb93f83010c,iTE,iTE:retrieval:0003db55410eeb,iTE:retrieval:d67013377c6ffb,thermoelectric conversion system,thermoelectric coupling,1,1,char_ngram_tfidf,0.400962,0.0,False,unreviewed_candidate,,,no_role_eligible_member_on_at_least_one_side
pair:3d070b0cfe3304c2,iTE,iTE:retrieval:33606936fb7276,iTE:retrieval:b77dfe17f18a08,thermoelectric power of the SWCNTs,temperature dependence of thermoelectric power,1,2,char_ngram_tfidf,0.400769,0.0,False,unreviewed_candidate,,,no_role_eligible_member_on_at_least_one_side
pair:ef1c36f9112b5e57,iTE,iTE:retrieval:01f741ec1f37f3,iTE:retrieval:0d31299f3ba4e7,conductivity gap,conduction band activity,1,1,char_ngram_tfidf,0.400732,0.0,False,unreviewed_candidate,,,no_role_eligible_member_on_at_least_one_side
pair:a03735aabf882470,iTE,iTE:retrieval:509a16f5eab3b7,iTE:retrieval:9330e8627314e7,photothermoelectric effect,ion steric effect,1,1,char_ngram_tfidf,0.400535,0.0,False,unreviewed_candidate,,,no_role_eligible_member_on_at_least_one_side
pair:89727c4554ac9369,iTE,iTE:retrieval:8414bbceb44c4a,iTE:retrieval:8bb88b6d425e76,thermoelectric power factors,Thermoelectric power of high-temperature region,1,1,char_ngram_tfidf,0.400529,0.0,False,unreviewed_candidate,,,no_role_eligible_member_on_at_least_one_side
pair:2c5bb3da48c9381e,iTE,iTE:retrieval:197fb0bf8ce71d,iTE:retrieval:7e7f44faa5b7ef,interaction between the polymer network and ES,hydrophobic polymer network and hydrophobic ionic liquid (IL),1,1,char_ngram_tfidf,0.400035,0.0,False,unreviewed_candidate,,,no_role_eligible_member_on_at_least_one_side
pair:c46e49512d8ec492,iTE,iTE:retrieval:113ee0f74fb18c,iTE:retrieval:f7b500bbdc3141,electronic thermoelectric power,"Electrical conductivity, thermoelectric power, and chemical diffusivity",1,1,char_ngram_tfidf,0.399375,0.0,False,unreviewed_candidate,,,no_role_eligible_member_on_at_least_one_side
pair:d5c123171efeb5d6,iTE,iTE:retrieval:51d133523d3822,iTE:retrieval:60ed880ac621c9,internal electrochemical reaction,electrochemical Seebeck effect,1,1,char_ngram_tfidf,0.399086,0.0,False,unreviewed_candidate,,,no_role_eligible_member_on_at_least_one_side
pair:465dc24ace676dc4,iTE,iTE:retrieval:06cf8ae0b1c560,iTE:retrieval:2ceda35a1db6bd,transport properties at low T,TE properties,1,2,char_ngram_tfidf,0.398839,0.0,False,unreviewed_candidate,,,no_role_eligible_member_on_at_least_one_side
pair:a3800a485ea9dd20,iTE,iTE:retrieval:11d5f5debb4c20,iTE:retrieval:6bafa5ee4269c1,ionic and covalent bond strength,soft covalent bonds and ionic layers,1,1,char_ngram_tfidf,0.398654,0.0,False,unreviewed_candidate,,,no_role_eligible_member_on_at_least_one_side
pair:ff48d57089e18a33,iTE,iTE:retrieval:8c67d25f0a0751,iTE:retrieval:93258a66cc5115,doping levels and morphology,high doping level,1,1,char_ngram_tfidf,0.397693,0.0,False,unreviewed_candidate,,,no_role_eligible_member_on_at_least_one_side
pair:f8fb5d78e43306cb,iTE,iTE:retrieval:1f77c42f14d663,iTE:retrieval:4ce0316d751235,carrier transport characteristics,transport of carriers,1,1,char_ngram_tfidf,0.397267,0.0,False,unreviewed_candidate,,,no_role_eligible_member_on_at_least_one_side
pair:3f952c2f40f2b858,iTE,iTE:retrieval:8c67d25f0a0751,iTE:retrieval:a8823c63fc5596,doping levels and morphology,morphology modification,1,1,char_ngram_tfidf,0.396696,0.0,False,unreviewed_candidate,,,no_role_eligible_member_on_at_least_one_side
pair:9d4f0a324d5daf0f,iTE,iTE:retrieval:509a16f5eab3b7,iTE:retrieval:e74ec423ca3269,photothermoelectric effect,cooperation between the two thermoelectric effects,1,1,char_ngram_tfidf,0.395773,0.0,False,unreviewed_candidate,,,no_role_eligible_member_on_at_least_one_side
pair:db03747d9e18e100,iTE,iTE:retrieval:2402641b8c8836,iTE:retrieval:44ca1aa51771df,sign of the thermoelectric power,thermoelectric power and the charge separation effects,1,1,char_ngram_tfidf,0.395668,0.0,False,unreviewed_candidate,,,no_role_eligible_member_on_at_least_one_side
pair:fb8b4bc5a22577c6,iTE,iTE:retrieval:88ee5ca9a03fc7,iTE:retrieval:a50c75a90d43be,weakened electrostatic interactions,weakened interlayer interaction and phonon confinement effect,1,1,char_ngram_tfidf,0.395294,0.0,False,unreviewed_candidate,,,no_role_eligible_member_on_at_least_one_side
pair:e41186635d618d0a,iTE,iTE:retrieval:74ce4f53b28791,iTE:retrieval:e7deb09149f6ba,oxidation level and nanostructure,semiconducting nanostructure,1,1,char_ngram_tfidf,0.394438,0.0,False,unreviewed_candidate,,,no_role_eligible_member_on_at_least_one_side
pair:9b988b725fff6d09,iTE,iTE:retrieval:1f77c42f14d663,iTE:retrieval:eb660dc9f9c30d,carrier transport characteristics,higher characteristic strength,1,1,char_ngram_tfidf,0.394373,0.0,False,unreviewed_candidate,,,no_role_eligible_member_on_at_least_one_side
pair:9d45b95b3539a7d2,iTE,iTE:retrieval:341f44935dedf8,iTE:retrieval:cf712cc831f5fe,phonon dynamics,guest-atom structure and dynamics,1,1,char_ngram_tfidf,0.39423,0.0,False,unreviewed_candidate,,,no_role_eligible_member_on_at_least_one_side
pair:e286e0ef986ff4db,iTE,iTE:retrieval:1c78a3ae57bc27,iTE:retrieval:4c9d182ed7a886,high ionic conductivity and chemical stability,high conductivity state,1,1,char_ngram_tfidf,0.39375,0.0,False,unreviewed_candidate,,,no_role_eligible_member_on_at_least_one_side
pair:2ce8d0f0028fac92,iTE,iTE:retrieval:53813e0f9328bb,iTE:retrieval:fd6e818a2e03c1,photothermal conversion efficiency,redox reaction efficiency,1,1,char_ngram_tfidf,0.393748,0.0,False,unreviewed_candidate,,,no_role_eligible_member_on_at_least_one_side
pair:10401b33f2b0b3ec,iTE,iTE:retrieval:0bf4ad7ff6e72e,iTE:retrieval:4dbaa586691a70,copper mobility and disordering,disorder,1,2,char_ngram_tfidf,0.392986,0.0,False,unreviewed_candidate,,,no_role_eligible_member_on_at_least_one_side
pair:6c69062a9aa25ce6,iTE,iTE:retrieval:0f38060f4a7d65,iTE:retrieval:ef7365486e2ecc,high mobility of carriers,thermal mobility of ions,1,1,char_ngram_tfidf,0.392974,0.0,False,unreviewed_candidate,,,no_role_eligible_member_on_at_least_one_side
pair:226770e0da9fd2b8,iTE,iTE:retrieval:0003db55410eeb,iTE:retrieval:d3363183ed82e8,thermoelectric conversion system,thermoelectric coefficient,1,1,char_ngram_tfidf,0.392408,0.0,False,unreviewed_candidate,,,no_role_eligible_member_on_at_least_one_side
pair:bfea4c6bdd08f68e,iTE,iTE:retrieval:5da056056a99bf,iTE:retrieval:e8ffd932883291,phonon frequency and group velocity,low acoustic mode group velocity and strong three-phonon scattering,1,1,char_ngram_tfidf,0.392074,0.0,False,unreviewed_candidate,,,no_role_eligible_member_on_at_least_one_side
pair:b2d0bbccfa099dd4,iTE,iTE:retrieval:3a35dbaea5ea58,iTE:retrieval:8bb88b6d425e76,larger thermoelectric power,Thermoelectric power of high-temperature region,1,1,char_ngram_tfidf,0.391982,0.0,False,unreviewed_candidate,,,no_role_eligible_member_on_at_least_one_side
pair:2b2f8cde29af0c16,iTE,iTE:retrieval:6bafa5ee4269c1,iTE:retrieval:8caf7019464cc6,soft covalent bonds and ionic layers,polar covalent bonding,1,1,char_ngram_tfidf,0.391578,0.0,False,unreviewed_candidate,,,no_role_eligible_member_on_at_least_one_side
pair:73740e4c342a5516,iTE,iTE:retrieval:50ddb1edcdd056,iTE:retrieval:c60276b6e212b6,appearance of electrical conductivity,enhanced conduction and the appearance of a semiconductor behavior,1,1,char_ngram_tfidf,0.391243,0.0,False,unreviewed_candidate,,,no_role_eligible_member_on_at_least_one_side
pair:e12e035b24914f57,iTE,iTE:retrieval:0cb71f6c6d6bad,iTE:retrieval:f849e5c39b53a2,extreme phonon anharmonicity and weak bonding,strong bond anharmonicity,1,1,char_ngram_tfidf,0.390744,0.0,False,unreviewed_candidate,,,no_role_eligible_member_on_at_least_one_side
pair:32ec9bf05386078f,iTE,iTE:retrieval:b2cb2a15fb442b,iTE:retrieval:b713a2be2588fc,hydration properties of LiCl,iTE properties,1,1,char_ngram_tfidf,0.390652,0.0,False,unreviewed_candidate,,,no_role_eligible_member_on_at_least_one_side
pair:958ba13b5f611472,iTE,iTE:retrieval:15b0a6724ca075,iTE:retrieval:e8ffd932883291,phonon group velocity and Debye temperature,low acoustic mode group velocity and strong three-phonon scattering,1,1,char_ngram_tfidf,0.389828,0.0,False,unreviewed_candidate,,,no_role_eligible_member_on_at_least_one_side
pair:31b6939569dfdd6d,iTE,iTE:retrieval:861fcbefb0bf2e,iTE:retrieval:f7b500bbdc3141,electric conductivity,"Electrical conductivity, thermoelectric power, and chemical diffusivity",1,1,char_ngram_tfidf,0.388864,0.0,False,unreviewed_candidate,,,no_role_eligible_member_on_at_least_one_side
pair:419ce31f298c1afd,iTE,iTE:retrieval:6bafa5ee4269c1,iTE:retrieval:99d198400fa1dc,soft covalent bonds and ionic layers,interplay between ionic and covalent bonds,1,1,char_ngram_tfidf,0.388821,0.0,False,unreviewed_candidate,,,no_role_eligible_member_on_at_least_one_side
pair:aef59b1fda340fd8,iTE,iTE:retrieval:8a091f19baf785,iTE:retrieval:8c67d25f0a0751,controlled phase-segregated morphology,doping levels and morphology,1,1,char_ngram_tfidf,0.388802,0.0,False,unreviewed_candidate,,,no_role_eligible_member_on_at_least_one_side
pair:2580fed47391f2e7,iTE,iTE:retrieval:6bafa5ee4269c1,iTE:retrieval:fd7e2a84c18306,soft covalent bonds and ionic layers,ionic and covalent,1,1,char_ngram_tfidf,0.388665,0.0,False,unreviewed_candidate,,,no_role_eligible_member_on_at_least_one_side
pair:ace2dceb8a34cedd,iTE,iTE:retrieval:0bef266e3d1dfc,iTE:retrieval:f4431ab583a55b,VTIG,HTIG,1,1,char_ngram_tfidf,0.388352,0.0,False,unreviewed_candidate,,,no_role_eligible_member_on_at_least_one_side
pair:c0d2dea126f46a4c,iTE,iTE:retrieval:da82a0ca08313b,iTE:retrieval:e8ffd932883291,phonon scattering,low acoustic mode group velocity and strong three-phonon scattering,6,1,char_ngram_tfidf,0.38833,0.0,False,unreviewed_candidate,,,no_role_eligible_member_on_at_least_one_side
pair:14678abc4a736c37,iTE,iTE:retrieval:8d6895f23e8193,iTE:retrieval:b7e3493f6c39a3,electrical property of the CPNF,mechanical and electrical properties,1,1,char_ngram_tfidf,0.387675,0.0,False,unreviewed_candidate,,,no_role_eligible_member_on_at_least_one_side
pair:939f60c7630077ab,iTE,iTE:retrieval:2087819573597a,iTE:retrieval:603185ba98ba5b,charge-carrier mobility,ordered conductive domains and carrier mobility,1,1,char_ngram_tfidf,0.387228,0.0,False,unreviewed_candidate,,,no_role_eligible_member_on_at_least_one_side
pair:862f7976a5e0070e,iTE,iTE:retrieval:b4769b937ca7cc,iTE:retrieval:f7b500bbdc3141,electrical conductivities,"Electrical conductivity, thermoelectric power, and chemical diffusivity",3,1,char_ngram_tfidf,0.387218,0.0,False,unreviewed_candidate,,,no_role_eligible_member_on_at_least_one_side
pair:b8905f25bcb50c0e,iTE,iTE:retrieval:0cb71f6c6d6bad,iTE:retrieval:9f7cd77b6e2bc6,extreme phonon anharmonicity and weak bonding,strong anharmonicity,1,2,char_ngram_tfidf,0.38663,0.0,False,unreviewed_candidate,,,no_role_eligible_member_on_at_least_one_side
pair:8892e710f8e0a862,iTE,iTE:retrieval:8bb88b6d425e76,iTE:retrieval:dc10ab1b41d782,Thermoelectric power of high-temperature region,thermoelectric power of Na-K mixture,1,1,char_ngram_tfidf,0.386313,0.0,False,unreviewed_candidate,,,no_role_eligible_member_on_at_least_one_side
pair:9d54b50efce4ab9a,iTE,iTE:retrieval:603185ba98ba5b,iTE:retrieval:6b9977c82e4817,ordered conductive domains and carrier mobility,similar carrier mobility,1,1,char_ngram_tfidf,0.385786,0.0,False,unreviewed_candidate,,,no_role_eligible_member_on_at_least_one_side
pair:113f3e77ce141dc1,iTE,iTE:retrieval:f524d4b7ce05c4,iTE:retrieval:f664d8dd948027,kinetics of ionic liquid,enhanced mobility kinetics of Li+,1,1,char_ngram_tfidf,0.385699,0.0,False,unreviewed_candidate,,,no_role_eligible_member_on_at_least_one_side
pair:411a7891be3f733d,iTE,iTE:retrieval:36b909068ce44a,iTE:retrieval:a4452df8022c82,activation energy for ionic transport,relationship between the heat of transport and the activation energy of ion conduction,1,1,char_ngram_tfidf,0.384909,0.0,False,unreviewed_candidate,,,no_role_eligible_member_on_at_least_one_side
pair:d02748ffd4eddfb1,iTE,iTE:retrieval:00946455623a0c,iTE:retrieval:0cb71f6c6d6bad,high anharmonicity,extreme phonon anharmonicity and weak bonding,1,1,char_ngram_tfidf,0.384826,0.0,False,unreviewed_candidate,,,no_role_eligible_member_on_at_least_one_side
pair:f31c5553952b58d8,iTE,iTE:retrieval:36b909068ce44a,iTE:retrieval:8af06e952b5596,activation energy for ionic transport,Activation energy and thermoelectric coefficient values,1,1,char_ngram_tfidf,0.384812,0.0,False,unreviewed_candidate,,,no_role_eligible_member_on_at_least_one_side
pair:5971be54afb6dfbf,iTE,iTE:retrieval:e51d8468b221ee,iTE:retrieval:e8ffd932883291,small phonon group velocities,low acoustic mode group velocity and strong three-phonon scattering,1,1,char_ngram_tfidf,0.384558,0.0,False,unreviewed_candidate,,,no_role_eligible_member_on_at_least_one_side
pair:668529493d3357bc,iTE,iTE:retrieval:4612a29a08eaa9,iTE:retrieval:e59162163e1dae,ionic wind generator,efficient thermoelectric generator,1,1,char_ngram_tfidf,0.384436,0.0,False,unreviewed_candidate,,,no_role_eligible_member_on_at_least_one_side
pair:713719156f098da4,iTE,iTE:retrieval:8af06e952b5596,iTE:retrieval:e59162163e1dae,Activation energy and thermoelectric coefficient values,efficient thermoelectric generator,1,1,char_ngram_tfidf,0.38426,0.0,False,unreviewed_candidate,,,no_role_eligible_member_on_at_least_one_side
pair:7e5e1dfa6abeb684,iTE,iTE:retrieval:b93404d2a34700,iTE:retrieval:c4f6aa1088da41,mobile ion hopping,small polaron hopping model,1,1,char_ngram_tfidf,0.384247,0.0,False,unreviewed_candidate,,,no_role_eligible_member_on_at_least_one_side
pair:1a042c1faf2bdbe5,iTE,iTE:retrieval:0003db55410eeb,iTE:retrieval:c01ccf23b5c860,thermoelectric conversion system,photothermal conversion,1,1,char_ngram_tfidf,0.384138,0.0,False,unreviewed_candidate,,,no_role_eligible_member_on_at_least_one_side
pair:9d50a04565b3005a,iTE,iTE:retrieval:44ca1aa51771df,iTE:retrieval:4c6176a4160039,thermoelectric power and the charge separation effects,Thermoelectric power (TEP),1,1,char_ngram_tfidf,0.383547,0.0,False,unreviewed_candidate,,,no_role_eligible_member_on_at_least_one_side
pair:5bf08771b47af2ec,iTE,iTE:retrieval:624e51042faec0,iTE:retrieval:b557051a72985e,thermoelectric paper chips,thermoelectric property,1,2,char_ngram_tfidf,0.383326,0.0,False,unreviewed_candidate,,,no_role_eligible_member_on_at_least_one_side
pair:dbe5bcc47740c960,iTE,iTE:retrieval:50c6297b967ffb,iTE:retrieval:624e51042faec0,thermoelectric properties,thermoelectric paper chips,9,1,char_ngram_tfidf,0.383174,0.0,False,unreviewed_candidate,,,no_role_eligible_member_on_at_least_one_side
pair:f4336c76d7d901a3,iTE,iTE:retrieval:b24ae9e7c27415,iTE:retrieval:b979b1711e1f58,Differences in single-ion Soret and self-diffusion coefficients of anions and cations,diffusion difference between cations and anions,1,1,char_ngram_tfidf,0.383076,0.0,False,unreviewed_candidate,,,no_role_eligible_member_on_at_least_one_side
pair:7e3aadc14a19f433,iTE,iTE:retrieval:6bda2d317402e4,iTE:retrieval:e2973683e87e6a,thermoelectric properties of ionogels,properties of the hydrogel electrolyte,1,1,char_ngram_tfidf,0.382623,0.0,False,unreviewed_candidate,,,no_role_eligible_member_on_at_least_one_side
pair:14a6361e662f1cd0,iTE,iTE:retrieval:1a82eaaadd809a,iTE:retrieval:e8ffd932883291,anisotropic phonon group velocity,low acoustic mode group velocity and strong three-phonon scattering,1,1,char_ngram_tfidf,0.382516,0.0,False,unreviewed_candidate,,,no_role_eligible_member_on_at_least_one_side
pair:4f7666b447bf58fd,iTE,iTE:retrieval:0cb71f6c6d6bad,iTE:retrieval:8b45ef5352aa70,extreme phonon anharmonicity and weak bonding,anharmonicity and disorder,1,1,char_ngram_tfidf,0.382419,0.0,False,unreviewed_candidate,,,no_role_eligible_member_on_at_least_one_side
pair:d5f08222e7e678a1,iTE,iTE:retrieval:d2b49b56bea46d,iTE:retrieval:e9266028700a35,electricity generator,power output of the generator,1,1,char_ngram_tfidf,0.382223,0.0,False,unreviewed_candidate,,,no_role_eligible_member_on_at_least_one_side
pair:5ed4d5677f7deb44,iTE,iTE:retrieval:1e8e7b4d3a6bbf,iTE:retrieval:1f77c42f14d663,remarkable photothermal characteristics,carrier transport characteristics,1,1,char_ngram_tfidf,0.382084,0.0,False,unreviewed_candidate,,,no_role_eligible_member_on_at_least_one_side
pair:2076accf06be2091,iTE,iTE:retrieval:73dcd6b58c70aa,iTE:retrieval:92a039aec91299,unidirectional orientation of ionic conductivity,electronic conductivity,1,3,char_ngram_tfidf,0.38178,0.0,False,unreviewed_candidate,,,no_role_eligible_member_on_at_least_one_side
pair:311a94fb0d1cca15,iTE,iTE:retrieval:8af06e952b5596,iTE:retrieval:ed500ead9db2dc,Activation energy and thermoelectric coefficient values,thermoelectric efficiency,1,3,char_ngram_tfidf,0.381713,0.0,False,unreviewed_candidate,,,no_role_eligible_member_on_at_least_one_side
pair:5e5b6b236ba9978a,iTE,iTE:retrieval:4b11243c7dd40e,iTE:retrieval:d3a5ac35db7ae2,effect of disorder on charge transport,TE transport,1,1,char_ngram_tfidf,0.381544,0.0,False,unreviewed_candidate,,,no_role_eligible_member_on_at_least_one_side
pair:7742cd25e6a1e3e6,iTE,iTE:retrieval:0003db55410eeb,iTE:retrieval:c55964e10bfa9d,thermoelectric conversion system,p-n conversion,1,2,char_ngram_tfidf,0.381269,0.0,False,unreviewed_candidate,,,no_role_eligible_member_on_at_least_one_side
pair:be77707320c2766e,iTE,iTE:retrieval:c60276b6e212b6,iTE:retrieval:ea722a72f0f952,enhanced conduction and the appearance of a semiconductor behavior,metallic to semiconducting behavior,1,1,char_ngram_tfidf,0.38114,0.0,False,unreviewed_candidate,,,no_role_eligible_member_on_at_least_one_side
pair:dc31e4347732f872,iTE,iTE:retrieval:4247ba31a7ea4c,iTE:retrieval:603185ba98ba5b,ordered ions,ordered conductive domains and carrier mobility,1,1,char_ngram_tfidf,0.380321,0.0,False,unreviewed_candidate,,,no_role_eligible_member_on_at_least_one_side
pair:372a3a020dde52ca,iTE,iTE:retrieval:6bafa5ee4269c1,iTE:retrieval:96dc05e4c31836,soft covalent bonds and ionic layers,unusual covalent bonds,1,1,char_ngram_tfidf,0.380261,0.0,False,unreviewed_candidate,,,no_role_eligible_member_on_at_least_one_side
pair:461e7632fde33a4e,iTE,iTE:retrieval:04e5cc84b3ea4f,iTE:retrieval:1c2fff235630e8,temperature-dependent width to the electronic states,electrode-dependent effect,1,1,char_ngram_tfidf,0.38015,0.0,False,unreviewed_candidate,,,no_role_eligible_member_on_at_least_one_side
pair:b7ae3672b3e1f940,iTE,iTE:retrieval:ac0ead4c844a53,iTE:retrieval:e69ec37c2be39c,high degree of structural order,high atomic density and strong structural disorder,1,1,char_ngram_tfidf,0.37993,0.0,False,unreviewed_candidate,,,no_role_eligible_member_on_at_least_one_side
pair:f8e049b637e03862,iTE,iTE:retrieval:5f496480a3127e,iTE:retrieval:f7b500bbdc3141,electrical and thermal conductivities,"Electrical conductivity, thermoelectric power, and chemical diffusivity",3,1,char_ngram_tfidf,0.379805,0.0,False,unreviewed_candidate,,,no_role_eligible_member_on_at_least_one_side
pair:3ff286aa1043d0e5,iTE,iTE:retrieval:1f77c42f14d663,iTE:retrieval:84e22f5382e800,carrier transport characteristics,carrier transport among microdomains,1,1,char_ngram_tfidf,0.378921,0.0,False,unreviewed_candidate,,,no_role_eligible_member_on_at_least_one_side
pair:bf71b82ce20b7ea0,iTE,iTE:retrieval:0003db55410eeb,iTE:retrieval:2a2bd10b94e93a,thermoelectric conversion system,thermoelectric chip,1,1,char_ngram_tfidf,0.378794,0.0,False,unreviewed_candidate,,,no_role_eligible_member_on_at_least_one_side
pair:bad6120085b555e9,iTE,iTE:retrieval:064eca1373ac82,iTE:retrieval:a9a544ab8d9dfa,diffusion difference,additional voltage difference,1,1,char_ngram_tfidf,0.378334,0.0,False,unreviewed_candidate,,,no_role_eligible_member_on_at_least_one_side
pair:01133a92c464b954,iTE,iTE:retrieval:8bb88b6d425e76,iTE:retrieval:9378e7e8fe422c,Thermoelectric power of high-temperature region,relaxation process in the high-temperature range,1,1,char_ngram_tfidf,0.378257,0.0,False,unreviewed_candidate,,,no_role_eligible_member_on_at_least_one_side
pair:9470c7861a4ecd8f,iTE,iTE:retrieval:9a1ebc6dd34101,iTE:retrieval:e4a88e29a51ea1,air stability,stability and conductivity,1,1,char_ngram_tfidf,0.377816,0.0,False,unreviewed_candidate,,,no_role_eligible_member_on_at_least_one_side
pair:4eba70e66fdf7cf6,iTE,iTE:retrieval:61aa736ef45d5a,iTE:retrieval:624e51042faec0,thermoelectric effect,thermoelectric paper chips,1,1,char_ngram_tfidf,0.37725,0.0,False,unreviewed_candidate,,,no_role_eligible_member_on_at_least_one_side
pair:2d81752feb752a62,iTE,iTE:retrieval:65f9054e2a5168,iTE:retrieval:6eed0890587881,strong lattice anharmonicity and dynamic disorder,"local structural distortion, weak bonding environment, and strong lattice anharmonicity",1,1,char_ngram_tfidf,0.37716,0.0,False,unreviewed_candidate,,,no_role_eligible_member_on_at_least_one_side
pair:08a5891b752eb35d,iTE,iTE:retrieval:6bafa5ee4269c1,iTE:retrieval:ac6381a8911d87,soft covalent bonds and ionic layers,mixed ionic-covalent bonding,1,2,char_ngram_tfidf,0.377019,0.0,False,unreviewed_candidate,,,no_role_eligible_member_on_at_least_one_side
pair:fd46f50d8ab94cc5,iTE,iTE:retrieval:7c3e17294c7e2b,iTE:retrieval:936f59d3a1b83a,weak bonding and heavy atomic mass of the Nd atom,Weak atomic bonds,1,1,char_ngram_tfidf,0.376616,0.0,False,unreviewed_candidate,,,no_role_eligible_member_on_at_least_one_side
pair:114cce4e5053ee47,iTE,iTE:retrieval:c0b431b989771a,iTE:retrieval:dc1374b70645cf,simultaneous temperature and pressure detection,simultaneously enhanced S and a,1,1,char_ngram_tfidf,0.376278,0.0,False,unreviewed_candidate,,,no_role_eligible_member_on_at_least_one_side
pair:5d64871e83336c63,iTE,iTE:retrieval:08e15ea886ddb0,iTE:retrieval:509a16f5eab3b7,thermoelectric effect of free co- and counterions,photothermoelectric effect,1,1,char_ngram_tfidf,0.375129,0.0,False,unreviewed_candidate,,,no_role_eligible_member_on_at_least_one_side
pair:22e77d6f2ca36b8b,iTE,iTE:retrieval:d7443e2cd0f029,iTE:retrieval:dc1374b70645cf,simultaneous strengthening and toughening,simultaneously enhanced S and a,1,1,char_ngram_tfidf,0.375108,0.0,False,unreviewed_candidate,,,no_role_eligible_member_on_at_least_one_side
pair:9eaa03832e3cedba,iTE,iTE:retrieval:4dbaa586691a70,iTE:retrieval:e69ec37c2be39c,disorder,high atomic density and strong structural disorder,2,1,char_ngram_tfidf,0.374514,0.0,False,unreviewed_candidate,,,no_role_eligible_member_on_at_least_one_side
pair:75a953b14833abc4,iTE,iTE:retrieval:15abcb54cae793,iTE:retrieval:d7599148ef227d,"secondary doping, dedoping engineering, and ionic energy filtering",chemical bonding engineering,1,1,char_ngram_tfidf,0.374274,0.0,False,unreviewed_candidate,,,no_role_eligible_member_on_at_least_one_side
pair:c4833df5caa5e78d,iTE,iTE:retrieval:45fc34552a1da7,iTE:retrieval:b184d57b7bf1b0,polymer chain breathing model,mobility of polymer chains,1,1,char_ngram_tfidf,0.374142,0.0,False,unreviewed_candidate,,,no_role_eligible_member_on_at_least_one_side
pair:b1170c2f0f579526,iTE,iTE:retrieval:e69e96d9515260,iTE:retrieval:e8ffd932883291,electron-phonon scattering,low acoustic mode group velocity and strong three-phonon scattering,1,1,char_ngram_tfidf,0.373901,0.0,False,unreviewed_candidate,,,no_role_eligible_member_on_at_least_one_side
pair:44cca0a64ad21905,iTE,iTE:retrieval:b979b1711e1f58,iTE:retrieval:d20f72d1422e6c,diffusion difference between cations and anions,difference between the ionic thermopower of the two phases,1,1,char_ngram_tfidf,0.373808,0.0,False,unreviewed_candidate,,,no_role_eligible_member_on_at_least_one_side
pair:d64168f41e4abac6,iTE,iTE:retrieval:8c67d25f0a0751,iTE:retrieval:c544a67c3381a6,doping levels and morphology,PEDOT doping level,1,1,char_ngram_tfidf,0.37347,0.0,False,unreviewed_candidate,,,no_role_eligible_member_on_at_least_one_side
pair:01d8c820003a6820,iTE,iTE:retrieval:0c6b6132d13dd5,iTE:retrieval:e69ec37c2be39c,strong structural anharmonicity,high atomic density and strong structural disorder,1,1,char_ngram_tfidf,0.373273,0.0,False,unreviewed_candidate,,,no_role_eligible_member_on_at_least_one_side
pair:384083969288e94f,iTE,iTE:retrieval:113ee0f74fb18c,iTE:retrieval:c61e0b915cf4bd,electronic thermoelectric power,ionic thermoelectric and streaming potentials,1,1,char_ngram_tfidf,0.37274,0.0,False,unreviewed_candidate,,,no_role_eligible_member_on_at_least_one_side
pair:902b9dfe93ee253e,iTE,iTE:retrieval:b979b1711e1f58,iTE:retrieval:c4dece9a0ff036,diffusion difference between cations and anions,thermophoretic difference between chloride anions (from both CuCl2 and PMNT) and cations,1,1,char_ngram_tfidf,0.372531,0.0,False,unreviewed_candidate,,,no_role_eligible_member_on_at_least_one_side
pair:e34f04f30508083d,iTE,iTE:retrieval:bdb03759e376e4,iTE:retrieval:c4f6aa1088da41,Mott's model of phonon-assisted polaronic hopping,small polaron hopping model,1,1,char_ngram_tfidf,0.372408,0.0,False,unreviewed_candidate,,,no_role_eligible_member_on_at_least_one_side
pair:b33cb17eb0711386,iTE,iTE:retrieval:499dbca085cfc1,iTE:retrieval:4d395193073b60,mixed conduction,mixed alkali effect,1,1,char_ngram_tfidf,0.372278,0.0,False,unreviewed_candidate,,,no_role_eligible_member_on_at_least_one_side
pair:68e1c4b2c6583199,iTE,iTE:retrieval:0003db55410eeb,iTE:retrieval:c6d38e57557327,thermoelectric conversion system,thermoelectric power,1,5,char_ngram_tfidf,0.372225,0.0,False,unreviewed_candidate,,,no_role_eligible_member_on_at_least_one_side
pair:0683b0f8bff6fef0,iTE,iTE:retrieval:c4dece9a0ff036,iTE:retrieval:ed63e1c527d7ca,thermophoretic difference between chloride anions (from both CuCl2 and PMNT) and cations,mobility difference between anions and cations,1,1,char_ngram_tfidf,0.37222,0.0,False,unreviewed_candidate,,,no_role_eligible_member_on_at_least_one_side
pair:422ee0d3a557e15a,iTE,iTE:retrieval:08076812d1e0bd,iTE:retrieval:366ecde4e3accf,ionic scattering and carrier relaxation time,anisotropic scattering of carriers,1,1,char_ngram_tfidf,0.372013,0.0,False,unreviewed_candidate,,,no_role_eligible_member_on_at_least_one_side
pair:112e13c194026835,iTE,iTE:retrieval:33feb040eff587,iTE:retrieval:c4dece9a0ff036,concentration difference between anions and cations,thermophoretic difference between chloride anions (from both CuCl2 and PMNT) and cations,1,1,char_ngram_tfidf,0.371911,0.0,False,unreviewed_candidate,,,no_role_eligible_member_on_at_least_one_side
pair:2b42404b13b1daf9,iTE,iTE:retrieval:b5f337289b7921,iTE:retrieval:c0b59dbfa62f68,electric double layer (EDL) strength,space-charge distribution in the electric double layer,1,1,char_ngram_tfidf,0.371627,0.0,False,unreviewed_candidate,,,no_role_eligible_member_on_at_least_one_side
pair:446ff93e1af10ed9,iTE,iTE:retrieval:064eca1373ac82,iTE:retrieval:c82ea8d426a899,diffusion difference,diffusion of DCA-,1,1,char_ngram_tfidf,0.371578,0.0,False,unreviewed_candidate,,,no_role_eligible_member_on_at_least_one_side
pair:3d9b9dcdcf76856d,iTE,iTE:retrieval:3ae96be8579457,iTE:retrieval:ca73f61034afc2,operate resistive sensors,sensor,1,1,char_ngram_tfidf,0.370586,0.0,False,unreviewed_candidate,,,no_role_eligible_member_on_at_least_one_side
pair:900114f9b5e0183d,iTE,iTE:retrieval:0cb71f6c6d6bad,iTE:retrieval:18358bd99c3cc9,extreme phonon anharmonicity and weak bonding,enhance anharmonicity,1,1,char_ngram_tfidf,0.370549,0.0,False,unreviewed_candidate,,,no_role_eligible_member_on_at_least_one_side
pair:b2278869dbc5aff9,iTE,iTE:retrieval:06cf8ae0b1c560,iTE:retrieval:b713a2be2588fc,transport properties at low T,iTE properties,1,1,char_ngram_tfidf,0.370506,0.0,False,unreviewed_candidate,,,no_role_eligible_member_on_at_least_one_side
pair:0cd064516ea40aa6,iTE,iTE:retrieval:65aa6928f9c2bf,iTE:retrieval:e59162163e1dae,ionic thermoelectric gating,efficient thermoelectric generator,1,1,char_ngram_tfidf,0.370456,0.0,False,unreviewed_candidate,,,no_role_eligible_member_on_at_least_one_side
pair:0d60200a5b5ae041,iTE,iTE:retrieval:80b1fc0098f080,iTE:retrieval:b8532ba54df6cc,ionic thermoelectric effect,photothermoelectric effect from Bi2Te3 and PEDOT:PSS,2,1,char_ngram_tfidf,0.370394,0.0,False,unreviewed_candidate,,,no_role_eligible_member_on_at_least_one_side
pair:49b67038bde9965d,iTE,iTE:retrieval:0ea188c68ebe32,iTE:retrieval:ec1c78e83feaa8,"filling fraction, ionic state, and atomic radius of the filler",ionic radius and effective charge state differences of the RE fillers,1,1,char_ngram_tfidf,0.370087,0.0,False,unreviewed_candidate,,,no_role_eligible_member_on_at_least_one_side
pair:d2bc33bdb1b1a22f,iTE,iTE:retrieval:0003db55410eeb,iTE:retrieval:61aa736ef45d5a,thermoelectric conversion system,thermoelectric effect,1,1,char_ngram_tfidf,0.370074,0.0,False,unreviewed_candidate,,,no_role_eligible_member_on_at_least_one_side
pair:60ee81d3bb2e2707,iTE,iTE:retrieval:4f207cc6aca2b4,iTE:retrieval:7634dbafd0d71e,thermodiffusion,thermal diffusion measurements,2,1,char_ngram_tfidf,0.369645,0.0,False,unreviewed_candidate,,,no_role_eligible_member_on_at_least_one_side
pair:8c606a1eb832743d,iTE,iTE:retrieval:993af15d98bf52,iTE:retrieval:a4452df8022c82,different activation energies of ionic transport,relationship between the heat of transport and the activation energy of ion conduction,1,1,char_ngram_tfidf,0.369007,0.0,False,unreviewed_candidate,,,no_role_eligible_member_on_at_least_one_side
pair:4acce10dc53e36cc,iTE,iTE:retrieval:055861b7663c07,iTE:retrieval:624e51042faec0,thermoelectric performance,thermoelectric paper chips,15,1,char_ngram_tfidf,0.368615,0.0,False,unreviewed_candidate,,,no_role_eligible_member_on_at_least_one_side
pair:a3d46ac0afd5cea7,iTE,iTE:retrieval:4a433cd3371aae,iTE:retrieval:624e51042faec0,Thermoelectric performance,thermoelectric paper chips,1,1,char_ngram_tfidf,0.368615,0.0,False,unreviewed_candidate,,,no_role_eligible_member_on_at_least_one_side
pair:a99637dd67724c91,iTE,iTE:retrieval:603185ba98ba5b,iTE:retrieval:992ed87024469e,ordered conductive domains and carrier mobility,conductivity and mobility of the charge carriers,1,1,char_ngram_tfidf,0.36802,0.0,False,unreviewed_candidate,,,no_role_eligible_member_on_at_least_one_side
pair:3f3bf436ce1854ea,iTE,iTE:retrieval:4b11243c7dd40e,iTE:retrieval:ef3f7b1e7a4aa2,effect of disorder on charge transport,ion transport,1,3,char_ngram_tfidf,0.367963,0.0,False,unreviewed_candidate,,,no_role_eligible_member_on_at_least_one_side
pair:5fabc57e5c4a3d8e,iTE,iTE:retrieval:b2cb2a15fb442b,iTE:retrieval:ee37ed7d165fe1,hydration properties of LiCl,ionic TE properties,1,1,char_ngram_tfidf,0.367847,0.0,False,unreviewed_candidate,,,no_role_eligible_member_on_at_least_one_side
pair:3d8edb507a66f0df,iTE,iTE:retrieval:6eed0890587881,iTE:retrieval:9f7cd77b6e2bc6,"local structural distortion, weak bonding environment, and strong lattice anharmonicity",strong anharmonicity,1,2,char_ngram_tfidf,0.36772,0.0,False,unreviewed_candidate,,,no_role_eligible_member_on_at_least_one_side
pair:e1a4e375d6cc2a85,iTE,iTE:retrieval:7634dbafd0d71e,iTE:retrieval:85e2cdd65685fc,thermal diffusion measurements,limited thermal diffusion of the cations,1,1,char_ngram_tfidf,0.36744,0.0,False,unreviewed_candidate,,,no_role_eligible_member_on_at_least_one_side
pair:bb27b72150f11d38,iTE,iTE:retrieval:4b11243c7dd40e,iTE:retrieval:dae2a35d27671e,effect of disorder on charge transport,heat dissipation and charge transport,1,1,char_ngram_tfidf,0.367402,0.0,False,unreviewed_candidate,,,no_role_eligible_member_on_at_least_one_side
pair:9d33640550a4ec0d,iTE,iTE:retrieval:6bafa5ee4269c1,iTE:retrieval:bd84d2df9172f4,soft covalent bonds and ionic layers,mixed ionic and covalent characters,1,1,char_ngram_tfidf,0.367182,0.0,False,unreviewed_candidate,,,no_role_eligible_member_on_at_least_one_side
pair:95a08efa49fa7738,iTE,iTE:retrieval:0bf4ad7ff6e72e,iTE:retrieval:55266623a8627f,copper mobility and disordering,carrier mobility,1,4,char_ngram_tfidf,0.367092,0.0,False,unreviewed_candidate,,,no_role_eligible_member_on_at_least_one_side
pair:c162c52d689b2d64,iTE,iTE:retrieval:1834d3840098fc,iTE:retrieval:73dcd6b58c70aa,high ionic conductivity,unidirectional orientation of ionic conductivity,1,1,char_ngram_tfidf,0.366537,0.0,False,unreviewed_candidate,,,no_role_eligible_member_on_at_least_one_side
pair:0e15810b1bf0a4dc,iTE,iTE:retrieval:06cf8ae0b1c560,iTE:retrieval:4f28f11abb615a,transport properties at low T,favorable thermal transport properties of Top configuration,1,1,char_ngram_tfidf,0.366532,0.0,False,unreviewed_candidate,,,no_role_eligible_member_on_at_least_one_side
pair:b07aa1ff93860b3c,iTE,iTE:retrieval:bff7d8ed3ed072,iTE:retrieval:f7b500bbdc3141,diffusivity,"Electrical conductivity, thermoelectric power, and chemical diffusivity",1,1,char_ngram_tfidf,0.36616,0.0,False,unreviewed_candidate,,,no_role_eligible_member_on_at_least_one_side
pair:223ef3a54dc324ba,iTE,iTE:retrieval:24850648df7e01,iTE:retrieval:a50c75a90d43be,ionic character of interlayer interactions,weakened interlayer interaction and phonon confinement effect,1,1,char_ngram_tfidf,0.36601,0.0,False,unreviewed_candidate,,,no_role_eligible_member_on_at_least_one_side
pair:04b786b4f7e8dbd2,iTE,iTE:retrieval:7364b5919960b6,iTE:retrieval:b2cb2a15fb442b,conducting properties,hydration properties of LiCl,1,1,char_ngram_tfidf,0.36595,0.0,False,unreviewed_candidate,,,no_role_eligible_member_on_at_least_one_side
pair:367e522bc0aed623,iTE,iTE:retrieval:b3b8ab66b02ea5,iTE:retrieval:e59162163e1dae,efficiency,efficient thermoelectric generator,1,1,char_ngram_tfidf,0.365797,0.0,False,unreviewed_candidate,,,no_role_eligible_member_on_at_least_one_side
pair:bf625738cb09e17f,iTE,iTE:retrieval:66ef0676703541,iTE:retrieval:a4452df8022c82,heat of transport,relationship between the heat of transport and the activation energy of ion conduction,1,1,char_ngram_tfidf,0.365657,0.0,False,unreviewed_candidate,,,no_role_eligible_member_on_at_least_one_side
pair:a08869cb257f6aa0,iTE,iTE:retrieval:4b11243c7dd40e,iTE:retrieval:4dbaa586691a70,effect of disorder on charge transport,disorder,1,2,char_ngram_tfidf,0.364171,0.0,False,unreviewed_candidate,,,no_role_eligible_member_on_at_least_one_side
pair:8de154fb526edc82,iTE,iTE:retrieval:a50c75a90d43be,iTE:retrieval:b14b9e131de525,weakened interlayer interaction and phonon confinement effect,weakened bonds,1,1,char_ngram_tfidf,0.363902,0.0,False,unreviewed_candidate,,,no_role_eligible_member_on_at_least_one_side
pair:0349ba46f21821f8,iTE,iTE:retrieval:80b1fc0098f080,iTE:retrieval:8b0c41913f85ce,ionic thermoelectric effect,ionic Soret effect,2,2,char_ngram_tfidf,0.363501,0.0,False,unreviewed_candidate,,,no_role_eligible_member_on_at_least_one_side
pair:1dbec2879a1ffcaa,iTE,iTE:retrieval:875000bc0cea5d,iTE:retrieval:d69c6dd745f2f2,small polaron hopping (SPH) model,activation of the small polaron hopping and variable range hopping mechanisms,1,1,char_ngram_tfidf,0.363393,0.0,False,unreviewed_candidate,,,no_role_eligible_member_on_at_least_one_side
pair:8378c3522b25c0f0,iTE,iTE:retrieval:c4dece9a0ff036,iTE:retrieval:d3aef6fdc07eae,thermophoretic difference between chloride anions (from both CuCl2 and PMNT) and cations,mobility difference between cations and anions,1,1,char_ngram_tfidf,0.363236,0.0,False,unreviewed_candidate,,,no_role_eligible_member_on_at_least_one_side
pair:575df2328ab05528,iTE,iTE:retrieval:064eca1373ac82,iTE:retrieval:69a0072517c45d,diffusion difference,diffusion of copper ions,1,1,char_ngram_tfidf,0.362867,0.0,False,unreviewed_candidate,,,no_role_eligible_member_on_at_least_one_side
pair:414cc6bc17a0440e,iTE,iTE:retrieval:5e6e8f53839e72,iTE:retrieval:ef7365486e2ecc,thermal migration,thermal mobility of ions,1,1,char_ngram_tfidf,0.362383,0.0,False,unreviewed_candidate,,,no_role_eligible_member_on_at_least_one_side
pair:833c19eb5bfb5c83,iTE,iTE:retrieval:baec513dba7cbd,iTE:retrieval:ef7365486e2ecc,high mobility,thermal mobility of ions,1,1,char_ngram_tfidf,0.362224,0.0,False,unreviewed_candidate,,,no_role_eligible_member_on_at_least_one_side
pair:24041352386d8d90,iTE,iTE:retrieval:4cacf1c1ac363a,iTE:retrieval:b2cb2a15fb442b,thermoelectric conversion properties,hydration properties of LiCl,1,1,char_ngram_tfidf,0.361838,0.0,False,unreviewed_candidate,,,no_role_eligible_member_on_at_least_one_side
pair:d9f20f840825deee,iTE,iTE:retrieval:1973281269446e,iTE:retrieval:ef7365486e2ecc,hole mobility,thermal mobility of ions,1,1,char_ngram_tfidf,0.361646,0.0,False,unreviewed_candidate,,,no_role_eligible_member_on_at_least_one_side
pair:86e8b14115d56b07,iTE,iTE:retrieval:202150d14301db,iTE:retrieval:8af06e952b5596,activation energy of Ag+ ionic migration,Activation energy and thermoelectric coefficient values,1,1,char_ngram_tfidf,0.361645,0.0,False,unreviewed_candidate,,,no_role_eligible_member_on_at_least_one_side
pair:505c5223bcd87d58,iTE,iTE:retrieval:65f9054e2a5168,iTE:retrieval:e69ec37c2be39c,strong lattice anharmonicity and dynamic disorder,high atomic density and strong structural disorder,1,1,char_ngram_tfidf,0.36097,0.0,False,unreviewed_candidate,,,no_role_eligible_member_on_at_least_one_side
pair:4ce348a4a0ae88f6,iTE,iTE:retrieval:bee1fab0ce0ea5,iTE:retrieval:ef7365486e2ecc,charge mobility,thermal mobility of ions,1,1,char_ngram_tfidf,0.360873,0.0,False,unreviewed_candidate,,,no_role_eligible_member_on_at_least_one_side
pair:a393ac4a4f28003b,iTE,iTE:retrieval:b979b1711e1f58,iTE:retrieval:c5d68c14bcc3a9,diffusion difference between cations and anions,alternating dominated thermodiffusion of cations and anions,1,1,char_ngram_tfidf,0.360131,0.0,False,unreviewed_candidate,,,no_role_eligible_member_on_at_least_one_side
pair:06ade3a29ede49a7,iTE,iTE:retrieval:0003db55410eeb,iTE:retrieval:1815c3e6aaa900,thermoelectric conversion system,thermoelectric current,1,1,char_ngram_tfidf,0.359894,0.0,False,unreviewed_candidate,,,no_role_eligible_member_on_at_least_one_side
pair:5eee307682fbe0db,iTE,iTE:retrieval:113ee0f74fb18c,iTE:retrieval:1374a7e2527f63,electronic thermoelectric power,thermoelectric powers of the Ba- and Sr-doped systems,1,1,char_ngram_tfidf,0.359703,0.0,False,unreviewed_candidate,,,no_role_eligible_member_on_at_least_one_side
pair:9d317c7bf84deff3,iTE,iTE:retrieval:015f716ee2fbc7,iTE:retrieval:113ee0f74fb18c,thermoelectric power in dense GDC 10 samples,electronic thermoelectric power,1,1,char_ngram_tfidf,0.359652,0.0,False,unreviewed_candidate,,,no_role_eligible_member_on_at_least_one_side
pair:9aea8acf403d509d,iTE,iTE:retrieval:6bda2d317402e4,iTE:retrieval:b2cb2a15fb442b,thermoelectric properties of ionogels,hydration properties of LiCl,1,1,char_ngram_tfidf,0.35946,0.0,False,unreviewed_candidate,,,no_role_eligible_member_on_at_least_one_side
pair:182fd614e01ab326,iTE,iTE:retrieval:73dcd6b58c70aa,iTE:retrieval:861fcbefb0bf2e,unidirectional orientation of ionic conductivity,electric conductivity,1,1,char_ngram_tfidf,0.359396,0.0,False,unreviewed_candidate,,,no_role_eligible_member_on_at_least_one_side
pair:d7b2ea6bb35953e0,iTE,iTE:retrieval:1dbeeed475e25d,iTE:retrieval:44ca1aa51771df,phase separation,thermoelectric power and the charge separation effects,1,1,char_ngram_tfidf,0.359258,0.0,False,unreviewed_candidate,,,no_role_eligible_member_on_at_least_one_side
pair:8d32e69d93d2002f,iTE,iTE:retrieval:6eed0890587881,iTE:retrieval:f849e5c39b53a2,"local structural distortion, weak bonding environment, and strong lattice anharmonicity",strong bond anharmonicity,1,1,char_ngram_tfidf,0.35923,0.0,False,unreviewed_candidate,,,no_role_eligible_member_on_at_least_one_side
pair:65a83edf6d4a8751,iTE,iTE:retrieval:0bc4dca4142818,iTE:retrieval:98ca2a1c8bcd0b,experimentally measured dynamics,AC experiments,1,1,char_ngram_tfidf,0.359173,0.0,False,unreviewed_candidate,,,no_role_eligible_member_on_at_least_one_side
pair:9c5685e68b4bd4d8,iTE,iTE:retrieval:4659367d26b6f6,iTE:retrieval:8d6895f23e8193,optical properties,electrical property of the CPNF,1,1,char_ngram_tfidf,0.35889,0.0,False,unreviewed_candidate,,,no_role_eligible_member_on_at_least_one_side
pair:869a6d005b9d8437,iTE,iTE:retrieval:41bbd7895090e3,iTE:retrieval:80b1fc0098f080,TE effect,ionic thermoelectric effect,1,2,char_ngram_tfidf,0.358733,0.0,False,unreviewed_candidate,,,no_role_eligible_member_on_at_least_one_side
pair:9c4e37ed46571336,iTE,iTE:retrieval:1c2fff235630e8,iTE:retrieval:833aaed9a71354,electrode-dependent effect,strongly temperature-dependent carrier density,1,1,char_ngram_tfidf,0.358417,0.0,False,unreviewed_candidate,,,no_role_eligible_member_on_at_least_one_side
pair:485837e539f19264,iTE,iTE:retrieval:4141497faca928,iTE:retrieval:8af06e952b5596,activation energy (E sigma),Activation energy and thermoelectric coefficient values,1,1,char_ngram_tfidf,0.358259,0.0,False,unreviewed_candidate,,,no_role_eligible_member_on_at_least_one_side
pair:916de73ef291bd05,iTE,iTE:retrieval:b3bd4c27a4808b,iTE:retrieval:ef7365486e2ecc,mobility of Ca2+ and Li+ ions,thermal mobility of ions,1,1,char_ngram_tfidf,0.358203,0.0,False,unreviewed_candidate,,,no_role_eligible_member_on_at_least_one_side
pair:7cc48bf04133e055,iTE,iTE:retrieval:227d4661adfb14,iTE:retrieval:e53e53881125fd,reversible hydrogen bonding interaction,extensive hydrogen bonding and charge stabilization,1,1,char_ngram_tfidf,0.357873,0.0,False,unreviewed_candidate,,,no_role_eligible_member_on_at_least_one_side
pair:8e9fc901a28cdfdb,iTE,iTE:retrieval:0fc50e8e29df6c,iTE:retrieval:fc1fe2b7c4a48b,electrode processes,phonon scattering processes and scattering rate,1,1,char_ngram_tfidf,0.357749,0.0,False,unreviewed_candidate,,,no_role_eligible_member_on_at_least_one_side
pair:5ff2ab8ff76f3c6c,iTE,iTE:retrieval:0bf4ad7ff6e72e,iTE:retrieval:707c1a6d6dc777,copper mobility and disordering,anion disorder,1,1,char_ngram_tfidf,0.357643,0.0,False,unreviewed_candidate,,,no_role_eligible_member_on_at_least_one_side
pair:c931999cf68e86a8,iTE,iTE:retrieval:80b1fc0098f080,iTE:retrieval:aafbb7a202cd08,ionic thermoelectric effect,macroscopic thermoelectric field,2,1,char_ngram_tfidf,0.357226,0.0,False,unreviewed_candidate,,,no_role_eligible_member_on_at_least_one_side
pair:123a603c3dcca5f1,iTE,iTE:retrieval:76a73d11d0ae75,iTE:retrieval:fd6e818a2e03c1,power density and efficiency,redox reaction efficiency,1,1,char_ngram_tfidf,0.356791,0.0,False,unreviewed_candidate,,,no_role_eligible_member_on_at_least_one_side
pair:056bf1f353995078,iTE,iTE:retrieval:3fa9d69269c3c7,iTE:retrieval:90ee3b65514ece,nearly isotropic structural and thermal properties,anisotropic speed of sound and intrinsic material properties,1,1,char_ngram_tfidf,0.356783,0.0,False,unreviewed_candidate,,,no_role_eligible_member_on_at_least_one_side
pair:cbf6620dcdf835ff,iTE,iTE:retrieval:4612a29a08eaa9,iTE:retrieval:e9266028700a35,ionic wind generator,power output of the generator,1,1,char_ngram_tfidf,0.356737,0.0,False,unreviewed_candidate,,,no_role_eligible_member_on_at_least_one_side
pair:fc0b97a97a2e7684,iTE,iTE:retrieval:8c67d25f0a0751,iTE:retrieval:91a28f4e50cabb,doping levels and morphology,High levels of doping,1,1,char_ngram_tfidf,0.356635,0.0,False,unreviewed_candidate,,,no_role_eligible_member_on_at_least_one_side
pair:0d12b701895f0a8f,iTE,iTE:retrieval:65f9054e2a5168,iTE:retrieval:c64fe72bd5b5ab,strong lattice anharmonicity and dynamic disorder,soft lattice dynamics,1,1,char_ngram_tfidf,0.356593,0.0,False,unreviewed_candidate,,,no_role_eligible_member_on_at_least_one_side
pair:2626ac109b9d5e13,iTE,iTE:retrieval:624e51042faec0,iTE:retrieval:821f043cc36d64,thermoelectric paper chips,thermoelectric performances,1,1,char_ngram_tfidf,0.355943,0.0,False,unreviewed_candidate,,,no_role_eligible_member_on_at_least_one_side
pair:08482e2e087d93f7,iTE,iTE:retrieval:01ddb8a9d316b8,iTE:retrieval:33606936fb7276,interaction between the SWCNTs and IL,thermoelectric power of the SWCNTs,1,1,char_ngram_tfidf,0.355015,0.0,False,unreviewed_candidate,,,no_role_eligible_member_on_at_least_one_side
pair:59442fa329a10b44,iTE,iTE:retrieval:841cc9dff29a49,iTE:retrieval:e4a88e29a51ea1,heating resistant capacity and stability,stability and conductivity,1,1,char_ngram_tfidf,0.354835,0.0,False,unreviewed_candidate,,,no_role_eligible_member_on_at_least_one_side
pair:5e1326277a3835ba,iTE,iTE:retrieval:a4452df8022c82,iTE:retrieval:bbfda222f52669,relationship between the heat of transport and the activation energy of ion conduction,activation energy,1,2,char_ngram_tfidf,0.354082,0.0,False,unreviewed_candidate,,,no_role_eligible_member_on_at_least_one_side
pair:df6f25f7f9965525,iTE,iTE:retrieval:a547861c6a8b6b,iTE:retrieval:cc3a69c9dc5142,hydrogen bonding,ability to influence the hydrogen bond by the ion,2,1,char_ngram_tfidf,0.353956,0.0,False,unreviewed_candidate,,,no_role_eligible_member_on_at_least_one_side
pair:40cdfea9e715fde0,iTE,iTE:retrieval:0003db55410eeb,iTE:retrieval:1374a7e2527f63,thermoelectric conversion system,thermoelectric powers of the Ba- and Sr-doped systems,1,1,char_ngram_tfidf,0.353688,0.0,False,unreviewed_candidate,,,no_role_eligible_member_on_at_least_one_side
pair:6b2264647abc47ed,iTE,iTE:retrieval:2bbdf858e531e1,iTE:retrieval:a254424a68839d,point defect scattering,high-density defects and stronger scattering,1,1,char_ngram_tfidf,0.353537,0.0,False,unreviewed_candidate,,,no_role_eligible_member_on_at_least_one_side
pair:dd067fb5601281a5,iTE,iTE:retrieval:08076812d1e0bd,iTE:retrieval:2c4105d0e912b4,ionic scattering and carrier relaxation time,conduction and relaxation process,1,1,char_ngram_tfidf,0.353253,0.0,False,unreviewed_candidate,,,no_role_eligible_member_on_at_least_one_side
pair:143f7ee77619bf80,iTE,iTE:retrieval:1c2fff235630e8,iTE:retrieval:964937ef16dbe1,electrode-dependent effect,strongly temperature-dependent carrier concentration,1,1,char_ngram_tfidf,0.353145,0.0,False,unreviewed_candidate,,,no_role_eligible_member_on_at_least_one_side
pair:862afb4ae8202077,iTE,iTE:retrieval:2883e23ed33248,iTE:retrieval:a50c75a90d43be,weak interlayer bonding,weakened interlayer interaction and phonon confinement effect,1,1,char_ngram_tfidf,0.353049,0.0,False,unreviewed_candidate,,,no_role_eligible_member_on_at_least_one_side
pair:da11056ef0ea79a3,iTE,iTE:retrieval:7de1cdbb501d09,iTE:retrieval:8af06e952b5596,zT values,Activation energy and thermoelectric coefficient values,2,1,char_ngram_tfidf,0.352803,0.0,False,unreviewed_candidate,,,no_role_eligible_member_on_at_least_one_side
pair:79225305de3108d1,iTE,iTE:retrieval:0cb71f6c6d6bad,iTE:retrieval:6eed0890587881,extreme phonon anharmonicity and weak bonding,"local structural distortion, weak bonding environment, and strong lattice anharmonicity",1,1,char_ngram_tfidf,0.352699,0.0,False,unreviewed_candidate,,,no_role_eligible_member_on_at_least_one_side
pair:b5ba1d1a69ada766,iTE,iTE:retrieval:3a83713deddd32,iTE:retrieval:7d18619331d30d,"lone-pair electrons, weak interactions, and ionic bonding",ionic bonding,1,4,char_ngram_tfidf,0.352585,0.0,False,unreviewed_candidate,,,no_role_eligible_member_on_at_least_one_side
pair:642d9dea0f15016d,iTE,iTE:retrieval:4659367d26b6f6,iTE:retrieval:b2cb2a15fb442b,optical properties,hydration properties of LiCl,1,1,char_ngram_tfidf,0.352536,0.0,False,unreviewed_candidate,,,no_role_eligible_member_on_at_least_one_side
pair:9cf9619749ef488c,iTE,iTE:retrieval:a4452df8022c82,iTE:retrieval:f4506ebecea49e,relationship between the heat of transport and the activation energy of ion conduction,ionic activation energy,1,1,char_ngram_tfidf,0.351915,0.0,False,unreviewed_candidate,,,no_role_eligible_member_on_at_least_one_side
pair:4f92b7679f540520,iTE,iTE:retrieval:e74cf5e0af07d2,iTE:retrieval:fd6e818a2e03c1,redox ions,redox reaction efficiency,1,1,char_ngram_tfidf,0.351887,0.0,False,unreviewed_candidate,,,no_role_eligible_member_on_at_least_one_side
pair:88fbc4ef6f42b8b9,iTE,iTE:retrieval:b979b1711e1f58,iTE:retrieval:f3b960119b5138,diffusion difference between cations and anions,difference in the mobilities of EMIM+ cations and DCA(-) anions,1,1,char_ngram_tfidf,0.35166,0.0,False,unreviewed_candidate,,,no_role_eligible_member_on_at_least_one_side
pair:210ddf9f0e48b6f0,iTE,iTE:retrieval:2f8e27985a5d6a,iTE:retrieval:8c67d25f0a0751,increasing doping level,doping levels and morphology,1,1,char_ngram_tfidf,0.351548,0.0,False,unreviewed_candidate,,,no_role_eligible_member_on_at_least_one_side
pair:4d966f0f2cd90951,iTE,iTE:retrieval:33606936fb7276,iTE:retrieval:c2d798f2950e5a,thermoelectric power of the SWCNTs,enhancement of cryogenic thermoelectric power,1,1,char_ngram_tfidf,0.351118,0.0,False,unreviewed_candidate,,,no_role_eligible_member_on_at_least_one_side
pair:73060b94653ef5e5,iTE,iTE:retrieval:1c2fff235630e8,iTE:retrieval:66678c188ea765,electrode-dependent effect,electrodes,1,1,char_ngram_tfidf,0.35081,0.0,False,unreviewed_candidate,,,no_role_eligible_member_on_at_least_one_side
pair:15308ceed5fa8653,iTE,iTE:retrieval:3fa9d69269c3c7,iTE:retrieval:9f95bafee11d2f,nearly isotropic structural and thermal properties,electrical and mechanical properties,1,1,char_ngram_tfidf,0.35052,0.0,False,unreviewed_candidate,,,no_role_eligible_member_on_at_least_one_side
pair:12d393f1e42f8d76,iTE,iTE:retrieval:73dcd6b58c70aa,iTE:retrieval:bf43df37c8624b,unidirectional orientation of ionic conductivity,ionic conduction,1,3,char_ngram_tfidf,0.350498,0.0,False,unreviewed_candidate,,,no_role_eligible_member_on_at_least_one_side
pair:32c1f450a4412b8d,iTE,iTE:retrieval:50c6297b967ffb,iTE:retrieval:b2cb2a15fb442b,thermoelectric properties,hydration properties of LiCl,9,1,char_ngram_tfidf,0.350381,0.0,False,unreviewed_candidate,,,no_role_eligible_member_on_at_least_one_side
pair:70298137b549defe,iTE,iTE:retrieval:59873fcb825fa2,iTE:retrieval:b979b1711e1f58,diffusion rate disparity between Ca2+ and OH-,diffusion difference between cations and anions,1,1,char_ngram_tfidf,0.35018,0.0,False,unreviewed_candidate,,,no_role_eligible_member_on_at_least_one_side
pair:81f735f44657d188,iTE,iTE:retrieval:151014a3ae7fe4,iTE:retrieval:7634dbafd0d71e,diffusion,thermal diffusion measurements,1,1,char_ngram_tfidf,0.34992,0.0,False,unreviewed_candidate,,,no_role_eligible_member_on_at_least_one_side
pair:b77cf761c456aa4a,iTE,iTE:retrieval:707863f013a97b,iTE:retrieval:e4a88e29a51ea1,trapping stability,stability and conductivity,1,1,char_ngram_tfidf,0.34984,0.0,False,unreviewed_candidate,,,no_role_eligible_member_on_at_least_one_side
pair:f7d21a5cd01254d7,iTE,iTE:retrieval:3fa9d69269c3c7,iTE:retrieval:b7e3493f6c39a3,nearly isotropic structural and thermal properties,mechanical and electrical properties,1,1,char_ngram_tfidf,0.349823,0.0,False,unreviewed_candidate,,,no_role_eligible_member_on_at_least_one_side
pair:dc0aa9042e28da61,iTE,iTE:retrieval:113ee0f74fb18c,iTE:retrieval:6448bfabf74153,electronic thermoelectric power,mixed ionic-electronic thermoelectric cement-based composite,1,1,char_ngram_tfidf,0.349785,0.0,False,unreviewed_candidate,,,no_role_eligible_member_on_at_least_one_side
pair:7e78fa261f42eb84,iTE,iTE:retrieval:8128615dda60fe,iTE:retrieval:b2cb2a15fb442b,transport properties,hydration properties of LiCl,1,1,char_ngram_tfidf,0.349223,0.0,False,unreviewed_candidate,,,no_role_eligible_member_on_at_least_one_side
pair:bcf7f5b6c8e06c87,iTE,iTE:retrieval:26e66a8d8eee09,iTE:retrieval:624e51042faec0,thermoelectric field,thermoelectric paper chips,1,1,char_ngram_tfidf,0.348768,0.0,False,unreviewed_candidate,,,no_role_eligible_member_on_at_least_one_side
pair:47cc6b09956e3bcd,iTE,iTE:retrieval:106e74068f2eac,iTE:retrieval:73dcd6b58c70aa,electronic and ionic conductivity,unidirectional orientation of ionic conductivity,1,1,char_ngram_tfidf,0.348596,0.0,False,unreviewed_candidate,,,no_role_eligible_member_on_at_least_one_side
pair:640fc99bc9e076be,iTE,iTE:retrieval:b2cb2a15fb442b,iTE:retrieval:e2973683e87e6a,hydration properties of LiCl,properties of the hydrogel electrolyte,1,1,char_ngram_tfidf,0.348261,0.0,False,unreviewed_candidate,,,no_role_eligible_member_on_at_least_one_side
pair:0f6aba12d5b961f7,iTE,iTE:retrieval:064eca1373ac82,iTE:retrieval:c426d49dc6d1c9,diffusion difference,slow oxygen diffusion,1,1,char_ngram_tfidf,0.347747,0.0,False,unreviewed_candidate,,,no_role_eligible_member_on_at_least_one_side
pair:c79d1ad362303375,iTE,iTE:retrieval:0d31299f3ba4e7,iTE:retrieval:2b78e9ccc38cca,conduction band activity,conductivity data,1,1,char_ngram_tfidf,0.34721,0.0,False,unreviewed_candidate,,,no_role_eligible_member_on_at_least_one_side
pair:7fcbac8025b939a9,iTE,iTE:retrieval:3fa9d69269c3c7,iTE:retrieval:4659367d26b6f6,nearly isotropic structural and thermal properties,optical properties,1,1,char_ngram_tfidf,0.346179,0.0,False,unreviewed_candidate,,,no_role_eligible_member_on_at_least_one_side
pair:4a0316add2bf63cb,iTE,iTE:retrieval:c1e0d9935854d6,iTE:retrieval:ef7365486e2ecc,mobility of e(g) electrons,thermal mobility of ions,1,1,char_ngram_tfidf,0.345737,0.0,False,unreviewed_candidate,,,no_role_eligible_member_on_at_least_one_side
pair:1d82e59d773fb089,iTE,iTE:retrieval:1ae82537a54d46,iTE:retrieval:a254424a68839d,larger scattering rates,high-density defects and stronger scattering,1,1,char_ngram_tfidf,0.345269,0.0,False,unreviewed_candidate,,,no_role_eligible_member_on_at_least_one_side
pair:e3ee4251e42d6ae4,iTE,iTE:retrieval:3fe6fcca82d666,iTE:retrieval:73dcd6b58c70aa,conductivity,unidirectional orientation of ionic conductivity,10,1,char_ngram_tfidf,0.345134,0.0,False,unreviewed_candidate,,,no_role_eligible_member_on_at_least_one_side
pair:60f45a6d4d3c730d,iTE,iTE:retrieval:b2d252967ddd97,iTE:retrieval:e69ec37c2be39c,improved structural order,high atomic density and strong structural disorder,1,1,char_ngram_tfidf,0.345059,0.0,False,unreviewed_candidate,,,no_role_eligible_member_on_at_least_one_side
pair:847c1a336ced9481,iTE,iTE:retrieval:517950ed5f41ad,iTE:retrieval:56454ad8b72067,organic LTE,organic-cation pre-intercalation,1,1,char_ngram_tfidf,0.344526,0.0,False,unreviewed_candidate,,,no_role_eligible_member_on_at_least_one_side
pair:73c631db7bb81e2e,iTE,iTE:retrieval:b184d57b7bf1b0,iTE:retrieval:ef7365486e2ecc,mobility of polymer chains,thermal mobility of ions,1,1,char_ngram_tfidf,0.344339,0.0,False,unreviewed_candidate,,,no_role_eligible_member_on_at_least_one_side
pair:617ae3022749031e,iTE,iTE:retrieval:1374a7e2527f63,iTE:retrieval:33606936fb7276,thermoelectric powers of the Ba- and Sr-doped systems,thermoelectric power of the SWCNTs,1,1,char_ngram_tfidf,0.343973,0.0,False,unreviewed_candidate,,,no_role_eligible_member_on_at_least_one_side
pair:3ac3ddc1faa52a55,iTE,iTE:retrieval:0bf4ad7ff6e72e,iTE:retrieval:0d51191e7276d8,copper mobility and disordering,better mobility,1,1,char_ngram_tfidf,0.343823,0.0,False,unreviewed_candidate,,,no_role_eligible_member_on_at_least_one_side
pair:482cce4b438ab7a1,iTE,iTE:retrieval:00946455623a0c,iTE:retrieval:d324c9b7437b95,high anharmonicity,"structural complexity, variations in bond strengths, and high lattice anharmonicity",1,1,char_ngram_tfidf,0.343316,0.0,False,unreviewed_candidate,,,no_role_eligible_member_on_at_least_one_side
pair:b8e6cd1ae772d32a,iTE,iTE:retrieval:0e76bf3d1f04b0,iTE:retrieval:a254424a68839d,point defect and local disorder scattering,high-density defects and stronger scattering,1,1,char_ngram_tfidf,0.343177,0.0,False,unreviewed_candidate,,,no_role_eligible_member_on_at_least_one_side
pair:8dcf55fc3f7a3ed6,iTE,iTE:retrieval:113ee0f74fb18c,iTE:retrieval:aafbb7a202cd08,electronic thermoelectric power,macroscopic thermoelectric field,1,1,char_ngram_tfidf,0.342956,0.0,False,unreviewed_candidate,,,no_role_eligible_member_on_at_least_one_side
pair:98d9e0effc33a57b,iTE,iTE:retrieval:624e51042faec0,iTE:retrieval:dbe11ce9b6f3b4,thermoelectric paper chips,thermoelectric chips are coupled with ionic wind fans,1,1,char_ngram_tfidf,0.342937,0.0,False,unreviewed_candidate,,,no_role_eligible_member_on_at_least_one_side
pair:9f5c5c97a960d9b2,iTE,iTE:retrieval:2f8d9263157d92,iTE:retrieval:c4dece9a0ff036,migration rate difference between cations and anions,thermophoretic difference between chloride anions (from both CuCl2 and PMNT) and cations,1,1,char_ngram_tfidf,0.34253,0.0,False,unreviewed_candidate,,,no_role_eligible_member_on_at_least_one_side
pair:8e78464114b40760,iTE,iTE:retrieval:7e7f44faa5b7ef,iTE:retrieval:bb423eea427e34,hydrophobic polymer network and hydrophobic ionic liquid (IL),interaction between the ionic liquid and polymer chains,1,1,char_ngram_tfidf,0.342009,0.0,False,unreviewed_candidate,,,no_role_eligible_member_on_at_least_one_side
pair:03135c3fce31aad2,iTE,iTE:retrieval:7e7f44faa5b7ef,iTE:retrieval:a3cd82206bb6c8,hydrophobic polymer network and hydrophobic ionic liquid (IL),ionic liquid (IL)-assisted fabrication,1,1,char_ngram_tfidf,0.341932,0.0,False,unreviewed_candidate,,,no_role_eligible_member_on_at_least_one_side
pair:235f90ccf46b4008,iTE,iTE:retrieval:ef7ac10702fcf0,iTE:retrieval:faafd7eb7d8c5a,SWCNT dispersion,PBE-D3 dispersion correction,1,1,char_ngram_tfidf,0.341704,0.0,False,unreviewed_candidate,,,no_role_eligible_member_on_at_least_one_side
pair:6135649c6b8e1daf,iTE,iTE:retrieval:e1a0c605ae24ee,iTE:retrieval:e4a88e29a51ea1,strain and bending stability,stability and conductivity,1,1,char_ngram_tfidf,0.341383,0.0,False,unreviewed_candidate,,,no_role_eligible_member_on_at_least_one_side
pair:e90410183d8ce37f,iTE,iTE:retrieval:44ca1aa51771df,iTE:retrieval:e74ec423ca3269,thermoelectric power and the charge separation effects,cooperation between the two thermoelectric effects,1,1,char_ngram_tfidf,0.340921,0.0,False,unreviewed_candidate,,,no_role_eligible_member_on_at_least_one_side
pair:498b8fa261c5aa7f,iTE,iTE:retrieval:8d6895f23e8193,iTE:retrieval:f86a15d5892b50,electrical property of the CPNF,thermoelectric transport property,1,1,char_ngram_tfidf,0.340336,0.0,False,unreviewed_candidate,,,no_role_eligible_member_on_at_least_one_side
pair:a478d8413dde8fab,iTE,iTE:retrieval:612136aec2c734,iTE:retrieval:6a19f8bdf031b9,high electrical conductivity and low Seebeck coefficient,high Seebeck,1,1,char_ngram_tfidf,0.340128,0.0,False,unreviewed_candidate,,,no_role_eligible_member_on_at_least_one_side
pair:ab11daa7a0036e6e,iTE,iTE:retrieval:6eed0890587881,iTE:retrieval:d324c9b7437b95,"local structural distortion, weak bonding environment, and strong lattice anharmonicity","structural complexity, variations in bond strengths, and high lattice anharmonicity",1,1,char_ngram_tfidf,0.33991,0.0,False,unreviewed_candidate,,,no_role_eligible_member_on_at_least_one_side
pair:0bcc3e50fa3b3a5e,iTE,iTE:retrieval:2e8aeeac7c33c0,iTE:retrieval:9f670d6feacf26,gelatin-based iTEG,ITEG,1,1,char_ngram_tfidf,0.339746,0.0,False,unreviewed_candidate,,,no_role_eligible_member_on_at_least_one_side
pair:7454e505632429cb,iTE,iTE:retrieval:2e8aeeac7c33c0,iTE:retrieval:98a76f51a6ab38,gelatin-based iTEG,iTEG,1,1,char_ngram_tfidf,0.339746,0.0,False,unreviewed_candidate,,,no_role_eligible_member_on_at_least_one_side
pair:4b3cb0f8accf64b0,iTE,iTE:retrieval:15abcb54cae793,iTE:retrieval:1d7412b4855e6c,"secondary doping, dedoping engineering, and ionic energy filtering",additive engineering,1,1,char_ngram_tfidf,0.339566,0.0,False,unreviewed_candidate,,,no_role_eligible_member_on_at_least_one_side
pair:ac20647c09d4b9f4,iTE,iTE:retrieval:0d31299f3ba4e7,iTE:retrieval:b977ebe3b8613a,conduction band activity,conduction band minimum (CBM),1,1,char_ngram_tfidf,0.33941,0.0,False,unreviewed_candidate,,,no_role_eligible_member_on_at_least_one_side
pair:f53711b7a9c2aa8a,iTE,iTE:retrieval:572870e1ca0fb2,iTE:retrieval:fb54630ed9b428,hybridization,hybrid film device,2,1,char_ngram_tfidf,0.339283,0.0,False,unreviewed_candidate,,,no_role_eligible_member_on_at_least_one_side
pair:28d31edbf6865b99,iTE,iTE:retrieval:0cb71f6c6d6bad,iTE:retrieval:723d7af4f350a3,extreme phonon anharmonicity and weak bonding,global weak bonding,1,1,char_ngram_tfidf,0.339178,0.0,False,unreviewed_candidate,,,no_role_eligible_member_on_at_least_one_side
pair:315f4cedd19e9731,iTE,iTE:retrieval:2883e23ed33248,iTE:retrieval:3a83713deddd32,weak interlayer bonding,"lone-pair electrons, weak interactions, and ionic bonding",1,1,char_ngram_tfidf,0.338912,0.0,False,unreviewed_candidate,,,no_role_eligible_member_on_at_least_one_side
pair:5acfa3bb1237ec93,iTE,iTE:retrieval:80b1fc0098f080,iTE:retrieval:97caa0f4a42996,ionic thermoelectric effect,pozzolanic effect,2,1,char_ngram_tfidf,0.338721,0.0,False,unreviewed_candidate,,,no_role_eligible_member_on_at_least_one_side
pair:191ee6044ad2cde0,iTE,iTE:retrieval:10905f5a96e36a,iTE:retrieval:cc3a69c9dc5142,breaking of the hydrogen bonds,ability to influence the hydrogen bond by the ion,1,1,char_ngram_tfidf,0.338616,0.0,False,unreviewed_candidate,,,no_role_eligible_member_on_at_least_one_side
pair:4d0613601096699c,iTE,iTE:retrieval:0d31299f3ba4e7,iTE:retrieval:b9fd8610e868b1,conduction band activity,oxygen activity,1,2,char_ngram_tfidf,0.338445,0.0,False,unreviewed_candidate,,,no_role_eligible_member_on_at_least_one_side
pair:ad58373fc56f7441,iTE,iTE:retrieval:0bf4ad7ff6e72e,iTE:retrieval:40ce407c39a9b6,copper mobility and disordering,cations disorder,1,1,char_ngram_tfidf,0.338288,0.0,False,unreviewed_candidate,,,no_role_eligible_member_on_at_least_one_side
pair:1463ed00f18cf9e2,iTE,iTE:retrieval:18b06b687353ad,iTE:retrieval:60d4d5b6d32241,higher resistivity,variation of Seebeck coefficient and resistivity,1,1,char_ngram_tfidf,0.337923,0.0,False,unreviewed_candidate,,,no_role_eligible_member_on_at_least_one_side
pair:1464de308f0d4fb9,iTE,iTE:retrieval:6bafa5ee4269c1,iTE:retrieval:8f309fbc67ff42,soft covalent bonds and ionic layers,highly ionic and partial covalent bonds between In-O atoms,1,1,char_ngram_tfidf,0.337869,0.0,False,unreviewed_candidate,,,no_role_eligible_member_on_at_least_one_side
pair:60d2c364b6bf9801,iTE,iTE:retrieval:3f65a2d6fb72a6,iTE:retrieval:a254424a68839d,strong phonon scattering,high-density defects and stronger scattering,1,1,char_ngram_tfidf,0.337343,0.0,False,unreviewed_candidate,,,no_role_eligible_member_on_at_least_one_side
pair:dd5bd5027a2076dd,iTE,iTE:retrieval:7fb5e427fa8ee0,iTE:retrieval:ec908cce904f42,unusually low lattice thermal conductivities,unusual Cu doping effect,1,1,char_ngram_tfidf,0.337236,0.0,False,unreviewed_candidate,,,no_role_eligible_member_on_at_least_one_side
pair:6eb551477e655c68,iTE,iTE:retrieval:4b11243c7dd40e,iTE:retrieval:707c1a6d6dc777,effect of disorder on charge transport,anion disorder,1,1,char_ngram_tfidf,0.337226,0.0,False,unreviewed_candidate,,,no_role_eligible_member_on_at_least_one_side
pair:4d1e97786a7f9cf1,iTE,iTE:retrieval:a886f16612de91,iTE:retrieval:f524d4b7ce05c4,plasticizing effect of the ionic liquid,kinetics of ionic liquid,1,1,char_ngram_tfidf,0.336352,0.0,False,unreviewed_candidate,,,no_role_eligible_member_on_at_least_one_side
pair:398e6cafff4e7fd6,iTE,iTE:retrieval:2ceda35a1db6bd,iTE:retrieval:a546b006beca2f,TE properties,consistent description of the properties of the system,2,1,char_ngram_tfidf,0.336263,0.0,False,unreviewed_candidate,,,no_role_eligible_member_on_at_least_one_side
pair:89718ec1761b5f0c,iTE,iTE:retrieval:4af168929e9970,iTE:retrieval:b979b1711e1f58,chemicalbond difference between in-plane and out-of-plane directions,diffusion difference between cations and anions,1,1,char_ngram_tfidf,0.33621,0.0,False,unreviewed_candidate,,,no_role_eligible_member_on_at_least_one_side
pair:fce6908918d34bf8,iTE,iTE:retrieval:5606e1803736ce,iTE:retrieval:603185ba98ba5b,carries mobility,ordered conductive domains and carrier mobility,1,1,char_ngram_tfidf,0.335921,0.0,False,unreviewed_candidate,,,no_role_eligible_member_on_at_least_one_side
pair:2c8774838fa29e34,iTE,iTE:retrieval:031cd13a21f9d8,iTE:retrieval:73dcd6b58c70aa,oxygen ionic conductivity,unidirectional orientation of ionic conductivity,1,1,char_ngram_tfidf,0.335896,0.0,False,unreviewed_candidate,,,no_role_eligible_member_on_at_least_one_side
pair:cb0e0693230a8de5,iTE,iTE:retrieval:65f9054e2a5168,iTE:retrieval:a01fb778dcb200,strong lattice anharmonicity and dynamic disorder,Atomic disordering,1,1,char_ngram_tfidf,0.335847,0.0,False,unreviewed_candidate,,,no_role_eligible_member_on_at_least_one_side
pair:65f1f7485135739b,iTE,iTE:retrieval:9b8c18ee38f184,iTE:retrieval:bdb03759e376e4,phonon-assisted inelastic process,Mott's model of phonon-assisted polaronic hopping,1,1,char_ngram_tfidf,0.335703,0.0,False,unreviewed_candidate,,,no_role_eligible_member_on_at_least_one_side
pair:d0068a8a35e9a38f,iTE,iTE:retrieval:509a16f5eab3b7,iTE:retrieval:d7d849c73bd54d,photothermoelectric effect,photothermal (PT) absorption,1,1,char_ngram_tfidf,0.335457,0.0,False,unreviewed_candidate,,,no_role_eligible_member_on_at_least_one_side
pair:577007aa750db31d,iTE,iTE:retrieval:2ceda35a1db6bd,iTE:retrieval:3fa9d69269c3c7,TE properties,nearly isotropic structural and thermal properties,2,1,char_ngram_tfidf,0.335314,0.0,False,unreviewed_candidate,,,no_role_eligible_member_on_at_least_one_side
pair:427dfbc35aa1b3ef,iTE,iTE:retrieval:8b45ef5352aa70,iTE:retrieval:e69ec37c2be39c,anharmonicity and disorder,high atomic density and strong structural disorder,1,1,char_ngram_tfidf,0.335272,0.0,False,unreviewed_candidate,,,no_role_eligible_member_on_at_least_one_side
pair:f4a7a5299117d633,iTE,iTE:retrieval:396f0a75d1f414,iTE:retrieval:cd9f7d93f6fbce,phase transition temperature,phase transition and the variation of interplanar spacing,1,1,char_ngram_tfidf,0.335132,0.0,False,unreviewed_candidate,,,no_role_eligible_member_on_at_least_one_side
pair:63d96c174cbae087,iTE,iTE:retrieval:707c1a6d6dc777,iTE:retrieval:e69ec37c2be39c,anion disorder,high atomic density and strong structural disorder,1,1,char_ngram_tfidf,0.335056,0.0,False,unreviewed_candidate,,,no_role_eligible_member_on_at_least_one_side
pair:ccb2ffcc89fd46f4,iTE,iTE:retrieval:4298c018e3a20c,iTE:retrieval:7634dbafd0d71e,ionic conductivity and thermal diffusivity,thermal diffusion measurements,1,1,char_ngram_tfidf,0.334878,0.0,False,unreviewed_candidate,,,no_role_eligible_member_on_at_least_one_side
pair:15c0ec93575bbee9,iTE,iTE:retrieval:d324c9b7437b95,iTE:retrieval:f849e5c39b53a2,"structural complexity, variations in bond strengths, and high lattice anharmonicity",strong bond anharmonicity,1,1,char_ngram_tfidf,0.334758,0.0,False,unreviewed_candidate,,,no_role_eligible_member_on_at_least_one_side
pair:5ecb726253c9e009,iTE,iTE:retrieval:4b11243c7dd40e,iTE:retrieval:8c8e40cbe3591c,effect of disorder on charge transport,ionic transport,1,1,char_ngram_tfidf,0.334727,0.0,False,unreviewed_candidate,,,no_role_eligible_member_on_at_least_one_side
pair:ce0cb662983959c7,iTE,iTE:retrieval:e59162163e1dae,iTE:retrieval:e9266028700a35,efficient thermoelectric generator,power output of the generator,1,1,char_ngram_tfidf,0.334444,0.0,False,unreviewed_candidate,,,no_role_eligible_member_on_at_least_one_side
pair:1730411cd6639c3f,iTE,iTE:retrieval:4b11243c7dd40e,iTE:retrieval:9e7097db060047,effect of disorder on charge transport,efficient ion transport,1,1,char_ngram_tfidf,0.334359,0.0,False,unreviewed_candidate,,,no_role_eligible_member_on_at_least_one_side
pair:a1d1c781af21c7b0,iTE,iTE:retrieval:509a16f5eab3b7,iTE:retrieval:e24aff8d6ce928,photothermoelectric effect,superposition of the ionic thermoelectric and piezoionic effects,1,1,char_ngram_tfidf,0.33424,0.0,False,unreviewed_candidate,,,no_role_eligible_member_on_at_least_one_side
pair:877b643c63de5377,iTE,iTE:retrieval:4b11243c7dd40e,iTE:retrieval:66ef0676703541,effect of disorder on charge transport,heat of transport,1,1,char_ngram_tfidf,0.333736,0.0,False,unreviewed_candidate,,,no_role_eligible_member_on_at_least_one_side
pair:87eabe5ee2835c87,iTE,iTE:retrieval:6eed0890587881,iTE:retrieval:f5808c0604e00a,"local structural distortion, weak bonding environment, and strong lattice anharmonicity",weakened local octahedral structural distortions,1,1,char_ngram_tfidf,0.333675,0.0,False,unreviewed_candidate,,,no_role_eligible_member_on_at_least_one_side
pair:659a91e6f9731ae3,iTE,iTE:retrieval:501736d06e239c,iTE:retrieval:c18be230a5eb94,stronger electronic disorder for Gd doping,energetic disorder for PDPP-EDOT,1,1,char_ngram_tfidf,0.333188,0.0,False,unreviewed_candidate,,,no_role_eligible_member_on_at_least_one_side
pair:6408219fe5b7f849,iTE,iTE:retrieval:4ae618736afabf,iTE:retrieval:564257546d6ca1,a cell containing a PCM derived from synthesized ILs,PCMs (synthesized ILs) container cell and a commercial thermoelectric generator (TEG),1,1,char_ngram_tfidf,0.333023,0.0,False,unreviewed_candidate,,,no_role_eligible_member_on_at_least_one_side
pair:b6780fd293b188c2,iTE,iTE:retrieval:064eca1373ac82,iTE:retrieval:b24ae9e7c27415,diffusion difference,Differences in single-ion Soret and self-diffusion coefficients of anions and cations,1,1,char_ngram_tfidf,0.332678,0.0,False,unreviewed_candidate,,,no_role_eligible_member_on_at_least_one_side
pair:502964bfca700e73,iTE,iTE:retrieval:6d865564f4438a,iTE:retrieval:c60276b6e212b6,ionic behavior,enhanced conduction and the appearance of a semiconductor behavior,1,1,char_ngram_tfidf,0.33249,0.0,False,unreviewed_candidate,,,no_role_eligible_member_on_at_least_one_side
pair:ef737eec1a056fe8,iTE,iTE:retrieval:0d31299f3ba4e7,iTE:retrieval:0d456265d31d41,conduction band activity,formation of the valance and conduction bands,1,1,char_ngram_tfidf,0.33249,0.0,False,unreviewed_candidate,,,no_role_eligible_member_on_at_least_one_side
pair:00c585afe53933b4,iTE,iTE:retrieval:1f2e95e5f508e1,iTE:retrieval:c490c25e5cf0e7,charge puddles effect,charge compensation effect,1,1,char_ngram_tfidf,0.33245,0.0,False,unreviewed_candidate,,,no_role_eligible_member_on_at_least_one_side
pair:c4af89c6fdc8f5ac,iTE,iTE:retrieval:345c0102794ee2,iTE:retrieval:6bafa5ee4269c1,mixed ionic and covalent character,soft covalent bonds and ionic layers,1,1,char_ngram_tfidf,0.332391,0.0,False,unreviewed_candidate,,,no_role_eligible_member_on_at_least_one_side
pair:a1db9243005b67c0,iTE,iTE:retrieval:42b7f8dce13265,iTE:retrieval:73dcd6b58c70aa,ionic conductivity of IGs,unidirectional orientation of ionic conductivity,1,1,char_ngram_tfidf,0.33218,0.0,False,unreviewed_candidate,,,no_role_eligible_member_on_at_least_one_side
pair:bf58d3764fcb1d4d,iTE,iTE:retrieval:8c67d25f0a0751,iTE:retrieval:95b14a42573cef,doping levels and morphology,Bi2Te3 morphologies,1,1,char_ngram_tfidf,0.33198,0.0,False,unreviewed_candidate,,,no_role_eligible_member_on_at_least_one_side
pair:8808b6f8e89dc223,iTE,iTE:retrieval:ce9f27bb8362d1,iTE:retrieval:e2973683e87e6a,higher viscosity of the electrolyte,properties of the hydrogel electrolyte,1,1,char_ngram_tfidf,0.33071,0.0,False,unreviewed_candidate,,,no_role_eligible_member_on_at_least_one_side
pair:7c871cf0b49ddd7c,iTE,iTE:retrieval:5550ab7cb24f32,iTE:retrieval:a50c75a90d43be,interlayer ion motion,weakened interlayer interaction and phonon confinement effect,1,1,char_ngram_tfidf,0.330546,0.0,False,unreviewed_candidate,,,no_role_eligible_member_on_at_least_one_side
pair:4399435333155247,iTE,iTE:retrieval:10905f5a96e36a,iTE:retrieval:e53e53881125fd,breaking of the hydrogen bonds,extensive hydrogen bonding and charge stabilization,1,1,char_ngram_tfidf,0.33044,0.0,False,unreviewed_candidate,,,no_role_eligible_member_on_at_least_one_side
pair:cc840b9e582a9b8b,iTE,iTE:retrieval:509a16f5eab3b7,iTE:retrieval:f3c0e9f6955966,photothermoelectric effect,ionic electrokinetic effect,1,1,char_ngram_tfidf,0.33044,0.0,False,unreviewed_candidate,,,no_role_eligible_member_on_at_least_one_side
pair:7d6fb90f9bb45cb4,iTE,iTE:retrieval:3a4416b0fb1e88,iTE:retrieval:603185ba98ba5b,more even distribution of carriers between ordered and less ordered domains,ordered conductive domains and carrier mobility,1,1,char_ngram_tfidf,0.33009,0.0,False,unreviewed_candidate,,,no_role_eligible_member_on_at_least_one_side
pair:70ed77cf16ce1030,iTE,iTE:retrieval:50c6297b967ffb,iTE:retrieval:e2973683e87e6a,thermoelectric properties,properties of the hydrogel electrolyte,9,1,char_ngram_tfidf,0.329742,0.0,False,unreviewed_candidate,,,no_role_eligible_member_on_at_least_one_side
pair:10e5350fbaf59fe1,iTE,iTE:retrieval:80b1fc0098f080,iTE:retrieval:a609524dd41c92,ionic thermoelectric effect,hydroelectronic drag effect,2,1,char_ngram_tfidf,0.329332,0.0,False,unreviewed_candidate,,,no_role_eligible_member_on_at_least_one_side
pair:685ffd0e8c740389,iTE,iTE:retrieval:7f70319e87ee10,iTE:retrieval:c60276b6e212b6,semiconducting behavior of the electrical resistivity,enhanced conduction and the appearance of a semiconductor behavior,1,1,char_ngram_tfidf,0.329296,0.0,False,unreviewed_candidate,,,no_role_eligible_member_on_at_least_one_side
pair:30f8392b5982b58c,iTE,iTE:retrieval:2ceda35a1db6bd,iTE:retrieval:e2973683e87e6a,TE properties,properties of the hydrogel electrolyte,2,1,char_ngram_tfidf,0.328078,0.0,False,unreviewed_candidate,,,no_role_eligible_member_on_at_least_one_side
pair:fa8e679487cee942,iTE,iTE:retrieval:73dcd6b58c70aa,iTE:retrieval:b49d419d1c8c1c,unidirectional orientation of ionic conductivity,superionic conductivity,1,2,char_ngram_tfidf,0.327929,0.0,False,unreviewed_candidate,,,no_role_eligible_member_on_at_least_one_side
pair:a44aeff20136c2e9,iTE,iTE:retrieval:a254424a68839d,iTE:retrieval:d3bfe72e4b47ae,high-density defects and stronger scattering,point-defect scattering,1,2,char_ngram_tfidf,0.327122,0.0,False,unreviewed_candidate,,,no_role_eligible_member_on_at_least_one_side
pair:1e338310d8dff739,iTE,iTE:retrieval:064eca1373ac82,iTE:retrieval:e1f23c62337d10,diffusion difference,maximum surface temperature difference,1,1,char_ngram_tfidf,0.327035,0.0,False,unreviewed_candidate,,,no_role_eligible_member_on_at_least_one_side
pair:c89b0a7c4fd29dc1,iTE,iTE:retrieval:50c6297b967ffb,iTE:retrieval:8d6895f23e8193,thermoelectric properties,electrical property of the CPNF,9,1,char_ngram_tfidf,0.326231,0.0,False,unreviewed_candidate,,,no_role_eligible_member_on_at_least_one_side
pair:bba17410468a6668,iTE,iTE:retrieval:a4452df8022c82,iTE:retrieval:c3e7d780caaa46,relationship between the heat of transport and the activation energy of ion conduction,reducing the activation energy of PAD polymerization,1,1,char_ngram_tfidf,0.326209,0.0,False,unreviewed_candidate,,,no_role_eligible_member_on_at_least_one_side
pair:715764d0ff54d051,iTE,iTE:retrieval:18358bd99c3cc9,iTE:retrieval:d324c9b7437b95,enhance anharmonicity,"structural complexity, variations in bond strengths, and high lattice anharmonicity",1,1,char_ngram_tfidf,0.32577,0.0,False,unreviewed_candidate,,,no_role_eligible_member_on_at_least_one_side
pair:63538abbb75eb0d9,iTE,iTE:retrieval:113ee0f74fb18c,iTE:retrieval:5f03b04f06c447,electronic thermoelectric power,thermo-power,1,1,char_ngram_tfidf,0.325361,0.0,False,unreviewed_candidate,,,no_role_eligible_member_on_at_least_one_side
pair:eebeba0addd83bc3,iTE,iTE:retrieval:015f716ee2fbc7,iTE:retrieval:33606936fb7276,thermoelectric power in dense GDC 10 samples,thermoelectric power of the SWCNTs,1,1,char_ngram_tfidf,0.325271,0.0,False,unreviewed_candidate,,,no_role_eligible_member_on_at_least_one_side
pair:489143a445d7d6b3,iTE,iTE:retrieval:064eca1373ac82,iTE:retrieval:7fdcedc42c7fca,diffusion difference,coupling of the preintroduced ion concentration difference and temperature difference,1,1,char_ngram_tfidf,0.325045,0.0,False,unreviewed_candidate,,,no_role_eligible_member_on_at_least_one_side
pair:b0063adcea5d4e04,iTE,iTE:retrieval:1af45b7c1f599d,iTE:retrieval:faafd7eb7d8c5a,weak band dispersion,PBE-D3 dispersion correction,1,1,char_ngram_tfidf,0.32497,0.0,False,unreviewed_candidate,,,no_role_eligible_member_on_at_least_one_side
pair:a9aeeb7f4003408c,iTE,iTE:retrieval:7634dbafd0d71e,iTE:retrieval:8fd34699231fb8,thermal diffusion measurements,thermodiffusion of ions,1,1,char_ngram_tfidf,0.324261,0.0,False,unreviewed_candidate,,,no_role_eligible_member_on_at_least_one_side
pair:56fa314ad31f7bca,iTE,iTE:retrieval:6bafa5ee4269c1,iTE:retrieval:eb46d8620d716f,soft covalent bonds and ionic layers,metavalent bonds,1,1,char_ngram_tfidf,0.324171,0.0,False,unreviewed_candidate,,,no_role_eligible_member_on_at_least_one_side
pair:d00d2896a3fb77dd,iTE,iTE:retrieval:4fcb8c7b7ba271,iTE:retrieval:a4452df8022c82,activation energy for the electrical conductivity,relationship between the heat of transport and the activation energy of ion conduction,1,1,char_ngram_tfidf,0.32396,0.0,False,unreviewed_candidate,,,no_role_eligible_member_on_at_least_one_side
pair:26567abcf853f510,iTE,iTE:retrieval:68925614cbdfd2,iTE:retrieval:80b1fc0098f080,ionic Peltier effect,ionic thermoelectric effect,1,2,char_ngram_tfidf,0.323756,0.0,False,unreviewed_candidate,,,no_role_eligible_member_on_at_least_one_side
pair:34b56ddb5417c145,iTE,iTE:retrieval:54040da6199e39,iTE:retrieval:c61daddaffd60b,acoustic phonons,strong acoustic mismatch between Cu2Se and carbon phonon states,1,1,char_ngram_tfidf,0.323739,0.0,False,unreviewed_candidate,,,no_role_eligible_member_on_at_least_one_side
pair:ea344b1074c135e8,iTE,iTE:retrieval:1a4122951dd4d9,iTE:retrieval:7634dbafd0d71e,anion diffusion,thermal diffusion measurements,2,1,char_ngram_tfidf,0.323649,0.0,False,unreviewed_candidate,,,no_role_eligible_member_on_at_least_one_side
pair:01374bc9791f860f,iTE,iTE:retrieval:15354d163b7f31,iTE:retrieval:6eed0890587881,environmental stability,"local structural distortion, weak bonding environment, and strong lattice anharmonicity",2,1,char_ngram_tfidf,0.323588,0.0,False,unreviewed_candidate,,,no_role_eligible_member_on_at_least_one_side
pair:cbcf91f8722adf67,iTE,iTE:retrieval:9f7cd77b6e2bc6,iTE:retrieval:d324c9b7437b95,strong anharmonicity,"structural complexity, variations in bond strengths, and high lattice anharmonicity",2,1,char_ngram_tfidf,0.323032,0.0,False,unreviewed_candidate,,,no_role_eligible_member_on_at_least_one_side
pair:d0db9fcfb8197bf5,iTE,iTE:retrieval:284c4b409f8446,iTE:retrieval:59ee489044b109,hard spheres,reducing atmospheres,1,2,char_ngram_tfidf,0.322866,0.0,False,unreviewed_candidate,,,no_role_eligible_member_on_at_least_one_side
pair:40c2d08ec44c8eb6,iTE,iTE:retrieval:7e7f44faa5b7ef,iTE:retrieval:ebfb798aff9e0e,hydrophobic polymer network and hydrophobic ionic liquid (IL),ionic liquid,1,2,char_ngram_tfidf,0.322733,0.0,False,unreviewed_candidate,,,no_role_eligible_member_on_at_least_one_side
pair:fd79be00e798251c,iTE,iTE:retrieval:d5e684addd57e6,iTE:retrieval:ef7365486e2ecc,Thermal stability in oxygen,thermal mobility of ions,1,1,char_ngram_tfidf,0.322619,0.0,False,unreviewed_candidate,,,no_role_eligible_member_on_at_least_one_side
pair:43908ded5ce1c332,iTE,iTE:retrieval:dc5960b5817134,iTE:retrieval:e6f97167d2d866,small average grain size and the nano-sized phases,grain size,1,1,char_ngram_tfidf,0.322483,0.0,False,unreviewed_candidate,,,no_role_eligible_member_on_at_least_one_side
pair:43207994d053ada2,iTE,iTE:retrieval:282510d9bbcde6,iTE:retrieval:b8c0a44531623d,porosity and pore connectivity,porosity and specific surface area,1,1,char_ngram_tfidf,0.322425,0.0,False,unreviewed_candidate,,,no_role_eligible_member_on_at_least_one_side
pair:6bee006517622b05,iTE,iTE:retrieval:5f860387f862f9,iTE:retrieval:7634dbafd0d71e,ionic diffusion,thermal diffusion measurements,2,1,char_ngram_tfidf,0.322417,0.0,False,unreviewed_candidate,,,no_role_eligible_member_on_at_least_one_side
pair:71b6be7a20407c8d,iTE,iTE:retrieval:3fc645d3ff57b2,iTE:retrieval:4612a29a08eaa9,electric generation,ionic wind generator,1,1,char_ngram_tfidf,0.322101,0.0,False,unreviewed_candidate,,,no_role_eligible_member_on_at_least_one_side
pair:dce957c2506e2e86,iTE,iTE:retrieval:7a4ef9fc91e290,iTE:retrieval:a50c75a90d43be,confinement of ILs,weakened interlayer interaction and phonon confinement effect,1,1,char_ngram_tfidf,0.321705,0.0,False,unreviewed_candidate,,,no_role_eligible_member_on_at_least_one_side
pair:3b63f558c553adaa,iTE,iTE:retrieval:69a1948eece907,iTE:retrieval:f524d4b7ce05c4,ionic liquid additives,kinetics of ionic liquid,1,1,char_ngram_tfidf,0.321199,0.0,False,unreviewed_candidate,,,no_role_eligible_member_on_at_least_one_side
pair:f29f8dc12d2a9e06,iTE,iTE:retrieval:a8070ed6b621d0,iTE:retrieval:d324c9b7437b95,anharmonicity,"structural complexity, variations in bond strengths, and high lattice anharmonicity",2,1,char_ngram_tfidf,0.321064,0.0,False,unreviewed_candidate,,,no_role_eligible_member_on_at_least_one_side
pair:57be04688524f231,iTE,iTE:retrieval:689dd35a512eea,iTE:retrieval:ef7365486e2ecc,decrease in the mobility of e(g) electrons,thermal mobility of ions,1,1,char_ngram_tfidf,0.320333,0.0,False,unreviewed_candidate,,,no_role_eligible_member_on_at_least_one_side
pair:80db15da6ee2de5b,iTE,iTE:retrieval:0bf4ad7ff6e72e,iTE:retrieval:2ac766faab628b,copper mobility and disordering,ion mobility,1,1,char_ngram_tfidf,0.320241,0.0,False,unreviewed_candidate,,,no_role_eligible_member_on_at_least_one_side
pair:976e44184184d7fd,iTE,iTE:retrieval:064eca1373ac82,iTE:retrieval:6e4bdc7a1301ee,diffusion difference,cation concentration differences at the electrode/electrolyte interface,1,1,char_ngram_tfidf,0.320043,0.0,False,unreviewed_candidate,,,no_role_eligible_member_on_at_least_one_side
pair:29482b51fca4b151,iTE,iTE:retrieval:18358bd99c3cc9,iTE:retrieval:6eed0890587881,enhance anharmonicity,"local structural distortion, weak bonding environment, and strong lattice anharmonicity",1,1,char_ngram_tfidf,0.319742,0.0,False,unreviewed_candidate,,,no_role_eligible_member_on_at_least_one_side
pair:d310b5218533d1e4,iTE,iTE:retrieval:1c2fff235630e8,iTE:retrieval:1ca323857b6400,electrode-dependent effect,temperature dependent ionic conductivity,1,1,char_ngram_tfidf,0.319305,0.0,False,unreviewed_candidate,,,no_role_eligible_member_on_at_least_one_side
pair:3dd615aa50256fb1,iTE,iTE:retrieval:8012130fd61b36,iTE:retrieval:80b1fc0098f080,good thermoelectric material,ionic thermoelectric effect,1,2,char_ngram_tfidf,0.319216,0.0,False,unreviewed_candidate,,,no_role_eligible_member_on_at_least_one_side
pair:e63a6e0f42acbde1,iTE,iTE:retrieval:b9ab7ce9e89915,iTE:retrieval:e53e53881125fd,hydrogen bonds and coordination bonds,extensive hydrogen bonding and charge stabilization,1,1,char_ngram_tfidf,0.319191,0.0,False,unreviewed_candidate,,,no_role_eligible_member_on_at_least_one_side
pair:7b45de0ee5ad1816,iTE,iTE:retrieval:e2973683e87e6a,iTE:retrieval:f812da0308c3e6,properties of the hydrogel electrolyte,dielectric properties,1,1,char_ngram_tfidf,0.319094,0.0,False,unreviewed_candidate,,,no_role_eligible_member_on_at_least_one_side
pair:cbfc8b325f1c3bf8,iTE,iTE:retrieval:3fa9d69269c3c7,iTE:retrieval:50c6297b967ffb,nearly isotropic structural and thermal properties,thermoelectric properties,1,9,char_ngram_tfidf,0.318882,0.0,False,unreviewed_candidate,,,no_role_eligible_member_on_at_least_one_side
pair:f85e8a6dec2064c5,iTE,iTE:retrieval:8788142ef0a5b4,iTE:retrieval:b979b1711e1f58,hydration of different cations,diffusion difference between cations and anions,1,1,char_ngram_tfidf,0.318862,0.0,False,unreviewed_candidate,,,no_role_eligible_member_on_at_least_one_side
pair:2137190b7ed6ef8f,iTE,iTE:retrieval:064eca1373ac82,iTE:retrieval:8788142ef0a5b4,diffusion difference,hydration of different cations,1,1,char_ngram_tfidf,0.317671,0.0,False,unreviewed_candidate,,,no_role_eligible_member_on_at_least_one_side
pair:3b3cd113a2cf91a4,iTE,iTE:retrieval:1264a899a6dd20,iTE:retrieval:7c3e17294c7e2b,heavy atom at the center,weak bonding and heavy atomic mass of the Nd atom,1,1,char_ngram_tfidf,0.317667,0.0,False,unreviewed_candidate,,,no_role_eligible_member_on_at_least_one_side
pair:5fd935c58b2c1ced,iTE,iTE:retrieval:6448bfabf74153,iTE:retrieval:80b1fc0098f080,mixed ionic-electronic thermoelectric cement-based composite,ionic thermoelectric effect,1,2,char_ngram_tfidf,0.317665,0.0,False,unreviewed_candidate,,,no_role_eligible_member_on_at_least_one_side
pair:904617fcaa616c24,iTE,iTE:retrieval:cd9f7d93f6fbce,iTE:retrieval:d130e9c1365768,phase transition and the variation of interplanar spacing,phase transition of the nanoparticles,1,1,char_ngram_tfidf,0.317609,0.0,False,unreviewed_candidate,,,no_role_eligible_member_on_at_least_one_side
pair:8785880e43c80a9d,iTE,iTE:retrieval:4fd962cf217f65,iTE:retrieval:e4a88e29a51ea1,thermostability and low volatility of PIL,stability and conductivity,1,1,char_ngram_tfidf,0.317144,0.0,False,unreviewed_candidate,,,no_role_eligible_member_on_at_least_one_side
pair:c3847674d7cf4dae,iTE,iTE:retrieval:65bb3a873f39fe,iTE:retrieval:c5847afc2aa599,multiband transport,3D multijunction multiband photovoltaic,1,1,char_ngram_tfidf,0.317062,0.0,False,unreviewed_candidate,,,no_role_eligible_member_on_at_least_one_side
pair:30c79e6b0ba9679a,iTE,iTE:retrieval:40ce407c39a9b6,iTE:retrieval:e69ec37c2be39c,cations disorder,high atomic density and strong structural disorder,1,1,char_ngram_tfidf,0.316923,0.0,False,unreviewed_candidate,,,no_role_eligible_member_on_at_least_one_side
pair:9e689865fc1ef9a3,iTE,iTE:retrieval:abf81973adca69,iTE:retrieval:e53e53881125fd,partial destruction of hydrogen bonding,extensive hydrogen bonding and charge stabilization,1,1,char_ngram_tfidf,0.316601,0.0,False,unreviewed_candidate,,,no_role_eligible_member_on_at_least_one_side
pair:313b664b2c528970,iTE,iTE:retrieval:dab28a6dc3494b,iTE:retrieval:e8ffd932883291,higher phonon lifetime and group velocities,low acoustic mode group velocity and strong three-phonon scattering,1,1,char_ngram_tfidf,0.316281,0.0,False,unreviewed_candidate,,,no_role_eligible_member_on_at_least_one_side
pair:fc719f6c3969108d,iTE,iTE:retrieval:b5d5d1c7269710,iTE:retrieval:ef2b264fe9b9eb,charging time,ratio of discharging and charging,1,1,char_ngram_tfidf,0.315938,0.0,False,unreviewed_candidate,,,no_role_eligible_member_on_at_least_one_side
pair:f7a6ad25906a34fe,iTE,iTE:retrieval:0bf4ad7ff6e72e,iTE:retrieval:2cac27d452d67d,copper mobility and disordering,anion ordering,1,1,char_ngram_tfidf,0.315614,0.0,False,unreviewed_candidate,,,no_role_eligible_member_on_at_least_one_side
pair:a65ef66889f2b5db,iTE,iTE:retrieval:a4b2bbc77b9306,iTE:retrieval:e2973683e87e6a,ionic thermoelectric properties,properties of the hydrogel electrolyte,1,1,char_ngram_tfidf,0.315607,0.0,False,unreviewed_candidate,,,no_role_eligible_member_on_at_least_one_side
pair:0dd40511f7a5884a,iTE,iTE:retrieval:b49ea4a2d7a3c3,iTE:retrieval:e2973683e87e6a,ionic hydrogel,properties of the hydrogel electrolyte,1,1,char_ngram_tfidf,0.315181,0.0,False,unreviewed_candidate,,,no_role_eligible_member_on_at_least_one_side
pair:6e6fc6e1c3ddd186,iTE,iTE:retrieval:a468ccf82421e9,iTE:retrieval:a50c75a90d43be,van der Waals interlayer interactions,weakened interlayer interaction and phonon confinement effect,1,1,char_ngram_tfidf,0.315172,0.0,False,unreviewed_candidate,,,no_role_eligible_member_on_at_least_one_side
pair:bac35959ff9b6bec,iTE,iTE:retrieval:8d6895f23e8193,iTE:retrieval:f812da0308c3e6,electrical property of the CPNF,dielectric properties,1,1,char_ngram_tfidf,0.315114,0.0,False,unreviewed_candidate,,,no_role_eligible_member_on_at_least_one_side
pair:ab461658f9f17983,iTE,iTE:retrieval:980e6d9714bafc,iTE:retrieval:e4a88e29a51ea1,efficacy and stability of n-doping,stability and conductivity,1,1,char_ngram_tfidf,0.315101,0.0,False,unreviewed_candidate,,,no_role_eligible_member_on_at_least_one_side
pair:30fd50e8e361144c,iTE,iTE:retrieval:51f43eda7906b1,iTE:retrieval:a254424a68839d,scattering from static defects,high-density defects and stronger scattering,1,1,char_ngram_tfidf,0.314676,0.0,False,unreviewed_candidate,,,no_role_eligible_member_on_at_least_one_side
pair:31c520f3763d7d7d,iTE,iTE:retrieval:4d395193073b60,iTE:retrieval:f67ed0d10d6bc1,mixed alkali effect,ionic radius of the alkali metal,1,1,char_ngram_tfidf,0.314542,0.0,False,unreviewed_candidate,,,no_role_eligible_member_on_at_least_one_side
pair:4405d2043e885bc5,iTE,iTE:retrieval:73dcd6b58c70aa,iTE:retrieval:8c97763d87befb,unidirectional orientation of ionic conductivity,edge-on orientation,1,1,char_ngram_tfidf,0.314414,0.0,False,unreviewed_candidate,,,no_role_eligible_member_on_at_least_one_side
pair:c4e54057aab5469e,iTE,iTE:retrieval:c4dece9a0ff036,iTE:retrieval:e8a00270e12d25,thermophoretic difference between chloride anions (from both CuCl2 and PMNT) and cations,difference in mobility between anions and cations,1,1,char_ngram_tfidf,0.31426,0.0,False,unreviewed_candidate,,,no_role_eligible_member_on_at_least_one_side
pair:ed45a59ace32df00,iTE,iTE:retrieval:8af06e952b5596,iTE:retrieval:f19af79752c226,Activation energy and thermoelectric coefficient values,efficient energy dissipation,1,1,char_ngram_tfidf,0.314175,0.0,False,unreviewed_candidate,,,no_role_eligible_member_on_at_least_one_side
pair:bfeb5bfa89d9f89a,iTE,iTE:retrieval:30091e03759eb0,iTE:retrieval:e59162163e1dae,co efficient of thermoelectromotive force,efficient thermoelectric generator,1,1,char_ngram_tfidf,0.313983,0.0,False,unreviewed_candidate,,,no_role_eligible_member_on_at_least_one_side
pair:27a759686a45386a,iTE,iTE:retrieval:ec908cce904f42,iTE:retrieval:f509e0f9bfd650,unusual Cu doping effect,unusual thermo-e.m.f. behavior,1,1,char_ngram_tfidf,0.313616,0.0,False,unreviewed_candidate,,,no_role_eligible_member_on_at_least_one_side
pair:212b87feea0e03a5,iTE,iTE:retrieval:8d6895f23e8193,iTE:retrieval:a4b2bbc77b9306,electrical property of the CPNF,ionic thermoelectric properties,1,1,char_ngram_tfidf,0.313511,0.0,False,unreviewed_candidate,,,no_role_eligible_member_on_at_least_one_side
pair:9cad1c87202c5ff0,iTE,iTE:retrieval:73dcd6b58c70aa,iTE:retrieval:ae6a1a84581d94,unidirectional orientation of ionic conductivity,unidirectional migration of protons from a hotter to colder side,1,1,char_ngram_tfidf,0.313375,0.0,False,unreviewed_candidate,,,no_role_eligible_member_on_at_least_one_side
pair:f2a3057fb0646a52,iTE,iTE:retrieval:65f9054e2a5168,iTE:retrieval:953edf07827383,strong lattice anharmonicity and dynamic disorder,phonon lattice vibration dynamics,1,1,char_ngram_tfidf,0.313323,0.0,False,unreviewed_candidate,,,no_role_eligible_member_on_at_least_one_side
pair:338744cc6717e438,iTE,iTE:retrieval:2a2bd10b94e93a,iTE:retrieval:999edfadbe7141,thermoelectric chip,n-type and p-type thermoelectric clays,1,1,char_ngram_tfidf,0.313131,0.0,False,unreviewed_candidate,,,no_role_eligible_member_on_at_least_one_side
pair:63b3e227d43f50d8,iTE,iTE:retrieval:30413aa9a90887,iTE:retrieval:e4a88e29a51ea1,dynamical instability,stability and conductivity,1,1,char_ngram_tfidf,0.313063,0.0,False,unreviewed_candidate,,,no_role_eligible_member_on_at_least_one_side
pair:0dcc6d8ab3d79dca,iTE,iTE:retrieval:064eca1373ac82,iTE:retrieval:1627be56e600b2,diffusion difference,ion diffusion in large-size clusters,1,1,char_ngram_tfidf,0.31264,0.0,False,unreviewed_candidate,,,no_role_eligible_member_on_at_least_one_side
pair:3b2416a5c8be30c7,iTE,iTE:retrieval:a546b006beca2f,iTE:retrieval:b713a2be2588fc,consistent description of the properties of the system,iTE properties,1,1,char_ngram_tfidf,0.312376,0.0,False,unreviewed_candidate,,,no_role_eligible_member_on_at_least_one_side
pair:c769b73c2fce9b3e,iTE,iTE:retrieval:c64fe72bd5b5ab,iTE:retrieval:cf712cc831f5fe,soft lattice dynamics,guest-atom structure and dynamics,1,1,char_ngram_tfidf,0.312179,0.0,False,unreviewed_candidate,,,no_role_eligible_member_on_at_least_one_side
pair:7680fd96ff7efdd7,iTE,iTE:retrieval:0bf4ad7ff6e72e,iTE:retrieval:9377b038eaec24,copper mobility and disordering,mobility,1,1,char_ngram_tfidf,0.311832,0.0,False,unreviewed_candidate,,,no_role_eligible_member_on_at_least_one_side
pair:1961309a9c7a16d8,iTE,iTE:retrieval:3a83713deddd32,iTE:retrieval:abdadeb683c996,"lone-pair electrons, weak interactions, and ionic bonding",strong ionic bonding,1,1,char_ngram_tfidf,0.31169,0.0,False,unreviewed_candidate,,,no_role_eligible_member_on_at_least_one_side
pair:9708a4b3f3d24338,iTE,iTE:retrieval:202150d14301db,iTE:retrieval:a4452df8022c82,activation energy of Ag+ ionic migration,relationship between the heat of transport and the activation energy of ion conduction,1,1,char_ngram_tfidf,0.311672,0.0,False,unreviewed_candidate,,,no_role_eligible_member_on_at_least_one_side
pair:aa489f936033eb76,iTE,iTE:retrieval:3fa9d69269c3c7,iTE:retrieval:b713a2be2588fc,nearly isotropic structural and thermal properties,iTE properties,1,1,char_ngram_tfidf,0.311493,0.0,False,unreviewed_candidate,,,no_role_eligible_member_on_at_least_one_side
pair:e80aae96494c2aaa,iTE,iTE:retrieval:60ed880ac621c9,iTE:retrieval:b38bba22e1fb17,electrochemical Seebeck effect,electrochemical active surface area (EASA),1,1,char_ngram_tfidf,0.31148,0.0,False,unreviewed_candidate,,,no_role_eligible_member_on_at_least_one_side
pair:766e4de63b2b8cd5,iTE,iTE:retrieval:1c78a3ae57bc27,iTE:retrieval:30413aa9a90887,high ionic conductivity and chemical stability,dynamical instability,1,1,char_ngram_tfidf,0.311466,0.0,False,unreviewed_candidate,,,no_role_eligible_member_on_at_least_one_side
pair:98385cf3b89316ee,iTE,iTE:retrieval:527e149c85d24e,iTE:retrieval:d2b49b56bea46d,thermally generated voltage,electricity generator,2,1,char_ngram_tfidf,0.311424,0.0,False,unreviewed_candidate,,,no_role_eligible_member_on_at_least_one_side
pair:7e8ece652c8c38c0,iTE,iTE:retrieval:8b8e09bcd4f51f,iTE:retrieval:fc1fe2b7c4a48b,solid state reaction and electrospinning processes,phonon scattering processes and scattering rate,1,1,char_ngram_tfidf,0.311403,0.0,False,unreviewed_candidate,,,no_role_eligible_member_on_at_least_one_side
pair:66bac21dc5bcc5a7,iTE,iTE:retrieval:74b05211612dc6,iTE:retrieval:8d6895f23e8193,repulsive property of the polycationic electrolyte on cations,electrical property of the CPNF,1,1,char_ngram_tfidf,0.311269,0.0,False,unreviewed_candidate,,,no_role_eligible_member_on_at_least_one_side
pair:1c4e1327828c9a14,iTE,iTE:retrieval:74b05211612dc6,iTE:retrieval:e2973683e87e6a,repulsive property of the polycationic electrolyte on cations,properties of the hydrogel electrolyte,1,1,char_ngram_tfidf,0.311108,0.0,False,unreviewed_candidate,,,no_role_eligible_member_on_at_least_one_side
pair:04071df2fbd3b0ff,iTE,iTE:retrieval:f87b566f6b8d85,iTE:retrieval:fbc6c1d4c3b6db,carrier modulation,modules,1,1,char_ngram_tfidf,0.310815,0.0,False,unreviewed_candidate,,,no_role_eligible_member_on_at_least_one_side
pair:37e02c1996745856,iTE,iTE:retrieval:2efff091e98a59,iTE:retrieval:ff133c8264f971,duration of the ionic Seebeck enhancement,cationic moving self-enhancement,1,1,char_ngram_tfidf,0.310794,0.0,False,unreviewed_candidate,,,no_role_eligible_member_on_at_least_one_side
pair:9ed4dc636b94e600,iTE,iTE:retrieval:25dcd3112381fe,iTE:retrieval:74ce4f53b28791,endotaxial nanostructures,oxidation level and nanostructure,1,1,char_ngram_tfidf,0.310739,0.0,False,unreviewed_candidate,,,no_role_eligible_member_on_at_least_one_side
pair:7199acf107245443,iTE,iTE:retrieval:44cb18b545c258,iTE:retrieval:e018ec2bf25646,friction and the amount of heat generated,amount of IL incorporated,1,1,char_ngram_tfidf,0.310506,0.0,False,unreviewed_candidate,,,no_role_eligible_member_on_at_least_one_side
pair:776151f4155b0c08,iTE,iTE:retrieval:875000bc0cea5d,iTE:retrieval:b93404d2a34700,small polaron hopping (SPH) model,mobile ion hopping,1,1,char_ngram_tfidf,0.310134,0.0,False,unreviewed_candidate,,,no_role_eligible_member_on_at_least_one_side
pair:275d6106c57bcb42,iTE,iTE:retrieval:de3018592362c0,iTE:retrieval:e2973683e87e6a,solid electrolytes,properties of the hydrogel electrolyte,1,1,char_ngram_tfidf,0.309802,0.0,False,unreviewed_candidate,,,no_role_eligible_member_on_at_least_one_side
pair:f0694106965b54dc,iTE,iTE:retrieval:fb58125d4850ae,iTE:retrieval:fd6e818a2e03c1,Te-deficiency,redox reaction efficiency,1,1,char_ngram_tfidf,0.309724,0.0,False,unreviewed_candidate,,,no_role_eligible_member_on_at_least_one_side
pair:f263dab48543d137,iTE,iTE:retrieval:a21a52979f499e,iTE:retrieval:ed8b8de5d8f530,coordination interactions,coordination effect of polymer to cations and the Hofmeister effect of anions to polymer,1,1,char_ngram_tfidf,0.309707,0.0,False,unreviewed_candidate,,,no_role_eligible_member_on_at_least_one_side
pair:4bf433378e29b9b6,iTE,iTE:retrieval:82ac4d443272d1,iTE:retrieval:ff133c8264f971,thermal conductivity enhancement,cationic moving self-enhancement,1,1,char_ngram_tfidf,0.309197,0.0,False,unreviewed_candidate,,,no_role_eligible_member_on_at_least_one_side
pair:12030002aad19a9c,iTE,iTE:retrieval:825b01f83b9f82,iTE:retrieval:b5f337289b7921,tensile strength,electric double layer (EDL) strength,1,1,char_ngram_tfidf,0.30891,0.0,False,unreviewed_candidate,,,no_role_eligible_member_on_at_least_one_side
pair:71c5281aa38dcb0e,iTE,iTE:retrieval:942285fd38e662,iTE:retrieval:a4452df8022c82,activation energy barrier,relationship between the heat of transport and the activation energy of ion conduction,1,1,char_ngram_tfidf,0.308056,0.0,False,unreviewed_candidate,,,no_role_eligible_member_on_at_least_one_side
pair:9417ee12c7efd9b9,iTE,iTE:retrieval:80b1fc0098f080,iTE:retrieval:8770ec4d9818a7,ionic thermoelectric effect,parametric excitation of thermoelectric instability,2,1,char_ngram_tfidf,0.307948,0.0,False,unreviewed_candidate,,,no_role_eligible_member_on_at_least_one_side
pair:39385081a59d65b6,iTE,iTE:retrieval:b68e140c8d7244,iTE:retrieval:ef2b264fe9b9eb,repeated charge and discharge cycles,ratio of discharging and charging,1,1,char_ngram_tfidf,0.307843,0.0,False,unreviewed_candidate,,,no_role_eligible_member_on_at_least_one_side
pair:2eafcde4c5750c5c,iTE,iTE:retrieval:0438dbf332978a,iTE:retrieval:fd6e818a2e03c1,photocatalytic efficiency,redox reaction efficiency,1,1,char_ngram_tfidf,0.307414,0.0,False,unreviewed_candidate,,,no_role_eligible_member_on_at_least_one_side
pair:90408273521de4b2,iTE,iTE:retrieval:32a64c63d1ab48,iTE:retrieval:7634dbafd0d71e,multi-ionic thermal diffusion and drift,thermal diffusion measurements,1,1,char_ngram_tfidf,0.30682,0.0,False,unreviewed_candidate,,,no_role_eligible_member_on_at_least_one_side
pair:b5e723c5fc0c9255,iTE,iTE:retrieval:7c3e17294c7e2b,iTE:retrieval:9f374e43d6fb2e,weak bonding and heavy atomic mass of the Nd atom,heavy atom substitution,1,1,char_ngram_tfidf,0.306584,0.0,False,unreviewed_candidate,,,no_role_eligible_member_on_at_least_one_side
pair:b1a23440643a7ab6,iTE,iTE:retrieval:4dbaa586691a70,iTE:retrieval:c18be230a5eb94,disorder,energetic disorder for PDPP-EDOT,2,1,char_ngram_tfidf,0.306178,0.0,False,unreviewed_candidate,,,no_role_eligible_member_on_at_least_one_side
pair:4c6fd1da924cfd8d,iTE,iTE:retrieval:501736d06e239c,iTE:retrieval:65f9054e2a5168,stronger electronic disorder for Gd doping,strong lattice anharmonicity and dynamic disorder,1,1,char_ngram_tfidf,0.305994,0.0,False,unreviewed_candidate,,,no_role_eligible_member_on_at_least_one_side
pair:c624590190709a24,iTE,iTE:retrieval:4bc712de5401cc,iTE:retrieval:b979b1711e1f58,mass and ionic radius differences between Ho3+ and In3+,diffusion difference between cations and anions,1,1,char_ngram_tfidf,0.305611,0.0,False,unreviewed_candidate,,,no_role_eligible_member_on_at_least_one_side
pair:23f7c21751320623,iTE,iTE:retrieval:c59b7e2dbfc698,iTE:retrieval:e59162163e1dae,generate electricity,efficient thermoelectric generator,2,1,char_ngram_tfidf,0.305101,0.0,False,unreviewed_candidate,,,no_role_eligible_member_on_at_least_one_side
pair:699268a4000226f7,iTE,iTE:retrieval:80b1fc0098f080,iTE:retrieval:a809e915fb67dd,ionic thermoelectric effect,CF effect,2,1,char_ngram_tfidf,0.304539,0.0,False,unreviewed_candidate,,,no_role_eligible_member_on_at_least_one_side
pair:a6d171b6ea031943,iTE,iTE:retrieval:199545de4b59d8,iTE:retrieval:7c3e17294c7e2b,weak ionic bonding,weak bonding and heavy atomic mass of the Nd atom,1,1,char_ngram_tfidf,0.304499,0.0,False,unreviewed_candidate,,,no_role_eligible_member_on_at_least_one_side
pair:4906adb89f9e0a5c,iTE,iTE:retrieval:32e8ad7c01504c,iTE:retrieval:cc3a69c9dc5142,hydrogen bond donors,ability to influence the hydrogen bond by the ion,1,1,char_ngram_tfidf,0.304265,0.0,False,unreviewed_candidate,,,no_role_eligible_member_on_at_least_one_side
pair:211d508757ef0246,iTE,iTE:retrieval:8ebb39be4982f1,iTE:retrieval:fb54630ed9b428,performance of the i-TE device,hybrid film device,1,1,char_ngram_tfidf,0.304169,0.0,False,unreviewed_candidate,,,no_role_eligible_member_on_at_least_one_side
pair:dd3b016fda325bc4,iTE,iTE:retrieval:3fa9d69269c3c7,iTE:retrieval:a4b2bbc77b9306,nearly isotropic structural and thermal properties,ionic thermoelectric properties,1,1,char_ngram_tfidf,0.303911,0.0,False,unreviewed_candidate,,,no_role_eligible_member_on_at_least_one_side
pair:82cc10818771ebc3,iTE,iTE:retrieval:0d31299f3ba4e7,iTE:retrieval:d46e1b9f583431,conduction band activity,conductivity plateau,1,1,char_ngram_tfidf,0.303557,0.0,False,unreviewed_candidate,,,no_role_eligible_member_on_at_least_one_side
pair:7c0eb63c13cab340,iTE,iTE:retrieval:5b95e320f6f718,iTE:retrieval:98ca2a1c8bcd0b,experimental constraints of the thermoosmotic volume flux,AC experiments,1,1,char_ngram_tfidf,0.303395,0.0,False,unreviewed_candidate,,,no_role_eligible_member_on_at_least_one_side
pair:c116f4ca6ec634e9,iTE,iTE:retrieval:187d8b1504b2e6,iTE:retrieval:8b45ef5352aa70,anharmonic soft crystal lattice,anharmonicity and disorder,1,1,char_ngram_tfidf,0.303349,0.0,False,unreviewed_candidate,,,no_role_eligible_member_on_at_least_one_side
pair:a0e0fb9ff3babf8b,iTE,iTE:retrieval:a254424a68839d,iTE:retrieval:da82a0ca08313b,high-density defects and stronger scattering,phonon scattering,1,6,char_ngram_tfidf,0.303202,0.0,False,unreviewed_candidate,,,no_role_eligible_member_on_at_least_one_side
pair:767942c2179338d5,iTE,iTE:retrieval:39157f7c0edb7d,iTE:retrieval:74ce4f53b28791,microstructure,oxidation level and nanostructure,2,1,char_ngram_tfidf,0.303096,0.0,False,unreviewed_candidate,,,no_role_eligible_member_on_at_least_one_side
pair:e49534a2ac8a07fb,iTE,iTE:retrieval:4d395193073b60,iTE:retrieval:c08d6fbafaa07a,mixed alkali effect,Alkali metal atoms,1,1,char_ngram_tfidf,0.302994,0.0,False,unreviewed_candidate,,,no_role_eligible_member_on_at_least_one_side
pair:2b4fbf549c03933c,iTE,iTE:retrieval:60ed880ac621c9,iTE:retrieval:de30aabb8b0c4e,electrochemical Seebeck effect,colossal Seebeck effect was stable over a long period of time,1,1,char_ngram_tfidf,0.302806,0.0,False,unreviewed_candidate,,,no_role_eligible_member_on_at_least_one_side
pair:4fb87e54a6ff6692,iTE,iTE:retrieval:0ea188c68ebe32,iTE:retrieval:4a79882997e81f,"filling fraction, ionic state, and atomic radius of the filler",ionic radius of R3+,1,1,char_ngram_tfidf,0.302803,0.0,False,unreviewed_candidate,,,no_role_eligible_member_on_at_least_one_side
pair:12045edbd2b4e6bb,iTE,iTE:retrieval:a50c75a90d43be,iTE:retrieval:f400db4fd9574d,weakened interlayer interaction and phonon confinement effect,weakened polaron-cation coupling,1,1,char_ngram_tfidf,0.302521,0.0,False,unreviewed_candidate,,,no_role_eligible_member_on_at_least_one_side
pair:c64b0b8ca1a19e10,iTE,iTE:retrieval:60ed880ac621c9,iTE:retrieval:d66c5366c5e5c9,electrochemical Seebeck effect,electrochemical capacity retention during cycling,1,1,char_ngram_tfidf,0.302304,0.0,False,unreviewed_candidate,,,no_role_eligible_member_on_at_least_one_side
pair:b4e943676ede774f,iTE,iTE:retrieval:a01fb778dcb200,iTE:retrieval:c18be230a5eb94,Atomic disordering,energetic disorder for PDPP-EDOT,1,1,char_ngram_tfidf,0.302253,0.0,False,unreviewed_candidate,,,no_role_eligible_member_on_at_least_one_side
pair:d214fa09d491f392,iTE,iTE:retrieval:da7898371e75b6,iTE:retrieval:fd6e818a2e03c1,redox doping reaction between BBL and TDAE,redox reaction efficiency,1,1,char_ngram_tfidf,0.302048,0.0,False,unreviewed_candidate,,,no_role_eligible_member_on_at_least_one_side
pair:8fe44cea0caa1cf4,iTE,iTE:retrieval:0ea188c68ebe32,iTE:retrieval:aa3d3e08d1adea,"filling fraction, ionic state, and atomic radius of the filler",ionic radius,1,1,char_ngram_tfidf,0.301965,0.0,False,unreviewed_candidate,,,no_role_eligible_member_on_at_least_one_side
pair:0ec43738835ccb21,iTE,iTE:retrieval:05e7fe56925522,iTE:retrieval:c4f6aa1088da41,small ions,small polaron hopping model,1,1,char_ngram_tfidf,0.301697,0.0,False,unreviewed_candidate,,,no_role_eligible_member_on_at_least_one_side
pair:64850cc57ac82de1,iTE,iTE:retrieval:e74a3977b92e20,iTE:retrieval:ff133c8264f971,Conductivity enhancements,cationic moving self-enhancement,1,1,char_ngram_tfidf,0.301624,0.0,False,unreviewed_candidate,,,no_role_eligible_member_on_at_least_one_side
pair:651b6a55c1034ded,iTE,iTE:retrieval:5ff69ba045fc7a,iTE:retrieval:dc1374b70645cf,simultaneous codeposition of binary or ternary compounds,simultaneously enhanced S and a,1,1,char_ngram_tfidf,0.301282,0.0,False,unreviewed_candidate,,,no_role_eligible_member_on_at_least_one_side
pair:f052c3d9fef6d216,iTE,iTE:retrieval:a2225f1f4c78f6,iTE:retrieval:e883b2a8d5bc23,these anomalies,These rings,1,1,char_ngram_tfidf,0.300929,0.0,False,unreviewed_candidate,,,no_role_eligible_member_on_at_least_one_side
pair:296f8449356f9a71,iTE,iTE:retrieval:0ea188c68ebe32,iTE:retrieval:cb9ed642e5594e,"filling fraction, ionic state, and atomic radius of the filler",longer ionic radius of Te,1,1,char_ngram_tfidf,0.300686,0.0,False,unreviewed_candidate,,,no_role_eligible_member_on_at_least_one_side
pair:31980db86b78c582,iTE,iTE:retrieval:875000bc0cea5d,iTE:retrieval:bdb03759e376e4,small polaron hopping (SPH) model,Mott's model of phonon-assisted polaronic hopping,1,1,char_ngram_tfidf,0.300579,0.0,False,unreviewed_candidate,,,no_role_eligible_member_on_at_least_one_side
pair:48aefe497fd22a7e,iTE,iTE:retrieval:081e0610c84a65,iTE:retrieval:8af06e952b5596,S values,Activation energy and thermoelectric coefficient values,1,1,char_ngram_tfidf,0.300469,0.0,False,unreviewed_candidate,,,no_role_eligible_member_on_at_least_one_side
pair:13ff62e39b5103c5,iTE,iTE:retrieval:0ea188c68ebe32,iTE:retrieval:11c8c82f5fba4e,"filling fraction, ionic state, and atomic radius of the filler",rattling motion of the filler atoms,1,1,char_ngram_tfidf,0.299946,0.0,False,unreviewed_candidate,,,no_role_eligible_member_on_at_least_one_side
pair:fbd40c3ec29933ab,iTE,iTE:retrieval:a0c19388d99d82,iTE:retrieval:a254424a68839d,mass-defect phonon scattering,high-density defects and stronger scattering,1,1,char_ngram_tfidf,0.299933,0.0,False,unreviewed_candidate,,,no_role_eligible_member_on_at_least_one_side
pair:5c8880f361723101,iTE,iTE:retrieval:28097cba7bd9cd,iTE:retrieval:b979b1711e1f58,interactions between PEGDMA monomers and cations and anions of the IL,diffusion difference between cations and anions,1,1,char_ngram_tfidf,0.299771,0.0,False,unreviewed_candidate,,,no_role_eligible_member_on_at_least_one_side
pair:3c7e45a8796d5a0c,iTE,iTE:retrieval:5c0a83f04d7203,iTE:retrieval:a254424a68839d,phonon and electron scattering,high-density defects and stronger scattering,1,1,char_ngram_tfidf,0.299596,0.0,False,unreviewed_candidate,,,no_role_eligible_member_on_at_least_one_side
pair:bfa4c2deee5c34d9,iTE,iTE:retrieval:65f9054e2a5168,iTE:retrieval:d324c9b7437b95,strong lattice anharmonicity and dynamic disorder,"structural complexity, variations in bond strengths, and high lattice anharmonicity",1,1,char_ngram_tfidf,0.299588,0.0,False,unreviewed_candidate,,,no_role_eligible_member_on_at_least_one_side
pair:1e7c43c4ee3c541f,iTE,iTE:retrieval:282510d9bbcde6,iTE:retrieval:e4a88e29a51ea1,porosity and pore connectivity,stability and conductivity,1,1,char_ngram_tfidf,0.299533,0.0,False,unreviewed_candidate,,,no_role_eligible_member_on_at_least_one_side
pair:66969fc122e8f7b2,iTE,iTE:retrieval:3fa9d69269c3c7,iTE:retrieval:7364b5919960b6,nearly isotropic structural and thermal properties,conducting properties,1,1,char_ngram_tfidf,0.299227,0.0,False,unreviewed_candidate,,,no_role_eligible_member_on_at_least_one_side
pair:9e170a5ad23ce669,iTE,iTE:retrieval:8116177bebb862,iTE:retrieval:c4dece9a0ff036,difference in diffusion rates between cations and anions,thermophoretic difference between chloride anions (from both CuCl2 and PMNT) and cations,1,1,char_ngram_tfidf,0.299195,0.0,False,unreviewed_candidate,,,no_role_eligible_member_on_at_least_one_side
pair:56bf90e44ec825ec,iTE,iTE:retrieval:5a03e05c9f44ae,iTE:retrieval:7e7f44faa5b7ef,ionic liquids,hydrophobic polymer network and hydrophobic ionic liquid (IL),1,1,char_ngram_tfidf,0.29885,0.0,False,unreviewed_candidate,,,no_role_eligible_member_on_at_least_one_side
pair:f92133a0d0597ea7,iTE,iTE:retrieval:0ea188c68ebe32,iTE:retrieval:2eaa53f5ac837e,"filling fraction, ionic state, and atomic radius of the filler",ionic radius of the R3+ cations,1,1,char_ngram_tfidf,0.298641,0.0,False,unreviewed_candidate,,,no_role_eligible_member_on_at_least_one_side
pair:e6cb2faa331475fa,iTE,iTE:retrieval:3aef0efb8d5269,iTE:retrieval:ed8b8de5d8f530,coordination change,coordination effect of polymer to cations and the Hofmeister effect of anions to polymer,1,1,char_ngram_tfidf,0.298079,0.0,False,unreviewed_candidate,,,no_role_eligible_member_on_at_least_one_side
pair:44ebbe4c49c73d00,iTE,iTE:retrieval:08076812d1e0bd,iTE:retrieval:a9fcaed27aadca,ionic scattering and carrier relaxation time,increased phonon scattering by carriers,1,1,char_ngram_tfidf,0.298018,0.0,False,unreviewed_candidate,,,no_role_eligible_member_on_at_least_one_side
pair:0de93b88b48f608f,iTE,iTE:retrieval:564257546d6ca1,iTE:retrieval:e59162163e1dae,PCMs (synthesized ILs) container cell and a commercial thermoelectric generator (TEG),efficient thermoelectric generator,1,1,char_ngram_tfidf,0.2979,0.0,False,unreviewed_candidate,,,no_role_eligible_member_on_at_least_one_side
pair:3f3e2ff29e9e7d24,iTE,iTE:retrieval:219035db48cb4f,iTE:retrieval:60ed880ac621c9,electrochemically active BV+/2+ molecules,electrochemical Seebeck effect,1,1,char_ngram_tfidf,0.297703,0.0,False,unreviewed_candidate,,,no_role_eligible_member_on_at_least_one_side
pair:ceac4158b61a6b5a,iTE,iTE:retrieval:32e8ad7c01504c,iTE:retrieval:e53e53881125fd,hydrogen bond donors,extensive hydrogen bonding and charge stabilization,1,1,char_ngram_tfidf,0.297536,0.0,False,unreviewed_candidate,,,no_role_eligible_member_on_at_least_one_side
pair:42e1238549fc410c,iTE,iTE:retrieval:438410e3532cc0,iTE:retrieval:8bb88b6d425e76,temperature range of the thermoelectrically favored cubic phase,Thermoelectric power of high-temperature region,1,1,char_ngram_tfidf,0.297181,0.0,False,unreviewed_candidate,,,no_role_eligible_member_on_at_least_one_side
pair:1189658e51546e73,iTE,iTE:retrieval:bdb1e095a133a6,iTE:retrieval:f524d4b7ce05c4,ionic liquid concentration in the gel,kinetics of ionic liquid,1,1,char_ngram_tfidf,0.296938,0.0,False,unreviewed_candidate,,,no_role_eligible_member_on_at_least_one_side
pair:b03f904bdc221dec,iTE,iTE:retrieval:8d6895f23e8193,iTE:retrieval:bbdec748ae5808,electrical property of the CPNF,glass-like thermal property,1,1,char_ngram_tfidf,0.296918,0.0,False,unreviewed_candidate,,,no_role_eligible_member_on_at_least_one_side
pair:00af111b1b15808a,iTE,iTE:retrieval:69cfe4ac513caa,iTE:retrieval:a254424a68839d,point-defect phonon scattering,high-density defects and stronger scattering,1,1,char_ngram_tfidf,0.296811,0.0,False,unreviewed_candidate,,,no_role_eligible_member_on_at_least_one_side
pair:d93d05dd55871069,iTE,iTE:retrieval:cc3a69c9dc5142,iTE:retrieval:e53e53881125fd,ability to influence the hydrogen bond by the ion,extensive hydrogen bonding and charge stabilization,1,1,char_ngram_tfidf,0.29537,0.0,False,unreviewed_candidate,,,no_role_eligible_member_on_at_least_one_side
pair:a85ecfe7ba9e9608,iTE,iTE:retrieval:b5f337289b7921,iTE:retrieval:ee83b207232e45,electric double layer (EDL) strength,overall strength,1,1,char_ngram_tfidf,0.295328,0.0,False,unreviewed_candidate,,,no_role_eligible_member_on_at_least_one_side
pair:0f9ca57797e79b5f,iTE,iTE:retrieval:4f11815793611a,iTE:retrieval:e53e53881125fd,hydrogen bonding between p-ILs and PSS,extensive hydrogen bonding and charge stabilization,1,1,char_ngram_tfidf,0.295258,0.0,False,unreviewed_candidate,,,no_role_eligible_member_on_at_least_one_side
pair:3708cf7449017076,iTE,iTE:retrieval:113ee0f74fb18c,iTE:retrieval:e24aff8d6ce928,electronic thermoelectric power,superposition of the ionic thermoelectric and piezoionic effects,1,1,char_ngram_tfidf,0.295228,0.0,False,unreviewed_candidate,,,no_role_eligible_member_on_at_least_one_side
pair:0a01e4c8670553cd,iTE,iTE:retrieval:558e046d8081d8,iTE:retrieval:b979b1711e1f58,interactions between the doped Na+ cations and DCA(-) anions,diffusion difference between cations and anions,1,1,char_ngram_tfidf,0.295121,0.0,False,unreviewed_candidate,,,no_role_eligible_member_on_at_least_one_side
pair:78110eede8139392,iTE,iTE:retrieval:284c4b409f8446,iTE:retrieval:a0424f270ae3df,hard spheres,oxidizing atmospheres,1,1,char_ngram_tfidf,0.295034,0.0,False,unreviewed_candidate,,,no_role_eligible_member_on_at_least_one_side
pair:a4cb48ece6c8cdf1,iTE,iTE:retrieval:0d31299f3ba4e7,iTE:retrieval:30a2d268416432,conduction band activity,density of states near the conduction band edge,1,1,char_ngram_tfidf,0.294997,0.0,False,unreviewed_candidate,,,no_role_eligible_member_on_at_least_one_side
pair:42848c1ce3912e80,iTE,iTE:retrieval:08076812d1e0bd,iTE:retrieval:da82a0ca08313b,ionic scattering and carrier relaxation time,phonon scattering,1,6,char_ngram_tfidf,0.294363,0.0,False,unreviewed_candidate,,,no_role_eligible_member_on_at_least_one_side
pair:9e6513b103baae75,iTE,iTE:retrieval:a546b006beca2f,iTE:retrieval:ee37ed7d165fe1,consistent description of the properties of the system,ionic TE properties,1,1,char_ngram_tfidf,0.29414,0.0,False,unreviewed_candidate,,,no_role_eligible_member_on_at_least_one_side
pair:a1b25e0a99576714,iTE,iTE:retrieval:5dd91743e9b752,iTE:retrieval:c4f6aa1088da41,hopping motion of protons,small polaron hopping model,1,1,char_ngram_tfidf,0.294092,0.0,False,unreviewed_candidate,,,no_role_eligible_member_on_at_least_one_side
pair:0a6b2b690f06fc42,iTE,iTE:retrieval:449baabaf999bc,iTE:retrieval:ac1a404a0078e9,momentum transfer arguments,ion transfer,1,1,char_ngram_tfidf,0.294063,0.0,False,unreviewed_candidate,,,no_role_eligible_member_on_at_least_one_side
pair:05e26710a01d6b9e,iTE,iTE:retrieval:15eb7d610803d3,iTE:retrieval:282510d9bbcde6,capillary porosity,porosity and pore connectivity,1,1,char_ngram_tfidf,0.29367,0.0,False,unreviewed_candidate,,,no_role_eligible_member_on_at_least_one_side
pair:5cd65df84a4b4e7c,iTE,iTE:retrieval:3505637ded7fc0,iTE:retrieval:80b1fc0098f080,PV effect,ionic thermoelectric effect,1,2,char_ngram_tfidf,0.293579,0.0,False,unreviewed_candidate,,,no_role_eligible_member_on_at_least_one_side
pair:ff90b50a8ba89050,iTE,iTE:retrieval:0ea188c68ebe32,iTE:retrieval:a448dd89bd7661,"filling fraction, ionic state, and atomic radius of the filler",ionic radius of the A-site cation,1,1,char_ngram_tfidf,0.293575,0.0,False,unreviewed_candidate,,,no_role_eligible_member_on_at_least_one_side
pair:e5a8cf4eec13abde,iTE,iTE:retrieval:d455232be413ec,iTE:retrieval:ff133c8264f971,enhancement of anharmonicity,cationic moving self-enhancement,1,1,char_ngram_tfidf,0.293504,0.0,False,unreviewed_candidate,,,no_role_eligible_member_on_at_least_one_side
pair:eac5eccda59651ec,iTE,iTE:retrieval:15c4d11d063c9b,iTE:retrieval:7205b2d1ccd6ae,dynamic hydrogen-bond network,hydrodynamic friction,1,1,char_ngram_tfidf,0.293408,0.0,False,unreviewed_candidate,,,no_role_eligible_member_on_at_least_one_side
pair:6a336dfc5c90dee4,iTE,iTE:retrieval:80cd14b93e586e,iTE:retrieval:8b45ef5352aa70,anharmonic and anisotropic vibration of the Cu atom,anharmonicity and disorder,1,1,char_ngram_tfidf,0.293198,0.0,False,unreviewed_candidate,,,no_role_eligible_member_on_at_least_one_side
pair:3bcd7c7530bad431,iTE,iTE:retrieval:954de1d44a8541,iTE:retrieval:e69ec37c2be39c,structural design,high atomic density and strong structural disorder,1,1,char_ngram_tfidf,0.293075,0.0,False,unreviewed_candidate,,,no_role_eligible_member_on_at_least_one_side
pair:a4e1ee5f7d45bc99,iTE,iTE:retrieval:1c2fff235630e8,iTE:retrieval:1f0748999ce91f,electrode-dependent effect,temperature independency,1,1,char_ngram_tfidf,0.293061,0.0,False,unreviewed_candidate,,,no_role_eligible_member_on_at_least_one_side
pair:d56e2bd8f3d272d3,iTE,iTE:retrieval:7e7f44faa5b7ef,iTE:retrieval:d1fccad5a45403,hydrophobic polymer network and hydrophobic ionic liquid (IL),gelatin/GTA polymer network,1,1,char_ngram_tfidf,0.293006,0.0,False,unreviewed_candidate,,,no_role_eligible_member_on_at_least_one_side
pair:f77cde6382f4b33c,iTE,iTE:retrieval:6acc48de44bcc7,iTE:retrieval:d324c9b7437b95,phonon anharmonicity,"structural complexity, variations in bond strengths, and high lattice anharmonicity",1,1,char_ngram_tfidf,0.292906,0.0,False,unreviewed_candidate,,,no_role_eligible_member_on_at_least_one_side
pair:a782478096339ef6,iTE,iTE:retrieval:65f9054e2a5168,iTE:retrieval:b8cdc58ee64477,strong lattice anharmonicity and dynamic disorder,subsecond dynamics,1,1,char_ngram_tfidf,0.292797,0.0,False,unreviewed_candidate,,,no_role_eligible_member_on_at_least_one_side
pair:93aa4628276b5ee1,iTE,iTE:retrieval:600ac59acbccd8,iTE:retrieval:8af06e952b5596,x values,Activation energy and thermoelectric coefficient values,1,1,char_ngram_tfidf,0.292214,0.0,False,unreviewed_candidate,,,no_role_eligible_member_on_at_least_one_side
pair:1c82b16803a88494,iTE,iTE:retrieval:1c2fff235630e8,iTE:retrieval:c8464c42914f5c,electrode-dependent effect,Soret effect,1,6,char_ngram_tfidf,0.292136,0.0,False,unreviewed_candidate,,,no_role_eligible_member_on_at_least_one_side
pair:72132e00a09fc408,iTE,iTE:retrieval:5486a8a56ef5b2,iTE:retrieval:c60276b6e212b6,p-type semiconductors,enhanced conduction and the appearance of a semiconductor behavior,2,1,char_ngram_tfidf,0.292027,0.0,False,unreviewed_candidate,,,no_role_eligible_member_on_at_least_one_side
pair:a12a4425a134a11d,iTE,iTE:retrieval:0bc4dca4142818,iTE:retrieval:3d1ba83091a993,experimentally measured dynamics,TEP measurements,1,1,char_ngram_tfidf,0.291369,0.0,False,unreviewed_candidate,,,no_role_eligible_member_on_at_least_one_side
pair:789872d11225df55,iTE,iTE:retrieval:e59162163e1dae,iTE:retrieval:f19af79752c226,efficient thermoelectric generator,efficient energy dissipation,1,1,char_ngram_tfidf,0.291257,0.0,False,unreviewed_candidate,,,no_role_eligible_member_on_at_least_one_side
pair:e16094223ae1a9ec,iTE,iTE:retrieval:18293889e87d4b,iTE:retrieval:c97a71015fab14,interfacial capacitive effect between ionogel and CPNF,ionic capacitive effect at the Schottky junction,1,1,char_ngram_tfidf,0.291152,0.0,False,unreviewed_candidate,,,no_role_eligible_member_on_at_least_one_side
pair:7829b208c0a01e49,iTE,iTE:retrieval:7e7f44faa5b7ef,iTE:retrieval:b3d1a6a9a9e86a,hydrophobic polymer network and hydrophobic ionic liquid (IL),hydrophobic anions of nFSI(-),1,1,char_ngram_tfidf,0.291134,0.0,False,unreviewed_candidate,,,no_role_eligible_member_on_at_least_one_side
pair:00784ebf8e4d6718,iTE,iTE:retrieval:a4452df8022c82,iTE:retrieval:fc4b5a0896f1df,relationship between the heat of transport and the activation energy of ion conduction,activation energies,1,4,char_ngram_tfidf,0.291113,0.0,False,unreviewed_candidate,,,no_role_eligible_member_on_at_least_one_side
pair:21716f5559bb9fee,iTE,iTE:retrieval:0c39d2587db47a,iTE:retrieval:9e82587226b48e,Heikes model,simple ionic model,1,1,char_ngram_tfidf,0.29107,0.0,False,unreviewed_candidate,,,no_role_eligible_member_on_at_least_one_side
pair:921b30075654881f,iTE,iTE:retrieval:3a83713deddd32,iTE:retrieval:9cbee44cd7c4e5,"lone-pair electrons, weak interactions, and ionic bonding",ionic bonding fraction,1,1,char_ngram_tfidf,0.290945,0.0,False,unreviewed_candidate,,,no_role_eligible_member_on_at_least_one_side
pair:01bc8528e9547ef9,iTE,iTE:retrieval:a45b4053fa33fd,iTE:retrieval:fc1fe2b7c4a48b,self-healing process,phonon scattering processes and scattering rate,1,1,char_ngram_tfidf,0.290738,0.0,False,unreviewed_candidate,,,no_role_eligible_member_on_at_least_one_side
pair:edc600559b3aa931,iTE,iTE:retrieval:2eb2a25603dfde,iTE:retrieval:45fc34552a1da7,polymer network,polymer chain breathing model,1,1,char_ngram_tfidf,0.290458,0.0,False,unreviewed_candidate,,,no_role_eligible_member_on_at_least_one_side
pair:676389cd87c0ae81,iTE,iTE:retrieval:5afc36997eb04b,iTE:retrieval:b979b1711e1f58,Differential interactions between the polymeric network and infused ions,diffusion difference between cations and anions,1,1,char_ngram_tfidf,0.290349,0.0,False,unreviewed_candidate,,,no_role_eligible_member_on_at_least_one_side
pair:651062418f94adab,iTE,iTE:retrieval:4b11243c7dd40e,iTE:retrieval:e531f14924e115,effect of disorder on charge transport,defect disorder governed by electronic charge compensation,1,1,char_ngram_tfidf,0.290052,0.0,False,unreviewed_candidate,,,no_role_eligible_member_on_at_least_one_side
pair:b63d077a3f700415,iTE,iTE:retrieval:c8519043b052a1,iTE:retrieval:e4a88e29a51ea1,stability of the supramolecular structure,stability and conductivity,1,1,char_ngram_tfidf,0.289714,0.0,False,unreviewed_candidate,,,no_role_eligible_member_on_at_least_one_side
pair:3f540b1303fa636d,iTE,iTE:retrieval:7364b5919960b6,iTE:retrieval:a546b006beca2f,conducting properties,consistent description of the properties of the system,1,1,char_ngram_tfidf,0.289674,0.0,False,unreviewed_candidate,,,no_role_eligible_member_on_at_least_one_side
pair:e3ee05893cc30c55,iTE,iTE:retrieval:0cb0dbe286bf7d,iTE:retrieval:74f44424d5449e,reliable estimation of kappa(el),reliable interface between the layers,1,1,char_ngram_tfidf,0.289659,0.0,False,unreviewed_candidate,,,no_role_eligible_member_on_at_least_one_side
pair:84785310d8ace29b,iTE,iTE:retrieval:0ea188c68ebe32,iTE:retrieval:873105486f7696,"filling fraction, ionic state, and atomic radius of the filler",filling fraction limit (FFL),1,1,char_ngram_tfidf,0.289617,0.0,False,unreviewed_candidate,,,no_role_eligible_member_on_at_least_one_side
pair:48de34f15a9ee24c,iTE,iTE:retrieval:282510d9bbcde6,iTE:retrieval:5c6ae48baf3e05,porosity and pore connectivity,three-dimensional networks of connectivity,1,1,char_ngram_tfidf,0.289161,0.0,False,unreviewed_candidate,,,no_role_eligible_member_on_at_least_one_side
pair:dd91633aa5d6bbda,iTE,iTE:retrieval:5eaeca5fa5dc0b,iTE:retrieval:fd6e818a2e03c1,redox couple,redox reaction efficiency,1,1,char_ngram_tfidf,0.288902,0.0,False,unreviewed_candidate,,,no_role_eligible_member_on_at_least_one_side
pair:e520fc5eb83a0fab,iTE,iTE:retrieval:0d31299f3ba4e7,iTE:retrieval:eac8492baf57ae,conduction band activity,conductivity in beta-Ag2S,1,1,char_ngram_tfidf,0.287956,0.0,False,unreviewed_candidate,,,no_role_eligible_member_on_at_least_one_side
pair:a3710978838a1f78,iTE,iTE:retrieval:08076812d1e0bd,iTE:retrieval:56e84e50a59b53,ionic scattering and carrier relaxation time,scattering center for electric carrier and phonon,1,1,char_ngram_tfidf,0.287875,0.0,False,unreviewed_candidate,,,no_role_eligible_member_on_at_least_one_side
pair:d9fd21743180ab05,iTE,iTE:retrieval:22e10d10e22578,iTE:retrieval:cf712cc831f5fe,guest atom ADPs,guest-atom structure and dynamics,1,1,char_ngram_tfidf,0.287662,0.0,False,unreviewed_candidate,,,no_role_eligible_member_on_at_least_one_side
pair:17cdb49a10631589,iTE,iTE:retrieval:1c2fff235630e8,iTE:retrieval:7ce2b33e04f32b,electrode-dependent effect,electrochemical effect,1,1,char_ngram_tfidf,0.287618,0.0,False,unreviewed_candidate,,,no_role_eligible_member_on_at_least_one_side
pair:242442ad26d2fddc,iTE,iTE:retrieval:39c5b067e27f06,iTE:retrieval:cf712cc831f5fe,strong anharmonic lattice dynamics,guest-atom structure and dynamics,1,1,char_ngram_tfidf,0.287424,0.0,False,unreviewed_candidate,,,no_role_eligible_member_on_at_least_one_side
pair:eac6a2859e54fbeb,iTE,iTE:retrieval:0ea188c68ebe32,iTE:retrieval:49849342df1959,"filling fraction, ionic state, and atomic radius of the filler",ionic radius of the Ln(3+) ions,1,1,char_ngram_tfidf,0.287241,0.0,False,unreviewed_candidate,,,no_role_eligible_member_on_at_least_one_side
pair:68eb020d34352ca3,iTE,iTE:retrieval:b46017ef958a1b,iTE:retrieval:cf712cc831f5fe,Dynamic structural transformations,guest-atom structure and dynamics,1,1,char_ngram_tfidf,0.286939,0.0,False,unreviewed_candidate,,,no_role_eligible_member_on_at_least_one_side
pair:a19b1dcaff467d55,iTE,iTE:retrieval:7e7f44faa5b7ef,iTE:retrieval:a0f74dcf2dcf64,hydrophobic polymer network and hydrophobic ionic liquid (IL),hydrophobic Ecoflex layer,1,1,char_ngram_tfidf,0.286867,0.0,False,unreviewed_candidate,,,no_role_eligible_member_on_at_least_one_side
pair:5a364cf4457409b2,iTE,iTE:retrieval:636d46720a4d2e,iTE:retrieval:daa8f77b30aa03,dopants,large short-range perturbation created by selected dopants,1,1,char_ngram_tfidf,0.286191,0.0,False,unreviewed_candidate,,,no_role_eligible_member_on_at_least_one_side
pair:057d87b80262c754,iTE,iTE:retrieval:c60276b6e212b6,iTE:retrieval:e8ae6d157bbcd1,enhanced conduction and the appearance of a semiconductor behavior,crossover behavior,1,1,char_ngram_tfidf,0.285889,0.0,False,unreviewed_candidate,,,no_role_eligible_member_on_at_least_one_side
pair:020fe2cdb289ae2e,iTE,iTE:retrieval:282510d9bbcde6,iTE:retrieval:c1d2ccf6d59cc6,porosity and pore connectivity,electrical conductivity and thermal conductivity,1,2,char_ngram_tfidf,0.285405,0.0,False,unreviewed_candidate,,,no_role_eligible_member_on_at_least_one_side
pair:0e0167d5adab0077,iTE,iTE:retrieval:0285fb220b09ee,iTE:retrieval:c60276b6e212b6,n-type behavior,enhanced conduction and the appearance of a semiconductor behavior,1,1,char_ngram_tfidf,0.285129,0.0,False,unreviewed_candidate,,,no_role_eligible_member_on_at_least_one_side
pair:0b0d608227398707,iTE,iTE:retrieval:45fc34552a1da7,iTE:retrieval:bb423eea427e34,polymer chain breathing model,interaction between the ionic liquid and polymer chains,1,1,char_ngram_tfidf,0.28466,0.0,False,unreviewed_candidate,,,no_role_eligible_member_on_at_least_one_side
pair:d39b8de2852943a8,iTE,iTE:retrieval:46fa3de74375f5,iTE:retrieval:6bafa5ee4269c1,ionic Sr-N interactions and strong covalent Mo-N bonds,soft covalent bonds and ionic layers,1,1,char_ngram_tfidf,0.284585,0.0,False,unreviewed_candidate,,,no_role_eligible_member_on_at_least_one_side
pair:c30a5ca334758ed6,iTE,iTE:retrieval:519d05cdd0a084,iTE:retrieval:8c67d25f0a0751,morphological rearrangement,doping levels and morphology,1,1,char_ngram_tfidf,0.28443,0.0,False,unreviewed_candidate,,,no_role_eligible_member_on_at_least_one_side
pair:c92a7c74358ebdcb,iTE,iTE:retrieval:20dbbcce8b953a,iTE:retrieval:c61daddaffd60b,soft acoustic phonon modes,strong acoustic mismatch between Cu2Se and carbon phonon states,1,1,char_ngram_tfidf,0.28421,0.0,False,unreviewed_candidate,,,no_role_eligible_member_on_at_least_one_side
pair:fc040106d1292c87,iTE,iTE:retrieval:cd9f7d93f6fbce,iTE:retrieval:d574d9cb54955a,phase transition and the variation of interplanar spacing,phase transition pressure point,1,1,char_ngram_tfidf,0.284102,0.0,False,unreviewed_candidate,,,no_role_eligible_member_on_at_least_one_side
pair:925990d0289912f6,iTE,iTE:retrieval:517950ed5f41ad,iTE:retrieval:8a4a0537d31235,organic LTE,Lewis acidic organic ionic liquids,1,1,char_ngram_tfidf,0.283927,0.0,False,unreviewed_candidate,,,no_role_eligible_member_on_at_least_one_side
pair:e4f7020f7e265cb5,iTE,iTE:retrieval:5be5212b98aec3,iTE:retrieval:74ce4f53b28791,nanosaws structure,oxidation level and nanostructure,1,1,char_ngram_tfidf,0.283804,0.0,False,unreviewed_candidate,,,no_role_eligible_member_on_at_least_one_side
pair:693409ee60c9d9aa,iTE,iTE:retrieval:abf8392548d51f,iTE:retrieval:ed8b8de5d8f530,coordination interaction with cations,coordination effect of polymer to cations and the Hofmeister effect of anions to polymer,1,1,char_ngram_tfidf,0.283719,0.0,False,unreviewed_candidate,,,no_role_eligible_member_on_at_least_one_side
pair:e29636e372de0801,iTE,iTE:retrieval:0ea188c68ebe32,iTE:retrieval:9cbee44cd7c4e5,"filling fraction, ionic state, and atomic radius of the filler",ionic bonding fraction,1,1,char_ngram_tfidf,0.283567,0.0,False,unreviewed_candidate,,,no_role_eligible_member_on_at_least_one_side
pair:6e63749410fb730f,iTE,iTE:retrieval:c51c009970bfc2,iTE:retrieval:c61daddaffd60b,heat-carrying acoustic phonons,strong acoustic mismatch between Cu2Se and carbon phonon states,1,1,char_ngram_tfidf,0.28342,0.0,False,unreviewed_candidate,,,no_role_eligible_member_on_at_least_one_side
pair:9f0112006c830c98,iTE,iTE:retrieval:227d4661adfb14,iTE:retrieval:cc3a69c9dc5142,reversible hydrogen bonding interaction,ability to influence the hydrogen bond by the ion,1,1,char_ngram_tfidf,0.283076,0.0,False,unreviewed_candidate,,,no_role_eligible_member_on_at_least_one_side
pair:80f10cbd3b6ae3bb,iTE,iTE:retrieval:41bbd7895090e3,iTE:retrieval:4d395193073b60,TE effect,mixed alkali effect,1,1,char_ngram_tfidf,0.282835,0.0,False,unreviewed_candidate,,,no_role_eligible_member_on_at_least_one_side
pair:c12b8dab6bf021e0,iTE,iTE:retrieval:bef8f88c809c32,iTE:retrieval:e2973683e87e6a,"lignin-derived hydrogel, infiltrated with a 6 M KOH electrolyte",properties of the hydrogel electrolyte,1,1,char_ngram_tfidf,0.28214,0.0,False,unreviewed_candidate,,,no_role_eligible_member_on_at_least_one_side
pair:ffb533c27eba4a2d,iTE,iTE:retrieval:0bc4dca4142818,iTE:retrieval:cf712cc831f5fe,experimentally measured dynamics,guest-atom structure and dynamics,1,1,char_ngram_tfidf,0.28184,0.0,False,unreviewed_candidate,,,no_role_eligible_member_on_at_least_one_side
pair:888cb26235263df1,iTE,iTE:retrieval:e3181c1928fb4b,iTE:retrieval:e4a88e29a51ea1,durability and wear resistance,stability and conductivity,1,1,char_ngram_tfidf,0.281731,0.0,False,unreviewed_candidate,,,no_role_eligible_member_on_at_least_one_side
pair:65017917d5a29de3,iTE,iTE:retrieval:f3c0e9f6955966,iTE:retrieval:f524d4b7ce05c4,ionic electrokinetic effect,kinetics of ionic liquid,1,1,char_ngram_tfidf,0.281565,0.0,False,unreviewed_candidate,,,no_role_eligible_member_on_at_least_one_side
pair:73b5dae704547676,iTE,iTE:retrieval:1c2fff235630e8,iTE:retrieval:b77dfe17f18a08,electrode-dependent effect,temperature dependence of thermoelectric power,1,2,char_ngram_tfidf,0.281554,0.0,False,unreviewed_candidate,,,no_role_eligible_member_on_at_least_one_side
pair:84ed434a1d5c3e94,iTE,iTE:retrieval:1f713759807164,iTE:retrieval:60d4d5b6d32241,change of Seebeck sign,variation of Seebeck coefficient and resistivity,1,1,char_ngram_tfidf,0.281356,0.0,False,unreviewed_candidate,,,no_role_eligible_member_on_at_least_one_side
pair:4f2c5dea602c7b72,iTE,iTE:retrieval:44cb18b545c258,iTE:retrieval:6ab4bb68cdd22b,friction and the amount of heat generated,"amount of H,PO 4",1,1,char_ngram_tfidf,0.280741,0.0,False,unreviewed_candidate,,,no_role_eligible_member_on_at_least_one_side
pair:60fe05889f78b0bb,iTE,iTE:retrieval:107fc461e78998,iTE:retrieval:7c3e17294c7e2b,rare earth atomic mass and ionic radius,weak bonding and heavy atomic mass of the Nd atom,1,1,char_ngram_tfidf,0.280667,0.0,False,unreviewed_candidate,,,no_role_eligible_member_on_at_least_one_side
pair:aee93cf2c4b2e4ef,iTE,iTE:retrieval:ef2b264fe9b9eb,iTE:retrieval:fce8340ab1a0d8,ratio of discharging and charging,ratio of Mn3+/Mn4+,1,1,char_ngram_tfidf,0.280501,0.0,False,unreviewed_candidate,,,no_role_eligible_member_on_at_least_one_side
pair:13567eaf0157fdf0,iTE,iTE:retrieval:98f4675a8a252e,iTE:retrieval:c60276b6e212b6,enhanced electrical conductivity,enhanced conduction and the appearance of a semiconductor behavior,1,1,char_ngram_tfidf,0.280477,0.0,False,unreviewed_candidate,,,no_role_eligible_member_on_at_least_one_side
pair:9596fa87b1e862b6,iTE,iTE:retrieval:113ee0f74fb18c,iTE:retrieval:989be7313f1a55,electronic thermoelectric power,largest thermoelectric power reported in the open literature among carbon-based compounds,1,1,char_ngram_tfidf,0.280456,0.0,False,unreviewed_candidate,,,no_role_eligible_member_on_at_least_one_side
pair:bd4dc688607d543c,iTE,iTE:retrieval:252ffd220fd340,iTE:retrieval:ff133c8264f971,Seebeck coefficient enhancement,cationic moving self-enhancement,1,1,char_ngram_tfidf,0.279775,0.0,False,unreviewed_candidate,,,no_role_eligible_member_on_at_least_one_side
pair:f366c858c28a793a,iTE,iTE:retrieval:509a16f5eab3b7,iTE:retrieval:97caa0f4a42996,photothermoelectric effect,pozzolanic effect,1,1,char_ngram_tfidf,0.279329,0.0,False,unreviewed_candidate,,,no_role_eligible_member_on_at_least_one_side
pair:b8fdc12131683baf,iTE,iTE:retrieval:45fc34552a1da7,iTE:retrieval:c4f6aa1088da41,polymer chain breathing model,small polaron hopping model,1,1,char_ngram_tfidf,0.27929,0.0,False,unreviewed_candidate,,,no_role_eligible_member_on_at_least_one_side
pair:535f850deecef0ae,iTE,iTE:retrieval:802c7a56e44f8b,iTE:retrieval:c61daddaffd60b,acoustic phonon softening,strong acoustic mismatch between Cu2Se and carbon phonon states,1,1,char_ngram_tfidf,0.279099,0.0,False,unreviewed_candidate,,,no_role_eligible_member_on_at_least_one_side
pair:9b753d1c7cb2d8b7,iTE,iTE:retrieval:707c1a6d6dc777,iTE:retrieval:c18be230a5eb94,anion disorder,energetic disorder for PDPP-EDOT,1,1,char_ngram_tfidf,0.278642,0.0,False,unreviewed_candidate,,,no_role_eligible_member_on_at_least_one_side
pair:f6e1049b2b96632c,iTE,iTE:retrieval:3fa9d69269c3c7,iTE:retrieval:b774ddb969e950,nearly isotropic structural and thermal properties,macroscopic structural integrity,1,1,char_ngram_tfidf,0.278328,0.0,False,unreviewed_candidate,,,no_role_eligible_member_on_at_least_one_side
pair:50082d0cc396d228,iTE,iTE:retrieval:282510d9bbcde6,iTE:retrieval:d5c2f362be8a38,porosity and pore connectivity,moderate sample porosity,1,1,char_ngram_tfidf,0.277872,0.0,False,unreviewed_candidate,,,no_role_eligible_member_on_at_least_one_side
pair:703d047788e34441,iTE,iTE:retrieval:0948af65c6c0d2,iTE:retrieval:4d395193073b60,mixed ion-electron conduction,mixed alkali effect,1,1,char_ngram_tfidf,0.277792,0.0,False,unreviewed_candidate,,,no_role_eligible_member_on_at_least_one_side
pair:cdbb0b1c0aeeb449,iTE,iTE:retrieval:3b17ac0cc8c3ec,iTE:retrieval:e4a88e29a51ea1,defect tolerance and thermal stability,stability and conductivity,1,1,char_ngram_tfidf,0.277643,0.0,False,unreviewed_candidate,,,no_role_eligible_member_on_at_least_one_side
pair:c8fb59afe46a13e6,iTE,iTE:retrieval:5c3eb02b37cd53,iTE:retrieval:b5f337289b7921,ionic thermopower and strength,electric double layer (EDL) strength,1,1,char_ngram_tfidf,0.276564,0.0,False,unreviewed_candidate,,,no_role_eligible_member_on_at_least_one_side
pair:20339d10d7394e87,iTE,iTE:retrieval:1ebfb673e12e74,iTE:retrieval:fb54630ed9b428,performance of these devices,hybrid film device,1,1,char_ngram_tfidf,0.275393,0.0,False,unreviewed_candidate,,,no_role_eligible_member_on_at_least_one_side
pair:63cf6f22e9665238,iTE,iTE:retrieval:54b421da399129,iTE:retrieval:a50c75a90d43be,confinement effect of copper-coordinated chitosan on cations,weakened interlayer interaction and phonon confinement effect,1,1,char_ngram_tfidf,0.275133,0.0,False,unreviewed_candidate,,,no_role_eligible_member_on_at_least_one_side
pair:4c47c4bbcd23edf7,iTE,iTE:retrieval:18293889e87d4b,iTE:retrieval:50c4815aa0f6e6,interfacial capacitive effect between ionogel and CPNF,interfacial polarization,1,1,char_ngram_tfidf,0.27479,0.0,False,unreviewed_candidate,,,no_role_eligible_member_on_at_least_one_side
pair:1238a3990e930de0,iTE,iTE:retrieval:3fc645d3ff57b2,iTE:retrieval:564257546d6ca1,electric generation,PCMs (synthesized ILs) container cell and a commercial thermoelectric generator (TEG),1,1,char_ngram_tfidf,0.274613,0.0,False,unreviewed_candidate,,,no_role_eligible_member_on_at_least_one_side
pair:2ab09ead82d67952,iTE,iTE:retrieval:15abcb54cae793,iTE:retrieval:c7c9a3c9512bc9,"secondary doping, dedoping engineering, and ionic energy filtering",dedoping,1,1,char_ngram_tfidf,0.274546,0.0,False,unreviewed_candidate,,,no_role_eligible_member_on_at_least_one_side
pair:8ea0e9390a36183b,iTE,iTE:retrieval:74ce4f53b28791,iTE:retrieval:d21b3ae25de16f,oxidation level and nanostructure,Nanowires or hollow nanostructures,1,1,char_ngram_tfidf,0.274491,0.0,False,unreviewed_candidate,,,no_role_eligible_member_on_at_least_one_side
pair:bc868ebffadbd5c4,iTE,iTE:retrieval:4612a29a08eaa9,iTE:retrieval:dbe11ce9b6f3b4,ionic wind generator,thermoelectric chips are coupled with ionic wind fans,1,1,char_ngram_tfidf,0.274385,0.0,False,unreviewed_candidate,,,no_role_eligible_member_on_at_least_one_side
pair:f93e06476088473d,iTE,iTE:retrieval:953edf07827383,iTE:retrieval:cf712cc831f5fe,phonon lattice vibration dynamics,guest-atom structure and dynamics,1,1,char_ngram_tfidf,0.274298,0.0,False,unreviewed_candidate,,,no_role_eligible_member_on_at_least_one_side
pair:072b0d7eaccd6d75,iTE,iTE:retrieval:66678c188ea765,iTE:retrieval:84f22f57123b4f,electrodes,leaf desiccation and electrode selection,1,1,char_ngram_tfidf,0.273473,0.0,False,unreviewed_candidate,,,no_role_eligible_member_on_at_least_one_side
pair:579cafd3da99a4f6,iTE,iTE:retrieval:514af53bccd364,iTE:retrieval:ef7365486e2ecc,solubility of Cu,thermal mobility of ions,1,1,char_ngram_tfidf,0.272978,0.0,False,unreviewed_candidate,,,no_role_eligible_member_on_at_least_one_side
pair:416055cd6eeef32d,iTE,iTE:retrieval:9f670d6feacf26,iTE:retrieval:b713a2be2588fc,ITEG,iTE properties,1,1,char_ngram_tfidf,0.272689,0.0,False,unreviewed_candidate,,,no_role_eligible_member_on_at_least_one_side
pair:a949be5541796294,iTE,iTE:retrieval:98a76f51a6ab38,iTE:retrieval:b713a2be2588fc,iTEG,iTE properties,1,1,char_ngram_tfidf,0.272689,0.0,False,unreviewed_candidate,,,no_role_eligible_member_on_at_least_one_side
pair:9ff23a394f0075d8,iTE,iTE:retrieval:26159f57f483a2,iTE:retrieval:c4f6aa1088da41,hopping conduction,small polaron hopping model,1,1,char_ngram_tfidf,0.272061,0.0,False,unreviewed_candidate,,,no_role_eligible_member_on_at_least_one_side
pair:47cf662cf4838de9,iTE,iTE:retrieval:89460f09e6f634,iTE:retrieval:f524d4b7ce05c4,trigonal-tricationic room temperature ionic liquid,kinetics of ionic liquid,1,1,char_ngram_tfidf,0.271539,0.0,False,unreviewed_candidate,,,no_role_eligible_member_on_at_least_one_side
pair:0d3db1797f68215f,iTE,iTE:retrieval:517950ed5f41ad,iTE:retrieval:d39bdcc72d487b,organic LTE,low-voltage organic transistor,1,1,char_ngram_tfidf,0.271525,0.0,False,unreviewed_candidate,,,no_role_eligible_member_on_at_least_one_side
pair:19cac1f6c750814f,iTE,iTE:retrieval:341f44935dedf8,iTE:retrieval:7205b2d1ccd6ae,phonon dynamics,hydrodynamic friction,1,1,char_ngram_tfidf,0.271384,0.0,False,unreviewed_candidate,,,no_role_eligible_member_on_at_least_one_side
pair:83942684b02918af,iTE,iTE:retrieval:a546b006beca2f,iTE:retrieval:b2cb2a15fb442b,consistent description of the properties of the system,hydration properties of LiCl,1,1,char_ngram_tfidf,0.271362,0.0,False,unreviewed_candidate,,,no_role_eligible_member_on_at_least_one_side
pair:9cb6e3a0d50934ea,iTE,iTE:retrieval:3908b54d5bd391,iTE:retrieval:4d395193073b60,chemical substitution of the alkali metal ions,mixed alkali effect,1,1,char_ngram_tfidf,0.271234,0.0,False,unreviewed_candidate,,,no_role_eligible_member_on_at_least_one_side
pair:9bfed14cf816ffdc,iTE,iTE:retrieval:064eca1373ac82,iTE:retrieval:9f2208224dfd62,diffusion difference,difference in the mobilities of BMIM+ and BF4-,1,1,char_ngram_tfidf,0.271006,0.0,False,unreviewed_candidate,,,no_role_eligible_member_on_at_least_one_side
pair:522baa5bc686dd6a,iTE,iTE:retrieval:94f4d28b214901,iTE:retrieval:e4a88e29a51ea1,stretchability,stability and conductivity,3,1,char_ngram_tfidf,0.270291,0.0,False,unreviewed_candidate,,,no_role_eligible_member_on_at_least_one_side
pair:8130dc4362a19b6c,iTE,iTE:retrieval:945a2a151a71f7,iTE:retrieval:e4a88e29a51ea1,ductility,stability and conductivity,1,1,char_ngram_tfidf,0.270101,0.0,False,unreviewed_candidate,,,no_role_eligible_member_on_at_least_one_side
pair:16a0d02357b8b5ec,iTE,iTE:retrieval:5afc36997eb04b,iTE:retrieval:7e7f44faa5b7ef,Differential interactions between the polymeric network and infused ions,hydrophobic polymer network and hydrophobic ionic liquid (IL),1,1,char_ngram_tfidf,0.269614,0.0,False,unreviewed_candidate,,,no_role_eligible_member_on_at_least_one_side
pair:51cbb5ef8995b98d,iTE,iTE:retrieval:0bc4dca4142818,iTE:retrieval:7634dbafd0d71e,experimentally measured dynamics,thermal diffusion measurements,1,1,char_ngram_tfidf,0.269482,0.0,False,unreviewed_candidate,,,no_role_eligible_member_on_at_least_one_side
pair:807b1b33cbc2d2e6,iTE,iTE:retrieval:07dbbb73229d31,iTE:retrieval:18293889e87d4b,Soret effect of the ionogel,interfacial capacitive effect between ionogel and CPNF,1,1,char_ngram_tfidf,0.269369,0.0,False,unreviewed_candidate,,,no_role_eligible_member_on_at_least_one_side
pair:7833acab434e98b0,iTE,iTE:retrieval:064eca1373ac82,iTE:retrieval:1672f20ba78dcf,diffusion difference,decoherence,1,1,char_ngram_tfidf,0.269352,0.0,False,unreviewed_candidate,,,no_role_eligible_member_on_at_least_one_side
pair:e6856f2e9eab232e,iTE,iTE:retrieval:7c723b3309551a,iTE:retrieval:e2973683e87e6a,acetone-H2O electrolyte,properties of the hydrogel electrolyte,1,1,char_ngram_tfidf,0.269201,0.0,False,unreviewed_candidate,,,no_role_eligible_member_on_at_least_one_side
pair:6e0ed7826c0d3ef9,iTE,iTE:retrieval:064eca1373ac82,iTE:retrieval:c341f4441e9a9c,diffusion difference,difference of the mobilities of EMIM+ and DCA(-),1,1,char_ngram_tfidf,0.268926,0.0,False,unreviewed_candidate,,,no_role_eligible_member_on_at_least_one_side
pair:072c5a839a58c273,iTE,iTE:retrieval:3d1ba83091a993,iTE:retrieval:e089f5fc17daf0,TEP measurements,three-step mechanism,1,1,char_ngram_tfidf,0.268515,0.0,False,unreviewed_candidate,,,no_role_eligible_member_on_at_least_one_side
pair:08aa97f829f7a81b,iTE,iTE:retrieval:1f2e95e5f508e1,iTE:retrieval:41bbd7895090e3,charge puddles effect,TE effect,1,1,char_ngram_tfidf,0.268403,0.0,False,unreviewed_candidate,,,no_role_eligible_member_on_at_least_one_side
pair:55291123e9b4b4ac,iTE,iTE:retrieval:b788538382ed7e,iTE:retrieval:c60276b6e212b6,thermal and ion transport behavior,enhanced conduction and the appearance of a semiconductor behavior,1,1,char_ngram_tfidf,0.267694,0.0,False,unreviewed_candidate,,,no_role_eligible_member_on_at_least_one_side
pair:f0f86cb7aae5e38b,iTE,iTE:retrieval:4659367d26b6f6,iTE:retrieval:a546b006beca2f,optical properties,consistent description of the properties of the system,1,1,char_ngram_tfidf,0.267622,0.0,False,unreviewed_candidate,,,no_role_eligible_member_on_at_least_one_side
pair:7dceb25446d0ee25,iTE,iTE:retrieval:8b45ef5352aa70,iTE:retrieval:c9fa676a885edb,anharmonicity and disorder,two modes of stacking disorder,1,1,char_ngram_tfidf,0.267469,0.0,False,unreviewed_candidate,,,no_role_eligible_member_on_at_least_one_side
pair:53ab78a3fa54b6f5,iTE,iTE:retrieval:23e72a52261041,iTE:retrieval:ed8b8de5d8f530,chemical coordination between the polymer matrix and Cu2+ ions,coordination effect of polymer to cations and the Hofmeister effect of anions to polymer,1,1,char_ngram_tfidf,0.26728,0.0,False,unreviewed_candidate,,,no_role_eligible_member_on_at_least_one_side
pair:9dddbb70450413bf,iTE,iTE:retrieval:142a90ce78c591,iTE:retrieval:b5f337289b7921,high mechanical strength,electric double layer (EDL) strength,1,1,char_ngram_tfidf,0.267096,0.0,False,unreviewed_candidate,,,no_role_eligible_member_on_at_least_one_side
pair:4e4bb20a3ccbe442,iTE,iTE:retrieval:44ca1aa51771df,iTE:retrieval:a3f69f89580f78,thermoelectric power and the charge separation effects,Born effective charges,1,1,char_ngram_tfidf,0.2668,0.0,False,unreviewed_candidate,,,no_role_eligible_member_on_at_least_one_side
pair:53cae835094846c0,iTE,iTE:retrieval:18293889e87d4b,iTE:retrieval:881af9e71b05c6,interfacial capacitive effect between ionogel and CPNF,interfacial phonon scattering,1,1,char_ngram_tfidf,0.266699,0.0,False,unreviewed_candidate,,,no_role_eligible_member_on_at_least_one_side
pair:3556a040c238c11c,iTE,iTE:retrieval:4d395193073b60,iTE:retrieval:6ccc961b9685fe,mixed alkali effect,mixed ionic-electron conduction,1,1,char_ngram_tfidf,0.265913,0.0,False,unreviewed_candidate,,,no_role_eligible_member_on_at_least_one_side
pair:3021dd834981e925,iTE,iTE:retrieval:60ed880ac621c9,iTE:retrieval:c8cfd0e95c5d82,electrochemical Seebeck effect,electrochemical reduction of dissociative HTeO2 (+) to Te-0,1,1,char_ngram_tfidf,0.265269,0.0,False,unreviewed_candidate,,,no_role_eligible_member_on_at_least_one_side
pair:c931a7135be20e98,iTE,iTE:retrieval:68cfc578740e8a,iTE:retrieval:7205b2d1ccd6ae,dynamic precipitation,hydrodynamic friction,1,1,char_ngram_tfidf,0.265252,0.0,False,unreviewed_candidate,,,no_role_eligible_member_on_at_least_one_side
pair:d655cd16a33efef6,iTE,iTE:retrieval:2e545560357333,iTE:retrieval:60ed880ac621c9,electrochemical reduction of adsorbed HTeO2 (+) to Te-0,electrochemical Seebeck effect,1,1,char_ngram_tfidf,0.265018,0.0,False,unreviewed_candidate,,,no_role_eligible_member_on_at_least_one_side
pair:fe159b30758eacd5,iTE,iTE:retrieval:1f3a64e95ad6d8,iTE:retrieval:4b11243c7dd40e,pinning effect of dislocations,effect of disorder on charge transport,1,1,char_ngram_tfidf,0.264969,0.0,False,unreviewed_candidate,,,no_role_eligible_member_on_at_least_one_side
pair:d7fd5344dd59e68e,iTE,iTE:retrieval:46d6f7ea159c95,iTE:retrieval:fbc6c1d4c3b6db,bulk modulus,modules,2,1,char_ngram_tfidf,0.264776,0.0,False,unreviewed_candidate,,,no_role_eligible_member_on_at_least_one_side
pair:81a65d375aa68372,iTE,iTE:retrieval:62964a58ea84d4,iTE:retrieval:dff6142ee16e57,Chemical dissimilarity among the II and I/IV atoms,chemical doping,1,1,char_ngram_tfidf,0.264661,0.0,False,unreviewed_candidate,,,no_role_eligible_member_on_at_least_one_side
pair:826ecfe5217d56bf,iTE,iTE:retrieval:048e327b12eaf0,iTE:retrieval:15abcb54cae793,secondary vortices,"secondary doping, dedoping engineering, and ionic energy filtering",1,1,char_ngram_tfidf,0.26461,0.0,False,unreviewed_candidate,,,no_role_eligible_member_on_at_least_one_side
pair:1eeb2e1862f28794,iTE,iTE:retrieval:6bafa5ee4269c1,iTE:retrieval:8b8095901db5e3,soft covalent bonds and ionic layers,mixed ionic-covalent bonding in Ge-O linkages,1,1,char_ngram_tfidf,0.264517,0.0,False,unreviewed_candidate,,,no_role_eligible_member_on_at_least_one_side
pair:60081053441a74b4,iTE,iTE:retrieval:723d7af4f350a3,iTE:retrieval:7c3e17294c7e2b,global weak bonding,weak bonding and heavy atomic mass of the Nd atom,1,1,char_ngram_tfidf,0.264273,0.0,False,unreviewed_candidate,,,no_role_eligible_member_on_at_least_one_side
pair:ea030fef5831b4dd,iTE,iTE:retrieval:449baabaf999bc,iTE:retrieval:f287564935713d,momentum transfer arguments,charge transfer,1,1,char_ngram_tfidf,0.264107,0.0,False,unreviewed_candidate,,,no_role_eligible_member_on_at_least_one_side
pair:412ea1f6bfb51d14,iTE,iTE:retrieval:40ce407c39a9b6,iTE:retrieval:c18be230a5eb94,cations disorder,energetic disorder for PDPP-EDOT,1,1,char_ngram_tfidf,0.263562,0.0,False,unreviewed_candidate,,,no_role_eligible_member_on_at_least_one_side
pair:593ae07b8790a094,iTE,iTE:retrieval:396e9ba2beda7b,iTE:retrieval:d2b49b56bea46d,regeneration,electricity generator,1,1,char_ngram_tfidf,0.263519,0.0,False,unreviewed_candidate,,,no_role_eligible_member_on_at_least_one_side
pair:5094bb29d0e4f52a,iTE,iTE:retrieval:1a9d21746b2934,iTE:retrieval:80b1fc0098f080,large barocaloric effects,ionic thermoelectric effect,1,2,char_ngram_tfidf,0.263362,0.0,False,unreviewed_candidate,,,no_role_eligible_member_on_at_least_one_side
pair:00a46575f38720ec,iTE,iTE:retrieval:9a9828905d4a91,iTE:retrieval:e53e53881125fd,hydrogen-bonding and ion-dipole interactions,extensive hydrogen bonding and charge stabilization,1,1,char_ngram_tfidf,0.263032,0.0,False,unreviewed_candidate,,,no_role_eligible_member_on_at_least_one_side
pair:f9b84f6ec97caaa5,iTE,iTE:retrieval:af4f5bfe48c93b,iTE:retrieval:c61daddaffd60b,electron-acoustic phonon interactions,strong acoustic mismatch between Cu2Se and carbon phonon states,1,1,char_ngram_tfidf,0.262758,0.0,False,unreviewed_candidate,,,no_role_eligible_member_on_at_least_one_side
pair:871dd25cc4fc8754,iTE,iTE:retrieval:0bf4ad7ff6e72e,iTE:retrieval:3db8b504a470d2,copper mobility and disordering,Copper slag sand,1,1,char_ngram_tfidf,0.262616,0.0,False,unreviewed_candidate,,,no_role_eligible_member_on_at_least_one_side
pair:2568416f5bf57089,iTE,iTE:retrieval:1f54ba0f3bd3d3,iTE:retrieval:e53e53881125fd,Hydrogen,extensive hydrogen bonding and charge stabilization,1,1,char_ngram_tfidf,0.262583,0.0,False,unreviewed_candidate,,,no_role_eligible_member_on_at_least_one_side
pair:2a1f1902e811e6a5,iTE,iTE:retrieval:08076812d1e0bd,iTE:retrieval:5c0a83f04d7203,ionic scattering and carrier relaxation time,phonon and electron scattering,1,1,char_ngram_tfidf,0.262579,0.0,False,unreviewed_candidate,,,no_role_eligible_member_on_at_least_one_side
pair:a5d28b4c6548eb8b,iTE,iTE:retrieval:9e82587226b48e,iTE:retrieval:d0878cb46d50a5,simple ionic model,ionic mobility,1,4,char_ngram_tfidf,0.262563,0.0,False,unreviewed_candidate,,,no_role_eligible_member_on_at_least_one_side
pair:f7951a4377fc347f,iTE,iTE:retrieval:1c2fff235630e8,iTE:retrieval:3f558b2858461d,electrode-dependent effect,"direction-dependent kappa(L)(theta,phi)",1,1,char_ngram_tfidf,0.262337,0.0,False,unreviewed_candidate,,,no_role_eligible_member_on_at_least_one_side
pair:fa7adf2c6eff8e27,iTE,iTE:retrieval:73dcd6b58c70aa,iTE:retrieval:d6aa4533142556,unidirectional orientation of ionic conductivity,mesogen orientation of LCE network,1,1,char_ngram_tfidf,0.262333,0.0,False,unreviewed_candidate,,,no_role_eligible_member_on_at_least_one_side
pair:cd2f5becf94ecc66,iTE,iTE:retrieval:1875d8ad6b95b8,iTE:retrieval:509a16f5eab3b7,phonon-drag effect,photothermoelectric effect,1,1,char_ngram_tfidf,0.26219,0.0,False,unreviewed_candidate,,,no_role_eligible_member_on_at_least_one_side
pair:8ff37bb4721326ba,iTE,iTE:retrieval:44cb18b545c258,iTE:retrieval:b14d899eb86cbc,friction and the amount of heat generated,lesser amount of Co4+,1,1,char_ngram_tfidf,0.261946,0.0,False,unreviewed_candidate,,,no_role_eligible_member_on_at_least_one_side
pair:fc587a4a2b0d7e47,iTE,iTE:retrieval:44cb18b545c258,iTE:retrieval:8b73bbfdedec67,friction and the amount of heat generated,amount of ionic liquid,1,1,char_ngram_tfidf,0.261828,0.0,False,unreviewed_candidate,,,no_role_eligible_member_on_at_least_one_side
pair:225f00e9faded838,iTE,iTE:retrieval:00f7c4bd0a47d9,iTE:retrieval:ed8b8de5d8f530,polymer thermal expansion effect,coordination effect of polymer to cations and the Hofmeister effect of anions to polymer,1,1,char_ngram_tfidf,0.26181,0.0,False,unreviewed_candidate,,,no_role_eligible_member_on_at_least_one_side
pair:e5f44007ae6780e8,iTE,iTE:retrieval:064eca1373ac82,iTE:retrieval:76892ceff2fd06,diffusion difference,diffusion process at high frequency,1,1,char_ngram_tfidf,0.261757,0.0,False,unreviewed_candidate,,,no_role_eligible_member_on_at_least_one_side
pair:8f9b1a951d74ef38,iTE,iTE:retrieval:7c3e17294c7e2b,iTE:retrieval:9cbf1b7f494a50,weak bonding and heavy atomic mass of the Nd atom,weak and heterogeneous chemical bonding,1,1,char_ngram_tfidf,0.261749,0.0,False,unreviewed_candidate,,,no_role_eligible_member_on_at_least_one_side
pair:45f276a552b00d95,iTE,iTE:retrieval:c4dece9a0ff036,iTE:retrieval:f16eb52f893344,thermophoretic difference between chloride anions (from both CuCl2 and PMNT) and cations,thermal diffusion entropy difference between charge carriers,1,1,char_ngram_tfidf,0.261222,0.0,False,unreviewed_candidate,,,no_role_eligible_member_on_at_least_one_side
pair:060510755b80b354,iTE,iTE:retrieval:cc6f6449fd0cd3,iTE:retrieval:fd6e818a2e03c1,charging efficiency of the ITESC,redox reaction efficiency,1,1,char_ngram_tfidf,0.261143,0.0,False,unreviewed_candidate,,,no_role_eligible_member_on_at_least_one_side
pair:008da1a9fc4afec7,iTE,iTE:retrieval:5be34b8d601a2c,iTE:retrieval:bdb03759e376e4,small polaron hopping mechanism,Mott's model of phonon-assisted polaronic hopping,1,1,char_ngram_tfidf,0.261139,0.0,False,unreviewed_candidate,,,no_role_eligible_member_on_at_least_one_side
pair:876558291590a87e,iTE,iTE:retrieval:08076812d1e0bd,iTE:retrieval:ebbcf7a9032285,ionic scattering and carrier relaxation time,scatter and localize carriers,1,1,char_ngram_tfidf,0.261018,0.0,False,unreviewed_candidate,,,no_role_eligible_member_on_at_least_one_side
pair:39760954d8512569,iTE,iTE:retrieval:18293889e87d4b,iTE:retrieval:27e6f4f4bfbbd4,interfacial capacitive effect between ionogel and CPNF,competition between positive and negative effects,1,1,char_ngram_tfidf,0.26096,0.0,False,unreviewed_candidate,,,no_role_eligible_member_on_at_least_one_side
pair:502efadb760ddcbb,iTE,iTE:retrieval:509a16f5eab3b7,iTE:retrieval:8770ec4d9818a7,photothermoelectric effect,parametric excitation of thermoelectric instability,1,1,char_ngram_tfidf,0.260564,0.0,False,unreviewed_candidate,,,no_role_eligible_member_on_at_least_one_side
pair:db35594ed712c7fe,iTE,iTE:retrieval:11d5f5debb4c20,iTE:retrieval:b5f337289b7921,ionic and covalent bond strength,electric double layer (EDL) strength,1,1,char_ngram_tfidf,0.260526,0.0,False,unreviewed_candidate,,,no_role_eligible_member_on_at_least_one_side
pair:5f2ae8d406764614,iTE,iTE:retrieval:9b8c18ee38f184,iTE:retrieval:fc1fe2b7c4a48b,phonon-assisted inelastic process,phonon scattering processes and scattering rate,1,1,char_ngram_tfidf,0.260443,0.0,False,unreviewed_candidate,,,no_role_eligible_member_on_at_least_one_side
pair:7ebae53a2b38319d,iTE,iTE:retrieval:7c3e17294c7e2b,iTE:retrieval:96db7703655a7d,weak bonding and heavy atomic mass of the Nd atom,heavy band at the VBM,1,1,char_ngram_tfidf,0.260177,0.0,False,unreviewed_candidate,,,no_role_eligible_member_on_at_least_one_side
pair:945ab543cfaa1505,iTE,iTE:retrieval:c60276b6e212b6,iTE:retrieval:e1c22fbbd18daf,enhanced conduction and the appearance of a semiconductor behavior,enhanced power factor,1,2,char_ngram_tfidf,0.259627,0.0,False,unreviewed_candidate,,,no_role_eligible_member_on_at_least_one_side
pair:c644e2aecff26300,iTE,iTE:retrieval:347ba9920b3866,iTE:retrieval:c61daddaffd60b,interact with the heat carrying acoustic phonons,strong acoustic mismatch between Cu2Se and carbon phonon states,1,1,char_ngram_tfidf,0.259558,0.0,False,unreviewed_candidate,,,no_role_eligible_member_on_at_least_one_side
pair:ce9088d73ca8d6e0,iTE,iTE:retrieval:08076812d1e0bd,iTE:retrieval:fb87a8b73f9fe7,ionic scattering and carrier relaxation time,phonon scattering rate,1,1,char_ngram_tfidf,0.25934,0.0,False,unreviewed_candidate,,,no_role_eligible_member_on_at_least_one_side
pair:dca41ef2aa9633a5,iTE,iTE:retrieval:65f9054e2a5168,iTE:retrieval:cf712cc831f5fe,strong lattice anharmonicity and dynamic disorder,guest-atom structure and dynamics,1,1,char_ngram_tfidf,0.259156,0.0,False,unreviewed_candidate,,,no_role_eligible_member_on_at_least_one_side
pair:c9255803813504ef,iTE,iTE:retrieval:a50c75a90d43be,iTE:retrieval:e4172341dc3b80,weakened interlayer interaction and phonon confinement effect,interlayer swelling,1,1,char_ngram_tfidf,0.259151,0.0,False,unreviewed_candidate,,,no_role_eligible_member_on_at_least_one_side
pair:bd6b6d78fe7210e3,iTE,iTE:retrieval:41bbd7895090e3,iTE:retrieval:ec908cce904f42,TE effect,unusual Cu doping effect,1,1,char_ngram_tfidf,0.259101,0.0,False,unreviewed_candidate,,,no_role_eligible_member_on_at_least_one_side
pair:b92e6859b5ad9853,iTE,iTE:retrieval:cd9f7d93f6fbce,iTE:retrieval:e83dbc864b1eb6,phase transition and the variation of interplanar spacing,temperature variation,1,1,char_ngram_tfidf,0.259027,0.0,False,unreviewed_candidate,,,no_role_eligible_member_on_at_least_one_side
pair:996b0eed78b64f27,iTE,iTE:retrieval:83e755ccb4ef46,iTE:retrieval:c60276b6e212b6,metal-semiconductor transition,enhanced conduction and the appearance of a semiconductor behavior,1,1,char_ngram_tfidf,0.258926,0.0,False,unreviewed_candidate,,,no_role_eligible_member_on_at_least_one_side
pair:cf749a14dfeaab55,iTE,iTE:retrieval:67b321a9f1f3a2,iTE:retrieval:a546b006beca2f,n-type TE properties,consistent description of the properties of the system,1,1,char_ngram_tfidf,0.258776,0.0,False,unreviewed_candidate,,,no_role_eligible_member_on_at_least_one_side
pair:1cc262574b3b09cf,iTE,iTE:retrieval:4f7426f3af24d3,iTE:retrieval:c4f6aa1088da41,small ZT,small polaron hopping model,1,1,char_ngram_tfidf,0.258363,0.0,False,unreviewed_candidate,,,no_role_eligible_member_on_at_least_one_side
pair:78588f7bc9c5e381,iTE,iTE:retrieval:56dd153e6d402f,iTE:retrieval:7e7f44faa5b7ef,fluorine-rich copolymer network,hydrophobic polymer network and hydrophobic ionic liquid (IL),1,1,char_ngram_tfidf,0.257984,0.0,False,unreviewed_candidate,,,no_role_eligible_member_on_at_least_one_side
pair:b8ee72b9750c06bd,iTE,iTE:retrieval:18293889e87d4b,iTE:retrieval:4f641c95deac9c,interfacial capacitive effect between ionogel and CPNF,enhanced interfacial interaction between the filler and matrix,1,1,char_ngram_tfidf,0.257863,0.0,False,unreviewed_candidate,,,no_role_eligible_member_on_at_least_one_side
pair:fdec9ae165b80914,iTE,iTE:retrieval:f4a849a35516e6,iTE:retrieval:ff133c8264f971,all-scale phonon scattering enhancement,cationic moving self-enhancement,1,1,char_ngram_tfidf,0.257598,0.0,False,unreviewed_candidate,,,no_role_eligible_member_on_at_least_one_side
pair:16a059cea639c335,iTE,iTE:retrieval:9f91500a3e3c3a,iTE:retrieval:b2cb2a15fb442b,dehydration,hydration properties of LiCl,1,1,char_ngram_tfidf,0.256725,0.0,False,unreviewed_candidate,,,no_role_eligible_member_on_at_least_one_side
pair:cf5d2c5bf319cc89,iTE,iTE:retrieval:42acf0dc15062e,iTE:retrieval:e8ffd932883291,low sound velocity,low acoustic mode group velocity and strong three-phonon scattering,1,1,char_ngram_tfidf,0.256608,0.0,False,unreviewed_candidate,,,no_role_eligible_member_on_at_least_one_side
pair:3874fb95acbcbcbf,iTE,iTE:retrieval:b7ba281efc1d44,iTE:retrieval:c61daddaffd60b,heat carrying transverse acoustic phonon modes,strong acoustic mismatch between Cu2Se and carbon phonon states,1,1,char_ngram_tfidf,0.256426,0.0,False,unreviewed_candidate,,,no_role_eligible_member_on_at_least_one_side
pair:132b5c5be2550ac3,iTE,iTE:retrieval:449baabaf999bc,iTE:retrieval:d2f6b07584b148,momentum transfer arguments,electron transfer,1,1,char_ngram_tfidf,0.256161,0.0,False,unreviewed_candidate,,,no_role_eligible_member_on_at_least_one_side
pair:28a6b96bafd2a51f,iTE,iTE:retrieval:509a16f5eab3b7,iTE:retrieval:a609524dd41c92,photothermoelectric effect,hydroelectronic drag effect,1,1,char_ngram_tfidf,0.255765,0.0,False,unreviewed_candidate,,,no_role_eligible_member_on_at_least_one_side
pair:c3920472a7760890,iTE,iTE:retrieval:08076812d1e0bd,iTE:retrieval:caf0bfd68d2afa,ionic scattering and carrier relaxation time,dopant scattering,1,1,char_ngram_tfidf,0.255295,0.0,False,unreviewed_candidate,,,no_role_eligible_member_on_at_least_one_side
pair:52a065b05f1bd5bb,iTE,iTE:retrieval:74ce4f53b28791,iTE:retrieval:8bf29b72ac9af2,oxidation level and nanostructure,oxidation of Ge-9(4-) Zintl anions,1,1,char_ngram_tfidf,0.25528,0.0,False,unreviewed_candidate,,,no_role_eligible_member_on_at_least_one_side
pair:d3c98c1ecfdefc1a,iTE,iTE:retrieval:b5f337289b7921,iTE:retrieval:eb660dc9f9c30d,electric double layer (EDL) strength,higher characteristic strength,1,1,char_ngram_tfidf,0.255203,0.0,False,unreviewed_candidate,,,no_role_eligible_member_on_at_least_one_side
pair:0f40feeab1107ce8,iTE,iTE:retrieval:30091e03759eb0,iTE:retrieval:8af06e952b5596,co efficient of thermoelectromotive force,Activation energy and thermoelectric coefficient values,1,1,char_ngram_tfidf,0.255053,0.0,False,unreviewed_candidate,,,no_role_eligible_member_on_at_least_one_side
pair:ec907029962bbbde,iTE,iTE:retrieval:c61daddaffd60b,iTE:retrieval:c6205cd45d0c81,strong acoustic mismatch between Cu2Se and carbon phonon states,acoustic phonon branches,1,1,char_ngram_tfidf,0.254993,0.0,False,unreviewed_candidate,,,no_role_eligible_member_on_at_least_one_side
pair:bffc3c07e5f7ed03,iTE,iTE:retrieval:6eed0890587881,iTE:retrieval:cf5fc4e7a8cb48,"local structural distortion, weak bonding environment, and strong lattice anharmonicity",decreases in structural distortions such as variance of sizes and local strains,1,1,char_ngram_tfidf,0.254914,0.0,False,unreviewed_candidate,,,no_role_eligible_member_on_at_least_one_side
pair:2a45c1ba1d2d3599,iTE,iTE:retrieval:6bda2d317402e4,iTE:retrieval:a546b006beca2f,thermoelectric properties of ionogels,consistent description of the properties of the system,1,1,char_ngram_tfidf,0.254867,0.0,False,unreviewed_candidate,,,no_role_eligible_member_on_at_least_one_side
pair:754f0a8c13a8f097,iTE,iTE:retrieval:0d31299f3ba4e7,iTE:retrieval:75cd356185ff45,conduction band activity,almost flat conduction band along the L to Gamma direction,1,1,char_ngram_tfidf,0.25431,0.0,False,unreviewed_candidate,,,no_role_eligible_member_on_at_least_one_side
pair:c57771b9e85f64c2,iTE,iTE:retrieval:0cfb3d929cc035,iTE:retrieval:7c3e17294c7e2b,embedded heavy metal atoms,weak bonding and heavy atomic mass of the Nd atom,1,1,char_ngram_tfidf,0.2543,0.0,False,unreviewed_candidate,,,no_role_eligible_member_on_at_least_one_side
pair:e7961cacc1e3e97a,iTE,iTE:retrieval:bf61dd5d6bc130,iTE:retrieval:ff133c8264f971,enhancement in the power factor,cationic moving self-enhancement,1,1,char_ngram_tfidf,0.254295,0.0,False,unreviewed_candidate,,,no_role_eligible_member_on_at_least_one_side
pair:0dda8e0ed2168de3,iTE,iTE:retrieval:7c3e17294c7e2b,iTE:retrieval:e7730ed183a360,weak bonding and heavy atomic mass of the Nd atom,weakness of the ionic bonds,1,1,char_ngram_tfidf,0.254243,0.0,False,unreviewed_candidate,,,no_role_eligible_member_on_at_least_one_side
pair:28ff1ec694a5a6d5,iTE,iTE:retrieval:7205b2d1ccd6ae,iTE:retrieval:b8b1cfc5071ebf,hydrodynamic friction,dynamic ion-dipole interactions,1,1,char_ngram_tfidf,0.253898,0.0,False,unreviewed_candidate,,,no_role_eligible_member_on_at_least_one_side
pair:f3dc13b3da7645b9,iTE,iTE:retrieval:c61daddaffd60b,iTE:retrieval:e8ffd932883291,strong acoustic mismatch between Cu2Se and carbon phonon states,low acoustic mode group velocity and strong three-phonon scattering,1,1,char_ngram_tfidf,0.253332,0.0,False,unreviewed_candidate,,,no_role_eligible_member_on_at_least_one_side
pair:68a698861b06f1bb,iTE,iTE:retrieval:a6a764b56d62c8,iTE:retrieval:fd6e818a2e03c1,varying Se deficiency,redox reaction efficiency,1,1,char_ngram_tfidf,0.253255,0.0,False,unreviewed_candidate,,,no_role_eligible_member_on_at_least_one_side
pair:a8004f2c4eaa0611,iTE,iTE:retrieval:8af06e952b5596,iTE:retrieval:b7df39f3f586f2,Activation energy and thermoelectric coefficient values,strain energy and Coulomb energy,1,1,char_ngram_tfidf,0.252959,0.0,False,unreviewed_candidate,,,no_role_eligible_member_on_at_least_one_side
pair:0891d269b0a21151,iTE,iTE:retrieval:1c78a3ae57bc27,iTE:retrieval:980e6d9714bafc,high ionic conductivity and chemical stability,efficacy and stability of n-doping,1,1,char_ngram_tfidf,0.252684,0.0,False,unreviewed_candidate,,,no_role_eligible_member_on_at_least_one_side
pair:9ac1a1c0a0160402,iTE,iTE:retrieval:6b26757cae8b2d,iTE:retrieval:7205b2d1ccd6ae,dynamic reconstruction of ion concentration,hydrodynamic friction,1,1,char_ngram_tfidf,0.252587,0.0,False,unreviewed_candidate,,,no_role_eligible_member_on_at_least_one_side
pair:470c96ba41fbc1a6,iTE,iTE:retrieval:1f54ba0f3bd3d3,iTE:retrieval:cc3a69c9dc5142,Hydrogen,ability to influence the hydrogen bond by the ion,1,1,char_ngram_tfidf,0.251506,0.0,False,unreviewed_candidate,,,no_role_eligible_member_on_at_least_one_side
pair:db6f9545e5b0696c,iTE,iTE:retrieval:557749861f2f85,iTE:retrieval:8af06e952b5596,ASR values,Activation energy and thermoelectric coefficient values,1,1,char_ngram_tfidf,0.25125,0.0,False,unreviewed_candidate,,,no_role_eligible_member_on_at_least_one_side
pair:1dbf2d66d6dcbd23,iTE,iTE:retrieval:dc1374b70645cf,iTE:retrieval:e74a3977b92e20,simultaneously enhanced S and a,Conductivity enhancements,1,1,char_ngram_tfidf,0.251054,0.0,False,unreviewed_candidate,,,no_role_eligible_member_on_at_least_one_side
