pair_key,future_edge_label_old,graph_score_old,concept_u_old,concept_v_old,future_edge_label_clean,graph_score_clean,concept_u_clean,concept_v_clean,_merge,label_changed
C00DD823894|C06F57A9BCA,0,0.2287813915191437,organic redox molecular design,polymer electrolyte,0.0,0.2382854578096948,organic redox molecular design,polymer electrolyte,both,False
C00DD823894|C0783369D77,0,0.2233882256072457,organic redox molecular design,PEDOT family,0.0,0.2540574506283662,organic redox molecular design,PEDOT family,both,False
C00DD823894|C08389FD6C6,0,0.1957925072046109,organic redox molecular design,moisture-gradient ion transport,0.0,0.2031732495511669,organic redox molecular design,moisture-gradient ion transport,both,False
C00DD823894|C0B0DE2212C,0,0.2047468093865788,organic redox molecular design,CO2,0.0,0.2128635547576301,organic redox molecular design,CO2,both,False
C00DD823894|C10C4FF4B6C,0,0.3390613421160972,organic redox molecular design,hydrogen bonding,0.0,0.3490305206463195,organic redox molecular design,hydrogen bonding,both,False
C00DD823894|C10D3798CF7,0,0.4581597365170852,organic redox molecular design,selective solvation,0.0,0.4580520646319569,organic redox molecular design,selective solvation,both,False
C00DD823894|C188B56F6F1,1,0.4757678056813503,organic redox molecular design,ion-selectivity membrane transport,1.0,0.475754039497307,organic redox molecular design,ion-selectivity membrane transport,both,False
C00DD823894|C2106B674B9,0,0.5247550432276656,organic redox molecular design,iodide/triiodide,0.0,0.5264003590664273,organic redox molecular design,iodide/triiodide,both,False
C00DD823894|C22DFAA7132,0,0.256372993001235,organic redox molecular design,H2SO4,0.0,0.2654039497307002,organic redox molecular design,H2SO4,both,False
C00DD823894|C237A8162E2,1,0.4357595718402633,organic redox molecular design,thermogalvanic corrosion,1.0,0.4361445242369838,organic redox molecular design,thermogalvanic corrosion,both,False
C00DD823894|C23B9BED21A,0,0.1985220255249074,organic redox molecular design,ionic conduction,0.0,0.2067773788150808,organic redox molecular design,ionic conduction,both,False
C00DD823894|C25D09DDC57,0,0.3951132153149444,organic redox molecular design,Fe2+/Fe3+ solvation redox chemistry,0.0,0.3979712746858168,organic redox molecular design,Fe2+/Fe3+ solvation redox chemistry,both,False
C00DD823894|C275FB7C4B0,0,0.6459901193906957,organic redox molecular design,iodide/triiodide redox chemistry,0.0,0.6349685816876122,organic redox molecular design,iodide/triiodide redox chemistry,both,False
C00DD823894|C2A8A04727D,0,0.4655578427336352,organic redox molecular design,guanidinium chloride (GdmCl),0.0,0.4641876122082585,organic redox molecular design,guanidinium chloride (GdmCl),both,False
C00DD823894|C3002C089A5,0,0.5831535611362701,organic redox molecular design,ionic thermodiffusion (Soret effect),0.0,0.5710188509874327,organic redox molecular design,ionic thermodiffusion (Soret effect),both,False
C00DD823894|C3DA2C4151E,0,0.4372663647591601,organic redox molecular design,aqueous electrolyte,0.0,0.4402917414721724,organic redox molecular design,aqueous electrolyte,both,False
C00DD823894|C3F66DD37CA,0,0.2716385343762865,organic redox molecular design,H2O,0.0,0.2840394973070018,organic redox molecular design,H2O,both,False
C00DD823894|C41BE9B5F0E,0,0.4790201729106628,organic redox molecular design,solvation-shell remodeling,0.0,0.4775718132854578,organic redox molecular design,solvation-shell remodeling,both,False
C00DD823894|C438FE53FF1,0,0.1767764512144915,organic redox molecular design,lithium chloride (LiCl),0.0,0.1844434470377019,organic redox molecular design,lithium chloride (LiCl),both,False
C00DD823894|C45C8AAD12E,1,0.4927048167970358,organic redox molecular design,charge-transfer resistance engineering,1.0,0.4995197486535008,organic redox molecular design,charge-transfer resistance engineering,both,False
C00DD823894|C46747A02A1,0,0.4944915603128859,organic redox molecular design,ion-pairing and complexation,0.0,0.4959245960502693,organic redox molecular design,ion-pairing and complexation,both,False
C00DD823894|C4B2BA55977,0,0.2485673116508851,organic redox molecular design,KNO3,0.0,0.255359066427289,organic redox molecular design,KNO3,both,False
C00DD823894|C4CEC954E12,0,0.5388143268834911,organic redox molecular design,platinum electrode,0.0,0.5284470377019749,organic redox molecular design,platinum electrode,both,False
C00DD823894|C5B8C057FAD,0,0.2415026759983532,organic redox molecular design,metal oxide,0.0,0.2543087971274685,organic redox molecular design,metal oxide,both,False
C00DD823894|C5E47CC0A62,0,0.4301852614244545,organic redox molecular design,Hofmeister/chaotropic effect,0.0,0.4285053859964093,organic redox molecular design,Hofmeister/chaotropic effect,both,False
C00DD823894|C5E63317596,0,0.2740222313709345,organic redox molecular design,hierarchical porous electrode interface,0.0,0.284528725314183,organic redox molecular design,hierarchical porous electrode interface,both,False
C00DD823894|C5FBBE86551,0,0.2069205434335117,organic redox molecular design,polyvinylidene fluoride (PVDF),0.0,0.2155296229802513,organic redox molecular design,polyvinylidene fluoride (PVDF),both,False
C00DD823894|C6181968680,0,0.2722190201729106,organic redox molecular design,graphene,0.0,0.278254039497307,organic redox molecular design,graphene,both,False
C00DD823894|C6210B1A223,0,0.2464429806504734,organic redox molecular design,reduced graphene oxide,0.0,0.2546588868940753,organic redox molecular design,reduced graphene oxide,both,False
C00DD823894|C6B063A770B,0,0.4924989707698641,organic redox molecular design,supramolecular host-guest redox entropy,0.0,0.4896543985637342,organic redox molecular design,supramolecular host-guest redox entropy,both,False
C00DD823894|C6C09287FDB,0,0.2475710168793742,organic redox molecular design,high-entropy redox/ion coupling,0.0,0.2552692998204667,organic redox molecular design,high-entropy redox/ion coupling,both,False
C00DD823894|C6C76863E52,1,0.1928324413338822,organic redox molecular design,copper electrode,1.0,0.2017324955116696,organic redox molecular design,copper electrode,both,False
C00DD823894|C7032A2F7AB,0,0.2686414162206669,organic redox molecular design,hexacyanoferrate redox electrode,0.0,0.2773788150807899,organic redox molecular design,hexacyanoferrate redox electrode,both,False
C00DD823894|C7713A07951,0,0.4216879374228077,organic redox molecular design,urea,0.0,0.4188913824057451,organic redox molecular design,urea,both,False
C00DD823894|C78B8F896F7,1,0.2565335529024289,organic redox molecular design,polyacrylamide (PAM),1.0,0.2665664272890485,organic redox molecular design,polyacrylamide (PAM),both,False
C00DD823894|C78D65254F9,1,0.2471922601893783,organic redox molecular design,phase transition,1.0,0.2528141831238779,organic redox molecular design,phase transition,both,False
C00DD823894|C7932B1CE8C,0,0.5092589543021819,organic redox molecular design,chaotropic polymer-water disruption,0.0,0.5110547576301615,organic redox molecular design,chaotropic polymer-water disruption,both,False
C00DD823894|C7B823B5BB0,1,0.270465212021408,organic redox molecular design,poly(vinyl alcohol) (PVA),1.0,0.2815394973070018,organic redox molecular design,poly(vinyl alcohol) (PVA),both,False
C00DD823894|C84C6A613D4,0,0.4613215314944421,organic redox molecular design,cellulose nanofiber scaffold,0.0,0.4599371633752244,organic redox molecular design,cellulose nanofiber scaffold,both,False
C00DD823894|C872881EC3C,1,0.3819720049403046,organic redox molecular design,gel-confined redox transport,1.0,0.3860906642728904,organic redox molecular design,gel-confined redox transport,both,False
C00DD823894|C8863595B3A,0,0.2259160148209139,organic redox molecular design,temperature-dependent electrode potential,0.0,0.2354039497307001,organic redox molecular design,temperature-dependent electrode potential,both,False
C00DD823894|C893D3D6E7B,0,0.1781597365170852,organic redox molecular design,iron electrode,0.0,0.1859515260323159,organic redox molecular design,iron electrode,both,False
C00DD823894|C8AD5B453CC,0,0.2100205846027171,organic redox molecular design,ion diffusion,0.0,0.2171229802513464,organic redox molecular design,ion diffusion,both,False
C00DD823894|C95D66F92B2,0,0.2933388225607246,organic redox molecular design,carbon nanotube family,0.0,0.3240350089766607,organic redox molecular design,carbon nanotube family,both,False
C00DD823894|C9642D16DCA,0,0.2408110333470564,organic redox molecular design,graphene oxide,0.0,0.2453141831238779,organic redox molecular design,graphene oxide,both,False
C00DD823894|C97F8E13D1A,0,0.2722190201729106,organic redox molecular design,thermally regenerative electrochemical cycle,0.0,0.2813240574506284,organic redox molecular design,thermally regenerative electrochemical cycle,both,False
C00DD823894|C9B6878E079,0,0.497208727871552,organic redox molecular design,photothermal-thermoelectric coupling,0.0,0.4992908438061041,organic redox molecular design,photothermal-thermoelectric coupling,both,False
C00DD823894|CA6C42A1D77,0,0.5957719226018937,organic redox molecular design,ferri/ferrocyanide family,0.0,0.6139991023339317,organic redox molecular design,ferri/ferrocyanide family,both,False
C00DD823894|CAAB7628B33,0,0.2090119390695759,organic redox molecular design,[C2mim],0.0,0.216867145421903,organic redox molecular design,[C2mim],both,False
C00DD823894|CB56BB4DDB0,0,0.5521984355701934,organic redox molecular design,carbon-electrode redox interface,0.0,0.5564542190305206,organic redox molecular design,carbon-electrode redox interface,both,False
C00DD823894|CBA7A0F0CA3,1,0.7018649650061753,organic redox molecular design,thermogalvanic redox conversion,1.0,0.6941068222621185,organic redox molecular design,thermogalvanic redox conversion,both,False
C00DD823894|CBB2D87901B,0,0.1990325236722931,organic redox molecular design,Li2CrO4,0.0,0.2070107719928186,organic redox molecular design,Li2CrO4,both,False
C00DD823894|CC028ABF9C6,1,0.3060559901193907,organic redox molecular design,anti-freezing organohydrogel design,1.0,0.3129757630161579,organic redox molecular design,anti-freezing organohydrogel design,both,False
C00DD823894|CC506F97717,0,0.2019802387813915,organic redox molecular design,CO3,0.0,0.2102244165170556,organic redox molecular design,CO3,both,False
C00DD823894|CC5968B917E,0,0.2221984355701935,organic redox molecular design,convection and mass transport,0.0,0.2300763016157989,organic redox molecular design,convection and mass transport,both,False
C00DD823894|CCAABE058E7,0,0.6249732400164676,organic redox molecular design,ferri/ferrocyanide redox chemistry,0.0,0.6237612208258528,organic redox molecular design,ferri/ferrocyanide redox chemistry,both,False
C00DD823894|CD0FD071A10,0,0.250247015232606,organic redox molecular design,carbon cloth,0.0,0.2574865350089766,organic redox molecular design,carbon cloth,both,False
C00DD823894|CD3462DB8FF,0,0.4695347879785919,organic redox molecular design,CuSO4,0.0,0.4703545780969479,organic redox molecular design,CuSO4,both,False
C00DD823894|CD486BA800F,0,0.4647838616714697,organic redox molecular design,host-guest complexation,0.0,0.4626705565529623,organic redox molecular design,host-guest complexation,both,False
C00DD823894|CDAC0413DCA,0,0.2753725813091807,organic redox molecular design,gelatin-based polymer family,0.0,0.3311759425493716,organic redox molecular design,gelatin-based polymer family,both,False
C00DD823894|CE2D00B183C,1,0.2714573898723754,organic redox molecular design,redox-kinetics enhancement,1.0,0.282818671454219,organic redox molecular design,redox-kinetics enhancement,both,False
C00DD823894|CE4B0E242E7,0,0.4360148209139563,organic redox molecular design,interfacial charge transfer,0.0,0.4403545780969479,organic redox molecular design,interfacial charge transfer,both,False
C00DD823894|CE6FC512ED2,1,0.2609304240428159,organic redox molecular design,dynamic crosslinked gel network,1.0,0.2585143626570916,organic redox molecular design,dynamic crosslinked gel network,both,False
C00DD823894|CEA29EF1A99,0,0.249905310827501,organic redox molecular design,thermal-gradient heat-transfer control,0.0,0.2520825852782765,organic redox molecular design,thermal-gradient heat-transfer control,both,False
C00DD823894|CEA9836CD32,0,0.3947797447509263,organic redox molecular design,molten salt,0.0,0.3900942549371633,organic redox molecular design,molten salt,both,False
C00DD823894|CEBF8E29E0A,0,0.183865788390284,organic redox molecular design,LiNO3,0.0,0.1919838420107719,organic redox molecular design,LiNO3,both,False
C00DD823894|CF203EF8121,0,0.4238781391519143,organic redox molecular design,Eastman entropy of transfer,0.0,0.416270197486535,organic redox molecular design,Eastman entropy of transfer,both,False
C00DD823894|CF2C5201A37,0,0.2563112391930836,organic redox molecular design,porous-electrode area enhancement,0.0,0.2614497307001795,organic redox molecular design,porous-electrode area enhancement,both,False
C00DD823894|CFAFB569EDB,0,0.1648209139563606,organic redox molecular design,lithium bromide (LiBr),0.0,0.1725134649910233,organic redox molecular design,lithium bromide (LiBr),both,False
C00DD823894|CFBB5A400A1,0,0.4745821325648415,organic redox molecular design,cation-anion thermodiffusion asymmetry,0.0,0.4725224416517056,organic redox molecular design,cation-anion thermodiffusion asymmetry,both,False
C06F57A9BCA|C0783369D77,0,0.4870893371757924,polymer electrolyte,PEDOT family,0.0,0.4879847396768402,polymer electrolyte,PEDOT family,both,False
C06F57A9BCA|C08389FD6C6,0,0.5091436805269658,polymer electrolyte,moisture-gradient ion transport,0.0,0.5095152603231597,polymer electrolyte,moisture-gradient ion transport,both,False
C06F57A9BCA|C0B0DE2212C,0,0.2064759160148209,polymer electrolyte,CO2,0.0,0.2145870736086175,polymer electrolyte,CO2,both,False
C06F57A9BCA|C10C4FF4B6C,0,0.6451255660765747,polymer electrolyte,hydrogen bonding,0.0,0.6382315978456015,polymer electrolyte,hydrogen bonding,both,False
C06F57A9BCA|C10D3798CF7,0,0.5233964594483326,polymer electrolyte,selective solvation,0.0,0.5279622980251346,polymer electrolyte,selective solvation,both,False
C06F57A9BCA|C2106B674B9,0,0.4962741869081927,polymer electrolyte,iodide/triiodide,0.0,0.5044254937163375,polymer electrolyte,iodide/triiodide,both,False
C06F57A9BCA|C22DFAA7132,0,0.4690901605599012,polymer electrolyte,H2SO4,0.0,0.4717010771992818,polymer electrolyte,H2SO4,both,False
C06F57A9BCA|C237A8162E2,0,0.4457389872375462,polymer electrolyte,thermogalvanic corrosion,0.0,0.4504982046678636,polymer electrolyte,thermogalvanic corrosion,both,False
C06F57A9BCA|C23B9BED21A,0,0.2618567311650885,polymer electrolyte,ionic conduction,0.0,0.2713016157989227,polymer electrolyte,ionic conduction,both,False
C06F57A9BCA|C25D09DDC57,0,0.5068505557842733,polymer electrolyte,Fe2+/Fe3+ solvation redox chemistry,0.0,0.5090170556552962,polymer electrolyte,Fe2+/Fe3+ solvation redox chemistry,both,False
C06F57A9BCA|C275FB7C4B0,0,0.4639645944833264,polymer electrolyte,iodide/triiodide redox chemistry,0.0,0.4707899461400359,polymer electrolyte,iodide/triiodide redox chemistry,both,False
C06F57A9BCA|C2A8A04727D,0,0.4913709345409633,polymer electrolyte,guanidinium chloride (GdmCl),0.0,0.495318671454219,polymer electrolyte,guanidinium chloride (GdmCl),both,False
C06F57A9BCA|C3DA2C4151E,0,0.4985014409221902,polymer electrolyte,aqueous electrolyte,0.0,0.503927289048474,polymer electrolyte,aqueous electrolyte,both,False
C06F57A9BCA|C3F66DD37CA,1,0.2656607657472211,polymer electrolyte,H2O,1.0,0.2798922800718132,polymer electrolyte,H2O,both,False
C06F57A9BCA|C41BE9B5F0E,0,0.274454508027995,polymer electrolyte,solvation-shell remodeling,0.0,0.2844973070017953,polymer electrolyte,solvation-shell remodeling,both,False
C06F57A9BCA|C438FE53FF1,0,0.2406545903664059,polymer electrolyte,lithium chloride (LiCl),0.0,0.2493716337522441,polymer electrolyte,lithium chloride (LiCl),both,False
C06F57A9BCA|C45C8AAD12E,0,0.488233841086867,polymer electrolyte,charge-transfer resistance engineering,0.0,0.4972845601436265,polymer electrolyte,charge-transfer resistance engineering,both,False
C06F57A9BCA|C46747A02A1,0,0.5305310827501029,polymer electrolyte,ion-pairing and complexation,0.0,0.5367773788150807,polymer electrolyte,ion-pairing and complexation,both,False
C06F57A9BCA|C4B2BA55977,0,0.5710827501029231,polymer electrolyte,KNO3,0.0,0.5677468581687612,polymer electrolyte,KNO3,both,False
C06F57A9BCA|C4CEC954E12,0,0.4863235899547138,polymer electrolyte,platinum electrode,0.0,0.4935861759425494,polymer electrolyte,platinum electrode,both,False
C06F57A9BCA|C5B8C057FAD,0,0.4637546315356113,polymer electrolyte,metal oxide,0.0,0.4685771992818671,polymer electrolyte,metal oxide,both,False
C06F57A9BCA|C5E47CC0A62,0,0.2654631535611363,polymer electrolyte,Hofmeister/chaotropic effect,0.0,0.2753949730700179,polymer electrolyte,Hofmeister/chaotropic effect,both,False
C06F57A9BCA|C5E63317596,0,0.5328324413338823,polymer electrolyte,hierarchical porous electrode interface,0.0,0.5362836624775583,polymer electrolyte,hierarchical porous electrode interface,both,False
C06F57A9BCA|C5FBBE86551,0,0.2748250308769041,polymer electrolyte,polyvinylidene fluoride (PVDF),0.0,0.2833662477558348,polymer electrolyte,polyvinylidene fluoride (PVDF),both,False
C06F57A9BCA|C6181968680,0,0.614890901605599,polymer electrolyte,graphene,0.0,0.611943447037702,polymer electrolyte,graphene,both,False
C06F57A9BCA|C6210B1A223,0,0.583779333058872,polymer electrolyte,reduced graphene oxide,0.0,0.5815619389587072,polymer electrolyte,reduced graphene oxide,both,False
C06F57A9BCA|C6B063A770B,0,0.2460148209139563,polymer electrolyte,supramolecular host-guest redox entropy,0.0,0.2563734290843805,polymer electrolyte,supramolecular host-guest redox entropy,both,False
C06F57A9BCA|C6C09287FDB,0,0.5654919720049403,polymer electrolyte,high-entropy redox/ion coupling,0.0,0.5600628366247756,polymer electrolyte,high-entropy redox/ion coupling,both,False
C06F57A9BCA|C6C76863E52,0,0.2578962536023054,polymer electrolyte,copper electrode,0.0,0.2659066427289048,polymer electrolyte,copper electrode,both,False
C06F57A9BCA|C7032A2F7AB,0,0.4464553314121037,polymer electrolyte,hexacyanoferrate redox electrode,0.0,0.4497980251346498,polymer electrolyte,hexacyanoferrate redox electrode,both,False
C06F57A9BCA|C7096F6ECC5,0,0.6408275010292301,polymer electrolyte,imidazolium ionic-liquid phase transition electrolyte,0.0,0.6357226211849193,polymer electrolyte,imidazolium ionic-liquid phase transition electrolyte,both,False
C06F57A9BCA|C7713A07951,0,0.4694359818855496,polymer electrolyte,urea,0.0,0.4738285457809694,polymer electrolyte,urea,both,False
C06F57A9BCA|C78B8F896F7,0,0.6395924248662,polymer electrolyte,polyacrylamide (PAM),0.0,0.633729802513465,polymer electrolyte,polyacrylamide (PAM),both,False
C06F57A9BCA|C78D65254F9,0,0.4766323589954713,polymer electrolyte,phase transition,0.0,0.4822980251346498,polymer electrolyte,phase transition,both,False
C06F57A9BCA|C7932B1CE8C,0,0.6609757101687938,polymer electrolyte,chaotropic polymer-water disruption,0.0,0.655278276481149,polymer electrolyte,chaotropic polymer-water disruption,both,False
C06F57A9BCA|C7B823B5BB0,0,0.525718402634829,polymer electrolyte,poly(vinyl alcohol) (PVA),0.0,0.5321095152603231,polymer electrolyte,poly(vinyl alcohol) (PVA),both,False
C06F57A9BCA|C84C6A613D4,0,0.2970440510498147,polymer electrolyte,cellulose nanofiber scaffold,0.0,0.3060188509874326,polymer electrolyte,cellulose nanofiber scaffold,both,False
C06F57A9BCA|C872881EC3C,0,0.541358583779333,polymer electrolyte,gel-confined redox transport,0.0,0.5461759425493716,polymer electrolyte,gel-confined redox transport,both,False
C06F57A9BCA|C8863595B3A,0,0.4782544256895841,polymer electrolyte,temperature-dependent electrode potential,0.0,0.480399461400359,polymer electrolyte,temperature-dependent electrode potential,both,False
C06F57A9BCA|C893D3D6E7B,0,0.2439645944833264,polymer electrolyte,iron electrode,0.0,0.2514452423698384,polymer electrolyte,iron electrode,both,False
C06F57A9BCA|C8AD5B453CC,0,0.4817743927542198,polymer electrolyte,ion diffusion,0.0,0.4812387791741471,polymer electrolyte,ion diffusion,both,False
C06F57A9BCA|C95D66F92B2,0,0.5142568958419101,polymer electrolyte,carbon nanotube family,0.0,0.4924147217235188,polymer electrolyte,carbon nanotube family,both,False
C06F57A9BCA|C9642D16DCA,0,0.4749691230959242,polymer electrolyte,graphene oxide,0.0,0.4796723518850987,polymer electrolyte,graphene oxide,both,False
C06F57A9BCA|C97F8E13D1A,0,0.604417455743104,polymer electrolyte,thermally regenerative electrochemical cycle,0.0,0.5969973070017953,polymer electrolyte,thermally regenerative electrochemical cycle,both,False
C06F57A9BCA|C9B6878E079,0,0.4648250308769041,polymer electrolyte,photothermal-thermoelectric coupling,0.0,0.4696140035906643,polymer electrolyte,photothermal-thermoelectric coupling,both,False
C06F57A9BCA|CA6C42A1D77,0,0.7087443392342527,polymer electrolyte,ferri/ferrocyanide family,0.0,0.6850269299820466,polymer electrolyte,ferri/ferrocyanide family,both,False
C06F57A9BCA|CA8C62A4868,0,0.676010703993413,polymer electrolyte,redox reaction entropy,0.0,0.6672396768402155,polymer electrolyte,redox reaction entropy,both,False
C06F57A9BCA|CAAB7628B33,0,0.2286002470152326,polymer electrolyte,[C2mim],0.0,0.2374685816876121,polymer electrolyte,[C2mim],both,False
C06F57A9BCA|CB56BB4DDB0,0,0.600588719637711,polymer electrolyte,carbon-electrode redox interface,0.0,0.5971588868940754,polymer electrolyte,carbon-electrode redox interface,both,False
C06F57A9BCA|CBB2D87901B,0,0.2077027583367641,polymer electrolyte,Li2CrO4,0.0,0.215359066427289,polymer electrolyte,Li2CrO4,both,False
C06F57A9BCA|CC028ABF9C6,0,0.5009633594071634,polymer electrolyte,anti-freezing organohydrogel design,0.0,0.5074775583482944,polymer electrolyte,anti-freezing organohydrogel design,both,False
C06F57A9BCA|CC506F97717,0,0.2166529435981885,polymer electrolyte,CO3,0.0,0.224605026929982,polymer electrolyte,CO3,both,False
C06F57A9BCA|CC5968B917E,0,0.4186125977768629,polymer electrolyte,convection and mass transport,0.0,0.4236894075403949,polymer electrolyte,convection and mass transport,both,False
C06F57A9BCA|CCAABE058E7,0,0.6741169205434334,polymer electrolyte,ferri/ferrocyanide redox chemistry,0.0,0.6674820466786356,polymer electrolyte,ferri/ferrocyanide redox chemistry,both,False
C06F57A9BCA|CD0FD071A10,0,0.4969534787978591,polymer electrolyte,carbon cloth,0.0,0.5007854578096947,polymer electrolyte,carbon cloth,both,False
C06F57A9BCA|CD3462DB8FF,0,0.4599505969534788,polymer electrolyte,CuSO4,0.0,0.4655341113105924,polymer electrolyte,CuSO4,both,False
C06F57A9BCA|CD486BA800F,0,0.243248250308769,polymer electrolyte,host-guest complexation,0.0,0.253572710951526,polymer electrolyte,host-guest complexation,both,False
C06F57A9BCA|CDAC0413DCA,0,0.6505763688760807,polymer electrolyte,gelatin-based polymer family,0.0,0.6520197486535009,polymer electrolyte,gelatin-based polymer family,both,False
C06F57A9BCA|CE2D00B183C,0,0.4496665294359818,polymer electrolyte,redox-kinetics enhancement,0.0,0.4530834829443446,polymer electrolyte,redox-kinetics enhancement,both,False
C06F57A9BCA|CE4B0E242E7,0,0.3077274598600247,polymer electrolyte,interfacial charge transfer,0.0,0.3177827648114901,polymer electrolyte,interfacial charge transfer,both,False
C06F57A9BCA|CE6FC512ED2,0,0.495384932070811,polymer electrolyte,dynamic crosslinked gel network,0.0,0.48016157989228,polymer electrolyte,dynamic crosslinked gel network,both,False
C06F57A9BCA|CEA29EF1A99,0,0.4464429806504734,polymer electrolyte,thermal-gradient heat-transfer control,0.0,0.4470152603231598,polymer electrolyte,thermal-gradient heat-transfer control,both,False
C06F57A9BCA|CEA9836CD32,0,0.4903499382461918,polymer electrolyte,molten salt,0.0,0.4899506283662478,polymer electrolyte,molten salt,both,False
C06F57A9BCA|CEBF8E29E0A,0,0.2115561959654178,polymer electrolyte,LiNO3,0.0,0.2192369838420107,polymer electrolyte,LiNO3,both,False
C06F57A9BCA|CF203EF8121,0,0.5626512968299712,polymer electrolyte,Eastman entropy of transfer,0.0,0.5629443447037702,polymer electrolyte,Eastman entropy of transfer,both,False
C06F57A9BCA|CF2C5201A37,0,0.6249197200494029,polymer electrolyte,porous-electrode area enhancement,0.0,0.6186759425493716,polymer electrolyte,porous-electrode area enhancement,both,False
C06F57A9BCA|CFAFB569EDB,0,0.2401605599011939,polymer electrolyte,lithium bromide (LiBr),0.0,0.2485906642728904,polymer electrolyte,lithium bromide (LiBr),both,False
C06F57A9BCA|CFBB5A400A1,0,0.5663976945244956,polymer electrolyte,cation-anion thermodiffusion asymmetry,0.0,0.5593850987432675,polymer electrolyte,cation-anion thermodiffusion asymmetry,both,False
C0783369D77|C08389FD6C6,1,0.2051914368052696,moisture-gradient ion transport,PEDOT family,1.0,0.2067773788150807,PEDOT family,moisture-gradient ion transport,both,False
C0783369D77|C0B0DE2212C,0,0.2097776862906545,CO2,PEDOT family,0.0,0.2128007181328546,PEDOT family,CO2,both,False
C0783369D77|C10C4FF4B6C,0,0.5992960065870728,hydrogen bonding,PEDOT family,0.0,0.6813734290843806,PEDOT family,hydrogen bonding,both,False
C0783369D77|C10D3798CF7,0,0.6292424866200083,selective solvation,PEDOT family,0.0,0.6736220825852783,PEDOT family,selective solvation,both,False
C0783369D77|C188B56F6F1,0,0.5617826265953066,ion-selectivity membrane transport,PEDOT family,0.0,0.6206418312387793,PEDOT family,ion-selectivity membrane transport,both,False
C0783369D77|C2106B674B9,0,0.7753766982297242,iodide/triiodide,PEDOT family,0.0,0.813886894075404,PEDOT family,iodide/triiodide,both,False
C0783369D77|C22DFAA7132,0,0.6514409221902017,H2SO4,PEDOT family,0.0,0.6458078994614004,PEDOT family,H2SO4,both,False
C0783369D77|C237A8162E2,0,0.6193824619184849,thermogalvanic corrosion,PEDOT family,0.0,0.6598294434470378,PEDOT family,thermogalvanic corrosion,both,False
C0783369D77|C23B9BED21A,0,0.5812021407986826,ionic conduction,PEDOT family,0.0,0.6285996409335727,PEDOT family,ionic conduction,both,False
C0783369D77|C275FB7C4B0,0,0.7414368052696583,iodide/triiodide redox chemistry,PEDOT family,0.0,0.7822980251346499,PEDOT family,iodide/triiodide redox chemistry,both,False
C0783369D77|C2A8A04727D,0,0.4835817208727871,PEDOT family,guanidinium chloride (GdmCl),0.0,0.5820107719928187,PEDOT family,guanidinium chloride (GdmCl),both,False
C0783369D77|C3002C089A5,1,0.7169205434335117,PEDOT family,ionic thermodiffusion (Soret effect),1.0,0.7601166965888689,PEDOT family,ionic thermodiffusion (Soret effect),both,False
C0783369D77|C3F66DD37CA,0,0.4810621655002058,PEDOT family,H2O,0.0,0.5781867145421903,PEDOT family,H2O,both,False
C0783369D77|C41BE9B5F0E,0,0.6088554960889254,PEDOT family,solvation-shell remodeling,0.0,0.6439901256732495,PEDOT family,solvation-shell remodeling,both,False
C0783369D77|C438FE53FF1,0,0.2442157266364759,PEDOT family,lithium chloride (LiCl),0.0,0.2567280071813285,PEDOT family,lithium chloride (LiCl),both,False
C0783369D77|C46747A02A1,0,0.4574186908192672,PEDOT family,ion-pairing and complexation,0.0,0.5638734290843807,PEDOT family,ion-pairing and complexation,both,False
C0783369D77|C4B2BA55977,0,0.5764841498559078,PEDOT family,KNO3,0.0,0.6528366247755835,PEDOT family,KNO3,both,False
C0783369D77|C5E47CC0A62,0,0.4506545903664058,PEDOT family,Hofmeister/chaotropic effect,0.0,0.5271274685816876,PEDOT family,Hofmeister/chaotropic effect,both,False
C0783369D77|C5E63317596,0,0.5876080691642651,PEDOT family,hierarchical porous electrode interface,0.0,0.6439856373429085,PEDOT family,hierarchical porous electrode interface,both,False
C0783369D77|C5FBBE86551,0,0.4933882256072457,PEDOT family,polyvinylidene fluoride (PVDF),0.0,0.4999147217235188,PEDOT family,polyvinylidene fluoride (PVDF),both,False
C0783369D77|C6181968680,0,0.7708069164265129,PEDOT family,graphene,0.0,0.8011759425493716,PEDOT family,graphene,both,False
C0783369D77|C6210B1A223,0,0.5799917661589131,PEDOT family,reduced graphene oxide,0.0,0.6490933572710952,PEDOT family,reduced graphene oxide,both,False
C0783369D77|C6B063A770B,0,0.2429559489501852,PEDOT family,supramolecular host-guest redox entropy,0.0,0.2541965888689407,PEDOT family,supramolecular host-guest redox entropy,both,False
C0783369D77|C6C09287FDB,0,0.1553643474680938,PEDOT family,high-entropy redox/ion coupling,0.0,0.1675897666068222,PEDOT family,high-entropy redox/ion coupling,both,False
C0783369D77|C6C76863E52,0,0.2680279950596953,PEDOT family,copper electrode,0.0,0.2726705565529622,PEDOT family,copper electrode,both,False
C0783369D77|C7032A2F7AB,0,0.6098229724166324,PEDOT family,hexacyanoferrate redox electrode,0.0,0.6418671454219029,PEDOT family,hexacyanoferrate redox electrode,both,False
C0783369D77|C7096F6ECC5,0,0.7538122684232194,PEDOT family,imidazolium ionic-liquid phase transition electrolyte,0.0,0.7510188509874325,PEDOT family,imidazolium ionic-liquid phase transition electrolyte,both,False
C0783369D77|C7713A07951,0,0.4822972416632358,PEDOT family,urea,0.0,0.5785637342908438,PEDOT family,urea,both,False
C0783369D77|C78B8F896F7,0,0.5282503087690407,PEDOT family,polyacrylamide (PAM),0.0,0.5357675044883303,PEDOT family,polyacrylamide (PAM),both,False
C0783369D77|C78D65254F9,0,0.5707986825854261,PEDOT family,phase transition,0.0,0.6431283662477558,PEDOT family,phase transition,both,False
C0783369D77|C7932B1CE8C,0,0.6484314532729518,PEDOT family,chaotropic polymer-water disruption,0.0,0.7095197486535009,PEDOT family,chaotropic polymer-water disruption,both,False
C0783369D77|C7B823B5BB0,1,0.6241416220666941,PEDOT family,poly(vinyl alcohol) (PVA),1.0,0.6972800718132854,PEDOT family,poly(vinyl alcohol) (PVA),both,False
C0783369D77|C84C6A613D4,0,0.2906834088102099,PEDOT family,cellulose nanofiber scaffold,0.0,0.3035368043087971,PEDOT family,cellulose nanofiber scaffold,both,False
C0783369D77|C872881EC3C,1,0.8033758748456155,PEDOT family,gel-confined redox transport,1.0,0.8284784560143627,PEDOT family,gel-confined redox transport,both,False
C0783369D77|C8863595B3A,0,0.4282256072457801,PEDOT family,temperature-dependent electrode potential,0.0,0.414008078994614,PEDOT family,temperature-dependent electrode potential,both,False
C0783369D77|C893D3D6E7B,0,0.2448085631947303,PEDOT family,iron electrode,0.0,0.2395197486535008,PEDOT family,iron electrode,both,False
C0783369D77|C8AD5B453CC,1,0.2131453272951832,PEDOT family,ion diffusion,1.0,0.2100089766606822,PEDOT family,ion diffusion,both,False
C0783369D77|C95D66F92B2,0,0.8116879374228076,PEDOT family,carbon nanotube family,0.0,0.8412477558348295,PEDOT family,carbon nanotube family,both,False
C0783369D77|C9642D16DCA,0,0.7356484149855906,PEDOT family,graphene oxide,0.0,0.7594793536804308,PEDOT family,graphene oxide,both,False
C0783369D77|C97F8E13D1A,0,0.5541869081926719,PEDOT family,thermally regenerative electrochemical cycle,0.0,0.6295780969479354,PEDOT family,thermally regenerative electrochemical cycle,both,False
C0783369D77|C9B6878E079,0,0.6261300946891726,PEDOT family,photothermal-thermoelectric coupling,0.0,0.6088734290843807,PEDOT family,photothermal-thermoelectric coupling,both,False
C0783369D77|CA6C42A1D77,0,0.8857101687937424,ferri/ferrocyanide family,PEDOT family,,,,,left_only,False
C0783369D77|CA8C62A4868,0,0.691700288184438,PEDOT family,redox reaction entropy,0.0,0.7275807899461401,PEDOT family,redox reaction entropy,both,False
C0783369D77|CAAB7628B33,0,0.2614573898723755,PEDOT family,[C2mim],0.0,0.2721319569120287,PEDOT family,[C2mim],both,False
C0783369D77|CBB2D87901B,0,0.2282091395636064,PEDOT family,Li2CrO4,0.0,0.2386310592459604,PEDOT family,Li2CrO4,both,False
C0783369D77|CC028ABF9C6,0,0.6887855084396871,PEDOT family,anti-freezing organohydrogel design,0.0,0.7319569120287253,PEDOT family,anti-freezing organohydrogel design,both,False
C0783369D77|CC506F97717,0,0.2209921778509674,PEDOT family,CO3,0.0,0.225834829443447,PEDOT family,CO3,both,False
C0783369D77|CC5968B917E,0,0.7436722931247427,PEDOT family,convection and mass transport,0.0,0.7497262118491921,PEDOT family,convection and mass transport,both,False
C0783369D77|CD0FD071A10,0,0.7483202964182791,PEDOT family,carbon cloth,0.0,0.7717594254937163,PEDOT family,carbon cloth,both,False
C0783369D77|CD3462DB8FF,0,0.7415026759983531,PEDOT family,CuSO4,0.0,0.7758797127468582,PEDOT family,CuSO4,both,False
C0783369D77|CD486BA800F,0,0.2500699876492384,PEDOT family,host-guest complexation,0.0,0.2706238779174146,PEDOT family,host-guest complexation,both,False
C0783369D77|CDAC0413DCA,0,0.7524372169617126,PEDOT family,gelatin-based polymer family,0.0,0.807504488330341,PEDOT family,gelatin-based polymer family,both,False
C0783369D77|CE4B0E242E7,0,0.6750802799505968,PEDOT family,interfacial charge transfer,0.0,0.7099147217235188,PEDOT family,interfacial charge transfer,both,False
C0783369D77|CE6FC512ED2,0,0.4999176615891313,PEDOT family,dynamic crosslinked gel network,0.0,0.5043132854578096,PEDOT family,dynamic crosslinked gel network,both,False
C0783369D77|CEA29EF1A99,0,0.7091601482091395,PEDOT family,thermal-gradient heat-transfer control,0.0,0.7369344703770196,PEDOT family,thermal-gradient heat-transfer control,both,False
C0783369D77|CEA9836CD32,0,0.4466817620419925,PEDOT family,molten salt,0.0,0.4402154398563733,PEDOT family,molten salt,both,False
C0783369D77|CEBF8E29E0A,0,0.2315191436805269,PEDOT family,LiNO3,0.0,0.2418087971274685,PEDOT family,LiNO3,both,False
C0783369D77|CF203EF8121,0,0.5773651708522026,PEDOT family,Eastman entropy of transfer,0.0,0.6184919210053861,PEDOT family,Eastman entropy of transfer,both,False
C0783369D77|CF2C5201A37,0,0.7779827089337175,PEDOT family,porous-electrode area enhancement,0.0,0.7693850987432673,PEDOT family,porous-electrode area enhancement,both,False
C0783369D77|CFAFB569EDB,0,0.2384355701934952,PEDOT family,lithium bromide (LiBr),0.0,0.2522037701974865,PEDOT family,lithium bromide (LiBr),both,False
C0783369D77|CFBB5A400A1,1,0.4435364347468093,PEDOT family,cation-anion thermodiffusion asymmetry,1.0,0.445475763016158,PEDOT family,cation-anion thermodiffusion asymmetry,both,False
C08389FD6C6|C0B0DE2212C,0,0.1719061342116097,moisture-gradient ion transport,CO2,0.0,0.1779937163375224,moisture-gradient ion transport,CO2,both,False
C08389FD6C6|C10C4FF4B6C,1,0.5257431041580898,moisture-gradient ion transport,hydrogen bonding,1.0,0.5310502692998205,moisture-gradient ion transport,hydrogen bonding,both,False
C08389FD6C6|C10D3798CF7,1,0.5279868258542609,moisture-gradient ion transport,selective solvation,1.0,0.5305296229802513,moisture-gradient ion transport,selective solvation,both,False
C08389FD6C6|C188B56F6F1,1,0.3669411280362289,moisture-gradient ion transport,ion-selectivity membrane transport,1.0,0.3690125673249551,moisture-gradient ion transport,ion-selectivity membrane transport,both,False
C08389FD6C6|C2106B674B9,0,0.2579127212844792,moisture-gradient ion transport,iodide/triiodide,0.0,0.2656328545780969,moisture-gradient ion transport,iodide/triiodide,both,False
C08389FD6C6|C22DFAA7132,0,0.238452037875669,moisture-gradient ion transport,H2SO4,0.0,0.2473922800718133,moisture-gradient ion transport,H2SO4,both,False
C08389FD6C6|C237A8162E2,0,0.216998764923837,moisture-gradient ion transport,thermogalvanic corrosion,0.0,0.2262208258527827,moisture-gradient ion transport,thermogalvanic corrosion,both,False
C08389FD6C6|C23B9BED21A,0,0.3112721284479209,moisture-gradient ion transport,ionic conduction,0.0,0.3178680430879712,moisture-gradient ion transport,ionic conduction,both,False
C08389FD6C6|C25D09DDC57,1,0.3253766982297241,moisture-gradient ion transport,Fe2+/Fe3+ solvation redox chemistry,1.0,0.328972172351885,moisture-gradient ion transport,Fe2+/Fe3+ solvation redox chemistry,both,False
C08389FD6C6|C275FB7C4B0,0,0.2835034993824619,moisture-gradient ion transport,iodide/triiodide redox chemistry,0.0,0.2918087971274685,moisture-gradient ion transport,iodide/triiodide redox chemistry,both,False
C08389FD6C6|C2A8A04727D,1,0.2130094689172499,moisture-gradient ion transport,guanidinium chloride (GdmCl),1.0,0.2206508078994614,moisture-gradient ion transport,guanidinium chloride (GdmCl),both,False
C08389FD6C6|C3DA2C4151E,0,0.2781844380403458,moisture-gradient ion transport,aqueous electrolyte,0.0,0.2883482944344703,moisture-gradient ion transport,aqueous electrolyte,both,False
C08389FD6C6|C3F66DD37CA,0,0.2525319061342116,moisture-gradient ion transport,H2O,0.0,0.2648967684021543,moisture-gradient ion transport,H2O,both,False
C08389FD6C6|C41BE9B5F0E,0,0.2699217785096747,moisture-gradient ion transport,solvation-shell remodeling,0.0,0.279681328545781,moisture-gradient ion transport,solvation-shell remodeling,both,False
C08389FD6C6|C438FE53FF1,0,0.2007945656648826,moisture-gradient ion transport,lithium chloride (LiCl),0.0,0.2096588868940753,moisture-gradient ion transport,lithium chloride (LiCl),both,False
C08389FD6C6|C45C8AAD12E,0,0.3158419102511322,moisture-gradient ion transport,charge-transfer resistance engineering,0.0,0.3261355475763016,moisture-gradient ion transport,charge-transfer resistance engineering,both,False
C08389FD6C6|C46747A02A1,1,0.3366076574722108,moisture-gradient ion transport,ion-pairing and complexation,1.0,0.3460682226211849,moisture-gradient ion transport,ion-pairing and complexation,both,False
C08389FD6C6|C4B2BA55977,0,0.4754261012762453,moisture-gradient ion transport,KNO3,0.0,0.4788420107719928,moisture-gradient ion transport,KNO3,both,False
C08389FD6C6|C4CEC954E12,0,0.2311280362289007,moisture-gradient ion transport,platinum electrode,0.0,0.2406283662477558,moisture-gradient ion transport,platinum electrode,both,False
C08389FD6C6|C5B8C057FAD,0,0.2170111156854672,moisture-gradient ion transport,metal oxide,0.0,0.2278949730700179,moisture-gradient ion transport,metal oxide,both,False
C08389FD6C6|C5E47CC0A62,0,0.3058871963771099,moisture-gradient ion transport,Hofmeister/chaotropic effect,0.0,0.3145017953321365,moisture-gradient ion transport,Hofmeister/chaotropic effect,both,False
C08389FD6C6|C5E63317596,0,0.3161836146562372,moisture-gradient ion transport,hierarchical porous electrode interface,0.0,0.3252827648114901,moisture-gradient ion transport,hierarchical porous electrode interface,both,False
C08389FD6C6|C5FBBE86551,0,0.197151090983944,moisture-gradient ion transport,polyvinylidene fluoride (PVDF),0.0,0.2039272890484739,moisture-gradient ion transport,polyvinylidene fluoride (PVDF),both,False
C08389FD6C6|C6181968680,0,0.556467682173734,moisture-gradient ion transport,graphene,0.0,0.5564228007181329,moisture-gradient ion transport,graphene,both,False
C08389FD6C6|C6210B1A223,0,0.5432811856731165,moisture-gradient ion transport,reduced graphene oxide,0.0,0.5437298025134649,moisture-gradient ion transport,reduced graphene oxide,both,False
C08389FD6C6|C6B063A770B,0,0.2555331412103746,moisture-gradient ion transport,supramolecular host-guest redox entropy,0.0,0.2649461400359066,moisture-gradient ion transport,supramolecular host-guest redox entropy,both,False
C08389FD6C6|C6C09287FDB,0,0.5312885961300946,moisture-gradient ion transport,high-entropy redox/ion coupling,0.0,0.5321588868940754,moisture-gradient ion transport,high-entropy redox/ion coupling,both,False
C08389FD6C6|C6C76863E52,0,0.1808604363935776,moisture-gradient ion transport,copper electrode,0.0,0.1887612208258527,moisture-gradient ion transport,copper electrode,both,False
C08389FD6C6|C7032A2F7AB,0,0.2426389460683408,moisture-gradient ion transport,hexacyanoferrate redox electrode,0.0,0.2532046678635547,moisture-gradient ion transport,hexacyanoferrate redox electrode,both,False
C08389FD6C6|C7096F6ECC5,1,0.5287772745986002,moisture-gradient ion transport,imidazolium ionic-liquid phase transition electrolyte,1.0,0.5313375224416517,moisture-gradient ion transport,imidazolium ionic-liquid phase transition electrolyte,both,False
C08389FD6C6|C7713A07951,0,0.2085137916838205,moisture-gradient ion transport,urea,0.0,0.2162342908438061,moisture-gradient ion transport,urea,both,False
C08389FD6C6|C78B8F896F7,1,0.5673610539316591,moisture-gradient ion transport,polyacrylamide (PAM),1.0,0.5670870736086175,moisture-gradient ion transport,polyacrylamide (PAM),both,False
C08389FD6C6|C78D65254F9,1,0.2862412515438452,moisture-gradient ion transport,phase transition,1.0,0.2919658886894075,moisture-gradient ion transport,phase transition,both,False
C08389FD6C6|C7932B1CE8C,1,0.5510621655002058,moisture-gradient ion transport,chaotropic polymer-water disruption,1.0,0.5548967684021544,moisture-gradient ion transport,chaotropic polymer-water disruption,both,False
C08389FD6C6|C7B823B5BB0,1,0.2388678468505558,moisture-gradient ion transport,poly(vinyl alcohol) (PVA),1.0,0.2478052064631957,moisture-gradient ion transport,poly(vinyl alcohol) (PVA),both,False
C08389FD6C6|C84C6A613D4,1,0.2431659118979003,moisture-gradient ion transport,cellulose nanofiber scaffold,1.0,0.2507675044883303,moisture-gradient ion transport,cellulose nanofiber scaffold,both,False
C08389FD6C6|C872881EC3C,1,0.3782173734046933,moisture-gradient ion transport,gel-confined redox transport,1.0,0.3823249551166965,moisture-gradient ion transport,gel-confined redox transport,both,False
C08389FD6C6|C8863595B3A,0,0.2650061753808151,moisture-gradient ion transport,temperature-dependent electrode potential,0.0,0.2735143626570915,moisture-gradient ion transport,temperature-dependent electrode potential,both,False
C08389FD6C6|C893D3D6E7B,0,0.1961506792918896,moisture-gradient ion transport,iron electrode,0.0,0.2046499102333931,moisture-gradient ion transport,iron electrode,both,False
C08389FD6C6|C95D66F92B2,0,0.2715726636475916,moisture-gradient ion transport,carbon nanotube family,0.0,0.2730655296229802,moisture-gradient ion transport,carbon nanotube family,both,False
C08389FD6C6|C9642D16DCA,0,0.2163194730341704,moisture-gradient ion transport,graphene oxide,0.0,0.2184156193895871,moisture-gradient ion transport,graphene oxide,both,False
C08389FD6C6|C97F8E13D1A,0,0.2679909427748044,moisture-gradient ion transport,thermally regenerative electrochemical cycle,0.0,0.275596947935368,moisture-gradient ion transport,thermally regenerative electrochemical cycle,both,False
C08389FD6C6|C9B6878E079,0,0.296220666941128,moisture-gradient ion transport,photothermal-thermoelectric coupling,0.0,0.3039766606822262,moisture-gradient ion transport,photothermal-thermoelectric coupling,both,False
C08389FD6C6|CA6C42A1D77,1,0.5088472622478386,moisture-gradient ion transport,ferri/ferrocyanide family,1.0,0.5194614003590664,moisture-gradient ion transport,ferri/ferrocyanide family,both,False
C08389FD6C6|CA8C62A4868,1,0.6061136270069988,moisture-gradient ion transport,redox reaction entropy,1.0,0.608420107719928,moisture-gradient ion transport,redox reaction entropy,both,False
C08389FD6C6|CAAB7628B33,0,0.1590489913544668,moisture-gradient ion transport,[C2mim],0.0,0.1664631956912028,moisture-gradient ion transport,[C2mim],both,False
C08389FD6C6|CB56BB4DDB0,0,0.4929847673939893,moisture-gradient ion transport,carbon-electrode redox interface,0.0,0.4976750448833034,moisture-gradient ion transport,carbon-electrode redox interface,both,False
C08389FD6C6|CBA7A0F0CA3,1,0.6357678056813504,moisture-gradient ion transport,thermogalvanic redox conversion,1.0,0.6394748653500897,moisture-gradient ion transport,thermogalvanic redox conversion,both,False
C08389FD6C6|CBB2D87901B,0,0.1713503499382462,moisture-gradient ion transport,Li2CrO4,0.0,0.1786624775583482,moisture-gradient ion transport,Li2CrO4,both,False
C08389FD6C6|CC028ABF9C6,1,0.2909098394400988,moisture-gradient ion transport,anti-freezing organohydrogel design,1.0,0.2956822262118491,moisture-gradient ion transport,anti-freezing organohydrogel design,both,False
C08389FD6C6|CC506F97717,0,0.1731906134211609,moisture-gradient ion transport,CO3,0.0,0.1790709156193896,moisture-gradient ion transport,CO3,both,False
C08389FD6C6|CC5968B917E,0,0.3477521613832853,moisture-gradient ion transport,convection and mass transport,0.0,0.3554443447037702,moisture-gradient ion transport,convection and mass transport,both,False
C08389FD6C6|CCAABE058E7,1,0.5251420337587485,moisture-gradient ion transport,ferri/ferrocyanide redox chemistry,1.0,0.5281687612208259,moisture-gradient ion transport,ferri/ferrocyanide redox chemistry,both,False
C08389FD6C6|CD0FD071A10,0,0.2529271305063812,moisture-gradient ion transport,carbon cloth,0.0,0.2591337522441652,moisture-gradient ion transport,carbon cloth,both,False
C08389FD6C6|CD3462DB8FF,0,0.2289666529435982,moisture-gradient ion transport,CuSO4,0.0,0.2375628366247755,moisture-gradient ion transport,CuSO4,both,False
C08389FD6C6|CD486BA800F,0,0.2580526965829559,moisture-gradient ion transport,host-guest complexation,0.0,0.2675314183123878,moisture-gradient ion transport,host-guest complexation,both,False
C08389FD6C6|CDAC0413DCA,0,0.4752284890901605,moisture-gradient ion transport,gelatin-based polymer family,0.0,0.4719793536804308,moisture-gradient ion transport,gelatin-based polymer family,both,False
C08389FD6C6|CE2D00B183C,0,0.2121078633182379,moisture-gradient ion transport,redox-kinetics enhancement,0.0,0.2250359066427289,moisture-gradient ion transport,redox-kinetics enhancement,both,False
C08389FD6C6|CE4B0E242E7,0,0.3065788390284067,moisture-gradient ion transport,interfacial charge transfer,0.0,0.3161175942549371,moisture-gradient ion transport,interfacial charge transfer,both,False
C08389FD6C6|CE6FC512ED2,1,0.2706340057636888,moisture-gradient ion transport,dynamic crosslinked gel network,1.0,0.2609201077199282,moisture-gradient ion transport,dynamic crosslinked gel network,both,False
C08389FD6C6|CEA29EF1A99,0,0.3279703581720873,moisture-gradient ion transport,thermal-gradient heat-transfer control,0.0,0.3320107719928187,moisture-gradient ion transport,thermal-gradient heat-transfer control,both,False
C08389FD6C6|CEA9836CD32,0,0.2369575957184026,moisture-gradient ion transport,molten salt,0.0,0.2470107719928186,moisture-gradient ion transport,molten salt,both,False
C08389FD6C6|CEBF8E29E0A,0,0.1608275010292301,moisture-gradient ion transport,LiNO3,0.0,0.1675673249551166,moisture-gradient ion transport,LiNO3,both,False
C08389FD6C6|CF203EF8121,0,0.5114038699053107,moisture-gradient ion transport,Eastman entropy of transfer,0.0,0.5078411131059246,moisture-gradient ion transport,Eastman entropy of transfer,both,False
C08389FD6C6|CF2C5201A37,0,0.3106751749691231,moisture-gradient ion transport,porous-electrode area enhancement,0.0,0.3168536804308797,moisture-gradient ion transport,porous-electrode area enhancement,both,False
C08389FD6C6|CFAFB569EDB,0,0.2061794977356937,moisture-gradient ion transport,lithium bromide (LiBr),0.0,0.2152333931777378,moisture-gradient ion transport,lithium bromide (LiBr),both,False
C0B0DE2212C|C10C4FF4B6C,0,0.263277068752573,CO2,hydrogen bonding,0.0,0.2706912028725314,CO2,hydrogen bonding,both,False
C0B0DE2212C|C10D3798CF7,0,0.2048332647179909,CO2,selective solvation,0.0,0.212383303411131,CO2,selective solvation,both,False
C0B0DE2212C|C188B56F6F1,0,0.206410045286126,CO2,ion-selectivity membrane transport,0.0,0.2098070017953321,CO2,ion-selectivity membrane transport,both,False
C0B0DE2212C|C2106B674B9,0,0.2717990942774804,CO2,iodide/triiodide,0.0,0.2795466786355476,CO2,iodide/triiodide,both,False
C0B0DE2212C|C22DFAA7132,0,0.253902840675175,CO2,H2SO4,0.0,0.2594793536804308,CO2,H2SO4,both,False
C0B0DE2212C|C237A8162E2,0,0.1848785508439687,CO2,thermogalvanic corrosion,0.0,0.1930879712746858,CO2,thermogalvanic corrosion,both,False
C0B0DE2212C|C23B9BED21A,0,0.2060806916426513,CO2,ionic conduction,0.0,0.2143716337522441,CO2,ionic conduction,both,False
C0B0DE2212C|C25D09DDC57,0,0.3006792918896665,CO2,Fe2+/Fe3+ solvation redox chemistry,0.0,0.3049551166965888,CO2,Fe2+/Fe3+ solvation redox chemistry,both,False
C0B0DE2212C|C275FB7C4B0,0,0.2629806504734459,CO2,iodide/triiodide redox chemistry,0.0,0.2706059245960502,CO2,iodide/triiodide redox chemistry,both,False
C0B0DE2212C|C2A8A04727D,0,0.2408851379168382,CO2,guanidinium chloride (GdmCl),0.0,0.2479263913824057,CO2,guanidinium chloride (GdmCl),both,False
C0B0DE2212C|C3002C089A5,0,0.2544874433923425,CO2,ionic thermodiffusion (Soret effect),0.0,0.2577423698384201,CO2,ionic thermodiffusion (Soret effect),both,False
C0B0DE2212C|C3DA2C4151E,0,0.1976245368464388,CO2,aqueous electrolyte,0.0,0.2055834829443446,CO2,aqueous electrolyte,both,False
C0B0DE2212C|C3F66DD37CA,0,0.2571387402223137,CO2,H2O,0.0,0.2642998204667863,CO2,H2O,both,False
C0B0DE2212C|C41BE9B5F0E,0,0.1897776862906546,CO2,solvation-shell remodeling,0.0,0.1983213644524236,CO2,solvation-shell remodeling,both,False
C0B0DE2212C|C438FE53FF1,0,0.2040716344174557,CO2,lithium chloride (LiCl),0.0,0.2112926391382405,CO2,lithium chloride (LiCl),both,False
C0B0DE2212C|C45C8AAD12E,0,0.1892095512556607,CO2,charge-transfer resistance engineering,0.0,0.1979712746858168,CO2,charge-transfer resistance engineering,both,False
C0B0DE2212C|C46747A02A1,0,0.2514903252367229,CO2,ion-pairing and complexation,0.0,0.2595197486535009,CO2,ion-pairing and complexation,both,False
C0B0DE2212C|C4B2BA55977,0,0.2509386578839028,CO2,KNO3,0.0,0.2562746858168761,CO2,KNO3,both,False
C0B0DE2212C|C4CEC954E12,0,0.2315397282832441,CO2,platinum electrode,0.0,0.2381149012567325,CO2,platinum electrode,both,False
C0B0DE2212C|C5B8C057FAD,0,0.2457760395224372,CO2,metal oxide,0.0,0.2542818671454219,CO2,metal oxide,both,False
C0B0DE2212C|C5E47CC0A62,0,0.1669781803211198,CO2,Hofmeister/chaotropic effect,0.0,0.1740574506283662,CO2,Hofmeister/chaotropic effect,both,False
C0B0DE2212C|C5E63317596,0,0.2182708933717579,CO2,hierarchical porous electrode interface,0.0,0.2264138240574506,CO2,hierarchical porous electrode interface,both,False
C0B0DE2212C|C5FBBE86551,0,0.2341416220666941,CO2,polyvinylidene fluoride (PVDF),0.0,0.2408707360861759,CO2,polyvinylidene fluoride (PVDF),both,False
C0B0DE2212C|C6181968680,0,0.2824948538493207,CO2,graphene,0.0,0.2870062836624775,CO2,graphene,both,False
C0B0DE2212C|C6210B1A223,0,0.2519761218608481,CO2,reduced graphene oxide,0.0,0.2583213644524237,CO2,reduced graphene oxide,both,False
C0B0DE2212C|C6B063A770B,0,0.1575586661177439,CO2,supramolecular host-guest redox entropy,0.0,0.1645421903052064,CO2,supramolecular host-guest redox entropy,both,False
C0B0DE2212C|C6C09287FDB,0,0.141700288184438,CO2,high-entropy redox/ion coupling,0.0,0.1476570915619389,CO2,high-entropy redox/ion coupling,both,False
C0B0DE2212C|C6C76863E52,0,0.2150885137916838,CO2,copper electrode,0.0,0.221310592459605,CO2,copper electrode,both,False
C0B0DE2212C|C7032A2F7AB,0,0.1671181556195965,CO2,hexacyanoferrate redox electrode,0.0,0.1749371633752244,CO2,hexacyanoferrate redox electrode,both,False
C0B0DE2212C|C7096F6ECC5,0,0.2222725401399753,CO2,imidazolium ionic-liquid phase transition electrolyte,0.0,0.2302648114901256,CO2,imidazolium ionic-liquid phase transition electrolyte,both,False
C0B0DE2212C|C7713A07951,0,0.2354013997529848,CO2,urea,0.0,0.2423249551166965,CO2,urea,both,False
C0B0DE2212C|C78B8F896F7,0,0.2377356937011115,CO2,polyacrylamide (PAM),0.0,0.2456149012567325,CO2,polyacrylamide (PAM),both,False
C0B0DE2212C|C78D65254F9,0,0.2653725813091807,CO2,phase transition,0.0,0.2712612208258528,CO2,phase transition,both,False
C0B0DE2212C|C7932B1CE8C,0,0.2089254837381638,CO2,chaotropic polymer-water disruption,0.0,0.2142998204667863,CO2,chaotropic polymer-water disruption,both,False
C0B0DE2212C|C7B823B5BB0,0,0.2651790860436394,CO2,poly(vinyl alcohol) (PVA),0.0,0.272975763016158,CO2,poly(vinyl alcohol) (PVA),both,False
C0B0DE2212C|C84C6A613D4,0,0.1764265129682997,CO2,cellulose nanofiber scaffold,0.0,0.1831912028725314,CO2,cellulose nanofiber scaffold,both,False
C0B0DE2212C|C872881EC3C,0,0.2338122684232194,CO2,gel-confined redox transport,0.0,0.2370062836624775,CO2,gel-confined redox transport,both,False
C0B0DE2212C|C8863595B3A,0,0.1857760395224372,CO2,temperature-dependent electrode potential,0.0,0.1940125673249551,CO2,temperature-dependent electrode potential,both,False
C0B0DE2212C|C893D3D6E7B,0,0.2186455331412103,CO2,iron electrode,0.0,0.2250269299820466,CO2,iron electrode,both,False
C0B0DE2212C|C8AD5B453CC,0,0.1834170440510498,CO2,ion diffusion,0.0,0.1892504488330341,CO2,ion diffusion,both,False
C0B0DE2212C|C95D66F92B2,0,0.2921284479209551,CO2,carbon nanotube family,0.0,0.2957854578096948,CO2,carbon nanotube family,both,False
C0B0DE2212C|C9642D16DCA,0,0.2555825442568958,CO2,graphene oxide,0.0,0.2606104129263913,CO2,graphene oxide,both,False
C0B0DE2212C|C97F8E13D1A,0,0.198509674763277,CO2,thermally regenerative electrochemical cycle,0.0,0.2058662477558348,CO2,thermally regenerative electrochemical cycle,both,False
C0B0DE2212C|C9B6878E079,0,0.2077192260189378,CO2,photothermal-thermoelectric coupling,0.0,0.2134425493716337,CO2,photothermal-thermoelectric coupling,both,False
C0B0DE2212C|CA6C42A1D77,0,0.3174969123095924,CO2,ferri/ferrocyanide family,0.0,0.324407540394973,CO2,ferri/ferrocyanide family,both,False
C0B0DE2212C|CA8C62A4868,0,0.2419061342116097,CO2,redox reaction entropy,0.0,0.2496095152603231,CO2,redox reaction entropy,both,False
C0B0DE2212C|CAAB7628B33,0,0.233713462330177,CO2,[C2mim],0.0,0.2387612208258527,CO2,[C2mim],both,False
C0B0DE2212C|CB56BB4DDB0,0,0.2647591601482091,CO2,carbon-electrode redox interface,0.0,0.2717369838420107,CO2,carbon-electrode redox interface,both,False
C0B0DE2212C|CBA7A0F0CA3,0,0.3285384932070811,CO2,thermogalvanic redox conversion,0.0,0.3347531418312388,CO2,thermogalvanic redox conversion,both,False
C0B0DE2212C|CBB2D87901B,0,0.2310209962947715,CO2,Li2CrO4,0.0,0.2359335727109515,CO2,Li2CrO4,both,False
C0B0DE2212C|CC028ABF9C6,0,0.2087813915191437,CO2,anti-freezing organohydrogel design,0.0,0.2137657091561938,CO2,anti-freezing organohydrogel design,both,False
C0B0DE2212C|CC5968B917E,0,0.2027089337175792,CO2,convection and mass transport,0.0,0.2098788150807899,CO2,convection and mass transport,both,False
C0B0DE2212C|CCAABE058E7,0,0.3035693701111568,CO2,ferri/ferrocyanide redox chemistry,0.0,0.3094210053859964,CO2,ferri/ferrocyanide redox chemistry,both,False
C0B0DE2212C|CD0FD071A10,0,0.2534829147797448,CO2,carbon cloth,0.0,0.2598563734290843,CO2,carbon cloth,both,False
C0B0DE2212C|CD3462DB8FF,0,0.2576327706875257,CO2,CuSO4,0.0,0.2637073608617594,CO2,CuSO4,both,False
C0B0DE2212C|CD486BA800F,0,0.1661053931659118,CO2,host-guest complexation,0.0,0.1739676840215439,CO2,host-guest complexation,both,False
C0B0DE2212C|CDAC0413DCA,0,0.2834252778921367,CO2,gelatin-based polymer family,0.0,0.2693447037701975,CO2,gelatin-based polymer family,both,False
C0B0DE2212C|CE2D00B183C,0,0.1582750102923013,CO2,redox-kinetics enhancement,0.0,0.1664272890484739,CO2,redox-kinetics enhancement,both,False
C0B0DE2212C|CE4B0E242E7,0,0.1818731988472622,CO2,interfacial charge transfer,0.0,0.1894344703770197,CO2,interfacial charge transfer,both,False
C0B0DE2212C|CE6FC512ED2,0,0.1778592013174145,CO2,dynamic crosslinked gel network,0.0,0.1796095152603231,CO2,dynamic crosslinked gel network,both,False
C0B0DE2212C|CEA29EF1A99,0,0.1983779333058872,CO2,thermal-gradient heat-transfer control,0.0,0.2003231597845601,CO2,thermal-gradient heat-transfer control,both,False
C0B0DE2212C|CEA9836CD32,0,0.1788266776451214,CO2,molten salt,0.0,0.186786355475763,CO2,molten salt,both,False
C0B0DE2212C|CEBF8E29E0A,0,0.2313668176204199,CO2,LiNO3,0.0,0.2362567324955116,CO2,LiNO3,both,False
C0B0DE2212C|CF203EF8121,0,0.1579785920131741,CO2,Eastman entropy of transfer,0.0,0.1662118491921005,CO2,Eastman entropy of transfer,both,False
C0B0DE2212C|CF2C5201A37,0,0.1883820502264306,CO2,porous-electrode area enhancement,0.0,0.194286355475763,CO2,porous-electrode area enhancement,both,False
C0B0DE2212C|CFAFB569EDB,0,0.2072828324413339,CO2,lithium bromide (LiBr),0.0,0.2146319569120287,CO2,lithium bromide (LiBr),both,False
C0B0DE2212C|CFBB5A400A1,0,0.2406710580485797,CO2,cation-anion thermodiffusion asymmetry,0.0,0.2480745062836624,CO2,cation-anion thermodiffusion asymmetry,both,False
C10C4FF4B6C|C188B56F6F1,0,0.6526389460683408,hydrogen bonding,ion-selectivity membrane transport,0.0,0.7161983842010772,hydrogen bonding,ion-selectivity membrane transport,both,False
C10C4FF4B6C|C22DFAA7132,0,0.6378880197612186,hydrogen bonding,H2SO4,0.0,0.6293447037701975,hydrogen bonding,H2SO4,both,False
C10C4FF4B6C|C237A8162E2,0,0.8268340881020996,hydrogen bonding,thermogalvanic corrosion,0.0,0.850520646319569,hydrogen bonding,thermogalvanic corrosion,both,False
C10C4FF4B6C|C23B9BED21A,0,0.5137628653766982,hydrogen bonding,ionic conduction,0.0,0.6039497307001795,hydrogen bonding,ionic conduction,both,False
C10C4FF4B6C|C25D09DDC57,1,0.8304405104981476,hydrogen bonding,Fe2+/Fe3+ solvation redox chemistry,1.0,0.8644748653500898,hydrogen bonding,Fe2+/Fe3+ solvation redox chemistry,both,False
C10C4FF4B6C|C2A8A04727D,0,0.7182297241663237,hydrogen bonding,guanidinium chloride (GdmCl),0.0,0.7646813285457811,hydrogen bonding,guanidinium chloride (GdmCl),both,False
C10C4FF4B6C|C3DA2C4151E,0,0.7462083161794978,hydrogen bonding,aqueous electrolyte,0.0,0.7912612208258527,hydrogen bonding,aqueous electrolyte,both,False
C10C4FF4B6C|C41BE9B5F0E,1,0.7020872787155207,hydrogen bonding,solvation-shell remodeling,1.0,0.7632405745062837,hydrogen bonding,solvation-shell remodeling,both,False
C10C4FF4B6C|C438FE53FF1,0,0.3263071222725401,hydrogen bonding,lithium chloride (LiCl),0.0,0.3370197486535009,hydrogen bonding,lithium chloride (LiCl),both,False
C10C4FF4B6C|C45C8AAD12E,0,0.8284479209551254,hydrogen bonding,charge-transfer resistance engineering,0.0,0.8524865350089766,hydrogen bonding,charge-transfer resistance engineering,both,False
C10C4FF4B6C|C46747A02A1,0,0.7960436393577605,hydrogen bonding,ion-pairing and complexation,0.0,0.8389856373429084,hydrogen bonding,ion-pairing and complexation,both,False
C10C4FF4B6C|C4B2BA55977,0,0.7725236722931247,hydrogen bonding,KNO3,0.0,0.803177737881508,hydrogen bonding,KNO3,both,False
C10C4FF4B6C|C4CEC954E12,0,0.7328447920955126,hydrogen bonding,platinum electrode,0.0,0.7664183123877917,hydrogen bonding,platinum electrode,both,False
C10C4FF4B6C|C5B8C057FAD,0,0.6900699876492383,hydrogen bonding,metal oxide,0.0,0.7389631956912028,hydrogen bonding,metal oxide,both,False
C10C4FF4B6C|C5E63317596,0,0.6672334293948126,hydrogen bonding,hierarchical porous electrode interface,0.0,0.7271678635547576,hydrogen bonding,hierarchical porous electrode interface,both,False
C10C4FF4B6C|C5FBBE86551,0,0.3103581720872787,hydrogen bonding,polyvinylidene fluoride (PVDF),0.0,0.320915619389587,hydrogen bonding,polyvinylidene fluoride (PVDF),both,False
C10C4FF4B6C|C6181968680,0,0.7596541786743516,hydrogen bonding,graphene,0.0,0.7943850987432675,hydrogen bonding,graphene,both,False
C10C4FF4B6C|C6210B1A223,0,0.6800411692054342,hydrogen bonding,reduced graphene oxide,0.0,0.7284066427289049,hydrogen bonding,reduced graphene oxide,both,False
C10C4FF4B6C|C6B063A770B,0,0.7051173322354879,hydrogen bonding,supramolecular host-guest redox entropy,0.0,0.6917953321364453,hydrogen bonding,supramolecular host-guest redox entropy,both,False
C10C4FF4B6C|C6C09287FDB,0,0.5665170852202552,hydrogen bonding,high-entropy redox/ion coupling,0.0,0.5673114901256732,hydrogen bonding,high-entropy redox/ion coupling,both,False
C10C4FF4B6C|C6C76863E52,0,0.2567476327706875,hydrogen bonding,copper electrode,0.0,0.2658168761220826,hydrogen bonding,copper electrode,both,False
C10C4FF4B6C|C7032A2F7AB,0,0.6039151914368053,hydrogen bonding,hexacyanoferrate redox electrode,0.0,0.6748563734290842,hydrogen bonding,hexacyanoferrate redox electrode,both,False
C10C4FF4B6C|C7096F6ECC5,0,0.7740304652120213,hydrogen bonding,imidazolium ionic-liquid phase transition electrolyte,0.0,0.7657450628366248,hydrogen bonding,imidazolium ionic-liquid phase transition electrolyte,both,False
C10C4FF4B6C|C7713A07951,0,0.7030629888843146,hydrogen bonding,urea,0.0,0.7484156193895871,hydrogen bonding,urea,both,False
C10C4FF4B6C|C78B8F896F7,0,0.7463894606834087,hydrogen bonding,polyacrylamide (PAM),0.0,0.7362971274685817,hydrogen bonding,polyacrylamide (PAM),both,False
C10C4FF4B6C|C78D65254F9,1,0.8449897076986413,hydrogen bonding,phase transition,1.0,0.8576481149012567,hydrogen bonding,phase transition,both,False
C10C4FF4B6C|C84C6A613D4,0,0.7572087278715522,hydrogen bonding,cellulose nanofiber scaffold,0.0,0.7484829443447037,hydrogen bonding,cellulose nanofiber scaffold,both,False
C10C4FF4B6C|C8863595B3A,0,0.5043268834911485,hydrogen bonding,temperature-dependent electrode potential,0.0,0.5113779174147217,hydrogen bonding,temperature-dependent electrode potential,both,False
C10C4FF4B6C|C893D3D6E7B,0,0.2385426101276245,hydrogen bonding,iron electrode,0.0,0.2461579892280072,hydrogen bonding,iron electrode,both,False
C10C4FF4B6C|C8AD5B453CC,0,0.513342939481268,hydrogen bonding,ion diffusion,0.0,0.5185547576301616,hydrogen bonding,ion diffusion,both,False
C10C4FF4B6C|C95D66F92B2,0,0.792013174145739,hydrogen bonding,carbon nanotube family,0.0,0.8171409335727109,hydrogen bonding,carbon nanotube family,both,False
C10C4FF4B6C|C9642D16DCA,0,0.6886867023466446,hydrogen bonding,graphene oxide,0.0,0.7333348294434471,hydrogen bonding,graphene oxide,both,False
C10C4FF4B6C|C97F8E13D1A,0,0.6058007410456978,hydrogen bonding,thermally regenerative electrochemical cycle,0.0,0.6704802513464991,hydrogen bonding,thermally regenerative electrochemical cycle,both,False
C10C4FF4B6C|CA6C42A1D77,1,0.869810621655002,hydrogen bonding,ferri/ferrocyanide family,,,,,left_only,False
C10C4FF4B6C|CA8C62A4868,1,0.9388431453272952,hydrogen bonding,redox reaction entropy,1.0,0.9413195691202872,hydrogen bonding,redox reaction entropy,both,False
C10C4FF4B6C|CAAB7628B33,0,0.3183532317826266,hydrogen bonding,[C2mim],0.0,0.3293716337522441,hydrogen bonding,[C2mim],both,False
C10C4FF4B6C|CB56BB4DDB0,0,0.871169205434335,hydrogen bonding,carbon-electrode redox interface,0.0,0.8845062836624776,hydrogen bonding,carbon-electrode redox interface,both,False
C10C4FF4B6C|CBB2D87901B,0,0.2823878139151914,hydrogen bonding,Li2CrO4,0.0,0.2902154398563734,hydrogen bonding,Li2CrO4,both,False
C10C4FF4B6C|CC506F97717,0,0.2766158913132976,hydrogen bonding,CO3,0.0,0.2839407540394972,hydrogen bonding,CO3,both,False
C10C4FF4B6C|CC5968B917E,0,0.5918690819267189,hydrogen bonding,convection and mass transport,0.0,0.6561535008976661,hydrogen bonding,convection and mass transport,both,False
C10C4FF4B6C|CD0FD071A10,0,0.689279538904899,hydrogen bonding,carbon cloth,0.0,0.7346274685816877,hydrogen bonding,carbon cloth,both,False
C10C4FF4B6C|CD3462DB8FF,0,0.6040222313709345,hydrogen bonding,CuSO4,0.0,0.670116696588869,hydrogen bonding,CuSO4,both,False
C10C4FF4B6C|CD486BA800F,0,0.7054631535611363,hydrogen bonding,host-guest complexation,0.0,0.6921723518850987,hydrogen bonding,host-guest complexation,both,False
C10C4FF4B6C|CE2D00B183C,0,0.6227871552079045,hydrogen bonding,redox-kinetics enhancement,0.0,0.6967773788150807,hydrogen bonding,redox-kinetics enhancement,both,False
C10C4FF4B6C|CE4B0E242E7,0,0.8009304240428158,hydrogen bonding,interfacial charge transfer,0.0,0.8367055655296229,hydrogen bonding,interfacial charge transfer,both,False
C10C4FF4B6C|CEA29EF1A99,1,0.6753272951832028,hydrogen bonding,thermal-gradient heat-transfer control,1.0,0.7188554757630161,hydrogen bonding,thermal-gradient heat-transfer control,both,False
C10C4FF4B6C|CEA9836CD32,0,0.5283779333058872,hydrogen bonding,molten salt,0.0,0.536826750448833,hydrogen bonding,molten salt,both,False
C10C4FF4B6C|CEBF8E29E0A,0,0.2815973651708522,hydrogen bonding,LiNO3,0.0,0.2894614003590664,hydrogen bonding,LiNO3,both,False
C10C4FF4B6C|CF203EF8121,0,0.7484561547962124,hydrogen bonding,Eastman entropy of transfer,0.0,0.8016023339317773,hydrogen bonding,Eastman entropy of transfer,both,False
C10C4FF4B6C|CF2C5201A37,0,0.6826348291477975,hydrogen bonding,porous-electrode area enhancement,0.0,0.7273967684021544,hydrogen bonding,porous-electrode area enhancement,both,False
C10C4FF4B6C|CFAFB569EDB,0,0.3313956360642239,hydrogen bonding,lithium bromide (LiBr),0.0,0.3408707360861759,hydrogen bonding,lithium bromide (LiBr),both,False
C10C4FF4B6C|CFBB5A400A1,0,0.6750926307122272,hydrogen bonding,cation-anion thermodiffusion asymmetry,0.0,0.670713644524237,hydrogen bonding,cation-anion thermodiffusion asymmetry,both,False
C10D3798CF7|C188B56F6F1,0,0.7565088513791683,selective solvation,ion-selectivity membrane transport,0.0,0.7431508078994613,selective solvation,ion-selectivity membrane transport,both,False
C10D3798CF7|C2106B674B9,0,0.7776327706875258,selective solvation,iodide/triiodide,0.0,0.7757136445242369,selective solvation,iodide/triiodide,both,False
C10D3798CF7|C22DFAA7132,1,0.6194359818855496,selective solvation,H2SO4,1.0,0.6110816876122083,selective solvation,H2SO4,both,False
C10D3798CF7|C237A8162E2,0,0.709324825030877,selective solvation,thermogalvanic corrosion,0.0,0.7082540394973071,selective solvation,thermogalvanic corrosion,both,False
C10D3798CF7|C23B9BED21A,0,0.703655825442569,selective solvation,ionic conduction,0.0,0.6961265709156194,selective solvation,ionic conduction,both,False
C10D3798CF7|C275FB7C4B0,0,0.7885261424454508,selective solvation,iodide/triiodide redox chemistry,0.0,0.785920107719928,selective solvation,iodide/triiodide redox chemistry,both,False
C10D3798CF7|C2A8A04727D,0,0.7766488266776451,selective solvation,guanidinium chloride (GdmCl),0.0,0.7791247755834829,selective solvation,guanidinium chloride (GdmCl),both,False
C10D3798CF7|C3F66DD37CA,0,0.7518979003705228,selective solvation,H2O,0.0,0.7894389587073609,selective solvation,H2O,both,False
C10D3798CF7|C438FE53FF1,0,0.2692424866200082,selective solvation,lithium chloride (LiCl),0.0,0.2787612208258528,selective solvation,lithium chloride (LiCl),both,False
C10D3798CF7|C45C8AAD12E,0,0.7092877727459859,selective solvation,charge-transfer resistance engineering,0.0,0.7049461400359066,selective solvation,charge-transfer resistance engineering,both,False
C10D3798CF7|C46747A02A1,0,0.698176204199259,selective solvation,ion-pairing and complexation,0.0,0.7582585278276481,selective solvation,ion-pairing and complexation,both,False
C10D3798CF7|C4B2BA55977,0,0.6991107451626183,selective solvation,KNO3,0.0,0.6846543985637342,selective solvation,KNO3,both,False
C10D3798CF7|C4CEC954E12,0,0.6738534376286537,selective solvation,platinum electrode,0.0,0.6718985637342909,selective solvation,platinum electrode,both,False
C10D3798CF7|C5B8C057FAD,0,0.6380979827089336,selective solvation,metal oxide,0.0,0.6862836624775583,selective solvation,metal oxide,both,False
C10D3798CF7|C5E63317596,0,0.5204034582132564,selective solvation,hierarchical porous electrode interface,0.0,0.6098249551166965,selective solvation,hierarchical porous electrode interface,both,False
C10D3798CF7|C5FBBE86551,0,0.4461547962124331,selective solvation,polyvinylidene fluoride (PVDF),0.0,0.4540125673249551,selective solvation,polyvinylidene fluoride (PVDF),both,False
C10D3798CF7|C6181968680,0,0.714396871140387,selective solvation,graphene,0.0,0.7087522441651706,selective solvation,graphene,both,False
C10D3798CF7|C6210B1A223,0,0.6427171675586661,selective solvation,reduced graphene oxide,0.0,0.6297710951526032,selective solvation,reduced graphene oxide,both,False
C10D3798CF7|C6B063A770B,1,0.547863318237958,selective solvation,supramolecular host-guest redox entropy,1.0,0.5491247755834829,selective solvation,supramolecular host-guest redox entropy,both,False
C10D3798CF7|C6C09287FDB,1,0.5170358172087278,selective solvation,high-entropy redox/ion coupling,1.0,0.5175897666068223,selective solvation,high-entropy redox/ion coupling,both,False
C10D3798CF7|C6C76863E52,1,0.1988431453272952,selective solvation,copper electrode,1.0,0.2069120287253142,selective solvation,copper electrode,both,False
C10D3798CF7|C7032A2F7AB,0,0.6237587484561549,selective solvation,hexacyanoferrate redox electrode,0.0,0.6179712746858168,selective solvation,hexacyanoferrate redox electrode,both,False
C10D3798CF7|C7096F6ECC5,0,0.6196047756278305,selective solvation,imidazolium ionic-liquid phase transition electrolyte,0.0,0.6100942549371633,selective solvation,imidazolium ionic-liquid phase transition electrolyte,both,False
C10D3798CF7|C7713A07951,0,0.7500699876492384,selective solvation,urea,0.0,0.7517639138240575,selective solvation,urea,both,False
C10D3798CF7|C78B8F896F7,0,0.5397200494030465,selective solvation,polyacrylamide (PAM),0.0,0.5448294434470377,selective solvation,polyacrylamide (PAM),both,False
C10D3798CF7|C78D65254F9,0,0.7099217785096749,selective solvation,phase transition,0.0,0.6987163375224416,selective solvation,phase transition,both,False
C10D3798CF7|C7B823B5BB0,1,0.7637011115685467,selective solvation,poly(vinyl alcohol) (PVA),1.0,0.8011086175942549,selective solvation,poly(vinyl alcohol) (PVA),both,False
C10D3798CF7|C84C6A613D4,0,0.5069658295594894,selective solvation,cellulose nanofiber scaffold,0.0,0.5078815080789947,selective solvation,cellulose nanofiber scaffold,both,False
C10D3798CF7|C872881EC3C,1,0.855537258130918,selective solvation,gel-confined redox transport,1.0,0.8564003590664273,selective solvation,gel-confined redox transport,both,False
C10D3798CF7|C8863595B3A,0,0.2723672293124742,selective solvation,temperature-dependent electrode potential,0.0,0.2814317773788151,selective solvation,temperature-dependent electrode potential,both,False
C10D3798CF7|C893D3D6E7B,0,0.1941745574310416,selective solvation,iron electrode,0.0,0.2021992818671454,selective solvation,iron electrode,both,False
C10D3798CF7|C8AD5B453CC,0,0.518946068340881,selective solvation,ion diffusion,0.0,0.521588868940754,selective solvation,ion diffusion,both,False
C10D3798CF7|C95D66F92B2,0,0.7172622478386168,selective solvation,carbon nanotube family,0.0,0.704012567324955,selective solvation,carbon nanotube family,both,False
C10D3798CF7|C9642D16DCA,0,0.6295759571840264,selective solvation,graphene oxide,0.0,0.6197531418312388,selective solvation,graphene oxide,both,False
C10D3798CF7|C97F8E13D1A,1,0.4824619184849732,selective solvation,thermally regenerative electrochemical cycle,1.0,0.5695915619389587,selective solvation,thermally regenerative electrochemical cycle,both,False
C10D3798CF7|C9B6878E079,0,0.5763976945244956,selective solvation,photothermal-thermoelectric coupling,0.0,0.5804533213644524,selective solvation,photothermal-thermoelectric coupling,both,False
C10D3798CF7|CA6C42A1D77,1,0.7103952243721696,ferri/ferrocyanide family,selective solvation,,,,,left_only,False
C10D3798CF7|CAAB7628B33,0,0.2609427748044463,selective solvation,[C2mim],0.0,0.2707899461400359,selective solvation,[C2mim],both,False
C10D3798CF7|CB56BB4DDB0,0,0.7867970358172085,selective solvation,carbon-electrode redox interface,0.0,0.7857854578096947,selective solvation,carbon-electrode redox interface,both,False
C10D3798CF7|CBA7A0F0CA3,1,0.8820049403046522,selective solvation,thermogalvanic redox conversion,1.0,0.8847127468581688,selective solvation,thermogalvanic redox conversion,both,False
C10D3798CF7|CBB2D87901B,0,0.2181597365170852,selective solvation,Li2CrO4,0.0,0.2271633752244164,selective solvation,Li2CrO4,both,False
C10D3798CF7|CC506F97717,0,0.2251873198847262,selective solvation,CO3,0.0,0.2331732495511669,selective solvation,CO3,both,False
C10D3798CF7|CC5968B917E,1,0.7284273363524083,selective solvation,convection and mass transport,1.0,0.7227289048473966,selective solvation,convection and mass transport,both,False
C10D3798CF7|CD0FD071A10,0,0.6399752984767394,selective solvation,carbon cloth,0.0,0.6317100538599641,selective solvation,carbon cloth,both,False
C10D3798CF7|CD3462DB8FF,1,0.7462412515438452,selective solvation,CuSO4,1.0,0.743456014362657,selective solvation,CuSO4,both,False
C10D3798CF7|CD486BA800F,1,0.5467270481679704,selective solvation,host-guest complexation,1.0,0.5478859964093357,selective solvation,host-guest complexation,both,False
C10D3798CF7|CDAC0413DCA,0,0.8388349114862083,selective solvation,gelatin-based polymer family,0.0,0.8122262118491921,selective solvation,gelatin-based polymer family,both,False
C10D3798CF7|CE2D00B183C,0,0.5692548373816385,selective solvation,redox-kinetics enhancement,0.0,0.6438779174147218,selective solvation,redox-kinetics enhancement,both,False
C10D3798CF7|CE4B0E242E7,0,0.6723342939481268,selective solvation,interfacial charge transfer,0.0,0.6619524236983843,selective solvation,interfacial charge transfer,both,False
C10D3798CF7|CE6FC512ED2,0,0.4979003705228489,selective solvation,dynamic crosslinked gel network,0.0,0.4932315978456014,selective solvation,dynamic crosslinked gel network,both,False
C10D3798CF7|CEA29EF1A99,0,0.7710662824207491,selective solvation,thermal-gradient heat-transfer control,0.0,0.7672800718132855,selective solvation,thermal-gradient heat-transfer control,both,False
C10D3798CF7|CEA9836CD32,0,0.5198270893371757,selective solvation,molten salt,0.0,0.5219254937163376,selective solvation,molten salt,both,False
C10D3798CF7|CEBF8E29E0A,0,0.2273487031700288,selective solvation,LiNO3,0.0,0.2362118491921005,selective solvation,LiNO3,both,False
C10D3798CF7|CF203EF8121,0,0.7596912309592424,selective solvation,Eastman entropy of transfer,0.0,0.7949281867145421,selective solvation,Eastman entropy of transfer,both,False
C10D3798CF7|CF2C5201A37,0,0.7387278715520791,selective solvation,porous-electrode area enhancement,0.0,0.7344165170556552,selective solvation,porous-electrode area enhancement,both,False
C10D3798CF7|CFAFB569EDB,0,0.2768999588307945,selective solvation,lithium bromide (LiBr),0.0,0.2874596050269299,selective solvation,lithium bromide (LiBr),both,False
C10D3798CF7|CFBB5A400A1,0,0.6663359407163443,selective solvation,cation-anion thermodiffusion asymmetry,0.0,0.6558168761220825,selective solvation,cation-anion thermodiffusion asymmetry,both,False
C188B56F6F1|C2106B674B9,0,0.7874598600247015,ion-selectivity membrane transport,iodide/triiodide,0.0,0.782657091561939,ion-selectivity membrane transport,iodide/triiodide,both,False
C188B56F6F1|C22DFAA7132,0,0.5895677233429395,ion-selectivity membrane transport,H2SO4,0.0,0.5841068222621185,ion-selectivity membrane transport,H2SO4,both,False
C188B56F6F1|C237A8162E2,0,0.7082009057225196,ion-selectivity membrane transport,thermogalvanic corrosion,0.0,0.6981059245960501,ion-selectivity membrane transport,thermogalvanic corrosion,both,False
C188B56F6F1|C23B9BED21A,0,0.6637958007410457,ion-selectivity membrane transport,ionic conduction,0.0,0.6551750448833032,ion-selectivity membrane transport,ionic conduction,both,False
C188B56F6F1|C25D09DDC57,1,0.880922190201729,ion-selectivity membrane transport,Fe2+/Fe3+ solvation redox chemistry,1.0,0.7998877917414721,ion-selectivity membrane transport,Fe2+/Fe3+ solvation redox chemistry,both,False
C188B56F6F1|C275FB7C4B0,0,0.8253025936599422,ion-selectivity membrane transport,iodide/triiodide redox chemistry,0.0,0.8224326750448833,ion-selectivity membrane transport,iodide/triiodide redox chemistry,both,False
C188B56F6F1|C3002C089A5,1,0.9219308357348702,ion-selectivity membrane transport,ionic thermodiffusion (Soret effect),1.0,0.9213240574506284,ion-selectivity membrane transport,ionic thermodiffusion (Soret effect),both,False
C188B56F6F1|C3DA2C4151E,0,0.7942116097159324,ion-selectivity membrane transport,aqueous electrolyte,0.0,0.794367145421903,ion-selectivity membrane transport,aqueous electrolyte,both,False
C188B56F6F1|C3F66DD37CA,1,0.5066694112803622,ion-selectivity membrane transport,H2O,1.0,0.5971947935368043,ion-selectivity membrane transport,H2O,both,False
C188B56F6F1|C41BE9B5F0E,0,0.7180279950596953,ion-selectivity membrane transport,solvation-shell remodeling,0.0,0.7055610412926391,ion-selectivity membrane transport,solvation-shell remodeling,both,False
C188B56F6F1|C438FE53FF1,0,0.2806916426512968,ion-selectivity membrane transport,lithium chloride (LiCl),0.0,0.2868447037701975,ion-selectivity membrane transport,lithium chloride (LiCl),both,False
C188B56F6F1|C45C8AAD12E,0,0.8455125566076575,ion-selectivity membrane transport,charge-transfer resistance engineering,0.0,0.8433886894075403,ion-selectivity membrane transport,charge-transfer resistance engineering,both,False
C188B56F6F1|C4B2BA55977,0,0.6877933305887197,ion-selectivity membrane transport,KNO3,0.0,0.6754802513464989,ion-selectivity membrane transport,KNO3,both,False
C188B56F6F1|C4CEC954E12,0,0.721169205434335,ion-selectivity membrane transport,platinum electrode,0.0,0.7133213644524237,ion-selectivity membrane transport,platinum electrode,both,False
C188B56F6F1|C5B8C057FAD,0,0.5696335940716344,ion-selectivity membrane transport,metal oxide,0.0,0.641467684021544,ion-selectivity membrane transport,metal oxide,both,False
C188B56F6F1|C5E47CC0A62,0,0.8539357760395223,ion-selectivity membrane transport,Hofmeister/chaotropic effect,0.0,0.8488016157989227,ion-selectivity membrane transport,Hofmeister/chaotropic effect,both,False
C188B56F6F1|C5FBBE86551,0,0.248205022643063,ion-selectivity membrane transport,polyvinylidene fluoride (PVDF),0.0,0.252302513464991,ion-selectivity membrane transport,polyvinylidene fluoride (PVDF),both,False
C188B56F6F1|C6181968680,1,0.7743680526965828,ion-selectivity membrane transport,graphene,1.0,0.6435906642728904,ion-selectivity membrane transport,graphene,both,False
C188B56F6F1|C6210B1A223,0,0.7115561959654179,ion-selectivity membrane transport,reduced graphene oxide,0.0,0.6257405745062836,ion-selectivity membrane transport,reduced graphene oxide,both,False
C188B56F6F1|C6B063A770B,0,0.6470769864141622,ion-selectivity membrane transport,supramolecular host-guest redox entropy,0.0,0.6367190305206463,ion-selectivity membrane transport,supramolecular host-guest redox entropy,both,False
C188B56F6F1|C6C76863E52,0,0.2467023466447097,ion-selectivity membrane transport,copper electrode,0.0,0.251350987432675,ion-selectivity membrane transport,copper electrode,both,False
C188B56F6F1|C7032A2F7AB,0,0.7534540963359406,ion-selectivity membrane transport,hexacyanoferrate redox electrode,0.0,0.7482764811490125,ion-selectivity membrane transport,hexacyanoferrate redox electrode,both,False
C188B56F6F1|C7096F6ECC5,0,0.6450185261424456,ion-selectivity membrane transport,imidazolium ionic-liquid phase transition electrolyte,0.0,0.6389048473967683,ion-selectivity membrane transport,imidazolium ionic-liquid phase transition electrolyte,both,False
C188B56F6F1|C78B8F896F7,0,0.4791724989707698,ion-selectivity membrane transport,polyacrylamide (PAM),0.0,0.479169658886894,ion-selectivity membrane transport,polyacrylamide (PAM),both,False
C188B56F6F1|C78D65254F9,0,0.7577027583367641,ion-selectivity membrane transport,phase transition,0.0,0.7513779174147218,ion-selectivity membrane transport,phase transition,both,False
C188B56F6F1|C7932B1CE8C,0,0.8421696171263893,ion-selectivity membrane transport,chaotropic polymer-water disruption,0.0,0.8397890484739676,ion-selectivity membrane transport,chaotropic polymer-water disruption,both,False
C188B56F6F1|C7B823B5BB0,0,0.5723713462330178,ion-selectivity membrane transport,poly(vinyl alcohol) (PVA),0.0,0.6395780969479353,ion-selectivity membrane transport,poly(vinyl alcohol) (PVA),both,False
C188B56F6F1|C84C6A613D4,1,0.5937381638534377,ion-selectivity membrane transport,cellulose nanofiber scaffold,1.0,0.5776660682226211,ion-selectivity membrane transport,cellulose nanofiber scaffold,both,False
C188B56F6F1|C872881EC3C,1,0.826496500617538,ion-selectivity membrane transport,gel-confined redox transport,1.0,0.7438016157989229,ion-selectivity membrane transport,gel-confined redox transport,both,False
C188B56F6F1|C8863595B3A,0,0.632004940304652,ion-selectivity membrane transport,temperature-dependent electrode potential,0.0,0.6243402154398564,ion-selectivity membrane transport,temperature-dependent electrode potential,both,False
C188B56F6F1|C893D3D6E7B,0,0.2501852614244545,ion-selectivity membrane transport,iron electrode,0.0,0.2569254937163375,ion-selectivity membrane transport,iron electrode,both,False
C188B56F6F1|C8AD5B453CC,1,0.3683738163853437,ion-selectivity membrane transport,ion diffusion,1.0,0.3705745062836625,ion-selectivity membrane transport,ion diffusion,both,False
C188B56F6F1|C95D66F92B2,0,0.8010580485796623,ion-selectivity membrane transport,carbon nanotube family,0.0,0.7619210053859963,ion-selectivity membrane transport,carbon nanotube family,both,False
C188B56F6F1|C9642D16DCA,1,0.7558707286949362,ion-selectivity membrane transport,graphene oxide,1.0,0.6231283662477558,ion-selectivity membrane transport,graphene oxide,both,False
C188B56F6F1|C9B6878E079,1,0.5242116097159325,ion-selectivity membrane transport,photothermal-thermoelectric coupling,1.0,0.5256238779174147,ion-selectivity membrane transport,photothermal-thermoelectric coupling,both,False
C188B56F6F1|CA6C42A1D77,0,0.6899876492383696,ferri/ferrocyanide family,ion-selectivity membrane transport,,,,,left_only,False
C188B56F6F1|CAAB7628B33,0,0.239687114038699,ion-selectivity membrane transport,[C2mim],0.0,0.2443491921005386,ion-selectivity membrane transport,[C2mim],both,False
C188B56F6F1|CB56BB4DDB0,0,0.8295265541375051,ion-selectivity membrane transport,carbon-electrode redox interface,0.0,0.7766382405745063,ion-selectivity membrane transport,carbon-electrode redox interface,both,False
C188B56F6F1|CBB2D87901B,0,0.2278056813503499,ion-selectivity membrane transport,Li2CrO4,0.0,0.2330385996409335,ion-selectivity membrane transport,Li2CrO4,both,False
C188B56F6F1|CC028ABF9C6,0,0.6604528612597776,ion-selectivity membrane transport,anti-freezing organohydrogel design,0.0,0.6474147217235189,ion-selectivity membrane transport,anti-freezing organohydrogel design,both,False
C188B56F6F1|CC506F97717,0,0.2102140798682585,ion-selectivity membrane transport,CO3,0.0,0.2137387791741472,ion-selectivity membrane transport,CO3,both,False
C188B56F6F1|CC5968B917E,0,0.7542116097159325,ion-selectivity membrane transport,convection and mass transport,0.0,0.7411849192100538,ion-selectivity membrane transport,convection and mass transport,both,False
C188B56F6F1|CD0FD071A10,0,0.7765459036640594,ion-selectivity membrane transport,carbon cloth,0.0,0.72270197486535,ion-selectivity membrane transport,carbon cloth,both,False
C188B56F6F1|CD3462DB8FF,0,0.7290695759571841,ion-selectivity membrane transport,CuSO4,0.0,0.7185547576301614,ion-selectivity membrane transport,CuSO4,both,False
C188B56F6F1|CD486BA800F,0,0.6497941539728284,ion-selectivity membrane transport,host-guest complexation,0.0,0.6392504488330342,ion-selectivity membrane transport,host-guest complexation,both,False
C188B56F6F1|CDAC0413DCA,0,0.7805516673528201,ion-selectivity membrane transport,gelatin-based polymer family,0.0,0.7700134649910233,ion-selectivity membrane transport,gelatin-based polymer family,both,False
C188B56F6F1|CE2D00B183C,0,0.5906834088102099,ion-selectivity membrane transport,redox-kinetics enhancement,0.0,0.6660996409335728,ion-selectivity membrane transport,redox-kinetics enhancement,both,False
C188B56F6F1|CE4B0E242E7,0,0.8139193083573486,ion-selectivity membrane transport,interfacial charge transfer,0.0,0.8068043087971274,ion-selectivity membrane transport,interfacial charge transfer,both,False
C188B56F6F1|CE6FC512ED2,0,0.4790242898312062,ion-selectivity membrane transport,dynamic crosslinked gel network,0.0,0.485713644524237,ion-selectivity membrane transport,dynamic crosslinked gel network,both,False
C188B56F6F1|CEA29EF1A99,0,0.8089337175792508,ion-selectivity membrane transport,thermal-gradient heat-transfer control,0.0,0.7547576301615799,ion-selectivity membrane transport,thermal-gradient heat-transfer control,both,False
C188B56F6F1|CEA9836CD32,0,0.5719349526554137,ion-selectivity membrane transport,molten salt,0.0,0.5670780969479354,ion-selectivity membrane transport,molten salt,both,False
C188B56F6F1|CEBF8E29E0A,0,0.2134787978592013,ion-selectivity membrane transport,LiNO3,0.0,0.2179578096947935,ion-selectivity membrane transport,LiNO3,both,False
C188B56F6F1|CF203EF8121,0,0.7096088925483737,ion-selectivity membrane transport,Eastman entropy of transfer,0.0,0.7592100538599641,ion-selectivity membrane transport,Eastman entropy of transfer,both,False
C188B56F6F1|CFAFB569EDB,0,0.2726142445450803,ion-selectivity membrane transport,lithium bromide (LiBr),0.0,0.2769344703770197,ion-selectivity membrane transport,lithium bromide (LiBr),both,False
C188B56F6F1|CFBB5A400A1,1,0.6851914368052696,ion-selectivity membrane transport,cation-anion thermodiffusion asymmetry,1.0,0.6757450628366247,ion-selectivity membrane transport,cation-anion thermodiffusion asymmetry,both,False
C2106B674B9|C22DFAA7132,0,0.622202552490737,iodide/triiodide,H2SO4,0.0,0.6159829443447038,iodide/triiodide,H2SO4,both,False
C2106B674B9|C23B9BED21A,0,0.5642280773981062,iodide/triiodide,ionic conduction,0.0,0.559564631956912,iodide/triiodide,ionic conduction,both,False
C2106B674B9|C25D09DDC57,0,0.881272128447921,iodide/triiodide,Fe2+/Fe3+ solvation redox chemistry,0.0,0.8811983842010771,iodide/triiodide,Fe2+/Fe3+ solvation redox chemistry,both,False
C2106B674B9|C2A8A04727D,0,0.8127624536846438,iodide/triiodide,guanidinium chloride (GdmCl),0.0,0.8123025134649909,iodide/triiodide,guanidinium chloride (GdmCl),both,False
C2106B674B9|C3002C089A5,1,0.8284396871140387,iodide/triiodide,ionic thermodiffusion (Soret effect),1.0,0.8274102333931778,iodide/triiodide,ionic thermodiffusion (Soret effect),both,False
C2106B674B9|C3DA2C4151E,0,0.7642857142857142,iodide/triiodide,aqueous electrolyte,0.0,0.7608078994614003,iodide/triiodide,aqueous electrolyte,both,False
C2106B674B9|C3F66DD37CA,0,0.794730341704405,iodide/triiodide,H2O,0.0,0.835866247755835,iodide/triiodide,H2O,both,False
C2106B674B9|C41BE9B5F0E,0,0.6668752573075339,iodide/triiodide,solvation-shell remodeling,0.0,0.656108617594255,iodide/triiodide,solvation-shell remodeling,both,False
C2106B674B9|C438FE53FF1,0,0.3029353643474681,iodide/triiodide,lithium chloride (LiCl),0.0,0.3123698384201077,iodide/triiodide,lithium chloride (LiCl),both,False
C2106B674B9|C45C8AAD12E,0,0.7759818855496089,iodide/triiodide,charge-transfer resistance engineering,0.0,0.7742504488330342,iodide/triiodide,charge-transfer resistance engineering,both,False
C2106B674B9|C4B2BA55977,0,0.7123260601070399,iodide/triiodide,KNO3,0.0,0.6973114901256733,iodide/triiodide,KNO3,both,False
C2106B674B9|C5B8C057FAD,0,0.7210703993412927,iodide/triiodide,metal oxide,0.0,0.7744793536804309,iodide/triiodide,metal oxide,both,False
C2106B674B9|C5E47CC0A62,0,0.7617291066282421,iodide/triiodide,Hofmeister/chaotropic effect,1.0,0.7614587073608619,iodide/triiodide,Hofmeister/chaotropic effect,both,True
C2106B674B9|C5E63317596,0,0.533618773157678,iodide/triiodide,hierarchical porous electrode interface,0.0,0.6179308797127467,iodide/triiodide,hierarchical porous electrode interface,both,False
C2106B674B9|C5FBBE86551,0,0.3260189378344998,iodide/triiodide,polyvinylidene fluoride (PVDF),0.0,0.3347531418312387,iodide/triiodide,polyvinylidene fluoride (PVDF),both,False
C2106B674B9|C6181968680,0,0.8366200082338411,iodide/triiodide,graphene,0.0,0.83536355475763,iodide/triiodide,graphene,both,False
C2106B674B9|C6210B1A223,0,0.6996788801976122,iodide/triiodide,reduced graphene oxide,0.0,0.6890170556552964,iodide/triiodide,reduced graphene oxide,both,False
C2106B674B9|C6C09287FDB,0,0.2622025524907369,iodide/triiodide,high-entropy redox/ion coupling,0.0,0.2722172351885099,iodide/triiodide,high-entropy redox/ion coupling,both,False
C2106B674B9|C6C76863E52,0,0.5176780568135035,iodide/triiodide,copper electrode,0.0,0.5225987432675044,iodide/triiodide,copper electrode,both,False
C2106B674B9|C7032A2F7AB,0,0.6626636475916015,iodide/triiodide,hexacyanoferrate redox electrode,0.0,0.6526840215439855,iodide/triiodide,hexacyanoferrate redox electrode,both,False
C2106B674B9|C7096F6ECC5,0,0.7906257719226019,iodide/triiodide,imidazolium ionic-liquid phase transition electrolyte,0.0,0.7895556552962296,iodide/triiodide,imidazolium ionic-liquid phase transition electrolyte,both,False
C2106B674B9|C7713A07951,0,0.831387402223137,iodide/triiodide,urea,0.0,0.8302378815080789,iodide/triiodide,urea,both,False
C2106B674B9|C78B8F896F7,0,0.7607616303005352,iodide/triiodide,polyacrylamide (PAM),0.0,0.7493491921005385,iodide/triiodide,polyacrylamide (PAM),both,False
C2106B674B9|C7B823B5BB0,1,0.8459324825030876,iodide/triiodide,poly(vinyl alcohol) (PVA),1.0,0.8692684021543984,iodide/triiodide,poly(vinyl alcohol) (PVA),both,False
C2106B674B9|C8863595B3A,0,0.4518361465623713,iodide/triiodide,temperature-dependent electrode potential,0.0,0.4587522441651704,iodide/triiodide,temperature-dependent electrode potential,both,False
C2106B674B9|C893D3D6E7B,0,0.4980897488678468,iodide/triiodide,iron electrode,0.0,0.5032091561938958,iodide/triiodide,iron electrode,both,False
C2106B674B9|C8AD5B453CC,0,0.2743145327295183,iodide/triiodide,ion diffusion,0.0,0.2818447037701974,iodide/triiodide,ion diffusion,both,False
C2106B674B9|C95D66F92B2,0,0.8553808151502675,iodide/triiodide,carbon nanotube family,0.0,0.8524910233393177,iodide/triiodide,carbon nanotube family,both,False
C2106B674B9|C9642D16DCA,0,0.8133058871963771,iodide/triiodide,graphene oxide,0.0,0.8106328545780971,iodide/triiodide,graphene oxide,both,False
C2106B674B9|C97F8E13D1A,0,0.582107863318238,iodide/triiodide,thermally regenerative electrochemical cycle,0.0,0.6474461400359066,iodide/triiodide,thermally regenerative electrochemical cycle,both,False
C2106B674B9|C9B6878E079,0,0.7143927542198436,iodide/triiodide,photothermal-thermoelectric coupling,0.0,0.7034021543985637,iodide/triiodide,photothermal-thermoelectric coupling,both,False
C2106B674B9|CA6C42A1D77,0,0.8478592013174147,ferri/ferrocyanide family,iodide/triiodide,,,,,left_only,False
C2106B674B9|CAAB7628B33,0,0.3128159736517085,iodide/triiodide,[C2mim],0.0,0.3223339317773788,iodide/triiodide,[C2mim],both,False
C2106B674B9|CBB2D87901B,0,0.3014285714285714,iodide/triiodide,Li2CrO4,0.0,0.3102423698384201,iodide/triiodide,Li2CrO4,both,False
C2106B674B9|CC028ABF9C6,1,0.8448662000823385,iodide/triiodide,anti-freezing organohydrogel design,1.0,0.8452019748653501,iodide/triiodide,anti-freezing organohydrogel design,both,False
C2106B674B9|CC506F97717,0,0.2776286537669823,iodide/triiodide,CO3,0.0,0.2856328545780969,iodide/triiodide,CO3,both,False
C2106B674B9|CC5968B917E,0,0.7105681350349938,iodide/triiodide,convection and mass transport,0.0,0.7059784560143626,iodide/triiodide,convection and mass transport,both,False
C2106B674B9|CD0FD071A10,0,0.8278303828736105,iodide/triiodide,carbon cloth,0.0,0.8256059245960503,iodide/triiodide,carbon cloth,both,False
C2106B674B9|CD3462DB8FF,0,0.7786496500617538,iodide/triiodide,CuSO4,0.0,0.7693895870736085,iodide/triiodide,CuSO4,both,False
C2106B674B9|CDAC0413DCA,1,0.8665994236311239,iodide/triiodide,gelatin-based polymer family,1.0,0.8614542190305207,iodide/triiodide,gelatin-based polymer family,both,False
C2106B674B9|CE2D00B183C,0,0.6819802387813915,iodide/triiodide,redox-kinetics enhancement,0.0,0.7364766606822262,iodide/triiodide,redox-kinetics enhancement,both,False
C2106B674B9|CE4B0E242E7,0,0.760691642651297,iodide/triiodide,interfacial charge transfer,0.0,0.7559245960502693,iodide/triiodide,interfacial charge transfer,both,False
C2106B674B9|CE6FC512ED2,0,0.7184232194318649,iodide/triiodide,dynamic crosslinked gel network,0.0,0.7012522441651705,iodide/triiodide,dynamic crosslinked gel network,both,False
C2106B674B9|CEA29EF1A99,0,0.7232935364347468,iodide/triiodide,thermal-gradient heat-transfer control,0.0,0.7179308797127469,iodide/triiodide,thermal-gradient heat-transfer control,both,False
C2106B674B9|CEA9836CD32,0,0.577159324825031,iodide/triiodide,molten salt,0.0,0.5752603231597846,iodide/triiodide,molten salt,both,False
C2106B674B9|CEBF8E29E0A,0,0.3051337999176616,iodide/triiodide,LiNO3,0.0,0.313850987432675,iodide/triiodide,LiNO3,both,False
C2106B674B9|CF203EF8121,0,0.6199300123507616,iodide/triiodide,Eastman entropy of transfer,0.0,0.6742953321364451,iodide/triiodide,Eastman entropy of transfer,both,False
C2106B674B9|CF2C5201A37,0,0.7425072046109511,iodide/triiodide,porous-electrode area enhancement,0.0,0.7385637342908438,iodide/triiodide,porous-electrode area enhancement,both,False
C2106B674B9|CFAFB569EDB,0,0.5131576780568136,iodide/triiodide,lithium bromide (LiBr),0.0,0.5198518850987432,iodide/triiodide,lithium bromide (LiBr),both,False
C2106B674B9|CFBB5A400A1,0,0.6104857966241252,iodide/triiodide,cation-anion thermodiffusion asymmetry,0.0,0.6051077199281867,iodide/triiodide,cation-anion thermodiffusion asymmetry,both,False
C22DFAA7132|C237A8162E2,0,0.5266364759160148,H2SO4,thermogalvanic corrosion,0.0,0.5212028725314184,H2SO4,thermogalvanic corrosion,both,False
C22DFAA7132|C23B9BED21A,0,0.6350720461095101,H2SO4,ionic conduction,0.0,0.6303859964093357,H2SO4,ionic conduction,both,False
C22DFAA7132|C25D09DDC57,0,0.8055537258130916,H2SO4,Fe2+/Fe3+ solvation redox chemistry,0.0,0.7999685816876122,H2SO4,Fe2+/Fe3+ solvation redox chemistry,both,False
C22DFAA7132|C275FB7C4B0,0,0.6102964182791272,H2SO4,iodide/triiodide redox chemistry,0.0,0.6060727109515262,H2SO4,iodide/triiodide redox chemistry,both,False
C22DFAA7132|C2A8A04727D,0,0.4849732400164677,H2SO4,guanidinium chloride (GdmCl),0.0,0.4960188509874326,H2SO4,guanidinium chloride (GdmCl),both,False
C22DFAA7132|C3002C089A5,0,0.5987402223137093,H2SO4,ionic thermodiffusion (Soret effect),0.0,0.5924551166965889,H2SO4,ionic thermodiffusion (Soret effect),both,False
C22DFAA7132|C3F66DD37CA,0,0.5155043227665705,H2SO4,H2O,0.0,0.5248070017953321,H2SO4,H2O,both,False
C22DFAA7132|C41BE9B5F0E,0,0.6130506381226842,H2SO4,solvation-shell remodeling,0.0,0.606822262118492,H2SO4,solvation-shell remodeling,both,False
C22DFAA7132|C438FE53FF1,0,0.2320337587484561,H2SO4,lithium chloride (LiCl),0.0,0.2405116696588869,H2SO4,lithium chloride (LiCl),both,False
C22DFAA7132|C45C8AAD12E,0,0.6752367229312475,H2SO4,charge-transfer resistance engineering,0.0,0.6707675044883303,H2SO4,charge-transfer resistance engineering,both,False
C22DFAA7132|C46747A02A1,0,0.5233923425277892,H2SO4,ion-pairing and complexation,0.0,0.538096947935368,H2SO4,ion-pairing and complexation,both,False
C22DFAA7132|C4B2BA55977,0,0.6128036228900782,H2SO4,KNO3,0.0,0.6049640933572711,H2SO4,KNO3,both,False
C22DFAA7132|C4CEC954E12,0,0.6743392342527789,H2SO4,platinum electrode,0.0,0.666786355475763,H2SO4,platinum electrode,both,False
C22DFAA7132|C5B8C057FAD,0,0.6879827089337175,H2SO4,metal oxide,0.0,0.6845421903052065,H2SO4,metal oxide,both,False
C22DFAA7132|C5E47CC0A62,0,0.4628159736517085,H2SO4,Hofmeister/chaotropic effect,0.0,0.4757405745062836,H2SO4,Hofmeister/chaotropic effect,both,False
C22DFAA7132|C5E63317596,0,0.4786372993001235,H2SO4,hierarchical porous electrode interface,0.0,0.492226211849192,H2SO4,hierarchical porous electrode interface,both,False
C22DFAA7132|C5FBBE86551,0,0.254149855907781,H2SO4,polyvinylidene fluoride (PVDF),0.0,0.2632495511669659,H2SO4,polyvinylidene fluoride (PVDF),both,False
C22DFAA7132|C6181968680,0,0.6177809798270893,H2SO4,graphene,0.0,0.6099236983842011,H2SO4,graphene,both,False
C22DFAA7132|C6210B1A223,0,0.5946233017702758,H2SO4,reduced graphene oxide,0.0,0.5884829443447037,H2SO4,reduced graphene oxide,both,False
C22DFAA7132|C6B063A770B,0,0.2582173734046933,H2SO4,supramolecular host-guest redox entropy,0.0,0.2674147217235189,H2SO4,supramolecular host-guest redox entropy,both,False
C22DFAA7132|C6C09287FDB,1,0.2178056813503499,H2SO4,high-entropy redox/ion coupling,1.0,0.2269658886894075,H2SO4,high-entropy redox/ion coupling,both,False
C22DFAA7132|C6C76863E52,1,0.2371716755866612,H2SO4,copper electrode,1.0,0.2456822262118491,H2SO4,copper electrode,both,False
C22DFAA7132|C7032A2F7AB,0,0.6420543433511733,H2SO4,hexacyanoferrate redox electrode,0.0,0.6388330341113106,H2SO4,hexacyanoferrate redox electrode,both,False
C22DFAA7132|C7096F6ECC5,0,0.4713256484149856,H2SO4,imidazolium ionic-liquid phase transition electrolyte,0.0,0.478653500897666,H2SO4,imidazolium ionic-liquid phase transition electrolyte,both,False
C22DFAA7132|C7713A07951,0,0.4955454919720049,H2SO4,urea,0.0,0.5054982046678635,H2SO4,urea,both,False
C22DFAA7132|C78B8F896F7,0,0.5019061342116097,H2SO4,polyacrylamide (PAM),0.0,0.5062567324955116,H2SO4,polyacrylamide (PAM),both,False
C22DFAA7132|C78D65254F9,0,0.6108357348703171,H2SO4,phase transition,0.0,0.604250448833034,H2SO4,phase transition,both,False
C22DFAA7132|C7932B1CE8C,0,0.5739522437216962,H2SO4,chaotropic polymer-water disruption,0.0,0.5653859964093356,H2SO4,chaotropic polymer-water disruption,both,False
C22DFAA7132|C7B823B5BB0,0,0.6148414985590778,H2SO4,poly(vinyl alcohol) (PVA),0.0,0.608173249551167,H2SO4,poly(vinyl alcohol) (PVA),both,False
C22DFAA7132|C84C6A613D4,0,0.2292383696994648,H2SO4,cellulose nanofiber scaffold,0.0,0.2375359066427288,H2SO4,cellulose nanofiber scaffold,both,False
C22DFAA7132|C872881EC3C,0,0.5994565664882667,H2SO4,gel-confined redox transport,0.0,0.5924012567324956,H2SO4,gel-confined redox transport,both,False
C22DFAA7132|C8863595B3A,0,0.4519720049403046,H2SO4,temperature-dependent electrode potential,0.0,0.4544389587073608,H2SO4,temperature-dependent electrode potential,both,False
C22DFAA7132|C893D3D6E7B,0,0.243618773157678,H2SO4,iron electrode,0.0,0.2510412926391382,H2SO4,iron electrode,both,False
C22DFAA7132|C8AD5B453CC,0,0.2185426101276245,H2SO4,ion diffusion,0.0,0.2257405745062836,H2SO4,ion diffusion,both,False
C22DFAA7132|C95D66F92B2,0,0.7105475504322766,H2SO4,carbon nanotube family,0.0,0.69741921005386,H2SO4,carbon nanotube family,both,False
C22DFAA7132|C9642D16DCA,0,0.597587484561548,H2SO4,graphene oxide,0.0,0.5919299820466786,H2SO4,graphene oxide,both,False
C22DFAA7132|C97F8E13D1A,0,0.5432070811033347,H2SO4,thermally regenerative electrochemical cycle,0.0,0.5358931777378816,H2SO4,thermally regenerative electrochemical cycle,both,False
C22DFAA7132|C9B6878E079,0,0.4711980238781392,H2SO4,photothermal-thermoelectric coupling,0.0,0.4767504488330341,H2SO4,photothermal-thermoelectric coupling,both,False
C22DFAA7132|CA6C42A1D77,0,0.8432441333882256,ferri/ferrocyanide family,H2SO4,0.0,0.8354847396768401,H2SO4,ferri/ferrocyanide family,both,False
C22DFAA7132|CA8C62A4868,0,0.7717785096747631,H2SO4,redox reaction entropy,0.0,0.7661669658886894,H2SO4,redox reaction entropy,both,False
C22DFAA7132|CAAB7628B33,0,0.5239687114038698,H2SO4,[C2mim],0.0,0.5202468581687613,H2SO4,[C2mim],both,False
C22DFAA7132|CB56BB4DDB0,0,0.6860436393577604,H2SO4,carbon-electrode redox interface,0.0,0.6791337522441652,H2SO4,carbon-electrode redox interface,both,False
C22DFAA7132|CBB2D87901B,0,0.2477192260189378,H2SO4,Li2CrO4,0.0,0.2536804308797127,H2SO4,Li2CrO4,both,False
C22DFAA7132|CC028ABF9C6,0,0.55219431864965,H2SO4,anti-freezing organohydrogel design,0.0,0.5455700179533214,H2SO4,anti-freezing organohydrogel design,both,False
C22DFAA7132|CC506F97717,0,0.2526183614656237,H2SO4,CO3,0.0,0.2580789946140036,H2SO4,CO3,both,False
C22DFAA7132|CD0FD071A10,0,0.5975627830382874,H2SO4,carbon cloth,0.0,0.5917145421903052,H2SO4,carbon cloth,both,False
C22DFAA7132|CD486BA800F,0,0.2558954302181968,H2SO4,host-guest complexation,0.0,0.2649910233393178,H2SO4,host-guest complexation,both,False
C22DFAA7132|CDAC0413DCA,0,0.6317291066282421,H2SO4,gelatin-based polymer family,0.0,0.6066427289048474,H2SO4,gelatin-based polymer family,both,False
C22DFAA7132|CE2D00B183C,0,0.628023878139152,H2SO4,redox-kinetics enhancement,0.0,0.6275224416517056,H2SO4,redox-kinetics enhancement,both,False
C22DFAA7132|CE4B0E242E7,0,0.5461095100864554,H2SO4,interfacial charge transfer,0.0,0.5369120287253142,H2SO4,interfacial charge transfer,both,False
C22DFAA7132|CE6FC512ED2,0,0.4379538904899135,H2SO4,dynamic crosslinked gel network,0.0,0.4345421903052064,H2SO4,dynamic crosslinked gel network,both,False
C22DFAA7132|CEA29EF1A99,0,0.6993495265541375,H2SO4,thermal-gradient heat-transfer control,0.0,0.6914856373429082,H2SO4,thermal-gradient heat-transfer control,both,False
C22DFAA7132|CEA9836CD32,0,0.5584026348291478,H2SO4,molten salt,0.0,0.5502333931777379,H2SO4,molten salt,both,False
C22DFAA7132|CEBF8E29E0A,0,0.2455454919720049,H2SO4,LiNO3,0.0,0.2515260323159785,H2SO4,LiNO3,both,False
C22DFAA7132|CF203EF8121,0,0.5527706875257307,H2SO4,Eastman entropy of transfer,0.0,0.5481328545780969,H2SO4,Eastman entropy of transfer,both,False
C22DFAA7132|CF2C5201A37,0,0.6316261836146562,H2SO4,porous-electrode area enhancement,0.0,0.6245466786355477,H2SO4,porous-electrode area enhancement,both,False
C22DFAA7132|CFAFB569EDB,0,0.2407039934129271,H2SO4,lithium bromide (LiBr),0.0,0.2503949730700179,H2SO4,lithium bromide (LiBr),both,False
C22DFAA7132|CFBB5A400A1,0,0.4791519143680527,H2SO4,cation-anion thermodiffusion asymmetry,0.0,0.4827558348294434,H2SO4,cation-anion thermodiffusion asymmetry,both,False
C237A8162E2|C23B9BED21A,0,0.5517332235487855,thermogalvanic corrosion,ionic conduction,0.0,0.5467594254937164,thermogalvanic corrosion,ionic conduction,both,False
C237A8162E2|C25D09DDC57,0,0.7787772745986002,thermogalvanic corrosion,Fe2+/Fe3+ solvation redox chemistry,0.0,0.7749730700179533,thermogalvanic corrosion,Fe2+/Fe3+ solvation redox chemistry,both,False
C237A8162E2|C2A8A04727D,0,0.6281967888019762,thermogalvanic corrosion,guanidinium chloride (GdmCl),0.0,0.6190664272890485,thermogalvanic corrosion,guanidinium chloride (GdmCl),both,False
C237A8162E2|C3002C089A5,0,0.8111321531494442,thermogalvanic corrosion,ionic thermodiffusion (Soret effect),0.0,0.8001346499102333,thermogalvanic corrosion,ionic thermodiffusion (Soret effect),both,False
C237A8162E2|C3DA2C4151E,0,0.7153478797859201,thermogalvanic corrosion,aqueous electrolyte,0.0,0.7064721723518851,thermogalvanic corrosion,aqueous electrolyte,both,False
C237A8162E2|C3F66DD37CA,0,0.558328530259366,thermogalvanic corrosion,H2O,0.0,0.627145421903052,thermogalvanic corrosion,H2O,both,False
C237A8162E2|C41BE9B5F0E,0,0.6226142445450803,thermogalvanic corrosion,solvation-shell remodeling,0.0,0.614326750448833,thermogalvanic corrosion,solvation-shell remodeling,both,False
C237A8162E2|C438FE53FF1,0,0.2369040757513379,thermogalvanic corrosion,lithium chloride (LiCl),0.0,0.2461714542190305,thermogalvanic corrosion,lithium chloride (LiCl),both,False
C237A8162E2|C45C8AAD12E,1,0.8093701111568545,thermogalvanic corrosion,charge-transfer resistance engineering,1.0,0.8107001795332136,thermogalvanic corrosion,charge-transfer resistance engineering,both,False
C237A8162E2|C46747A02A1,0,0.7393742280773979,thermogalvanic corrosion,ion-pairing and complexation,0.0,0.7757854578096948,thermogalvanic corrosion,ion-pairing and complexation,both,False
C237A8162E2|C4B2BA55977,0,0.610559901193907,thermogalvanic corrosion,KNO3,0.0,0.601346499102334,thermogalvanic corrosion,KNO3,both,False
C237A8162E2|C5B8C057FAD,0,0.5529930012350762,thermogalvanic corrosion,metal oxide,0.0,0.6283842010771993,thermogalvanic corrosion,metal oxide,both,False
C237A8162E2|C5E47CC0A62,0,0.6678921366817618,thermogalvanic corrosion,Hofmeister/chaotropic effect,0.0,0.6649147217235188,thermogalvanic corrosion,Hofmeister/chaotropic effect,both,False
C237A8162E2|C5E63317596,0,0.510094689172499,thermogalvanic corrosion,hierarchical porous electrode interface,0.0,0.6028096947935369,thermogalvanic corrosion,hierarchical porous electrode interface,both,False
C237A8162E2|C5FBBE86551,0,0.1946850555784273,thermogalvanic corrosion,polyvinylidene fluoride (PVDF),0.0,0.2034829443447037,thermogalvanic corrosion,polyvinylidene fluoride (PVDF),both,False
C237A8162E2|C6181968680,0,0.7095718402634829,thermogalvanic corrosion,graphene,0.0,0.705722621184919,thermogalvanic corrosion,graphene,both,False
C237A8162E2|C6210B1A223,0,0.5985549608892548,thermogalvanic corrosion,reduced graphene oxide,0.0,0.5857540394973071,thermogalvanic corrosion,reduced graphene oxide,both,False
C237A8162E2|C6B063A770B,0,0.6430959242486619,thermogalvanic corrosion,supramolecular host-guest redox entropy,0.0,0.6339093357271095,thermogalvanic corrosion,supramolecular host-guest redox entropy,both,False
C237A8162E2|C6C09287FDB,0,0.2278386167146974,thermogalvanic corrosion,high-entropy redox/ion coupling,0.0,0.2360996409335727,thermogalvanic corrosion,high-entropy redox/ion coupling,both,False
C237A8162E2|C7032A2F7AB,0,0.6504569781803212,thermogalvanic corrosion,hexacyanoferrate redox electrode,0.0,0.6406956912028725,thermogalvanic corrosion,hexacyanoferrate redox electrode,both,False
C237A8162E2|C7096F6ECC5,0,0.7259242486620008,thermogalvanic corrosion,imidazolium ionic-liquid phase transition electrolyte,0.0,0.7238734290843807,thermogalvanic corrosion,imidazolium ionic-liquid phase transition electrolyte,both,False
C237A8162E2|C7713A07951,0,0.5874392754219844,thermogalvanic corrosion,urea,0.0,0.5768402154398564,thermogalvanic corrosion,urea,both,False
C237A8162E2|C78B8F896F7,0,0.4470069987649238,thermogalvanic corrosion,polyacrylamide (PAM),0.0,0.4542235188509874,thermogalvanic corrosion,polyacrylamide (PAM),both,False
C237A8162E2|C78D65254F9,0,0.7562083161794977,thermogalvanic corrosion,phase transition,0.0,0.7553456014362658,thermogalvanic corrosion,phase transition,both,False
C237A8162E2|C7932B1CE8C,0,0.8090160559901195,thermogalvanic corrosion,chaotropic polymer-water disruption,0.0,0.8118402154398563,thermogalvanic corrosion,chaotropic polymer-water disruption,both,False
C237A8162E2|C7B823B5BB0,0,0.632478386167147,thermogalvanic corrosion,poly(vinyl alcohol) (PVA),0.0,0.6821858168761221,thermogalvanic corrosion,poly(vinyl alcohol) (PVA),both,False
C237A8162E2|C84C6A613D4,0,0.623437628653767,thermogalvanic corrosion,cellulose nanofiber scaffold,0.0,0.6138779174147218,thermogalvanic corrosion,cellulose nanofiber scaffold,both,False
C237A8162E2|C872881EC3C,0,0.8315232606010703,thermogalvanic corrosion,gel-confined redox transport,0.0,0.8294210053859964,thermogalvanic corrosion,gel-confined redox transport,both,False
C237A8162E2|C8863595B3A,0,0.4822478386167146,thermogalvanic corrosion,temperature-dependent electrode potential,0.0,0.4846184919210053,thermogalvanic corrosion,temperature-dependent electrode potential,both,False
C237A8162E2|C8AD5B453CC,0,0.2087978592013174,thermogalvanic corrosion,ion diffusion,0.0,0.217818671454219,thermogalvanic corrosion,ion diffusion,both,False
C237A8162E2|C95D66F92B2,0,0.6929477151090984,thermogalvanic corrosion,carbon nanotube family,0.0,0.6858482944344704,thermogalvanic corrosion,carbon nanotube family,both,False
C237A8162E2|C9642D16DCA,0,0.6034458624948538,thermogalvanic corrosion,graphene oxide,0.0,0.589524236983842,thermogalvanic corrosion,graphene oxide,both,False
C237A8162E2|C97F8E13D1A,0,0.6252778921366817,thermogalvanic corrosion,thermally regenerative electrochemical cycle,0.0,0.6963105924596051,thermogalvanic corrosion,thermally regenerative electrochemical cycle,both,False
C237A8162E2|C9B6878E079,0,0.5471099217785096,thermogalvanic corrosion,photothermal-thermoelectric coupling,0.0,0.5533572710951526,thermogalvanic corrosion,photothermal-thermoelectric coupling,both,False
C237A8162E2|CA6C42A1D77,0,0.5837299300123507,thermogalvanic corrosion,ferri/ferrocyanide family,,,,,left_only,False
C237A8162E2|CAAB7628B33,0,0.2077562783038287,thermogalvanic corrosion,[C2mim],0.0,0.2171409335727109,thermogalvanic corrosion,[C2mim],both,False
C237A8162E2|CB56BB4DDB0,0,0.8233347056401812,thermogalvanic corrosion,carbon-electrode redox interface,0.0,0.8250897666068222,thermogalvanic corrosion,carbon-electrode redox interface,both,False
C237A8162E2|CBB2D87901B,0,0.4676533552902429,thermogalvanic corrosion,Li2CrO4,0.0,0.4623788150807899,thermogalvanic corrosion,Li2CrO4,both,False
C237A8162E2|CC506F97717,0,0.1845327295183202,thermogalvanic corrosion,CO3,0.0,0.1927648114901256,thermogalvanic corrosion,CO3,both,False
C237A8162E2|CC5968B917E,0,0.6734829147797446,thermogalvanic corrosion,convection and mass transport,0.0,0.6721409335727109,thermogalvanic corrosion,convection and mass transport,both,False
C237A8162E2|CD0FD071A10,0,0.6559860024701524,thermogalvanic corrosion,carbon cloth,0.0,0.6452692998204668,thermogalvanic corrosion,carbon cloth,both,False
C237A8162E2|CD3462DB8FF,0,0.6863688760806917,thermogalvanic corrosion,CuSO4,0.0,0.6801032315978456,thermogalvanic corrosion,CuSO4,both,False
C237A8162E2|CD486BA800F,0,0.6176039522437217,thermogalvanic corrosion,host-guest complexation,0.0,0.6077333931777379,thermogalvanic corrosion,host-guest complexation,both,False
C237A8162E2|CDAC0413DCA,0,0.7358377933305887,thermogalvanic corrosion,gelatin-based polymer family,0.0,0.7210592459605026,thermogalvanic corrosion,gelatin-based polymer family,both,False
C237A8162E2|CE2D00B183C,1,0.6620666941128036,thermogalvanic corrosion,redox-kinetics enhancement,1.0,0.7106463195691203,thermogalvanic corrosion,redox-kinetics enhancement,both,False
C237A8162E2|CE4B0E242E7,0,0.7775668999588308,thermogalvanic corrosion,interfacial charge transfer,0.0,0.779084380610413,thermogalvanic corrosion,interfacial charge transfer,both,False
C237A8162E2|CE6FC512ED2,0,0.4373487031700288,thermogalvanic corrosion,dynamic crosslinked gel network,0.0,0.4289631956912028,thermogalvanic corrosion,dynamic crosslinked gel network,both,False
C237A8162E2|CEA29EF1A99,0,0.7941827912721284,thermogalvanic corrosion,thermal-gradient heat-transfer control,0.0,0.7878725314183123,thermogalvanic corrosion,thermal-gradient heat-transfer control,both,False
C237A8162E2|CEA9836CD32,0,0.5888637299300123,thermogalvanic corrosion,molten salt,0.0,0.5829847396768402,thermogalvanic corrosion,molten salt,both,False
C237A8162E2|CEBF8E29E0A,0,0.4617743927542198,thermogalvanic corrosion,LiNO3,0.0,0.4560771992818671,thermogalvanic corrosion,LiNO3,both,False
C237A8162E2|CF203EF8121,0,0.6331165088513792,thermogalvanic corrosion,Eastman entropy of transfer,0.0,0.6792459605026929,thermogalvanic corrosion,Eastman entropy of transfer,both,False
C237A8162E2|CF2C5201A37,0,0.6824248662000825,thermogalvanic corrosion,porous-electrode area enhancement,0.0,0.6727199281867147,thermogalvanic corrosion,porous-electrode area enhancement,both,False
C237A8162E2|CFBB5A400A1,0,0.6352449567723342,thermogalvanic corrosion,cation-anion thermodiffusion asymmetry,0.0,0.6307405745062837,thermogalvanic corrosion,cation-anion thermodiffusion asymmetry,both,False
C23B9BED21A|C25D09DDC57,1,0.8046644709757103,ionic conduction,Fe2+/Fe3+ solvation redox chemistry,1.0,0.8016247755834829,ionic conduction,Fe2+/Fe3+ solvation redox chemistry,both,False
C23B9BED21A|C275FB7C4B0,0,0.5832976533552902,ionic conduction,iodide/triiodide redox chemistry,0.0,0.5797890484739677,ionic conduction,iodide/triiodide redox chemistry,both,False
C23B9BED21A|C2A8A04727D,0,0.5683408810209963,ionic conduction,guanidinium chloride (GdmCl),0.0,0.5633842010771992,ionic conduction,guanidinium chloride (GdmCl),both,False
C23B9BED21A|C3002C089A5,0,0.6870975710168794,ionic conduction,ionic thermodiffusion (Soret effect),0.0,0.6767728904847397,ionic conduction,ionic thermodiffusion (Soret effect),both,False
C23B9BED21A|C3F66DD37CA,1,0.4609386578839028,ionic conduction,H2O,1.0,0.5656463195691201,ionic conduction,H2O,both,False
C23B9BED21A|C41BE9B5F0E,0,0.6572046109510087,ionic conduction,solvation-shell remodeling,0.0,0.6525224416517055,ionic conduction,solvation-shell remodeling,both,False
C23B9BED21A|C438FE53FF1,0,0.2167929188966653,ionic conduction,lithium chloride (LiCl),0.0,0.2252962298025134,ionic conduction,lithium chloride (LiCl),both,False
C23B9BED21A|C45C8AAD12E,0,0.7038904899135447,ionic conduction,charge-transfer resistance engineering,0.0,0.6935637342908438,ionic conduction,charge-transfer resistance engineering,both,False
C23B9BED21A|C46747A02A1,0,0.5474763277068753,ionic conduction,ion-pairing and complexation,0.0,0.6407136445242368,ionic conduction,ion-pairing and complexation,both,False
C23B9BED21A|C4B2BA55977,0,0.570094689172499,ionic conduction,KNO3,0.0,0.5654578096947935,ionic conduction,KNO3,both,False
C23B9BED21A|C4CEC954E12,0,0.6633717579250721,ionic conduction,platinum electrode,0.0,0.6529712746858168,ionic conduction,platinum electrode,both,False
C23B9BED21A|C5B8C057FAD,0,0.5838040345821325,ionic conduction,metal oxide,0.0,0.6472980251346498,ionic conduction,metal oxide,both,False
C23B9BED21A|C5E47CC0A62,0,0.5997612186084809,ionic conduction,Hofmeister/chaotropic effect,0.0,0.594326750448833,ionic conduction,Hofmeister/chaotropic effect,both,False
C23B9BED21A|C5E63317596,0,0.5130465212021408,ionic conduction,hierarchical porous electrode interface,0.0,0.6123473967684022,ionic conduction,hierarchical porous electrode interface,both,False
C23B9BED21A|C5FBBE86551,0,0.2185302593659942,ionic conduction,polyvinylidene fluoride (PVDF),0.0,0.2281597845601436,ionic conduction,polyvinylidene fluoride (PVDF),both,False
C23B9BED21A|C6181968680,0,0.5795430218196789,ionic conduction,graphene,0.0,0.5744569120287253,ionic conduction,graphene,both,False
C23B9BED21A|C6210B1A223,0,0.550160559901194,ionic conduction,reduced graphene oxide,0.0,0.5459066427289048,ionic conduction,reduced graphene oxide,both,False
C23B9BED21A|C6B063A770B,0,0.2477933305887196,ionic conduction,supramolecular host-guest redox entropy,0.0,0.2579622980251346,ionic conduction,supramolecular host-guest redox entropy,both,False
C23B9BED21A|C6C09287FDB,0,0.2449032523672293,ionic conduction,high-entropy redox/ion coupling,0.0,0.2527648114901256,ionic conduction,high-entropy redox/ion coupling,both,False
C23B9BED21A|C6C76863E52,0,0.2350473445862494,ionic conduction,copper electrode,0.0,0.243931777378815,ionic conduction,copper electrode,both,False
C23B9BED21A|C7032A2F7AB,0,0.648822560724578,ionic conduction,hexacyanoferrate redox electrode,0.0,0.6419569120287253,ionic conduction,hexacyanoferrate redox electrode,both,False
C23B9BED21A|C7096F6ECC5,0,0.3474598600247015,ionic conduction,imidazolium ionic-liquid phase transition electrolyte,0.0,0.3563779174147217,ionic conduction,imidazolium ionic-liquid phase transition electrolyte,both,False
C23B9BED21A|C7713A07951,0,0.5472951832029642,ionic conduction,urea,0.0,0.5418402154398563,ionic conduction,urea,both,False
C23B9BED21A|C78B8F896F7,0,0.2432688349114862,ionic conduction,polyacrylamide (PAM),0.0,0.2519703770197486,ionic conduction,polyacrylamide (PAM),both,False
C23B9BED21A|C78D65254F9,0,0.6814944421572664,ionic conduction,phase transition,0.0,0.6742953321364452,ionic conduction,phase transition,both,False
C23B9BED21A|C7932B1CE8C,0,0.595393165911898,ionic conduction,chaotropic polymer-water disruption,0.0,0.5889766606822262,ionic conduction,chaotropic polymer-water disruption,both,False
C23B9BED21A|C7B823B5BB0,0,0.4454878550843968,ionic conduction,poly(vinyl alcohol) (PVA),0.0,0.5398788150807899,ionic conduction,poly(vinyl alcohol) (PVA),both,False
C23B9BED21A|C84C6A613D4,0,0.2409962947715109,ionic conduction,cellulose nanofiber scaffold,0.0,0.2495466786355475,ionic conduction,cellulose nanofiber scaffold,both,False
C23B9BED21A|C872881EC3C,0,0.6617538081515026,ionic conduction,gel-confined redox transport,0.0,0.6526974865350089,ionic conduction,gel-confined redox transport,both,False
C23B9BED21A|C8863595B3A,0,0.2575092630712227,ionic conduction,temperature-dependent electrode potential,0.0,0.2668850987432675,ionic conduction,temperature-dependent electrode potential,both,False
C23B9BED21A|C893D3D6E7B,0,0.2256854672704816,ionic conduction,iron electrode,0.0,0.2341023339317773,ionic conduction,iron electrode,both,False
C23B9BED21A|C8AD5B453CC,0,0.3142363112391931,ionic conduction,ion diffusion,0.0,0.320991921005386,ionic conduction,ion diffusion,both,False
C23B9BED21A|C95D66F92B2,0,0.6850061753808152,ionic conduction,carbon nanotube family,0.0,0.657024236983842,ionic conduction,carbon nanotube family,both,False
C23B9BED21A|C9642D16DCA,0,0.5520378756689996,ionic conduction,graphene oxide,0.0,0.5464991023339318,ionic conduction,graphene oxide,both,False
C23B9BED21A|C97F8E13D1A,0,0.4691025113215315,ionic conduction,thermally regenerative electrochemical cycle,0.0,0.564600538599641,ionic conduction,thermally regenerative electrochemical cycle,both,False
C23B9BED21A|C9B6878E079,0,0.2962988884314532,ionic conduction,photothermal-thermoelectric coupling,0.0,0.3050852782764811,ionic conduction,photothermal-thermoelectric coupling,both,False
C23B9BED21A|CA6C42A1D77,0,0.5763318237958007,ferri/ferrocyanide family,ionic conduction,,,,,left_only,False
C23B9BED21A|CA8C62A4868,0,0.6859654178674351,ionic conduction,redox reaction entropy,0.0,0.6779039497307001,ionic conduction,redox reaction entropy,both,False
C23B9BED21A|CAAB7628B33,0,0.4454178674351584,ionic conduction,[C2mim],0.0,0.4435233393177737,ionic conduction,[C2mim],both,False
C23B9BED21A|CB56BB4DDB0,0,0.693627006998765,ionic conduction,carbon-electrode redox interface,0.0,0.6860008976660682,ionic conduction,carbon-electrode redox interface,both,False
C23B9BED21A|CBA7A0F0CA3,0,0.8129847673939892,ionic conduction,thermogalvanic redox conversion,0.0,0.8136490125673249,ionic conduction,thermogalvanic redox conversion,both,False
C23B9BED21A|CBB2D87901B,0,0.1889048991354466,ionic conduction,Li2CrO4,0.0,0.197342908438061,ionic conduction,Li2CrO4,both,False
C23B9BED21A|CC028ABF9C6,1,0.6381926718814327,ionic conduction,anti-freezing organohydrogel design,1.0,0.6261983842010771,ionic conduction,anti-freezing organohydrogel design,both,False
C23B9BED21A|CC506F97717,0,0.19575545491972,ionic conduction,CO3,0.0,0.2039228007181328,ionic conduction,CO3,both,False
C23B9BED21A|CD0FD071A10,0,0.5911403869905311,ionic conduction,carbon cloth,0.0,0.584955116696589,ionic conduction,carbon cloth,both,False
C23B9BED21A|CD3462DB8FF,0,0.694578015644298,ionic conduction,CuSO4,0.0,0.6941427289048474,ionic conduction,CuSO4,both,False
C23B9BED21A|CD486BA800F,0,0.2577233429394812,ionic conduction,host-guest complexation,0.0,0.2676032315978456,ionic conduction,host-guest complexation,both,False
C23B9BED21A|CDAC0413DCA,0,0.570494030465212,ionic conduction,gelatin-based polymer family,0.0,0.5562028725314182,ionic conduction,gelatin-based polymer family,both,False
C23B9BED21A|CE2D00B183C,0,0.5630959242486621,ionic conduction,redox-kinetics enhancement,0.0,0.6229982046678636,ionic conduction,redox-kinetics enhancement,both,False
C23B9BED21A|CE4B0E242E7,0,0.6164841498559078,ionic conduction,interfacial charge transfer,0.0,0.6104039497307001,ionic conduction,interfacial charge transfer,both,False
C23B9BED21A|CE6FC512ED2,0,0.2449238369699464,ionic conduction,dynamic crosslinked gel network,0.0,0.245237881508079,ionic conduction,dynamic crosslinked gel network,both,False
C23B9BED21A|CEA9836CD32,0,0.2634046932894195,ionic conduction,molten salt,0.0,0.2726660682226212,ionic conduction,molten salt,both,False
C23B9BED21A|CEBF8E29E0A,0,0.1717126389460683,ionic conduction,LiNO3,0.0,0.1797307001795332,ionic conduction,LiNO3,both,False
C23B9BED21A|CF203EF8121,0,0.4862247838616714,ionic conduction,Eastman entropy of transfer,0.0,0.5928096947935367,ionic conduction,Eastman entropy of transfer,both,False
C23B9BED21A|CF2C5201A37,0,0.7463894606834087,ionic conduction,porous-electrode area enhancement,0.0,0.7430789946140036,ionic conduction,porous-electrode area enhancement,both,False
C23B9BED21A|CFAFB569EDB,0,0.2147920955125566,ionic conduction,lithium bromide (LiBr),0.0,0.2241113105924596,ionic conduction,lithium bromide (LiBr),both,False
C23B9BED21A|CFBB5A400A1,0,0.3523219431864965,ionic conduction,cation-anion thermodiffusion asymmetry,0.0,0.3604802513464991,ionic conduction,cation-anion thermodiffusion asymmetry,both,False
C25D09DDC57|C275FB7C4B0,0,0.9201029230135858,Fe2+/Fe3+ solvation redox chemistry,iodide/triiodide redox chemistry,0.0,0.9192369838420108,Fe2+/Fe3+ solvation redox chemistry,iodide/triiodide redox chemistry,both,False
C25D09DDC57|C2A8A04727D,1,0.6110415808974887,Fe2+/Fe3+ solvation redox chemistry,guanidinium chloride (GdmCl),1.0,0.6033123877917415,Fe2+/Fe3+ solvation redox chemistry,guanidinium chloride (GdmCl),both,False
C25D09DDC57|C3002C089A5,1,0.8280979827089339,Fe2+/Fe3+ solvation redox chemistry,ionic thermodiffusion (Soret effect),1.0,0.8291113105924596,Fe2+/Fe3+ solvation redox chemistry,ionic thermodiffusion (Soret effect),both,False
C25D09DDC57|C3F66DD37CA,1,0.6908275010292302,Fe2+/Fe3+ solvation redox chemistry,H2O,1.0,0.7506193895870735,Fe2+/Fe3+ solvation redox chemistry,H2O,both,False
C25D09DDC57|C438FE53FF1,0,0.3358295594895018,Fe2+/Fe3+ solvation redox chemistry,lithium chloride (LiCl),0.0,0.3400673249551167,Fe2+/Fe3+ solvation redox chemistry,lithium chloride (LiCl),both,False
C25D09DDC57|C46747A02A1,1,0.6167641004528612,Fe2+/Fe3+ solvation redox chemistry,ion-pairing and complexation,1.0,0.6917235188509874,Fe2+/Fe3+ solvation redox chemistry,ion-pairing and complexation,both,False
C25D09DDC57|C4B2BA55977,0,0.730806916426513,Fe2+/Fe3+ solvation redox chemistry,KNO3,0.0,0.7131867145421903,Fe2+/Fe3+ solvation redox chemistry,KNO3,both,False
C25D09DDC57|C5E47CC0A62,1,0.7044256895841909,Fe2+/Fe3+ solvation redox chemistry,Hofmeister/chaotropic effect,1.0,0.6915888689407541,Fe2+/Fe3+ solvation redox chemistry,Hofmeister/chaotropic effect,both,False
C25D09DDC57|C5E63317596,0,0.7826512968299713,Fe2+/Fe3+ solvation redox chemistry,hierarchical porous electrode interface,0.0,0.7715798922800718,Fe2+/Fe3+ solvation redox chemistry,hierarchical porous electrode interface,both,False
C25D09DDC57|C6210B1A223,0,0.8336764100452863,Fe2+/Fe3+ solvation redox chemistry,reduced graphene oxide,0.0,0.8184560143626571,Fe2+/Fe3+ solvation redox chemistry,reduced graphene oxide,both,False
C25D09DDC57|C6B063A770B,1,0.4339193083573487,Fe2+/Fe3+ solvation redox chemistry,supramolecular host-guest redox entropy,1.0,0.436826750448833,Fe2+/Fe3+ solvation redox chemistry,supramolecular host-guest redox entropy,both,False
C25D09DDC57|C6C09287FDB,1,0.380218196788802,Fe2+/Fe3+ solvation redox chemistry,high-entropy redox/ion coupling,1.0,0.3831014362657091,Fe2+/Fe3+ solvation redox chemistry,high-entropy redox/ion coupling,both,False
C25D09DDC57|C6C76863E52,0,0.5075916014820914,Fe2+/Fe3+ solvation redox chemistry,copper electrode,0.0,0.5078007181328545,Fe2+/Fe3+ solvation redox chemistry,copper electrode,both,False
C25D09DDC57|C7096F6ECC5,1,0.7417702758336763,Fe2+/Fe3+ solvation redox chemistry,imidazolium ionic-liquid phase transition electrolyte,1.0,0.7338240574506284,Fe2+/Fe3+ solvation redox chemistry,imidazolium ionic-liquid phase transition electrolyte,both,False
C25D09DDC57|C7713A07951,0,0.6371263894606833,Fe2+/Fe3+ solvation redox chemistry,urea,0.0,0.6310502692998204,Fe2+/Fe3+ solvation redox chemistry,urea,both,False
C25D09DDC57|C78B8F896F7,0,0.7369781803211198,Fe2+/Fe3+ solvation redox chemistry,polyacrylamide (PAM),0.0,0.7298922800718133,Fe2+/Fe3+ solvation redox chemistry,polyacrylamide (PAM),both,False
C25D09DDC57|C78D65254F9,1,0.7770893371757925,Fe2+/Fe3+ solvation redox chemistry,phase transition,1.0,0.7754488330341112,Fe2+/Fe3+ solvation redox chemistry,phase transition,both,False
C25D09DDC57|C7932B1CE8C,1,0.787892136681762,Fe2+/Fe3+ solvation redox chemistry,chaotropic polymer-water disruption,1.0,0.7844254937163375,Fe2+/Fe3+ solvation redox chemistry,chaotropic polymer-water disruption,both,False
C25D09DDC57|C7B823B5BB0,1,0.6733964594483326,Fe2+/Fe3+ solvation redox chemistry,poly(vinyl alcohol) (PVA),1.0,0.7176122082585278,Fe2+/Fe3+ solvation redox chemistry,poly(vinyl alcohol) (PVA),both,False
C25D09DDC57|C84C6A613D4,1,0.6400370522848908,Fe2+/Fe3+ solvation redox chemistry,cellulose nanofiber scaffold,1.0,0.6304263913824057,Fe2+/Fe3+ solvation redox chemistry,cellulose nanofiber scaffold,both,False
C25D09DDC57|C8863595B3A,0,0.5000823384108686,Fe2+/Fe3+ solvation redox chemistry,temperature-dependent electrode potential,0.0,0.5023653500897666,Fe2+/Fe3+ solvation redox chemistry,temperature-dependent electrode potential,both,False
C25D09DDC57|C893D3D6E7B,0,0.3452161383285302,Fe2+/Fe3+ solvation redox chemistry,iron electrode,0.0,0.3492504488330341,Fe2+/Fe3+ solvation redox chemistry,iron electrode,both,False
C25D09DDC57|C8AD5B453CC,0,0.3386661177439275,Fe2+/Fe3+ solvation redox chemistry,ion diffusion,0.0,0.3429219030520646,Fe2+/Fe3+ solvation redox chemistry,ion diffusion,both,False
C25D09DDC57|C97F8E13D1A,1,0.8381679703581721,Fe2+/Fe3+ solvation redox chemistry,thermally regenerative electrochemical cycle,1.0,0.8360906642728904,Fe2+/Fe3+ solvation redox chemistry,thermally regenerative electrochemical cycle,both,False
C25D09DDC57|C9B6878E079,1,0.7136805269658295,Fe2+/Fe3+ solvation redox chemistry,photothermal-thermoelectric coupling,1.0,0.7010143626570916,Fe2+/Fe3+ solvation redox chemistry,photothermal-thermoelectric coupling,both,False
C25D09DDC57|CA6C42A1D77,0,0.8379333058871964,ferri/ferrocyanide family,Fe2+/Fe3+ solvation redox chemistry,,,,,left_only,False
C25D09DDC57|CA8C62A4868,1,0.9352037875669,Fe2+/Fe3+ solvation redox chemistry,redox reaction entropy,1.0,0.933649012567325,Fe2+/Fe3+ solvation redox chemistry,redox reaction entropy,both,False
C25D09DDC57|CAAB7628B33,0,0.675660765747221,Fe2+/Fe3+ solvation redox chemistry,[C2mim],0.0,0.6697441651705566,Fe2+/Fe3+ solvation redox chemistry,[C2mim],both,False
C25D09DDC57|CBB2D87901B,0,0.3245162618361465,Fe2+/Fe3+ solvation redox chemistry,Li2CrO4,0.0,0.328056552962298,Fe2+/Fe3+ solvation redox chemistry,Li2CrO4,both,False
C25D09DDC57|CC028ABF9C6,1,0.8296047756278302,Fe2+/Fe3+ solvation redox chemistry,anti-freezing organohydrogel design,1.0,0.8304263913824056,Fe2+/Fe3+ solvation redox chemistry,anti-freezing organohydrogel design,both,False
C25D09DDC57|CC506F97717,0,0.312041992589543,Fe2+/Fe3+ solvation redox chemistry,CO3,0.0,0.3162118491921005,Fe2+/Fe3+ solvation redox chemistry,CO3,both,False
C25D09DDC57|CD3462DB8FF,0,0.8803375874845616,Fe2+/Fe3+ solvation redox chemistry,CuSO4,0.0,0.8808662477558348,Fe2+/Fe3+ solvation redox chemistry,CuSO4,both,False
C25D09DDC57|CD486BA800F,1,0.4240881020996294,Fe2+/Fe3+ solvation redox chemistry,host-guest complexation,1.0,0.4271319569120287,Fe2+/Fe3+ solvation redox chemistry,host-guest complexation,both,False
C25D09DDC57|CDAC0413DCA,1,0.8019349526554136,Fe2+/Fe3+ solvation redox chemistry,gelatin-based polymer family,1.0,0.8009335727109514,Fe2+/Fe3+ solvation redox chemistry,gelatin-based polymer family,both,False
C25D09DDC57|CE4B0E242E7,1,0.8459283655825443,Fe2+/Fe3+ solvation redox chemistry,interfacial charge transfer,1.0,0.8456822262118493,Fe2+/Fe3+ solvation redox chemistry,interfacial charge transfer,both,False
C25D09DDC57|CE6FC512ED2,1,0.6031576780568134,Fe2+/Fe3+ solvation redox chemistry,dynamic crosslinked gel network,1.0,0.5932360861759425,Fe2+/Fe3+ solvation redox chemistry,dynamic crosslinked gel network,both,False
C25D09DDC57|CEA9836CD32,0,0.5371099217785097,Fe2+/Fe3+ solvation redox chemistry,molten salt,0.0,0.5398204667863555,Fe2+/Fe3+ solvation redox chemistry,molten salt,both,False
C25D09DDC57|CEBF8E29E0A,0,0.3208604363935776,Fe2+/Fe3+ solvation redox chemistry,LiNO3,0.0,0.3246095152603231,Fe2+/Fe3+ solvation redox chemistry,LiNO3,both,False
C25D09DDC57|CFAFB569EDB,0,0.3282955948950185,Fe2+/Fe3+ solvation redox chemistry,lithium bromide (LiBr),0.0,0.3313689407540394,Fe2+/Fe3+ solvation redox chemistry,lithium bromide (LiBr),both,False
C25D09DDC57|CFBB5A400A1,1,0.6534211609715932,Fe2+/Fe3+ solvation redox chemistry,cation-anion thermodiffusion asymmetry,1.0,0.6471274685816877,Fe2+/Fe3+ solvation redox chemistry,cation-anion thermodiffusion asymmetry,both,False
C275FB7C4B0|C2A8A04727D,0,0.7887278715520789,iodide/triiodide redox chemistry,guanidinium chloride (GdmCl),0.0,0.7889272890484739,iodide/triiodide redox chemistry,guanidinium chloride (GdmCl),both,False
C275FB7C4B0|C3002C089A5,1,0.841272128447921,iodide/triiodide redox chemistry,ionic thermodiffusion (Soret effect),1.0,0.8407136445242369,iodide/triiodide redox chemistry,ionic thermodiffusion (Soret effect),both,False
C275FB7C4B0|C3DA2C4151E,0,0.7588266776451214,iodide/triiodide redox chemistry,aqueous electrolyte,0.0,0.7554488330341111,iodide/triiodide redox chemistry,aqueous electrolyte,both,False
C275FB7C4B0|C3F66DD37CA,0,0.7846274186908192,iodide/triiodide redox chemistry,H2O,0.0,0.8261445242369839,iodide/triiodide redox chemistry,H2O,both,False
C275FB7C4B0|C41BE9B5F0E,0,0.6755454919720049,iodide/triiodide redox chemistry,solvation-shell remodeling,0.0,0.6659649910233393,iodide/triiodide redox chemistry,solvation-shell remodeling,both,False
C275FB7C4B0|C438FE53FF1,0,0.2843598188554961,iodide/triiodide redox chemistry,lithium chloride (LiCl),0.0,0.29524236983842,iodide/triiodide redox chemistry,lithium chloride (LiCl),both,False
C275FB7C4B0|C4B2BA55977,0,0.6979250720461094,iodide/triiodide redox chemistry,KNO3,0.0,0.6841157989228007,iodide/triiodide redox chemistry,KNO3,both,False
C275FB7C4B0|C5B8C057FAD,0,0.7192177850967477,iodide/triiodide redox chemistry,metal oxide,0.0,0.7722172351885098,iodide/triiodide redox chemistry,metal oxide,both,False
C275FB7C4B0|C5E47CC0A62,0,0.7830959242486618,iodide/triiodide redox chemistry,Hofmeister/chaotropic effect,0.0,0.7828411131059246,iodide/triiodide redox chemistry,Hofmeister/chaotropic effect,both,False
C275FB7C4B0|C5E63317596,0,0.7489543021819678,iodide/triiodide redox chemistry,hierarchical porous electrode interface,0.0,0.7948204667863553,iodide/triiodide redox chemistry,hierarchical porous electrode interface,both,False
C275FB7C4B0|C5FBBE86551,0,0.2710333470564018,iodide/triiodide redox chemistry,polyvinylidene fluoride (PVDF),0.0,0.2804622980251346,iodide/triiodide redox chemistry,polyvinylidene fluoride (PVDF),both,False
C275FB7C4B0|C6181968680,0,0.7560930424042815,iodide/triiodide redox chemistry,graphene,0.0,0.7544389587073608,iodide/triiodide redox chemistry,graphene,both,False
C275FB7C4B0|C6210B1A223,0,0.6618855496088926,iodide/triiodide redox chemistry,reduced graphene oxide,0.0,0.6513958707360862,iodide/triiodide redox chemistry,reduced graphene oxide,both,False
C275FB7C4B0|C6C09287FDB,0,0.2923384108686702,iodide/triiodide redox chemistry,high-entropy redox/ion coupling,0.0,0.3023518850987433,iodide/triiodide redox chemistry,high-entropy redox/ion coupling,both,False
C275FB7C4B0|C6C76863E52,0,0.4875916014820914,iodide/triiodide redox chemistry,copper electrode,0.0,0.4950493716337522,iodide/triiodide redox chemistry,copper electrode,both,False
C275FB7C4B0|C7032A2F7AB,0,0.6946027171675586,iodide/triiodide redox chemistry,hexacyanoferrate redox electrode,0.0,0.6851615798922801,iodide/triiodide redox chemistry,hexacyanoferrate redox electrode,both,False
C275FB7C4B0|C7713A07951,0,0.7590860436393576,iodide/triiodide redox chemistry,urea,0.0,0.7581732495511669,iodide/triiodide redox chemistry,urea,both,False
C275FB7C4B0|C78B8F896F7,0,0.6871263894606835,iodide/triiodide redox chemistry,polyacrylamide (PAM),0.0,0.6765574506283663,iodide/triiodide redox chemistry,polyacrylamide (PAM),both,False
C275FB7C4B0|C7B823B5BB0,1,0.7686908192671883,iodide/triiodide redox chemistry,poly(vinyl alcohol) (PVA),1.0,0.7929488330341112,iodide/triiodide redox chemistry,poly(vinyl alcohol) (PVA),both,False
C275FB7C4B0|C8863595B3A,0,0.4873075339645945,iodide/triiodide redox chemistry,temperature-dependent electrode potential,0.0,0.4957271095152603,iodide/triiodide redox chemistry,temperature-dependent electrode potential,both,False
C275FB7C4B0|C893D3D6E7B,0,0.4758830794565665,iodide/triiodide redox chemistry,iron electrode,0.0,0.4812881508078994,iodide/triiodide redox chemistry,iron electrode,both,False
C275FB7C4B0|C8AD5B453CC,0,0.3228283244133388,iodide/triiodide redox chemistry,ion diffusion,0.0,0.3323114901256732,iodide/triiodide redox chemistry,ion diffusion,both,False
C275FB7C4B0|C95D66F92B2,0,0.8170564018114451,iodide/triiodide redox chemistry,carbon nanotube family,0.0,0.8342459605026928,iodide/triiodide redox chemistry,carbon nanotube family,both,False
C275FB7C4B0|C9642D16DCA,0,0.7703005351996706,iodide/triiodide redox chemistry,graphene oxide,0.0,0.7679757630161581,iodide/triiodide redox chemistry,graphene oxide,both,False
C275FB7C4B0|C97F8E13D1A,0,0.620988060930424,iodide/triiodide redox chemistry,thermally regenerative electrochemical cycle,0.0,0.6857136445242369,iodide/triiodide redox chemistry,thermally regenerative electrochemical cycle,both,False
C275FB7C4B0|C9B6878E079,0,0.7535199670646356,iodide/triiodide redox chemistry,photothermal-thermoelectric coupling,0.0,0.7465035906642729,iodide/triiodide redox chemistry,photothermal-thermoelectric coupling,both,False
C275FB7C4B0|CA6C42A1D77,0,0.8382009057225196,ferri/ferrocyanide family,iodide/triiodide redox chemistry,,,,,left_only,False
C275FB7C4B0|CAAB7628B33,0,0.2911280362289008,iodide/triiodide redox chemistry,[C2mim],0.0,0.3017055655296229,iodide/triiodide redox chemistry,[C2mim],both,False
C275FB7C4B0|CBB2D87901B,0,0.2888307945656648,iodide/triiodide redox chemistry,Li2CrO4,0.0,0.2991202872531418,iodide/triiodide redox chemistry,Li2CrO4,both,False
C275FB7C4B0|CC028ABF9C6,1,0.8493371757925072,iodide/triiodide redox chemistry,anti-freezing organohydrogel design,1.0,0.8500359066427288,iodide/triiodide redox chemistry,anti-freezing organohydrogel design,both,False
C275FB7C4B0|CC506F97717,0,0.2651543845203787,iodide/triiodide redox chemistry,CO3,0.0,0.2729219030520646,iodide/triiodide redox chemistry,CO3,both,False
C275FB7C4B0|CC5968B917E,0,0.76300946891725,iodide/triiodide redox chemistry,convection and mass transport,0.0,0.7593940754039495,iodide/triiodide redox chemistry,convection and mass transport,both,False
C275FB7C4B0|CD0FD071A10,0,0.7770193495265542,iodide/triiodide redox chemistry,carbon cloth,0.0,0.7762701974865351,iodide/triiodide redox chemistry,carbon cloth,both,False
C275FB7C4B0|CD3462DB8FF,0,0.8293742280773982,iodide/triiodide redox chemistry,CuSO4,0.0,0.8313958707360862,iodide/triiodide redox chemistry,CuSO4,both,False
C275FB7C4B0|CDAC0413DCA,1,0.8257307533964595,iodide/triiodide redox chemistry,gelatin-based polymer family,1.0,0.842185816876122,iodide/triiodide redox chemistry,gelatin-based polymer family,both,False
C275FB7C4B0|CE2D00B183C,0,0.7722643062988884,iodide/triiodide redox chemistry,redox-kinetics enhancement,0.0,0.8137253141831238,iodide/triiodide redox chemistry,redox-kinetics enhancement,both,False
C275FB7C4B0|CE6FC512ED2,0,0.6877686290654591,iodide/triiodide redox chemistry,dynamic crosslinked gel network,0.0,0.6695556552962297,iodide/triiodide redox chemistry,dynamic crosslinked gel network,both,False
C275FB7C4B0|CEA29EF1A99,0,0.7177603952243721,iodide/triiodide redox chemistry,thermal-gradient heat-transfer control,0.0,0.7111445242369838,iodide/triiodide redox chemistry,thermal-gradient heat-transfer control,both,False
C275FB7C4B0|CEA9836CD32,0,0.5654013997529848,iodide/triiodide redox chemistry,molten salt,0.0,0.5634380610412926,iodide/triiodide redox chemistry,molten salt,both,False
C275FB7C4B0|CEBF8E29E0A,0,0.2805804857966241,iodide/triiodide redox chemistry,LiNO3,0.0,0.2908797127468581,iodide/triiodide redox chemistry,LiNO3,both,False
C275FB7C4B0|CF203EF8121,0,0.6256854672704816,iodide/triiodide redox chemistry,Eastman entropy of transfer,0.0,0.6826974865350088,iodide/triiodide redox chemistry,Eastman entropy of transfer,both,False
C275FB7C4B0|CF2C5201A37,0,0.8427336352408399,iodide/triiodide redox chemistry,porous-electrode area enhancement,0.0,0.8427692998204668,iodide/triiodide redox chemistry,porous-electrode area enhancement,both,False
C275FB7C4B0|CFAFB569EDB,0,0.4812433100041169,iodide/triiodide redox chemistry,lithium bromide (LiBr),0.0,0.4875628366247755,iodide/triiodide redox chemistry,lithium bromide (LiBr),both,False
C275FB7C4B0|CFBB5A400A1,0,0.6258748456154797,iodide/triiodide redox chemistry,cation-anion thermodiffusion asymmetry,0.0,0.6230430879712746,iodide/triiodide redox chemistry,cation-anion thermodiffusion asymmetry,both,False
C2A8A04727D|C3002C089A5,1,0.7628941951420337,guanidinium chloride (GdmCl),ionic thermodiffusion (Soret effect),1.0,0.757226211849192,guanidinium chloride (GdmCl),ionic thermodiffusion (Soret effect),both,False
C2A8A04727D|C3DA2C4151E,0,0.629629477151091,guanidinium chloride (GdmCl),aqueous electrolyte,0.0,0.6191202872531418,guanidinium chloride (GdmCl),aqueous electrolyte,both,False
C2A8A04727D|C3F66DD37CA,0,0.6212021407986826,guanidinium chloride (GdmCl),H2O,0.0,0.686750448833034,guanidinium chloride (GdmCl),H2O,both,False
C2A8A04727D|C41BE9B5F0E,0,0.6237093454096335,guanidinium chloride (GdmCl),solvation-shell remodeling,0.0,0.6147396768402154,guanidinium chloride (GdmCl),solvation-shell remodeling,both,False
C2A8A04727D|C438FE53FF1,0,0.2741745574310416,guanidinium chloride (GdmCl),lithium chloride (LiCl),0.0,0.2819569120287253,guanidinium chloride (GdmCl),lithium chloride (LiCl),both,False
C2A8A04727D|C45C8AAD12E,0,0.5277068752573075,guanidinium chloride (GdmCl),charge-transfer resistance engineering,0.0,0.5235547576301616,guanidinium chloride (GdmCl),charge-transfer resistance engineering,both,False
C2A8A04727D|C4B2BA55977,0,0.6149279538904899,guanidinium chloride (GdmCl),KNO3,0.0,0.6067953321364452,guanidinium chloride (GdmCl),KNO3,both,False
C2A8A04727D|C4CEC954E12,0,0.6647797447509263,guanidinium chloride (GdmCl),platinum electrode,0.0,0.6547486535008977,guanidinium chloride (GdmCl),platinum electrode,both,False
C2A8A04727D|C5B8C057FAD,0,0.4778592013174145,guanidinium chloride (GdmCl),metal oxide,0.0,0.5806193895870735,guanidinium chloride (GdmCl),metal oxide,both,False
C2A8A04727D|C5E63317596,0,0.5641539728283244,guanidinium chloride (GdmCl),hierarchical porous electrode interface,0.0,0.6314407540394973,guanidinium chloride (GdmCl),hierarchical porous electrode interface,both,False
C2A8A04727D|C5FBBE86551,0,0.2858666117743927,guanidinium chloride (GdmCl),polyvinylidene fluoride (PVDF),0.0,0.2944614003590664,guanidinium chloride (GdmCl),polyvinylidene fluoride (PVDF),both,False
C2A8A04727D|C6181968680,1,0.6260806916426512,guanidinium chloride (GdmCl),graphene,1.0,0.6183258527827649,guanidinium chloride (GdmCl),graphene,both,False
C2A8A04727D|C6210B1A223,0,0.5946233017702759,guanidinium chloride (GdmCl),reduced graphene oxide,0.0,0.5885368043087971,guanidinium chloride (GdmCl),reduced graphene oxide,both,False
C2A8A04727D|C6B063A770B,0,0.5358995471387402,guanidinium chloride (GdmCl),supramolecular host-guest redox entropy,0.0,0.5254039497307001,guanidinium chloride (GdmCl),supramolecular host-guest redox entropy,both,False
C2A8A04727D|C6C09287FDB,0,0.4093042404281597,guanidinium chloride (GdmCl),high-entropy redox/ion coupling,0.0,0.4088644524236983,guanidinium chloride (GdmCl),high-entropy redox/ion coupling,both,False
C2A8A04727D|C6C76863E52,0,0.2433470564018114,guanidinium chloride (GdmCl),copper electrode,0.0,0.2523339317773788,guanidinium chloride (GdmCl),copper electrode,both,False
C2A8A04727D|C7032A2F7AB,0,0.5048744339234252,guanidinium chloride (GdmCl),hexacyanoferrate redox electrode,0.0,0.4976929982046678,guanidinium chloride (GdmCl),hexacyanoferrate redox electrode,both,False
C2A8A04727D|C7096F6ECC5,0,0.5025236722931247,guanidinium chloride (GdmCl),imidazolium ionic-liquid phase transition electrolyte,0.0,0.5059066427289048,guanidinium chloride (GdmCl),imidazolium ionic-liquid phase transition electrolyte,both,False
C2A8A04727D|C78B8F896F7,1,0.3489913544668588,guanidinium chloride (GdmCl),polyacrylamide (PAM),1.0,0.3584784560143627,guanidinium chloride (GdmCl),polyacrylamide (PAM),both,False
C2A8A04727D|C78D65254F9,1,0.6500741045697818,guanidinium chloride (GdmCl),phase transition,1.0,0.6356238779174146,guanidinium chloride (GdmCl),phase transition,both,False
C2A8A04727D|C7B823B5BB0,0,0.6507575133799918,guanidinium chloride (GdmCl),poly(vinyl alcohol) (PVA),0.0,0.7155969479353681,guanidinium chloride (GdmCl),poly(vinyl alcohol) (PVA),both,False
C2A8A04727D|C84C6A613D4,1,0.5795183202964183,guanidinium chloride (GdmCl),cellulose nanofiber scaffold,1.0,0.5679937163375225,guanidinium chloride (GdmCl),cellulose nanofiber scaffold,both,False
C2A8A04727D|C872881EC3C,1,0.7235693701111569,guanidinium chloride (GdmCl),gel-confined redox transport,1.0,0.7122666068222622,guanidinium chloride (GdmCl),gel-confined redox transport,both,False
C2A8A04727D|C8863595B3A,0,0.1869123095924248,guanidinium chloride (GdmCl),temperature-dependent electrode potential,0.0,0.1952513464991023,guanidinium chloride (GdmCl),temperature-dependent electrode potential,both,False
C2A8A04727D|C893D3D6E7B,0,0.1991313297653355,guanidinium chloride (GdmCl),iron electrode,0.0,0.2078725314183123,guanidinium chloride (GdmCl),iron electrode,both,False
C2A8A04727D|C8AD5B453CC,0,0.219876492383697,guanidinium chloride (GdmCl),ion diffusion,0.0,0.2272755834829443,guanidinium chloride (GdmCl),ion diffusion,both,False
C2A8A04727D|C95D66F92B2,0,0.6256607657472211,guanidinium chloride (GdmCl),carbon nanotube family,0.0,0.6115933572710952,guanidinium chloride (GdmCl),carbon nanotube family,both,False
C2A8A04727D|C9642D16DCA,1,0.596599423631124,guanidinium chloride (GdmCl),graphene oxide,1.0,0.5902603231597845,guanidinium chloride (GdmCl),graphene oxide,both,False
C2A8A04727D|C97F8E13D1A,0,0.5564223960477562,guanidinium chloride (GdmCl),thermally regenerative electrochemical cycle,0.0,0.6238734290843806,guanidinium chloride (GdmCl),thermally regenerative electrochemical cycle,both,False
C2A8A04727D|C9B6878E079,0,0.2695965417867435,guanidinium chloride (GdmCl),photothermal-thermoelectric coupling,0.0,0.2769973070017953,guanidinium chloride (GdmCl),photothermal-thermoelectric coupling,both,False
C2A8A04727D|CA6C42A1D77,1,0.720922190201729,ferri/ferrocyanide family,guanidinium chloride (GdmCl),,,,,left_only,False
C2A8A04727D|CAAB7628B33,0,0.2743721696171264,guanidinium chloride (GdmCl),[C2mim],0.0,0.2821723518850987,guanidinium chloride (GdmCl),[C2mim],both,False
C2A8A04727D|CB56BB4DDB0,0,0.5614121037463976,guanidinium chloride (GdmCl),carbon-electrode redox interface,0.0,0.55495960502693,guanidinium chloride (GdmCl),carbon-electrode redox interface,both,False
C2A8A04727D|CBA7A0F0CA3,1,0.7735117332235486,guanidinium chloride (GdmCl),thermogalvanic redox conversion,1.0,0.7723384201077199,guanidinium chloride (GdmCl),thermogalvanic redox conversion,both,False
C2A8A04727D|CBB2D87901B,0,0.2428530259365994,guanidinium chloride (GdmCl),Li2CrO4,0.0,0.2499910233393177,guanidinium chloride (GdmCl),Li2CrO4,both,False
C2A8A04727D|CC028ABF9C6,0,0.7779538904899135,guanidinium chloride (GdmCl),anti-freezing organohydrogel design,0.0,0.772145421903052,guanidinium chloride (GdmCl),anti-freezing organohydrogel design,both,False
C2A8A04727D|CC506F97717,0,0.2462700699876492,guanidinium chloride (GdmCl),CO3,0.0,0.2533123877917415,guanidinium chloride (GdmCl),CO3,both,False
C2A8A04727D|CC5968B917E,0,0.5344874433923426,guanidinium chloride (GdmCl),convection and mass transport,0.0,0.5276526032315979,guanidinium chloride (GdmCl),convection and mass transport,both,False
C2A8A04727D|CD0FD071A10,0,0.5973404693289419,guanidinium chloride (GdmCl),carbon cloth,0.0,0.591068222621185,guanidinium chloride (GdmCl),carbon cloth,both,False
C2A8A04727D|CD3462DB8FF,0,0.7039151914368054,guanidinium chloride (GdmCl),CuSO4,0.0,0.6939946140035906,guanidinium chloride (GdmCl),CuSO4,both,False
C2A8A04727D|CD486BA800F,0,0.5467682173734048,guanidinium chloride (GdmCl),host-guest complexation,0.0,0.5370915619389587,guanidinium chloride (GdmCl),host-guest complexation,both,False
C2A8A04727D|CDAC0413DCA,1,0.7520872787155207,guanidinium chloride (GdmCl),gelatin-based polymer family,1.0,0.7344254937163375,guanidinium chloride (GdmCl),gelatin-based polymer family,both,False
C2A8A04727D|CE2D00B183C,0,0.4031041580897488,guanidinium chloride (GdmCl),redox-kinetics enhancement,0.0,0.5059066427289048,guanidinium chloride (GdmCl),redox-kinetics enhancement,both,False
C2A8A04727D|CE4B0E242E7,0,0.5211362700699876,guanidinium chloride (GdmCl),interfacial charge transfer,0.0,0.515798922800718,guanidinium chloride (GdmCl),interfacial charge transfer,both,False
C2A8A04727D|CE6FC512ED2,0,0.3068011527377522,guanidinium chloride (GdmCl),dynamic crosslinked gel network,0.0,0.3039183123877916,guanidinium chloride (GdmCl),dynamic crosslinked gel network,both,False
C2A8A04727D|CEA29EF1A99,1,0.5632317826265953,guanidinium chloride (GdmCl),thermal-gradient heat-transfer control,1.0,0.553536804308797,guanidinium chloride (GdmCl),thermal-gradient heat-transfer control,both,False
C2A8A04727D|CEA9836CD32,0,0.4628818443804033,guanidinium chloride (GdmCl),molten salt,0.0,0.462939856373429,guanidinium chloride (GdmCl),molten salt,both,False
C2A8A04727D|CEBF8E29E0A,0,0.247645121449156,guanidinium chloride (GdmCl),LiNO3,0.0,0.2545152603231597,guanidinium chloride (GdmCl),LiNO3,both,False
C2A8A04727D|CF203EF8121,0,0.5507451626183615,guanidinium chloride (GdmCl),Eastman entropy of transfer,0.0,0.613734290843806,guanidinium chloride (GdmCl),Eastman entropy of transfer,both,False
C2A8A04727D|CF2C5201A37,0,0.6370358172087277,guanidinium chloride (GdmCl),porous-electrode area enhancement,0.0,0.6288285457809695,guanidinium chloride (GdmCl),porous-electrode area enhancement,both,False
C2A8A04727D|CFAFB569EDB,1,0.2754590366405928,guanidinium chloride (GdmCl),lithium bromide (LiBr),1.0,0.2849192100538599,guanidinium chloride (GdmCl),lithium bromide (LiBr),both,False
C2A8A04727D|CFBB5A400A1,1,0.4760395224372169,guanidinium chloride (GdmCl),cation-anion thermodiffusion asymmetry,1.0,0.4769120287253142,guanidinium chloride (GdmCl),cation-anion thermodiffusion asymmetry,both,False
C3002C089A5|C3DA2C4151E,0,0.8635611362700699,ionic thermodiffusion (Soret effect),aqueous electrolyte,0.0,0.8630834829443447,ionic thermodiffusion (Soret effect),aqueous electrolyte,both,False
C3002C089A5|C3F66DD37CA,0,0.7849279538904899,ionic thermodiffusion (Soret effect),H2O,0.0,0.8242684021543986,ionic thermodiffusion (Soret effect),H2O,both,False
C3002C089A5|C41BE9B5F0E,0,0.8064182791272129,ionic thermodiffusion (Soret effect),solvation-shell remodeling,0.0,0.8006912028725314,ionic thermodiffusion (Soret effect),solvation-shell remodeling,both,False
C3002C089A5|C438FE53FF1,0,0.3506957595718403,ionic thermodiffusion (Soret effect),lithium chloride (LiCl),0.0,0.3567728904847397,ionic thermodiffusion (Soret effect),lithium chloride (LiCl),both,False
C3002C089A5|C45C8AAD12E,1,0.8224989707698641,ionic thermodiffusion (Soret effect),charge-transfer resistance engineering,1.0,0.8190709156193895,ionic thermodiffusion (Soret effect),charge-transfer resistance engineering,both,False
C3002C089A5|C46747A02A1,1,0.6831412103746398,ionic thermodiffusion (Soret effect),ion-pairing and complexation,1.0,0.7410547576301616,ionic thermodiffusion (Soret effect),ion-pairing and complexation,both,False
C3002C089A5|C4CEC954E12,0,0.8491107451626183,ionic thermodiffusion (Soret effect),platinum electrode,0.0,0.8486759425493716,ionic thermodiffusion (Soret effect),platinum electrode,both,False
C3002C089A5|C5B8C057FAD,0,0.6760436393577605,ionic thermodiffusion (Soret effect),metal oxide,0.0,0.7259066427289048,ionic thermodiffusion (Soret effect),metal oxide,both,False
C3002C089A5|C5E47CC0A62,0,0.898888431453273,ionic thermodiffusion (Soret effect),Hofmeister/chaotropic effect,0.0,0.8976256732495511,ionic thermodiffusion (Soret effect),Hofmeister/chaotropic effect,both,False
C3002C089A5|C5E63317596,0,0.6698559077809798,ionic thermodiffusion (Soret effect),hierarchical porous electrode interface,0.0,0.7270017953321365,ionic thermodiffusion (Soret effect),hierarchical porous electrode interface,both,False
C3002C089A5|C5FBBE86551,0,0.3427212844792096,ionic thermodiffusion (Soret effect),polyvinylidene fluoride (PVDF),0.0,0.3490350089766607,ionic thermodiffusion (Soret effect),polyvinylidene fluoride (PVDF),both,False
C3002C089A5|C6B063A770B,0,0.583001235076163,ionic thermodiffusion (Soret effect),supramolecular host-guest redox entropy,0.0,0.5829982046678636,ionic thermodiffusion (Soret effect),supramolecular host-guest redox entropy,both,False
C3002C089A5|C6C76863E52,1,0.5024989707698642,ionic thermodiffusion (Soret effect),copper electrode,1.0,0.5047396768402154,ionic thermodiffusion (Soret effect),copper electrode,both,False
C3002C089A5|C7032A2F7AB,0,0.6851049814738575,ionic thermodiffusion (Soret effect),hexacyanoferrate redox electrode,0.0,0.6730116696588869,ionic thermodiffusion (Soret effect),hexacyanoferrate redox electrode,both,False
C3002C089A5|C7713A07951,0,0.765907780979827,ionic thermodiffusion (Soret effect),urea,0.0,0.7605116696588868,ionic thermodiffusion (Soret effect),urea,both,False
C3002C089A5|C78D65254F9,1,0.7785755454919719,ionic thermodiffusion (Soret effect),phase transition,1.0,0.6984784560143626,ionic thermodiffusion (Soret effect),phase transition,both,False
C3002C089A5|C7B823B5BB0,1,0.810617538081515,ionic thermodiffusion (Soret effect),poly(vinyl alcohol) (PVA),1.0,0.8346140035906643,ionic thermodiffusion (Soret effect),poly(vinyl alcohol) (PVA),both,False
C3002C089A5|C84C6A613D4,1,0.6417949773569371,ionic thermodiffusion (Soret effect),cellulose nanofiber scaffold,1.0,0.6307001795332137,ionic thermodiffusion (Soret effect),cellulose nanofiber scaffold,both,False
C3002C089A5|C872881EC3C,1,0.9186084808563192,ionic thermodiffusion (Soret effect),gel-confined redox transport,1.0,0.92,ionic thermodiffusion (Soret effect),gel-confined redox transport,both,False
C3002C089A5|C8863595B3A,0,0.56260189378345,ionic thermodiffusion (Soret effect),temperature-dependent electrode potential,0.0,0.566588868940754,ionic thermodiffusion (Soret effect),temperature-dependent electrode potential,both,False
C3002C089A5|C893D3D6E7B,0,0.2782461918484973,ionic thermodiffusion (Soret effect),iron electrode,0.0,0.2826346499102334,ionic thermodiffusion (Soret effect),iron electrode,both,False
C3002C089A5|C95D66F92B2,0,0.8426183614656237,ionic thermodiffusion (Soret effect),carbon nanotube family,0.0,0.8353276481149012,ionic thermodiffusion (Soret effect),carbon nanotube family,both,False
C3002C089A5|C9642D16DCA,1,0.8148538493207081,ionic thermodiffusion (Soret effect),graphene oxide,1.0,0.8111804308797128,ionic thermodiffusion (Soret effect),graphene oxide,both,False
C3002C089A5|C97F8E13D1A,0,0.6820831617949774,ionic thermodiffusion (Soret effect),thermally regenerative electrochemical cycle,0.0,0.744560143626571,ionic thermodiffusion (Soret effect),thermally regenerative electrochemical cycle,both,False
C3002C089A5|C9B6878E079,0,0.8383779333058871,ionic thermodiffusion (Soret effect),photothermal-thermoelectric coupling,0.0,0.8290754039497307,ionic thermodiffusion (Soret effect),photothermal-thermoelectric coupling,both,False
C3002C089A5|CA6C42A1D77,1,0.7967846850555784,ferri/ferrocyanide family,ionic thermodiffusion (Soret effect),,,,,left_only,False
C3002C089A5|CAAB7628B33,0,0.3287114038699053,ionic thermodiffusion (Soret effect),[C2mim],0.0,0.3350134649910233,ionic thermodiffusion (Soret effect),[C2mim],both,False
C3002C089A5|CBB2D87901B,0,0.3005516673528201,ionic thermodiffusion (Soret effect),Li2CrO4,0.0,0.3061445242369838,ionic thermodiffusion (Soret effect),Li2CrO4,both,False
C3002C089A5|CC028ABF9C6,1,0.8834582132564841,ionic thermodiffusion (Soret effect),anti-freezing organohydrogel design,1.0,0.8738061041292638,ionic thermodiffusion (Soret effect),anti-freezing organohydrogel design,both,False
C3002C089A5|CC506F97717,0,0.247274598600247,ionic thermodiffusion (Soret effect),CO3,0.0,0.2500942549371633,ionic thermodiffusion (Soret effect),CO3,both,False
C3002C089A5|CC5968B917E,0,0.7523466447097571,ionic thermodiffusion (Soret effect),convection and mass transport,0.0,0.7410592459605027,ionic thermodiffusion (Soret effect),convection and mass transport,both,False
C3002C089A5|CD0FD071A10,0,0.8042939481268012,ionic thermodiffusion (Soret effect),carbon cloth,0.0,0.802185816876122,ionic thermodiffusion (Soret effect),carbon cloth,both,False
C3002C089A5|CD3462DB8FF,0,0.7545450802799505,ionic thermodiffusion (Soret effect),CuSO4,0.0,0.7440305206463195,ionic thermodiffusion (Soret effect),CuSO4,both,False
C3002C089A5|CD486BA800F,0,0.5823095924248661,ionic thermodiffusion (Soret effect),host-guest complexation,0.0,0.5822980251346499,ionic thermodiffusion (Soret effect),host-guest complexation,both,False
C3002C089A5|CE2D00B183C,1,0.6040222313709345,ionic thermodiffusion (Soret effect),redox-kinetics enhancement,1.0,0.6746274685816877,ionic thermodiffusion (Soret effect),redox-kinetics enhancement,both,False
C3002C089A5|CE4B0E242E7,1,0.7834705640181144,ionic thermodiffusion (Soret effect),interfacial charge transfer,1.0,0.7764272890484739,ionic thermodiffusion (Soret effect),interfacial charge transfer,both,False
C3002C089A5|CE6FC512ED2,1,0.7336475916014822,ionic thermodiffusion (Soret effect),dynamic crosslinked gel network,1.0,0.695439856373429,ionic thermodiffusion (Soret effect),dynamic crosslinked gel network,both,False
C3002C089A5|CEA29EF1A99,0,0.8220708110333472,ionic thermodiffusion (Soret effect),thermal-gradient heat-transfer control,0.0,0.7407360861759424,ionic thermodiffusion (Soret effect),thermal-gradient heat-transfer control,both,False
C3002C089A5|CEA9836CD32,0,0.6751626183614656,ionic thermodiffusion (Soret effect),molten salt,0.0,0.667060143626571,ionic thermodiffusion (Soret effect),molten salt,both,False
C3002C089A5|CEBF8E29E0A,0,0.2945738987237546,ionic thermodiffusion (Soret effect),LiNO3,0.0,0.3003815080789946,ionic thermodiffusion (Soret effect),LiNO3,both,False
C3002C089A5|CF2C5201A37,0,0.7952284890901606,ionic thermodiffusion (Soret effect),porous-electrode area enhancement,0.0,0.7918491921005385,ionic thermodiffusion (Soret effect),porous-electrode area enhancement,both,False
C3002C089A5|CFAFB569EDB,0,0.3619843557019349,ionic thermodiffusion (Soret effect),lithium bromide (LiBr),0.0,0.3682719928186714,ionic thermodiffusion (Soret effect),lithium bromide (LiBr),both,False
C3DA2C4151E|C3F66DD37CA,0,0.4802223137093453,aqueous electrolyte,H2O,0.0,0.5727737881508079,aqueous electrolyte,H2O,both,False
C3DA2C4151E|C438FE53FF1,0,0.2663235899547139,aqueous electrolyte,lithium chloride (LiCl),0.0,0.2745825852782764,aqueous electrolyte,lithium chloride (LiCl),both,False
C3DA2C4151E|C45C8AAD12E,0,0.8329230135858378,aqueous electrolyte,charge-transfer resistance engineering,0.0,0.8364856373429085,aqueous electrolyte,charge-transfer resistance engineering,both,False
C3DA2C4151E|C46747A02A1,0,0.6454219843557019,aqueous electrolyte,ion-pairing and complexation,0.0,0.7080296229802514,aqueous electrolyte,ion-pairing and complexation,both,False
C3DA2C4151E|C4B2BA55977,0,0.6158460271716755,aqueous electrolyte,KNO3,0.0,0.6039856373429084,aqueous electrolyte,KNO3,both,False
C3DA2C4151E|C4CEC954E12,0,0.8318896665294359,aqueous electrolyte,platinum electrode,0.0,0.8359515260323159,aqueous electrolyte,platinum electrode,both,False
C3DA2C4151E|C5E47CC0A62,0,0.7197406340057636,aqueous electrolyte,Hofmeister/chaotropic effect,0.0,0.7171319569120288,aqueous electrolyte,Hofmeister/chaotropic effect,both,False
C3DA2C4151E|C5E63317596,0,0.6365664882667764,aqueous electrolyte,hierarchical porous electrode interface,0.0,0.6988420107719928,aqueous electrolyte,hierarchical porous electrode interface,both,False
C3DA2C4151E|C5FBBE86551,0,0.4393906957595718,aqueous electrolyte,polyvinylidene fluoride (PVDF),0.0,0.4510098743267504,aqueous electrolyte,polyvinylidene fluoride (PVDF),both,False
C3DA2C4151E|C6181968680,0,0.7847138740222314,aqueous electrolyte,graphene,0.0,0.7842100538599641,aqueous electrolyte,graphene,both,False
C3DA2C4151E|C6210B1A223,0,0.6520337587484561,aqueous electrolyte,reduced graphene oxide,0.0,0.6409874326750449,aqueous electrolyte,reduced graphene oxide,both,False
C3DA2C4151E|C6B063A770B,0,0.4814862083161795,aqueous electrolyte,supramolecular host-guest redox entropy,0.0,0.4830610412926391,aqueous electrolyte,supramolecular host-guest redox entropy,both,False
C3DA2C4151E|C6C09287FDB,0,0.2487114038699053,aqueous electrolyte,high-entropy redox/ion coupling,0.0,0.2577244165170556,aqueous electrolyte,high-entropy redox/ion coupling,both,False
C3DA2C4151E|C6C76863E52,0,0.279563606422396,aqueous electrolyte,copper electrode,0.0,0.2874551166965888,aqueous electrolyte,copper electrode,both,False
C3DA2C4151E|C7032A2F7AB,0,0.7455578427336353,aqueous electrolyte,hexacyanoferrate redox electrode,0.0,0.7473114901256733,aqueous electrolyte,hexacyanoferrate redox electrode,both,False
C3DA2C4151E|C7096F6ECC5,0,0.73,aqueous electrolyte,imidazolium ionic-liquid phase transition electrolyte,0.0,0.722028725314183,aqueous electrolyte,imidazolium ionic-liquid phase transition electrolyte,both,False
C3DA2C4151E|C7713A07951,0,0.6148579662412516,aqueous electrolyte,urea,0.0,0.6037163375224417,aqueous electrolyte,urea,both,False
C3DA2C4151E|C78B8F896F7,0,0.4926307122272539,aqueous electrolyte,polyacrylamide (PAM),0.0,0.5019973070017953,aqueous electrolyte,polyacrylamide (PAM),both,False
C3DA2C4151E|C78D65254F9,0,0.747179909427748,aqueous electrolyte,phase transition,0.0,0.7466337522441652,aqueous electrolyte,phase transition,both,False
C3DA2C4151E|C7932B1CE8C,0,0.8300494030465213,aqueous electrolyte,chaotropic polymer-water disruption,0.0,0.8277692998204668,aqueous electrolyte,chaotropic polymer-water disruption,both,False
C3DA2C4151E|C7B823B5BB0,0,0.6019349526554137,aqueous electrolyte,poly(vinyl alcohol) (PVA),0.0,0.6732315978456014,aqueous electrolyte,poly(vinyl alcohol) (PVA),both,False
C3DA2C4151E|C84C6A613D4,0,0.5092795389048991,aqueous electrolyte,cellulose nanofiber scaffold,0.0,0.5140619389587073,aqueous electrolyte,cellulose nanofiber scaffold,both,False
C3DA2C4151E|C872881EC3C,0,0.8337834499794154,aqueous electrolyte,gel-confined redox transport,0.0,0.8300673249551167,aqueous electrolyte,gel-confined redox transport,both,False
C3DA2C4151E|C8863595B3A,0,0.4615232606010703,aqueous electrolyte,temperature-dependent electrode potential,0.0,0.4684605026929982,aqueous electrolyte,temperature-dependent electrode potential,both,False
C3DA2C4151E|C893D3D6E7B,0,0.2483161794977357,aqueous electrolyte,iron electrode,0.0,0.2549775583482944,aqueous electrolyte,iron electrode,both,False
C3DA2C4151E|C8AD5B453CC,0,0.2674145738987237,aqueous electrolyte,ion diffusion,0.0,0.2779533213644524,aqueous electrolyte,ion diffusion,both,False
C3DA2C4151E|C95D66F92B2,0,0.8283614656237134,aqueous electrolyte,carbon nanotube family,0.0,0.801350987432675,aqueous electrolyte,carbon nanotube family,both,False
C3DA2C4151E|C9642D16DCA,0,0.7634129271305063,aqueous electrolyte,graphene oxide,0.0,0.7589946140035907,aqueous electrolyte,graphene oxide,both,False
C3DA2C4151E|C97F8E13D1A,0,0.6979374228077397,aqueous electrolyte,thermally regenerative electrochemical cycle,0.0,0.7505879712746857,aqueous electrolyte,thermally regenerative electrochemical cycle,both,False
C3DA2C4151E|C9B6878E079,0,0.5944380403458214,aqueous electrolyte,photothermal-thermoelectric coupling,0.0,0.5852019748653501,aqueous electrolyte,photothermal-thermoelectric coupling,both,False
C3DA2C4151E|CA6C42A1D77,0,0.7452408398517909,ferri/ferrocyanide family,aqueous electrolyte,,,,,left_only,False
C3DA2C4151E|CAAB7628B33,0,0.4529065459036641,aqueous electrolyte,[C2mim],0.0,0.4564272890484739,aqueous electrolyte,[C2mim],both,False
C3DA2C4151E|CBB2D87901B,0,0.2151420337587484,aqueous electrolyte,Li2CrO4,0.0,0.2239542190305206,aqueous electrolyte,Li2CrO4,both,False
C3DA2C4151E|CC028ABF9C6,0,0.7762041992589542,aqueous electrolyte,anti-freezing organohydrogel design,0.0,0.7782091561938959,aqueous electrolyte,anti-freezing organohydrogel design,both,False
C3DA2C4151E|CC506F97717,0,0.2012309592424866,aqueous electrolyte,CO3,0.0,0.2089228007181328,aqueous electrolyte,CO3,both,False
C3DA2C4151E|CD0FD071A10,0,0.8127789213668176,aqueous electrolyte,carbon cloth,0.0,0.8129892280071814,aqueous electrolyte,carbon cloth,both,False
C3DA2C4151E|CD486BA800F,0,0.4773363524083985,aqueous electrolyte,host-guest complexation,0.0,0.4792369838420107,aqueous electrolyte,host-guest complexation,both,False
C3DA2C4151E|CDAC0413DCA,0,0.7796335940716344,gelatin-based polymer family,aqueous electrolyte,0.0,0.7615350089766606,aqueous electrolyte,gelatin-based polymer family,both,False
C3DA2C4151E|CE2D00B183C,0,0.7581062165500206,aqueous electrolyte,redox-kinetics enhancement,0.0,0.7843402154398564,aqueous electrolyte,redox-kinetics enhancement,both,False
C3DA2C4151E|CE4B0E242E7,0,0.7609921778509675,aqueous electrolyte,interfacial charge transfer,0.0,0.754564631956912,aqueous electrolyte,interfacial charge transfer,both,False
C3DA2C4151E|CE6FC512ED2,0,0.4772416632358995,aqueous electrolyte,dynamic crosslinked gel network,0.0,0.4649955116696589,aqueous electrolyte,dynamic crosslinked gel network,both,False
C3DA2C4151E|CEA9836CD32,0,0.6932647179909427,aqueous electrolyte,molten salt,0.0,0.680713644524237,aqueous electrolyte,molten salt,both,False
C3DA2C4151E|CEBF8E29E0A,0,0.210399341292713,aqueous electrolyte,LiNO3,0.0,0.2193222621184919,aqueous electrolyte,LiNO3,both,False
C3DA2C4151E|CF203EF8121,0,0.6938328530259366,aqueous electrolyte,Eastman entropy of transfer,0.0,0.7305610412926391,aqueous electrolyte,Eastman entropy of transfer,both,False
C3DA2C4151E|CFAFB569EDB,0,0.2708192671881432,aqueous electrolyte,lithium bromide (LiBr),0.0,0.2796992818671454,aqueous electrolyte,lithium bromide (LiBr),both,False
C3DA2C4151E|CFBB5A400A1,0,0.606220666941128,aqueous electrolyte,cation-anion thermodiffusion asymmetry,0.0,0.6032989228007182,aqueous electrolyte,cation-anion thermodiffusion asymmetry,both,False
C3F66DD37CA|C41BE9B5F0E,0,0.4826759983532317,H2O,solvation-shell remodeling,0.0,0.5861400359066427,H2O,solvation-shell remodeling,both,False
C3F66DD37CA|C438FE53FF1,0,0.2334417455743104,H2O,lithium chloride (LiCl),0.0,0.2448743267504488,H2O,lithium chloride (LiCl),both,False
C3F66DD37CA|C45C8AAD12E,0,0.6589090160559902,H2O,charge-transfer resistance engineering,0.0,0.7135053859964091,H2O,charge-transfer resistance engineering,both,False
C3F66DD37CA|C46747A02A1,0,0.5416467682173733,H2O,ion-pairing and complexation,0.0,0.6360547576301615,H2O,ion-pairing and complexation,both,False
C3F66DD37CA|C4B2BA55977,0,0.639629477151091,H2O,KNO3,0.0,0.698249551166966,H2O,KNO3,both,False
C3F66DD37CA|C4CEC954E12,0,0.506504734458625,H2O,platinum electrode,0.0,0.6004578096947936,H2O,platinum electrode,both,False
C3F66DD37CA|C5B8C057FAD,0,0.5129847673939892,H2O,metal oxide,0.0,0.6164631956912028,H2O,metal oxide,both,False
C3F66DD37CA|C5E47CC0A62,1,0.7311856731165088,H2O,Hofmeister/chaotropic effect,1.0,0.7687522441651706,H2O,Hofmeister/chaotropic effect,both,False
C3F66DD37CA|C5E63317596,0,0.6193865788390284,H2O,hierarchical porous electrode interface,0.0,0.6872396768402155,H2O,hierarchical porous electrode interface,both,False
C3F66DD37CA|C5FBBE86551,0,0.2791477974475093,H2O,polyvinylidene fluoride (PVDF),0.0,0.290556552962298,H2O,polyvinylidene fluoride (PVDF),both,False
C3F66DD37CA|C6181968680,0,0.6551296829971182,H2O,graphene,0.0,0.7206867145421902,H2O,graphene,both,False
C3F66DD37CA|C6210B1A223,0,0.516467682173734,H2O,reduced graphene oxide,0.0,0.6102962298025134,H2O,reduced graphene oxide,both,False
C3F66DD37CA|C6B063A770B,0,0.2743968711403869,H2O,supramolecular host-guest redox entropy,0.0,0.2887163375224416,H2O,supramolecular host-guest redox entropy,both,False
C3F66DD37CA|C6C09287FDB,0,0.2310209962947715,H2O,high-entropy redox/ion coupling,0.0,0.2418850987432675,H2O,high-entropy redox/ion coupling,both,False
C3F66DD37CA|C6C76863E52,0,0.2513997529847674,H2O,copper electrode,0.0,0.2634560143626571,H2O,copper electrode,both,False
C3F66DD37CA|C7032A2F7AB,0,0.4655002058460271,H2O,hexacyanoferrate redox electrode,0.0,0.568411131059246,H2O,hexacyanoferrate redox electrode,both,False
C3F66DD37CA|C7096F6ECC5,0,0.3178427336352408,H2O,imidazolium ionic-liquid phase transition electrolyte,0.0,0.333137342908438,H2O,imidazolium ionic-liquid phase transition electrolyte,both,False
C3F66DD37CA|C7713A07951,0,0.6306875257307534,H2O,urea,0.0,0.6964452423698384,H2O,urea,both,False
C3F66DD37CA|C78B8F896F7,0,0.5520008233841086,H2O,polyacrylamide (PAM),0.0,0.560035906642729,H2O,polyacrylamide (PAM),both,False
C3F66DD37CA|C78D65254F9,0,0.7228941951420338,H2O,phase transition,0.0,0.7733034111310592,H2O,phase transition,both,False
C3F66DD37CA|C84C6A613D4,0,0.471177439275422,H2O,cellulose nanofiber scaffold,0.0,0.4790305206463195,H2O,cellulose nanofiber scaffold,both,False
C3F66DD37CA|C8863595B3A,0,0.2470852202552491,H2O,temperature-dependent electrode potential,0.0,0.2599102333931777,H2O,temperature-dependent electrode potential,both,False
C3F66DD37CA|C893D3D6E7B,0,0.2497200494030464,H2O,iron electrode,0.0,0.2588240574506283,H2O,iron electrode,both,False
C3F66DD37CA|C8AD5B453CC,0,0.2401317414573898,H2O,ion diffusion,0.0,0.2515933572710951,H2O,ion diffusion,both,False
C3F66DD37CA|C95D66F92B2,0,0.7354960889254837,H2O,carbon nanotube family,0.0,0.7790574506283663,H2O,carbon nanotube family,both,False
C3F66DD37CA|C9642D16DCA,0,0.6337505146150679,H2O,graphene oxide,0.0,0.7019658886894073,H2O,graphene oxide,both,False
C3F66DD37CA|C97F8E13D1A,0,0.471794977356937,H2O,thermally regenerative electrochemical cycle,0.0,0.5674551166965889,H2O,thermally regenerative electrochemical cycle,both,False
C3F66DD37CA|C9B6878E079,0,0.6991807328118567,H2O,photothermal-thermoelectric coupling,0.0,0.6930116696588868,H2O,photothermal-thermoelectric coupling,both,False
C3F66DD37CA|CA6C42A1D77,1,0.8535940716344174,ferri/ferrocyanide family,H2O,,,,,left_only,False
C3F66DD37CA|CA8C62A4868,0,0.6572993001235076,H2O,redox reaction entropy,0.0,0.7183797127468582,H2O,redox reaction entropy,both,False
C3F66DD37CA|CAAB7628B33,0,0.280399341292713,H2O,[C2mim],0.0,0.2901705565529623,H2O,[C2mim],both,False
C3F66DD37CA|CB56BB4DDB0,0,0.633095924248662,H2O,carbon-electrode redox interface,0.0,0.6994389587073608,H2O,carbon-electrode redox interface,both,False
C3F66DD37CA|CBA7A0F0CA3,0,0.874825030876904,H2O,thermogalvanic redox conversion,0.0,0.8883931777378815,H2O,thermogalvanic redox conversion,both,False
C3F66DD37CA|CBB2D87901B,0,0.253524083985179,H2O,Li2CrO4,0.0,0.2613285457809694,H2O,Li2CrO4,both,False
C3F66DD37CA|CC506F97717,0,0.2564965006175381,H2O,CO3,0.0,0.2635996409335727,H2O,CO3,both,False
C3F66DD37CA|CC5968B917E,0,0.4604569781803211,H2O,convection and mass transport,0.0,0.5535592459605027,H2O,convection and mass transport,both,False
C3F66DD37CA|CD0FD071A10,0,0.6313791683820502,H2O,carbon cloth,0.0,0.6997576301615798,H2O,carbon cloth,both,False
C3F66DD37CA|CD3462DB8FF,0,0.5254343351173322,H2O,CuSO4,0.0,0.6201526032315978,H2O,CuSO4,both,False
C3F66DD37CA|CD486BA800F,0,0.2738534376286538,H2O,host-guest complexation,0.0,0.2882315978456014,H2O,host-guest complexation,both,False
C3F66DD37CA|CE2D00B183C,0,0.4575463153561136,H2O,redox-kinetics enhancement,0.0,0.5621903052064632,H2O,redox-kinetics enhancement,both,False
C3F66DD37CA|CE4B0E242E7,0,0.6417414573898723,H2O,interfacial charge transfer,0.0,0.6960008976660681,H2O,interfacial charge transfer,both,False
C3F66DD37CA|CE6FC512ED2,0,0.7234664470975709,H2O,dynamic crosslinked gel network,0.0,0.7164452423698384,H2O,dynamic crosslinked gel network,both,False
C3F66DD37CA|CEA29EF1A99,0,0.5777068752573076,H2O,thermal-gradient heat-transfer control,0.0,0.6416247755834829,H2O,thermal-gradient heat-transfer control,both,False
C3F66DD37CA|CEA9836CD32,0,0.2272416632358995,H2O,molten salt,0.0,0.2414811490125673,H2O,molten salt,both,False
C3F66DD37CA|CEBF8E29E0A,0,0.2535734870317003,H2O,LiNO3,0.0,0.2613824057450628,H2O,LiNO3,both,False
C3F66DD37CA|CF203EF8121,0,0.453371757925072,H2O,Eastman entropy of transfer,0.0,0.5583123877917414,H2O,Eastman entropy of transfer,both,False
C3F66DD37CA|CF2C5201A37,0,0.5847550432276656,H2O,porous-electrode area enhancement,0.0,0.6500493716337522,H2O,porous-electrode area enhancement,both,False
C3F66DD37CA|CFAFB569EDB,0,0.2650349938246191,H2O,lithium bromide (LiBr),0.0,0.2778904847396768,H2O,lithium bromide (LiBr),both,False
C3F66DD37CA|CFBB5A400A1,0,0.3222354878550844,H2O,cation-anion thermodiffusion asymmetry,0.0,0.3371858168761221,H2O,cation-anion thermodiffusion asymmetry,both,False
C41BE9B5F0E|C438FE53FF1,0,0.229810621655002,solvation-shell remodeling,lithium chloride (LiCl),0.0,0.2397307001795331,solvation-shell remodeling,lithium chloride (LiCl),both,False
C41BE9B5F0E|C45C8AAD12E,1,0.6089625360230548,solvation-shell remodeling,charge-transfer resistance engineering,1.0,0.6010861759425494,solvation-shell remodeling,charge-transfer resistance engineering,both,False
C41BE9B5F0E|C46747A02A1,0,0.6711321531494442,solvation-shell remodeling,ion-pairing and complexation,0.0,0.7357764811490125,solvation-shell remodeling,ion-pairing and complexation,both,False
C41BE9B5F0E|C4B2BA55977,0,0.5929188966652944,solvation-shell remodeling,KNO3,0.0,0.587028725314183,solvation-shell remodeling,KNO3,both,False
C41BE9B5F0E|C4CEC954E12,1,0.6466488266776451,solvation-shell remodeling,platinum electrode,1.0,0.6462791741472171,solvation-shell remodeling,platinum electrode,both,False
C41BE9B5F0E|C5B8C057FAD,0,0.6087402223137093,solvation-shell remodeling,metal oxide,0.0,0.6512701974865349,solvation-shell remodeling,metal oxide,both,False
C41BE9B5F0E|C5E47CC0A62,1,0.7373610539316591,solvation-shell remodeling,Hofmeister/chaotropic effect,1.0,0.7376885098743267,solvation-shell remodeling,Hofmeister/chaotropic effect,both,False
C41BE9B5F0E|C5E63317596,0,0.4851832029641827,solvation-shell remodeling,hierarchical porous electrode interface,0.0,0.582185816876122,solvation-shell remodeling,hierarchical porous electrode interface,both,False
C41BE9B5F0E|C5FBBE86551,0,0.4230959242486619,solvation-shell remodeling,polyvinylidene fluoride (PVDF),0.0,0.4290978456014362,solvation-shell remodeling,polyvinylidene fluoride (PVDF),both,False
C41BE9B5F0E|C6181968680,0,0.6254755043227666,solvation-shell remodeling,graphene,0.0,0.6199416517055656,solvation-shell remodeling,graphene,both,False
C41BE9B5F0E|C6210B1A223,0,0.5236805269658296,solvation-shell remodeling,reduced graphene oxide,0.0,0.5158527827648114,solvation-shell remodeling,reduced graphene oxide,both,False
C41BE9B5F0E|C6B063A770B,0,0.5155948950185261,solvation-shell remodeling,supramolecular host-guest redox entropy,0.0,0.5131912028725314,solvation-shell remodeling,supramolecular host-guest redox entropy,both,False
C41BE9B5F0E|C6C09287FDB,1,0.2691354466858789,solvation-shell remodeling,high-entropy redox/ion coupling,1.0,0.2756283662477558,solvation-shell remodeling,high-entropy redox/ion coupling,both,False
C41BE9B5F0E|C6C76863E52,0,0.1633635240839852,solvation-shell remodeling,copper electrode,0.0,0.1717055655296229,solvation-shell remodeling,copper electrode,both,False
C41BE9B5F0E|C7032A2F7AB,0,0.592478386167147,solvation-shell remodeling,hexacyanoferrate redox electrode,0.0,0.5873159784560145,solvation-shell remodeling,hexacyanoferrate redox electrode,both,False
C41BE9B5F0E|C7096F6ECC5,0,0.4919020172910662,solvation-shell remodeling,imidazolium ionic-liquid phase transition electrolyte,0.0,0.4945152603231597,solvation-shell remodeling,imidazolium ionic-liquid phase transition electrolyte,both,False
C41BE9B5F0E|C7713A07951,0,0.6203499382461918,solvation-shell remodeling,urea,0.0,0.6111310592459605,solvation-shell remodeling,urea,both,False
C41BE9B5F0E|C78B8F896F7,0,0.3002552490736929,solvation-shell remodeling,polyacrylamide (PAM),0.0,0.3108393177737881,solvation-shell remodeling,polyacrylamide (PAM),both,False
C41BE9B5F0E|C78D65254F9,0,0.6232606010703994,solvation-shell remodeling,phase transition,0.0,0.6171768402154397,solvation-shell remodeling,phase transition,both,False
C41BE9B5F0E|C7932B1CE8C,1,0.7859036640592837,solvation-shell remodeling,chaotropic polymer-water disruption,1.0,0.7817549371633752,solvation-shell remodeling,chaotropic polymer-water disruption,both,False
C41BE9B5F0E|C7B823B5BB0,1,0.4892836558254426,solvation-shell remodeling,poly(vinyl alcohol) (PVA),1.0,0.5862253141831238,solvation-shell remodeling,poly(vinyl alcohol) (PVA),both,False
C41BE9B5F0E|C84C6A613D4,0,0.5044997941539728,solvation-shell remodeling,cellulose nanofiber scaffold,0.0,0.5069299820466786,solvation-shell remodeling,cellulose nanofiber scaffold,both,False
C41BE9B5F0E|C872881EC3C,1,0.7388596130094688,solvation-shell remodeling,gel-confined redox transport,1.0,0.7300673249551167,solvation-shell remodeling,gel-confined redox transport,both,False
C41BE9B5F0E|C8863595B3A,0,0.2433799917661589,solvation-shell remodeling,temperature-dependent electrode potential,0.0,0.2539587073608617,solvation-shell remodeling,temperature-dependent electrode potential,both,False
C41BE9B5F0E|C893D3D6E7B,0,0.1657101687937422,solvation-shell remodeling,iron electrode,0.0,0.1729174147217235,solvation-shell remodeling,iron electrode,both,False
C41BE9B5F0E|C8AD5B453CC,0,0.2622149032523672,solvation-shell remodeling,ion diffusion,0.0,0.2721947935368043,solvation-shell remodeling,ion diffusion,both,False
C41BE9B5F0E|C95D66F92B2,0,0.6342198435570193,solvation-shell remodeling,carbon nanotube family,0.0,0.6181912028725314,solvation-shell remodeling,carbon nanotube family,both,False
C41BE9B5F0E|C9642D16DCA,0,0.599477151090984,solvation-shell remodeling,graphene oxide,0.0,0.5920646319569121,solvation-shell remodeling,graphene oxide,both,False
C41BE9B5F0E|C97F8E13D1A,0,0.4824166323589954,solvation-shell remodeling,thermally regenerative electrochemical cycle,0.0,0.5765305206463196,solvation-shell remodeling,thermally regenerative electrochemical cycle,both,False
C41BE9B5F0E|C9B6878E079,0,0.3322149032523672,solvation-shell remodeling,photothermal-thermoelectric coupling,0.0,0.3414138240574506,solvation-shell remodeling,photothermal-thermoelectric coupling,both,False
C41BE9B5F0E|CA6C42A1D77,1,0.6733470564018115,ferri/ferrocyanide family,solvation-shell remodeling,,,,,left_only,False
C41BE9B5F0E|CAAB7628B33,0,0.2420625771922601,solvation-shell remodeling,[C2mim],0.0,0.2515260323159784,solvation-shell remodeling,[C2mim],both,False
C41BE9B5F0E|CB56BB4DDB0,0,0.7277892136681761,solvation-shell remodeling,carbon-electrode redox interface,0.0,0.7239587073608617,solvation-shell remodeling,carbon-electrode redox interface,both,False
C41BE9B5F0E|CBA7A0F0CA3,1,0.8381556195965417,solvation-shell remodeling,thermogalvanic redox conversion,1.0,0.8378052064631957,solvation-shell remodeling,thermogalvanic redox conversion,both,False
C41BE9B5F0E|CBB2D87901B,0,0.2082461918484973,solvation-shell remodeling,Li2CrO4,0.0,0.2165978456014362,solvation-shell remodeling,Li2CrO4,both,False
C41BE9B5F0E|CC028ABF9C6,0,0.7020214079868258,solvation-shell remodeling,anti-freezing organohydrogel design,0.0,0.6916921005385996,solvation-shell remodeling,anti-freezing organohydrogel design,both,False
C41BE9B5F0E|CC506F97717,0,0.200399341292713,solvation-shell remodeling,CO3,0.0,0.2089856373429084,solvation-shell remodeling,CO3,both,False
C41BE9B5F0E|CC5968B917E,0,0.703161794977357,solvation-shell remodeling,convection and mass transport,0.0,0.6999102333931778,solvation-shell remodeling,convection and mass transport,both,False
C41BE9B5F0E|CD0FD071A10,0,0.6149403046521202,solvation-shell remodeling,carbon cloth,0.0,0.6095691202872531,solvation-shell remodeling,carbon cloth,both,False
C41BE9B5F0E|CD3462DB8FF,0,0.7283944009880609,solvation-shell remodeling,CuSO4,0.0,0.7270511669658886,solvation-shell remodeling,CuSO4,both,False
C41BE9B5F0E|CD486BA800F,0,0.5146562371346232,solvation-shell remodeling,host-guest complexation,0.0,0.512221723518851,solvation-shell remodeling,host-guest complexation,both,False
C41BE9B5F0E|CDAC0413DCA,0,0.6278509674763276,gelatin-based polymer family,solvation-shell remodeling,0.0,0.5941741472172352,solvation-shell remodeling,gelatin-based polymer family,both,False
C41BE9B5F0E|CE2D00B183C,1,0.5653190613421161,solvation-shell remodeling,redox-kinetics enhancement,1.0,0.634281867145422,solvation-shell remodeling,redox-kinetics enhancement,both,False
C41BE9B5F0E|CE4B0E242E7,1,0.5371181556195965,solvation-shell remodeling,interfacial charge transfer,1.0,0.531310592459605,solvation-shell remodeling,interfacial charge transfer,both,False
C41BE9B5F0E|CE6FC512ED2,0,0.280617538081515,solvation-shell remodeling,dynamic crosslinked gel network,0.0,0.287221723518851,solvation-shell remodeling,dynamic crosslinked gel network,both,False
C41BE9B5F0E|CEA29EF1A99,0,0.7075010292301358,solvation-shell remodeling,thermal-gradient heat-transfer control,0.0,0.6991337522441652,solvation-shell remodeling,thermal-gradient heat-transfer control,both,False
C41BE9B5F0E|CEA9836CD32,0,0.4953149444215726,solvation-shell remodeling,molten salt,0.0,0.4931014362657091,solvation-shell remodeling,molten salt,both,False
C41BE9B5F0E|CEBF8E29E0A,0,0.2033058871963771,solvation-shell remodeling,LiNO3,0.0,0.2118581687612208,solvation-shell remodeling,LiNO3,both,False
C41BE9B5F0E|CF203EF8121,0,0.6778715520790448,solvation-shell remodeling,Eastman entropy of transfer,0.0,0.7210906642728905,solvation-shell remodeling,Eastman entropy of transfer,both,False
C41BE9B5F0E|CF2C5201A37,0,0.710522848909016,solvation-shell remodeling,porous-electrode area enhancement,0.0,0.7055116696588869,solvation-shell remodeling,porous-electrode area enhancement,both,False
C41BE9B5F0E|CFAFB569EDB,0,0.2353931659118979,solvation-shell remodeling,lithium bromide (LiBr),0.0,0.2453859964093357,solvation-shell remodeling,lithium bromide (LiBr),both,False
C41BE9B5F0E|CFBB5A400A1,0,0.5465129682997117,solvation-shell remodeling,cation-anion thermodiffusion asymmetry,0.0,0.5475224416517055,solvation-shell remodeling,cation-anion thermodiffusion asymmetry,both,False
C438FE53FF1|C45C8AAD12E,0,0.2319102511321531,lithium chloride (LiCl),charge-transfer resistance engineering,0.0,0.2422890484739676,lithium chloride (LiCl),charge-transfer resistance engineering,both,False
C438FE53FF1|C46747A02A1,0,0.2917579250720461,lithium chloride (LiCl),ion-pairing and complexation,0.0,0.3031104129263914,lithium chloride (LiCl),ion-pairing and complexation,both,False
C438FE53FF1|C4B2BA55977,0,0.2637505146150679,lithium chloride (LiCl),KNO3,0.0,0.2691921005385996,lithium chloride (LiCl),KNO3,both,False
C438FE53FF1|C4CEC954E12,0,0.261111568546727,lithium chloride (LiCl),platinum electrode,0.0,0.2698967684021544,lithium chloride (LiCl),platinum electrode,both,False
C438FE53FF1|C5B8C057FAD,0,0.2330218196788802,lithium chloride (LiCl),metal oxide,0.0,0.2454129263913823,lithium chloride (LiCl),metal oxide,both,False
C438FE53FF1|C5E47CC0A62,0,0.207085220255249,lithium chloride (LiCl),Hofmeister/chaotropic effect,0.0,0.2167594254937163,lithium chloride (LiCl),Hofmeister/chaotropic effect,both,False
C438FE53FF1|C5E63317596,0,0.1778468505557842,lithium chloride (LiCl),hierarchical porous electrode interface,0.0,0.1867414721723518,lithium chloride (LiCl),hierarchical porous electrode interface,both,False
C438FE53FF1|C5FBBE86551,0,0.2274392754219843,lithium chloride (LiCl),polyvinylidene fluoride (PVDF),0.0,0.2343716337522441,lithium chloride (LiCl),polyvinylidene fluoride (PVDF),both,False
C438FE53FF1|C6181968680,0,0.2790242898312062,lithium chloride (LiCl),graphene,0.0,0.2854937163375224,lithium chloride (LiCl),graphene,both,False
C438FE53FF1|C6210B1A223,0,0.2219061342116097,lithium chloride (LiCl),reduced graphene oxide,0.0,0.229605026929982,lithium chloride (LiCl),reduced graphene oxide,both,False
C438FE53FF1|C6B063A770B,0,0.1848332647179909,lithium chloride (LiCl),supramolecular host-guest redox entropy,0.0,0.1923653500897666,lithium chloride (LiCl),supramolecular host-guest redox entropy,both,False
C438FE53FF1|C6C09287FDB,0,0.1541539728283244,lithium chloride (LiCl),high-entropy redox/ion coupling,0.0,0.1608303411131059,lithium chloride (LiCl),high-entropy redox/ion coupling,both,False
C438FE53FF1|C6C76863E52,0,0.1881926718814326,lithium chloride (LiCl),copper electrode,0.0,0.1955700179533213,lithium chloride (LiCl),copper electrode,both,False
C438FE53FF1|C7032A2F7AB,0,0.1720378756689995,lithium chloride (LiCl),hexacyanoferrate redox electrode,0.0,0.1795466786355475,lithium chloride (LiCl),hexacyanoferrate redox electrode,both,False
C438FE53FF1|C7096F6ECC5,0,0.2793207081103335,lithium chloride (LiCl),imidazolium ionic-liquid phase transition electrolyte,0.0,0.2886175942549371,lithium chloride (LiCl),imidazolium ionic-liquid phase transition electrolyte,both,False
C438FE53FF1|C7713A07951,0,0.261082750102923,lithium chloride (LiCl),urea,0.0,0.2688150807899461,lithium chloride (LiCl),urea,both,False
C438FE53FF1|C78B8F896F7,0,0.2828036228900782,lithium chloride (LiCl),polyacrylamide (PAM),0.0,0.2921723518850987,lithium chloride (LiCl),polyacrylamide (PAM),both,False
C438FE53FF1|C78D65254F9,0,0.2695018526142445,lithium chloride (LiCl),phase transition,0.0,0.2773384201077199,lithium chloride (LiCl),phase transition,both,False
C438FE53FF1|C7932B1CE8C,0,0.2821202140798682,lithium chloride (LiCl),chaotropic polymer-water disruption,0.0,0.2910008976660682,lithium chloride (LiCl),chaotropic polymer-water disruption,both,False
C438FE53FF1|C7B823B5BB0,0,0.2992548373816385,lithium chloride (LiCl),poly(vinyl alcohol) (PVA),0.0,0.3098384201077199,lithium chloride (LiCl),poly(vinyl alcohol) (PVA),both,False
C438FE53FF1|C84C6A613D4,0,0.1939275421984355,lithium chloride (LiCl),cellulose nanofiber scaffold,0.0,0.2031418312387791,lithium chloride (LiCl),cellulose nanofiber scaffold,both,False
C438FE53FF1|C872881EC3C,0,0.326562371346233,lithium chloride (LiCl),gel-confined redox transport,0.0,0.3319434470377019,lithium chloride (LiCl),gel-confined redox transport,both,False
C438FE53FF1|C8863595B3A,0,0.1797900370522848,lithium chloride (LiCl),temperature-dependent electrode potential,0.0,0.1879982046678635,lithium chloride (LiCl),temperature-dependent electrode potential,both,False
C438FE53FF1|C893D3D6E7B,0,0.2041004528612597,lithium chloride (LiCl),iron electrode,0.0,0.2107585278276481,lithium chloride (LiCl),iron electrode,both,False
C438FE53FF1|C8AD5B453CC,0,0.2060312885961301,lithium chloride (LiCl),ion diffusion,0.0,0.2147217235188509,lithium chloride (LiCl),ion diffusion,both,False
C438FE53FF1|C95D66F92B2,0,0.2968340881020996,lithium chloride (LiCl),carbon nanotube family,0.0,0.2962118491921005,lithium chloride (LiCl),carbon nanotube family,both,False
C438FE53FF1|C9642D16DCA,0,0.233960477562783,lithium chloride (LiCl),graphene oxide,0.0,0.2380879712746858,lithium chloride (LiCl),graphene oxide,both,False
C438FE53FF1|C97F8E13D1A,0,0.2385631947303417,lithium chloride (LiCl),thermally regenerative electrochemical cycle,0.0,0.2481149012567325,lithium chloride (LiCl),thermally regenerative electrochemical cycle,both,False
C438FE53FF1|C9B6878E079,0,0.2186661177439275,lithium chloride (LiCl),photothermal-thermoelectric coupling,0.0,0.2260098743267504,lithium chloride (LiCl),photothermal-thermoelectric coupling,both,False
C438FE53FF1|CA6C42A1D77,0,0.2657101687937422,lithium chloride (LiCl),ferri/ferrocyanide family,0.0,0.3898384201077199,lithium chloride (LiCl),ferri/ferrocyanide family,both,False
C438FE53FF1|CA8C62A4868,0,0.4923713462330176,lithium chloride (LiCl),redox reaction entropy,0.0,0.4972082585278277,lithium chloride (LiCl),redox reaction entropy,both,False
C438FE53FF1|CAAB7628B33,0,0.2158089748867846,lithium chloride (LiCl),[C2mim],0.0,0.2218536804308797,lithium chloride (LiCl),[C2mim],both,False
C438FE53FF1|CB56BB4DDB0,0,0.2170234664470975,lithium chloride (LiCl),carbon-electrode redox interface,0.0,0.2247935368043087,lithium chloride (LiCl),carbon-electrode redox interface,both,False
C438FE53FF1|CBA7A0F0CA3,0,0.5954631535611362,lithium chloride (LiCl),thermogalvanic redox conversion,0.0,0.5988824057450628,lithium chloride (LiCl),thermogalvanic redox conversion,both,False
C438FE53FF1|CBB2D87901B,0,0.2260354055166735,lithium chloride (LiCl),Li2CrO4,0.0,0.2307136445242369,lithium chloride (LiCl),Li2CrO4,both,False
C438FE53FF1|CC028ABF9C6,0,0.2874598600247015,lithium chloride (LiCl),anti-freezing organohydrogel design,0.0,0.2952737881508078,lithium chloride (LiCl),anti-freezing organohydrogel design,both,False
C438FE53FF1|CC506F97717,0,0.2123219431864965,lithium chloride (LiCl),CO3,0.0,0.2187253141831238,lithium chloride (LiCl),CO3,both,False
C438FE53FF1|CC5968B917E,0,0.2028200905722519,lithium chloride (LiCl),convection and mass transport,0.0,0.2112477558348294,lithium chloride (LiCl),convection and mass transport,both,False
C438FE53FF1|CCAABE058E7,0,0.3481226842321943,lithium chloride (LiCl),ferri/ferrocyanide redox chemistry,0.0,0.3538958707360862,lithium chloride (LiCl),ferri/ferrocyanide redox chemistry,both,False
C438FE53FF1|CD0FD071A10,0,0.2535734870317003,lithium chloride (LiCl),carbon cloth,0.0,0.2599012567324955,lithium chloride (LiCl),carbon cloth,both,False
C438FE53FF1|CD3462DB8FF,0,0.5019596541786743,lithium chloride (LiCl),CuSO4,0.0,0.5037387791741472,lithium chloride (LiCl),CuSO4,both,False
C438FE53FF1|CD486BA800F,0,0.197085220255249,lithium chloride (LiCl),host-guest complexation,0.0,0.2052917414721723,lithium chloride (LiCl),host-guest complexation,both,False
C438FE53FF1|CDAC0413DCA,0,0.3281638534376286,gelatin-based polymer family,lithium chloride (LiCl),0.0,0.3224012567324955,lithium chloride (LiCl),gelatin-based polymer family,both,False
C438FE53FF1|CE2D00B183C,0,0.1617620419925895,lithium chloride (LiCl),redox-kinetics enhancement,0.0,0.1728141831238779,lithium chloride (LiCl),redox-kinetics enhancement,both,False
C438FE53FF1|CE4B0E242E7,0,0.2121243310004116,lithium chloride (LiCl),interfacial charge transfer,0.0,0.2210143626570915,lithium chloride (LiCl),interfacial charge transfer,both,False
C438FE53FF1|CE6FC512ED2,0,0.2450102923013586,lithium chloride (LiCl),dynamic crosslinked gel network,0.0,0.2353231597845601,lithium chloride (LiCl),dynamic crosslinked gel network,both,False
C438FE53FF1|CEA29EF1A99,0,0.2384726224783862,lithium chloride (LiCl),thermal-gradient heat-transfer control,0.0,0.2413689407540394,lithium chloride (LiCl),thermal-gradient heat-transfer control,both,False
C438FE53FF1|CEBF8E29E0A,0,0.218328530259366,lithium chloride (LiCl),LiNO3,0.0,0.2243581687612208,lithium chloride (LiCl),LiNO3,both,False
C438FE53FF1|CF203EF8121,0,0.2040510498147386,lithium chloride (LiCl),Eastman entropy of transfer,0.0,0.2154174147217235,lithium chloride (LiCl),Eastman entropy of transfer,both,False
C438FE53FF1|CF2C5201A37,0,0.2118855496088925,lithium chloride (LiCl),porous-electrode area enhancement,0.0,0.2174685816876121,lithium chloride (LiCl),porous-electrode area enhancement,both,False
C438FE53FF1|CFAFB569EDB,0,0.2406093042404281,lithium chloride (LiCl),lithium bromide (LiBr),0.0,0.2456867145421903,lithium chloride (LiCl),lithium bromide (LiBr),both,False
C438FE53FF1|CFBB5A400A1,0,0.2433923425277892,lithium chloride (LiCl),cation-anion thermodiffusion asymmetry,0.0,0.252616696588869,lithium chloride (LiCl),cation-anion thermodiffusion asymmetry,both,False
C45C8AAD12E|C46747A02A1,1,0.6422807739810623,charge-transfer resistance engineering,ion-pairing and complexation,1.0,0.702464093357271,charge-transfer resistance engineering,ion-pairing and complexation,both,False
C45C8AAD12E|C4B2BA55977,0,0.6688390284067518,charge-transfer resistance engineering,KNO3,0.0,0.659995511669659,charge-transfer resistance engineering,KNO3,both,False
C45C8AAD12E|C5B8C057FAD,1,0.7233799917661589,charge-transfer resistance engineering,metal oxide,1.0,0.7655475763016157,charge-transfer resistance engineering,metal oxide,both,False
C45C8AAD12E|C5E47CC0A62,1,0.6576986414162207,charge-transfer resistance engineering,Hofmeister/chaotropic effect,1.0,0.6488868940754038,charge-transfer resistance engineering,Hofmeister/chaotropic effect,both,False
C45C8AAD12E|C5FBBE86551,0,0.418699053108275,charge-transfer resistance engineering,polyvinylidene fluoride (PVDF),0.0,0.4306328545780969,charge-transfer resistance engineering,polyvinylidene fluoride (PVDF),both,False
C45C8AAD12E|C6181968680,0,0.7552820090572251,charge-transfer resistance engineering,graphene,0.0,0.7511175942549371,charge-transfer resistance engineering,graphene,both,False
C45C8AAD12E|C6210B1A223,0,0.6992960065870728,charge-transfer resistance engineering,reduced graphene oxide,0.0,0.6923922800718132,charge-transfer resistance engineering,reduced graphene oxide,both,False
C45C8AAD12E|C6B063A770B,0,0.4821490325236722,charge-transfer resistance engineering,supramolecular host-guest redox entropy,0.0,0.4872576301615798,charge-transfer resistance engineering,supramolecular host-guest redox entropy,both,False
C45C8AAD12E|C6C09287FDB,0,0.2555990119390696,charge-transfer resistance engineering,high-entropy redox/ion coupling,0.0,0.2652064631956912,charge-transfer resistance engineering,high-entropy redox/ion coupling,both,False
C45C8AAD12E|C6C76863E52,1,0.2984561547962124,charge-transfer resistance engineering,copper electrode,1.0,0.3081597845601436,charge-transfer resistance engineering,copper electrode,both,False
C45C8AAD12E|C7032A2F7AB,0,0.8114203375874844,charge-transfer resistance engineering,hexacyanoferrate redox electrode,0.0,0.813096947935368,charge-transfer resistance engineering,hexacyanoferrate redox electrode,both,False
C45C8AAD12E|C7713A07951,0,0.5197035817208727,charge-transfer resistance engineering,urea,0.0,0.5150987432675045,charge-transfer resistance engineering,urea,both,False
C45C8AAD12E|C78B8F896F7,1,0.5581020996294771,charge-transfer resistance engineering,polyacrylamide (PAM),1.0,0.5573833034111311,charge-transfer resistance engineering,polyacrylamide (PAM),both,False
C45C8AAD12E|C78D65254F9,1,0.7586125977768627,charge-transfer resistance engineering,phase transition,1.0,0.7548698384201077,charge-transfer resistance engineering,phase transition,both,False
C45C8AAD12E|C7932B1CE8C,1,0.7977233429394811,charge-transfer resistance engineering,chaotropic polymer-water disruption,1.0,0.7957450628366247,charge-transfer resistance engineering,chaotropic polymer-water disruption,both,False
C45C8AAD12E|C7B823B5BB0,1,0.7187731576780568,charge-transfer resistance engineering,poly(vinyl alcohol) (PVA),1.0,0.7577692998204668,charge-transfer resistance engineering,poly(vinyl alcohol) (PVA),both,False
C45C8AAD12E|C84C6A613D4,0,0.5856195965417867,charge-transfer resistance engineering,cellulose nanofiber scaffold,0.0,0.57741921005386,charge-transfer resistance engineering,cellulose nanofiber scaffold,both,False
C45C8AAD12E|C872881EC3C,1,0.8927748044462741,charge-transfer resistance engineering,gel-confined redox transport,1.0,0.8933842010771992,charge-transfer resistance engineering,gel-confined redox transport,both,False
C45C8AAD12E|C8863595B3A,1,0.4994730341704405,charge-transfer resistance engineering,temperature-dependent electrode potential,1.0,0.5073294434470377,charge-transfer resistance engineering,temperature-dependent electrode potential,both,False
C45C8AAD12E|C893D3D6E7B,0,0.2592548373816385,charge-transfer resistance engineering,iron electrode,0.0,0.2680071813285457,charge-transfer resistance engineering,iron electrode,both,False
C45C8AAD12E|C8AD5B453CC,0,0.3241910251132153,charge-transfer resistance engineering,ion diffusion,0.0,0.3341068222621185,charge-transfer resistance engineering,ion diffusion,both,False
C45C8AAD12E|C9642D16DCA,0,0.7310374639769452,charge-transfer resistance engineering,graphene oxide,0.0,0.7258527827648114,charge-transfer resistance engineering,graphene oxide,both,False
C45C8AAD12E|C97F8E13D1A,1,0.8329682997118154,charge-transfer resistance engineering,thermally regenerative electrochemical cycle,1.0,0.8567100538599641,charge-transfer resistance engineering,thermally regenerative electrochemical cycle,both,False
C45C8AAD12E|C9B6878E079,0,0.7908727871552078,charge-transfer resistance engineering,photothermal-thermoelectric coupling,0.0,0.7856642728904847,charge-transfer resistance engineering,photothermal-thermoelectric coupling,both,False
C45C8AAD12E|CA6C42A1D77,0,0.756467682173734,ferri/ferrocyanide family,charge-transfer resistance engineering,,,,,left_only,False
C45C8AAD12E|CA8C62A4868,0,0.8116344174557432,charge-transfer resistance engineering,redox reaction entropy,0.0,0.8106552962298026,charge-transfer resistance engineering,redox reaction entropy,both,False
C45C8AAD12E|CAAB7628B33,0,0.4120955125566076,charge-transfer resistance engineering,[C2mim],0.0,0.4161894075403949,charge-transfer resistance engineering,[C2mim],both,False
C45C8AAD12E|CB56BB4DDB0,1,0.9047509263071224,charge-transfer resistance engineering,carbon-electrode redox interface,1.0,0.9066921005385996,charge-transfer resistance engineering,carbon-electrode redox interface,both,False
C45C8AAD12E|CBB2D87901B,0,0.1705022643062989,charge-transfer resistance engineering,Li2CrO4,0.0,0.1782764811490125,charge-transfer resistance engineering,Li2CrO4,both,False
C45C8AAD12E|CC506F97717,0,0.1834787978592013,charge-transfer resistance engineering,CO3,0.0,0.1919928186714542,charge-transfer resistance engineering,CO3,both,False
C45C8AAD12E|CD0FD071A10,1,0.827435158501441,charge-transfer resistance engineering,carbon cloth,1.0,0.8269479353680431,charge-transfer resistance engineering,carbon cloth,both,False
C45C8AAD12E|CD486BA800F,0,0.5013174145738987,charge-transfer resistance engineering,host-guest complexation,0.0,0.5061624775583483,charge-transfer resistance engineering,host-guest complexation,both,False
C45C8AAD12E|CE6FC512ED2,1,0.5931782626595307,charge-transfer resistance engineering,dynamic crosslinked gel network,1.0,0.5762612208258527,charge-transfer resistance engineering,dynamic crosslinked gel network,both,False
C45C8AAD12E|CEA29EF1A99,0,0.8792260189378344,charge-transfer resistance engineering,thermal-gradient heat-transfer control,0.0,0.8806687612208258,charge-transfer resistance engineering,thermal-gradient heat-transfer control,both,False
C45C8AAD12E|CEA9836CD32,0,0.5794977356937011,charge-transfer resistance engineering,molten salt,0.0,0.5714811490125673,charge-transfer resistance engineering,molten salt,both,False
C45C8AAD12E|CEBF8E29E0A,0,0.1694153972828324,charge-transfer resistance engineering,LiNO3,0.0,0.1772531418312387,charge-transfer resistance engineering,LiNO3,both,False
C45C8AAD12E|CF203EF8121,0,0.6239481268011527,charge-transfer resistance engineering,Eastman entropy of transfer,0.0,0.6823922800718134,charge-transfer resistance engineering,Eastman entropy of transfer,both,False
C45C8AAD12E|CFAFB569EDB,0,0.2275380815150267,charge-transfer resistance engineering,lithium bromide (LiBr),0.0,0.2369299820466786,charge-transfer resistance engineering,lithium bromide (LiBr),both,False
C45C8AAD12E|CFBB5A400A1,1,0.5164759160148209,charge-transfer resistance engineering,cation-anion thermodiffusion asymmetry,1.0,0.5229084380610413,charge-transfer resistance engineering,cation-anion thermodiffusion asymmetry,both,False
C46747A02A1|C4B2BA55977,0,0.5412021407986826,ion-pairing and complexation,KNO3,0.0,0.6302109515260322,ion-pairing and complexation,KNO3,both,False
C46747A02A1|C4CEC954E12,0,0.7269740634005764,ion-pairing and complexation,platinum electrode,0.0,0.7652827648114902,ion-pairing and complexation,platinum electrode,both,False
C46747A02A1|C5B8C057FAD,1,0.4961465623713462,ion-pairing and complexation,metal oxide,1.0,0.5904892280071813,ion-pairing and complexation,metal oxide,both,False
C46747A02A1|C5E47CC0A62,0,0.8176245368464388,ion-pairing and complexation,Hofmeister/chaotropic effect,0.0,0.8462163375224415,ion-pairing and complexation,Hofmeister/chaotropic effect,both,False
C46747A02A1|C5E63317596,0,0.6553931659118979,ion-pairing and complexation,hierarchical porous electrode interface,0.0,0.7204488330341112,ion-pairing and complexation,hierarchical porous electrode interface,both,False
C46747A02A1|C5FBBE86551,0,0.2574433923425278,ion-pairing and complexation,polyvinylidene fluoride (PVDF),0.0,0.2665754039497306,ion-pairing and complexation,polyvinylidene fluoride (PVDF),both,False
C46747A02A1|C6181968680,0,0.513211198023878,ion-pairing and complexation,graphene,0.0,0.594605026929982,ion-pairing and complexation,graphene,both,False
C46747A02A1|C6210B1A223,0,0.480930424042816,ion-pairing and complexation,reduced graphene oxide,0.0,0.5674102333931776,ion-pairing and complexation,reduced graphene oxide,both,False
C46747A02A1|C6C09287FDB,0,0.5415273775216138,ion-pairing and complexation,high-entropy redox/ion coupling,0.0,0.5446319569120287,ion-pairing and complexation,high-entropy redox/ion coupling,both,False
C46747A02A1|C6C76863E52,0,0.2274845615479621,ion-pairing and complexation,copper electrode,0.0,0.2375628366247755,ion-pairing and complexation,copper electrode,both,False
C46747A02A1|C7032A2F7AB,0,0.4908892548373816,ion-pairing and complexation,hexacyanoferrate redox electrode,0.0,0.5846364452423699,ion-pairing and complexation,hexacyanoferrate redox electrode,both,False
C46747A02A1|C7096F6ECC5,1,0.6800946891724989,ion-pairing and complexation,imidazolium ionic-liquid phase transition electrolyte,1.0,0.670116696588869,ion-pairing and complexation,imidazolium ionic-liquid phase transition electrolyte,both,False
C46747A02A1|C78B8F896F7,1,0.5356154796212433,ion-pairing and complexation,polyacrylamide (PAM),1.0,0.5409739676840215,ion-pairing and complexation,polyacrylamide (PAM),both,False
C46747A02A1|C7932B1CE8C,0,0.8366611774392754,ion-pairing and complexation,chaotropic polymer-water disruption,0.0,0.8471543985637343,ion-pairing and complexation,chaotropic polymer-water disruption,both,False
C46747A02A1|C7B823B5BB0,1,0.5041704405104981,ion-pairing and complexation,poly(vinyl alcohol) (PVA),1.0,0.5935278276481148,ion-pairing and complexation,poly(vinyl alcohol) (PVA),both,False
C46747A02A1|C872881EC3C,1,0.8223960477562783,ion-pairing and complexation,gel-confined redox transport,1.0,0.8446813285457809,ion-pairing and complexation,gel-confined redox transport,both,False
C46747A02A1|C8863595B3A,0,0.2906422396047756,ion-pairing and complexation,temperature-dependent electrode potential,0.0,0.3013150807899461,ion-pairing and complexation,temperature-dependent electrode potential,both,False
C46747A02A1|C893D3D6E7B,0,0.2499629477151091,ion-pairing and complexation,iron electrode,0.0,0.259564631956912,ion-pairing and complexation,iron electrode,both,False
C46747A02A1|C8AD5B453CC,0,0.3498970769864141,ion-pairing and complexation,ion diffusion,0.0,0.3585098743267504,ion-pairing and complexation,ion diffusion,both,False
C46747A02A1|C95D66F92B2,0,0.621206257719226,ion-pairing and complexation,carbon nanotube family,0.0,0.682504488330341,ion-pairing and complexation,carbon nanotube family,both,False
C46747A02A1|C9642D16DCA,0,0.4800411692054343,ion-pairing and complexation,graphene oxide,0.0,0.564367145421903,ion-pairing and complexation,graphene oxide,both,False
C46747A02A1|C97F8E13D1A,1,0.6277274598600247,ion-pairing and complexation,thermally regenerative electrochemical cycle,1.0,0.6900179533213644,ion-pairing and complexation,thermally regenerative electrochemical cycle,both,False
C46747A02A1|C9B6878E079,1,0.5786784685055578,ion-pairing and complexation,photothermal-thermoelectric coupling,1.0,0.5843581687612208,ion-pairing and complexation,photothermal-thermoelectric coupling,both,False
C46747A02A1|CA6C42A1D77,1,0.8854878550843969,ferri/ferrocyanide family,ion-pairing and complexation,,,,,left_only,False
C46747A02A1|CAAB7628B33,0,0.294425689584191,ion-pairing and complexation,[C2mim],0.0,0.3056418312387792,ion-pairing and complexation,[C2mim],both,False
C46747A02A1|CB56BB4DDB0,1,0.7324989707698643,ion-pairing and complexation,carbon-electrode redox interface,1.0,0.7780924596050268,ion-pairing and complexation,carbon-electrode redox interface,both,False
C46747A02A1|CBA7A0F0CA3,1,0.8414779744750925,ion-pairing and complexation,thermogalvanic redox conversion,1.0,0.8557091561938959,ion-pairing and complexation,thermogalvanic redox conversion,both,False
C46747A02A1|CBB2D87901B,0,0.2690572251955537,ion-pairing and complexation,Li2CrO4,0.0,0.2798698384201077,ion-pairing and complexation,Li2CrO4,both,False
C46747A02A1|CC028ABF9C6,1,0.6149403046521201,ion-pairing and complexation,anti-freezing organohydrogel design,1.0,0.6719748653500897,ion-pairing and complexation,anti-freezing organohydrogel design,both,False
C46747A02A1|CC506F97717,0,0.2640881020996295,ion-pairing and complexation,CO3,0.0,0.271745960502693,ion-pairing and complexation,CO3,both,False
C46747A02A1|CC5968B917E,0,0.5066899958830794,ion-pairing and complexation,convection and mass transport,0.0,0.5911041292639138,ion-pairing and complexation,convection and mass transport,both,False
C46747A02A1|CD0FD071A10,1,0.4898229724166323,ion-pairing and complexation,carbon cloth,1.0,0.576431777378815,ion-pairing and complexation,carbon cloth,both,False
C46747A02A1|CD3462DB8FF,0,0.6276080691642651,ion-pairing and complexation,CuSO4,0.0,0.6930385996409335,ion-pairing and complexation,CuSO4,both,False
C46747A02A1|CDAC0413DCA,1,0.5421202140798682,gelatin-based polymer family,ion-pairing and complexation,1.0,0.6177513464991023,ion-pairing and complexation,gelatin-based polymer family,both,False
C46747A02A1|CE2D00B183C,1,0.5020543433511733,ion-pairing and complexation,redox-kinetics enhancement,1.0,0.5990170556552963,ion-pairing and complexation,redox-kinetics enhancement,both,False
C46747A02A1|CE4B0E242E7,1,0.6550267599835324,ion-pairing and complexation,interfacial charge transfer,1.0,0.7182450628366248,ion-pairing and complexation,interfacial charge transfer,both,False
C46747A02A1|CE6FC512ED2,1,0.317958007410457,ion-pairing and complexation,dynamic crosslinked gel network,1.0,0.3348653500897666,ion-pairing and complexation,dynamic crosslinked gel network,both,False
C46747A02A1|CEA29EF1A99,1,0.6020214079868258,ion-pairing and complexation,thermal-gradient heat-transfer control,1.0,0.6597621184919209,ion-pairing and complexation,thermal-gradient heat-transfer control,both,False
C46747A02A1|CEA9836CD32,0,0.5239398929600658,ion-pairing and complexation,molten salt,0.0,0.5286086175942549,ion-pairing and complexation,molten salt,both,False
C46747A02A1|CEBF8E29E0A,0,0.2539398929600659,ion-pairing and complexation,LiNO3,0.0,0.265004488330341,ion-pairing and complexation,LiNO3,both,False
C46747A02A1|CF203EF8121,0,0.6468052696582955,ion-pairing and complexation,Eastman entropy of transfer,0.0,0.7169703770197486,ion-pairing and complexation,Eastman entropy of transfer,both,False
C46747A02A1|CF2C5201A37,0,0.6052984767393988,ion-pairing and complexation,porous-electrode area enhancement,0.0,0.6647576301615798,ion-pairing and complexation,porous-electrode area enhancement,both,False
C46747A02A1|CFAFB569EDB,0,0.3001811445039111,ion-pairing and complexation,lithium bromide (LiBr),0.0,0.3120242369838419,ion-pairing and complexation,lithium bromide (LiBr),both,False
C46747A02A1|CFBB5A400A1,1,0.573466447097571,ion-pairing and complexation,cation-anion thermodiffusion asymmetry,1.0,0.576467684021544,ion-pairing and complexation,cation-anion thermodiffusion asymmetry,both,False
C4B2BA55977|C4CEC954E12,0,0.6658419102511322,KNO3,platinum electrode,0.0,0.6507091561938959,KNO3,platinum electrode,both,False
C4B2BA55977|C5B8C057FAD,0,0.6136434746809386,KNO3,metal oxide,0.0,0.6806912028725314,KNO3,metal oxide,both,False
C4B2BA55977|C5E47CC0A62,0,0.5880773981062166,KNO3,Hofmeister/chaotropic effect,0.0,0.5807001795332136,KNO3,Hofmeister/chaotropic effect,both,False
C4B2BA55977|C5E63317596,0,0.5808275010292302,KNO3,hierarchical porous electrode interface,0.0,0.6452827648114902,KNO3,hierarchical porous electrode interface,both,False
C4B2BA55977|C5FBBE86551,0,0.2730712227254014,KNO3,polyvinylidene fluoride (PVDF),0.0,0.2787342908438061,KNO3,polyvinylidene fluoride (PVDF),both,False
C4B2BA55977|C6181968680,0,0.7560724578015644,KNO3,graphene,0.0,0.7470915619389586,KNO3,graphene,both,False
C4B2BA55977|C6210B1A223,0,0.7289378344997942,KNO3,reduced graphene oxide,0.0,0.7216113105924595,KNO3,reduced graphene oxide,both,False
C4B2BA55977|C6B063A770B,0,0.2510786331823795,KNO3,supramolecular host-guest redox entropy,0.0,0.2552154398563734,KNO3,supramolecular host-guest redox entropy,both,False
C4B2BA55977|C6C09287FDB,0,0.4533223548785507,KNO3,high-entropy redox/ion coupling,0.0,0.4585502692998204,KNO3,high-entropy redox/ion coupling,both,False
C4B2BA55977|C6C76863E52,0,0.2500658707286949,KNO3,copper electrode,0.0,0.2560502692998204,KNO3,copper electrode,both,False
C4B2BA55977|C7032A2F7AB,0,0.620835734870317,KNO3,hexacyanoferrate redox electrode,0.0,0.6104488330341113,KNO3,hexacyanoferrate redox electrode,both,False
C4B2BA55977|C7096F6ECC5,0,0.5936722931247427,KNO3,imidazolium ionic-liquid phase transition electrolyte,0.0,0.58479802513465,KNO3,imidazolium ionic-liquid phase transition electrolyte,both,False
C4B2BA55977|C7713A07951,0,0.6119637710992177,KNO3,urea,0.0,0.6037253141831238,KNO3,urea,both,False
C4B2BA55977|C78B8F896F7,0,0.642630712227254,KNO3,polyacrylamide (PAM),0.0,0.635237881508079,KNO3,polyacrylamide (PAM),both,False
C4B2BA55977|C78D65254F9,0,0.7472004940304653,KNO3,phase transition,0.0,0.6613150807899462,KNO3,phase transition,both,False
C4B2BA55977|C7932B1CE8C,0,0.7682420749279538,KNO3,chaotropic polymer-water disruption,0.0,0.7618671454219029,KNO3,chaotropic polymer-water disruption,both,False
C4B2BA55977|C7B823B5BB0,0,0.7209715932482503,KNO3,poly(vinyl alcohol) (PVA),0.0,0.7628456014362657,KNO3,poly(vinyl alcohol) (PVA),both,False
C4B2BA55977|C84C6A613D4,0,0.2703664059283656,KNO3,cellulose nanofiber scaffold,0.0,0.2738375224416517,KNO3,cellulose nanofiber scaffold,both,False
C4B2BA55977|C872881EC3C,0,0.7445903664059285,KNO3,gel-confined redox transport,0.0,0.7339856373429084,KNO3,gel-confined redox transport,both,False
C4B2BA55977|C8863595B3A,0,0.4357925072046109,KNO3,temperature-dependent electrode potential,0.0,0.4416472172351885,KNO3,temperature-dependent electrode potential,both,False
C4B2BA55977|C893D3D6E7B,0,0.243371757925072,KNO3,iron electrode,0.0,0.2496678635547576,KNO3,iron electrode,both,False
C4B2BA55977|C8AD5B453CC,0,0.472906545903664,KNO3,ion diffusion,0.0,0.4760951526032316,KNO3,ion diffusion,both,False
C4B2BA55977|C95D66F92B2,0,0.6979991766158914,KNO3,carbon nanotube family,0.0,0.6827692998204667,KNO3,carbon nanotube family,both,False
C4B2BA55977|C9642D16DCA,0,0.6815850144092219,KNO3,graphene oxide,0.0,0.666903052064632,KNO3,graphene oxide,both,False
C4B2BA55977|C97F8E13D1A,0,0.5462453684643886,KNO3,thermally regenerative electrochemical cycle,0.0,0.6143132854578097,KNO3,thermally regenerative electrochemical cycle,both,False
C4B2BA55977|C9B6878E079,0,0.5842074927953891,KNO3,photothermal-thermoelectric coupling,0.0,0.5708303411131058,KNO3,photothermal-thermoelectric coupling,both,False
C4B2BA55977|CA6C42A1D77,0,0.7188472622478387,ferri/ferrocyanide family,KNO3,,,,,left_only,False
C4B2BA55977|CA8C62A4868,0,0.7528077398106218,KNO3,redox reaction entropy,0.0,0.7432495511669658,KNO3,redox reaction entropy,both,False
C4B2BA55977|CAAB7628B33,0,0.2749156031288596,KNO3,[C2mim],0.0,0.2786714542190305,KNO3,[C2mim],both,False
C4B2BA55977|CB56BB4DDB0,0,0.7129188966652943,KNO3,carbon-electrode redox interface,0.0,0.7031418312387792,KNO3,carbon-electrode redox interface,both,False
C4B2BA55977|CBB2D87901B,0,0.2510292301358583,KNO3,Li2CrO4,0.0,0.2550269299820467,KNO3,Li2CrO4,both,False
C4B2BA55977|CC028ABF9C6,0,0.7828694936187732,KNO3,anti-freezing organohydrogel design,0.0,0.7280341113105925,KNO3,anti-freezing organohydrogel design,both,False
C4B2BA55977|CC506F97717,0,0.2539028406751749,KNO3,CO3,0.0,0.2584829443447037,KNO3,CO3,both,False
C4B2BA55977|CC5968B917E,0,0.6099876492383697,KNO3,convection and mass transport,0.0,0.5961624775583483,KNO3,convection and mass transport,both,False
C4B2BA55977|CD0FD071A10,0,0.677188143268835,KNO3,carbon cloth,0.0,0.6650179533213645,KNO3,carbon cloth,both,False
C4B2BA55977|CD3462DB8FF,0,0.6987772745986003,KNO3,CuSO4,0.0,0.6875852782764811,KNO3,CuSO4,both,False
C4B2BA55977|CD486BA800F,0,0.2625895430218197,KNO3,host-guest complexation,0.0,0.2663105924596051,KNO3,host-guest complexation,both,False
C4B2BA55977|CE2D00B183C,0,0.5261424454508028,KNO3,redox-kinetics enhancement,0.0,0.5922441651705567,KNO3,redox-kinetics enhancement,both,False
C4B2BA55977|CE4B0E242E7,0,0.6133594071634417,KNO3,interfacial charge transfer,0.0,0.5993357271095152,KNO3,interfacial charge transfer,both,False
C4B2BA55977|CE6FC512ED2,0,0.5983902840675175,KNO3,dynamic crosslinked gel network,0.0,0.5874371633752244,KNO3,dynamic crosslinked gel network,both,False
C4B2BA55977|CEA29EF1A99,0,0.7063153561136272,KNO3,thermal-gradient heat-transfer control,0.0,0.6200538599640932,KNO3,thermal-gradient heat-transfer control,both,False
C4B2BA55977|CEA9836CD32,0,0.4614244545080279,KNO3,molten salt,0.0,0.4631283662477559,KNO3,molten salt,both,False
C4B2BA55977|CEBF8E29E0A,0,0.2527089337175792,KNO3,LiNO3,0.0,0.2568581687612208,KNO3,LiNO3,both,False
C4B2BA55977|CF203EF8121,0,0.6349897076986414,KNO3,Eastman entropy of transfer,0.0,0.6766831238779174,KNO3,Eastman entropy of transfer,both,False
C4B2BA55977|CF2C5201A37,0,0.6913050638122684,KNO3,porous-electrode area enhancement,0.0,0.68254039497307,KNO3,porous-electrode area enhancement,both,False
C4B2BA55977|CFAFB569EDB,0,0.2708151502675998,KNO3,lithium bromide (LiBr),0.0,0.2757630161579892,KNO3,lithium bromide (LiBr),both,False
C4B2BA55977|CFBB5A400A1,0,0.5916673528200906,KNO3,cation-anion thermodiffusion asymmetry,0.0,0.5839452423698384,KNO3,cation-anion thermodiffusion asymmetry,both,False
C4CEC954E12|C5B8C057FAD,0,0.7887813915191436,platinum electrode,metal oxide,0.0,0.8146319569120287,platinum electrode,metal oxide,both,False
C4CEC954E12|C5E47CC0A62,1,0.6512186084808562,platinum electrode,Hofmeister/chaotropic effect,1.0,0.6409335727109515,platinum electrode,Hofmeister/chaotropic effect,both,False
C4CEC954E12|C5E63317596,0,0.7299011939069575,platinum electrode,hierarchical porous electrode interface,0.0,0.779133752244165,platinum electrode,hierarchical porous electrode interface,both,False
C4CEC954E12|C5FBBE86551,0,0.4702675998353232,platinum electrode,polyvinylidene fluoride (PVDF),0.0,0.4817639138240575,platinum electrode,polyvinylidene fluoride (PVDF),both,False
C4CEC954E12|C6181968680,0,0.8120090572251957,platinum electrode,graphene,0.0,0.8090933572710952,platinum electrode,graphene,both,False
C4CEC954E12|C6210B1A223,0,0.6716220666941127,platinum electrode,reduced graphene oxide,0.0,0.6604308797127469,platinum electrode,reduced graphene oxide,both,False
C4CEC954E12|C6B063A770B,0,0.5849238369699465,platinum electrode,supramolecular host-guest redox entropy,0.0,0.5735592459605028,platinum electrode,supramolecular host-guest redox entropy,both,False
C4CEC954E12|C6C09287FDB,0,0.1753478797859201,platinum electrode,high-entropy redox/ion coupling,0.0,0.1833707360861759,platinum electrode,high-entropy redox/ion coupling,both,False
C4CEC954E12|C6C76863E52,0,0.50739810621655,platinum electrode,copper electrode,0.0,0.5095870736086177,platinum electrode,copper electrode,both,False
C4CEC954E12|C7032A2F7AB,0,0.7709510086455332,platinum electrode,hexacyanoferrate redox electrode,0.0,0.7715215439856373,platinum electrode,hexacyanoferrate redox electrode,both,False
C4CEC954E12|C7713A07951,0,0.6736228900782214,platinum electrode,urea,0.0,0.6628815080789947,platinum electrode,urea,both,False
C4CEC954E12|C78B8F896F7,0,0.5227912721284479,platinum electrode,polyacrylamide (PAM),0.0,0.5295736086175942,platinum electrode,polyacrylamide (PAM),both,False
C4CEC954E12|C78D65254F9,0,0.7782297241663236,platinum electrode,phase transition,0.0,0.7763240574506283,platinum electrode,phase transition,both,False
C4CEC954E12|C7932B1CE8C,1,0.8171181556195964,platinum electrode,chaotropic polymer-water disruption,1.0,0.8171588868940753,platinum electrode,chaotropic polymer-water disruption,both,False
C4CEC954E12|C7B823B5BB0,0,0.6170769864141622,platinum electrode,poly(vinyl alcohol) (PVA),0.0,0.686858168761221,platinum electrode,poly(vinyl alcohol) (PVA),both,False
C4CEC954E12|C84C6A613D4,0,0.6680485796624125,platinum electrode,cellulose nanofiber scaffold,0.0,0.6592010771992818,platinum electrode,cellulose nanofiber scaffold,both,False
C4CEC954E12|C872881EC3C,0,0.892536023054755,platinum electrode,gel-confined redox transport,0.0,0.8919658886894074,platinum electrode,gel-confined redox transport,both,False
C4CEC954E12|C8863595B3A,0,0.4726389460683409,platinum electrode,temperature-dependent electrode potential,0.0,0.4790170556552962,platinum electrode,temperature-dependent electrode potential,both,False
C4CEC954E12|C893D3D6E7B,0,0.4824742692466036,platinum electrode,iron electrode,0.0,0.4821992818671453,platinum electrode,iron electrode,both,False
C4CEC954E12|C8AD5B453CC,0,0.2429353643474681,platinum electrode,ion diffusion,0.0,0.2532854578096948,platinum electrode,ion diffusion,both,False
C4CEC954E12|C95D66F92B2,1,0.8580403458213258,platinum electrode,carbon nanotube family,1.0,0.8468357271095153,platinum electrode,carbon nanotube family,both,False
C4CEC954E12|C9642D16DCA,0,0.7860395224372169,platinum electrode,graphene oxide,0.0,0.7786535008976662,platinum electrode,graphene oxide,both,False
C4CEC954E12|C97F8E13D1A,0,0.6164100452861259,platinum electrode,thermally regenerative electrochemical cycle,0.0,0.6849730700179533,platinum electrode,thermally regenerative electrochemical cycle,both,False
C4CEC954E12|C9B6878E079,0,0.6328242074927953,platinum electrode,photothermal-thermoelectric coupling,0.0,0.6251122082585279,platinum electrode,photothermal-thermoelectric coupling,both,False
C4CEC954E12|CA6C42A1D77,0,0.7886167146974064,ferri/ferrocyanide family,platinum electrode,,,,,left_only,False
C4CEC954E12|CAAB7628B33,0,0.489563606422396,platinum electrode,[C2mim],0.0,0.4917594254937163,platinum electrode,[C2mim],both,False
C4CEC954E12|CBB2D87901B,0,0.2451049814738575,platinum electrode,Li2CrO4,0.0,0.2543043087971274,platinum electrode,Li2CrO4,both,False
C4CEC954E12|CC028ABF9C6,0,0.8146768217373405,platinum electrode,anti-freezing organohydrogel design,0.0,0.8171229802513464,platinum electrode,anti-freezing organohydrogel design,both,False
C4CEC954E12|CC506F97717,0,0.2352943598188555,platinum electrode,CO3,0.0,0.2421005385996409,platinum electrode,CO3,both,False
C4CEC954E12|CD0FD071A10,0,0.7973281185673116,platinum electrode,carbon cloth,0.0,0.7912028725314184,platinum electrode,carbon cloth,both,False
C4CEC954E12|CD3462DB8FF,0,0.8212515438452038,platinum electrode,CuSO4,0.0,0.8270332136445241,platinum electrode,CuSO4,both,False
C4CEC954E12|CD486BA800F,0,0.5861095100864554,platinum electrode,host-guest complexation,0.0,0.57479802513465,platinum electrode,host-guest complexation,both,False
C4CEC954E12|CDAC0413DCA,0,0.8448703170028817,gelatin-based polymer family,platinum electrode,0.0,0.8273922800718131,platinum electrode,gelatin-based polymer family,both,False
C4CEC954E12|CE6FC512ED2,0,0.4969534787978591,platinum electrode,dynamic crosslinked gel network,0.0,0.4895825852782764,platinum electrode,dynamic crosslinked gel network,both,False
C4CEC954E12|CEA29EF1A99,0,0.7701976121860847,platinum electrode,thermal-gradient heat-transfer control,0.0,0.7687387791741472,platinum electrode,thermal-gradient heat-transfer control,both,False
C4CEC954E12|CEA9836CD32,0,0.587282832441334,platinum electrode,molten salt,0.0,0.5810188509874327,platinum electrode,molten salt,both,False
C4CEC954E12|CEBF8E29E0A,0,0.250588719637711,platinum electrode,LiNO3,0.0,0.2595825852782764,platinum electrode,LiNO3,both,False
C4CEC954E12|CF203EF8121,0,0.640057636887608,platinum electrode,Eastman entropy of transfer,0.0,0.6761624775583484,platinum electrode,Eastman entropy of transfer,both,False
C4CEC954E12|CF2C5201A37,1,0.8624619184849733,platinum electrode,porous-electrode area enhancement,1.0,0.8654443447037701,platinum electrode,porous-electrode area enhancement,both,False
C4CEC954E12|CFAFB569EDB,0,0.4721737340469329,platinum electrode,lithium bromide (LiBr),0.0,0.4776211849192099,platinum electrode,lithium bromide (LiBr),both,False
C4CEC954E12|CFBB5A400A1,0,0.5844586249485385,platinum electrode,cation-anion thermodiffusion asymmetry,0.0,0.5797082585278277,platinum electrode,cation-anion thermodiffusion asymmetry,both,False
C5B8C057FAD|C5E47CC0A62,0,0.4242321943186496,metal oxide,Hofmeister/chaotropic effect,0.0,0.5228276481149012,metal oxide,Hofmeister/chaotropic effect,both,False
C5B8C057FAD|C5E63317596,0,0.509193083573487,metal oxide,hierarchical porous electrode interface,0.0,0.6055341113105924,metal oxide,hierarchical porous electrode interface,both,False
C5B8C057FAD|C5FBBE86551,0,0.4683738163853437,metal oxide,polyvinylidene fluoride (PVDF),0.0,0.4754712746858168,metal oxide,polyvinylidene fluoride (PVDF),both,False
C5B8C057FAD|C6181968680,0,0.767361053931659,metal oxide,graphene,0.0,0.8032809694793537,metal oxide,graphene,both,False
C5B8C057FAD|C6210B1A223,0,0.6115685467270482,metal oxide,reduced graphene oxide,0.0,0.6860771992818671,metal oxide,reduced graphene oxide,both,False
C5B8C057FAD|C6B063A770B,0,0.2009839440098806,metal oxide,supramolecular host-guest redox entropy,0.0,0.2142280071813285,metal oxide,supramolecular host-guest redox entropy,both,False
C5B8C057FAD|C6C09287FDB,0,0.1759365994236311,metal oxide,high-entropy redox/ion coupling,0.0,0.1853859964093357,metal oxide,high-entropy redox/ion coupling,both,False
C5B8C057FAD|C6C76863E52,0,0.2679991766158913,metal oxide,copper electrode,0.0,0.2792908438061041,metal oxide,copper electrode,both,False
C5B8C057FAD|C7032A2F7AB,0,0.6353355290242897,metal oxide,hexacyanoferrate redox electrode,0.0,0.6828231597845601,metal oxide,hexacyanoferrate redox electrode,both,False
C5B8C057FAD|C7096F6ECC5,0,0.7215891313297652,metal oxide,imidazolium ionic-liquid phase transition electrolyte,0.0,0.7150044883303411,metal oxide,imidazolium ionic-liquid phase transition electrolyte,both,False
C5B8C057FAD|C7713A07951,0,0.4807245780156443,metal oxide,urea,0.0,0.5835816876122082,metal oxide,urea,both,False
C5B8C057FAD|C78B8F896F7,0,0.4877768629065458,metal oxide,polyacrylamide (PAM),0.0,0.4989048473967684,metal oxide,polyacrylamide (PAM),both,False
C5B8C057FAD|C78D65254F9,0,0.5794153972828324,metal oxide,phase transition,0.0,0.6500583482944343,metal oxide,phase transition,both,False
C5B8C057FAD|C7932B1CE8C,0,0.5674310415808974,metal oxide,chaotropic polymer-water disruption,0.0,0.6372082585278276,metal oxide,chaotropic polymer-water disruption,both,False
C5B8C057FAD|C7B823B5BB0,1,0.7037793330588719,metal oxide,poly(vinyl alcohol) (PVA),1.0,0.7529084380610412,metal oxide,poly(vinyl alcohol) (PVA),both,False
C5B8C057FAD|C84C6A613D4,0,0.5019555372581309,metal oxide,cellulose nanofiber scaffold,0.0,0.5108078994614004,metal oxide,cellulose nanofiber scaffold,both,False
C5B8C057FAD|C872881EC3C,1,0.7620296418279127,metal oxide,gel-confined redox transport,1.0,0.8007046678635548,metal oxide,gel-confined redox transport,both,False
C5B8C057FAD|C8863595B3A,0,0.4343845203787566,metal oxide,temperature-dependent electrode potential,0.0,0.4369614003590664,metal oxide,temperature-dependent electrode potential,both,False
C5B8C057FAD|C893D3D6E7B,0,0.252289007822149,metal oxide,iron electrode,0.0,0.2612477558348294,metal oxide,iron electrode,both,False
C5B8C057FAD|C8AD5B453CC,0,0.2250638122684232,metal oxide,ion diffusion,0.0,0.235758527827648,metal oxide,ion diffusion,both,False
C5B8C057FAD|C95D66F92B2,0,0.8205434335117331,metal oxide,carbon nanotube family,0.0,0.8640350089766606,metal oxide,carbon nanotube family,both,False
C5B8C057FAD|C9642D16DCA,0,0.7623589954713874,metal oxide,graphene oxide,0.0,0.7916965888689407,metal oxide,graphene oxide,both,False
C5B8C057FAD|C97F8E13D1A,0,0.5679333058871964,metal oxide,thermally regenerative electrochemical cycle,0.0,0.6438554757630163,metal oxide,thermally regenerative electrochemical cycle,both,False
C5B8C057FAD|CA6C42A1D77,0,0.8570522848909017,ferri/ferrocyanide family,metal oxide,,,,,left_only,False
C5B8C057FAD|CA8C62A4868,0,0.6651914368052696,metal oxide,redox reaction entropy,0.0,0.7151077199281867,metal oxide,redox reaction entropy,both,False
C5B8C057FAD|CAAB7628B33,0,0.2616261836146562,metal oxide,[C2mim],0.0,0.2725583482944345,metal oxide,[C2mim],both,False
C5B8C057FAD|CBB2D87901B,0,0.2437916838205022,metal oxide,Li2CrO4,0.0,0.2530341113105924,metal oxide,Li2CrO4,both,False
C5B8C057FAD|CC028ABF9C6,0,0.561976121860848,metal oxide,anti-freezing organohydrogel design,0.0,0.6324999999999998,metal oxide,anti-freezing organohydrogel design,both,False
C5B8C057FAD|CC506F97717,0,0.2471099217785096,metal oxide,CO3,0.0,0.2555745062836624,metal oxide,CO3,both,False
C5B8C057FAD|CC5968B917E,0,0.6880197612186084,metal oxide,convection and mass transport,0.0,0.7253186714542191,metal oxide,convection and mass transport,both,False
C5B8C057FAD|CD0FD071A10,1,0.7424742692466035,metal oxide,carbon cloth,1.0,0.7744614003590664,metal oxide,carbon cloth,both,False
C5B8C057FAD|CD3462DB8FF,0,0.7065829559489503,metal oxide,CuSO4,0.0,0.7542773788150807,metal oxide,CuSO4,both,False
C5B8C057FAD|CD486BA800F,0,0.2088390284067517,metal oxide,host-guest complexation,0.0,0.2219838420107719,metal oxide,host-guest complexation,both,False
C5B8C057FAD|CDAC0413DCA,1,0.6746233017702757,gelatin-based polymer family,metal oxide,1.0,0.7676166965888688,metal oxide,gelatin-based polymer family,both,False
C5B8C057FAD|CE2D00B183C,1,0.6763894606834088,metal oxide,redox-kinetics enhancement,1.0,0.7149640933572712,metal oxide,redox-kinetics enhancement,both,False
C5B8C057FAD|CE4B0E242E7,1,0.4834170440510498,metal oxide,interfacial charge transfer,1.0,0.5789766606822262,metal oxide,interfacial charge transfer,both,False
C5B8C057FAD|CE6FC512ED2,1,0.6006628242074927,metal oxide,dynamic crosslinked gel network,1.0,0.5727872531418312,metal oxide,dynamic crosslinked gel network,both,False
C5B8C057FAD|CEA29EF1A99,0,0.7090819267188142,metal oxide,thermal-gradient heat-transfer control,0.0,0.7400538599640933,metal oxide,thermal-gradient heat-transfer control,both,False
C5B8C057FAD|CEA9836CD32,0,0.4559160148209139,metal oxide,molten salt,0.0,0.462105026929982,metal oxide,molten salt,both,False
C5B8C057FAD|CEBF8E29E0A,0,0.2463112391930835,metal oxide,LiNO3,0.0,0.2554578096947935,metal oxide,LiNO3,both,False
C5B8C057FAD|CF203EF8121,0,0.5763482914779744,metal oxide,Eastman entropy of transfer,0.0,0.6248698384201077,metal oxide,Eastman entropy of transfer,both,False
C5B8C057FAD|CF2C5201A37,0,0.7836887608069163,metal oxide,porous-electrode area enhancement,0.0,0.8099865350089767,metal oxide,porous-electrode area enhancement,both,False
C5B8C057FAD|CFAFB569EDB,0,0.2282791272128447,metal oxide,lithium bromide (LiBr),0.0,0.2421813285457809,metal oxide,lithium bromide (LiBr),both,False
C5B8C057FAD|CFBB5A400A1,0,0.464578015644298,metal oxide,cation-anion thermodiffusion asymmetry,0.0,0.4733572710951526,metal oxide,cation-anion thermodiffusion asymmetry,both,False
C5E47CC0A62|C5E63317596,0,0.518110333470564,Hofmeister/chaotropic effect,hierarchical porous electrode interface,0.0,0.6110816876122083,Hofmeister/chaotropic effect,hierarchical porous electrode interface,both,False
C5E47CC0A62|C5FBBE86551,0,0.2321160971593248,Hofmeister/chaotropic effect,polyvinylidene fluoride (PVDF),0.0,0.2427827648114901,Hofmeister/chaotropic effect,polyvinylidene fluoride (PVDF),both,False
C5E47CC0A62|C6181968680,0,0.547085220255249,Hofmeister/chaotropic effect,graphene,0.0,0.5381283662477557,Hofmeister/chaotropic effect,graphene,both,False
C5E47CC0A62|C6210B1A223,0,0.52,Hofmeister/chaotropic effect,reduced graphene oxide,0.0,0.5131867145421902,Hofmeister/chaotropic effect,reduced graphene oxide,both,False
C5E47CC0A62|C6B063A770B,0,0.4903005351996706,Hofmeister/chaotropic effect,supramolecular host-guest redox entropy,0.0,0.4928859964093357,Hofmeister/chaotropic effect,supramolecular host-guest redox entropy,both,False
C5E47CC0A62|C6C09287FDB,0,0.2503869905310827,Hofmeister/chaotropic effect,high-entropy redox/ion coupling,0.0,0.2596588868940754,Hofmeister/chaotropic effect,high-entropy redox/ion coupling,both,False
C5E47CC0A62|C6C76863E52,0,0.2008110333470564,Hofmeister/chaotropic effect,copper electrode,0.0,0.2102962298025134,Hofmeister/chaotropic effect,copper electrode,both,False
C5E47CC0A62|C7032A2F7AB,0,0.5585508439687114,Hofmeister/chaotropic effect,hexacyanoferrate redox electrode,0.0,0.5538958707360861,Hofmeister/chaotropic effect,hexacyanoferrate redox electrode,both,False
C5E47CC0A62|C7096F6ECC5,0,0.5311527377521613,Hofmeister/chaotropic effect,imidazolium ionic-liquid phase transition electrolyte,0.0,0.5339138240574507,Hofmeister/chaotropic effect,imidazolium ionic-liquid phase transition electrolyte,both,False
C5E47CC0A62|C78B8F896F7,0,0.3311568546727048,Hofmeister/chaotropic effect,polyacrylamide (PAM),0.0,0.3404353680430879,Hofmeister/chaotropic effect,polyacrylamide (PAM),both,False
C5E47CC0A62|C78D65254F9,0,0.6924866200082339,Hofmeister/chaotropic effect,phase transition,0.0,0.6817280071813285,Hofmeister/chaotropic effect,phase transition,both,False
C5E47CC0A62|C7B823B5BB0,1,0.7204281597365171,Hofmeister/chaotropic effect,poly(vinyl alcohol) (PVA),1.0,0.7570691202872532,Hofmeister/chaotropic effect,poly(vinyl alcohol) (PVA),both,False
C5E47CC0A62|C84C6A613D4,0,0.5113668176204199,Hofmeister/chaotropic effect,cellulose nanofiber scaffold,0.0,0.5139856373429085,Hofmeister/chaotropic effect,cellulose nanofiber scaffold,both,False
C5E47CC0A62|C872881EC3C,1,0.8649114862083163,Hofmeister/chaotropic effect,gel-confined redox transport,1.0,0.8629129263913824,Hofmeister/chaotropic effect,gel-confined redox transport,both,False
C5E47CC0A62|C8863595B3A,0,0.2329559489501853,Hofmeister/chaotropic effect,temperature-dependent electrode potential,0.0,0.2436445242369838,Hofmeister/chaotropic effect,temperature-dependent electrode potential,both,False
C5E47CC0A62|C893D3D6E7B,0,0.1979950596953478,Hofmeister/chaotropic effect,iron electrode,0.0,0.2073070017953321,Hofmeister/chaotropic effect,iron electrode,both,False
C5E47CC0A62|C8AD5B453CC,0,0.3051461506792919,Hofmeister/chaotropic effect,ion diffusion,0.0,0.3138016157989228,Hofmeister/chaotropic effect,ion diffusion,both,False
C5E47CC0A62|C95D66F92B2,0,0.6535364347468093,Hofmeister/chaotropic effect,carbon nanotube family,0.0,0.6252199281867146,Hofmeister/chaotropic effect,carbon nanotube family,both,False
C5E47CC0A62|C9642D16DCA,0,0.5181720872787156,Hofmeister/chaotropic effect,graphene oxide,0.0,0.5094165170556553,Hofmeister/chaotropic effect,graphene oxide,both,False
C5E47CC0A62|C97F8E13D1A,0,0.4573939892960065,Hofmeister/chaotropic effect,thermally regenerative electrochemical cycle,0.0,0.5470421903052064,Hofmeister/chaotropic effect,thermally regenerative electrochemical cycle,both,False
C5E47CC0A62|C9B6878E079,0,0.5260848085631946,Hofmeister/chaotropic effect,photothermal-thermoelectric coupling,0.0,0.5298025134649911,Hofmeister/chaotropic effect,photothermal-thermoelectric coupling,both,False
C5E47CC0A62|CA6C42A1D77,1,0.5654878550843968,ferri/ferrocyanide family,Hofmeister/chaotropic effect,,,,,left_only,False
C5E47CC0A62|CAAB7628B33,0,0.228822560724578,Hofmeister/chaotropic effect,[C2mim],0.0,0.2390035906642729,Hofmeister/chaotropic effect,[C2mim],both,False
C5E47CC0A62|CB56BB4DDB0,0,0.579345409633594,Hofmeister/chaotropic effect,carbon-electrode redox interface,0.0,0.5745377019748653,Hofmeister/chaotropic effect,carbon-electrode redox interface,both,False
C5E47CC0A62|CBA7A0F0CA3,1,0.7945203787566899,Hofmeister/chaotropic effect,thermogalvanic redox conversion,1.0,0.7940709156193895,Hofmeister/chaotropic effect,thermogalvanic redox conversion,both,False
C5E47CC0A62|CBB2D87901B,0,0.1659818855496088,Hofmeister/chaotropic effect,Li2CrO4,0.0,0.1738599640933572,Hofmeister/chaotropic effect,Li2CrO4,both,False
C5E47CC0A62|CC506F97717,0,0.1779456566488267,Hofmeister/chaotropic effect,CO3,0.0,0.1859066427289048,Hofmeister/chaotropic effect,CO3,both,False
C5E47CC0A62|CC5968B917E,0,0.5699588307945657,Hofmeister/chaotropic effect,convection and mass transport,0.0,0.5634156193895871,Hofmeister/chaotropic effect,convection and mass transport,both,False
C5E47CC0A62|CD0FD071A10,0,0.5532729518320296,Hofmeister/chaotropic effect,carbon cloth,0.0,0.5465260323159784,Hofmeister/chaotropic effect,carbon cloth,both,False
C5E47CC0A62|CD3462DB8FF,0,0.653030053519967,Hofmeister/chaotropic effect,CuSO4,0.0,0.6439317773788151,Hofmeister/chaotropic effect,CuSO4,both,False
C5E47CC0A62|CD486BA800F,0,0.4991436805269658,Hofmeister/chaotropic effect,host-guest complexation,0.0,0.5012342908438061,Hofmeister/chaotropic effect,host-guest complexation,both,False
C5E47CC0A62|CDAC0413DCA,0,0.8470399341292711,gelatin-based polymer family,Hofmeister/chaotropic effect,0.0,0.8264452423698385,Hofmeister/chaotropic effect,gelatin-based polymer family,both,False
C5E47CC0A62|CE2D00B183C,1,0.4594483326471799,Hofmeister/chaotropic effect,redox-kinetics enhancement,1.0,0.5602513464991024,Hofmeister/chaotropic effect,redox-kinetics enhancement,both,False
C5E47CC0A62|CE4B0E242E7,1,0.6575257307533965,Hofmeister/chaotropic effect,interfacial charge transfer,1.0,0.648213644524237,Hofmeister/chaotropic effect,interfacial charge transfer,both,False
C5E47CC0A62|CE6FC512ED2,0,0.5435034993824619,Hofmeister/chaotropic effect,dynamic crosslinked gel network,0.0,0.546786355475763,Hofmeister/chaotropic effect,dynamic crosslinked gel network,both,False
C5E47CC0A62|CEA29EF1A99,0,0.6562453684643886,Hofmeister/chaotropic effect,thermal-gradient heat-transfer control,0.0,0.641113105924596,Hofmeister/chaotropic effect,thermal-gradient heat-transfer control,both,False
C5E47CC0A62|CEA9836CD32,0,0.4746150679291889,Hofmeister/chaotropic effect,molten salt,0.0,0.4760547576301616,Hofmeister/chaotropic effect,molten salt,both,False
C5E47CC0A62|CEBF8E29E0A,0,0.1895965417867435,Hofmeister/chaotropic effect,LiNO3,0.0,0.1992818671454219,Hofmeister/chaotropic effect,LiNO3,both,False
C5E47CC0A62|CF203EF8121,0,0.5893042404281598,Hofmeister/chaotropic effect,Eastman entropy of transfer,0.0,0.6564452423698385,Hofmeister/chaotropic effect,Eastman entropy of transfer,both,False
C5E47CC0A62|CF2C5201A37,0,0.6243268834911485,Hofmeister/chaotropic effect,porous-electrode area enhancement,0.0,0.6198339317773789,Hofmeister/chaotropic effect,porous-electrode area enhancement,both,False
C5E47CC0A62|CFAFB569EDB,0,0.2267970358172087,Hofmeister/chaotropic effect,lithium bromide (LiBr),0.0,0.2361759425493716,Hofmeister/chaotropic effect,lithium bromide (LiBr),both,False
C5E47CC0A62|CFBB5A400A1,0,0.5151914368052696,Hofmeister/chaotropic effect,cation-anion thermodiffusion asymmetry,0.0,0.516983842010772,Hofmeister/chaotropic effect,cation-anion thermodiffusion asymmetry,both,False
C5E63317596|C5FBBE86551,0,0.2169123095924248,hierarchical porous electrode interface,polyvinylidene fluoride (PVDF),0.0,0.2257675044883303,hierarchical porous electrode interface,polyvinylidene fluoride (PVDF),both,False
C5E63317596|C6181968680,0,0.6195059695347879,hierarchical porous electrode interface,graphene,0.0,0.5919165170556553,hierarchical porous electrode interface,graphene,both,False
C5E63317596|C6210B1A223,0,0.5996253602305474,hierarchical porous electrode interface,reduced graphene oxide,0.0,0.5716023339317774,hierarchical porous electrode interface,reduced graphene oxide,both,False
C5E63317596|C6B063A770B,0,0.2721819678880197,hierarchical porous electrode interface,supramolecular host-guest redox entropy,0.0,0.2826122082585278,hierarchical porous electrode interface,supramolecular host-guest redox entropy,both,False
C5E63317596|C6C09287FDB,0,0.4933470564018115,hierarchical porous electrode interface,high-entropy redox/ion coupling,0.0,0.4961265709156193,hierarchical porous electrode interface,high-entropy redox/ion coupling,both,False
C5E63317596|C6C76863E52,0,0.2999464800329354,hierarchical porous electrode interface,copper electrode,0.0,0.3096499102333931,hierarchical porous electrode interface,copper electrode,both,False
C5E63317596|C7032A2F7AB,0,0.6426677645121449,hierarchical porous electrode interface,hexacyanoferrate redox electrode,0.0,0.7083752244165171,hierarchical porous electrode interface,hexacyanoferrate redox electrode,both,False
C5E63317596|C7096F6ECC5,0,0.6375133799917663,hierarchical porous electrode interface,imidazolium ionic-liquid phase transition electrolyte,0.0,0.627383303411131,hierarchical porous electrode interface,imidazolium ionic-liquid phase transition electrolyte,both,False
C5E63317596|C7713A07951,0,0.5793701111568546,hierarchical porous electrode interface,urea,0.0,0.6467369838420107,hierarchical porous electrode interface,urea,both,False
C5E63317596|C78B8F896F7,0,0.2939275421984356,hierarchical porous electrode interface,polyacrylamide (PAM),0.0,0.3017728904847397,hierarchical porous electrode interface,polyacrylamide (PAM),both,False
C5E63317596|C78D65254F9,0,0.506467682173734,hierarchical porous electrode interface,phase transition,0.0,0.5882495511669659,hierarchical porous electrode interface,phase transition,both,False
C5E63317596|C7932B1CE8C,0,0.6338122684232194,hierarchical porous electrode interface,chaotropic polymer-water disruption,0.0,0.6930341113105924,hierarchical porous electrode interface,chaotropic polymer-water disruption,both,False
C5E63317596|C7B823B5BB0,1,0.5891230959242486,hierarchical porous electrode interface,poly(vinyl alcohol) (PVA),1.0,0.652105026929982,hierarchical porous electrode interface,poly(vinyl alcohol) (PVA),both,False
C5E63317596|C84C6A613D4,0,0.3254960889254837,hierarchical porous electrode interface,cellulose nanofiber scaffold,0.0,0.3349506283662478,hierarchical porous electrode interface,cellulose nanofiber scaffold,both,False
C5E63317596|C872881EC3C,1,0.6900617538081515,hierarchical porous electrode interface,gel-confined redox transport,1.0,0.7475493716337522,hierarchical porous electrode interface,gel-confined redox transport,both,False
C5E63317596|C8863595B3A,0,0.5472087278715521,hierarchical porous electrode interface,temperature-dependent electrode potential,0.0,0.5485906642728905,hierarchical porous electrode interface,temperature-dependent electrode potential,both,False
C5E63317596|C893D3D6E7B,0,0.2765294359818855,hierarchical porous electrode interface,iron electrode,0.0,0.2850628366247755,hierarchical porous electrode interface,iron electrode,both,False
C5E63317596|C8AD5B453CC,0,0.3091189790037053,hierarchical porous electrode interface,ion diffusion,0.0,0.318334829443447,hierarchical porous electrode interface,ion diffusion,both,False
C5E63317596|C95D66F92B2,0,0.7993948126801153,hierarchical porous electrode interface,carbon nanotube family,0.0,0.8273114901256732,hierarchical porous electrode interface,carbon nanotube family,both,False
C5E63317596|C9642D16DCA,0,0.6045162618361464,hierarchical porous electrode interface,graphene oxide,0.0,0.5744030520646319,hierarchical porous electrode interface,graphene oxide,both,False
C5E63317596|C9B6878E079,0,0.5619226018937835,hierarchical porous electrode interface,photothermal-thermoelectric coupling,0.0,0.5662073608617594,hierarchical porous electrode interface,photothermal-thermoelectric coupling,both,False
C5E63317596|CA6C42A1D77,0,0.5924331000411693,ferri/ferrocyanide family,hierarchical porous electrode interface,,,,,left_only,False
C5E63317596|CA8C62A4868,0,0.6467970358172086,hierarchical porous electrode interface,redox reaction entropy,0.0,0.7056912028725314,hierarchical porous electrode interface,redox reaction entropy,both,False
C5E63317596|CAAB7628B33,0,0.222630712227254,hierarchical porous electrode interface,[C2mim],0.0,0.2327917414721723,hierarchical porous electrode interface,[C2mim],both,False
C5E63317596|CB56BB4DDB0,0,0.6980321119802388,hierarchical porous electrode interface,carbon-electrode redox interface,0.0,0.7559470377019749,hierarchical porous electrode interface,carbon-electrode redox interface,both,False
C5E63317596|CBA7A0F0CA3,1,0.8547468093865789,hierarchical porous electrode interface,thermogalvanic redox conversion,1.0,0.8698473967684021,hierarchical porous electrode interface,thermogalvanic redox conversion,both,False
C5E63317596|CBB2D87901B,0,0.1664594483326472,hierarchical porous electrode interface,Li2CrO4,0.0,0.1742459605026929,hierarchical porous electrode interface,Li2CrO4,both,False
C5E63317596|CC028ABF9C6,0,0.7720214079868258,hierarchical porous electrode interface,anti-freezing organohydrogel design,0.0,0.810637342908438,hierarchical porous electrode interface,anti-freezing organohydrogel design,both,False
C5E63317596|CC506F97717,0,0.2112556607657472,hierarchical porous electrode interface,CO3,0.0,0.2192504488330341,hierarchical porous electrode interface,CO3,both,False
C5E63317596|CC5968B917E,0,0.6254590366405929,hierarchical porous electrode interface,convection and mass transport,0.0,0.6878141831238779,hierarchical porous electrode interface,convection and mass transport,both,False
C5E63317596|CD0FD071A10,0,0.6530300535199671,hierarchical porous electrode interface,carbon cloth,0.0,0.717105026929982,hierarchical porous electrode interface,carbon cloth,both,False
C5E63317596|CD3462DB8FF,1,0.6737175792507204,hierarchical porous electrode interface,CuSO4,1.0,0.7204308797127468,hierarchical porous electrode interface,CuSO4,both,False
C5E63317596|CD486BA800F,0,0.2872498970769864,hierarchical porous electrode interface,host-guest complexation,0.0,0.2977468581687612,hierarchical porous electrode interface,host-guest complexation,both,False
C5E63317596|CE2D00B183C,0,0.6376780568135035,hierarchical porous electrode interface,redox-kinetics enhancement,0.0,0.7044973070017952,hierarchical porous electrode interface,redox-kinetics enhancement,both,False
C5E63317596|CE6FC512ED2,0,0.5396953478797859,hierarchical porous electrode interface,dynamic crosslinked gel network,0.0,0.5392818671454218,hierarchical porous electrode interface,dynamic crosslinked gel network,both,False
C5E63317596|CEA29EF1A99,0,0.7164759160148209,hierarchical porous electrode interface,thermal-gradient heat-transfer control,0.0,0.6946229802513465,hierarchical porous electrode interface,thermal-gradient heat-transfer control,both,False
C5E63317596|CEA9836CD32,0,0.3023672293124743,hierarchical porous electrode interface,molten salt,0.0,0.3128276481149012,hierarchical porous electrode interface,molten salt,both,False
C5E63317596|CEBF8E29E0A,0,0.187455743104158,hierarchical porous electrode interface,LiNO3,0.0,0.1951974865350089,hierarchical porous electrode interface,LiNO3,both,False
C5E63317596|CF203EF8121,0,0.4513544668587896,hierarchical porous electrode interface,Eastman entropy of transfer,0.0,0.5578096947935369,hierarchical porous electrode interface,Eastman entropy of transfer,both,False
C5E63317596|CFAFB569EDB,0,0.2021037463976945,hierarchical porous electrode interface,lithium bromide (LiBr),0.0,0.2104937163375224,hierarchical porous electrode interface,lithium bromide (LiBr),both,False
C5E63317596|CFBB5A400A1,0,0.3296665294359819,hierarchical porous electrode interface,cation-anion thermodiffusion asymmetry,0.0,0.3382315978456015,hierarchical porous electrode interface,cation-anion thermodiffusion asymmetry,both,False
C5FBBE86551|C6181968680,0,0.5256689995883078,polyvinylidene fluoride (PVDF),graphene,0.0,0.5348563734290843,polyvinylidene fluoride (PVDF),graphene,both,False
C5FBBE86551|C6210B1A223,0,0.275689584191025,polyvinylidene fluoride (PVDF),reduced graphene oxide,0.0,0.2834739676840215,polyvinylidene fluoride (PVDF),reduced graphene oxide,both,False
C5FBBE86551|C6B063A770B,0,0.19643886372993,polyvinylidene fluoride (PVDF),supramolecular host-guest redox entropy,0.0,0.2052064631956912,polyvinylidene fluoride (PVDF),supramolecular host-guest redox entropy,both,False
C5FBBE86551|C6C09287FDB,0,0.1379703581720872,polyvinylidene fluoride (PVDF),high-entropy redox/ion coupling,0.0,0.144802513464991,polyvinylidene fluoride (PVDF),high-entropy redox/ion coupling,both,False
C5FBBE86551|C6C76863E52,0,0.2341827912721284,polyvinylidene fluoride (PVDF),copper electrode,0.0,0.2427199281867145,polyvinylidene fluoride (PVDF),copper electrode,both,False
C5FBBE86551|C7032A2F7AB,0,0.3952984767393989,polyvinylidene fluoride (PVDF),hexacyanoferrate redox electrode,0.0,0.401189407540395,polyvinylidene fluoride (PVDF),hexacyanoferrate redox electrode,both,False
C5FBBE86551|C7096F6ECC5,0,0.2826430629888843,polyvinylidene fluoride (PVDF),imidazolium ionic-liquid phase transition electrolyte,0.0,0.2919344703770198,polyvinylidene fluoride (PVDF),imidazolium ionic-liquid phase transition electrolyte,both,False
C5FBBE86551|C7713A07951,0,0.2805310827501029,polyvinylidene fluoride (PVDF),urea,0.0,0.2888061041292639,polyvinylidene fluoride (PVDF),urea,both,False
C5FBBE86551|C78B8F896F7,0,0.3226348291477974,polyvinylidene fluoride (PVDF),polyacrylamide (PAM),0.0,0.3300673249551167,polyvinylidene fluoride (PVDF),polyacrylamide (PAM),both,False
C5FBBE86551|C78D65254F9,0,0.2679909427748044,polyvinylidene fluoride (PVDF),phase transition,0.0,0.2738195691202872,polyvinylidene fluoride (PVDF),phase transition,both,False
C5FBBE86551|C7932B1CE8C,0,0.3471552079044874,polyvinylidene fluoride (PVDF),chaotropic polymer-water disruption,0.0,0.3549281867145422,polyvinylidene fluoride (PVDF),chaotropic polymer-water disruption,both,False
C5FBBE86551|C7B823B5BB0,0,0.3298970769864142,polyvinylidene fluoride (PVDF),poly(vinyl alcohol) (PVA),0.0,0.3383617594254937,polyvinylidene fluoride (PVDF),poly(vinyl alcohol) (PVA),both,False
C5FBBE86551|C84C6A613D4,0,0.2867682173734047,polyvinylidene fluoride (PVDF),cellulose nanofiber scaffold,0.0,0.2963509874326751,polyvinylidene fluoride (PVDF),cellulose nanofiber scaffold,both,False
C5FBBE86551|C872881EC3C,0,0.5107286949361878,polyvinylidene fluoride (PVDF),gel-confined redox transport,0.0,0.5188958707360862,polyvinylidene fluoride (PVDF),gel-confined redox transport,both,False
C5FBBE86551|C8863595B3A,0,0.1749814738575545,polyvinylidene fluoride (PVDF),temperature-dependent electrode potential,0.0,0.1829443447037701,polyvinylidene fluoride (PVDF),temperature-dependent electrode potential,both,False
C5FBBE86551|C893D3D6E7B,0,0.2077274598600246,polyvinylidene fluoride (PVDF),iron electrode,0.0,0.2153052064631956,polyvinylidene fluoride (PVDF),iron electrode,both,False
C5FBBE86551|C8AD5B453CC,0,0.1778839028406751,polyvinylidene fluoride (PVDF),ion diffusion,0.0,0.1846992818671454,polyvinylidene fluoride (PVDF),ion diffusion,both,False
C5FBBE86551|C95D66F92B2,0,0.5402923013585837,polyvinylidene fluoride (PVDF),carbon nanotube family,0.0,0.543850987432675,polyvinylidene fluoride (PVDF),carbon nanotube family,both,False
C5FBBE86551|C9642D16DCA,0,0.4934705640181144,polyvinylidene fluoride (PVDF),graphene oxide,0.0,0.5014856373429084,polyvinylidene fluoride (PVDF),graphene oxide,both,False
C5FBBE86551|C97F8E13D1A,0,0.2193083573487031,polyvinylidene fluoride (PVDF),thermally regenerative electrochemical cycle,0.0,0.2266023339317774,polyvinylidene fluoride (PVDF),thermally regenerative electrochemical cycle,both,False
C5FBBE86551|C9B6878E079,0,0.2685343762865377,polyvinylidene fluoride (PVDF),photothermal-thermoelectric coupling,0.0,0.276189407540395,polyvinylidene fluoride (PVDF),photothermal-thermoelectric coupling,both,False
C5FBBE86551|CA6C42A1D77,0,0.5219390695759571,polyvinylidene fluoride (PVDF),ferri/ferrocyanide family,0.0,0.6022037701974865,polyvinylidene fluoride (PVDF),ferri/ferrocyanide family,both,False
C5FBBE86551|CA8C62A4868,0,0.2600617538081515,polyvinylidene fluoride (PVDF),redox reaction entropy,0.0,0.2678949730700179,polyvinylidene fluoride (PVDF),redox reaction entropy,both,False
C5FBBE86551|CB56BB4DDB0,0,0.4317538081515026,polyvinylidene fluoride (PVDF),carbon-electrode redox interface,0.0,0.4421095152603231,polyvinylidene fluoride (PVDF),carbon-electrode redox interface,both,False
C5FBBE86551|CBA7A0F0CA3,0,0.5339440098806093,polyvinylidene fluoride (PVDF),thermogalvanic redox conversion,0.0,0.5428007181328546,polyvinylidene fluoride (PVDF),thermogalvanic redox conversion,both,False
C5FBBE86551|CBB2D87901B,0,0.224919720049403,polyvinylidene fluoride (PVDF),Li2CrO4,0.0,0.2316517055655295,polyvinylidene fluoride (PVDF),Li2CrO4,both,False
C5FBBE86551|CC028ABF9C6,0,0.3197900370522849,polyvinylidene fluoride (PVDF),anti-freezing organohydrogel design,0.0,0.3268177737881507,polyvinylidene fluoride (PVDF),anti-freezing organohydrogel design,both,False
C5FBBE86551|CC506F97717,0,0.2413050638122684,polyvinylidene fluoride (PVDF),CO3,0.0,0.2483572710951526,polyvinylidene fluoride (PVDF),CO3,both,False
C5FBBE86551|CC5968B917E,0,0.5830506381226842,polyvinylidene fluoride (PVDF),convection and mass transport,0.0,0.576826750448833,polyvinylidene fluoride (PVDF),convection and mass transport,both,False
C5FBBE86551|CCAABE058E7,0,0.5472128447920954,polyvinylidene fluoride (PVDF),ferri/ferrocyanide redox chemistry,0.0,0.5567594254937164,polyvinylidene fluoride (PVDF),ferri/ferrocyanide redox chemistry,both,False
C5FBBE86551|CD0FD071A10,0,0.499374228077398,polyvinylidene fluoride (PVDF),carbon cloth,0.0,0.5070870736086175,polyvinylidene fluoride (PVDF),carbon cloth,both,False
C5FBBE86551|CD3462DB8FF,0,0.2778139151914368,polyvinylidene fluoride (PVDF),CuSO4,0.0,0.2883213644524237,polyvinylidene fluoride (PVDF),CuSO4,both,False
C5FBBE86551|CD486BA800F,0,0.2040469328941951,polyvinylidene fluoride (PVDF),host-guest complexation,0.0,0.2125314183123877,polyvinylidene fluoride (PVDF),host-guest complexation,both,False
C5FBBE86551|CDAC0413DCA,0,0.3554055166735282,gelatin-based polymer family,polyvinylidene fluoride (PVDF),0.0,0.3706014362657091,polyvinylidene fluoride (PVDF),gelatin-based polymer family,both,False
C5FBBE86551|CE2D00B183C,0,0.3843804034582131,polyvinylidene fluoride (PVDF),redox-kinetics enhancement,0.0,0.3880745062836624,polyvinylidene fluoride (PVDF),redox-kinetics enhancement,both,False
C5FBBE86551|CE4B0E242E7,0,0.2080074104569781,polyvinylidene fluoride (PVDF),interfacial charge transfer,0.0,0.2170377019748653,polyvinylidene fluoride (PVDF),interfacial charge transfer,both,False
C5FBBE86551|CE6FC512ED2,0,0.2709098394400988,polyvinylidene fluoride (PVDF),dynamic crosslinked gel network,0.0,0.2607764811490125,polyvinylidene fluoride (PVDF),dynamic crosslinked gel network,both,False
C5FBBE86551|CEA29EF1A99,0,0.449258954302182,polyvinylidene fluoride (PVDF),thermal-gradient heat-transfer control,0.0,0.4554982046678635,polyvinylidene fluoride (PVDF),thermal-gradient heat-transfer control,both,False
C5FBBE86551|CEA9836CD32,0,0.2105434335117332,polyvinylidene fluoride (PVDF),molten salt,0.0,0.2199640933572711,polyvinylidene fluoride (PVDF),molten salt,both,False
C5FBBE86551|CEBF8E29E0A,0,0.2314903252367229,polyvinylidene fluoride (PVDF),LiNO3,0.0,0.2383842010771992,polyvinylidene fluoride (PVDF),LiNO3,both,False
C5FBBE86551|CF203EF8121,0,0.435537258130918,polyvinylidene fluoride (PVDF),Eastman entropy of transfer,0.0,0.4379757630161579,polyvinylidene fluoride (PVDF),Eastman entropy of transfer,both,False
C5FBBE86551|CF2C5201A37,0,0.4267641004528612,polyvinylidene fluoride (PVDF),porous-electrode area enhancement,0.0,0.4347037701974865,polyvinylidene fluoride (PVDF),porous-electrode area enhancement,both,False
C5FBBE86551|CFAFB569EDB,0,0.2299588307945656,polyvinylidene fluoride (PVDF),lithium bromide (LiBr),0.0,0.2371992818671454,polyvinylidene fluoride (PVDF),lithium bromide (LiBr),both,False
C5FBBE86551|CFBB5A400A1,0,0.2625319061342116,polyvinylidene fluoride (PVDF),cation-anion thermodiffusion asymmetry,0.0,0.2711265709156194,polyvinylidene fluoride (PVDF),cation-anion thermodiffusion asymmetry,both,False
C6181968680|C6B063A770B,0,0.2501976121860848,graphene,supramolecular host-guest redox entropy,0.0,0.2530969479353681,graphene,supramolecular host-guest redox entropy,both,False
C6181968680|C6C09287FDB,0,0.4024454508027995,graphene,high-entropy redox/ion coupling,0.0,0.4056418312387791,graphene,high-entropy redox/ion coupling,both,False
C6181968680|C7032A2F7AB,0,0.7207616303005353,graphene,hexacyanoferrate redox electrode,0.0,0.7181238779174146,graphene,hexacyanoferrate redox electrode,both,False
C6181968680|C7096F6ECC5,0,0.7261053931659118,graphene,imidazolium ionic-liquid phase transition electrolyte,0.0,0.7169254937163375,graphene,imidazolium ionic-liquid phase transition electrolyte,both,False
C6181968680|C7713A07951,0,0.6373939892960065,graphene,urea,0.0,0.6285592459605027,graphene,urea,both,False
C6181968680|C78D65254F9,1,0.7648579662412516,graphene,phase transition,1.0,0.7604533213644523,graphene,phase transition,both,False
C6181968680|C7932B1CE8C,0,0.7767723342939481,graphene,chaotropic polymer-water disruption,0.0,0.7720736086175943,graphene,chaotropic polymer-water disruption,both,False
C6181968680|C7B823B5BB0,0,0.7512021407986825,graphene,poly(vinyl alcohol) (PVA),0.0,0.800475763016158,graphene,poly(vinyl alcohol) (PVA),both,False
C6181968680|C84C6A613D4,1,0.7121490325236722,graphene,cellulose nanofiber scaffold,1.0,0.7049955116696589,graphene,cellulose nanofiber scaffold,both,False
C6181968680|C8863595B3A,0,0.4336311239193083,graphene,temperature-dependent electrode potential,0.0,0.438016157989228,graphene,temperature-dependent electrode potential,both,False
C6181968680|C893D3D6E7B,0,0.2801358583779333,graphene,iron electrode,0.0,0.2866786355475763,graphene,iron electrode,both,False
C6181968680|C8AD5B453CC,1,0.5578015644298064,graphene,ion diffusion,1.0,0.5580385996409336,graphene,ion diffusion,both,False
C6181968680|C97F8E13D1A,0,0.7435940716344174,graphene,thermally regenerative electrochemical cycle,0.0,0.7209784560143625,graphene,thermally regenerative electrochemical cycle,both,False
C6181968680|C9B6878E079,0,0.6060148209139563,graphene,photothermal-thermoelectric coupling,0.0,0.6006373429084381,graphene,photothermal-thermoelectric coupling,both,False
C6181968680|CA6C42A1D77,1,0.7990242898312062,ferri/ferrocyanide family,graphene,,,,,left_only,False
C6181968680|CA8C62A4868,0,0.7570522848909017,graphene,redox reaction entropy,0.0,0.7535188509874327,graphene,redox reaction entropy,both,False
C6181968680|CAAB7628B33,0,0.3111856731165088,graphene,[C2mim],0.0,0.3166786355475763,graphene,[C2mim],both,False
C6181968680|CBB2D87901B,0,0.283742280773981,graphene,Li2CrO4,0.0,0.2898294434470376,graphene,Li2CrO4,both,False
C6181968680|CC028ABF9C6,0,0.7609551255660765,graphene,anti-freezing organohydrogel design,0.0,0.7563195691202872,graphene,anti-freezing organohydrogel design,both,False
C6181968680|CC506F97717,0,0.2823466447097571,graphene,CO3,0.0,0.2869524236983841,graphene,CO3,both,False
C6181968680|CC5968B917E,0,0.7027377521613832,graphene,convection and mass transport,0.0,0.6973070017953321,graphene,convection and mass transport,both,False
C6181968680|CD3462DB8FF,0,0.7790942774804446,graphene,CuSO4,0.0,0.7711400359066427,graphene,CuSO4,both,False
C6181968680|CD486BA800F,0,0.2604240428159736,graphene,host-guest complexation,0.0,0.2632226211849192,graphene,host-guest complexation,both,False
C6181968680|CDAC0413DCA,0,0.8464800329353642,gelatin-based polymer family,graphene,0.0,0.8322351885098744,graphene,gelatin-based polymer family,both,False
C6181968680|CE2D00B183C,0,0.5934499794153972,graphene,redox-kinetics enhancement,0.0,0.6493581687612209,graphene,redox-kinetics enhancement,both,False
C6181968680|CE4B0E242E7,0,0.6755701934952655,graphene,interfacial charge transfer,0.0,0.6663420107719928,graphene,interfacial charge transfer,both,False
C6181968680|CE6FC512ED2,0,0.6219020172910663,graphene,dynamic crosslinked gel network,0.0,0.6032271095152603,graphene,dynamic crosslinked gel network,both,False
C6181968680|CEA29EF1A99,1,0.8024248662000824,graphene,thermal-gradient heat-transfer control,1.0,0.7649102333931777,graphene,thermal-gradient heat-transfer control,both,False
C6181968680|CEA9836CD32,0,0.4451296829971182,graphene,molten salt,0.0,0.4503725314183123,graphene,molten salt,both,False
C6181968680|CEBF8E29E0A,0,0.2971305063812268,graphene,LiNO3,0.0,0.30270197486535,graphene,LiNO3,both,False
C6181968680|CF203EF8121,0,0.6458666117743926,graphene,Eastman entropy of transfer,0.0,0.6808797127468582,graphene,Eastman entropy of transfer,both,False
C6181968680|CF2C5201A37,0,0.8211568546727048,graphene,porous-electrode area enhancement,0.0,0.8136983842010771,graphene,porous-electrode area enhancement,both,False
C6181968680|CFAFB569EDB,0,0.5735282009057225,graphene,lithium bromide (LiBr),0.0,0.5741696588868941,graphene,lithium bromide (LiBr),both,False
C6210B1A223|C6B063A770B,0,0.2148414985590778,reduced graphene oxide,supramolecular host-guest redox entropy,0.0,0.2200718132854577,reduced graphene oxide,supramolecular host-guest redox entropy,both,False
C6210B1A223|C6C09287FDB,0,0.3886784685055577,reduced graphene oxide,high-entropy redox/ion coupling,0.0,0.3902289048473967,reduced graphene oxide,high-entropy redox/ion coupling,both,False
C6210B1A223|C6C76863E52,0,0.4846438863729929,reduced graphene oxide,copper electrode,0.0,0.4879039497307,reduced graphene oxide,copper electrode,both,False
C6210B1A223|C7032A2F7AB,0,0.6705599011939071,reduced graphene oxide,hexacyanoferrate redox electrode,0.0,0.6631104129263913,reduced graphene oxide,hexacyanoferrate redox electrode,both,False
C6210B1A223|C7096F6ECC5,0,0.6181020996294772,reduced graphene oxide,imidazolium ionic-liquid phase transition electrolyte,0.0,0.6123743267504489,reduced graphene oxide,imidazolium ionic-liquid phase transition electrolyte,both,False
C6210B1A223|C7713A07951,0,0.5972910662824208,reduced graphene oxide,urea,0.0,0.5911220825852783,reduced graphene oxide,urea,both,False
C6210B1A223|C78D65254F9,0,0.6486908192671882,reduced graphene oxide,phase transition,0.0,0.6356238779174146,reduced graphene oxide,phase transition,both,False
C6210B1A223|C7932B1CE8C,0,0.722593659942363,reduced graphene oxide,chaotropic polymer-water disruption,0.0,0.7140529622980251,reduced graphene oxide,chaotropic polymer-water disruption,both,False
C6210B1A223|C7B823B5BB0,0,0.6218567311650884,reduced graphene oxide,poly(vinyl alcohol) (PVA),0.0,0.6923563734290845,reduced graphene oxide,poly(vinyl alcohol) (PVA),both,False
C6210B1A223|C84C6A613D4,1,0.6134335117332236,reduced graphene oxide,cellulose nanofiber scaffold,1.0,0.6041876122082586,reduced graphene oxide,cellulose nanofiber scaffold,both,False
C6210B1A223|C872881EC3C,0,0.8289090160559902,reduced graphene oxide,gel-confined redox transport,0.0,0.8275942549371633,reduced graphene oxide,gel-confined redox transport,both,False
C6210B1A223|C8863595B3A,0,0.434236311239193,reduced graphene oxide,temperature-dependent electrode potential,0.0,0.4397082585278276,reduced graphene oxide,temperature-dependent electrode potential,both,False
C6210B1A223|C893D3D6E7B,0,0.2399629477151091,reduced graphene oxide,iron electrode,0.0,0.2475673249551166,reduced graphene oxide,iron electrode,both,False
C6210B1A223|C8AD5B453CC,0,0.5482708933717579,reduced graphene oxide,ion diffusion,0.0,0.5494389587073608,reduced graphene oxide,ion diffusion,both,False
C6210B1A223|C97F8E13D1A,0,0.7377439275421984,reduced graphene oxide,thermally regenerative electrochemical cycle,0.0,0.716741472172352,reduced graphene oxide,thermally regenerative electrochemical cycle,both,False
C6210B1A223|C9B6878E079,0,0.5919390695759572,reduced graphene oxide,photothermal-thermoelectric coupling,0.0,0.5856418312387791,reduced graphene oxide,photothermal-thermoelectric coupling,both,False
C6210B1A223|CA6C42A1D77,0,0.8421943186496501,ferri/ferrocyanide family,reduced graphene oxide,,,,,left_only,False
C6210B1A223|CA8C62A4868,0,0.7514738575545492,reduced graphene oxide,redox reaction entropy,0.0,0.7488375224416517,reduced graphene oxide,redox reaction entropy,both,False
C6210B1A223|CAAB7628B33,0,0.2733347056401811,reduced graphene oxide,[C2mim],0.0,0.2797486535008976,reduced graphene oxide,[C2mim],both,False
C6210B1A223|CB56BB4DDB0,0,0.868205022643063,reduced graphene oxide,carbon-electrode redox interface,0.0,0.8688150807899461,reduced graphene oxide,carbon-electrode redox interface,both,False
C6210B1A223|CBB2D87901B,0,0.2398641416220667,reduced graphene oxide,Li2CrO4,0.0,0.2450628366247755,reduced graphene oxide,Li2CrO4,both,False
C6210B1A223|CC028ABF9C6,0,0.708567311650885,reduced graphene oxide,anti-freezing organohydrogel design,0.0,0.6998384201077199,reduced graphene oxide,anti-freezing organohydrogel design,both,False
C6210B1A223|CC506F97717,0,0.2508892548373816,reduced graphene oxide,CO3,0.0,0.2572980251346499,reduced graphene oxide,CO3,both,False
C6210B1A223|CC5968B917E,0,0.6200164676821737,reduced graphene oxide,convection and mass transport,0.0,0.6058034111310592,reduced graphene oxide,convection and mass transport,both,False
C6210B1A223|CD0FD071A10,0,0.8331412103746398,reduced graphene oxide,carbon cloth,0.0,0.8295332136445241,reduced graphene oxide,carbon cloth,both,False
C6210B1A223|CD3462DB8FF,0,0.7470193495265542,reduced graphene oxide,CuSO4,0.0,0.7386579892280072,reduced graphene oxide,CuSO4,both,False
C6210B1A223|CD486BA800F,0,0.2203746397694524,reduced graphene oxide,host-guest complexation,0.0,0.2257271095152603,reduced graphene oxide,host-guest complexation,both,False
C6210B1A223|CDAC0413DCA,0,0.7709345409633594,gelatin-based polymer family,reduced graphene oxide,0.0,0.7557405745062835,reduced graphene oxide,gelatin-based polymer family,both,False
C6210B1A223|CE2D00B183C,0,0.5239440098806093,reduced graphene oxide,redox-kinetics enhancement,0.0,0.5998384201077199,reduced graphene oxide,redox-kinetics enhancement,both,False
C6210B1A223|CE4B0E242E7,0,0.6443845203787567,reduced graphene oxide,interfacial charge transfer,0.0,0.6349640933572711,reduced graphene oxide,interfacial charge transfer,both,False
C6210B1A223|CE6FC512ED2,0,0.4725607245780156,reduced graphene oxide,dynamic crosslinked gel network,0.0,0.4622262118491921,reduced graphene oxide,dynamic crosslinked gel network,both,False
C6210B1A223|CEA29EF1A99,1,0.7631535611362701,reduced graphene oxide,thermal-gradient heat-transfer control,1.0,0.7010457809694792,reduced graphene oxide,thermal-gradient heat-transfer control,both,False
C6210B1A223|CEA9836CD32,0,0.4109592424866199,reduced graphene oxide,molten salt,0.0,0.4152468581687611,reduced graphene oxide,molten salt,both,False
C6210B1A223|CEBF8E29E0A,0,0.247274598600247,reduced graphene oxide,LiNO3,0.0,0.2525493716337522,reduced graphene oxide,LiNO3,both,False
C6210B1A223|CF203EF8121,0,0.5674310415808975,reduced graphene oxide,Eastman entropy of transfer,0.0,0.6163061041292639,reduced graphene oxide,Eastman entropy of transfer,both,False
C6210B1A223|CF2C5201A37,0,0.7925319061342117,reduced graphene oxide,porous-electrode area enhancement,0.0,0.7327109515260323,reduced graphene oxide,porous-electrode area enhancement,both,False
C6210B1A223|CFAFB569EDB,0,0.2457678056813503,reduced graphene oxide,lithium bromide (LiBr),0.0,0.2533572710951526,reduced graphene oxide,lithium bromide (LiBr),both,False
C6B063A770B|C6C09287FDB,1,0.2618279127212845,supramolecular host-guest redox entropy,high-entropy redox/ion coupling,1.0,0.2671499102333931,supramolecular host-guest redox entropy,high-entropy redox/ion coupling,both,False
C6B063A770B|C6C76863E52,0,0.1526718814326883,supramolecular host-guest redox entropy,copper electrode,0.0,0.1584335727109515,supramolecular host-guest redox entropy,copper electrode,both,False
C6B063A770B|C7032A2F7AB,0,0.2355454919720049,supramolecular host-guest redox entropy,hexacyanoferrate redox electrode,0.0,0.2441247755834829,supramolecular host-guest redox entropy,hexacyanoferrate redox electrode,both,False
C6B063A770B|C7096F6ECC5,0,0.5508275010292302,supramolecular host-guest redox entropy,imidazolium ionic-liquid phase transition electrolyte,0.0,0.5404937163375225,supramolecular host-guest redox entropy,imidazolium ionic-liquid phase transition electrolyte,both,False
C6B063A770B|C7713A07951,0,0.5236969946480033,supramolecular host-guest redox entropy,urea,0.0,0.513339317773788,supramolecular host-guest redox entropy,urea,both,False
C6B063A770B|C78B8F896F7,0,0.2926101276245368,supramolecular host-guest redox entropy,polyacrylamide (PAM),0.0,0.3037791741472172,supramolecular host-guest redox entropy,polyacrylamide (PAM),both,False
C6B063A770B|C7932B1CE8C,0,0.7288719637710992,supramolecular host-guest redox entropy,chaotropic polymer-water disruption,0.0,0.7186490125673249,supramolecular host-guest redox entropy,chaotropic polymer-water disruption,both,False
C6B063A770B|C7B823B5BB0,0,0.2883367641004528,supramolecular host-guest redox entropy,poly(vinyl alcohol) (PVA),0.0,0.3013285457809694,supramolecular host-guest redox entropy,poly(vinyl alcohol) (PVA),both,False
C6B063A770B|C84C6A613D4,0,0.6937875668999587,supramolecular host-guest redox entropy,cellulose nanofiber scaffold,0.0,0.691907540394973,supramolecular host-guest redox entropy,cellulose nanofiber scaffold,both,False
C6B063A770B|C872881EC3C,0,0.7621737340469328,supramolecular host-guest redox entropy,gel-confined redox transport,0.0,0.7504353680430881,supramolecular host-guest redox entropy,gel-confined redox transport,both,False
C6B063A770B|C8863595B3A,0,0.2399876492383696,supramolecular host-guest redox entropy,temperature-dependent electrode potential,0.0,0.249048473967684,supramolecular host-guest redox entropy,temperature-dependent electrode potential,both,False
C6B063A770B|C893D3D6E7B,0,0.1458048579662412,supramolecular host-guest redox entropy,iron electrode,0.0,0.1521588868940754,supramolecular host-guest redox entropy,iron electrode,both,False
C6B063A770B|C8AD5B453CC,0,0.2444174557431041,supramolecular host-guest redox entropy,ion diffusion,0.0,0.2543357271095152,supramolecular host-guest redox entropy,ion diffusion,both,False
C6B063A770B|C95D66F92B2,0,0.2760601070399341,supramolecular host-guest redox entropy,carbon nanotube family,0.0,0.2826391382405744,supramolecular host-guest redox entropy,carbon nanotube family,both,False
C6B063A770B|C9642D16DCA,0,0.2135570193495265,supramolecular host-guest redox entropy,graphene oxide,0.0,0.2150628366247755,supramolecular host-guest redox entropy,graphene oxide,both,False
C6B063A770B|C97F8E13D1A,1,0.2723301770275834,supramolecular host-guest redox entropy,thermally regenerative electrochemical cycle,1.0,0.2827468581687612,supramolecular host-guest redox entropy,thermally regenerative electrochemical cycle,both,False
C6B063A770B|C9B6878E079,0,0.3414079868258542,supramolecular host-guest redox entropy,photothermal-thermoelectric coupling,0.0,0.3509649910233393,supramolecular host-guest redox entropy,photothermal-thermoelectric coupling,both,False
C6B063A770B|CA6C42A1D77,0,0.7871140386990532,ferri/ferrocyanide family,supramolecular host-guest redox entropy,0.0,0.8194254937163374,supramolecular host-guest redox entropy,ferri/ferrocyanide family,both,False
C6B063A770B|CAAB7628B33,0,0.1878221490325236,supramolecular host-guest redox entropy,[C2mim],0.0,0.195596947935368,supramolecular host-guest redox entropy,[C2mim],both,False
C6B063A770B|CB56BB4DDB0,0,0.6038863729930012,supramolecular host-guest redox entropy,carbon-electrode redox interface,0.0,0.5956463195691202,supramolecular host-guest redox entropy,carbon-electrode redox interface,both,False
C6B063A770B|CBA7A0F0CA3,0,0.8196171263894607,supramolecular host-guest redox entropy,thermogalvanic redox conversion,0.0,0.8150763016157989,supramolecular host-guest redox entropy,thermogalvanic redox conversion,both,False
C6B063A770B|CBB2D87901B,0,0.1751008645533141,supramolecular host-guest redox entropy,Li2CrO4,0.0,0.1823204667863554,supramolecular host-guest redox entropy,Li2CrO4,both,False
C6B063A770B|CC028ABF9C6,0,0.5309057225195553,supramolecular host-guest redox entropy,anti-freezing organohydrogel design,0.0,0.5356642728904847,supramolecular host-guest redox entropy,anti-freezing organohydrogel design,both,False
C6B063A770B|CC506F97717,0,0.1718361465623713,supramolecular host-guest redox entropy,CO3,0.0,0.1797307001795332,supramolecular host-guest redox entropy,CO3,both,False
C6B063A770B|CC5968B917E,0,0.2717373404693289,supramolecular host-guest redox entropy,convection and mass transport,0.0,0.2821274685816876,supramolecular host-guest redox entropy,convection and mass transport,both,False
C6B063A770B|CCAABE058E7,1,0.838719637710992,supramolecular host-guest redox entropy,ferri/ferrocyanide redox chemistry,1.0,0.8379084380610411,supramolecular host-guest redox entropy,ferri/ferrocyanide redox chemistry,both,False
C6B063A770B|CD0FD071A10,0,0.2154343351173322,supramolecular host-guest redox entropy,carbon cloth,0.0,0.2203949730700179,supramolecular host-guest redox entropy,carbon cloth,both,False
C6B063A770B|CD3462DB8FF,0,0.4500617538081514,supramolecular host-guest redox entropy,CuSO4,0.0,0.4525448833034111,supramolecular host-guest redox entropy,CuSO4,both,False
C6B063A770B|CDAC0413DCA,0,0.3239645944833265,gelatin-based polymer family,supramolecular host-guest redox entropy,0.0,0.3398249551166966,supramolecular host-guest redox entropy,gelatin-based polymer family,both,False
C6B063A770B|CE2D00B183C,0,0.2642980650473446,supramolecular host-guest redox entropy,redox-kinetics enhancement,0.0,0.2785412926391382,supramolecular host-guest redox entropy,redox-kinetics enhancement,both,False
C6B063A770B|CE4B0E242E7,0,0.4533964594483325,supramolecular host-guest redox entropy,interfacial charge transfer,0.0,0.4564497307001794,supramolecular host-guest redox entropy,interfacial charge transfer,both,False
C6B063A770B|CE6FC512ED2,0,0.2521984355701935,supramolecular host-guest redox entropy,dynamic crosslinked gel network,0.0,0.2624685816876121,supramolecular host-guest redox entropy,dynamic crosslinked gel network,both,False
C6B063A770B|CEA29EF1A99,0,0.4863647591601482,supramolecular host-guest redox entropy,thermal-gradient heat-transfer control,0.0,0.4867953321364452,supramolecular host-guest redox entropy,thermal-gradient heat-transfer control,both,False
C6B063A770B|CEA9836CD32,0,0.4347509263071222,supramolecular host-guest redox entropy,molten salt,0.0,0.4339407540394973,supramolecular host-guest redox entropy,molten salt,both,False
C6B063A770B|CEBF8E29E0A,0,0.1716426512968299,supramolecular host-guest redox entropy,LiNO3,0.0,0.1789811490125673,supramolecular host-guest redox entropy,LiNO3,both,False
C6B063A770B|CF203EF8121,0,0.4984561547962124,supramolecular host-guest redox entropy,Eastman entropy of transfer,0.0,0.4962567324955116,supramolecular host-guest redox entropy,Eastman entropy of transfer,both,False
C6B063A770B|CF2C5201A37,0,0.2559777686290654,supramolecular host-guest redox entropy,porous-electrode area enhancement,0.0,0.2631418312387792,supramolecular host-guest redox entropy,porous-electrode area enhancement,both,False
C6B063A770B|CFAFB569EDB,0,0.1872540139975298,supramolecular host-guest redox entropy,lithium bromide (LiBr),0.0,0.195596947935368,supramolecular host-guest redox entropy,lithium bromide (LiBr),both,False
C6B063A770B|CFBB5A400A1,0,0.5313503499382461,supramolecular host-guest redox entropy,cation-anion thermodiffusion asymmetry,0.0,0.5338061041292639,supramolecular host-guest redox entropy,cation-anion thermodiffusion asymmetry,both,False
C6C09287FDB|C6C76863E52,1,0.140988060930424,high-entropy redox/ion coupling,copper electrode,1.0,0.1473114901256732,high-entropy redox/ion coupling,copper electrode,both,False
C6C09287FDB|C7032A2F7AB,0,0.2315685467270481,high-entropy redox/ion coupling,hexacyanoferrate redox electrode,0.0,0.2393581687612208,high-entropy redox/ion coupling,hexacyanoferrate redox electrode,both,False
C6C09287FDB|C7096F6ECC5,0,0.4412021407986825,high-entropy redox/ion coupling,imidazolium ionic-liquid phase transition electrolyte,0.0,0.4439631956912028,high-entropy redox/ion coupling,imidazolium ionic-liquid phase transition electrolyte,both,False
C6C09287FDB|C7713A07951,0,0.3999670646356525,high-entropy redox/ion coupling,urea,0.0,0.3996005385996408,high-entropy redox/ion coupling,urea,both,False
C6C09287FDB|C78B8F896F7,0,0.4326554137505146,high-entropy redox/ion coupling,polyacrylamide (PAM),0.0,0.4346184919210054,high-entropy redox/ion coupling,polyacrylamide (PAM),both,False
C6C09287FDB|C78D65254F9,0,0.2595965417867435,high-entropy redox/ion coupling,phase transition,0.0,0.2684515260323159,high-entropy redox/ion coupling,phase transition,both,False
C6C09287FDB|C7932B1CE8C,0,0.4949608892548374,high-entropy redox/ion coupling,chaotropic polymer-water disruption,0.0,0.4996678635547576,high-entropy redox/ion coupling,chaotropic polymer-water disruption,both,False
C6C09287FDB|C7B823B5BB0,0,0.2048950185261424,high-entropy redox/ion coupling,poly(vinyl alcohol) (PVA),0.0,0.2150987432675045,high-entropy redox/ion coupling,poly(vinyl alcohol) (PVA),both,False
C6C09287FDB|C84C6A613D4,0,0.2104528612597777,high-entropy redox/ion coupling,cellulose nanofiber scaffold,0.0,0.2202423698384201,high-entropy redox/ion coupling,cellulose nanofiber scaffold,both,False
C6C09287FDB|C872881EC3C,0,0.3465953067105805,high-entropy redox/ion coupling,gel-confined redox transport,0.0,0.3523833034111311,high-entropy redox/ion coupling,gel-confined redox transport,both,False
C6C09287FDB|C8863595B3A,0,0.2347262247838616,high-entropy redox/ion coupling,temperature-dependent electrode potential,0.0,0.2429892280071812,high-entropy redox/ion coupling,temperature-dependent electrode potential,both,False
C6C09287FDB|C893D3D6E7B,0,0.149534787978592,high-entropy redox/ion coupling,iron electrode,0.0,0.155794434470377,high-entropy redox/ion coupling,iron electrode,both,False
C6C09287FDB|C8AD5B453CC,0,0.5309427748044462,high-entropy redox/ion coupling,ion diffusion,0.0,0.5316741472172352,high-entropy redox/ion coupling,ion diffusion,both,False
C6C09287FDB|C95D66F92B2,0,0.2161342116097159,high-entropy redox/ion coupling,carbon nanotube family,0.0,0.229210053859964,high-entropy redox/ion coupling,carbon nanotube family,both,False
C6C09287FDB|C9642D16DCA,0,0.165290242898312,high-entropy redox/ion coupling,graphene oxide,0.0,0.1679353680430879,high-entropy redox/ion coupling,graphene oxide,both,False
C6C09287FDB|C97F8E13D1A,1,0.4741045697818032,high-entropy redox/ion coupling,thermally regenerative electrochemical cycle,1.0,0.478056552962298,high-entropy redox/ion coupling,thermally regenerative electrochemical cycle,both,False
C6C09287FDB|C9B6878E079,0,0.3072210786331824,high-entropy redox/ion coupling,photothermal-thermoelectric coupling,0.0,0.3149326750448833,high-entropy redox/ion coupling,photothermal-thermoelectric coupling,both,False
C6C09287FDB|CA6C42A1D77,0,0.6402264306298888,ferri/ferrocyanide family,high-entropy redox/ion coupling,1.0,0.6445691202872531,high-entropy redox/ion coupling,ferri/ferrocyanide family,both,True
C6C09287FDB|CA8C62A4868,1,0.6344792095512556,high-entropy redox/ion coupling,redox reaction entropy,1.0,0.6259739676840216,high-entropy redox/ion coupling,redox reaction entropy,both,False
C6C09287FDB|CAAB7628B33,0,0.1447179909427748,high-entropy redox/ion coupling,[C2mim],0.0,0.1508123877917414,high-entropy redox/ion coupling,[C2mim],both,False
C6C09287FDB|CB56BB4DDB0,0,0.4941375051461506,high-entropy redox/ion coupling,carbon-electrode redox interface,0.0,0.4987657091561939,high-entropy redox/ion coupling,carbon-electrode redox interface,both,False
C6C09287FDB|CBA7A0F0CA3,1,0.676039522437217,high-entropy redox/ion coupling,thermogalvanic redox conversion,1.0,0.6707450628366247,high-entropy redox/ion coupling,thermogalvanic redox conversion,both,False
C6C09287FDB|CBB2D87901B,0,0.1380979827089337,high-entropy redox/ion coupling,Li2CrO4,0.0,0.1434605026929981,high-entropy redox/ion coupling,Li2CrO4,both,False
C6C09287FDB|CC028ABF9C6,0,0.249345409633594,high-entropy redox/ion coupling,anti-freezing organohydrogel design,0.0,0.256629263913824,high-entropy redox/ion coupling,anti-freezing organohydrogel design,both,False
C6C09287FDB|CC506F97717,0,0.1497035817208727,high-entropy redox/ion coupling,CO3,0.0,0.1564901256732495,high-entropy redox/ion coupling,CO3,both,False
C6C09287FDB|CC5968B917E,1,0.2214944421572663,high-entropy redox/ion coupling,convection and mass transport,1.0,0.2314721723518851,high-entropy redox/ion coupling,convection and mass transport,both,False
C6C09287FDB|CCAABE058E7,1,0.6685137916838204,high-entropy redox/ion coupling,ferri/ferrocyanide redox chemistry,1.0,0.6627289048473968,high-entropy redox/ion coupling,ferri/ferrocyanide redox chemistry,both,False
C6C09287FDB|CD0FD071A10,0,0.1858666117743927,high-entropy redox/ion coupling,carbon cloth,0.0,0.1912028725314183,high-entropy redox/ion coupling,carbon cloth,both,False
C6C09287FDB|CD3462DB8FF,1,0.1854219843557019,high-entropy redox/ion coupling,CuSO4,1.0,0.1933572710951526,high-entropy redox/ion coupling,CuSO4,both,False
C6C09287FDB|CD486BA800F,1,0.2594071634417456,high-entropy redox/ion coupling,host-guest complexation,1.0,0.2646184919210053,high-entropy redox/ion coupling,host-guest complexation,both,False
C6C09287FDB|CDAC0413DCA,0,0.4515850144092219,gelatin-based polymer family,high-entropy redox/ion coupling,0.0,0.4604847396768402,high-entropy redox/ion coupling,gelatin-based polymer family,both,False
C6C09287FDB|CE2D00B183C,1,0.2453519967064635,high-entropy redox/ion coupling,redox-kinetics enhancement,1.0,0.254169658886894,high-entropy redox/ion coupling,redox-kinetics enhancement,both,False
C6C09287FDB|CE4B0E242E7,0,0.2370234664470975,high-entropy redox/ion coupling,interfacial charge transfer,0.0,0.2476481149012566,high-entropy redox/ion coupling,interfacial charge transfer,both,False
C6C09287FDB|CE6FC512ED2,0,0.2186537669822972,high-entropy redox/ion coupling,dynamic crosslinked gel network,0.0,0.2222082585278276,high-entropy redox/ion coupling,dynamic crosslinked gel network,both,False
C6C09287FDB|CEA29EF1A99,0,0.2473651708522025,high-entropy redox/ion coupling,thermal-gradient heat-transfer control,0.0,0.2514946140035906,high-entropy redox/ion coupling,thermal-gradient heat-transfer control,both,False
C6C09287FDB|CEA9836CD32,0,0.2153396459448332,high-entropy redox/ion coupling,molten salt,0.0,0.2232809694793536,high-entropy redox/ion coupling,molten salt,both,False
C6C09287FDB|CEBF8E29E0A,0,0.1379497735693701,high-entropy redox/ion coupling,LiNO3,0.0,0.1432450628366247,high-entropy redox/ion coupling,LiNO3,both,False
C6C09287FDB|CF203EF8121,0,0.5093001235076163,high-entropy redox/ion coupling,Eastman entropy of transfer,0.0,0.5003231597845601,high-entropy redox/ion coupling,Eastman entropy of transfer,both,False
C6C09287FDB|CF2C5201A37,0,0.452317826265953,high-entropy redox/ion coupling,porous-electrode area enhancement,0.0,0.4594748653500897,high-entropy redox/ion coupling,porous-electrode area enhancement,both,False
C6C09287FDB|CFAFB569EDB,0,0.15808151502676,high-entropy redox/ion coupling,lithium bromide (LiBr),0.0,0.164762118491921,high-entropy redox/ion coupling,lithium bromide (LiBr),both,False
C6C09287FDB|CFBB5A400A1,1,0.517739810621655,high-entropy redox/ion coupling,cation-anion thermodiffusion asymmetry,1.0,0.5188330341113105,high-entropy redox/ion coupling,cation-anion thermodiffusion asymmetry,both,False
C6C76863E52|C7032A2F7AB,0,0.2535034993824619,copper electrode,hexacyanoferrate redox electrode,0.0,0.2615215439856372,copper electrode,hexacyanoferrate redox electrode,both,False
C6C76863E52|C7096F6ECC5,0,0.2776410045286126,copper electrode,imidazolium ionic-liquid phase transition electrolyte,0.0,0.2868940754039497,copper electrode,imidazolium ionic-liquid phase transition electrolyte,both,False
C6C76863E52|C7713A07951,0,0.2484355701934952,copper electrode,urea,0.0,0.2571274685816875,copper electrode,urea,both,False
C6C76863E52|C78B8F896F7,0,0.4932729518320297,copper electrode,polyacrylamide (PAM),0.0,0.4963150807899461,copper electrode,polyacrylamide (PAM),both,False
C6C76863E52|C78D65254F9,0,0.2540881020996295,copper electrode,phase transition,0.0,0.261072710951526,copper electrode,phase transition,both,False
C6C76863E52|C7932B1CE8C,0,0.2637422807739811,copper electrode,chaotropic polymer-water disruption,0.0,0.2714497307001794,copper electrode,chaotropic polymer-water disruption,both,False
C6C76863E52|C7B823B5BB0,1,0.2850267599835323,copper electrode,poly(vinyl alcohol) (PVA),1.0,0.2959425493716337,copper electrode,poly(vinyl alcohol) (PVA),both,False
C6C76863E52|C84C6A613D4,0,0.2379456566488267,copper electrode,cellulose nanofiber scaffold,0.0,0.2487612208258527,copper electrode,cellulose nanofiber scaffold,both,False
C6C76863E52|C872881EC3C,1,0.5358954302181967,copper electrode,gel-confined redox transport,1.0,0.5386983842010771,copper electrode,gel-confined redox transport,both,False
C6C76863E52|C8863595B3A,0,0.2488060930424042,copper electrode,temperature-dependent electrode potential,0.0,0.256508078994614,copper electrode,temperature-dependent electrode potential,both,False
C6C76863E52|C893D3D6E7B,0,0.530988060930424,copper electrode,iron electrode,0.0,0.5307271095152604,copper electrode,iron electrode,both,False
C6C76863E52|C8AD5B453CC,0,0.1931617949773569,copper electrode,ion diffusion,0.0,0.2010951526032315,copper electrode,ion diffusion,both,False
C6C76863E52|C95D66F92B2,0,0.5330177027583367,copper electrode,carbon nanotube family,0.0,0.5293312387791741,copper electrode,carbon nanotube family,both,False
C6C76863E52|C9642D16DCA,0,0.4937834499794153,copper electrode,graphene oxide,0.0,0.4957675044883303,copper electrode,graphene oxide,both,False
C6C76863E52|C97F8E13D1A,0,0.2830753396459448,copper electrode,thermally regenerative electrochemical cycle,0.0,0.2924955116696588,copper electrode,thermally regenerative electrochemical cycle,both,False
C6C76863E52|C9B6878E079,1,0.2530506381226842,copper electrode,photothermal-thermoelectric coupling,1.0,0.2614497307001795,copper electrode,photothermal-thermoelectric coupling,both,False
C6C76863E52|CA6C42A1D77,0,0.5108604363935776,copper electrode,ferri/ferrocyanide family,0.0,0.6714452423698384,copper electrode,ferri/ferrocyanide family,both,False
C6C76863E52|CA8C62A4868,1,0.4599629477151091,copper electrode,redox reaction entropy,1.0,0.465754039497307,copper electrode,redox reaction entropy,both,False
C6C76863E52|CAAB7628B33,0,0.2191189790037052,copper electrode,[C2mim],0.0,0.2251929982046678,copper electrode,[C2mim],both,False
C6C76863E52|CB56BB4DDB0,0,0.5221984355701934,copper electrode,carbon-electrode redox interface,0.0,0.5278231597845601,copper electrode,carbon-electrode redox interface,both,False
C6C76863E52|CBA7A0F0CA3,1,0.6696171263894607,copper electrode,thermogalvanic redox conversion,1.0,0.6692369838420107,copper electrode,thermogalvanic redox conversion,both,False
C6C76863E52|CBB2D87901B,0,0.5154755043227666,copper electrode,Li2CrO4,0.0,0.5100987432675045,copper electrode,Li2CrO4,both,False
C6C76863E52|CC028ABF9C6,1,0.4763400576368876,copper electrode,anti-freezing organohydrogel design,1.0,0.4801077199281867,copper electrode,anti-freezing organohydrogel design,both,False
C6C76863E52|CC506F97717,0,0.2186949361877315,copper electrode,CO3,0.0,0.2251346499102333,copper electrode,CO3,both,False
C6C76863E52|CC5968B917E,1,0.2039069575957184,copper electrode,convection and mass transport,1.0,0.2125942549371633,copper electrode,convection and mass transport,both,False
C6C76863E52|CCAABE058E7,0,0.6401564429806503,copper electrode,ferri/ferrocyanide redox chemistry,0.0,0.6388958707360861,copper electrode,ferri/ferrocyanide redox chemistry,both,False
C6C76863E52|CD0FD071A10,0,0.509221902017291,copper electrode,carbon cloth,0.0,0.5093402154398563,copper electrode,carbon cloth,both,False
C6C76863E52|CD3462DB8FF,1,0.2808439687114038,copper electrode,CuSO4,1.0,0.2899281867145421,copper electrode,CuSO4,both,False
C6C76863E52|CD486BA800F,0,0.1519308357348703,copper electrode,host-guest complexation,0.0,0.1576795332136445,copper electrode,host-guest complexation,both,False
C6C76863E52|CDAC0413DCA,0,0.3157636887608069,gelatin-based polymer family,copper electrode,0.0,0.3004263913824057,copper electrode,gelatin-based polymer family,both,False
C6C76863E52|CE2D00B183C,1,0.2439687114038699,copper electrode,redox-kinetics enhancement,1.0,0.255004488330341,copper electrode,redox-kinetics enhancement,both,False
C6C76863E52|CE4B0E242E7,0,0.2915644298065047,copper electrode,interfacial charge transfer,0.0,0.3004039497307001,copper electrode,interfacial charge transfer,both,False
C6C76863E52|CE6FC512ED2,0,0.2462947715109098,copper electrode,dynamic crosslinked gel network,0.0,0.2493806104129263,copper electrode,dynamic crosslinked gel network,both,False
C6C76863E52|CEA29EF1A99,0,0.2480074104569781,copper electrode,thermal-gradient heat-transfer control,0.0,0.2520870736086176,copper electrode,thermal-gradient heat-transfer control,both,False
C6C76863E52|CEA9836CD32,0,0.2402140798682585,copper electrode,molten salt,0.0,0.2474102333931777,copper electrode,molten salt,both,False
C6C76863E52|CEBF8E29E0A,0,0.5365212021407987,copper electrode,LiNO3,0.0,0.5306193895870737,copper electrode,LiNO3,both,False
C6C76863E52|CF203EF8121,0,0.159193083573487,copper electrode,Eastman entropy of transfer,0.0,0.1689901256732495,copper electrode,Eastman entropy of transfer,both,False
C6C76863E52|CF2C5201A37,0,0.3172128447920955,copper electrode,porous-electrode area enhancement,0.0,0.3234111310592459,copper electrode,porous-electrode area enhancement,both,False
C6C76863E52|CFBB5A400A1,0,0.4489707698641416,copper electrode,cation-anion thermodiffusion asymmetry,0.0,0.4501885098743267,copper electrode,cation-anion thermodiffusion asymmetry,both,False
C7032A2F7AB|C7096F6ECC5,1,0.4666941128036229,hexacyanoferrate redox electrode,imidazolium ionic-liquid phase transition electrolyte,1.0,0.4747710951526032,hexacyanoferrate redox electrode,imidazolium ionic-liquid phase transition electrolyte,both,False
C7032A2F7AB|C7713A07951,0,0.4985014409221901,hexacyanoferrate redox electrode,urea,0.0,0.4911759425493716,hexacyanoferrate redox electrode,urea,both,False
C7032A2F7AB|C78B8F896F7,0,0.5190613421160971,hexacyanoferrate redox electrode,polyacrylamide (PAM),0.0,0.5166337522441652,hexacyanoferrate redox electrode,polyacrylamide (PAM),both,False
C7032A2F7AB|C78D65254F9,0,0.6220666941128037,hexacyanoferrate redox electrode,phase transition,0.0,0.611862657091562,hexacyanoferrate redox electrode,phase transition,both,False
C7032A2F7AB|C7932B1CE8C,0,0.6446644709757102,hexacyanoferrate redox electrode,chaotropic polymer-water disruption,0.0,0.633254039497307,hexacyanoferrate redox electrode,chaotropic polymer-water disruption,both,False
C7032A2F7AB|C7B823B5BB0,0,0.5130588719637711,hexacyanoferrate redox electrode,poly(vinyl alcohol) (PVA),0.0,0.5879712746858168,hexacyanoferrate redox electrode,poly(vinyl alcohol) (PVA),both,False
C7032A2F7AB|C84C6A613D4,0,0.4480691642651296,hexacyanoferrate redox electrode,cellulose nanofiber scaffold,0.0,0.454169658886894,hexacyanoferrate redox electrode,cellulose nanofiber scaffold,both,False
C7032A2F7AB|C872881EC3C,0,0.8439357760395225,hexacyanoferrate redox electrode,gel-confined redox transport,0.0,0.8387657091561939,hexacyanoferrate redox electrode,gel-confined redox transport,both,False
C7032A2F7AB|C8863595B3A,0,0.6095841910251132,hexacyanoferrate redox electrode,temperature-dependent electrode potential,0.0,0.6005385996409336,hexacyanoferrate redox electrode,temperature-dependent electrode potential,both,False
C7032A2F7AB|C893D3D6E7B,0,0.2419678880197612,hexacyanoferrate redox electrode,iron electrode,0.0,0.2487298025134649,hexacyanoferrate redox electrode,iron electrode,both,False
C7032A2F7AB|C8AD5B453CC,0,0.2474804446274187,hexacyanoferrate redox electrode,ion diffusion,0.0,0.2579982046678635,hexacyanoferrate redox electrode,ion diffusion,both,False
C7032A2F7AB|C9642D16DCA,0,0.6972622478386167,hexacyanoferrate redox electrode,graphene oxide,0.0,0.691588868940754,hexacyanoferrate redox electrode,graphene oxide,both,False
C7032A2F7AB|C9B6878E079,0,0.6063688760806917,hexacyanoferrate redox electrode,photothermal-thermoelectric coupling,0.0,0.6043222621184919,hexacyanoferrate redox electrode,photothermal-thermoelectric coupling,both,False
C7032A2F7AB|CA6C42A1D77,0,0.7278509674763276,hexacyanoferrate redox electrode,ferri/ferrocyanide family,,,,,left_only,False
C7032A2F7AB|CA8C62A4868,0,0.682165500205846,hexacyanoferrate redox electrode,redox reaction entropy,0.0,0.6735053859964093,hexacyanoferrate redox electrode,redox reaction entropy,both,False
C7032A2F7AB|CAAB7628B33,0,0.4544133388225607,hexacyanoferrate redox electrode,[C2mim],0.0,0.4534649910233392,hexacyanoferrate redox electrode,[C2mim],both,False
C7032A2F7AB|CB56BB4DDB0,0,0.8089954713874022,hexacyanoferrate redox electrode,carbon-electrode redox interface,0.0,0.8028456014362655,hexacyanoferrate redox electrode,carbon-electrode redox interface,both,False
C7032A2F7AB|CBB2D87901B,0,0.1560065870728695,hexacyanoferrate redox electrode,Li2CrO4,0.0,0.1625538599640933,hexacyanoferrate redox electrode,Li2CrO4,both,False
C7032A2F7AB|CC028ABF9C6,0,0.7026430629888842,hexacyanoferrate redox electrode,anti-freezing organohydrogel design,0.0,0.6954937163375224,hexacyanoferrate redox electrode,anti-freezing organohydrogel design,both,False
C7032A2F7AB|CC506F97717,0,0.1749238369699464,hexacyanoferrate redox electrode,CO3,0.0,0.1828007181328545,hexacyanoferrate redox electrode,CO3,both,False
C7032A2F7AB|CD0FD071A10,0,0.7502223137093453,hexacyanoferrate redox electrode,carbon cloth,0.0,0.7477648114901256,hexacyanoferrate redox electrode,carbon cloth,both,False
C7032A2F7AB|CD3462DB8FF,0,0.7121819678880196,hexacyanoferrate redox electrode,CuSO4,0.0,0.7152333931777379,hexacyanoferrate redox electrode,CuSO4,both,False
C7032A2F7AB|CD486BA800F,0,0.2188966652943598,hexacyanoferrate redox electrode,host-guest complexation,0.0,0.2271588868940753,hexacyanoferrate redox electrode,host-guest complexation,both,False
C7032A2F7AB|CDAC0413DCA,0,0.6713421160971593,gelatin-based polymer family,hexacyanoferrate redox electrode,0.0,0.6580296229802512,hexacyanoferrate redox electrode,gelatin-based polymer family,both,False
C7032A2F7AB|CE2D00B183C,0,0.7220419925895429,hexacyanoferrate redox electrode,redox-kinetics enhancement,0.0,0.7537477558348294,hexacyanoferrate redox electrode,redox-kinetics enhancement,both,False
C7032A2F7AB|CE4B0E242E7,0,0.6854549197200493,hexacyanoferrate redox electrode,interfacial charge transfer,0.0,0.6761849192100539,hexacyanoferrate redox electrode,interfacial charge transfer,both,False
C7032A2F7AB|CE6FC512ED2,0,0.4357925072046109,hexacyanoferrate redox electrode,dynamic crosslinked gel network,0.0,0.4313330341113106,hexacyanoferrate redox electrode,dynamic crosslinked gel network,both,False
C7032A2F7AB|CEA29EF1A99,0,0.7627748044462741,hexacyanoferrate redox electrode,thermal-gradient heat-transfer control,0.0,0.759528725314183,hexacyanoferrate redox electrode,thermal-gradient heat-transfer control,both,False
C7032A2F7AB|CEA9836CD32,0,0.4289954713874022,hexacyanoferrate redox electrode,molten salt,0.0,0.4316786355475763,hexacyanoferrate redox electrode,molten salt,both,False
C7032A2F7AB|CEBF8E29E0A,0,0.1464717990942775,hexacyanoferrate redox electrode,LiNO3,0.0,0.1525359066427289,hexacyanoferrate redox electrode,LiNO3,both,False
C7032A2F7AB|CF203EF8121,0,0.5690654590366406,hexacyanoferrate redox electrode,Eastman entropy of transfer,0.0,0.6134021543985638,hexacyanoferrate redox electrode,Eastman entropy of transfer,both,False
C7032A2F7AB|CF2C5201A37,0,0.8272622478386167,hexacyanoferrate redox electrode,porous-electrode area enhancement,0.0,0.8274596050269301,hexacyanoferrate redox electrode,porous-electrode area enhancement,both,False
C7032A2F7AB|CFAFB569EDB,0,0.1739645944833264,hexacyanoferrate redox electrode,lithium bromide (LiBr),0.0,0.1813240574506283,hexacyanoferrate redox electrode,lithium bromide (LiBr),both,False
C7032A2F7AB|CFBB5A400A1,0,0.4698188554960889,hexacyanoferrate redox electrode,cation-anion thermodiffusion asymmetry,0.0,0.476229802513465,hexacyanoferrate redox electrode,cation-anion thermodiffusion asymmetry,both,False
C7096F6ECC5|C7713A07951,0,0.4636434746809386,imidazolium ionic-liquid phase transition electrolyte,urea,0.0,0.4654578096947935,imidazolium ionic-liquid phase transition electrolyte,urea,both,False
C7096F6ECC5|C78B8F896F7,0,0.6207163441745575,imidazolium ionic-liquid phase transition electrolyte,polyacrylamide (PAM),0.0,0.6165035906642727,imidazolium ionic-liquid phase transition electrolyte,polyacrylamide (PAM),both,False
C7096F6ECC5|C78D65254F9,1,0.6740428159736518,imidazolium ionic-liquid phase transition electrolyte,phase transition,1.0,0.6688240574506282,imidazolium ionic-liquid phase transition electrolyte,phase transition,both,False
C7096F6ECC5|C7932B1CE8C,0,0.8069081926718813,imidazolium ionic-liquid phase transition electrolyte,chaotropic polymer-water disruption,0.0,0.8015754039497307,imidazolium ionic-liquid phase transition electrolyte,chaotropic polymer-water disruption,both,False
C7096F6ECC5|C7B823B5BB0,0,0.637340469328942,imidazolium ionic-liquid phase transition electrolyte,poly(vinyl alcohol) (PVA),0.0,0.6297531418312388,imidazolium ionic-liquid phase transition electrolyte,poly(vinyl alcohol) (PVA),both,False
C7096F6ECC5|C84C6A613D4,0,0.7267970358172087,imidazolium ionic-liquid phase transition electrolyte,cellulose nanofiber scaffold,0.0,0.716790843806104,imidazolium ionic-liquid phase transition electrolyte,cellulose nanofiber scaffold,both,False
C7096F6ECC5|C872881EC3C,1,0.7504446274186907,imidazolium ionic-liquid phase transition electrolyte,gel-confined redox transport,1.0,0.7421633752244166,imidazolium ionic-liquid phase transition electrolyte,gel-confined redox transport,both,False
C7096F6ECC5|C8863595B3A,0,0.4729312474269246,imidazolium ionic-liquid phase transition electrolyte,temperature-dependent electrode potential,0.0,0.4782495511669659,imidazolium ionic-liquid phase transition electrolyte,temperature-dependent electrode potential,both,False
C7096F6ECC5|C893D3D6E7B,0,0.2555825442568958,imidazolium ionic-liquid phase transition electrolyte,iron electrode,0.0,0.2646768402154398,imidazolium ionic-liquid phase transition electrolyte,iron electrode,both,False
C7096F6ECC5|C8AD5B453CC,0,0.5349032523672292,imidazolium ionic-liquid phase transition electrolyte,ion diffusion,0.0,0.5374775583482944,imidazolium ionic-liquid phase transition electrolyte,ion diffusion,both,False
C7096F6ECC5|C95D66F92B2,0,0.8298023878139151,imidazolium ionic-liquid phase transition electrolyte,carbon nanotube family,0.0,0.815758527827648,imidazolium ionic-liquid phase transition electrolyte,carbon nanotube family,both,False
C7096F6ECC5|C9642D16DCA,0,0.6326265953067106,imidazolium ionic-liquid phase transition electrolyte,graphene oxide,0.0,0.6229847396768402,imidazolium ionic-liquid phase transition electrolyte,graphene oxide,both,False
C7096F6ECC5|C97F8E13D1A,1,0.5320131741457389,imidazolium ionic-liquid phase transition electrolyte,thermally regenerative electrochemical cycle,1.0,0.539685816876122,imidazolium ionic-liquid phase transition electrolyte,thermally regenerative electrochemical cycle,both,False
C7096F6ECC5|CA6C42A1D77,0,0.869230135858378,ferri/ferrocyanide family,imidazolium ionic-liquid phase transition electrolyte,0.0,0.8516427289048474,imidazolium ionic-liquid phase transition electrolyte,ferri/ferrocyanide family,both,False
C7096F6ECC5|CAAB7628B33,0,0.2504199258954302,imidazolium ionic-liquid phase transition electrolyte,[C2mim],0.0,0.2600718132854578,imidazolium ionic-liquid phase transition electrolyte,[C2mim],both,False
C7096F6ECC5|CBB2D87901B,0,0.2418731988472622,imidazolium ionic-liquid phase transition electrolyte,Li2CrO4,0.0,0.2504847396768402,imidazolium ionic-liquid phase transition electrolyte,Li2CrO4,both,False
C7096F6ECC5|CC028ABF9C6,0,0.7177274598600246,imidazolium ionic-liquid phase transition electrolyte,anti-freezing organohydrogel design,0.0,0.7081956912028725,imidazolium ionic-liquid phase transition electrolyte,anti-freezing organohydrogel design,both,False
C7096F6ECC5|CC506F97717,0,0.2317085220255249,imidazolium ionic-liquid phase transition electrolyte,CO3,0.0,0.2397980251346499,imidazolium ionic-liquid phase transition electrolyte,CO3,both,False
C7096F6ECC5|CC5968B917E,0,0.6604981473857554,imidazolium ionic-liquid phase transition electrolyte,convection and mass transport,0.0,0.6471499102333932,imidazolium ionic-liquid phase transition electrolyte,convection and mass transport,both,False
C7096F6ECC5|CCAABE058E7,0,0.8250802799505967,imidazolium ionic-liquid phase transition electrolyte,ferri/ferrocyanide redox chemistry,0.0,0.8254488330341114,imidazolium ionic-liquid phase transition electrolyte,ferri/ferrocyanide redox chemistry,both,False
C7096F6ECC5|CD0FD071A10,0,0.6389254837381638,imidazolium ionic-liquid phase transition electrolyte,carbon cloth,0.0,0.6317639138240574,imidazolium ionic-liquid phase transition electrolyte,carbon cloth,both,False
C7096F6ECC5|CD3462DB8FF,0,0.7367558666117743,imidazolium ionic-liquid phase transition electrolyte,CuSO4,0.0,0.7342459605026931,imidazolium ionic-liquid phase transition electrolyte,CuSO4,both,False
C7096F6ECC5|CD486BA800F,0,0.5712309592424866,imidazolium ionic-liquid phase transition electrolyte,host-guest complexation,0.0,0.5621992818671455,imidazolium ionic-liquid phase transition electrolyte,host-guest complexation,both,False
C7096F6ECC5|CDAC0413DCA,0,0.84507204610951,gelatin-based polymer family,imidazolium ionic-liquid phase transition electrolyte,0.0,0.8320466786355475,imidazolium ionic-liquid phase transition electrolyte,gelatin-based polymer family,both,False
C7096F6ECC5|CE2D00B183C,0,0.6279086043639357,imidazolium ionic-liquid phase transition electrolyte,redox-kinetics enhancement,0.0,0.6187253141831239,imidazolium ionic-liquid phase transition electrolyte,redox-kinetics enhancement,both,False
C7096F6ECC5|CE6FC512ED2,0,0.6531741457389872,imidazolium ionic-liquid phase transition electrolyte,dynamic crosslinked gel network,0.0,0.6234515260323159,imidazolium ionic-liquid phase transition electrolyte,dynamic crosslinked gel network,both,False
C7096F6ECC5|CEA29EF1A99,0,0.4915067929188967,imidazolium ionic-liquid phase transition electrolyte,thermal-gradient heat-transfer control,0.0,0.4914228007181328,imidazolium ionic-liquid phase transition electrolyte,thermal-gradient heat-transfer control,both,False
C7096F6ECC5|CEA9836CD32,0,0.6227089337175793,imidazolium ionic-liquid phase transition electrolyte,molten salt,0.0,0.6175134649910232,imidazolium ionic-liquid phase transition electrolyte,molten salt,both,False
C7096F6ECC5|CEBF8E29E0A,0,0.2168258542610127,imidazolium ionic-liquid phase transition electrolyte,LiNO3,0.0,0.2258168761220825,imidazolium ionic-liquid phase transition electrolyte,LiNO3,both,False
C7096F6ECC5|CF203EF8121,0,0.6740016467682174,imidazolium ionic-liquid phase transition electrolyte,Eastman entropy of transfer,0.0,0.6716965888689406,imidazolium ionic-liquid phase transition electrolyte,Eastman entropy of transfer,both,False
C7096F6ECC5|CF2C5201A37,0,0.7601193906957597,imidazolium ionic-liquid phase transition electrolyte,porous-electrode area enhancement,0.0,0.7554219030520645,imidazolium ionic-liquid phase transition electrolyte,porous-electrode area enhancement,both,False
C7096F6ECC5|CFAFB569EDB,0,0.2891025113215315,imidazolium ionic-liquid phase transition electrolyte,lithium bromide (LiBr),0.0,0.2993087971274685,imidazolium ionic-liquid phase transition electrolyte,lithium bromide (LiBr),both,False
C7096F6ECC5|CFBB5A400A1,0,0.6829477151090985,imidazolium ionic-liquid phase transition electrolyte,cation-anion thermodiffusion asymmetry,0.0,0.6731597845601436,imidazolium ionic-liquid phase transition electrolyte,cation-anion thermodiffusion asymmetry,both,False
C7713A07951|C78B8F896F7,0,0.3374310415808975,urea,polyacrylamide (PAM),0.0,0.3467908438061041,urea,polyacrylamide (PAM),both,False
C7713A07951|C78D65254F9,0,0.6664759160148208,urea,phase transition,0.0,0.6523743267504487,urea,phase transition,both,False
C7713A07951|C7B823B5BB0,0,0.651053931659119,urea,poly(vinyl alcohol) (PVA),0.0,0.7158123877917415,urea,poly(vinyl alcohol) (PVA),both,False
C7713A07951|C84C6A613D4,0,0.5721078633182379,urea,cellulose nanofiber scaffold,0.0,0.5606149012567325,urea,cellulose nanofiber scaffold,both,False
C7713A07951|C872881EC3C,0,0.6836023054755044,urea,gel-confined redox transport,0.0,0.670794434470377,urea,gel-confined redox transport,both,False
C7713A07951|C8863595B3A,0,0.1880979827089337,urea,temperature-dependent electrode potential,0.0,0.1962746858168761,urea,temperature-dependent electrode potential,both,False
C7713A07951|C893D3D6E7B,0,0.2477933305887196,urea,iron electrode,0.0,0.2553231597845601,urea,iron electrode,both,False
C7713A07951|C8AD5B453CC,0,0.2079703581720872,urea,ion diffusion,0.0,0.2156418312387791,urea,ion diffusion,both,False
C7713A07951|C95D66F92B2,0,0.639345409633594,urea,carbon nanotube family,0.0,0.6204802513464991,urea,carbon nanotube family,both,False
C7713A07951|C9642D16DCA,0,0.6003046521202141,urea,graphene oxide,0.0,0.5939228007181327,urea,graphene oxide,both,False
C7713A07951|C97F8E13D1A,0,0.5544956772334293,urea,thermally regenerative electrochemical cycle,0.0,0.6215574506283663,urea,thermally regenerative electrochemical cycle,both,False
C7713A07951|C9B6878E079,0,0.2730053519967064,urea,photothermal-thermoelectric coupling,0.0,0.2807675044883303,urea,photothermal-thermoelectric coupling,both,False
C7713A07951|CA6C42A1D77,0,0.7277151090983943,ferri/ferrocyanide family,urea,,,,,left_only,False
C7713A07951|CAAB7628B33,0,0.2655290242898312,urea,[C2mim],0.0,0.2735008976660682,urea,[C2mim],both,False
C7713A07951|CB56BB4DDB0,0,0.5554343351173322,urea,carbon-electrode redox interface,0.0,0.5490350089766607,urea,carbon-electrode redox interface,both,False
C7713A07951|CBA7A0F0CA3,0,0.762346644709757,urea,thermogalvanic redox conversion,0.0,0.7615664272890486,urea,thermogalvanic redox conversion,both,False
C7713A07951|CBB2D87901B,0,0.2358871963771099,urea,Li2CrO4,0.0,0.2427199281867145,urea,Li2CrO4,both,False
C7713A07951|CC028ABF9C6,0,0.7300823384108687,urea,anti-freezing organohydrogel design,0.0,0.7228096947935367,urea,anti-freezing organohydrogel design,both,False
C7713A07951|CC506F97717,0,0.241576780568135,urea,CO3,0.0,0.2485188509874326,urea,CO3,both,False
C7713A07951|CC5968B917E,0,0.5341910251132154,urea,convection and mass transport,0.0,0.5272755834829443,urea,convection and mass transport,both,False
C7713A07951|CD0FD071A10,0,0.6006010703993413,urea,carbon cloth,0.0,0.5944614003590665,urea,carbon cloth,both,False
C7713A07951|CD3462DB8FF,0,0.6949732400164678,urea,CuSO4,0.0,0.68483842010772,urea,CuSO4,both,False
C7713A07951|CD486BA800F,0,0.535850144092219,urea,host-guest complexation,0.0,0.5253500897666068,urea,host-guest complexation,both,False
C7713A07951|CDAC0413DCA,0,0.7364759160148209,gelatin-based polymer family,urea,0.0,0.6949461400359065,urea,gelatin-based polymer family,both,False
C7713A07951|CE2D00B183C,0,0.3993495265541374,urea,redox-kinetics enhancement,0.0,0.5022441651705565,urea,redox-kinetics enhancement,both,False
C7713A07951|CE4B0E242E7,0,0.5205434335117333,urea,interfacial charge transfer,0.0,0.5152603231597845,urea,interfacial charge transfer,both,False
C7713A07951|CE6FC512ED2,0,0.2843227665706052,urea,dynamic crosslinked gel network,0.0,0.2869524236983841,urea,dynamic crosslinked gel network,both,False
C7713A07951|CEA29EF1A99,0,0.563874022231371,urea,thermal-gradient heat-transfer control,0.0,0.554290843806104,urea,thermal-gradient heat-transfer control,both,False
C7713A07951|CEA9836CD32,0,0.4240510498147385,urea,molten salt,0.0,0.4228680430879713,urea,molten salt,both,False
C7713A07951|CEBF8E29E0A,0,0.2477439275421984,urea,LiNO3,0.0,0.2545691202872531,urea,LiNO3,both,False
C7713A07951|CF203EF8121,0,0.5136928777274599,urea,Eastman entropy of transfer,0.0,0.5750089766606822,urea,Eastman entropy of transfer,both,False
C7713A07951|CF2C5201A37,0,0.6609468917249895,urea,porous-electrode area enhancement,0.0,0.6532809694793537,urea,porous-electrode area enhancement,both,False
C7713A07951|CFAFB569EDB,0,0.2605393165911898,urea,lithium bromide (LiBr),0.0,0.2705924596050268,urea,lithium bromide (LiBr),both,False
C7713A07951|CFBB5A400A1,0,0.491947303417044,urea,cation-anion thermodiffusion asymmetry,0.0,0.4929622980251346,urea,cation-anion thermodiffusion asymmetry,both,False
C78B8F896F7|C78D65254F9,0,0.6034458624948538,polyacrylamide (PAM),phase transition,0.0,0.596113105924596,polyacrylamide (PAM),phase transition,both,False
C78B8F896F7|C7932B1CE8C,0,0.7777850967476326,polyacrylamide (PAM),chaotropic polymer-water disruption,0.0,0.766822262118492,polyacrylamide (PAM),chaotropic polymer-water disruption,both,False
C78B8F896F7|C7B823B5BB0,1,0.682420749279539,polyacrylamide (PAM),poly(vinyl alcohol) (PVA),1.0,0.6774192100538599,polyacrylamide (PAM),poly(vinyl alcohol) (PVA),both,False
C78B8F896F7|C8863595B3A,0,0.4149320708110333,polyacrylamide (PAM),temperature-dependent electrode potential,0.0,0.4174955116696588,polyacrylamide (PAM),temperature-dependent electrode potential,both,False
C78B8F896F7|C893D3D6E7B,0,0.2413050638122684,polyacrylamide (PAM),iron electrode,0.0,0.2507271095152603,polyacrylamide (PAM),iron electrode,both,False
C78B8F896F7|C8AD5B453CC,0,0.5616303005351997,polyacrylamide (PAM),ion diffusion,0.0,0.5603007181328545,polyacrylamide (PAM),ion diffusion,both,False
C78B8F896F7|C9642D16DCA,0,0.7971016879374228,polyacrylamide (PAM),graphene oxide,0.0,0.7946903052064633,polyacrylamide (PAM),graphene oxide,both,False
C78B8F896F7|C97F8E13D1A,0,0.5661753808151503,polyacrylamide (PAM),thermally regenerative electrochemical cycle,0.0,0.5624820466786354,polyacrylamide (PAM),thermally regenerative electrochemical cycle,both,False
C78B8F896F7|C9B6878E079,0,0.7068587896253602,polyacrylamide (PAM),photothermal-thermoelectric coupling,0.0,0.6958886894075403,polyacrylamide (PAM),photothermal-thermoelectric coupling,both,False
C78B8F896F7|CA6C42A1D77,1,0.6737258130918073,ferri/ferrocyanide family,polyacrylamide (PAM),1.0,0.8316472172351886,polyacrylamide (PAM),ferri/ferrocyanide family,both,False
C78B8F896F7|CA8C62A4868,1,0.7395142033758748,polyacrylamide (PAM),redox reaction entropy,1.0,0.734088868940754,polyacrylamide (PAM),redox reaction entropy,both,False
C78B8F896F7|CAAB7628B33,0,0.2924372169617126,polyacrylamide (PAM),[C2mim],0.0,0.3020287253141831,polyacrylamide (PAM),[C2mim],both,False
C78B8F896F7|CB56BB4DDB0,0,0.7528571428571428,polyacrylamide (PAM),carbon-electrode redox interface,0.0,0.7510457809694793,polyacrylamide (PAM),carbon-electrode redox interface,both,False
C78B8F896F7|CBB2D87901B,0,0.2590901605599012,polyacrylamide (PAM),Li2CrO4,0.0,0.2679084380610412,polyacrylamide (PAM),Li2CrO4,both,False
C78B8F896F7|CC028ABF9C6,0,0.7486537669822972,polyacrylamide (PAM),anti-freezing organohydrogel design,0.0,0.7424506283662476,polyacrylamide (PAM),anti-freezing organohydrogel design,both,False
C78B8F896F7|CC506F97717,0,0.2537916838205022,polyacrylamide (PAM),CO3,0.0,0.2613420107719928,polyacrylamide (PAM),CO3,both,False
C78B8F896F7|CC5968B917E,0,0.4635158501440922,polyacrylamide (PAM),convection and mass transport,0.0,0.4676750448833034,polyacrylamide (PAM),convection and mass transport,both,False
C78B8F896F7|CCAABE058E7,1,0.7809757101687935,polyacrylamide (PAM),ferri/ferrocyanide redox chemistry,1.0,0.780273788150808,polyacrylamide (PAM),ferri/ferrocyanide redox chemistry,both,False
C78B8F896F7|CD0FD071A10,0,0.781119802387814,polyacrylamide (PAM),carbon cloth,0.0,0.7753141831238779,polyacrylamide (PAM),carbon cloth,both,False
C78B8F896F7|CD3462DB8FF,0,0.6342568958419101,polyacrylamide (PAM),CuSO4,0.0,0.6318716337522442,polyacrylamide (PAM),CuSO4,both,False
C78B8F896F7|CD486BA800F,0,0.2923631123919308,polyacrylamide (PAM),host-guest complexation,0.0,0.3034021543985637,polyacrylamide (PAM),host-guest complexation,both,False
C78B8F896F7|CDAC0413DCA,0,0.7812680115273775,gelatin-based polymer family,polyacrylamide (PAM),0.0,0.7705655296229803,polyacrylamide (PAM),gelatin-based polymer family,both,False
C78B8F896F7|CE2D00B183C,1,0.4081020996294771,polyacrylamide (PAM),redox-kinetics enhancement,1.0,0.4174910233393177,polyacrylamide (PAM),redox-kinetics enhancement,both,False
C78B8F896F7|CE4B0E242E7,0,0.4671757925072046,polyacrylamide (PAM),interfacial charge transfer,0.0,0.4729443447037702,polyacrylamide (PAM),interfacial charge transfer,both,False
C78B8F896F7|CE6FC512ED2,1,0.663227665706052,polyacrylamide (PAM),dynamic crosslinked gel network,1.0,0.643379712746858,polyacrylamide (PAM),dynamic crosslinked gel network,both,False
C78B8F896F7|CEA29EF1A99,0,0.5817414573898724,polyacrylamide (PAM),thermal-gradient heat-transfer control,0.0,0.5733572710951526,polyacrylamide (PAM),thermal-gradient heat-transfer control,both,False
C78B8F896F7|CEA9836CD32,0,0.4636805269658295,polyacrylamide (PAM),molten salt,0.0,0.4704084380610412,polyacrylamide (PAM),molten salt,both,False
C78B8F896F7|CEBF8E29E0A,0,0.2687237546315356,polyacrylamide (PAM),LiNO3,0.0,0.2775493716337522,polyacrylamide (PAM),LiNO3,both,False
C78B8F896F7|CF203EF8121,0,0.5690819267188144,polyacrylamide (PAM),Eastman entropy of transfer,0.0,0.5680969479353681,polyacrylamide (PAM),Eastman entropy of transfer,both,False
C78B8F896F7|CF2C5201A37,0,0.5754384520378757,polyacrylamide (PAM),porous-electrode area enhancement,0.0,0.5726346499102333,polyacrylamide (PAM),porous-electrode area enhancement,both,False
C78B8F896F7|CFAFB569EDB,0,0.2896706463565253,polyacrylamide (PAM),lithium bromide (LiBr),0.0,0.2985547576301615,polyacrylamide (PAM),lithium bromide (LiBr),both,False
C78D65254F9|C7932B1CE8C,1,0.8204075751338,phase transition,chaotropic polymer-water disruption,1.0,0.8193357271095152,phase transition,chaotropic polymer-water disruption,both,False
C78D65254F9|C7B823B5BB0,1,0.7570769864141622,phase transition,poly(vinyl alcohol) (PVA),1.0,0.7953680430879712,phase transition,poly(vinyl alcohol) (PVA),both,False
C78D65254F9|C84C6A613D4,1,0.7278797859201318,phase transition,cellulose nanofiber scaffold,1.0,0.7198967684021543,phase transition,cellulose nanofiber scaffold,both,False
C78D65254F9|C8863595B3A,0,0.4602799505969535,phase transition,temperature-dependent electrode potential,0.0,0.4657899461400359,phase transition,temperature-dependent electrode potential,both,False
C78D65254F9|C893D3D6E7B,0,0.2194812680115273,phase transition,iron electrode,0.0,0.2258482944344703,phase transition,iron electrode,both,False
C78D65254F9|C8AD5B453CC,1,0.3022972416632359,phase transition,ion diffusion,1.0,0.3089317773788151,phase transition,ion diffusion,both,False
C78D65254F9|C95D66F92B2,0,0.834825030876904,phase transition,carbon nanotube family,0.0,0.8141382405745062,phase transition,carbon nanotube family,both,False
C78D65254F9|C9642D16DCA,1,0.734331000411692,phase transition,graphene oxide,1.0,0.7274416517055654,phase transition,graphene oxide,both,False
C78D65254F9|C97F8E13D1A,0,0.6138205022643063,phase transition,thermally regenerative electrochemical cycle,0.0,0.680834829443447,phase transition,thermally regenerative electrochemical cycle,both,False
C78D65254F9|C9B6878E079,1,0.5271757925072046,phase transition,photothermal-thermoelectric coupling,1.0,0.5306597845601436,phase transition,photothermal-thermoelectric coupling,both,False
C78D65254F9|CA6C42A1D77,0,0.7265212021407985,ferri/ferrocyanide family,phase transition,,,,,left_only,False
C78D65254F9|CA8C62A4868,1,0.8706628242074926,phase transition,redox reaction entropy,1.0,0.871108617594255,phase transition,redox reaction entropy,both,False
C78D65254F9|CAAB7628B33,0,0.2796788801976121,phase transition,[C2mim],0.0,0.287894973070018,phase transition,[C2mim],both,False
C78D65254F9|CB56BB4DDB0,1,0.8204981473857552,phase transition,carbon-electrode redox interface,1.0,0.820359066427289,phase transition,carbon-electrode redox interface,both,False
C78D65254F9|CBB2D87901B,0,0.2559160148209139,phase transition,Li2CrO4,0.0,0.264088868940754,phase transition,Li2CrO4,both,False
C78D65254F9|CC506F97717,0,0.2523795800741046,phase transition,CO3,0.0,0.2587657091561939,phase transition,CO3,both,False
C78D65254F9|CC5968B917E,0,0.7732564841498558,phase transition,convection and mass transport,0.0,0.770794434470377,phase transition,convection and mass transport,both,False
C78D65254F9|CD0FD071A10,1,0.7372210786331823,phase transition,carbon cloth,1.0,0.7309964093357271,phase transition,carbon cloth,both,False
C78D65254F9|CD3462DB8FF,0,0.6903375874845616,phase transition,CuSO4,0.0,0.679412028725314,phase transition,CuSO4,both,False
C78D65254F9|CDAC0413DCA,1,0.8687978592013172,gelatin-based polymer family,phase transition,1.0,0.7833438061041292,phase transition,gelatin-based polymer family,both,False
C78D65254F9|CE2D00B183C,1,0.529818855496089,phase transition,redox-kinetics enhancement,1.0,0.6034874326750449,phase transition,redox-kinetics enhancement,both,False
C78D65254F9|CE4B0E242E7,0,0.7405310827501028,phase transition,interfacial charge transfer,0.0,0.7350359066427288,phase transition,interfacial charge transfer,both,False
C78D65254F9|CE6FC512ED2,0,0.59712227254014,phase transition,dynamic crosslinked gel network,0.0,0.5911579892280071,phase transition,dynamic crosslinked gel network,both,False
C78D65254F9|CEA9836CD32,0,0.4893083573487032,phase transition,molten salt,0.0,0.4957809694793537,phase transition,molten salt,both,False
C78D65254F9|CEBF8E29E0A,0,0.252013174145739,phase transition,LiNO3,0.0,0.2601570915619389,phase transition,LiNO3,both,False
C78D65254F9|CF203EF8121,0,0.5713915191436805,phase transition,Eastman entropy of transfer,0.0,0.6477603231597846,phase transition,Eastman entropy of transfer,both,False
C78D65254F9|CF2C5201A37,1,0.7147138740222314,phase transition,porous-electrode area enhancement,1.0,0.7097441651705565,phase transition,porous-electrode area enhancement,both,False
C78D65254F9|CFAFB569EDB,0,0.2813585837793331,phase transition,lithium bromide (LiBr),0.0,0.289564631956912,phase transition,lithium bromide (LiBr),both,False
C78D65254F9|CFBB5A400A1,1,0.5703540551667352,phase transition,cation-anion thermodiffusion asymmetry,1.0,0.5745556552962298,phase transition,cation-anion thermodiffusion asymmetry,both,False
C7932B1CE8C|C84C6A613D4,0,0.8303499382461919,chaotropic polymer-water disruption,cellulose nanofiber scaffold,0.0,0.82258078994614,chaotropic polymer-water disruption,cellulose nanofiber scaffold,both,False
C7932B1CE8C|C8863595B3A,0,0.4559036640592836,chaotropic polymer-water disruption,temperature-dependent electrode potential,0.0,0.4605341113105924,chaotropic polymer-water disruption,temperature-dependent electrode potential,both,False
C7932B1CE8C|C893D3D6E7B,0,0.231358583779333,chaotropic polymer-water disruption,iron electrode,0.0,0.238137342908438,chaotropic polymer-water disruption,iron electrode,both,False
C7932B1CE8C|C8AD5B453CC,0,0.5043762865376697,chaotropic polymer-water disruption,ion diffusion,0.0,0.5080924596050269,chaotropic polymer-water disruption,ion diffusion,both,False
C7932B1CE8C|C95D66F92B2,0,0.8057225195553724,chaotropic polymer-water disruption,carbon nanotube family,0.0,0.769649910233393,chaotropic polymer-water disruption,carbon nanotube family,both,False
C7932B1CE8C|C9642D16DCA,0,0.7234829147797447,chaotropic polymer-water disruption,graphene oxide,0.0,0.714807001795332,chaotropic polymer-water disruption,graphene oxide,both,False
C7932B1CE8C|C97F8E13D1A,0,0.5884355701934952,chaotropic polymer-water disruption,thermally regenerative electrochemical cycle,0.0,0.6541472172351885,chaotropic polymer-water disruption,thermally regenerative electrochemical cycle,both,False
C7932B1CE8C|C9B6878E079,0,0.7915685467270483,chaotropic polymer-water disruption,photothermal-thermoelectric coupling,0.0,0.7841921005385996,chaotropic polymer-water disruption,photothermal-thermoelectric coupling,both,False
C7932B1CE8C|CA6C42A1D77,0,0.7998806093042405,ferri/ferrocyanide family,chaotropic polymer-water disruption,,,,,left_only,False
C7932B1CE8C|CAAB7628B33,0,0.2896788801976122,chaotropic polymer-water disruption,[C2mim],0.0,0.2990260323159784,chaotropic polymer-water disruption,[C2mim],both,False
C7932B1CE8C|CB56BB4DDB0,0,0.8128242074927953,chaotropic polymer-water disruption,carbon-electrode redox interface,0.0,0.8113509874326751,chaotropic polymer-water disruption,carbon-electrode redox interface,both,False
C7932B1CE8C|CBB2D87901B,0,0.2431412103746397,chaotropic polymer-water disruption,Li2CrO4,0.0,0.2500673249551167,chaotropic polymer-water disruption,Li2CrO4,both,False
C7932B1CE8C|CC506F97717,0,0.2215726636475916,chaotropic polymer-water disruption,CO3,0.0,0.2267953321364452,chaotropic polymer-water disruption,CO3,both,False
C7932B1CE8C|CC5968B917E,0,0.6666035405516674,chaotropic polymer-water disruption,convection and mass transport,0.0,0.6541472172351885,chaotropic polymer-water disruption,convection and mass transport,both,False
C7932B1CE8C|CD0FD071A10,0,0.759621243310004,chaotropic polymer-water disruption,carbon cloth,0.0,0.752939856373429,chaotropic polymer-water disruption,carbon cloth,both,False
C7932B1CE8C|CD3462DB8FF,0,0.7278056813503498,chaotropic polymer-water disruption,CuSO4,0.0,0.7159919210053859,chaotropic polymer-water disruption,CuSO4,both,False
C7932B1CE8C|CD486BA800F,0,0.7286743515850145,chaotropic polymer-water disruption,host-guest complexation,0.0,0.7184335727109515,chaotropic polymer-water disruption,host-guest complexation,both,False
C7932B1CE8C|CE2D00B183C,1,0.5601729106628243,chaotropic polymer-water disruption,redox-kinetics enhancement,1.0,0.634088868940754,chaotropic polymer-water disruption,redox-kinetics enhancement,both,False
C7932B1CE8C|CE4B0E242E7,1,0.7680938657883902,chaotropic polymer-water disruption,interfacial charge transfer,1.0,0.7639407540394972,chaotropic polymer-water disruption,interfacial charge transfer,both,False
C7932B1CE8C|CE6FC512ED2,0,0.8746397694524495,chaotropic polymer-water disruption,dynamic crosslinked gel network,0.0,0.8623967684021544,chaotropic polymer-water disruption,dynamic crosslinked gel network,both,False
C7932B1CE8C|CEA29EF1A99,1,0.7264347468093866,chaotropic polymer-water disruption,thermal-gradient heat-transfer control,1.0,0.717342908438061,chaotropic polymer-water disruption,thermal-gradient heat-transfer control,both,False
C7932B1CE8C|CEA9836CD32,0,0.6261506792918897,chaotropic polymer-water disruption,molten salt,0.0,0.6220511669658886,chaotropic polymer-water disruption,molten salt,both,False
C7932B1CE8C|CEBF8E29E0A,0,0.2512433100041169,chaotropic polymer-water disruption,LiNO3,0.0,0.2587387791741472,chaotropic polymer-water disruption,LiNO3,both,False
C7932B1CE8C|CF203EF8121,0,0.727958007410457,chaotropic polymer-water disruption,Eastman entropy of transfer,0.0,0.765318671454219,chaotropic polymer-water disruption,Eastman entropy of transfer,both,False
C7932B1CE8C|CF2C5201A37,0,0.7416961712638945,chaotropic polymer-water disruption,porous-electrode area enhancement,0.0,0.7353276481149013,chaotropic polymer-water disruption,porous-electrode area enhancement,both,False
C7932B1CE8C|CFAFB569EDB,0,0.2843927542198435,chaotropic polymer-water disruption,lithium bromide (LiBr),0.0,0.2926166965888689,chaotropic polymer-water disruption,lithium bromide (LiBr),both,False
C7932B1CE8C|CFBB5A400A1,0,0.6920461095100865,chaotropic polymer-water disruption,cation-anion thermodiffusion asymmetry,0.0,0.6807675044883302,chaotropic polymer-water disruption,cation-anion thermodiffusion asymmetry,both,False
C7B823B5BB0|C84C6A613D4,1,0.6575710168793742,poly(vinyl alcohol) (PVA),cellulose nanofiber scaffold,1.0,0.6503276481149012,poly(vinyl alcohol) (PVA),cellulose nanofiber scaffold,both,False
C7B823B5BB0|C8863595B3A,0,0.4173528200905722,poly(vinyl alcohol) (PVA),temperature-dependent electrode potential,0.0,0.4207809694793536,poly(vinyl alcohol) (PVA),temperature-dependent electrode potential,both,False
C7B823B5BB0|C893D3D6E7B,0,0.2539275421984355,poly(vinyl alcohol) (PVA),iron electrode,0.0,0.2641921005385996,poly(vinyl alcohol) (PVA),iron electrode,both,False
C7B823B5BB0|C8AD5B453CC,0,0.2318032111980238,poly(vinyl alcohol) (PVA),ion diffusion,0.0,0.2397262118491921,poly(vinyl alcohol) (PVA),ion diffusion,both,False
C7B823B5BB0|C95D66F92B2,1,0.8583326471799094,poly(vinyl alcohol) (PVA),carbon nanotube family,1.0,0.8746543985637343,poly(vinyl alcohol) (PVA),carbon nanotube family,both,False
C7B823B5BB0|C9642D16DCA,0,0.7242815973651707,poly(vinyl alcohol) (PVA),graphene oxide,0.0,0.7706552962298024,poly(vinyl alcohol) (PVA),graphene oxide,both,False
C7B823B5BB0|C97F8E13D1A,0,0.5644215726636476,poly(vinyl alcohol) (PVA),thermally regenerative electrochemical cycle,0.0,0.6351122082585278,poly(vinyl alcohol) (PVA),thermally regenerative electrochemical cycle,both,False
C7B823B5BB0|CA6C42A1D77,1,0.5567641004528613,ferri/ferrocyanide family,poly(vinyl alcohol) (PVA),,,,,left_only,False
C7B823B5BB0|CA8C62A4868,1,0.6692630712227254,poly(vinyl alcohol) (PVA),redox reaction entropy,1.0,0.7138105924596049,poly(vinyl alcohol) (PVA),redox reaction entropy,both,False
C7B823B5BB0|CAAB7628B33,0,0.3023672293124743,poly(vinyl alcohol) (PVA),[C2mim],0.0,0.3129084380610413,poly(vinyl alcohol) (PVA),[C2mim],both,False
C7B823B5BB0|CB56BB4DDB0,1,0.6672663647591602,poly(vinyl alcohol) (PVA),carbon-electrode redox interface,1.0,0.7152692998204667,poly(vinyl alcohol) (PVA),carbon-electrode redox interface,both,False
C7B823B5BB0|CBB2D87901B,0,0.2724536846438863,poly(vinyl alcohol) (PVA),Li2CrO4,0.0,0.282423698384201,poly(vinyl alcohol) (PVA),Li2CrO4,both,False
C7B823B5BB0|CC506F97717,0,0.2705640181144504,poly(vinyl alcohol) (PVA),CO3,0.0,0.2786849192100539,poly(vinyl alcohol) (PVA),CO3,both,False
C7B823B5BB0|CC5968B917E,0,0.555850144092219,poly(vinyl alcohol) (PVA),convection and mass transport,0.0,0.6235053859964093,poly(vinyl alcohol) (PVA),convection and mass transport,both,False
C7B823B5BB0|CD0FD071A10,1,0.73411280362289,poly(vinyl alcohol) (PVA),carbon cloth,1.0,0.7815350089766606,poly(vinyl alcohol) (PVA),carbon cloth,both,False
C7B823B5BB0|CD3462DB8FF,1,0.6296624125154384,poly(vinyl alcohol) (PVA),CuSO4,1.0,0.7009739676840216,poly(vinyl alcohol) (PVA),CuSO4,both,False
C7B823B5BB0|CD486BA800F,0,0.2949567723342939,poly(vinyl alcohol) (PVA),host-guest complexation,0.0,0.3080610412926391,poly(vinyl alcohol) (PVA),host-guest complexation,both,False
C7B823B5BB0|CE2D00B183C,1,0.506932894195142,poly(vinyl alcohol) (PVA),redox-kinetics enhancement,1.0,0.5817773788150808,poly(vinyl alcohol) (PVA),redox-kinetics enhancement,both,False
C7B823B5BB0|CE4B0E242E7,1,0.662231370934541,poly(vinyl alcohol) (PVA),interfacial charge transfer,1.0,0.711193895870736,poly(vinyl alcohol) (PVA),interfacial charge transfer,both,False
C7B823B5BB0|CEA29EF1A99,0,0.6633182379580074,poly(vinyl alcohol) (PVA),thermal-gradient heat-transfer control,0.0,0.7101211849192101,poly(vinyl alcohol) (PVA),thermal-gradient heat-transfer control,both,False
C7B823B5BB0|CEA9836CD32,0,0.4742774804446274,poly(vinyl alcohol) (PVA),molten salt,0.0,0.4828231597845601,poly(vinyl alcohol) (PVA),molten salt,both,False
C7B823B5BB0|CEBF8E29E0A,0,0.2738863729930012,poly(vinyl alcohol) (PVA),LiNO3,0.0,0.283770197486535,poly(vinyl alcohol) (PVA),LiNO3,both,False
C7B823B5BB0|CF203EF8121,0,0.5458624948538493,poly(vinyl alcohol) (PVA),Eastman entropy of transfer,0.0,0.623491921005386,poly(vinyl alcohol) (PVA),Eastman entropy of transfer,both,False
C7B823B5BB0|CF2C5201A37,0,0.6611650885137917,poly(vinyl alcohol) (PVA),porous-electrode area enhancement,0.0,0.711472172351885,poly(vinyl alcohol) (PVA),porous-electrode area enhancement,both,False
C7B823B5BB0|CFAFB569EDB,0,0.3037011115685467,poly(vinyl alcohol) (PVA),lithium bromide (LiBr),0.0,0.3158976660682226,poly(vinyl alcohol) (PVA),lithium bromide (LiBr),both,False
C7B823B5BB0|CFBB5A400A1,0,0.4940181144503911,poly(vinyl alcohol) (PVA),cation-anion thermodiffusion asymmetry,0.0,0.5020601436265709,poly(vinyl alcohol) (PVA),cation-anion thermodiffusion asymmetry,both,False
C84C6A613D4|C8863595B3A,0,0.2302511321531494,cellulose nanofiber scaffold,temperature-dependent electrode potential,0.0,0.2387746858168761,cellulose nanofiber scaffold,temperature-dependent electrode potential,both,False
C84C6A613D4|C893D3D6E7B,0,0.2148744339234253,cellulose nanofiber scaffold,iron electrode,0.0,0.2244434470377019,cellulose nanofiber scaffold,iron electrode,both,False
C84C6A613D4|C8AD5B453CC,0,0.224985590778098,cellulose nanofiber scaffold,ion diffusion,0.0,0.2317549371633752,cellulose nanofiber scaffold,ion diffusion,both,False
C84C6A613D4|C9642D16DCA,1,0.6114079868258543,cellulose nanofiber scaffold,graphene oxide,1.0,0.6002558348294434,cellulose nanofiber scaffold,graphene oxide,both,False
C84C6A613D4|C97F8E13D1A,0,0.5,cellulose nanofiber scaffold,thermally regenerative electrochemical cycle,0.0,0.5050269299820467,cellulose nanofiber scaffold,thermally regenerative electrochemical cycle,both,False
C84C6A613D4|CA6C42A1D77,1,0.804215726636476,ferri/ferrocyanide family,cellulose nanofiber scaffold,1.0,0.8130116696588868,cellulose nanofiber scaffold,ferri/ferrocyanide family,both,False
C84C6A613D4|CAAB7628B33,0,0.1938534376286537,cellulose nanofiber scaffold,[C2mim],0.0,0.2022800718132854,cellulose nanofiber scaffold,[C2mim],both,False
C84C6A613D4|CB56BB4DDB0,0,0.7725936599423631,cellulose nanofiber scaffold,carbon-electrode redox interface,0.0,0.7674057450628365,cellulose nanofiber scaffold,carbon-electrode redox interface,both,False
C84C6A613D4|CBA7A0F0CA3,1,0.8322931247426925,cellulose nanofiber scaffold,thermogalvanic redox conversion,1.0,0.8327109515260323,cellulose nanofiber scaffold,thermogalvanic redox conversion,both,False
C84C6A613D4|CBB2D87901B,0,0.1902223137093454,cellulose nanofiber scaffold,Li2CrO4,0.0,0.1991831238779174,cellulose nanofiber scaffold,Li2CrO4,both,False
C84C6A613D4|CC028ABF9C6,1,0.6979538904899136,cellulose nanofiber scaffold,anti-freezing organohydrogel design,1.0,0.6886714542190304,cellulose nanofiber scaffold,anti-freezing organohydrogel design,both,False
C84C6A613D4|CC506F97717,0,0.1760312885961301,cellulose nanofiber scaffold,CO3,0.0,0.1828141831238779,cellulose nanofiber scaffold,CO3,both,False
C84C6A613D4|CC5968B917E,0,0.2831823795800741,cellulose nanofiber scaffold,convection and mass transport,0.0,0.2892504488330341,cellulose nanofiber scaffold,convection and mass transport,both,False
C84C6A613D4|CCAABE058E7,1,0.803058871963771,cellulose nanofiber scaffold,ferri/ferrocyanide redox chemistry,1.0,0.8024640933572711,cellulose nanofiber scaffold,ferri/ferrocyanide redox chemistry,both,False
C84C6A613D4|CD0FD071A10,0,0.647151090983944,cellulose nanofiber scaffold,carbon cloth,0.0,0.636072710951526,cellulose nanofiber scaffold,carbon cloth,both,False
C84C6A613D4|CD3462DB8FF,0,0.5686002470152326,cellulose nanofiber scaffold,CuSO4,0.0,0.5594838420107721,cellulose nanofiber scaffold,CuSO4,both,False
C84C6A613D4|CD486BA800F,0,0.6785714285714285,cellulose nanofiber scaffold,host-guest complexation,0.0,0.6758572710951525,cellulose nanofiber scaffold,host-guest complexation,both,False
C84C6A613D4|CDAC0413DCA,0,0.704730341704405,gelatin-based polymer family,cellulose nanofiber scaffold,0.0,0.6937073608617594,cellulose nanofiber scaffold,gelatin-based polymer family,both,False
C84C6A613D4|CE2D00B183C,0,0.2399711815561959,cellulose nanofiber scaffold,redox-kinetics enhancement,0.0,0.2543357271095152,cellulose nanofiber scaffold,redox-kinetics enhancement,both,False
C84C6A613D4|CE4B0E242E7,0,0.5839151914368054,cellulose nanofiber scaffold,interfacial charge transfer,0.0,0.5733527827648115,cellulose nanofiber scaffold,interfacial charge transfer,both,False
C84C6A613D4|CE6FC512ED2,1,0.6836805269658296,cellulose nanofiber scaffold,dynamic crosslinked gel network,1.0,0.6587298025134649,cellulose nanofiber scaffold,dynamic crosslinked gel network,both,False
C84C6A613D4|CEA29EF1A99,1,0.4936064223960477,cellulose nanofiber scaffold,thermal-gradient heat-transfer control,1.0,0.4920421903052064,cellulose nanofiber scaffold,thermal-gradient heat-transfer control,both,False
C84C6A613D4|CEA9836CD32,0,0.4608151502675998,cellulose nanofiber scaffold,molten salt,0.0,0.4624910233393177,cellulose nanofiber scaffold,molten salt,both,False
C84C6A613D4|CEBF8E29E0A,0,0.1783161794977357,cellulose nanofiber scaffold,LiNO3,0.0,0.1865798922800718,cellulose nanofiber scaffold,LiNO3,both,False
C84C6A613D4|CF203EF8121,0,0.4174639769452449,cellulose nanofiber scaffold,Eastman entropy of transfer,0.0,0.421826750448833,cellulose nanofiber scaffold,Eastman entropy of transfer,both,False
C84C6A613D4|CF2C5201A37,0,0.5207245780156443,cellulose nanofiber scaffold,porous-electrode area enhancement,0.0,0.5259245960502693,cellulose nanofiber scaffold,porous-electrode area enhancement,both,False
C84C6A613D4|CFAFB569EDB,1,0.2070193495265541,cellulose nanofiber scaffold,lithium bromide (LiBr),1.0,0.215556552962298,cellulose nanofiber scaffold,lithium bromide (LiBr),both,False
C84C6A613D4|CFBB5A400A1,1,0.588822560724578,cellulose nanofiber scaffold,cation-anion thermodiffusion asymmetry,1.0,0.57508078994614,cellulose nanofiber scaffold,cation-anion thermodiffusion asymmetry,both,False
C872881EC3C|C8863595B3A,0,0.5376533552902429,gel-confined redox transport,temperature-dependent electrode potential,0.0,0.5416247755834829,gel-confined redox transport,temperature-dependent electrode potential,both,False
C872881EC3C|C893D3D6E7B,0,0.3104322766570605,gel-confined redox transport,iron electrode,0.0,0.3161355475763016,gel-confined redox transport,iron electrode,both,False
C872881EC3C|C8AD5B453CC,1,0.3712515438452038,gel-confined redox transport,ion diffusion,1.0,0.3753770197486534,gel-confined redox transport,ion diffusion,both,False
C872881EC3C|C97F8E13D1A,0,0.7415520790448744,gel-confined redox transport,thermally regenerative electrochemical cycle,0.0,0.7889272890484739,gel-confined redox transport,thermally regenerative electrochemical cycle,both,False
C872881EC3C|C9B6878E079,1,0.8840881020996294,gel-confined redox transport,photothermal-thermoelectric coupling,1.0,0.8854129263913822,gel-confined redox transport,photothermal-thermoelectric coupling,both,False
C872881EC3C|CA6C42A1D77,1,0.8078262659530671,ferri/ferrocyanide family,gel-confined redox transport,,,,,left_only,False
C872881EC3C|CA8C62A4868,1,0.8988102099629476,gel-confined redox transport,redox reaction entropy,1.0,0.898258527827648,gel-confined redox transport,redox reaction entropy,both,False
C872881EC3C|CAAB7628B33,0,0.3058624948538493,gel-confined redox transport,[C2mim],0.0,0.310399461400359,gel-confined redox transport,[C2mim],both,False
C872881EC3C|CBB2D87901B,0,0.2799752984767394,gel-confined redox transport,Li2CrO4,0.0,0.2850583482944345,gel-confined redox transport,Li2CrO4,both,False
C872881EC3C|CC506F97717,0,0.2294648003293536,gel-confined redox transport,CO3,0.0,0.2329667863554757,gel-confined redox transport,CO3,both,False
C872881EC3C|CC5968B917E,0,0.8002428983120626,gel-confined redox transport,convection and mass transport,0.0,0.7933707360861759,gel-confined redox transport,convection and mass transport,both,False
C872881EC3C|CD3462DB8FF,1,0.7436764100452861,gel-confined redox transport,CuSO4,1.0,0.7333123877917415,gel-confined redox transport,CuSO4,both,False
C872881EC3C|CD486BA800F,0,0.7391025113215313,gel-confined redox transport,host-guest complexation,0.0,0.7278680430879714,gel-confined redox transport,host-guest complexation,both,False
C872881EC3C|CE2D00B183C,1,0.7504405104981473,gel-confined redox transport,redox-kinetics enhancement,1.0,0.8037163375224416,gel-confined redox transport,redox-kinetics enhancement,both,False
C872881EC3C|CE4B0E242E7,1,0.8627995059695347,gel-confined redox transport,interfacial charge transfer,1.0,0.8625897666068222,gel-confined redox transport,interfacial charge transfer,both,False
C872881EC3C|CEA29EF1A99,1,0.8460436393577604,gel-confined redox transport,thermal-gradient heat-transfer control,1.0,0.8441337522441651,gel-confined redox transport,thermal-gradient heat-transfer control,both,False
C872881EC3C|CEA9836CD32,0,0.5229024289831206,gel-confined redox transport,molten salt,0.0,0.5258258527827647,gel-confined redox transport,molten salt,both,False
C872881EC3C|CEBF8E29E0A,0,0.2538904899135447,gel-confined redox transport,LiNO3,0.0,0.2580745062836624,gel-confined redox transport,LiNO3,both,False
C872881EC3C|CF203EF8121,0,0.6780897488678468,gel-confined redox transport,Eastman entropy of transfer,0.0,0.7336983842010772,gel-confined redox transport,Eastman entropy of transfer,both,False
C872881EC3C|CF2C5201A37,1,0.8823013585837791,gel-confined redox transport,porous-electrode area enhancement,1.0,0.8835861759425494,gel-confined redox transport,porous-electrode area enhancement,both,False
C872881EC3C|CFAFB569EDB,1,0.3106545903664059,gel-confined redox transport,lithium bromide (LiBr),1.0,0.3156508078994614,gel-confined redox transport,lithium bromide (LiBr),both,False
C872881EC3C|CFBB5A400A1,1,0.7624701523260601,gel-confined redox transport,cation-anion thermodiffusion asymmetry,1.0,0.751745960502693,gel-confined redox transport,cation-anion thermodiffusion asymmetry,both,False
C8863595B3A|C893D3D6E7B,0,0.2422848909016056,temperature-dependent electrode potential,iron electrode,0.0,0.2496678635547576,temperature-dependent electrode potential,iron electrode,both,False
C8863595B3A|C8AD5B453CC,0,0.2587813915191437,temperature-dependent electrode potential,ion diffusion,0.0,0.2673743267504488,temperature-dependent electrode potential,ion diffusion,both,False
C8863595B3A|C95D66F92B2,0,0.5510127624536846,temperature-dependent electrode potential,carbon nanotube family,0.0,0.5386400359066427,temperature-dependent electrode potential,carbon nanotube family,both,False
C8863595B3A|C9642D16DCA,0,0.4209468917249896,temperature-dependent electrode potential,graphene oxide,0.0,0.4251122082585278,temperature-dependent electrode potential,graphene oxide,both,False
C8863595B3A|C9B6878E079,0,0.5395471387402223,temperature-dependent electrode potential,photothermal-thermoelectric coupling,0.0,0.5415709156193895,temperature-dependent electrode potential,photothermal-thermoelectric coupling,both,False
C8863595B3A|CA6C42A1D77,0,0.4664594483326472,ferri/ferrocyanide family,temperature-dependent electrode potential,0.0,0.6033482944344704,temperature-dependent electrode potential,ferri/ferrocyanide family,both,False
C8863595B3A|CA8C62A4868,0,0.523960477562783,temperature-dependent electrode potential,redox reaction entropy,0.0,0.5318222621184918,temperature-dependent electrode potential,redox reaction entropy,both,False
C8863595B3A|CAAB7628B33,0,0.1845821325648414,temperature-dependent electrode potential,[C2mim],0.0,0.1927917414721723,temperature-dependent electrode potential,[C2mim],both,False
C8863595B3A|CB56BB4DDB0,0,0.5182585426101276,temperature-dependent electrode potential,carbon-electrode redox interface,0.0,0.5246768402154398,temperature-dependent electrode potential,carbon-electrode redox interface,both,False
C8863595B3A|CBB2D87901B,0,0.1776904075751337,temperature-dependent electrode potential,Li2CrO4,0.0,0.1860053859964093,temperature-dependent electrode potential,Li2CrO4,both,False
C8863595B3A|CC028ABF9C6,0,0.5225524907369288,temperature-dependent electrode potential,anti-freezing organohydrogel design,0.0,0.5280251346499102,temperature-dependent electrode potential,anti-freezing organohydrogel design,both,False
C8863595B3A|CC506F97717,0,0.1730794565664882,temperature-dependent electrode potential,CO3,0.0,0.1806552962298025,temperature-dependent electrode potential,CO3,both,False
C8863595B3A|CC5968B917E,0,0.4541086867023466,temperature-dependent electrode potential,convection and mass transport,0.0,0.4606104129263914,temperature-dependent electrode potential,convection and mass transport,both,False
C8863595B3A|CCAABE058E7,0,0.6504652120214078,temperature-dependent electrode potential,ferri/ferrocyanide redox chemistry,0.0,0.6440529622980251,temperature-dependent electrode potential,ferri/ferrocyanide redox chemistry,both,False
C8863595B3A|CD0FD071A10,0,0.4666200082338411,temperature-dependent electrode potential,carbon cloth,0.0,0.4707854578096948,temperature-dependent electrode potential,carbon cloth,both,False
C8863595B3A|CD3462DB8FF,0,0.4267023466447097,temperature-dependent electrode potential,CuSO4,0.0,0.4314138240574506,temperature-dependent electrode potential,CuSO4,both,False
C8863595B3A|CD486BA800F,0,0.2219061342116097,temperature-dependent electrode potential,host-guest complexation,0.0,0.2309515260323159,temperature-dependent electrode potential,host-guest complexation,both,False
C8863595B3A|CDAC0413DCA,0,0.4808027995059695,gelatin-based polymer family,temperature-dependent electrode potential,0.0,0.4735951526032315,temperature-dependent electrode potential,gelatin-based polymer family,both,False
C8863595B3A|CE2D00B183C,1,0.4803705228489089,temperature-dependent electrode potential,redox-kinetics enhancement,1.0,0.4809829443447037,temperature-dependent electrode potential,redox-kinetics enhancement,both,False
C8863595B3A|CE4B0E242E7,0,0.3033552902428983,temperature-dependent electrode potential,interfacial charge transfer,0.0,0.3126929982046678,temperature-dependent electrode potential,interfacial charge transfer,both,False
C8863595B3A|CE6FC512ED2,0,0.4535652531906134,temperature-dependent electrode potential,dynamic crosslinked gel network,0.0,0.4412746858168761,temperature-dependent electrode potential,dynamic crosslinked gel network,both,False
C8863595B3A|CEA29EF1A99,0,0.5448044462741869,temperature-dependent electrode potential,thermal-gradient heat-transfer control,0.0,0.5480834829443447,temperature-dependent electrode potential,thermal-gradient heat-transfer control,both,False
C8863595B3A|CEA9836CD32,0,0.471947303417044,temperature-dependent electrode potential,molten salt,0.0,0.4723384201077198,temperature-dependent electrode potential,molten salt,both,False
C8863595B3A|CEBF8E29E0A,0,0.1527912721284479,temperature-dependent electrode potential,LiNO3,0.0,0.1592908438061041,temperature-dependent electrode potential,LiNO3,both,False
C8863595B3A|CF203EF8121,0,0.4651790860436393,temperature-dependent electrode potential,Eastman entropy of transfer,0.0,0.462859066427289,temperature-dependent electrode potential,Eastman entropy of transfer,both,False
C8863595B3A|CF2C5201A37,0,0.6333676410045285,temperature-dependent electrode potential,porous-electrode area enhancement,0.0,0.6220691202872531,temperature-dependent electrode potential,porous-electrode area enhancement,both,False
C8863595B3A|CFAFB569EDB,0,0.168822560724578,temperature-dependent electrode potential,lithium bromide (LiBr),0.0,0.1762298025134649,temperature-dependent electrode potential,lithium bromide (LiBr),both,False
C8863595B3A|CFBB5A400A1,0,0.5295183202964183,temperature-dependent electrode potential,cation-anion thermodiffusion asymmetry,0.0,0.5314991023339317,temperature-dependent electrode potential,cation-anion thermodiffusion asymmetry,both,False
C893D3D6E7B|C8AD5B453CC,0,0.1873569370111157,iron electrode,ion diffusion,0.0,0.1957630161579892,iron electrode,ion diffusion,both,False
C893D3D6E7B|C95D66F92B2,0,0.2926842321943186,iron electrode,carbon nanotube family,0.0,0.2883482944344703,iron electrode,carbon nanotube family,both,False
C893D3D6E7B|C9642D16DCA,0,0.2508316179497735,iron electrode,graphene oxide,0.0,0.2566965888689407,iron electrode,graphene oxide,both,False
C893D3D6E7B|C97F8E13D1A,0,0.2568176204199259,iron electrode,thermally regenerative electrochemical cycle,0.0,0.2660233393177738,iron electrode,thermally regenerative electrochemical cycle,both,False
C893D3D6E7B|C9B6878E079,0,0.2366735282009057,iron electrode,photothermal-thermoelectric coupling,0.0,0.2457495511669658,iron electrode,photothermal-thermoelectric coupling,both,False
C893D3D6E7B|CA6C42A1D77,0,0.5673816385343763,ferri/ferrocyanide family,iron electrode,0.0,0.5901301615798923,iron electrode,ferri/ferrocyanide family,both,False
C893D3D6E7B|CA8C62A4868,0,0.4451914368052697,iron electrode,redox reaction entropy,0.0,0.4499461400359066,iron electrode,redox reaction entropy,both,False
C893D3D6E7B|CAAB7628B33,0,0.2112638946068341,iron electrode,[C2mim],0.0,0.2169524236983842,iron electrode,[C2mim],both,False
C893D3D6E7B|CB56BB4DDB0,0,0.2806298888431453,iron electrode,carbon-electrode redox interface,0.0,0.2884829443447038,iron electrode,carbon-electrode redox interface,both,False
C893D3D6E7B|CBA7A0F0CA3,0,0.5604857966241252,iron electrode,thermogalvanic redox conversion,0.0,0.5642504488330341,iron electrode,thermogalvanic redox conversion,both,False
C893D3D6E7B|CBB2D87901B,0,0.2181309180732811,iron electrode,Li2CrO4,0.0,0.2252737881508079,iron electrode,Li2CrO4,both,False
C893D3D6E7B|CC028ABF9C6,0,0.4398312062577192,iron electrode,anti-freezing organohydrogel design,0.0,0.4429982046678635,iron electrode,anti-freezing organohydrogel design,both,False
C893D3D6E7B|CC506F97717,0,0.2219555372581308,iron electrode,CO3,0.0,0.2283123877917414,iron electrode,CO3,both,False
C893D3D6E7B|CC5968B917E,0,0.1818731988472622,iron electrode,convection and mass transport,0.0,0.1898384201077199,iron electrode,convection and mass transport,both,False
C893D3D6E7B|CCAABE058E7,0,0.5776121860848086,iron electrode,ferri/ferrocyanide redox chemistry,0.0,0.57979802513465,iron electrode,ferri/ferrocyanide redox chemistry,both,False
C893D3D6E7B|CD0FD071A10,0,0.2646891724989707,iron electrode,carbon cloth,0.0,0.2702692998204667,iron electrode,carbon cloth,both,False
C893D3D6E7B|CD3462DB8FF,0,0.243495265541375,iron electrode,CuSO4,0.0,0.2514452423698384,iron electrode,CuSO4,both,False
C893D3D6E7B|CD486BA800F,0,0.1470399341292713,iron electrode,host-guest complexation,0.0,0.153451526032316,iron electrode,host-guest complexation,both,False
C893D3D6E7B|CDAC0413DCA,0,0.2890613421160972,gelatin-based polymer family,iron electrode,0.0,0.2654443447037702,iron electrode,gelatin-based polymer family,both,False
C893D3D6E7B|CE2D00B183C,0,0.2344586249485384,iron electrode,redox-kinetics enhancement,0.0,0.2418357271095152,iron electrode,redox-kinetics enhancement,both,False
C893D3D6E7B|CE4B0E242E7,0,0.2636270069987649,iron electrode,interfacial charge transfer,0.0,0.2712118491921005,iron electrode,interfacial charge transfer,both,False
C893D3D6E7B|CE6FC512ED2,0,0.227521613832853,iron electrode,dynamic crosslinked gel network,0.0,0.2159066427289048,iron electrode,dynamic crosslinked gel network,both,False
C893D3D6E7B|CEA29EF1A99,0,0.2408686702346645,iron electrode,thermal-gradient heat-transfer control,0.0,0.2457046678635547,iron electrode,thermal-gradient heat-transfer control,both,False
C893D3D6E7B|CEA9836CD32,0,0.2332235487855084,iron electrode,molten salt,0.0,0.2397351885098743,iron electrode,molten salt,both,False
C893D3D6E7B|CEBF8E29E0A,0,0.2269740634005763,iron electrode,LiNO3,0.0,0.2332450628366247,iron electrode,LiNO3,both,False
C893D3D6E7B|CF203EF8121,0,0.1485961300946891,iron electrode,Eastman entropy of transfer,0.0,0.1558213644524236,iron electrode,Eastman entropy of transfer,both,False
C893D3D6E7B|CF2C5201A37,0,0.2839398929600659,iron electrode,porous-electrode area enhancement,0.0,0.2918761220825853,iron electrode,porous-electrode area enhancement,both,False
C893D3D6E7B|CFAFB569EDB,0,0.4946768217373404,iron electrode,lithium bromide (LiBr),0.0,0.4945870736086175,iron electrode,lithium bromide (LiBr),both,False
C893D3D6E7B|CFBB5A400A1,0,0.2099958830794565,iron electrode,cation-anion thermodiffusion asymmetry,0.0,0.2175269299820467,iron electrode,cation-anion thermodiffusion asymmetry,both,False
C8AD5B453CC|C95D66F92B2,0,0.2722643062988884,ion diffusion,carbon nanotube family,0.0,0.2733886894075404,ion diffusion,carbon nanotube family,both,False
C8AD5B453CC|C9642D16DCA,1,0.2189378344997941,ion diffusion,graphene oxide,1.0,0.2214856373429084,ion diffusion,graphene oxide,both,False
C8AD5B453CC|C97F8E13D1A,0,0.2550967476327707,ion diffusion,thermally regenerative electrochemical cycle,0.0,0.2619165170556553,ion diffusion,thermally regenerative electrochemical cycle,both,False
C8AD5B453CC|C9B6878E079,0,0.263960477562783,ion diffusion,photothermal-thermoelectric coupling,0.0,0.2698294434470377,ion diffusion,photothermal-thermoelectric coupling,both,False
C8AD5B453CC|CA6C42A1D77,0,0.5135405516673528,ferri/ferrocyanide family,ion diffusion,0.0,0.5211310592459605,ion diffusion,ferri/ferrocyanide family,both,False
C8AD5B453CC|CA8C62A4868,0,0.6269617126389461,ion diffusion,redox reaction entropy,0.0,0.6298025134649909,ion diffusion,redox reaction entropy,both,False
C8AD5B453CC|CAAB7628B33,0,0.1626554137505146,ion diffusion,[C2mim],0.0,0.1700179533213644,ion diffusion,[C2mim],both,False
C8AD5B453CC|CB56BB4DDB0,1,0.5216385343762865,ion diffusion,carbon-electrode redox interface,1.0,0.5268132854578096,ion diffusion,carbon-electrode redox interface,both,False
C8AD5B453CC|CBA7A0F0CA3,0,0.6435734870317003,ion diffusion,thermogalvanic redox conversion,0.0,0.6477154398563734,ion diffusion,thermogalvanic redox conversion,both,False
C8AD5B453CC|CBB2D87901B,0,0.1728324413338822,ion diffusion,Li2CrO4,0.0,0.180278276481149,ion diffusion,Li2CrO4,both,False
C8AD5B453CC|CC028ABF9C6,0,0.2633923425277892,ion diffusion,anti-freezing organohydrogel design,0.0,0.2670825852782764,ion diffusion,anti-freezing organohydrogel design,both,False
C8AD5B453CC|CC506F97717,0,0.1765500205846027,ion diffusion,CO3,0.0,0.1823563734290843,ion diffusion,CO3,both,False
C8AD5B453CC|CC5968B917E,0,0.3488390284067517,ion diffusion,convection and mass transport,0.0,0.3563599640933572,ion diffusion,convection and mass transport,both,False
C8AD5B453CC|CCAABE058E7,0,0.5439645944833265,ion diffusion,ferri/ferrocyanide redox chemistry,0.0,0.5466427289048474,ion diffusion,ferri/ferrocyanide redox chemistry,both,False
C8AD5B453CC|CD0FD071A10,0,0.2370687525730753,ion diffusion,carbon cloth,0.0,0.2420062836624776,ion diffusion,carbon cloth,both,False
C8AD5B453CC|CD3462DB8FF,0,0.2270893371757925,ion diffusion,CuSO4,0.0,0.2357854578096947,ion diffusion,CuSO4,both,False
C8AD5B453CC|CD486BA800F,0,0.2537052284890901,ion diffusion,host-guest complexation,0.0,0.2631149012567325,ion diffusion,host-guest complexation,both,False
C8AD5B453CC|CDAC0413DCA,0,0.4707328118567311,gelatin-based polymer family,ion diffusion,0.0,0.4693402154398564,ion diffusion,gelatin-based polymer family,both,False
C8AD5B453CC|CE2D00B183C,0,0.2451585014409222,ion diffusion,redox-kinetics enhancement,0.0,0.2589676840215439,ion diffusion,redox-kinetics enhancement,both,False
C8AD5B453CC|CE4B0E242E7,0,0.3151749691230959,ion diffusion,interfacial charge transfer,0.0,0.3243043087971274,ion diffusion,interfacial charge transfer,both,False
C8AD5B453CC|CE6FC512ED2,0,0.2392630712227254,ion diffusion,dynamic crosslinked gel network,0.0,0.247939856373429,ion diffusion,dynamic crosslinked gel network,both,False
C8AD5B453CC|CEA29EF1A99,0,0.2916591189790037,ion diffusion,thermal-gradient heat-transfer control,0.0,0.2952244165170556,ion diffusion,thermal-gradient heat-transfer control,both,False
C8AD5B453CC|CEA9836CD32,0,0.2395265541375051,ion diffusion,molten salt,0.0,0.2494883303411131,ion diffusion,molten salt,both,False
C8AD5B453CC|CEBF8E29E0A,0,0.1516385343762865,ion diffusion,LiNO3,0.0,0.158734290843806,ion diffusion,LiNO3,both,False
C8AD5B453CC|CF203EF8121,0,0.5279044874433922,ion diffusion,Eastman entropy of transfer,0.0,0.5239452423698384,ion diffusion,Eastman entropy of transfer,both,False
C8AD5B453CC|CF2C5201A37,1,0.2880485796624125,ion diffusion,porous-electrode area enhancement,1.0,0.2936400359066426,ion diffusion,porous-electrode area enhancement,both,False
C8AD5B453CC|CFAFB569EDB,0,0.1933347056401811,ion diffusion,lithium bromide (LiBr),0.0,0.2019838420107719,ion diffusion,lithium bromide (LiBr),both,False
C95D66F92B2|CA6C42A1D77,1,0.9150473445862496,ferri/ferrocyanide family,carbon nanotube family,,,,,left_only,False
C95D66F92B2|CA8C62A4868,0,0.7573734046932895,carbon nanotube family,redox reaction entropy,0.0,0.7514183123877918,carbon nanotube family,redox reaction entropy,both,False
C95D66F92B2|CAAB7628B33,0,0.3293412927130506,carbon nanotube family,[C2mim],0.0,0.333967684021544,carbon nanotube family,[C2mim],both,False
C95D66F92B2|CBB2D87901B,0,0.2753437628653767,carbon nanotube family,Li2CrO4,0.0,0.2789228007181328,carbon nanotube family,Li2CrO4,both,False
C95D66F92B2|CC506F97717,0,0.2923754631535611,carbon nanotube family,CO3,0.0,0.2977782764811489,carbon nanotube family,CO3,both,False
C95D66F92B2|CC5968B917E,0,0.8070275833676409,carbon nanotube family,convection and mass transport,0.0,0.8022800718132854,carbon nanotube family,convection and mass transport,both,False
C95D66F92B2|CD486BA800F,0,0.286286537669823,carbon nanotube family,host-guest complexation,0.0,0.2999281867145421,carbon nanotube family,host-guest complexation,both,False
C95D66F92B2|CDAC0413DCA,0,0.9100370522848908,gelatin-based polymer family,carbon nanotube family,0.0,0.9189093357271096,carbon nanotube family,gelatin-based polymer family,both,False
C95D66F92B2|CE2D00B183C,0,0.6723713462330176,carbon nanotube family,redox-kinetics enhancement,0.0,0.7090215439856373,carbon nanotube family,redox-kinetics enhancement,both,False
C95D66F92B2|CE6FC512ED2,0,0.7199547138740222,carbon nanotube family,dynamic crosslinked gel network,0.0,0.6854712746858168,carbon nanotube family,dynamic crosslinked gel network,both,False
C95D66F92B2|CEA9836CD32,0,0.5584602717167558,carbon nanotube family,molten salt,0.0,0.5344883303411132,carbon nanotube family,molten salt,both,False
C95D66F92B2|CEBF8E29E0A,0,0.2942651296829971,carbon nanotube family,LiNO3,0.0,0.2970736086175942,carbon nanotube family,LiNO3,both,False
C95D66F92B2|CF203EF8121,0,0.5819390695759572,carbon nanotube family,Eastman entropy of transfer,0.0,0.6392324955116695,carbon nanotube family,Eastman entropy of transfer,both,False
C95D66F92B2|CFAFB569EDB,0,0.3178056813503499,carbon nanotube family,lithium bromide (LiBr),0.0,0.3214721723518851,carbon nanotube family,lithium bromide (LiBr),both,False
C95D66F92B2|CFBB5A400A1,0,0.7557678056813503,carbon nanotube family,cation-anion thermodiffusion asymmetry,0.0,0.7402289048473968,carbon nanotube family,cation-anion thermodiffusion asymmetry,both,False
C9642D16DCA|C97F8E13D1A,0,0.7300370522848909,graphene oxide,thermally regenerative electrochemical cycle,0.0,0.7065619389587073,graphene oxide,thermally regenerative electrochemical cycle,both,False
C9642D16DCA|C9B6878E079,0,0.5869493618773157,graphene oxide,photothermal-thermoelectric coupling,0.0,0.5791247755834829,graphene oxide,photothermal-thermoelectric coupling,both,False
C9642D16DCA|CA6C42A1D77,1,0.7193412927130505,ferri/ferrocyanide family,graphene oxide,,,,,left_only,False
C9642D16DCA|CA8C62A4868,0,0.6378221490325238,graphene oxide,redox reaction entropy,0.0,0.6241247755834829,graphene oxide,redox reaction entropy,both,False
C9642D16DCA|CAAB7628B33,0,0.27699053108275,graphene oxide,[C2mim],0.0,0.2798833034111311,graphene oxide,[C2mim],both,False
C9642D16DCA|CBB2D87901B,0,0.2444586249485384,graphene oxide,Li2CrO4,0.0,0.2470017953321364,graphene oxide,Li2CrO4,both,False
C9642D16DCA|CC028ABF9C6,0,0.7515232606010704,graphene oxide,anti-freezing organohydrogel design,0.0,0.7457405745062836,graphene oxide,anti-freezing organohydrogel design,both,False
C9642D16DCA|CC506F97717,0,0.2550885137916838,graphene oxide,CO3,0.0,0.2602872531418312,graphene oxide,CO3,both,False
C9642D16DCA|CC5968B917E,0,0.6815973651708522,graphene oxide,convection and mass transport,0.0,0.672145421903052,graphene oxide,convection and mass transport,both,False
C9642D16DCA|CD3462DB8FF,0,0.7496377109921779,graphene oxide,CuSO4,0.0,0.7386579892280072,graphene oxide,CuSO4,both,False
C9642D16DCA|CD486BA800F,0,0.2171634417455742,graphene oxide,host-guest complexation,0.0,0.2188330341113105,graphene oxide,host-guest complexation,both,False
C9642D16DCA|CDAC0413DCA,0,0.7824454508027996,gelatin-based polymer family,graphene oxide,0.0,0.7644389587073608,graphene oxide,gelatin-based polymer family,both,False
C9642D16DCA|CE2D00B183C,0,0.5816097159324825,graphene oxide,redox-kinetics enhancement,0.0,0.6281283662477558,graphene oxide,redox-kinetics enhancement,both,False
C9642D16DCA|CE4B0E242E7,0,0.6425566076574722,graphene oxide,interfacial charge transfer,0.0,0.6299551166965889,graphene oxide,interfacial charge transfer,both,False
C9642D16DCA|CE6FC512ED2,0,0.5922643062988885,graphene oxide,dynamic crosslinked gel network,0.0,0.5725179533213645,graphene oxide,dynamic crosslinked gel network,both,False
C9642D16DCA|CEA29EF1A99,1,0.7828530259365994,graphene oxide,thermal-gradient heat-transfer control,1.0,0.7405924596050268,graphene oxide,thermal-gradient heat-transfer control,both,False
C9642D16DCA|CEA9836CD32,0,0.4172334293948126,graphene oxide,molten salt,0.0,0.4185861759425493,graphene oxide,molten salt,both,False
C9642D16DCA|CEBF8E29E0A,0,0.2535981885549608,graphene oxide,LiNO3,0.0,0.2563195691202872,graphene oxide,LiNO3,both,False
C9642D16DCA|CF203EF8121,0,0.5645656648826678,graphene oxide,Eastman entropy of transfer,0.0,0.6098429084380611,graphene oxide,Eastman entropy of transfer,both,False
C9642D16DCA|CF2C5201A37,0,0.8161959654178674,graphene oxide,porous-electrode area enhancement,0.0,0.8085457809694794,graphene oxide,porous-electrode area enhancement,both,False
C9642D16DCA|CFAFB569EDB,0,0.252536023054755,graphene oxide,lithium bromide (LiBr),0.0,0.2572890484739676,graphene oxide,lithium bromide (LiBr),both,False
C9642D16DCA|CFBB5A400A1,1,0.6606710580485797,graphene oxide,cation-anion thermodiffusion asymmetry,1.0,0.6494658886894075,graphene oxide,cation-anion thermodiffusion asymmetry,both,False
C97F8E13D1A|C9B6878E079,0,0.6914079868258542,thermally regenerative electrochemical cycle,photothermal-thermoelectric coupling,0.0,0.6868402154398563,thermally regenerative electrochemical cycle,photothermal-thermoelectric coupling,both,False
C97F8E13D1A|CA6C42A1D77,0,0.840885137916838,ferri/ferrocyanide family,thermally regenerative electrochemical cycle,,,,,left_only,False
C97F8E13D1A|CA8C62A4868,1,0.7379086043639357,thermally regenerative electrochemical cycle,redox reaction entropy,1.0,0.7851211849192099,thermally regenerative electrochemical cycle,redox reaction entropy,both,False
C97F8E13D1A|CAAB7628B33,0,0.213219431864965,thermally regenerative electrochemical cycle,[C2mim],0.0,0.2211849192100538,thermally regenerative electrochemical cycle,[C2mim],both,False
C97F8E13D1A|CB56BB4DDB0,0,0.7948744339234253,thermally regenerative electrochemical cycle,carbon-electrode redox interface,0.0,0.833020646319569,thermally regenerative electrochemical cycle,carbon-electrode redox interface,both,False
C97F8E13D1A|CBB2D87901B,0,0.2136146562371346,thermally regenerative electrochemical cycle,Li2CrO4,0.0,0.2223698384201077,thermally regenerative electrochemical cycle,Li2CrO4,both,False
C97F8E13D1A|CC028ABF9C6,0,0.7312144915603128,thermally regenerative electrochemical cycle,anti-freezing organohydrogel design,0.0,0.7791965888689406,thermally regenerative electrochemical cycle,anti-freezing organohydrogel design,both,False
C97F8E13D1A|CC506F97717,0,0.1868999588307945,thermally regenerative electrochemical cycle,CO3,0.0,0.1933168761220826,thermally regenerative electrochemical cycle,CO3,both,False
C97F8E13D1A|CC5968B917E,0,0.6907822149032524,thermally regenerative electrochemical cycle,convection and mass transport,0.0,0.7365709156193895,thermally regenerative electrochemical cycle,convection and mass transport,both,False
C97F8E13D1A|CD0FD071A10,0,0.7552326060107041,thermally regenerative electrochemical cycle,carbon cloth,0.0,0.7873922800718133,thermally regenerative electrochemical cycle,carbon cloth,both,False
C97F8E13D1A|CD3462DB8FF,0,0.652128447920955,thermally regenerative electrochemical cycle,CuSO4,0.0,0.701983842010772,thermally regenerative electrochemical cycle,CuSO4,both,False
C97F8E13D1A|CD486BA800F,1,0.2573610539316591,thermally regenerative electrochemical cycle,host-guest complexation,1.0,0.2667504488330341,thermally regenerative electrochemical cycle,host-guest complexation,both,False
C97F8E13D1A|CDAC0413DCA,0,0.7662000823384109,gelatin-based polymer family,thermally regenerative electrochemical cycle,0.0,0.7951526032315979,thermally regenerative electrochemical cycle,gelatin-based polymer family,both,False
C97F8E13D1A|CE2D00B183C,1,0.6013668176204199,thermally regenerative electrochemical cycle,redox-kinetics enhancement,1.0,0.6757091561938959,thermally regenerative electrochemical cycle,redox-kinetics enhancement,both,False
C97F8E13D1A|CE4B0E242E7,0,0.7889254837381637,thermally regenerative electrochemical cycle,interfacial charge transfer,0.0,0.826386894075404,thermally regenerative electrochemical cycle,interfacial charge transfer,both,False
C97F8E13D1A|CE6FC512ED2,0,0.5080279950596953,thermally regenerative electrochemical cycle,dynamic crosslinked gel network,0.0,0.493770197486535,thermally regenerative electrochemical cycle,dynamic crosslinked gel network,both,False
C97F8E13D1A|CEA29EF1A99,0,0.8776780568135034,thermally regenerative electrochemical cycle,thermal-gradient heat-transfer control,0.0,0.8657360861759424,thermally regenerative electrochemical cycle,thermal-gradient heat-transfer control,both,False
C97F8E13D1A|CEA9836CD32,0,0.4983367641004528,thermally regenerative electrochemical cycle,molten salt,0.0,0.5055520646319569,thermally regenerative electrochemical cycle,molten salt,both,False
C97F8E13D1A|CEBF8E29E0A,0,0.1767105804857966,thermally regenerative electrochemical cycle,LiNO3,0.0,0.1841831238779174,thermally regenerative electrochemical cycle,LiNO3,both,False
C97F8E13D1A|CF203EF8121,0,0.5610786331823796,thermally regenerative electrochemical cycle,Eastman entropy of transfer,0.0,0.6383572710951526,thermally regenerative electrochemical cycle,Eastman entropy of transfer,both,False
C97F8E13D1A|CFAFB569EDB,0,0.2313997529847674,thermally regenerative electrochemical cycle,lithium bromide (LiBr),0.0,0.2407630161579892,thermally regenerative electrochemical cycle,lithium bromide (LiBr),both,False
C97F8E13D1A|CFBB5A400A1,0,0.5651832029641828,thermally regenerative electrochemical cycle,cation-anion thermodiffusion asymmetry,0.0,0.5703007181328545,thermally regenerative electrochemical cycle,cation-anion thermodiffusion asymmetry,both,False
C9B6878E079|CA6C42A1D77,1,0.7236928777274598,ferri/ferrocyanide family,photothermal-thermoelectric coupling,1.0,0.8125897666068223,photothermal-thermoelectric coupling,ferri/ferrocyanide family,both,False
C9B6878E079|CA8C62A4868,0,0.7662741869081926,photothermal-thermoelectric coupling,redox reaction entropy,0.0,0.7589317773788151,photothermal-thermoelectric coupling,redox reaction entropy,both,False
C9B6878E079|CAAB7628B33,0,0.2433676410045286,photothermal-thermoelectric coupling,[C2mim],0.0,0.2511086175942549,photothermal-thermoelectric coupling,[C2mim],both,False
C9B6878E079|CB56BB4DDB0,0,0.7791848497324001,photothermal-thermoelectric coupling,carbon-electrode redox interface,0.0,0.7729488330341112,photothermal-thermoelectric coupling,carbon-electrode redox interface,both,False
C9B6878E079|CBB2D87901B,0,0.2136764100452861,photothermal-thermoelectric coupling,Li2CrO4,0.0,0.2203545780969479,photothermal-thermoelectric coupling,Li2CrO4,both,False
C9B6878E079|CC028ABF9C6,1,0.8434911486208315,photothermal-thermoelectric coupling,anti-freezing organohydrogel design,1.0,0.8411220825852783,photothermal-thermoelectric coupling,anti-freezing organohydrogel design,both,False
C9B6878E079|CC506F97717,0,0.2060395224372169,photothermal-thermoelectric coupling,CO3,0.0,0.2117728904847396,photothermal-thermoelectric coupling,CO3,both,False
C9B6878E079|CC5968B917E,0,0.519781803211198,photothermal-thermoelectric coupling,convection and mass transport,0.0,0.525435368043088,photothermal-thermoelectric coupling,convection and mass transport,both,False
C9B6878E079|CCAABE058E7,1,0.8112433100041168,photothermal-thermoelectric coupling,ferri/ferrocyanide redox chemistry,1.0,0.8119165170556553,photothermal-thermoelectric coupling,ferri/ferrocyanide redox chemistry,both,False
C9B6878E079|CD0FD071A10,0,0.6002634829147797,photothermal-thermoelectric coupling,carbon cloth,0.0,0.5959290843806103,photothermal-thermoelectric coupling,carbon cloth,both,False
C9B6878E079|CD3462DB8FF,0,0.5807986825854261,photothermal-thermoelectric coupling,CuSO4,0.0,0.5771319569120287,photothermal-thermoelectric coupling,CuSO4,both,False
C9B6878E079|CD486BA800F,0,0.3389872375463154,photothermal-thermoelectric coupling,host-guest complexation,0.0,0.3488644524236983,photothermal-thermoelectric coupling,host-guest complexation,both,False
C9B6878E079|CE2D00B183C,0,0.4858748456154796,photothermal-thermoelectric coupling,redox-kinetics enhancement,0.0,0.4959964093357271,photothermal-thermoelectric coupling,redox-kinetics enhancement,both,False
C9B6878E079|CE4B0E242E7,0,0.7355907780979827,photothermal-thermoelectric coupling,interfacial charge transfer,0.0,0.725435368043088,photothermal-thermoelectric coupling,interfacial charge transfer,both,False
C9B6878E079|CEA29EF1A99,1,0.7009757101687937,photothermal-thermoelectric coupling,thermal-gradient heat-transfer control,1.0,0.6950942549371634,photothermal-thermoelectric coupling,thermal-gradient heat-transfer control,both,False
C9B6878E079|CEA9836CD32,0,0.4738452037875669,photothermal-thermoelectric coupling,molten salt,0.0,0.4811849192100538,photothermal-thermoelectric coupling,molten salt,both,False
C9B6878E079|CEBF8E29E0A,0,0.2018196788801976,photothermal-thermoelectric coupling,LiNO3,0.0,0.2088285457809694,photothermal-thermoelectric coupling,LiNO3,both,False
C9B6878E079|CF203EF8121,0,0.5175174969123095,photothermal-thermoelectric coupling,Eastman entropy of transfer,0.0,0.5276122082585278,photothermal-thermoelectric coupling,Eastman entropy of transfer,both,False
C9B6878E079|CF2C5201A37,0,0.7029806504734458,photothermal-thermoelectric coupling,porous-electrode area enhancement,0.0,0.694488330341113,photothermal-thermoelectric coupling,porous-electrode area enhancement,both,False
C9B6878E079|CFAFB569EDB,0,0.2277068752573075,photothermal-thermoelectric coupling,lithium bromide (LiBr),0.0,0.2360008976660682,photothermal-thermoelectric coupling,lithium bromide (LiBr),both,False
C9B6878E079|CFBB5A400A1,0,0.5714162206669411,photothermal-thermoelectric coupling,cation-anion thermodiffusion asymmetry,0.0,0.5759021543985637,photothermal-thermoelectric coupling,cation-anion thermodiffusion asymmetry,both,False
CA6C42A1D77|CA8C62A4868,0,0.7786167146974062,ferri/ferrocyanide family,redox reaction entropy,,,,,left_only,False
CA6C42A1D77|CAAB7628B33,0,0.5904775627830382,ferri/ferrocyanide family,[C2mim],0.0,0.605399461400359,ferri/ferrocyanide family,[C2mim],both,False
CA6C42A1D77|CB56BB4DDB0,0,0.8506134211609715,ferri/ferrocyanide family,carbon-electrode redox interface,,,,,left_only,False
CA6C42A1D77|CBA7A0F0CA3,1,0.8838328530259365,ferri/ferrocyanide family,thermogalvanic redox conversion,,,,,left_only,False
CA6C42A1D77|CBB2D87901B,0,0.3682750102923013,ferri/ferrocyanide family,Li2CrO4,0.0,0.3881418312387792,ferri/ferrocyanide family,Li2CrO4,both,False
CA6C42A1D77|CC028ABF9C6,0,0.6724742692466036,ferri/ferrocyanide family,anti-freezing organohydrogel design,,,,,left_only,False
CA6C42A1D77|CC506F97717,0,0.3266364759160148,ferri/ferrocyanide family,CO3,0.0,0.3391113105924596,ferri/ferrocyanide family,CO3,both,False
CA6C42A1D77|CC5968B917E,1,0.7175586661177439,ferri/ferrocyanide family,convection and mass transport,,,,,left_only,False
CA6C42A1D77|CD0FD071A10,0,0.8470111156854672,ferri/ferrocyanide family,carbon cloth,,,,,left_only,False
CA6C42A1D77|CD3462DB8FF,0,0.784331000411692,ferri/ferrocyanide family,CuSO4,,,,,left_only,False
CA6C42A1D77|CD486BA800F,0,0.7664635652531906,ferri/ferrocyanide family,host-guest complexation,0.0,0.8031597845601435,ferri/ferrocyanide family,host-guest complexation,both,False
CA6C42A1D77|CDAC0413DCA,0,0.7749444215726635,ferri/ferrocyanide family,gelatin-based polymer family,,,,,left_only,False
CA6C42A1D77|CE2D00B183C,1,0.8662206669411281,ferri/ferrocyanide family,redox-kinetics enhancement,,,,,left_only,False
CA6C42A1D77|CE4B0E242E7,0,0.73863318237958,ferri/ferrocyanide family,interfacial charge transfer,,,,,left_only,False
CA6C42A1D77|CE6FC512ED2,1,0.5796377109921779,ferri/ferrocyanide family,dynamic crosslinked gel network,1.0,0.7888554757630162,ferri/ferrocyanide family,dynamic crosslinked gel network,both,False
CA6C42A1D77|CEA29EF1A99,1,0.7541951420337586,ferri/ferrocyanide family,thermal-gradient heat-transfer control,,,,,left_only,False
CA6C42A1D77|CEA9836CD32,0,0.4369534787978592,ferri/ferrocyanide family,molten salt,0.0,0.694524236983842,ferri/ferrocyanide family,molten salt,both,False
CA6C42A1D77|CEBF8E29E0A,0,0.3714862083161795,ferri/ferrocyanide family,LiNO3,0.0,0.393096947935368,ferri/ferrocyanide family,LiNO3,both,False
CA6C42A1D77|CF203EF8121,0,0.7569287772745986,ferri/ferrocyanide family,Eastman entropy of transfer,,,,,left_only,False
CA6C42A1D77|CF2C5201A37,0,0.7991230959242486,ferri/ferrocyanide family,porous-electrode area enhancement,,,,,left_only,False
CA6C42A1D77|CFAFB569EDB,1,0.5822766570605187,ferri/ferrocyanide family,lithium bromide (LiBr),1.0,0.6002558348294433,ferri/ferrocyanide family,lithium bromide (LiBr),both,False
CA6C42A1D77|CFBB5A400A1,1,0.6370646356525319,ferri/ferrocyanide family,cation-anion thermodiffusion asymmetry,1.0,0.7792504488330341,ferri/ferrocyanide family,cation-anion thermodiffusion asymmetry,both,False
CA8C62A4868|CAAB7628B33,0,0.2962041992589543,redox reaction entropy,[C2mim],0.0,0.3073384201077199,redox reaction entropy,[C2mim],both,False
CA8C62A4868|CB56BB4DDB0,0,0.90657060518732,redox reaction entropy,carbon-electrode redox interface,0.0,0.9070062836624776,redox reaction entropy,carbon-electrode redox interface,both,False
CA8C62A4868|CBB2D87901B,0,0.2604610951008645,redox reaction entropy,Li2CrO4,0.0,0.2698518850987432,redox reaction entropy,Li2CrO4,both,False
CA8C62A4868|CC028ABF9C6,1,0.8261630300535199,redox reaction entropy,anti-freezing organohydrogel design,1.0,0.8248698384201077,redox reaction entropy,anti-freezing organohydrogel design,both,False
CA8C62A4868|CC506F97717,0,0.242943598188555,redox reaction entropy,CO3,0.0,0.2507944344703769,redox reaction entropy,CO3,both,False
CA8C62A4868|CC5968B917E,0,0.8267970358172086,redox reaction entropy,convection and mass transport,0.0,0.8251256732495511,redox reaction entropy,convection and mass transport,both,False
CA8C62A4868|CD0FD071A10,0,0.6478015644298066,redox reaction entropy,carbon cloth,0.0,0.6347890484739677,redox reaction entropy,carbon cloth,both,False
CA8C62A4868|CDAC0413DCA,0,0.7651626183614655,gelatin-based polymer family,redox reaction entropy,0.0,0.7533976660682227,redox reaction entropy,gelatin-based polymer family,both,False
CA8C62A4868|CE2D00B183C,1,0.7301852614244545,redox reaction entropy,redox-kinetics enhancement,1.0,0.7826122082585278,redox reaction entropy,redox-kinetics enhancement,both,False
CA8C62A4868|CE4B0E242E7,0,0.7959983532317827,redox reaction entropy,interfacial charge transfer,0.0,0.7937298025134649,redox reaction entropy,interfacial charge transfer,both,False
CA8C62A4868|CE6FC512ED2,1,0.497179909427748,redox reaction entropy,dynamic crosslinked gel network,1.0,0.501467684021544,redox reaction entropy,dynamic crosslinked gel network,both,False
CA8C62A4868|CEA29EF1A99,0,0.7267270481679704,redox reaction entropy,thermal-gradient heat-transfer control,0.0,0.7217145421903052,redox reaction entropy,thermal-gradient heat-transfer control,both,False
CA8C62A4868|CEBF8E29E0A,0,0.2626842321943186,redox reaction entropy,LiNO3,0.0,0.2720601436265709,redox reaction entropy,LiNO3,both,False
CA8C62A4868|CF2C5201A37,0,0.7646356525319061,redox reaction entropy,porous-electrode area enhancement,0.0,0.761193895870736,redox reaction entropy,porous-electrode area enhancement,both,False
CA8C62A4868|CFAFB569EDB,0,0.4728324413338823,redox reaction entropy,lithium bromide (LiBr),0.0,0.4773877917414721,redox reaction entropy,lithium bromide (LiBr),both,False
CAAB7628B33|CB56BB4DDB0,0,0.2677603952243721,[C2mim],carbon-electrode redox interface,0.0,0.2768222621184919,[C2mim],carbon-electrode redox interface,both,False
CAAB7628B33|CBA7A0F0CA3,0,0.5986743515850144,[C2mim],thermogalvanic redox conversion,0.0,0.6014676840215438,[C2mim],thermogalvanic redox conversion,both,False
CAAB7628B33|CBB2D87901B,0,0.22835734870317,[C2mim],Li2CrO4,0.0,0.2327603231597845,[C2mim],Li2CrO4,both,False
CAAB7628B33|CC028ABF9C6,0,0.2899300123507616,[C2mim],anti-freezing organohydrogel design,0.0,0.2976436265709156,[C2mim],anti-freezing organohydrogel design,both,False
CAAB7628B33|CC506F97717,0,0.2340098806093042,[C2mim],CO3,0.0,0.2390843806104129,[C2mim],CO3,both,False
CAAB7628B33|CCAABE058E7,0,0.5703499382461918,[C2mim],ferri/ferrocyanide redox chemistry,0.0,0.5726615798922801,[C2mim],ferri/ferrocyanide redox chemistry,both,False
CAAB7628B33|CD0FD071A10,0,0.2780773981062165,[C2mim],carbon cloth,0.0,0.2835996409335727,[C2mim],carbon cloth,both,False
CAAB7628B33|CD3462DB8FF,0,0.5136681762041991,[C2mim],CuSO4,0.0,0.5127333931777379,[C2mim],CuSO4,both,False
CAAB7628B33|CD486BA800F,0,0.2071881432688349,[C2mim],host-guest complexation,0.0,0.2146095152603231,[C2mim],host-guest complexation,both,False
CAAB7628B33|CDAC0413DCA,0,0.354149855907781,gelatin-based polymer family,[C2mim],0.0,0.3495466786355475,[C2mim],gelatin-based polymer family,both,False
CAAB7628B33|CE2D00B183C,0,0.4318361465623713,[C2mim],redox-kinetics enhancement,0.0,0.4293626570915619,[C2mim],redox-kinetics enhancement,both,False
CAAB7628B33|CE4B0E242E7,0,0.197303417044051,[C2mim],interfacial charge transfer,0.0,0.2059874326750448,[C2mim],interfacial charge transfer,both,False
CAAB7628B33|CE6FC512ED2,0,0.2433799917661589,[C2mim],dynamic crosslinked gel network,0.0,0.2455026929982046,[C2mim],dynamic crosslinked gel network,both,False
CAAB7628B33|CEA29EF1A99,0,0.4549691230959242,[C2mim],thermal-gradient heat-transfer control,0.0,0.4546409335727109,[C2mim],thermal-gradient heat-transfer control,both,False
CAAB7628B33|CEA9836CD32,0,0.1965417867435158,[C2mim],molten salt,0.0,0.2051301615798922,[C2mim],molten salt,both,False
CAAB7628B33|CEBF8E29E0A,0,0.229839440098806,[C2mim],LiNO3,0.0,0.2343761220825852,[C2mim],LiNO3,both,False
CAAB7628B33|CF203EF8121,0,0.2220337587484561,[C2mim],Eastman entropy of transfer,0.0,0.232975763016158,[C2mim],Eastman entropy of transfer,both,False
CAAB7628B33|CF2C5201A37,0,0.2235940716344175,[C2mim],porous-electrode area enhancement,0.0,0.2295332136445242,[C2mim],porous-electrode area enhancement,both,False
CAAB7628B33|CFAFB569EDB,0,0.2206998764923837,[C2mim],lithium bromide (LiBr),0.0,0.2268357271095152,[C2mim],lithium bromide (LiBr),both,False
CAAB7628B33|CFBB5A400A1,0,0.2674022231370934,[C2mim],cation-anion thermodiffusion asymmetry,0.0,0.2773922800718132,[C2mim],cation-anion thermodiffusion asymmetry,both,False
CB56BB4DDB0|CBB2D87901B,0,0.2023507616303005,carbon-electrode redox interface,Li2CrO4,0.0,0.2088240574506283,carbon-electrode redox interface,Li2CrO4,both,False
CB56BB4DDB0|CC028ABF9C6,0,0.7745656648826678,carbon-electrode redox interface,anti-freezing organohydrogel design,0.0,0.7697037701974865,carbon-electrode redox interface,anti-freezing organohydrogel design,both,False
CB56BB4DDB0|CC506F97717,0,0.2597694524495677,carbon-electrode redox interface,CO3,0.0,0.2668357271095152,carbon-electrode redox interface,CO3,both,False
CB56BB4DDB0|CC5968B917E,0,0.8049403046521203,carbon-electrode redox interface,convection and mass transport,0.0,0.8053366247755834,carbon-electrode redox interface,convection and mass transport,both,False
CB56BB4DDB0|CD3462DB8FF,0,0.787245780156443,carbon-electrode redox interface,CuSO4,0.0,0.7865574506283662,carbon-electrode redox interface,CuSO4,both,False
CB56BB4DDB0|CD486BA800F,0,0.5955372581309181,carbon-electrode redox interface,host-guest complexation,0.0,0.5871364452423697,carbon-electrode redox interface,host-guest complexation,both,False
CB56BB4DDB0|CDAC0413DCA,1,0.8009427748044462,gelatin-based polymer family,carbon-electrode redox interface,1.0,0.8070556552962298,carbon-electrode redox interface,gelatin-based polymer family,both,False
CB56BB4DDB0|CE2D00B183C,1,0.8219390695759572,carbon-electrode redox interface,redox-kinetics enhancement,1.0,0.8443177737881509,carbon-electrode redox interface,redox-kinetics enhancement,both,False
CB56BB4DDB0|CE4B0E242E7,1,0.8879909427748044,carbon-electrode redox interface,interfacial charge transfer,1.0,0.8893357271095153,carbon-electrode redox interface,interfacial charge transfer,both,False
CB56BB4DDB0|CE6FC512ED2,1,0.6009057225195554,carbon-electrode redox interface,dynamic crosslinked gel network,1.0,0.5811714542190305,carbon-electrode redox interface,dynamic crosslinked gel network,both,False
CB56BB4DDB0|CEA29EF1A99,0,0.8399711815561959,carbon-electrode redox interface,thermal-gradient heat-transfer control,0.0,0.838657989228007,carbon-electrode redox interface,thermal-gradient heat-transfer control,both,False
CB56BB4DDB0|CEA9836CD32,0,0.4760806916426513,carbon-electrode redox interface,molten salt,0.0,0.4841157989228006,carbon-electrode redox interface,molten salt,both,False
CB56BB4DDB0|CEBF8E29E0A,0,0.2205804857966241,carbon-electrode redox interface,LiNO3,0.0,0.2281059245960502,carbon-electrode redox interface,LiNO3,both,False
CB56BB4DDB0|CF203EF8121,0,0.6740016467682174,carbon-electrode redox interface,Eastman entropy of transfer,0.0,0.7145152603231597,carbon-electrode redox interface,Eastman entropy of transfer,both,False
CB56BB4DDB0|CFAFB569EDB,0,0.2307822149032523,carbon-electrode redox interface,lithium bromide (LiBr),0.0,0.2383931777378815,carbon-electrode redox interface,lithium bromide (LiBr),both,False
CB56BB4DDB0|CFBB5A400A1,0,0.7191601482091396,carbon-electrode redox interface,cation-anion thermodiffusion asymmetry,0.0,0.7090035906642728,carbon-electrode redox interface,cation-anion thermodiffusion asymmetry,both,False
CBA7A0F0CA3|CBB2D87901B,0,0.3858583779333059,thermogalvanic redox conversion,Li2CrO4,0.0,0.3938240574506284,thermogalvanic redox conversion,Li2CrO4,both,False
CBA7A0F0CA3|CC506F97717,0,0.3177192260189378,thermogalvanic redox conversion,CO3,0.0,0.3243043087971274,thermogalvanic redox conversion,CO3,both,False
CBA7A0F0CA3|CD486BA800F,0,0.7939769452449568,thermogalvanic redox conversion,host-guest complexation,0.0,0.7906238779174148,thermogalvanic redox conversion,host-guest complexation,both,False
CBA7A0F0CA3|CE4B0E242E7,0,0.8871510909839441,thermogalvanic redox conversion,interfacial charge transfer,0.0,0.8882585278276481,thermogalvanic redox conversion,interfacial charge transfer,both,False
CBA7A0F0CA3|CEBF8E29E0A,0,0.3583902840675175,thermogalvanic redox conversion,LiNO3,0.0,0.3666247755834829,thermogalvanic redox conversion,LiNO3,both,False
CBA7A0F0CA3|CFAFB569EDB,0,0.5765664882667765,thermogalvanic redox conversion,lithium bromide (LiBr),0.0,0.5804892280071813,thermogalvanic redox conversion,lithium bromide (LiBr),both,False
CBB2D87901B|CC028ABF9C6,0,0.2757760395224372,Li2CrO4,anti-freezing organohydrogel design,0.0,0.2842055655296229,Li2CrO4,anti-freezing organohydrogel design,both,False
CBB2D87901B|CC506F97717,0,0.2300329353643474,Li2CrO4,CO3,0.0,0.2352333931777378,Li2CrO4,CO3,both,False
CBB2D87901B|CC5968B917E,0,0.1736969946480032,Li2CrO4,convection and mass transport,0.0,0.1821903052064632,Li2CrO4,convection and mass transport,both,False
CBB2D87901B|CCAABE058E7,0,0.363314121037464,Li2CrO4,ferri/ferrocyanide redox chemistry,0.0,0.3710771992818671,Li2CrO4,ferri/ferrocyanide redox chemistry,both,False
CBB2D87901B|CD0FD071A10,0,0.2331206257719226,Li2CrO4,carbon cloth,0.0,0.2390843806104129,Li2CrO4,carbon cloth,both,False
CBB2D87901B|CD3462DB8FF,0,0.2592548373816385,Li2CrO4,CuSO4,0.0,0.2654757630161579,Li2CrO4,CuSO4,both,False
CBB2D87901B|CD486BA800F,0,0.1899711815561959,Li2CrO4,host-guest complexation,0.0,0.1972935368043087,Li2CrO4,host-guest complexation,both,False
CBB2D87901B|CDAC0413DCA,0,0.3108727871552079,gelatin-based polymer family,Li2CrO4,0.0,0.3088554757630161,Li2CrO4,gelatin-based polymer family,both,False
CBB2D87901B|CE2D00B183C,0,0.1474598600247015,Li2CrO4,redox-kinetics enhancement,0.0,0.1552827648114901,Li2CrO4,redox-kinetics enhancement,both,False
CBB2D87901B|CE4B0E242E7,0,0.159534787978592,Li2CrO4,interfacial charge transfer,0.0,0.1680430879712746,Li2CrO4,interfacial charge transfer,both,False
CBB2D87901B|CE6FC512ED2,0,0.1994606834088102,Li2CrO4,dynamic crosslinked gel network,0.0,0.1905385996409335,Li2CrO4,dynamic crosslinked gel network,both,False
CBB2D87901B|CEA29EF1A99,0,0.2088554960889255,Li2CrO4,thermal-gradient heat-transfer control,0.0,0.2114766606822262,Li2CrO4,thermal-gradient heat-transfer control,both,False
CBB2D87901B|CEA9836CD32,0,0.1898229724166323,Li2CrO4,molten salt,0.0,0.1974820466786355,Li2CrO4,molten salt,both,False
CBB2D87901B|CF203EF8121,0,0.1742363112391931,Li2CrO4,Eastman entropy of transfer,0.0,0.1839093357271095,Li2CrO4,Eastman entropy of transfer,both,False
CBB2D87901B|CF2C5201A37,0,0.1771058048579662,Li2CrO4,porous-electrode area enhancement,0.0,0.1835906642728904,Li2CrO4,porous-electrode area enhancement,both,False
CBB2D87901B|CFBB5A400A1,0,0.2340551667352819,Li2CrO4,cation-anion thermodiffusion asymmetry,0.0,0.2435412926391382,Li2CrO4,cation-anion thermodiffusion asymmetry,both,False
CC028ABF9C6|CC506F97717,0,0.2118443804034582,anti-freezing organohydrogel design,CO3,0.0,0.2167280071813285,anti-freezing organohydrogel design,CO3,both,False
CC028ABF9C6|CC5968B917E,0,0.7598682585426101,anti-freezing organohydrogel design,convection and mass transport,0.0,0.7565080789946138,anti-freezing organohydrogel design,convection and mass transport,both,False
CC028ABF9C6|CD0FD071A10,0,0.7768670234664471,anti-freezing organohydrogel design,carbon cloth,0.0,0.7721319569120286,anti-freezing organohydrogel design,carbon cloth,both,False
CC028ABF9C6|CD3462DB8FF,0,0.7847838616714699,anti-freezing organohydrogel design,CuSO4,0.0,0.7839003590664273,anti-freezing organohydrogel design,CuSO4,both,False
CC028ABF9C6|CD486BA800F,0,0.5133676410045286,anti-freezing organohydrogel design,host-guest complexation,0.0,0.5173518850987432,anti-freezing organohydrogel design,host-guest complexation,both,False
CC028ABF9C6|CE2D00B183C,0,0.6585755454919718,anti-freezing organohydrogel design,redox-kinetics enhancement,0.0,0.7113554757630162,anti-freezing organohydrogel design,redox-kinetics enhancement,both,False
CC028ABF9C6|CE6FC512ED2,1,0.8704816797035818,anti-freezing organohydrogel design,dynamic crosslinked gel network,1.0,0.8635278276481149,anti-freezing organohydrogel design,dynamic crosslinked gel network,both,False
CC028ABF9C6|CEA9836CD32,0,0.4712021407986825,anti-freezing organohydrogel design,molten salt,0.0,0.4753141831238778,anti-freezing organohydrogel design,molten salt,both,False
CC028ABF9C6|CEBF8E29E0A,0,0.240304652120214,anti-freezing organohydrogel design,LiNO3,0.0,0.2471499102333932,anti-freezing organohydrogel design,LiNO3,both,False
CC028ABF9C6|CF203EF8121,0,0.5350802799505969,anti-freezing organohydrogel design,Eastman entropy of transfer,0.0,0.6092504488330341,anti-freezing organohydrogel design,Eastman entropy of transfer,both,False
CC028ABF9C6|CF2C5201A37,0,0.8522025524907368,anti-freezing organohydrogel design,porous-electrode area enhancement,0.0,0.8538734290843806,anti-freezing organohydrogel design,porous-electrode area enhancement,both,False
CC028ABF9C6|CFAFB569EDB,1,0.5043515850144092,anti-freezing organohydrogel design,lithium bromide (LiBr),1.0,0.5098653500897665,anti-freezing organohydrogel design,lithium bromide (LiBr),both,False
CC028ABF9C6|CFBB5A400A1,1,0.5395018526142445,anti-freezing organohydrogel design,cation-anion thermodiffusion asymmetry,1.0,0.5446095152603232,anti-freezing organohydrogel design,cation-anion thermodiffusion asymmetry,both,False
CC506F97717|CC5968B917E,0,0.1908027995059695,CO3,convection and mass transport,0.0,0.1971140035906642,CO3,convection and mass transport,both,False
CC506F97717|CCAABE058E7,0,0.315327295183203,CO3,ferri/ferrocyanide redox chemistry,0.0,0.3212163375224416,CO3,ferri/ferrocyanide redox chemistry,both,False
CC506F97717|CD0FD071A10,0,0.2540263482914779,CO3,carbon cloth,0.0,0.2603949730700179,CO3,carbon cloth,both,False
CC506F97717|CD3462DB8FF,0,0.2575833676410045,CO3,CuSO4,0.0,0.263653500897666,CO3,CuSO4,both,False
CC506F97717|CD486BA800F,0,0.18863318237958,CO3,host-guest complexation,0.0,0.1964811490125673,CO3,host-guest complexation,both,False
CC506F97717|CDAC0413DCA,0,0.2898970769864141,gelatin-based polymer family,CO3,0.0,0.2879263913824058,CO3,gelatin-based polymer family,both,False
CC506F97717|CE2D00B183C,0,0.1548662000823384,CO3,redox-kinetics enhancement,0.0,0.1628725314183123,CO3,redox-kinetics enhancement,both,False
CC506F97717|CE4B0E242E7,0,0.1837011115685467,CO3,interfacial charge transfer,0.0,0.1912657091561938,CO3,interfacial charge transfer,both,False
CC506F97717|CE6FC512ED2,0,0.1918896665294359,CO3,dynamic crosslinked gel network,0.0,0.1977603231597845,CO3,dynamic crosslinked gel network,both,False
CC506F97717|CEA29EF1A99,0,0.198328530259366,CO3,thermal-gradient heat-transfer control,0.0,0.2002692998204668,CO3,thermal-gradient heat-transfer control,both,False
CC506F97717|CEA9836CD32,0,0.184359818855496,CO3,molten salt,0.0,0.192226211849192,CO3,molten salt,both,False
CC506F97717|CEBF8E29E0A,0,0.2334911486208316,CO3,LiNO3,0.0,0.2385188509874326,CO3,LiNO3,both,False
CC506F97717|CF203EF8121,0,0.1684026348291478,CO3,Eastman entropy of transfer,0.0,0.1772531418312387,CO3,Eastman entropy of transfer,both,False
CC506F97717|CF2C5201A37,0,0.1907039934129271,CO3,porous-electrode area enhancement,0.0,0.1966023339317773,CO3,porous-electrode area enhancement,both,False
CC506F97717|CFAFB569EDB,0,0.2149403046521202,CO3,lithium bromide (LiBr),0.0,0.2212567324955116,CO3,lithium bromide (LiBr),both,False
CC506F97717|CFBB5A400A1,0,0.2338534376286538,CO3,cation-anion thermodiffusion asymmetry,0.0,0.2411265709156194,CO3,cation-anion thermodiffusion asymmetry,both,False
CC5968B917E|CD0FD071A10,0,0.6805104981473856,convection and mass transport,carbon cloth,0.0,0.6745152603231598,convection and mass transport,carbon cloth,both,False
CC5968B917E|CD486BA800F,0,0.2797406340057637,convection and mass transport,host-guest complexation,0.0,0.2909605026929982,convection and mass transport,host-guest complexation,both,False
CC5968B917E|CDAC0413DCA,0,0.7196130094689173,gelatin-based polymer family,convection and mass transport,0.0,0.709367145421903,convection and mass transport,gelatin-based polymer family,both,False
CC5968B917E|CE4B0E242E7,1,0.8044380403458212,convection and mass transport,interfacial charge transfer,1.0,0.8043312387791741,convection and mass transport,interfacial charge transfer,both,False
CC5968B917E|CE6FC512ED2,0,0.4588472622478386,convection and mass transport,dynamic crosslinked gel network,0.0,0.4667863554757629,convection and mass transport,dynamic crosslinked gel network,both,False
CC5968B917E|CEA9836CD32,0,0.5731576780568135,convection and mass transport,molten salt,0.0,0.5639497307001795,convection and mass transport,molten salt,both,False
CC5968B917E|CEBF8E29E0A,0,0.1707822149032523,convection and mass transport,LiNO3,0.0,0.1790125673249551,convection and mass transport,LiNO3,both,False
CC5968B917E|CF203EF8121,0,0.6530300535199671,convection and mass transport,Eastman entropy of transfer,0.0,0.7094389587073608,convection and mass transport,Eastman entropy of transfer,both,False
CC5968B917E|CF2C5201A37,0,0.7945162618361465,convection and mass transport,porous-electrode area enhancement,0.0,0.7959245960502693,convection and mass transport,porous-electrode area enhancement,both,False
CC5968B917E|CFAFB569EDB,0,0.2158871963771099,convection and mass transport,lithium bromide (LiBr),0.0,0.2250628366247755,convection and mass transport,lithium bromide (LiBr),both,False
CC5968B917E|CFBB5A400A1,0,0.5844750926307122,convection and mass transport,cation-anion thermodiffusion asymmetry,0.0,0.5893402154398564,convection and mass transport,cation-anion thermodiffusion asymmetry,both,False
CCAABE058E7|CD486BA800F,1,0.7965788390284065,ferri/ferrocyanide redox chemistry,host-guest complexation,1.0,0.795682226211849,ferri/ferrocyanide redox chemistry,host-guest complexation,both,False
CCAABE058E7|CE6FC512ED2,1,0.7784932070811033,ferri/ferrocyanide redox chemistry,dynamic crosslinked gel network,1.0,0.763092459605027,ferri/ferrocyanide redox chemistry,dynamic crosslinked gel network,both,False
CCAABE058E7|CEA9836CD32,0,0.6910539316591189,ferri/ferrocyanide redox chemistry,molten salt,0.0,0.6829263913824057,ferri/ferrocyanide redox chemistry,molten salt,both,False
CCAABE058E7|CEBF8E29E0A,0,0.3588184438040346,ferri/ferrocyanide redox chemistry,LiNO3,0.0,0.366229802513465,ferri/ferrocyanide redox chemistry,LiNO3,both,False
CCAABE058E7|CFAFB569EDB,1,0.5541210374639769,ferri/ferrocyanide redox chemistry,lithium bromide (LiBr),1.0,0.5556956912028725,ferri/ferrocyanide redox chemistry,lithium bromide (LiBr),both,False
CCAABE058E7|CFBB5A400A1,1,0.7919390695759572,ferri/ferrocyanide redox chemistry,cation-anion thermodiffusion asymmetry,1.0,0.7916651705565529,ferri/ferrocyanide redox chemistry,cation-anion thermodiffusion asymmetry,both,False
CD0FD071A10|CD3462DB8FF,0,0.751613832853026,carbon cloth,CuSO4,0.0,0.7432899461400357,carbon cloth,CuSO4,both,False
CD0FD071A10|CD486BA800F,0,0.2174104569781803,carbon cloth,host-guest complexation,0.0,0.2224416517055655,carbon cloth,host-guest complexation,both,False
CD0FD071A10|CDAC0413DCA,1,0.8395553725813091,gelatin-based polymer family,carbon cloth,1.0,0.8167504488330342,carbon cloth,gelatin-based polymer family,both,False
CD0FD071A10|CE2D00B183C,1,0.6481062165500205,carbon cloth,redox-kinetics enhancement,1.0,0.6977692998204668,carbon cloth,redox-kinetics enhancement,both,False
CD0FD071A10|CE4B0E242E7,1,0.7729559489501852,carbon cloth,interfacial charge transfer,1.0,0.7674192100538599,carbon cloth,interfacial charge transfer,both,False
CD0FD071A10|CE6FC512ED2,1,0.6242280773981062,carbon cloth,dynamic crosslinked gel network,1.0,0.5898070017953321,carbon cloth,dynamic crosslinked gel network,both,False
CD0FD071A10|CEA29EF1A99,0,0.7881144503911075,carbon cloth,thermal-gradient heat-transfer control,0.0,0.780637342908438,carbon cloth,thermal-gradient heat-transfer control,both,False
CD0FD071A10|CEA9836CD32,0,0.448233841086867,carbon cloth,molten salt,0.0,0.4516561938958707,carbon cloth,molten salt,both,False
CD0FD071A10|CEBF8E29E0A,0,0.2486825854261012,carbon cloth,LiNO3,0.0,0.2540035906642729,carbon cloth,LiNO3,both,False
CD0FD071A10|CF203EF8121,0,0.5693577603952243,carbon cloth,Eastman entropy of transfer,0.0,0.6160368043087971,carbon cloth,Eastman entropy of transfer,both,False
CD0FD071A10|CFAFB569EDB,0,0.2502387813915191,carbon cloth,lithium bromide (LiBr),0.0,0.2572351885098743,carbon cloth,lithium bromide (LiBr),both,False
CD0FD071A10|CFBB5A400A1,0,0.5931247426924661,carbon cloth,cation-anion thermodiffusion asymmetry,0.0,0.582464093357271,carbon cloth,cation-anion thermodiffusion asymmetry,both,False
CD3462DB8FF|CD486BA800F,0,0.4571757925072045,CuSO4,host-guest complexation,0.0,0.4599236983842011,CuSO4,host-guest complexation,both,False
CD3462DB8FF|CDAC0413DCA,0,0.8450885137916837,gelatin-based polymer family,CuSO4,0.0,0.8273070017953321,CuSO4,gelatin-based polymer family,both,False
CD3462DB8FF|CE2D00B183C,0,0.6737216961712639,CuSO4,redox-kinetics enhancement,0.0,0.7108976660682226,CuSO4,redox-kinetics enhancement,both,False
CD3462DB8FF|CE6FC512ED2,0,0.457369287772746,CuSO4,dynamic crosslinked gel network,0.0,0.4652962298025134,CuSO4,dynamic crosslinked gel network,both,False
CD3462DB8FF|CEA29EF1A99,0,0.7791724989707697,CuSO4,thermal-gradient heat-transfer control,0.0,0.7749281867145421,CuSO4,thermal-gradient heat-transfer control,both,False
CD3462DB8FF|CEBF8E29E0A,0,0.2588102099629477,CuSO4,LiNO3,0.0,0.2650448833034111,CuSO4,LiNO3,both,False
CD3462DB8FF|CF203EF8121,0,0.6243927542198435,CuSO4,Eastman entropy of transfer,0.0,0.6718895870736086,CuSO4,Eastman entropy of transfer,both,False
CD3462DB8FF|CF2C5201A37,0,0.7782420749279539,CuSO4,porous-electrode area enhancement,0.0,0.7806732495511669,CuSO4,porous-electrode area enhancement,both,False
CD3462DB8FF|CFAFB569EDB,0,0.2611074516261836,CuSO4,lithium bromide (LiBr),0.0,0.2706463195691203,CuSO4,lithium bromide (LiBr),both,False
CD3462DB8FF|CFBB5A400A1,0,0.6032029641827912,CuSO4,cation-anion thermodiffusion asymmetry,0.0,0.5983527827648115,CuSO4,cation-anion thermodiffusion asymmetry,both,False
CD486BA800F|CDAC0413DCA,0,0.3315232606010704,gelatin-based polymer family,host-guest complexation,0.0,0.3540978456014362,host-guest complexation,gelatin-based polymer family,both,False
CD486BA800F|CE2D00B183C,0,0.2427583367641004,host-guest complexation,redox-kinetics enhancement,0.0,0.2575359066427288,host-guest complexation,redox-kinetics enhancement,both,False
CD486BA800F|CE4B0E242E7,0,0.4963277068752572,host-guest complexation,interfacial charge transfer,0.0,0.5001301615798922,host-guest complexation,interfacial charge transfer,both,False
CD486BA800F|CE6FC512ED2,0,0.2637587484561548,host-guest complexation,dynamic crosslinked gel network,0.0,0.2802962298025134,host-guest complexation,dynamic crosslinked gel network,both,False
CD486BA800F|CEA29EF1A99,0,0.4847838616714697,host-guest complexation,thermal-gradient heat-transfer control,0.0,0.4849640933572711,host-guest complexation,thermal-gradient heat-transfer control,both,False
CD486BA800F|CEA9836CD32,0,0.4414203375874845,host-guest complexation,molten salt,0.0,0.4404039497307002,host-guest complexation,molten salt,both,False
CD486BA800F|CEBF8E29E0A,0,0.1909098394400988,host-guest complexation,LiNO3,0.0,0.1983707360861759,host-guest complexation,LiNO3,both,False
CD486BA800F|CF203EF8121,0,0.4975668999588307,host-guest complexation,Eastman entropy of transfer,0.0,0.4953411131059246,host-guest complexation,Eastman entropy of transfer,both,False
CD486BA800F|CF2C5201A37,0,0.2523219431864965,host-guest complexation,porous-electrode area enhancement,0.0,0.2595332136445242,host-guest complexation,porous-electrode area enhancement,both,False
CD486BA800F|CFAFB569EDB,0,0.200247015232606,host-guest complexation,lithium bromide (LiBr),0.0,0.2093850987432674,host-guest complexation,lithium bromide (LiBr),both,False
CD486BA800F|CFBB5A400A1,0,0.5231988472622477,host-guest complexation,cation-anion thermodiffusion asymmetry,0.0,0.5258348294434471,host-guest complexation,cation-anion thermodiffusion asymmetry,both,False
CDAC0413DCA|CE2D00B183C,1,0.6513338822560725,gelatin-based polymer family,redox-kinetics enhancement,1.0,0.7002962298025134,gelatin-based polymer family,redox-kinetics enhancement,both,False
CDAC0413DCA|CEA29EF1A99,0,0.8019843557019349,gelatin-based polymer family,thermal-gradient heat-transfer control,0.0,0.7664766606822262,gelatin-based polymer family,thermal-gradient heat-transfer control,both,False
CDAC0413DCA|CEA9836CD32,0,0.5149444215726636,gelatin-based polymer family,molten salt,0.0,0.4940394973070017,gelatin-based polymer family,molten salt,both,False
CDAC0413DCA|CEBF8E29E0A,0,0.3092918896665294,gelatin-based polymer family,LiNO3,0.0,0.3067549371633752,gelatin-based polymer family,LiNO3,both,False
CDAC0413DCA|CF203EF8121,0,0.6299917661589132,gelatin-based polymer family,Eastman entropy of transfer,0.0,0.6828186714542189,gelatin-based polymer family,Eastman entropy of transfer,both,False
CDAC0413DCA|CFAFB569EDB,0,0.341576780568135,gelatin-based polymer family,lithium bromide (LiBr),0.0,0.3407405745062836,gelatin-based polymer family,lithium bromide (LiBr),both,False
CDAC0413DCA|CFBB5A400A1,1,0.6096047756278304,gelatin-based polymer family,cation-anion thermodiffusion asymmetry,1.0,0.5883168761220826,gelatin-based polymer family,cation-anion thermodiffusion asymmetry,both,False
CE2D00B183C|CE4B0E242E7,1,0.699287772745986,redox-kinetics enhancement,interfacial charge transfer,1.0,0.7494210053859964,redox-kinetics enhancement,interfacial charge transfer,both,False
CE2D00B183C|CE6FC512ED2,1,0.4160806916426513,redox-kinetics enhancement,dynamic crosslinked gel network,1.0,0.419483842010772,redox-kinetics enhancement,dynamic crosslinked gel network,both,False
CE2D00B183C|CEA29EF1A99,0,0.7232894195142033,redox-kinetics enhancement,thermal-gradient heat-transfer control,0.0,0.7579667863554757,redox-kinetics enhancement,thermal-gradient heat-transfer control,both,False
CE2D00B183C|CEA9836CD32,0,0.4453972828324413,redox-kinetics enhancement,molten salt,0.0,0.4486445242369838,redox-kinetics enhancement,molten salt,both,False
CE2D00B183C|CEBF8E29E0A,0,0.1439028406751749,redox-kinetics enhancement,LiNO3,0.0,0.1515664272890484,redox-kinetics enhancement,LiNO3,both,False
CE2D00B183C|CF203EF8121,0,0.596039522437217,redox-kinetics enhancement,Eastman entropy of transfer,0.0,0.645475763016158,redox-kinetics enhancement,Eastman entropy of transfer,both,False
CE2D00B183C|CF2C5201A37,1,0.7683120625771922,redox-kinetics enhancement,porous-electrode area enhancement,1.0,0.8041651705565529,redox-kinetics enhancement,porous-electrode area enhancement,both,False
CE2D00B183C|CFAFB569EDB,0,0.163342939481268,redox-kinetics enhancement,lithium bromide (LiBr),0.0,0.1746992818671453,redox-kinetics enhancement,lithium bromide (LiBr),both,False
CE2D00B183C|CFBB5A400A1,1,0.4814285714285714,redox-kinetics enhancement,cation-anion thermodiffusion asymmetry,1.0,0.4920646319569121,redox-kinetics enhancement,cation-anion thermodiffusion asymmetry,both,False
CE4B0E242E7|CE6FC512ED2,1,0.4988431453272952,interfacial charge transfer,dynamic crosslinked gel network,1.0,0.4924147217235188,interfacial charge transfer,dynamic crosslinked gel network,both,False
CE4B0E242E7|CEA29EF1A99,0,0.8390366405928366,interfacial charge transfer,thermal-gradient heat-transfer control,0.0,0.8383213644524237,interfacial charge transfer,thermal-gradient heat-transfer control,both,False
CE4B0E242E7|CEA9836CD32,0,0.5022807739810622,interfacial charge transfer,molten salt,0.0,0.5072396768402154,interfacial charge transfer,molten salt,both,False
CE4B0E242E7|CEBF8E29E0A,0,0.1565706051873198,interfacial charge transfer,LiNO3,0.0,0.1649192100538599,interfacial charge transfer,LiNO3,both,False
CE4B0E242E7|CF203EF8121,0,0.4665870728694936,interfacial charge transfer,Eastman entropy of transfer,0.0,0.5648294434470377,interfacial charge transfer,Eastman entropy of transfer,both,False
CE4B0E242E7|CFAFB569EDB,0,0.2098270893371758,interfacial charge transfer,lithium bromide (LiBr),0.0,0.2191023339317773,interfacial charge transfer,lithium bromide (LiBr),both,False
CE4B0E242E7|CFBB5A400A1,1,0.3288060930424042,interfacial charge transfer,cation-anion thermodiffusion asymmetry,1.0,0.337024236983842,interfacial charge transfer,cation-anion thermodiffusion asymmetry,both,False
CE6FC512ED2|CEA29EF1A99,0,0.4821449156031289,dynamic crosslinked gel network,thermal-gradient heat-transfer control,0.0,0.4770960502692998,dynamic crosslinked gel network,thermal-gradient heat-transfer control,both,False
CE6FC512ED2|CEA9836CD32,0,0.4431535611362701,dynamic crosslinked gel network,molten salt,0.0,0.4319793536804308,dynamic crosslinked gel network,molten salt,both,False
CE6FC512ED2|CEBF8E29E0A,0,0.2048456154796212,dynamic crosslinked gel network,LiNO3,0.0,0.2002333931777378,dynamic crosslinked gel network,LiNO3,both,False
CE6FC512ED2|CF203EF8121,0,0.409287772745986,dynamic crosslinked gel network,Eastman entropy of transfer,0.0,0.4136669658886894,dynamic crosslinked gel network,Eastman entropy of transfer,both,False
CE6FC512ED2|CF2C5201A37,0,0.5998435570193494,dynamic crosslinked gel network,porous-electrode area enhancement,0.0,0.5926974865350089,dynamic crosslinked gel network,porous-electrode area enhancement,both,False
CE6FC512ED2|CFAFB569EDB,0,0.23191848497324,dynamic crosslinked gel network,lithium bromide (LiBr),0.0,0.2222890484739676,dynamic crosslinked gel network,lithium bromide (LiBr),both,False
CE6FC512ED2|CFBB5A400A1,1,0.4725524907369287,dynamic crosslinked gel network,cation-anion thermodiffusion asymmetry,1.0,0.4725987432675045,dynamic crosslinked gel network,cation-anion thermodiffusion asymmetry,both,False
CEA29EF1A99|CEA9836CD32,0,0.4619843557019349,thermal-gradient heat-transfer control,molten salt,0.0,0.4647935368043088,thermal-gradient heat-transfer control,molten salt,both,False
CEA29EF1A99|CEBF8E29E0A,0,0.2089543021819678,thermal-gradient heat-transfer control,LiNO3,0.0,0.2115843806104129,thermal-gradient heat-transfer control,LiNO3,both,False
CEA29EF1A99|CF203EF8121,0,0.6695142033758748,thermal-gradient heat-transfer control,Eastman entropy of transfer,0.0,0.7235906642728904,thermal-gradient heat-transfer control,Eastman entropy of transfer,both,False
CEA29EF1A99|CFAFB569EDB,1,0.2501564429806505,thermal-gradient heat-transfer control,lithium bromide (LiBr),1.0,0.2516561938958707,thermal-gradient heat-transfer control,lithium bromide (LiBr),both,False
CEA29EF1A99|CFBB5A400A1,0,0.5758871963771099,thermal-gradient heat-transfer control,cation-anion thermodiffusion asymmetry,0.0,0.576508078994614,thermal-gradient heat-transfer control,cation-anion thermodiffusion asymmetry,both,False
CEA9836CD32|CEBF8E29E0A,0,0.1862659530671058,molten salt,LiNO3,0.0,0.1938734290843806,molten salt,LiNO3,both,False
CEA9836CD32|CF203EF8121,0,0.5817990942774806,molten salt,Eastman entropy of transfer,0.0,0.5791068222621185,molten salt,Eastman entropy of transfer,both,False
CEA9836CD32|CF2C5201A37,0,0.4889501852614245,molten salt,porous-electrode area enhancement,0.0,0.495318671454219,molten salt,porous-electrode area enhancement,both,False
CEA9836CD32|CFAFB569EDB,0,0.2609633594071635,molten salt,lithium bromide (LiBr),0.0,0.2680385996409335,molten salt,lithium bromide (LiBr),both,False
CEA9836CD32|CFBB5A400A1,0,0.6034293948126801,molten salt,cation-anion thermodiffusion asymmetry,0.0,0.5993671454219031,molten salt,cation-anion thermodiffusion asymmetry,both,False
CEBF8E29E0A|CF203EF8121,0,0.1780897488678468,LiNO3,Eastman entropy of transfer,0.0,0.1876795332136445,LiNO3,Eastman entropy of transfer,both,False
CEBF8E29E0A|CF2C5201A37,0,0.1901482091395636,LiNO3,porous-electrode area enhancement,0.0,0.1974326750448833,LiNO3,porous-electrode area enhancement,both,False
CEBF8E29E0A|CFBB5A400A1,0,0.2242733635240839,LiNO3,cation-anion thermodiffusion asymmetry,0.0,0.2336310592459605,LiNO3,cation-anion thermodiffusion asymmetry,both,False
CF203EF8121|CF2C5201A37,0,0.5935240839851791,Eastman entropy of transfer,porous-electrode area enhancement,0.0,0.6510008976660682,Eastman entropy of transfer,porous-electrode area enhancement,both,False
CF203EF8121|CFAFB569EDB,0,0.1998764923836969,Eastman entropy of transfer,lithium bromide (LiBr),0.0,0.2138554757630161,Eastman entropy of transfer,lithium bromide (LiBr),both,False
CF203EF8121|CFBB5A400A1,0,0.7205022643062989,Eastman entropy of transfer,cation-anion thermodiffusion asymmetry,0.0,0.7184245960502693,Eastman entropy of transfer,cation-anion thermodiffusion asymmetry,both,False
CF2C5201A37|CFAFB569EDB,0,0.2196912309592425,porous-electrode area enhancement,lithium bromide (LiBr),0.0,0.2279174147217234,porous-electrode area enhancement,lithium bromide (LiBr),both,False
CF2C5201A37|CFBB5A400A1,0,0.4942157266364759,porous-electrode area enhancement,cation-anion thermodiffusion asymmetry,0.0,0.4983438061041292,porous-electrode area enhancement,cation-anion thermodiffusion asymmetry,both,False
CFAFB569EDB|CFBB5A400A1,0,0.2628077398106216,lithium bromide (LiBr),cation-anion thermodiffusion asymmetry,0.0,0.2721947935368043,lithium bromide (LiBr),cation-anion thermodiffusion asymmetry,both,False
