文章名,期刊名,DOI,年份,摘要,材料,机制
A thermogalvanic cell dressing for smart wound monitoring and accelerated healing,NATURE BIOMEDICAL ENGINEERING,10.1038/s41551-025-01440-6,2026,"Current smart dressings with wound monitoring and electrical stimulation capabilities rely on flexible electronics comprising various sensors and external power sources. Despite increasing efforts to integrate all these components onto flexible, breathable and biocompatible substrates, realizing a zero-power electrical stimulation without compromising the clinical applicability remains challenging. Here we report a solution that harnesses the temperature gradient between the wound and dressing to generate an electric stimulus that provides active wound healing management. This was achieved by a thermogalvanic cell (TGC) dressing composed of Fe2+/Fe3+ cross-linked alginate hydrogel reinforced by nanofibres. The TGC dressing exhibits biocompatibility, antibacterial performance, easy re-shaping and moisture permeability. Moreover, the TGC dressing generates an exogenous electric field, promoting the spontaneous acceleration of wound healing. We additionally integrate a sensing system that can monitor respiration rate. In the large porcine wound model, the wound healing rate of a TGC-bandaged group is improved by about 20.6% on day 14 compared with an untreated group. Our wireless wound monitoring system may facilitate real-time monitoring of common wound models at different wound development stages.",Fe2+/Fe3+ cross-linked alginate hydrogel reinforced by nanofibres thermogalvanic cell dressing,"wound-dressing temperature gradient drives thermogalvanic voltage/electric field for stimulation, while hydrogel provides biocompatible antibacterial moist interface"
Solvation entropy engineering of thermogalvanic electrolytes for efficient electrochemical refrigeration,JOULE,10.1016/j.joule.2025.101822,2025,"Emerging thermogalvanic systems can not only convert heat into electricity but also enable electrochemical refrigeration. However, their fundamental electrolytes meet challenges toward high cooling performance due to the absence of rational design principles. Developing thermogalvanic electrolytes with high-temperature coefficients and low heat capacity is the key to efficient electrochemical refrigeration. Here, we report an iron- based electrolyte design strategy by synergistic binary solvent and anion engineering, which rearranges the solvation shell of Fe2+/3+ ions to achieve a high-temperature coefficient of 3.73 mV K-1 with decreased heat capacity. The comprehensive analyses reveal that the weak Fe2+/3+-ClO4- interactions, accompanied by selective association between Fe2+ and nitrile solvents, fully enlarge the entropy change available for electrochemical refrigeration. As a result, the optimized electrolyte could potentially reach '70% improvement of cooling power, and a direct cooling of electrolyte '1.42 K was demonstrated with only 0.11 W cm-2 input, showing promise for practical electrochemical refrigeration.","iron-based thermogalvanic electrolyte with Fe2+/Fe3+, ClO4-, nitrile solvents, binary solvent system",weak Fe-ClO4 interactions and selective Fe2+-nitrile solvation enlarge redox entropy change and reduce heat capacity for electrochemical cooling
A n-Type ionic thermoelectric generator with high thermopower and energy density enabled by modulation of thermodiffusion and thermogalvanic effect,CHEMICAL ENGINEERING JOURNAL,10.1016/j.cej.2025.161288,2025,"Ionic thermoelectric generators (i-TEGs), capable of generating several tens of millivolts per Kelvin, have emerged as a promising technology for powering mu W or mW-level electric devices by recovering low-grade heat energy. However, the development of n-type i-TE materials still fall behind. In this work, a n-type i-TEG with both high thermopower and energy density was achieved by balancing thermodiffusion effect and thermogalvanic effect in the hydrogel with the Fe2+/3+ redox couple. It's found that the thermopower generated by the hydrogels show a significant dependence on Fe2+/3+ concentration due to the complexation interaction between Fe2+/3+and Cl- species. On the other hand, the increase in Fe2+/3+ concentration also leads to the decrease in electron transfer resistance, thus resulting in the ISC value increase in the device. Consequently, the device based on gel Gel-Fe24 exhibits a balanced and high VOC and ISC, delivering a maximum Pmax/(Delta T)2 of 2.78 mW m-2 K-2 at Delta T = 10 K. In i-TE generator mode, the i-TEG with gel Gel-Fe24 can output a maximum energy density of 456J m-2 within the 1-hour discharging, and exhibit relatively good cyclic stability. A thermoelectric module consisting of seven thermoelectric cells in series was demonstrated to output a thermovoltage of -2.75 V and an instantaneous power of 0.278 mW, capable of continuously powering low-power electronic devices. This study illustrates the impact of Fe2+/3+ concentration on the thermopower and output performance of the i-TEG, providing an optimization route for the preparation of high-performance n-type ionic thermoelectric devices.",Fe2+/Fe3+ redox hydrogel Gel-Fe24 n-type ionic thermoelectric generator,Fe2+/Fe3+-Cl- complexation balances thermodiffusion thermopower and thermogalvanic current by tuning redox concentration
Deep-Learning-Assisted Thermogalvanic Hydrogel E-Skin for Self-Powered Signature Recognition and Biometric Authentication,ADVANCED FUNCTIONAL MATERIALS,10.1002/adfm.202314419,2024,"Self-powered electronic skins (e-skins), as on-skin human-machine interfaces, play a significant role in cyber security and personal electronics. However, current self-powered e-skins are primarily constrained by complex fabricating process, intrinsic stiffness, signal distortion under deformation, and inadequate comprehensive performance, thereby hindering their practical applications. Herein, a novel highly stretchable (534.5%), ionic conductive (4.54 S m-1), thermogalvanic (1.82 mV K-1) hydrogel (TGH) is facilely fabricated by a one-pot method. Owing to the formation of Li+(H2O)n hydration structure, the TGH presents excellent anti-freezing and non-drying performance. It remains flexible and conductive (3.86 S m-1) at -20 degrees C and shows no obvious degradation in the thermoelectrical performance over 10 days. Besides, acting as a self-powered e-skin, the TGH combined with deep learning technology for signature recognition and biometric authentication is successfully demonstrated, achieving an accuracy of 92.97%. This work exhibits the TGH-based e-skin's tremendous potential in the new generation of human-computer interaction and information security. A highly stretchable (534.5%), conductive (4.54 S m-1), thermogalvanic (1.82 mV K-1) hydrogel is fabricated, which remains conductive (3.86 S m-1) at -20 degrees C and hardly shows degradation in thermoelectrical performance over 10 days. Besides, acting as a self-powered e-skin, the hydrogel is combined with deep learning technology for signature recognition and biometric authentication, achieving an accuracy of 92.97%.image",Li+(H2O)n thermogalvanic hydrogel,Li hydration structure gives antifreezing/non-drying ion conduction while thermal gradients generate self-powered biometric e-skin signals
Chaotropic Effect-Boosted Thermogalvanic Ionogel Thermocells for All-Weather Power Generation,ADVANCED MATERIALS,10.1002/adma.202312249,2024,"Ionic thermocells convert heat into electricity and are promising power sources for electronic devices. However, discontinuous and small electricity output limits practical use under varying environmental conditions. Here, a thermogalvanic ionogel with a high Seebeck coefficient (32.4 mV K-1) is designed. Thermocells that combine thermogalvanic ionogel-based thermocells, which realize all-weather power generation via passive radiative cooling, are also developed. These thermocells generate electricity continuously under varying weather conditions and over a wide temperature range (-40 to 90 degrees C), with a normalized power density of 25.84 mW m(-2) K-2. Advanced characterization shows that the chaotropic effect enhances the Seebeck coefficient, while the self-supplying temperature difference given the radiative cooling structure enables all-weather power generation. These results provide an effective strategy for developing practical thermocells suitable for diverse daily and seasonal variations.",thermogalvanic ionogel thermocells with chaotropic ions and radiative-cooling structure,chaotropic effect raises Seebeck coefficient and passive radiative cooling supplies sustained temperature difference for all-weather power
"Ultrastrong, flexible thermogalvanic armor with a Carnot-relative efficiency over 8%",NATURE COMMUNICATIONS,10.1038/s41467-024-51002-8,2024,"Body heat, a clean and ubiquitous energy source, is promising as a renewable resource to supply wearable electronics. Emerging tough thermogalvanic device could be a sustainable platform to convert body heat energy into electricity for powering wearable electronics if its Carnot-relative efficiency (eta(r)) reaches similar to 5%. However, maximizing both the eta(r) and mechanical strength of the device are mutually exclusive. Here, we develop a rational strategy to construct a flexible thermogalvanic armor (FTGA) with a eta(r) over 8% near room temperature, yet preserving mechanical robustness. The key to our design lies in simultaneously realizing the thermosensitive-crystallization and salting-out effect in the elaborately designed ion-transport highway to boost eta(r) and improve mechanical strength. The FTGA achieves an ultrahigh eta(r) of 8.53%, coupling with impressive mechanical toughness of 70.65 MJ m(-3) and substantial elongation (similar to 900%) together. Our strategy holds sustainable potential for harvesting body heat and powering wearable electronics without recharging.",flexible thermogalvanic armor with ion-transport highway,thermosensitive crystallization and salting-out simultaneously increase thermogalvanic efficiency and mechanical toughness
Bionic Multimodal Augmented Somatosensory Receptor Enabled by Thermogalvanic Hydrogel,ADVANCED SCIENCE,10.1002/advs.202505873,2025,"The emergence of an e-skin receptor is an optimal solution for restoring the hand function of patients with sensation disorder, while constructing an e-skin receptor with high sensitivity, self-supervised capability, and open-environmental stability remains challenging. Here, inspired by the human skin perception mechanism, an ultrasensitive self-powered multimodal fingertip receptor that integrates thermogalvanic hydrogels as active mechanoreceptors and thermoreceptors for entropy-stabilized material fingerprint perception is proposed. A micropatterned and gradient structure strategy is introduced to improve the sensitivity to 53.6 kPa-1 with a low detection limit of 1.9 Pa. By exploiting static thermovoltage and dynamic differential signals to visualize the unsteady interfacial heat conduction, different materials can be determined in 80 ms based on the fast and slow adaptive sensations of the receptor. The self-supervised thermovoltage compensation is realized by self-decoupling contact pressure and thermal contact coefficients of materials, accommodating variations in applied forces. Benefiting from the robust interfacial heat transfer process and thermoelectric conversion, the tactile perception mechanism demonstrates universality under various external surroundings and contact conditions. With the assistance of deep learning, the fingertip receptor can function as an augmented somatosensory receptor to accurately perceive cutaneous cues of objects with an accuracy of 95.5%, which provides the potential of intelligent haptic perception to human-machine interfaces and prosthetics.",thermogalvanic hydrogel multimodal fingertip receptor,static thermovoltage and dynamic interfacial heat-transfer signals enable pressure/temperature/material fingerprint sensing
Thermogalvanic hydrogel-based e-skin for self-powered on-body dual-modal temperature and strain sensing,MICROSYSTEMS & NANOENGINEERING,10.1038/s41378-024-00693-6,2024,"Sensing of both temperature and strain is crucial for various diagnostic and therapeutic purposes. Here, we present a novel hydrogel-based electronic skin (e-skin) capable of dual-mode sensing of temperature and strain. The thermocouple ion selected for this study is the iodine/triiodide (I-/I3 -) redox couple, which is a common component in everyday disinfectants. By leveraging the thermoelectric conversion in conjunction with the inherent piezoresistive effect of a gel electrolyte, self-powered sensing is achieved by utilizing the temperature difference between the human body and the external environment. The composite hydrogels synthesized from polyvinyl alcohol (PVA) monomers using a simple freeze-thaw method exhibit remarkable flexibility, extensibility, and adaptability to human tissue. The incorporation of zwitterions further augments the resistance of the hydrogel to dehydration and low temperatures, allowing maintenance of more than 90% of its weight after 48 h in the air. Given its robust thermal current response, the hydrogel was encapsulated and then integrated onto various areas of the human body, including the cheeks, fingers, and elbows. Furthermore, the detection of the head-down state and the monitoring of foot movements demonstrate the promising application of the hydrogel in supervising the neck posture of sedentary office workers and the activity status. The successful demonstration of self-powered on-body temperature and strain sensing opens up new possibilities for wearable intelligent electronics and robotics.",PVA hydrogel with I-/I3- redox couple and zwitterions,thermogalvanic redox conversion plus piezoresistive gel response enables self-powered temperature and strain sensing; zwitterions improve dehydration/cold resistance
In situ photocatalytically enhanced thermogalvanic cells for electricity and hydrogen production,SCIENCE,10.1126/science.adg0164,2023,"High-performance thermogalvanic cells have the potential to convert thermal energy into electricity, but their effectiveness is limited by the low concentration difference of redox ions. We report an in situ photocatalytically enhanced redox reaction that generates hydrogen and oxygen to realize a continuous concentration gradient of redox ions in thermogalvanic devices. A linear relation between thermopower and hydrogen production rate was established as an essential design principle for devices. The system exhibited a thermopower of 8.2 millivolts per kelvin and a solar-to-hydrogen efficiency of up to 0.4%. A large-area generator (112 square centimeters) consisting of 36 units yielded an open-circuit voltage of 4.4 volts and a power of 20.1 milliwatts, as well 0.5 millimoles of hydrogen and 0.2 millimoles of oxygen after 6 hours of outdoor operation.",photocatalytically enhanced thermogalvanic redox system,"photocatalytic hydrogen/oxygen generation maintains redox-ion concentration gradient, coupling hydrogen production with thermogalvanic power"
Water Evaporation-Enhanced Thermogalvanic Cell for Waste Steam Utilizing,ADVANCED FUNCTIONAL MATERIALS,10.1002/adfm.202503541,2025,"Huge amounts of thermal energy are wasted in the form of steam in the industrial production process. Thermogalvanic cell shows great potential in harnessing this low-grade thermal energy, and one challenge is to increase the output power. In this study, a water evaporation-enhanced thermogalvanic cell (WE-TGC) is developed that exposes the electrolyte to ambient air, utilizing spontaneous water evaporation to effectively regulate the electrolyte concentration distribution and cold-end temperature. When waste steam of 323 K is used as the heat source, the thermopower can be enhanced from traditional value (1.39 mV K-1) to 3.25 mV K-1 because of the additional electrolyte concentration gradient. The cold-end temperature of the WE-TGC can be even lower than the ambient temperature, resulting in an output power of 213.07 mW m-2, which is 1222% higher than that of the conventional thermogalvanic cell. This work offers a fresh perspective to enhance the performance of thermogalvanic cells and optimize the utilization of waste steam.",water evaporation-enhanced thermogalvanic cell electrolyte,"ambient evaporation creates electrolyte concentration gradient and sub-ambient cold side, boosting thermopower and output from waste steam"
Enhancing Thermogalvanic Efficiency through Electrostatic Interaction in Cationic Hydrogels,ACS APPLIED ENERGY MATERIALS,10.1021/acsaem.4c02835,2025,"Thermoelectric hydrogels have the potential to be used in energy conversion devices for harnessing ubiquitous low-grade heat and generating useful electricity. This can be achieved through the use of thermogalvanic cells based on redox chemistry. While significant attention has been focused toward maximizing voltage for a given temperature gradient in liquid-based thermocells, it is crucial to consider both voltage and current density for accurate power output estimation in the case of gel-based thermocells. Here, we analyze the influence of the functional groups and the redox pair concentration over the voltage and current density in two different hydrogels. Our results confirm a path to enhance the current density in thermogalvanic hydrogels by incorporating a cationic pair into a cationic electroactive network (CN). This approach facilitates the movement of redox pairs, therefore increasing the power density output.",cationic electroactive hydrogels with cationic redox pairs,electrostatic compatibility between cationic network and redox pair facilitates redox-pair transport and increases current/power density
Self-powered versatile on-hand virtual interface enabled by thermogalvanic hydrogel,CHEMICAL ENGINEERING JOURNAL,10.1016/j.cej.2025.167739,2025,"The growing demand for immersive human-machine interaction has exposed the limitations of conventional input devices, which often suffer from power dependency, conditional constraints, or cumbersome hardware. To address these drawbacks, we present a self-powered thermogalvanic-hydrogel virtual interface for versatile onhand interactions, which is composed of polyvinyl alcohol/trehalose networks absorbed with glycerol/water and exhibits high stretchability, strong adhesion, and rapid self-healing, inspired by algae's stress adaption. Leveraging the synergistic coupling of thermoelectricity and active piezoresistivity, the interface achieves selfpowered transduction of dynamic gestures into detectable electrical signals via its intrinsic response to body heat and real-time piezoresistive modulation under mechanical strain. With the aid of deep learning, the adaptive interface enables intuitive on-hand virtual interaction by translating sensory data into diverse interactive tasks-such as sign language recognition, keyboard text entry, and mouse control-with over 96% task-specific accuracy. This study offers an economical and straightforward approach to embodied interaction, fostering advancements in human-machine interfaces, virtual technologies, and wearable electronics.",PVA/trehalose/glycerol/water thermogalvanic hydrogel virtual interface,body-heat thermoelectricity and active piezoresistive modulation transduce hand gestures into self-powered signals
Deep-learning-enabled breathable thermogalvanic hydrogel array for self-powered mental monitoring,JOURNAL OF MATERIALS CHEMISTRY A,10.1039/d5ta00253b,2025,"Facial expression is vital for assessing psychological health, especially in adolescents. Current facial expression recognition systems face challenges such as poor breathability, limited electromechanical performance, and insufficient environmental stability. Here, an air-permeable self-powered hydrogel array designed for continuous mental monitoring based on facial expression recognition is proposed. The remarkable breathability of the patch composed of thermogalvanic hydrogel and gelatin films is achieved by the through-holes structure design. Additionally, the hydrogel leverages a double network structure and phytic acid with rich hydrogen ions, achieving a trade-off between mechanical (1.07 MPa) and electrical (34.4 mS cm-1) properties. Due to the multiple hydrogen bonds among phytic acid, glycerol, and water, the hydrogel maintains over 80% of its original electrical performance after 10 days, demonstrating its excellent environmental stability. Integrated with a deep learning algorithm, the hydrogel array can recognize six facial expressions with a high accuracy of 100% and provide long-term monitoring of mental states based on the positive-to-negative emotion ratio. This work paves the way for a new generation of wearable mental monitoring platform for healthcare and human-machine interfaces.","thermogalvanic hydrogel/gelatin breathable array with phytic acid, glycerol, water",through-hole breathable structure and hydrogen-bonded double network preserve ionic/electrical performance for facial-expression signals
Solid-state n-type thermodiffusion-assisted thermogalvanic cells with unprecedented thermal energy conversion,ENERGY & ENVIRONMENTAL SCIENCE,10.1039/d5ee01216c,2025,"Thermogalvanic (TG) cells are a promising technology for harvesting low-grade waste heat, but their practical applications have been hindered by low thermopower and output power density. Here, we report for the first time a solid-state n-type thermodiffusion (TD)-assisted TG cell based on a PEDOT:PSS/Fe(ClO4)(2/3) polymer complex. The strategic design of the polymer complex, featuring electrostatic interactions between the PEDOT:PSS matrix and the Fe2+/3+ ions, enables the liberation of ClO4- ions, enhancing thermodiffusion and ionic conductivity. This mechanism results in a remarkable ionic Seebeck coefficient of -40.05 mV K-1 and a record-high normalized maximum power density of 56.57 mW m(-2) K-2. The TD-assisted TG cell demonstrates excellent stability for >50 charge-discharge cycles. A 16-paired TG module generates 360 mu W, sufficient to power commercial electronic devices. A wearable device showcases the practical applicability by harvesting body heat and producing 1.5 V. These findings represent a significant advancement in thermal energy harvesting and pave the way for practical TG-based energy conversion technologies.",PEDOT:PSS/Fe(ClO4)2/3 solid-state n-type thermogalvanic polymer complex,"PEDOT:PSS-Fe2+/Fe3+ electrostatic interactions liberate ClO4- ions, enhancing thermodiffusion and ionic conductivity for n-type output"
Strong Tough Thermogalvanic Hydrogel Thermocell With Extraordinarily High Thermoelectric Performance,ADVANCED MATERIALS,10.1002/adma.202300696,2023,"Thermocells can continuously convert heat into electricity, and they are widely used to power wearable electronic devices. However, they have a risk of leakage and poor mechanical properties. Although quasi-solid ionic thermocells can overcome the issue of electrolyte leakage, the trade-off between their excellent mechanical properties and high thermopower remains a major challenge. In this study, stretching-induced crystallization and the thermoelectric effect are combined to propose a high-strength quasi-solid stretchable polyvinyl alcohol thermogalvanic thermocell (SPTC) with a large tensile strength of 19 MPa and high thermopower of 6.5 mV K-1. The SPTC exhibits a high stretchability of 1300%, ultrahigh toughness of 163.4 MJ m(-3), and high specific output power density of 1969 & mu;W m(-2) K-2. These comprehensive properties are superior to those of previously reported quasi-solid stretchable thermogalvanic thermocells. The use of SPTC-based systems in wearable devices for energy-autonomous strain sensors and health monitoring is demonstrated. This can facilitate the rapid implementation of sustainable wearable electronics in the Internet of Things era.",stretchable PVA thermogalvanic thermocell,"stretching-induced crystallization couples with thermogalvanic redox effect to combine high strength, toughness, stretchability, and thermopower"
Self-Powered Machine-Learning-Assisted Material Identification Enabled by a Thermogalvanic Dual-Network Hydrogel with a High Thermopower,SMALL,10.1002/smll.202405911,2025,"Wearable devices equipped with high-performance flexible sensors that can identify diverse physical information free from batteries are playing an indispensable role in various fields. However, previous studies on flexible sensors have primarily focused on their elasticity and temperature-sensing capability, with few reports on material identification. In this paper, a thermogalvanic dual-network hydrogel is fabricated with [Fe(CN)6]3-/4- as a redox couple and lithium magnesium silicate, Gdm+ and lithium bromide as key electrolytes to optimize the interconnected porous structure of the gel, which shows excellent mechanical and thermoelectric properties with a thermopower as high as 4.01 mV K-1. A self-powered material identification ring is developed based on the temperature-triggered thermoelectric response of the gel in conjunction with machine learning, which can actively infer materials without an external power connection by analyzing the voltage signals correlated with interfacial heat transfer produced upon contact with different materials. The proposed gel ring has important applications for future areas such as human-computer interaction and haptic-associated artificial intelligence.","dual-network hydrogel with [Fe(CN)6]3-/4-, lithium magnesium silicate, guanidinium, LiBr",porous ion network and redox thermogalvanic response convert material-dependent interfacial heat transfer into self-powered identification signals
Deep-learning-assisted thermogalvanic hydrogel fiber sensor for self-powered in-nostril respiratory monitoring,JOURNAL OF COLLOID AND INTERFACE SCIENCE,10.1016/j.jcis.2024.09.132,2025,"Direct and consistent monitoring of respiratory patterns is crucial for disease prognostication. Although the wired clinical respiratory monitoring apparatus can operate accurately, the existing defects are evident, such as the indispensability of an external power supply, low mobility, poor comfort, and limited monitoring timeframes. Here, we present a self-powered in-nostril hydrogel sensor for long-term non-irritant anti-interference respiratory monitoring, which is developed from a dual-network binary-solvent thermogalvanic polyvinyl alcohol hydrogel fiber (d = 500 mu m, L=30 mm) with Fe2+/Fe3+ ions serving as a redox couple, which can generate a thermoelectrical signal in the nasal cavity based on the temperature difference between the exhaled gas and skin as well as avoid interference from the external environment. Due to strong hydrogen bonding between solvent molecules, the sensor retains over 90 % of its moisture after 14 days, exhibiting great potential in wearable respiratory surveillance. With the assistance of deep learning, the hydrogel fiber-based respiration monitoring strategy can actively recognize seven typical breathing patterns with an accuracy of 97.1 % by extracting the time sequence and dynamic parameters of the thermoelectric signals generated by respiration, providing an alert for high-risk respiratory symptoms. This work demonstrates the significant potential of thermogalvanic gels for next-generation wearable bioelectronics for early screening of respiratory diseases.",PVA dual-network binary-solvent hydrogel fiber with Fe2+/Fe3+ redox ions,nostril temperature swings from respiration generate thermogalvanic signals while strong solvent hydrogen bonding maintains moisture
Solvent-assisted thermogalvanic cell for enhanced low-grade heat harvesting over an extended temperature range,NANO ENERGY,10.1016/j.nanoen.2024.110515,2025,"In the pursuit of sustainable energy harvesting from low-grade heat, thermogalvanic cells (TGCs) have received considerable attention, but still confront profound challenges in efficiency and cost-effectiveness, limiting their real-world applications. To expedite the deployment of TGCs, this study delves into the mechanistic interplay of three crucial determinants: intrinsic temperature coefficient, concentration gradient, and activity coefficient of redox couples, elucidating their impact on TGCs' thermoelectric performance. We report a solvent-assisted liquid-state thermogalvanic cell (SA-LTC) by incorporating organic solvents into the sodium ferrocyanidebased TGCs system. With ethanol as a regulator to the concentration gradient and solvation structure, the temperature coefficient of [Fe(CN)6]3-/4- can be enhanced from- 1.39 to- 4.32 mV K- 1 , leading to a five-fold increase in thermoelectric power and efficiency. Meanwhile, ethanol imparts a lower freezing point and wider working temperature range to the system, showing its better environmental adaptability. In particular, SA-LTC performs better at lower temperatures, at which it achieved a record-high temperature coefficient of- 5.26 mV K- 1 and a power density of 2.17 mW m- 2 K- 2 at 10-20 degrees C. This study not only provides useful guidance to the optimization of electrolyte design, but also highlights the potential of TGCs for sustainable energy conversion in varied thermal conditions for practical applications.",sodium ferrocyanide/ferricyanide thermogalvanic electrolyte with ethanol solvent regulator,"ethanol modifies concentration gradient and solvation structure, raising temperature coefficient and extending low-temperature operating range"
Coupling thermogalvanic and piezoresistive effects in a robust hydrogel for Deep-Learning-Assisted Self-Powered sign language and object recognition,CHEMICAL ENGINEERING JOURNAL,10.1016/j.cej.2024.150816,2024,"The human hand provides rich sensory information for proper interaction with the environment. However, designing passive hand -sensing arrays with robust mechanical properties, high conductivity, ease of integration and reliability remains a long-term challenge. Here, we develop a robust dynamic crystalline ion -injected thermoelectric gel (DCI-TEG) via a simple solvent -exchange salt -out strategy. The resultant DCI-TEG exhibits high tensile strength (3.8 MPa), toughness (7.5 MJ m -3 ), and ionic conductivity of 1.84 S m -1 . Benefiting from non -covalent crosslinking, the gel electrolyte and electrodes can be fully integrated into modules with tight physical and electrical contact, facilitating a stable and reliable signal output. By coupling thermogalvanic and piezoresistive effects, the DCI-TEG permits self -powered timely sensing of pressure using current signals. By implanting ionic thermoelectric module arrays on a glove, a wearable pressure sensing route is demonstrated with the merits of self -power, low cost and simple preparation. With the help of deep learning algorithms, a selfpowered recognition for sign language and objects is realized in wearable/portable scenarios by active highaccuracy pressure detection. This work gives people a new direction toward barrier -free passive communication and human - machine interaction in the next -generation artificial intelligence.",dynamic crystalline ion-injected thermoelectric gel DCI-TEG,solvent-exchange salting-out creates robust ionic gel that couples thermogalvanic current with piezoresistive pressure sensing
On a Continuous Aqueous Thermogalvanic Redox Agent with Anomalous Thermopower,NANO LETTERS,10.1021/acs.nanolett.5c02774,2025,"Achieving stable and sustained power output remains a major challenge in the development of ionic thermoelectric devices (such as thermogalvanic cells and thermoionic capacitors) for low-grade heat harvesting. Many such systems exhibit strong performance in the initial throes of operation but degrade rapidly over time, limiting their utility. Here, we report an aqueous thermogalvanic redox agent ([Ni(bpy)3]2+/3+) with a Seebeck coefficient approximately double that of the canonical [Fe(CN)6]4-/3-, which can be utilized continuously for multiple hours under large temperature gradients (Delta T >= 60 K) without significant change in electrical performance. Molecular dynamics simulations suggest that significant differences in hydration shell behavior between the oxidant and reductant, which in turn provide a significant (here configurational) entropy difference, drive the observed thermopower. This new redox pair demonstrates stability, cyclability, and tunability in both liquid- and gel-based electrolytes, and provides a novel redox platform from which to build next-generation high-thermopower waste-heat recovery cells.",aqueous [Ni(bpy)3]2+/3+ thermogalvanic redox agent,different hydration-shell behavior between oxidant/reductant creates configurational entropy difference for stable high thermopower
Bioinspired double-layer thermogalvanic cells with engineered ionic gradients for high-efficiency waste heat recovery,NANO ENERGY,10.1016/j.nanoen.2025.111189,2025,"Thermogalvanic cells (TGCs) have emerged as a promising technology for harvesting low-grade thermal energy, but their widespread application has been hindered by limited conversion efficiencies. A critical factor in enhancing TGC performance lies in establishing substantial ion concentration gradients, which remains challenging due to the inherent tendency of ion pairing. Here, we present a double-layer thermogalvanic cell (DTGC) architecture that spatially segregates redox pairs into two distinct gel layers, enabling unprecedented control over ion concentration gradients. This innovative design yields a single p-type gelatin-K-4[Fe(CN)(6)]/K-3[Fe(CN)(6)] DTGC unit with remarkable performance metrics of an open-circuit voltage of 220 mV, a power density of 1.73 mW m(-2) K-2, and a relative Carnot efficiency (eta(r)) of 1.34 % at Delta T = 10 K, representing a tenfold improvement over conventional TGCs. Scaling up this technology, we demonstrate a modular thermoelectric generator comprising a 4 x 12 array of alternating p-type and n-type DTGCs, capable of delivering an output voltage exceeding 11.3 V at Delta T = 20 K, sufficient to directly power commercial LED lights and electronic displays. This work establishes a new paradigm for efficient low-grade thermal energy conversion, offering a scalable and practical solution for waste heat recovery applications.",double-layer gelatin K4[Fe(CN)6]/K3[Fe(CN)6] thermogalvanic cell,spatially separated redox gel layers maintain ion concentration gradients and boost thermogalvanic voltage/efficiency
An N-Type Thermogalvanic Cell with a High Temperature Coefficient Based on the Cu/Cu(en)2 2+ Redox Couple,ACS APPLIED MATERIALS & INTERFACES,10.1021/acsami.5c03375,2025,"Thermogalvanic cells (TGCs) are at the forefront of effective thermoelectric conversion methods, but the practical utilization of their integrated devices is hindered by the suboptimal performance of N-type TGCs. Herein, a novel redox couple of Cu/Cu(en)2 2+ is proposed to construct a liquid-state N-type TGC. The electrochemical reaction involving the Cu electrode, ethylenediamine (en), and their chelated compound Cu(en)2 2+ exhibits a significant reaction entropy change, resulting in an enhanced temperature coefficient (alpha). We reveal that the alpha of the Cu/Cu(en)2 2+-based TGC reaches 1.64 mV K-1. Furthermore, by optimizing the concentrations of Cu2+, ethylenediamine, and (NH4)2SO4 in the electrolyte, both alpha and normalized power density can be significantly improved, achieving values of 2.12 mV K-1 and 676 mu W m-2 K-2, respectively. Moreover, by constructing a P-N junction with P-type and N-type TGC, we achieve a high potential of 121 mV under a temperature gradient of 35 K. This work expands the available redox couple options for N-type TGCs and offers a new pathway for efficient thermoelectric conversion.","Cu/Cu(en)2 2+ redox couple with ethylenediamine, Cu electrode, (NH4)2SO4 electrolyte",Cu/en chelation reaction creates large entropy change for high n-type thermogalvanic temperature coefficient
High-Thermopower Thermogalvanic Ionic Hydrogel for Efficient Low-Grade Heat Energy Harvesting in Electronic Devices,ACS APPLIED POLYMER MATERIALS,10.1021/acsapm.5c02573,2025,"Energy is fundamental to human survival and development and also serves as a crucial driving force for sustainable economic growth. Due to the limited efficiency of energy conversion, electronic devices operating at high loads generate substantial amounts of low-grade waste heat. Recycling and reusing of this waste heat can lead to significant energy savings. The present thermoelectric materials typically exhibit low thermopower (or Seebeck coefficient), making it challenging to efficiently recover low-grade waste heat. This study rapidly fabricated polyacrylamide hydrogels via aqueous polymerization and then introduced the Fe(CN)6 3-/4- redox couple and guanidine hydrochloride through solvent exchange to produce the thermogalvanic ionic hydrogel (TGIH). Subsequently, the water retention and mechanical properties of TGIH were enhanced by introducing the natural moisturizing factor sodium pyrrolidone carboxylate. The TGIH exhibited a high Seebeck coefficient of 5.49 mV/K, a high specific power density of 1213.29 mu W/m2K2, a high water retention rate of 62.7%, a great tensile fracture rate of 523.65%, and a toughness of 0.167 MJ/m3. In addition, an application case is carried on using smartphones; this work demonstrated the TGIH's capability to efficiently dissipate heat from electronic devices while simultaneously recovering low-grade waste heat. The TGIH can promote the recovery and utilization of low-grade thermal energy and holds significant application potential in sustainable wearable electronics.","polyacrylamide hydrogel with Fe(CN)6 3-/4-, guanidine hydrochloride, sodium pyrrolidone carboxylate",redox thermogalvanic effect harvests device waste heat; guanidine boosts thermopower and sodium PCA improves water retention/mechanics
Performance evaluation and optimal design of solar thermal liquid thermogalvanic generators without optical concentrator,SOLAR ENERGY,10.1016/j.solener.2025.114122,2026,"Liquid-state thermogalvanic cells (TGCs) have emerged as promising candidates for low-grade heat harvesting, yet their application in solar-thermal power generation remains challenging due to cost and concentrator complexity. In this work, a solar-thermal-driven liquid thermogalvanic generator (SLTG) that generates electricity from sunlight by synergistically integrating thermally sensitive enhanced TGCs with spectrally selective solar absorbers in an innovative design is proposed and designed for the first time. Based on the developed thermo-electric coupling model, numerical calculation shows that the peak efficiency of the SLTG is 5.0% at AM1.5G (1 kW/m2) conditions, corresponding to a low thermal concentration of 3.87. While less efficient than photovoltaics, the SLTG harnesses the full solar spectrum and can integrate with thermal storage to address varying sunlight and all-weather electricity requirements. Compared to the popular solid-state concentrated solar thermoelectric generators, SLTGs achieve higher conversion efficiencies without optical concentrator module, while maintaining structural simplicity and low cost. Additionally, the effects of several key parameters on the optimal performance of the SLTG system are discussed, and the optimal performance metrics and parametric design criteria are determined. Our work provides theoretical guidance for the optimal design and performance improvement of the SLTG, thus opening up a promising new avenue for the realization of cost-effective solar thermal power technology.",solar liquid thermogalvanic generator with thermally sensitive TGCs and spectrally selective solar absorbers,"solar absorber supplies heat directly to liquid TGCs, enabling full-spectrum solar-thermal-to-electric conversion without optical concentrator"
Unraveling Reaction Kinetics and Thermodynamics in Thermogalvanic Hydrogels: A Pathway to Efficient Thermal Energy Harvesting,CHEMISTRY OF MATERIALS,10.1021/acs.chemmater.5c01558,2025,"Thermogalvanic (TG) systems generate electricity by exploiting the temperature-dependent electrochemical potential established across a temperature gradient. While previous studies have attributed performance enhancements to increased reaction entropy driven by changes in solvation structure, the interplay between entropy variations and reaction kinetics has not been systematically explored through electrochemical analysis. This study presents a comprehensive investigation of formamide (FA)/water-based TG hydrogels. Electrochemical analyses reveal that FA/water systems exhibit significantly higher reaction entropy compared to pure water systems, thus leading to enhanced thermopower. More importantly, the reaction kinetics of the TG hydrogels are examined using a stationary electrode for the first time. The results indicate that low FA concentrations promote the desolvation of redox ions, thereby accelerating the reaction kinetics and increasing the short-circuit current density. In addition, FA acts as a stabilizer for water, thereby lowering the activation energy of the redox reaction and resulting in a remarkable 60% improvement in overall thermoelectric power. This work provides insights into the fundamental mechanisms governing FA/water TG hydrogels and emphasizes the critical role of reaction kinetics in optimizing the thermoelectric performance for thermal energy harvesting applications.",formamide/water thermogalvanic hydrogels,"formamide increases redox reaction entropy, promotes ion desolvation, lowers activation energy, and accelerates reaction kinetics"
Recurrently gellable and thermochromic inorganic hydrogel thermogalvanic cells,SCIENCE ADVANCES,10.1126/sciadv.adp4533,2024,"Thermogalvanic cells (TGCs) draw great attention in the field of heat to electricity conversion, but TGCs were only in the form of liquid or organic gel. Here, we report an all-inorganic hydrogel TGC via simply mixing and stirring two inorganic salt solutions. Benefiting from the hydrogen bonds resultant framework and endogenous Fe2+/3+ redox couple, the TGC can recurrently pulverize-gel with completely holding its initial thermogalvanic performances after even 60 cycles. As the temperature and pH coregulating Fe3+ concentration and reversible transformation between Fe3+ and Fe(OH)3, we boost thermopower and realize thermochromism. This work provides a different perspective for TGCs and offers an avenue for future hydrogel materials research.",all-inorganic hydrogel TGC with Fe2+/Fe3+ redox couple and Fe(OH)3 transformation,"hydrogen-bonded inorganic gel framework and temperature/pH-controlled Fe3+/Fe(OH)3 equilibrium enable recurrent gelation, thermopower, and thermochromism"
Extremely large Seebeck coef fi cient of gelatin methacryloyl (GelMA) based thermogalvanic cells by the dual effect of ioninduced crystallization and nanochannel control-,MATERIALS TODAY ENERGY,10.1016/j.mtener.2024.101546,2024,"The quasi-solid state thermogalvanic cells (TGCs) have been extensively investigated due to their high Seebeck coefficient ( S ) and suitability for wearable power generation. However, the influence of hydrogel nanostructure on Seebeck coefficient remains underexplored. In this study, biocompatible TGCs based on gelatin methacryloyl (GelMA) are fabricated via a fast-photocrosslinking process. Moreover, guanidium chloride (GdmCl) salts are directly introduced into the TGCs to enhance the Seebeck coefficient via ioninduced crystallization in the p-type FeCN 6 3 - /FeCN 6 4 - redox system. Small angle X-ray scattering reveals controlled GelMA hydrogel mesh size adjusting the amount of GdmCl, leading to improved intermolecular interactions between the guanidium cations and GelMA polymer. The optimized p-type Seebeck coefficient reaches an unprecedented 21.6 mV K - 1 , which is the highest thus far reported in the context of the TGC system. Furthermore, a prototype wearable thermoelectric generator (TEG) with an output voltage of 1.6 V under a temperature difference ( D T ) of 9 degrees C is able to power an LED directly without requiring an additional voltage booster. In brief, the dual effect of ion-induced crystallization and nanochannel control substantially enhances the Seebeck coefficient of the TGC, thereby offering a promising strategy for enhancing the performance of low-grade thermal energy harvesting wearable TEGs. (c) 2024 Elsevier Ltd. All rights reserved.",GelMA thermogalvanic cells with GdmCl and Fe(CN)6 3-/4-,guanidinium-induced ferricyanide/ferrocyanide crystallization and hydrogel nanochannel control greatly increase Seebeck coefficient
Fully Printed Thermogalvanic Modules for Low-Grade Energy Harvesting,ACS APPLIED ENERGY MATERIALS,10.1021/acsaem.5c02080,2025,"Thermogalvanic cells offer a promising route for harvesting low-grade heat by utilizing temperature-dependent redox reactions at spatially separated electrodes. Their potential for low-cost, flexible, and sustainable energy conversion makes them attractive for scalable applications; however, practical implementation is limited by challenges in modular integration and manufacturability. Here, we report the development of a fully printed thermogalvanic module (TGM) that integrates screen-printed hybrid current collectors, activated carbon-based electrodes, an adhesive sealing layer, and a laser-drilled spacer. This fully additive and scalable fabrication strategy enables the precise assembly of complex architectures without traditional stacking or wiring. The resulting 36-cell TGM, employing widely available aqueous electrolytes, demonstrates a reproducible thermopower of 38 mV K-1 and a peak output power of 9 mu W under a modest 14 K temperature difference. This work demonstrates a practical pathway toward large-area printed thermogalvanic systems for ambient heat harvesting and paves the way for future integration into flexible and wearable energy platforms.","fully printed TGM with hybrid current collectors, activated carbon electrodes, adhesive seal, laser-drilled spacer",additive printing integrates many thermogalvanic cells with aqueous redox electrolytes for scalable low-grade heat harvesting
AI-Informed Solvation Engineering for Thermogalvanic Electrolytes with High Thermopower,JOURNAL OF PHYSICAL CHEMISTRY LETTERS,10.1021/acs.jpclett.5c02903,2025,"Thermogalvanic cells utilize redox couple ions to achieve continuous heat-to-electricity conversion, yet the development of high-performance electrolytes is limited by the complex relationship between solvation of redox couple ions and thermopower. We present a data-driven machine learning strategy to identify high-performance solvents for thermogalvanic electrolytes. Our approach parametrizes the Seebeck coefficient by leveraging the strong correlation between DFT-derived ion-solvent interaction features and limited experimental data. A hybrid ML framework combining high-throughput DFT and interval regression was developed to screen extensive solvent candidates with SHAP analysis identifying polarity-related features as dominant factors. Experimental validation enabled model augmentation via a binary feature filter that incorporates solvation-relevant molecular features beyond two-body interactions. The framework validated known effective solvents and identified new candidates, which were confirmed via solvation structure calculations and UV-vis spectroscopy. This solvation-driven ML approach accelerates electrolyte discovery while providing fundamental insights into design principles for large solvation entropy differences.",thermogalvanic electrolytes screened by AI/DFT ion-solvent interaction features,machine learning links solvation features and polarity to large redox solvation entropy differences and high thermopower
High-Performance Quasi-Solid Thermogalvanic Cells via Crown-Ether-Mediated Ion Migration,ACS NANO,10.1021/acsnano.5c11865,2025,"As a sustainable energy technology, the thermogalvanic cell (TGC) shows great promise in harvesting low-grade thermal energy and converting it directly into usable electricity. However, achieving a high output voltage for practical applications is still a great challenge. Recent studies have focused on achieving higher thermovoltage by increasing the entropy change of redox couples. The Soret effect (thermodiffusion) is often ignored in thermogalvanic systems. The role of the counterion of the redox couple is overlooked. Herein, we proposed that the thermovoltage of the quasi-solid thermogalvanic cell contained with K3Fe(CN)6/K4Fe(CN)6 can be increased by introducing 18-crown-6, a cationic selective complexing agent, amplifying the thermodiffusion of the cation. Thanks to the synergistic combination of the Soret effect with the thermogalvanic effect, the corresponding Seebeck coefficient of the cell was greatly boosted from 1.26 to 2.22 mV/K. The mechanism was analyzed systematically. This work may offer a promising approach to promote the thermovoltage of TGC, facilitating low-grade energy harvesting.",quasi-solid K3Fe(CN)6/K4Fe(CN)6 thermogalvanic cell with 18-crown-6,"18-crown-6 complexes K+ and amplifies cation thermodiffusion, adding Soret contribution to thermogalvanic voltage"
Hydrogel incorporated with graphene oxide featuring enhanced thermosensitive crystallization for thermogalvanic cell,COLLOIDS AND SURFACES A-PHYSICOCHEMICAL AND ENGINEERING ASPECTS,10.1016/j.colsurfa.2025.137971,2025,"Thermogalvanic cells (TGCs) have relatively high thermopowers originating from the thermogalvanic effect and can be used to convert low-grade heat into electricity. Nevertheless, their restricted electrical output is insufficient for practical applications. In this study, we present a graphene oxide (GO)-enhanced thermogalvanic hydrogel with [Fe(CN)6]4-/3-redox couple and guanidine hydrochloride (GdmCl). GO serves as a nucleation template by adsorbing guanidinium ions, thereby inducing the crystallization of [Fe(CN)6]4-and enhancing the thermogalvanic effect. As a result, the TGC using this hydrogel achieves a normalized power density of 700 mu W & sdot;m-2 & sdot;K-2 (Pmax@Delta T = 10 K) and a high thermopower of 3.2 mV & sdot;K-1. Furthermore, the TGCs show the capability of harvesting thermal energy for operating small electronics and thermoelectric sensing. This work represents a feasible strategy for the design and optimization of TGCs.",graphene oxide-enhanced hydrogel with [Fe(CN)6]4-/3- and guanidine hydrochloride,"GO adsorbs guanidinium and nucleates ferrocyanide crystallization, strengthening the thermogalvanic effect"
Material recognition and spatial thermal sensation enabled by organic thermogalvanic hydrogels,NANO ENERGY,10.1016/j.nanoen.2025.111686,2026,"Integrating thermal sensation into intelligent robotics is essential for advanced environmental perception and adaptive interaction. Ionic thermoelectric hydrogels represent a promising avenue for next-generation thermal sensors, yet further improvements in sensitivity, structural design, and integration are needed. Here, we present flexible, high-performance thermal sensor arrays based on organic thermogalvanic hydrogels, achieving a high sensitivity of 1.57 mV K-1 and a rapid response time of 0.4 s. The enhanced sensing performance stems from the optimized thermopower in benzoquinone/hydroquinone (BQ/H(2)BQ) redox pairs and the highly reversible electrode reaction process. The adopted hydrogel exhibits outstanding thermopower retention and wide operational temperature range (>50 degrees C), facilitated by ethylene glycol solvent exchange. Leveraging integrated heating and sensing functionalities, the hydrogel thermal sensor arrays enable material recognition through machine learning analysis of thermal signatures. Moreover, we demonstrate a high-density sensor array for mapping spatial temperature distributions generated by diverse heat sources. This work establishes organic thermogalvanic hydrogels as a scalable platform for thermal sensing in next-generation robotics and wearable devices.",organic thermogalvanic hydrogel with benzoquinone/hydroquinone redox pair and ethylene glycol,"optimized BQ/H2BQ reversible electrode reaction and EG solvent exchange provide fast, stable thermal sensing"
A rapidly moldable thermogalvanic organohydrogel for self-powered water temperature and level monitoring,SENSORS AND ACTUATORS A-PHYSICAL,10.1016/j.sna.2025.116876,2025,"Thermogalvanic organohydrogel (TGHs) leverage the temperature difference (Delta T) to facilitate energy supply and electrical signal sensing without requiring external batteries. The conventional preparation of thermogalvanic organohydrogel is often laborious and time-consuming, significantly hindering their widespread adoption and innovative applications. Here, a novel preparation process was developed to fabricate our TGH sensor with a rapid prototyping based on the Hofmeister effect. This process involved the combination of Fe3 + /2 + as the redox pair and poly(vinyl) alcohol (PVA) and polyethylene glycol (PEG) as the polymer network. The development enabled rapid prototyping (<6 h), room temperature prototyping (similar to 25 degrees C) and high thermoelectric potential (0.86 mV/K). Importantly, the Gel-Fe3+/2+ TGH was able to operate continuously in experiments at low temperatures(>-20 degrees C), together with excellent mechanical tensile properties. This phenomenon was found to be attributable to the strong hydrogen bonds that were formed between DMSO and H2O. Moreover, an e-skin device (smart finger cuffs) based on the Gel-Fe3+/2+ TGH technology has been demonstrated, capable of utilizing human waste heat to power wearable devices and rapidly detect the temperature (via Delta T-dependent voltage output) and volume (via multi-channel spatial voltage profiling) of water in a water cup. Our work provides a new path for a novel green and safe method for rapid synthesis of TGH sensor, thus facilitating widespread use of TGHs for temperature detection in wearable electronic devices.",PVA/PEG/Fe3+/Fe2+ thermogalvanic organohydrogel with DMSO/H2O,Hofmeister-assisted rapid gelation and strong DMSO-water hydrogen bonds give moldable antifreezing thermogalvanic temperature/level sensing
Realizing a high-performance n-type thermogalvanic cell by tailoring the thermodynamic equilibrium,ENERGY & ENVIRONMENTAL SCIENCE,10.1039/d4ee00768a,2024,"Ionic thermogalvanic cells (TGCs) have attracted interest for their superior thermopower (alpha) compared to electronic systems. To maximize the thermopower and overall device performance, it is necessary to integrate both p- and n-type TGCs. However, while high-performance p-type TGCs have been well reported, there are few reports on n-type TGCs. Here, an innovative high-performance n-type TGC is proposed based on an anionic polymer (AP) and hydroquinone (HQ). The AP facilitates self-regulation of the pH in the polymer matrix, which controls the equilibrium between the HQ and its redox partner, benzoquinone (BQ). Moreover, the AP enables the selective transport of the target redox material, leading to the accumulation of HQ near the cold electrode and the spontaneous reaction of HQ to form BQ. The resulting n-type TGC exhibits a superior alpha of 4.29 mV K-1 compared to previously-reported n-type quasi-solid systems. Moreover, a high Carnot-relative efficiency (1.05%) was achieved in n-type TGCs. Judiciously designed anionic polymer (AP) tunes the thermodynamic equilibrium between hydroquinone and benzoquinone via self-regulating pH and selective transport of mobile species in the AP, leading to high-performance n-type thermogalvanic cells.",anionic polymer/hydroquinone-benzoquinone n-type thermogalvanic cell,"anionic polymer self-regulates pH and selectively transports HQ, shifting HQ/BQ equilibrium and creating high n-type thermopower"
Unlocking enhanced thermogalvanic cell performance via molecular chaperone-assisted non-toxic redox couple for waste heat harvesting,CHEMICAL ENGINEERING JOURNAL,10.1016/j.cej.2025.164170,2025,"Thermo-electrochemical cells (TECs) offer a cost-effective solution for converting thermal energy into electrical energy. However, their efficiency is restricted by limited redox concentration gradients, which result in low voltage outputs, and the reliance on toxic redox couples, restricting their use in environmentally sustainable applications. To address these limitations, we introduced a non-toxic SO42-/SO32-redox couple, enhanced with the organic molecule 3,6-bis(morpholin-4-ylethyl)-1,2,4,5-tetrazine, serving as a molecular chaperone (MC). This novel approach boosts the Seebeck coefficient (Se) from-0.47 mV K-1 to-1.85 mV K-1, achieving nearly a fourfold enhancement. The MC facilitates continuous redox species concentration gradients near the electrodes through in situ redox reactions, significantly boosting thermoelectric voltage. Furthermore, the TEC module demonstrated excellent long-term stability and scalability, underscoring its practical potential for waste heat recovery. This work demonstrates a promising strategy for enhancing TEC performance, holding considerable potential for low-temperature waste heat recovery.","SO42-/SO32- redox couple with 3,6-bis(morpholin-4-ylethyl)-1,2,4,5-tetrazine molecular chaperone",molecular chaperone sustains redox concentration gradients and accelerates SO42-/SO32- thermogalvanic kinetics
Machine Learning Assisted Self-Powered Identity Recognition Based on Thermogalvanic Hydrogel for Intelligent Security,SMALL,10.1002/smll.202402700,2024,"Identity recognition as the first barrier of intelligent security plays a vital role, which is facing new challenges that are unable to meet the need of intelligent era due to low accuracy, complex configuration and dependence on power supply. Here, a finger temperature-driven intelligent identity recognition strategy is presented based on a thermogalvanic hydrogel (TGH) by actively discerning biometric characteristics of fingers. The TGH is a dual network PVA/Agar hydrogel in an H2O/glycerol binary solvent with [Fe(CN)6]3-/4- as a redox couple. Using a concave-arranged TGH array, the characteristics of users can be distinguished adequately even under an open environment by extracting self-existent intrinsic temperature features from five typical sites of fingers. Combined with machine learning, the TGH array can recognize different users with a high average accuracy of 97.6%. This self-powered identity recognition strategy is further applied to a smart lock, attaining a more reliable security protection from biometric characteristics than bare passwords. This work provides a promising solution for achieving better identity recognition, which has great advantages in intelligent security and human-machine interaction toward future Internet of everything. A finger temperature-driven identity recognition strategy is presented based on a thermogalvanic hydrogel (TGH). Using a concave-arranged TGH array, the different users can be distinguished by extracting self-existent intrinsic temperature features from five typical sites of fingers. This strategy is applied to a smart lock, attaining a more reliable security protection. image",PVA/agar H2O/glycerol hydrogel with [Fe(CN)6]3-/4- redox couple,finger/body temperature gradients generate thermogalvanic signatures for self-powered biometric recognition
"Modeling, thermodynamic performance analysis, and parameter optimization of a hybrid power generation system coupling thermogalvanic cells with alkaline fuel cells",ENERGY,10.1016/j.energy.2024.130557,2024,"During the operation of alkaline fuel cells (AFCs), a significant amount of waste heat is generated, which has negative impacts on energy utilization and the environment. To improve energy efficiency, cost savings, environmental sustainability, and industrial practices, an effective approach is proposed to employ thermogalvanic cells (TGCs) for electric power generation by harvesting low-grade exhaust heat produced in AFCs. A mathematical model of the AFC-TGC hybrid system is established, taking into account the three overpotential losses in AFCs and the irreversible heat losses in TGCs. Based on this thermal -electric coupled model, we investigate the hybrid system's output performance characteristics and optimal parameter design. The calculated results indicate that the hybrid system achieves a considerable increase of 19.72% in maximum power density from 247.07 W m-2 to 295.80 W m-2 and 5.71% in conversion efficiency from 10.16% to 10.74% compared to a single AFC, respectively. In addition, the output performance of the hybrid system can be further improved by adjusting system parameters such as the AFC's operating temperature, the length of each TGC cell, the heat sink temperature, and the thermal convection coefficient. More importantly, a comparative study of the maximum power density of AFC -based cogeneration systems reveals that the TGC demonstrates a remarkable ability to economically recover waste heat from the AFC, surpassing previously reported thermal energy utilization devices. This study provides important theoretical guidance for the optimal design and parametric analysis of AFC-TGC hybrid systems, thereby facilitating the development of high-performance energy cascade utilization systems based on AFC devices.",alkaline fuel cell coupled with thermogalvanic cells,"AFC waste heat drives TGCs in a thermal-electric cascade, improving power density and conversion efficiency"
"Low-grade waste heat recovery scenarios: Pyroelectric, thermomagnetic, and thermogalvanic thermal energy harvesting",NANO ENERGY,10.1016/j.nanoen.2023.108596,2023,"Identifying reliable and sustainable sources of electricity is a significant challenge of the present time. However, most energy-generation mechanisms produce unavoidable low-grade waste heat as a byproduct while harvesting (or converting) electrical energy from conventional or renewable energy sources. Each year, over 60% of the primary energy is wasted as heat. Accordingly, considerable efforts are being made to convert this waste heat into usable electrical energy using diverse energy conversion materials. In this review, three actively investigated energy conversion mechanisms beyond thermoelectrics, i.e., (1) pyroelectric, (2) thermomagnetic, and (3) thermogalvanic generators, are reviewed and compared from the viewpoint of fundamental theories, critical parameters for high energy conversion efficiency, and current status of materials and devices. The challenges and opportunities in low-grade waste-heat recovery are discussed in terms of material science and structural design. This review provides an overview of the current progress in thermal-energy-harvesting research, future challenges, and opportunities.","pyroelectric, thermomagnetic, and thermogalvanic thermal-energy harvesters",low-grade heat recovery depends on mechanism-specific thermal cycling/redox/magnetic parameters and materials/device structure
Stretchable thermogalvanic hydrogel thermocell with record-high specific output power density enabled by ion-induced crystallization,ENERGY & ENVIRONMENTAL SCIENCE,10.1039/d2ee00738j,2022,"Ionic thermocells have relatively high thermopowers based on the thermogalvanic effect, but their small electricity output is still insufficient for practical applications. We demonstrated a highly ionic conductive, anti-freezing stretchable thermogalvanic hydrogel thermocell (STHTC) with a record-high specific output power density of 1780 mu W m(-2) K-2, which is similar to 3 times the maximum value of previously reported STHTCs. The guanidine ion induces [Fe(CN)(6)](4-) ion crystallization and significantly enhances the thermogalvanic effect. The giant thermopower and stretchability are as high as 4.4 mV K-1 and 540%, respectively. Even at a low operating temperature of -35 degrees C, the STHTC still exhibits good thermoelectrical performance. As a wearable device, a STHTC array device has been demonstrated to directly light up five green LEDs by simulating harvesting low-grade human thermal energy. By placing the STHTC on the surface of a normal working Central Processing Unit, it proves a feasible strategy for simultaneous thermal management and power generation.",stretchable thermogalvanic hydrogel thermocell with guanidine and [Fe(CN)6]4-/3-,guanidine-induced ferrocyanide crystallization raises thermopower and power density while antifreezing hydrogel enables wearable heat harvesting
Edible temperature-responsive-adhesive thermogalvanic hydrogel for self-powered multi-sited fatigue monitoring,JOURNAL OF MATERIALS CHEMISTRY C,10.1039/d4tc01418a,2024,"Most traffic accidents are caused by driver fatigue, so achieving effective monitoring of fatigue status is particularly important. However, current detection methods mainly rely on complex biosensors that lack independence from power supply and adaptive adhesion, and have a risk of ingestion, especially for infants. Here, we propose an edible thermogalvanic hydrogel with I-/I3- as a redox pair for self-powered physiological monitoring by coupling thermogalvanic and piezoresistive effects. The gelatin/glycerol (Gel/GL) hydrogel exhibits excellent thermo-reversible gelling and temperature-responsive adhesion that can ensure on-demand reliable adhesion to skin for capturing physiological signals under hot compress and facilitate easy removal under cold compress due to the decomplexation and re-entanglement of gelatin chains. Moreover, a low-cost passive patch based on this self-adaptable thermogalvanic gel has been invented to simultaneously monitor breathing, blinking, yawning, and pulse at the canthus, philtrum and radial artery of the human body by acquiring thermoelectric signals correlated with physiological action, achieving a self-powered accurate surveillance of fatigue status, which can provide timely reminders based on fatigue levels. This work is beneficial for improving driving safety and exhibits the potential of the designed hydrogel for application in intelligent transportation. An edible thermogalvanic gel patch with adaptive adhesion has been invented, which couples thermogalvanic and piezoresistive effects to acquire physiological signals, thereby achieving self-powered accurate surveillance of fatigue status.",edible gelatin/glycerol hydrogel with I-/I3- redox pair,thermogalvanic and piezoresistive effects convert body temperature/mechanical physiological motions into self-powered fatigue-monitoring signals
Self-assembled monolayers for electrostatic electrocatalysis and enhanced electrode stability in thermogalvanic cells,CHEMICAL SCIENCE,10.1039/d3sc06766a,2024,"Waste heat is ubiquitous; as such, sustainable and long-lasting devices are required to convert it into more useful forms of energy that can make use of this abundant potential resource. Thermogalvanic cells (or thermocells) can use the thermoelectrochemical properties of redox couples to achieve this; entropy-driven redox reactions allow them to act as liquid thermoelectrics. However, excellent electrocatalysis at the electrode surface is required for optimum conversion efficiency. Serendipitous observation of Nafion-based electrocatalysis prompted the exploration of electrostatically charged self-assembled monolayers (SAMs) inside a thermocell. Both electrostatic electrocatalysis and improved electrode stability were observed; in an aqueous K3[Fe(CN)6]/K4[Fe(CN)6]-based cell, modification with (3-trimethylammonium bromide)thiopropane resulted in higher electrical power, and protection against [Fe(CN)6]3-/4--induced gold passivation, relative to bare gold. Molecular-based electrostatic electrocatalysis could be an alternative to precious metal-based nanomaterial electrocatalysis, and could be integrated with (nano)carbon-based electrodes to further enhance the ability of thermogalvanic and other electrochemical energy conversion devices, e.g. redox flow batteries. Thermogalvanic cells can convert temperature gradients (e.g. waste heat) into electricity; here we demonstrate how electrostatically charged self-assembled monolayers can act as molecular electrocatalysts, plus reduce electrode passivation.",gold electrodes modified with (3-trimethylammonium bromide)thiopropane SAMs in K3/K4[Fe(CN)6] thermocells,electrostatically charged SAMs electrocatalyze ferri/ferrocyanide redox and suppress gold passivation
Thermogalvanic gel patch for self-powered human motion recognition enabled by photo-thermal-electric conversion,CHEMICAL ENGINEERING JOURNAL,10.1016/j.cej.2023.145247,2023,"Quasi-solid-state electrolytes offer a cheap, leak-free, and scalable way to convert heat directly into electricity for wearable electronics. However, the limited temperature difference with the environment poses a challenge for the extensive application of thermoelectric gels. Currently, photo-thermal-electric (PTE) conversion is an environmentally-friendly technology to exploit the thermogalvanic effect of gels. Here, we report a smart lightdriven flexible PTE gel for self-powered human motion monitoring. The whole structure takes advantage of the low thermal conductivity and high output power of poly(vinyl alcohol)/polydimethylsiloxane (PVA-PDMS) gels with Fe2+/3+ as a redox pair, together with the local surface plasmon resonance (LSPR) of Au nanoparticles (AuNPs)@SiO2-PDMS composite film. This enables simultaneous high thermogalvanic and photothermal performance, with an open circuit voltage of up to 12 mV and a short circuit current exceeding 1.25 A m- 2 at a temperature difference of up to 9 degrees C under one sun. The PTE gel is fabricated into a proof-of-concept selfpowered patch, which can actively distinguish human motions in real time by recognizing the switching of solar radiation stimulated by arm swing. This work provides thermogalvanic gels with a new opportunity in selfpowered wearable sensing that may greatly promote the progress of intelligent medical electronics.",PVA-PDMS gel with Fe2+/Fe3+ redox pair and AuNPs@SiO2-PDMS photothermal film,Au plasmonic photothermal heating creates local temperature gradients that drive thermogalvanic gel output for motion sensing
Self-powered information conversion based on thermogalvanic hydrogel with interpenetrating networks for nursing aphasic patients,NANO ENERGY,10.1016/j.nanoen.2023.108612,2023,"In recent years, an increase in the use of wearable electronics has been observed in daily life due to the rapid development of personal medical health systems and the Internet of Things. Environment-friendly quasi-solidstate thermogalvanic hydrogels are enabled to convert low-grade heat into electricity and expected to be used for signal conversion in smart medical applications. However, existing wearable models in nursing are not entirely applicable for aphasic patients. Herein, we introduced a thermogalvanic interpenetrating network hydrogel (TGIPNH) with [Fe(CN)6]3-/[Fe(CN)6]4- as a redox pair and KCl as a ion provider for thermodiffusion, which not only has good flexibility but also prominent thermoelectric property with the thermal current up to 124 & mu;A at the temperature difference of 10 K. Relying on the gel's sensitive correlative thermoelectric response to temperature triggered by a finger and in combination with Morse Code, a self-powered gel wristband for information conversion has been developed to provide real-time help and assistance to aphasic patients. This gel-based wristband device can be potentially applied as a supplementary interaction route for them who have language impairment, especially in intelligent healthcare and emergency rescue.",interpenetrating thermogalvanic hydrogel with [Fe(CN)6]3-/4- and KCl,finger heat drives redox thermogalvanic current while KCl supports thermodiffusion for self-powered Morse-code information conversion
Boosted thermogalvanic thermopower upon solid-to-liquid phase transition,ENERGY & ENVIRONMENTAL SCIENCE,10.1039/d4ee01642d,2024,"Thermogalvanic cells offer scalable low-grade waste heat recovery using tunable electrode-dependent thermopower and electrolyte-dependent thermal conductivities. However, the use of single-phase electrodes thermodynamically curbs the entropy difference, limiting the thermopower enhancement. Here, we show that phase transforming electrodes achieve significantly enhanced thermopower using the melting phase transition of bulk NaxK alloys. Under both temporal and spatial temperature gradients, the electrodes exhibit significantly increased thermopower up to 26.1 mV K-1 across the melting point and the generated voltages of 261 mV under 10 K temperature gradient. We also show that stabilizing the liquid metal electrode-electrolyte interface plays a critical role in evaluating the thermopower associated with the phase transition. The strategies demonstrated in this work suggest potential design guidelines towards optimizing thermogalvanic cells to specific temperature ranges. Exploiting the entropy of fusion among thermogalvanic devices and the associated configurational entropy change of bulk alkali metal alloys enables significant boosting of the thermopower from 1.5 mV K-1 to 26.1 mV K-1 for Na2+xK alloys.",Na-K alloy phase-transforming electrodes in thermogalvanic cells,solid-to-liquid melting entropy and configurational entropy of alkali alloy electrodes sharply increase thermopower across transition
Thermogalvanic hydrogel with controllable ion confined transportation and its application for self-powered lactic acid sensor,NANO ENERGY,10.1016/j.nanoen.2024.110329,2024,"Low-grade heat energy (below 100 degrees C) is abundantly available in the natural environment, yet effective utilization remains challenging. Liquid-state thermocells, also known as thermo-electrochemical cells or thermogalvanic cells, have emerged as promising solution for converting low-grade heat into electrical energy due to their high Seebeck coefficients (mV & sdot;K-1). However, traditional liquid-state thermocells suffer from the issue of liquid leakage caused by frequent cooling or heating during operation. Here in this work, we propose thermogalvanic hydrogels through introducing redox ions into hydrogel framework. The thermoelectric performance of the proposed hydrogel is highly dependent on the ion concentration, which is attributed to the confined ion transportation in micro/nano channels caused by the salting out effect. After the optimization of thermoelectric parameters, a Pi-shaped thermocell composed of three p-n pairs is fabricated to harvest low-grade body heat energy. An open-circuit voltage of 163 mV, a short-current density of 0.7 mA & sdot;m-2 and a maximum power density of 26.7 mu W & sdot;m-2 are achieved at a temperature difference of 30 K. To further demonstrate the practical potential, the thermoelectric generator is integrated with a lactic acid sensor to sensitively detect the lactic acid concentration without any external power supplies.",thermogalvanic hydrogel with redox ions in micro/nanochannels for lactic acid sensor,salting-out confined ion transport tunes thermoelectric performance and powers lactic acid sensing
High-Performance Quasi-Solid-State Thermogalvanic Cells with Metallized Fibril-Based Textile Electrodes and Structure-Breaking Salts,ADVANCED ENERGY MATERIALS,10.1002/aenm.202404151,2025,"Thermogalvanic cells (TGCs) convert heat into electricity through thermoelectrochemical reactions of redox couples, generating a millivolt-scale Seebeck coefficient. However, TGCs based on liquid electrolytes are prone to leakage, whereas quasi-solid-state TGCs (QTCs) using gel-based electrolytes typically have low power outputs due to slow ion diffusion and limited reaction rates. Herein, we present novel strategies for developing high-performance all-flexible QTCs using both metallized fibril-based textile electrodes with extremely large surface area, (specifically Ni textiles), and structure-breaking salts for hydrogel electrolytes. The electrodes are oxidized to create Ni and Ni oxide heterostructures, forming numerous O vacancy defects that enhance redox reactions. Meanwhile, the structure-breaking salts facilitate redox reactions and improve ion diffusion by disrupting water structures in the hydrogel electrolyte. These advancements significantly enhance the performance of the QTCs without the need for precious-metal electrodes, achieving a remarkable maximum power density of 4.05 mW m-2 K-2 and a record-high effective cell conductivity of 17.3 S m-1, compared to previously reported QTCs. Finally, the proposed QTCs can generate a stable open-circuit voltage and output power for wearable applications owing to the flexibility of the electrodes and electrolyte, achieving successful electronic device operation using body heat from the forearm (Delta T approximate to 2 K).",quasi-solid thermogalvanic cells with Ni textile/Ni oxide electrodes and structure-breaking salts,oxidized Ni textile O-vacancy defects enhance redox reactions and structure-breaking salts improve ion diffusion
Regulating Thermogalvanic Effect and Mechanical Robustness via Redox Ions for Flexible Quasi-Solid-State Thermocells,NANO-MICRO LETTERS,10.1007/s40820-022-00824-6,2022,"The design of power supply systems for wearable applications requires both flexibility and durability. Thermoelectrochemical cells (TECs) with large Seebeck coefficient can efficiently convert low-grade heat into electricity, thus having attracted considerable attention in recent years. Utilizing hydrogel electrolyte essentially addresses the electrolyte leakage and complicated packaging issues existing in conventional liquid-based TECs, which well satisfies the need for flexibility. Whereas, the concern of mechanical robustness to ensure stable energy output remains yet to be addressed. Herein, a flexible quasi-solid-state TEC is proposed based on the rational design of a hydrogel electrolyte, of which the thermogalvanic effect and mechanical robustness are simultaneously regulated via the multivalent ions of a redox couple. The introduced redox ions not only endow the hydrogel with excellent heat-to-electricity conversion capability, but also act as ionic crosslinks to afford a dual-crosslinked structure, resulting in reversible bonds for effective energy dissipation. The optimized TEC exhibits a high Seebeck coefficient of 1.43 mV K-1 and a significantly improved fracture toughness of 3555 J m(-2), thereby can maintain a stable thermoelectrochemical performance against various harsh mechanical stimuli. This study reveals the high potential of the quasi-solid-state TEC as a flexible and durable energy supply system for wearable applications.",flexible quasi-solid hydrogel thermocell with multivalent redox ions,redox ions provide thermogalvanic conversion and reversible ionic crosslinks for mechanical robustness
Robust and flexible bacterial cellulose-based thermogalvanic cells for low-grade heat harvesting in extreme environments,CHEMICAL ENGINEERING JOURNAL,10.1016/j.cej.2023.141274,2023,"Harvesting the ubiquitous low-grade heat based on thermoelectric materials is an effective approach to ensure sustainable development. Quasi-solid thermogalvanic cell based on hydrogel has attracted considerable atten-tion. However, challenge arise from the limited working temperature range and poor mechanical properties, thus severely restrict their long-term stability and application scenarios, especially under harsh environment. Herein, a robust, flexible and eco-friendly quasi-solid thermogalvanic cell is reported based on natural polymer bacterial cellulose confined with Fe(CN)63- /4-redox couple and hygroscopic salts. The as-fabricated bacterial cellulose -based thermogalvanic cell (BC-TGC) possesses excellent mechanical properties, exhibiting a tension strength of 3.4 MPa, a Young's modulus of 2.58 MPa and a high toughness of 644.6 KJ m- 3. The introduction of hy-groscopic salts (LiBr) endows the BC-TGC with excellent anti-drying and anti-freezing properties. The thermo-electric performance of BC-TGCs was investigated thoroughly, which could generate steady electricity under a small temperature gradient in a wide working range of-50 to 50 degrees C. The multifunctional applications of the BC-TGC were demonstrated, indicating that they could adapt to different temperatures and harsh environments, which greatly expanded the application scenarios of TGC. We expect that this study will provide an effective solution for portable, flexible and robust power supplies fabrication for low-grade heat harvesting.",bacterial cellulose thermogalvanic cell with Fe(CN)6 3-/4- and LiBr hygroscopic salt,bacterial cellulose confines redox ions and LiBr prevents drying/freezing for wide-temperature heat harvesting
Boosting Thermogalvanic Cell Performance through Synergistic Redox and Thermogalvanic Corrosion,CHEMSUSCHEM,10.1002/cssc.202401749,2025,"Thermogalvanic cells with organic redox couple (OTGCs) have received significant attention for low-grade heat harvesting due to their high thermopower, versatile molecular design, and tailorable physiochemical properties. However, their thermogalvanic conversion power output is largely hindered by slow kinetic rate, which limits practical applications. In this work, we demonstrate a high-performance liquid quinone/hydroquinone (Q/HQ) based OTGC by synergistic coupling redox reaction and thermogalvanic corrosion. By adding hydrochloric acid (HCl) into electrolyte solution, HCl not only boosts intrinsic redox kinetic rate of Q/HQ, but also induces rapid thermogalvanic corrosion of the copper electrode. Notably, these two processes reinforce each other kinetically. Consequently, the Q/HQ-based OTGC exhibits a rapid kinetic rate alongside an increased thermopower, leading to a significantly enhanced power output density. As a result, the Q/HQ-based OTGC achieves an enhanced effective conductivity sigma eff of 4.22 S m-1 and a record high normalized power density Pmax (Delta T)-2 of 108.7 mu W m-2 K-2. This strategy provides a feasible and effective method for development of high-performance OTGCs.",quinone/hydroquinone organic thermogalvanic cell with HCl and copper electrode,"HCl accelerates Q/HQ redox kinetics and induces thermogalvanic copper corrosion, synergistically boosting output"
A novel solar-driven thermogalvanic cell with integrated heat storage capabilities,SOLAR ENERGY,10.1016/j.solener.2024.112939,2024,"Low-grade heat sources like solar thermal radiation offer a vast energy resource. However, their low utilization rate limits energy recovery and conversion efficiency. Solar thermogalvanic cells, utilizing solar thermal radiation as a heat source, are considered an effective way to harness solar energy. However, their widespread application is hindered by performance instability due to periodic solar radiation fluctuations. This study developed composite electrodes with high conductivity, excellent photothermal properties, and heat storage capabilities, and applied them in thermogalvanic cells. Compared to traditional thermal chemical cells, the new heat storage electrode materials significantly enhance the stability and energy output efficiency. The results show that under temperature fluctuations, the new thermal chemical cells (EG/SA/LA-TGCs) significantly improve power output stability. The temperature difference increased from 6 degrees C to 17 degrees C, with the open-circuit voltage rising to 32 mV. Thanks to the electrodes' heat storage and release capability, the heat released by the electrodes sustains the cell's power generation. The discharge duration per unit volume of the electrode reached 12.74 min/cm(3), 15 times longer than traditional thermal chemical cells.",EG/SA/LA composite heat-storage electrodes in solar thermogalvanic cells,photothermal/phase-change heat storage smooths solar fluctuations and sustains temperature difference for longer discharge
Thermogalvanic organohydrogel-based non-contact self-powered electronics for advancing smart agriculture,JOURNAL OF MATERIALS CHEMISTRY C,10.1039/d3tc04133f,2024,"Non-contact sensors avoid physical contact with the external environment, ensuring long-term reliability and offering a broad spectrum of sensing applications. However, the requirement for an external power supply, poor mechanical properties, low output performance, and high costs limits their application. Herein, non-contact self-powered electronics are proposed based on a thermoelectric organohydrogel prepared using a rapid freeze-thaw method where Cu/Cu2+ serves as a redox couple in the binary solvent of DMSO/water. The organohydrogel exhibits favorable mechanical, anti-freezing, and anti-drying properties and maintains stable thermoelectric performance at temperatures ranging from 253 K to 333 K. By assembling with PDMS/CuO/Cu electrodes, the gel generates a maximum temperature difference of approximately 14.8 K and produces an open-circuit voltage of 15.2 mV under one sun via photothermal conversion. Successful applications of non-contact self-powered electronics based on photo-thermal-electric (PTE) conversion include remote-controlled small electronics, wireless information interaction, and solar intensity monitoring in greenhouses. In the long run, this work has the potential to achieve efficient management and intelligent control of agricultural production, presenting vast application prospects in the field of smart agriculture. Non-contact self-powered electronics are proposed based on a thermoelectric hydrogel, which can be applied in remote-controlled small electronics, wireless information interaction and monitoring solar intensity via photo-thermal-electric conversion.",Cu/Cu2+ DMSO/water thermoelectric organohydrogel with PDMS/CuO/Cu electrodes,"photo-thermal-electric conversion creates a temperature difference across Cu/Cu2+ organohydrogel, generating self-powered non-contact sensing output"
Highly Antifreezing Thermogalvanic Hydrogels for Human Heat Harvesting in Ultralow Temperature Environments,NANO LETTERS,10.1021/acs.nanolett.3c03818,2023,"Thermogalvanic hydrogels have been quickly developed and are widely used in thermal energy harvesting. However, the freezing behaviors of thermogalvanic hydrogels at subzero temperatures greatly limit their practical applications. Herein, we design an antifreezing thermogalvanic hydrogel based on [Fe(CN)(6)](3-/4-) ions for thermoelectric power generation in ultralow temperature environments. The antifreezing thermogalvanic hydrogels show excellent flexibility at -80 degrees C owing to the hydrogen bonding between ethylene glycol and water molecules. Even after 500 cyclic tensile strains, the thermogalvanic hydrogels can still maintain excellent mechanical stability, and the Seebeck coefficient is as high as 1.43 mV/K, corresponding to a large retention rate of similar to 95%. Moreover, we demonstrate a wearable thermoelectric shoe based on antifreezing thermogalvanic hydrogels for harvesting human thermal energy in a simulated winter environment of -30 degrees C, and the electricity can drive a green LED. This work provides important guidance for the design and optimization of antifreezing thermogalvanic hydrogels.",ethylene glycol/water antifreezing hydrogel with [Fe(CN)6]3-/4- redox ions,ethylene glycol-water hydrogen bonding suppresses freezing while ferri/ferrocyanide thermogalvanic redox converts human heat to electricity
Boosting Thermoelectric Performance of Thermogalvanic Hydrogels by Structure Engineering Induced by Liquid Nitrogen Quenching,ADVANCED ENERGY MATERIALS,10.1002/aenm.202303358,2024,"Quasi-solid thermogalvanic hydrogels hold great promise in harvesting low-grade thermal energy, yet, they are still far from practical application owing to relatively low power output. Herein, through liquid nitrogen quenching-induced structure engineering, a high-performance stretchable thermogalvanic hydrogel thread with a high specific output power density of 2227.5 mu W m-2 K-2 and a large thermopower of 4.5 mV K-1 is designed. After liquid nitrogen quenching, both the thermopower and electrical conductivity have been greatly improved compared to natural cooling. The excellent properties are attributed to liquid nitrogen quenching-induced grain refinement and precipitation inhibition. It is a novel and general preparation method for high-performance and homogeneous thermogalvanic hydrogels. Finally, a thermogalvanic hydrogel array is demonstrated to be capable of driving a low-power motor and charging a mobile phone by low-grade thermal energy harvesting, indicating a great potential for practical applications in human daily life. Stretchable thermogalvanic hydrogels with high output power densities are fabricated by ultrafast cooling with liquid nitrogen quenching. Ultrafast cooling can greatly reduce ion diffusion and increase crystallization nucleation rates, inhibit the growth and precipitation of the produced thermosensitive crystals, increase their utilization rates, promote redox reactions, and further improve thermoelectric properties.image",stretchable thermogalvanic hydrogel thread prepared by liquid-nitrogen quenching,"ultrafast quenching refines grains and inhibits thermosensitive crystal precipitation, increasing ion utilization and promoting redox reactions"
A self-powered thermogalvanic organohydrogel-based touch-to-speech Braille transmission interface with temperature resistance and stretchability,COMPOSITES SCIENCE AND TECHNOLOGY,10.1016/j.compscitech.2023.110077,2023,"Human-machine interaction has made a great advance in Braille information communications, enabling the interactions between visually impaired people, normal people, and auxiliary devices. Herein, a thermogalvanic organohydrogel electrolyte (OHE) was fabricated via a facile freezing-thawing route with Sn2+/Sn4+ as a redox couple and NaCl as an additional electrolyte, which demonstrates a favorable mechanical and thermoelectric performances with a high Seebeck coefficient of -1.62 mV/K. Owing to the intense hydrogen bonds between water and DMSO, the OHE manifests anti-freezing, non-drying properties and a wide working temperature range (-20 to 60 degrees C), thus sustaining a stable output performance in harsh surroundings. Considering the welldesigned comprehensive performance, the OHE was further integrated into a self-powered Braille transmission interface that can easily convert regular touches into visual text and auditory feedback, realizing self-powered real-time Braille transmission and readout for the first time. The strategy of applying the OHE to a phonic Braille transmission interface reveals the considerable possibilities of heat-to-electricity conversion in information transfer and human-computer interaction.",DMSO/water thermogalvanic organohydrogel electrolyte with Sn2+/Sn4+ and NaCl,Sn2+/Sn4+ thermogalvanic redox converts touch/temperature differences to signals while DMSO-water hydrogen bonding gives anti-freezing and anti-drying behavior
Thermogalvanic bricks: optimising large dimension thermocells for air and water valorisation,SUSTAINABLE ENERGY & FUELS,10.1039/d4se01498g,2025,"Thermogalvanic cells can potentially valorise the huge quantity of energy available as waste heat; using entropy-driven thermoelectrochemistry they can convert a thermal gradient into electricity. Most investigations exploit a thermal source (e.g. hot water, the human body, sunlight, electronics) via a heat exchanger (metal pipe, skin, housing, etc), combined with an unlimited heat sink (e.g. pumped cold water). Limited studies have used ambient air as the heat sink. This study is believed to be the first to explore using air as both the thermal source and heat sink. It compares thermogalvanic cell performance when using water-water and air-air as the thermal energy sources and sinks, respectively, for devices with relatively large physical dimensions (25 to 100 mm wide). Gelation improved power output under both scenarios, due to enhanced thermal isolation of the electrodes; power decreased with increasing width in the water-water setup, but power increased with increasing width for air-air harvesting. Water-water yielded higher power overall, yet the air-air system operated passively and could be further optimised for real-world applications, i.e. as thermogalvanic bricks or panels in building materials.",large-dimension gelled thermogalvanic thermocells using water-water or air-air thermal source/sink,gelation thermally isolates electrodes and maintains larger temperature differences for entropy-driven thermogalvanic power generation
Self-Assembled Asymmetric Electrodes for High-Efficiency Thermogalvanic Cells,ADVANCED ENERGY MATERIALS,10.1002/aenm.202302011,2023,"The thermogalvanic cell (TGC) is considered a promising thermoelectric device for directly converting low-grade waste heat into electricity due to its low-cost and scalable properties. However, the low output and conversion efficiency limit its practical application. Herein, record-high thermoelectric conversion performances are achieved in the aqueous ferri/ferrocyanide ([Fe(CN)6]3-/[Fe(CN)6]4-) based TGC by using the electrode of cobaltous oxide nanowires array on carbon cloth fiber. Because of the temperature-dependence reaction activity between CoO with [Fe(CN)6]4-, the asymmetric electrodes of Co2Fe(CN)6 and CoO nanowires array on carbon cloth fiber are constructed at the hot anode and cold cathode, respectively. These self-assembled asymmetric electrodes exhibit specific catalysis toward electrode reactions at both ends of TGC, leading to a significant reduction in electronic activation energy. It is demonstrated that the electrodes have high catalytic activity and high specific surface area, enabling the construction of a high-efficiency TGC with a Carnot-relative efficiency (& eta;r) of 14.8% and a maximum output power density (Pmax) of 24.5 W m-2. This work offers an asymmetric electrode engineering pathway for the continuous evolution of TGCs. Self-assembled asymmetric catalysis electrodes composed of CoO and Co2Fe(CN)6 arrays are synthesized by taking advantage of the temperature-dependent reaction activity between CoO and [Fe(CN)6]4- to achieve specific catalytic properties. Due to its exceptional performance, record-high thermoelectric conversion performance of TGC is achieved with a & eta;r of 14.8% and Pmax of 24.5 W m-2.image",aqueous [Fe(CN)6]3-/[Fe(CN)6]4- thermogalvanic cell with CoO nanowire/carbon-cloth and Co2Fe(CN)6/CoO asymmetric electrodes,temperature-dependent CoO-ferrocyanide reaction self-assembles asymmetric catalytic electrodes that lower electronic activation energy at hot and cold sides
Transparent stretchable thermogalvanic PVA/gelation hydrogel electrolyte for harnessing solar energy enabled by a binary solvent strategy,NANO ENERGY,10.1016/j.nanoen.2022.107449,2022,"Aqueous thermocells are environment-friendly power sources capable of converting low-grade thermal energy into electricity to power small electronics in various application scenarios free from batteries. However, its poor portability and transparency, mechanical fragility, and low output performance impose a burden on its extensive application. Here, we demonstrate a highly transparent, flexible and stretchable gel with the cross-linked PVA/gelation double network frame by introducing DMSO/water binary solvent to suppress the formation of hydrogen bonds along the three dimensional directions, forming numerous microcrystalline regions. When the temperature difference is 40 K, the gel-based thermogalvanic cell achieves an open-circuit voltage of about 63 mV with the maximum power density of about 1.2 mW m(-2). By implanting a PDMS solar absorber, the assembled solar thermoelectric gel device delivers a maximum temperature difference of about 11.2 K with an open-circuit voltage up to 16.6 mV and short-circuit current of more than 100 mu A, respectively, upon exposure to sunshine over 12 h. This work may provide new ideas for harnessing ambient heat and solar energy to electrical energy conversion.",cross-linked PVA/gelatin hydrogel in DMSO/water with PDMS solar absorber,binary solvent forms microcrystalline stretchable transparent gel while photothermal heating drives thermogalvanic voltage under sunlight
Thermogalvanic Hydrogel for Synchronous Evaporative Cooling and Low-Grade Heat Energy Harvesting,NANO LETTERS,10.1021/acs.nanolett.0c00800,2020,"Efficient heat removal and recovery are two conflicting processes that are difficult to achieve simultaneously. Here, in this work, we pave a new way to achieve this through the use of a smart thermogalvanic hydrogel film, in which the ions and water undergo two separate thermodynamic cycles: thermogalvanic reaction and water-to-vapor phase transition. When the hydrogel is attached to a heat source, it can achieve efficient evaporative cooling while simultaneously converting a portion of the waste heat into electricity. Moreover, the hydrogel can absorb water from the surrounding air to regenerate its water content later on. This reversibility can be finely designed. As an applicative demonstration, the hydrogel film with a thickness of 2 mm was attached to a cell phone battery while operating. It successfully decreased the temperature of the battery by 20 degrees C and retrieved electricity of 5 mu W at the discharging rate of 2.2 C.",smart thermogalvanic hydrogel film with ions and water,"ions undergo thermogalvanic redox conversion while water evaporation removes heat, enabling simultaneous evaporative cooling and electricity generation"
Anhydrous Thermogalvanic Gel for Simultaneous Waste Heat Recovery and Thermal Management of Electronics,ACS APPLIED POLYMER MATERIALS,10.1021/acsapm.3c00481,2023,"Due to their distinctive characteristics of adequate flexibility, stability, and functional diversity, thermogalvanic gels have demonstrated tremendous promise in the area of renewable energy sources. However, their inability to adapt to low or high temperature environments greatly limits their practical applications. In this work, an anhydrous thermogalvanic gel prepared from dimethyl sulfoxide (DMSO)/ethylene glycol (EG) binary organic solvent is developed with Fe3+/2+ as a redox pair, which displays an exceptional temperature tolerance (-80 to 80 degrees C) and remarkable antidrying property (80% weight retention at 70 degrees C after 12 h), while maintaining stable mechanical flexibility and electrical conductivity over a wide temperature range. These merits result from the formation of numerous hydrogen bonds between DMSO and EG molecules, which prevent crystallization and hinder evaporation of the solvent simultaneously. As an applicative demonstration, by placing the thermogalvanic gel on the surface of a charging battery/charger/chip, it acts as a thermal-conductive network while performing the thermal-electric conversion, revealing a viable strategy for simultaneous waste heat recovery and thermal management. This research provides new insight into the creation of flexible thermoelectric materials for energy recovery and self-powered wearable electronics.",anhydrous DMSO/ethylene glycol thermogalvanic gel with Fe3+/Fe2+,DMSO-EG hydrogen bonding prevents crystallization/evaporation and maintains flexible thermogalvanic conversion across wide temperatures
"Seebeck, Peltier, and Soret effects: On different formalisms for transport equations in thermogalvanic cells",JOURNAL OF CHEMICAL PHYSICS,10.1063/5.0131731,2023,"Thermogalvanic cells convert waste heat directly to electric work. There is an abundance of waste heat in the world and thermogalvanic cells may be underused. We discuss theoretical tools that can help us understand and therefore improve on cell performance. One theory is able to describe all aspects of the energy conversion: nonequilibrium thermodynamics. We recommend to use the theory with operationally defined, independent variables, as others have done before. These describe well-defined experiments. Three invariance criteria serve as a basis for any description: of local electroneutrality, entropy production invariance, and emf's independence of the frame of reference. Alternative formalisms, using different sets of variables, start with ionic or neutral components. We show that the heat flux is not the same in the two formalisms and derive a new relationship between the heat fluxes. The heat flux enters the definition of the Peltier coefficient and is essential for the understanding of the Peltier heat at the electrode interfaces and of the Seebeck coefficient of the cell. The Soret effect can occur independently of any Seebeck effect, but the Seebeck effect will be affected by the presence of a Soret effect. Common misunderstandings are pointed out. Peltier coefficients are needed for the interpretation and design of experiments.",thermogalvanic cell transport model with ionic/neutral-component formalisms,"nonequilibrium thermodynamics relates Seebeck, Peltier, and Soret effects; heat-flux definition controls interpretation of interfacial heat and cell thermopower"
Self-Powered Respiratory Monitoring Strategy Based on Adaptive Dual-Network Thermogalvanic Hydrogels,ACS APPLIED MATERIALS & INTERFACES,10.1021/acsami.2c14239,2022,"As a low-grade sustainable heat source, the breath waste heat exhaled by human bodies is always ignored, although producing a greater temperature than ambient. Converting this heat into electric energy for use as power sources or detecting signals is extremely important in cutting-edge wearable medicine. This heat-to-electricity conversion is possible with thermogalvanic hydrogels. However, challenges remain in their antifreezing and antidrying properties, significantly restricting the durability of thermogalvanic gels in practical applications. Herein, a dual-network poly(vinyl alcohol)/gelatin (PVA/GEL) gel thermogalvanic device with Fe(CN)6 3-/4- as a redox pair is developed, with an outstanding low-temperature durability and antidrying capacity. These features result from the use of a binary H2O/GL (glycerin) solvent to limit hydrogen bonding between water molecules. The prepared thermogalvanic gel patch is capable of easily converting physiological data into understandable electrical impulses using the temperature difference between the ambient environment and the heat produced by human breathing, realizing a simple self-powered respiratory monitoring strategy for the first time. Even below zero temperature, the gel patch-based mask can operate normally, implying it fits into low-temperature environments. This study sheds fresh light on the development of active wearable medical electronics that are powered by demic low-level heat.",PVA/gelatin dual-network H2O/glycerin thermogalvanic gel with Fe(CN)6 3-/4-,glycerin-water solvent limits water hydrogen bonding for antifreezing/antidrying durability while breath heat drives thermogalvanic respiratory signals
Thermogalvanic hydrogel electrolyte for harvesting biothermal energy enabled by a novel redox couple of SO4/3 2-ions,NANO ENERGY,10.1016/j.nanoen.2022.108077,2023,"Thermoelectric hydrogels can be used as energy conversion devices to convert low-grade heat into practical electricity for sustainable energy supply. However, current redox couple-based thermogalvanic gel electrolytes contain toxic metal elements, limiting their non-toxic and environmentally sustainable development. Here, a stretchable, flexible gel thermoelectric device is created by introducing a novel non-toxic redox couple of SO42-/ SO32-for the first time, which exhibits a high Seebeck coefficient (Se) of 1.63 mV K-1 at the optimal redox couple concentration of 0.1 M. The tensile/compressive stress and deformation at break of the hydrogel electrolyte achieves a superior index due to the hybrid structure formed between PEDOT: PSS and SO42-/SO32-ion-promoted crosslinking PVA network. By subtly doping additional electrolyte ions, the gel affords a favorable ionic con-ductivity and thermoelectric performance. Furthermore, this PVA-SO4/3 2-hydrogel shows the capacity of har-vesting biothermal energy for operating small electronics at body temperature. This work breaks with conventional redox couples and represents a step towards green sustainable self-powered wearables using a new redox couple with a favorable thermoelectric performance.",PVA-PEDOT:PSS hydrogel with SO42-/SO32- redox couple,SO42-/SO32- provides non-toxic thermogalvanic redox and promotes PVA crosslinking/PEDOT:PSS hybrid structure for biothermal energy harvesting
Solvent effect on the Seebeck coefficient of Fe2+/Fe3+ hydrogel thermogalvanic cells,JOURNAL OF MATERIALS CHEMISTRY A,10.1039/d1ta10508f,2022,"Thermogalvanic (TG) cells offer a clean and scalable energy conversion pathway for the recovery of low-grade waste heat. Enhancing the voltage generated by a single TG cell is crucial for widespread application in the internet of things (IoT) and wearable electronics. But the mechanism for manipulating the thermo-voltage is still unclear. In this work, we investigate the solvent effect on the TG performance by introducing nine organic solvents with different Gutmann donor numbers (DNs) into an aqueous Fe2+/Fe3+ electrolyte. A strong reverse correlation between the solvent DN and the Seebeck coefficient of the TG cell is observed. Among these, the tetramethylene sulfone-Fe2+/Fe3+ hydrogel TG cell exhibits a Seebeck value of 2.49 mV K-1, which is the largest reported value for Fe2+/Fe3+ based TG cells to date. A combination of experiments and molecular dynamics is used to elucidate the role of solvent DN on the Seebeck values. It is found that the difference in entropy contributions from changing solvation shell sizes as a result of organic solvent addition is the origin of the observed dependency between the Seebeck coefficient and solvent DN. This work provides a new perspective for the enhancement of TG performance, and this approach can be extended to other electrolyte systems and realize the application of TG cells.",Fe2+/Fe3+ hydrogel thermogalvanic cells with organic solvents including tetramethylene sulfone,"organic solvent donor number changes Fe2+/Fe3+ solvation-shell entropy difference, tuning and boosting Seebeck coefficient"
Self-powered physiological monitoring strategy enabled by adaptive dual-network thermogalvanic hydrogels,SENSORS AND ACTUATORS A-PHYSICAL,10.1016/j.sna.2023.114604,2023,"The development of wearable epidermal electronics has revolutionized the way vital signs are collected and monitored. However, they require a continuous power supply from an external source, which greatly limits their practical application. Excitingly, flexible thermogalvanic gels can convert human waste heat into electricity, which in turn can be used as a stretchable miniature passive electronic device that is of great importance in cutting-edge wearable healthcare. We have manufactured a conformal thermogalvanic generator with Fe2+/Fe3+ electrolyte-based hydrogel and MWCNT (Multi-walled Carbon Nanotubes)-based electrodes, which presents not only outstanding thermoelectric performance but also perfect flexibility and stretchability. Simultaneously packaged with the integrated thermogalvanic gel and flexible electrodes, which is particularly suitable as a wearable epidermal patch. Given the excellent temperature response of the thermogalvanic gel, we have fabricated a self-powered body temperature monitoring patch that could be conformally attached on the wrist or other points. Meanwhile, the gel patch possesses high responsivity on strain that can recognize the pulse beat at the wrist. This work sheds fresh light on the developing self-powered wearable epidermal healthcare electronics by converting low-grade human body heat.",Fe2+/Fe3+ hydrogel thermogalvanic generator with MWCNT-based flexible electrodes,body-ambient temperature gradients drive thermogalvanic voltage while flexible electrodes/gel patch enable self-powered temperature and pulse sensing
"High Seebeck coefficient thermogalvanic cells via the solvent-sensitive charge additivity of cobalt 1,8-diaminosarcophagine",CHEMICAL COMMUNICATIONS,10.1039/d2cc05413b,2023,"Thermogalvanic devices can chemically convert low grade (<200 degrees C) waste thermal energy into electrical energy. A temperature gradient across the device drives an entropically favourable electrochemical redox reaction, resulting in continuous current production. The voltage correlates with the entropy change during the redox reaction, which favours high valence metal complexes with high charge densities. Here we investigate cobalt (ii/iii) sarcophagine ([Co(SAR)](2+/3+)) for application in thermogalvanic cells, as a function of solvent; the two uncoordinated amine groups 1,8-diaminosarcophagine are typically protonated to form tetracationic/pentacationic [Co(SARH(2))](4+/5+). In water, [Co(SARH(2))](4+/5+) gave a thermogalvanic Seebeck coefficient (S-e) of +0.43 mV K-1, which is entropically consistent with just the Co2+/3+ core valence, whereas DMSO and ionic liquid solvents gave S-e values of +1.84 and +2.04 mV K-1, respectively, in line with the 'Co4+/5+' overall complex. This work proves how the ionic charge on pendant moieties can undergo charge-additivity with the metal core to significantly boost entropically-driven processes, but only in suitably low dielectric and bulky solvents.","cobalt(ii/iii) sarcophagine [Co(SARH2)]4+/5+ in water, DMSO, and ionic-liquid solvents","low-dielectric bulky solvents enable pendant amine charge-additivity with Co2+/3+ core, increasing redox entropy and Seebeck coefficient"
Thermogalvanic hydrogels for self-powered temperature monitoring in extreme environments,JOURNAL OF MATERIALS CHEMISTRY C,10.1039/d2tc00889k,2022,"Thermogalvanic hydrogels have been highlighted in the design of flexible thermoelectric cells and sensors on account of their excellent physicochemical properties such as high thermal sensitivity, stretchability, and portability. However, the incident freezing and drying behaviors of hydrogels by using water solvent as the dispersion medium limit their scope of application greatly. Herein, a gel electrolyte-based thermogalvanic device with I-/I-3(-) as a redox pair is fabricated, which shows a preferred temperature tolerance (-20 to 80 degrees C) and superior anti-drying capacity at reduced vapor pressure. These features stem from weakening the hydrogen bonds between water molecules by using a simple binary solvent strategy. Considering its decent thermogalvanic response, a gel-based temperature monitoring system was developed, which can be used as a comfortable electronic skin for human body monitoring. It could also be applied to build up a smart window system for self-powered monitoring of indoor or outdoor temperatures, even in extreme weather and climate events.",binary-solvent thermogalvanic gel electrolyte with I-/I3- redox pair,binary solvent weakens water-water hydrogen bonding for temperature tolerance and anti-drying while iodide/triiodide redox gives self-powered temperature monitoring
Wearable Electronics Based on the Gel Thermogalvanic Electrolyte for Self-Powered Human Health Monitoring,ACS APPLIED MATERIALS & INTERFACES,10.1021/acsami.1c12443,2021,"There is always a temperature difference of more than 10 degrees between the human body, as a sustainable heat source, and the ambient temperature. Converting body heat into electricity that in turn is used to drive personal medical electronics is of significance in smart wearable medicine. To avoid the frangibility and complex preparation of traditional thermoelectric materials, we fabricated a gel electrolyte-based thermogalvanic generator with Fe3+/Fe2+ as a redox pair, which presents not only moderate thermoelectric performance but also excellent flexibility. With a micropore-widespread polyvinylidene fluoride diaphragm implanted in the gel, a thermal barrier was created between the two halves, effectively improving the Seebeck coefficient by reducing its thermal conductivity. Considering the superior temperature response of the gel, a self-powered body temperature monitoring system was established by conformally affixing it to the forehead. Meanwhile, the gel patch with a high specific heat capacity can effectively cool down fever patients. This work may offer a new train of thought for exploiting self-powered wearable medical electronics by scavenging low-grade body heat.",gel electrolyte thermogalvanic generator with Fe3+/Fe2+ and microporous PVDF diaphragm,"PVDF thermal barrier reduces thermal conductivity between cell halves, improving Seebeck response for body-heat-powered monitoring and cooling"
"Self-Powered, Non-Toxic, Recyclable Thermogalvanic Hydrogel Sensor for Temperature Monitoring of Edibles",MICROMACHINES,10.3390/mi14071327,2023,"Thermogalvanic hydrogel, an environmentally friendly power source, enable the conversion of low-grade thermal energy to electrical energy and powers microelectronic devices in a variety of scenarios without the need for additional batteries. Its toxicity, mechanical fragility and low output performance are a hindrance to its wide application. Here, we demonstrate thermoelectric gels with safe non-toxic, recyclable, highly transparent and flexible stretchable properties by introducing gelatin as a polymer network and SO3/42- as a redox electric pair. When the temperature difference is 10 K, the gel-based thermogalvanic cell achieves an open-circuit voltage of about 16.2 mV with a maximum short-circuit current of 39 mu A. Furthermore, we extended the application of the Gel-SO3/42- gel to monitor the temperature of hot or cold food, enabling self-powered sensing for food temperature detection. This research provides a novel concept for harvesting low-grade thermal energy and achieving safe and harmless self-driven temperature monitoring.",gelatin thermoelectric gel with SO32-/SO42- redox pair,non-toxic sulfite/sulfate thermogalvanic redox converts food temperature differences to self-powered sensing signals
A vertical stretchable self-powered light sensor based on thermogalvanic gel electrolyte via photo-thermal-electric conversion,SENSORS AND ACTUATORS A-PHYSICAL,10.1016/j.sna.2023.114305,2023,"The passivity and stretchability of sensors are the focus of current electronic research, and the main reason for limiting their development is that sensors always require external power supplies and lack enough stretchability. In response to this problem, the development of self-powered sensors is a good solution. In this paper, a self -powered vertical stretchable environment-friendly light intensity sensor has been realized by combining the electrolyte-based thermogalvanic gel and organic carbon sponge that is prepared by making the mixture of carbon nanotubes and polydimethylsiloxane porous. The upper photothermal layer can absorb light effectively and converts it into heat that trigger the lower thermogalvanic layer to send thermovoltage signals. Via the subtle photo-thermal-electric conversion, we can achieve the active monitoring for light intensity due to a strong correlation between output voltages and the light intensity. Further, we have designed a light intensity moni-toring platform, through which the user terminal can receive the light intensity information in real time. The passive light intensity sensor may possess potential applications in artificial breeding, artificial planting, energy saving and emission reduction.",thermogalvanic gel electrolyte with porous CNT/PDMS organic carbon sponge,"photothermal carbon sponge converts light to heat, driving lower thermogalvanic gel voltage proportional to light intensity"
A Quasisolid Electrolyte Thermogalvanic Cell by Using Sand Grains,ADVANCED ELECTRONIC MATERIALS,10.1002/aelm.202300089,2023,"Thermogalvanic cells (TGCs) can convert low-grade heat into electric energy. Currently, Carnot efficiency of the P-type TGC can reach higher than 11%, but the TGC's commercialization is still limited due to the low Carnot efficiency of the N-type TGC. In this paper, new TGCs are reported, and they are made of desert sand grains mixed with the Cu(NO3)2 aqueous electrolyte, named as QS-Cu-TGCs, the thermoelectric performance of which is investigated. It is found that although sand grains are common, widely seen in the desert, the Carnot efficiency of such N-type QS-Cu-TGCs is quite high, about 4%, with the Seebeck coefficient of 8.4 mV K-1, driven by the temperature difference 12.1 K between two electrodes, in an environment below 373 K.",desert sand grains mixed with Cu(NO3)2 aqueous electrolyte quasi-solid Cu thermogalvanic cell,sand-grain quasi-solid matrix with Cu2+ electrolyte gives high n-type Seebeck response and Carnot efficiency under a small temperature gradient
p-n Conversion of Thermogalvanic Cells by Harnessing the Micellization of Thermoresponsive Diblock Copolymers,ACS APPLIED ENERGY MATERIALS,10.1021/acsaem.3c01907,2023,"Thermoelectric energy conversion based on the Seebeck effect holds great potential for effectively mitigating economic and environmental impacts. In contrast to conventional solid semiconductor thermoelectric cells, liquid thermogalvanic cells (TGC) have 1 order of magnitude higher thermopower of approx. 1 mV K-1. However, very limited redox pairs were reported to generate outstanding thermopowers for TGCs. Therefore, achieving n-p or p-n conversion for expanding redox couples is highly promising to resolve the challenge for TGCs. Herein, the pn conversion of the I-/I-3(-) TGC with high thermopowers was accomplished by employing easily prepared and scalable thermoresponsive diblock copolymers. By combining the distinct anionpolymer interaction and the micellization of the diblock copolymer, variable concentrations of ions invert the redox reactions at hot and cold sides. As a result, the efficient p-n conversion and enhanced power conversion efficiency was achieved for the I-/I-3(-) TGC with the introduction of copolymers. Building on the different ion-polymer interactions, the strategy developed in this work is also highly expected to extend to other electrochemical processes and applications.",I-/I3- thermogalvanic cell with thermoresponsive diblock copolymers,"anion-polymer interactions and thermally induced micellization redistribute ions, invert hot/cold redox reactions, and enable p-n conversion"
Designing n-Type Thermogalvanic TEMPO-Substituted Polyacrylamide via Conformational Entropic Modulation,ACS MACRO LETTERS,10.1021/acsmacrolett.5c00762,2026,"This work pioneers the use of TEMPO-substituted polyacrylamide (PTAm) for n-type thermogalvanic (TG) systems, uniquely harnessing redox-induced conformational entropy changes to enhance the thermoelectric performance. Through the electrochemical oxidation of low-molecular-weight PTAm, which is initially water-insoluble, a water-soluble polyelectrolyte (ox-PTAm) is formed, containing both TEMPO and oxoammonium species, as indicated by cyclic voltammetry. The redox transitions induce conformational entropy changes, which are corroborated by electrochemical and thermoelectric measurements, leading to an observed n-type thermopower (alpha) of -0.76 mV K-1. A maximum power output of 1.18 mW m-2 K-2 is achieved under a thermal gradient of 3.8 K. This work highlights the potential of entropy modulation in redox-active polymers as a strategy for advancing organic thermoelectric materials targeting low-grade waste heat recovery.",TEMPO-substituted polyacrylamide PTAm/ox-PTAm n-type thermogalvanic polymer,redox-induced conformational entropy changes in TEMPO/oxoammonium polymer states generate n-type thermopower
A machine learning-enabled planar interdigitated thermogalvanic hydrogel for synergistic thermal and strain sensing,JOURNAL OF MATERIALS CHEMISTRY A,10.1039/d5ta08892e,2026,"Thermal and strain recognition is a promising modality for wearable electronics and human-machine interfaces, taking advantage of its natural, efficient, and user-distinctive characteristics. However, current sensing materials are typically limited by structural rigidity, functional constraints, and significant external power dependency, hindering their practical applications. This work proposes a unique strain-thermal sensing mechanism based on a planar interdigitated thermogalvanic hydrogel (PITH), integrating MXene interdigitated electrodes with a polyacrylamide (PAAm)- Fe(CN)63-/4- hydrogel. Operating under a temperature gradient, this self-powered device responds to hand-writing motions, thereby enabling real-time capture of subtle writing dynamics. Distinct from resistive strain-based designs, the PITH employs a strain-thermal coupling mechanism, where mechanical strain modulates the hydrogel's redox kinetics, thereby influencing thermoelectric voltage output and establishing a direct strain-voltage correlation. By applying a random forest algorithm to process dynamic voltage signals, discriminative features are extracted, achieving high recognition accuracy (99.09% for letters, 97.85% for digits) under entirely passive operation. This study presents a structurally integrated, fully self-powered, and signal-programmable flexible handwriting recognition device, which is important for developing next-generation low-power wearable HMI systems.",planar interdigitated thermogalvanic hydrogel with MXene electrodes and PAAm-Fe(CN)6 3-/4- hydrogel,"strain modulates ferri/ferrocyanide hydrogel redox kinetics under a thermal gradient, producing coupled strain-voltage handwriting signals"
All-Soft and Stretchable Thermogalvanic Gel Fabric for Antideformity Body Heat Harvesting Wearable,ADVANCED ENERGY MATERIALS,10.1002/aenm.202102219,2021,"Currently, wearable thermal-electric harvester is a loose term for technology that embraces rigid thermoelectric leg incorporated flexible substrates. In reality, they are not exclusively flexible, much less totally soft and stretchable. Likewise, conventional substrate-dependent thermogalvanic cells lack the highly sought after mechanical adaptability, and hinder the full exploitation of the inherent merit of their fluidic matrices. The existence of the substrate causes poor air permeability and worse still, leads to low heat transfer efficiency. Here, a soft and stretchable thermogalvanic fabric directly woven out of p/n alternating hydrogel-based fibers is proposed. In addition to improved wearing comfort, the compliant mechanical properties of the thermogalvanic fabric possess desired adaptability to irregular and continuously deformed skin, so as to realize conformal and efficient body heat harvesting. The scalable and modular, processable soft gel serves as the groundwork to the realization of prototypical arbitrary fabric design and potentially a new battery-free bodily heat harvesting wearable.",soft stretchable thermogalvanic fabric woven from alternating p/n hydrogel-based fibers,p/n thermogalvanic hydrogel fibers harvest body heat conformally while fabric geometry improves deformation tolerance and heat transfer
Stretchable and Self-Powered Temperature-Pressure Dual Sensing Ionic Skins Based on Thermogalvanic Hydrogels,ACS APPLIED MATERIALS & INTERFACES,10.1021/acsami.2c11124,2022,"Tactile sensors with both temperature- and pressure-responsive capabilities are critical to enabling future smart artificial intelligence. These sensors can mimic haptic functions of human skin and inevitably suffer from tensile deformation during operation. However, almost all actual multifunctional tactile sensors are either nonstretchable or the sensing signals interfere with each other when stretched. Herein, we propose a stretchable and self-powered temperature-pressure dual functional sensor based on thermogalvanic hydrogels. The sensor operates properly under stretching, which relies on the thermogalvanic effect and constant elastic modulus of hydrogels. The thermogalvanic hydrogel elastomer exhibits an equivalent Seebeck coefficient of -1.21 mV K-1 and a pressure sensitivity of 0.056 kPa-1. Combined with unit array integration, the multifunctional sensor can be used for accurately recording tactile information on human skin and spatial perception. This work provides a conceptual framework and systematic design for stretchable artificial skin, interactive wearables, and smart robots.",stretchable thermogalvanic hydrogel elastomer dual temperature-pressure ionic skin,thermogalvanic voltage supplies temperature sensing and stable elastic modulus enables pressure sensing without signal interference during stretching
Regenerable aerogel-based thermogalvanic cells for efficient low-grade heat harvesting from solar radiation and interfacial solar evaporation systems,ECOMAT,10.1002/eom2.12302,2023,"Direct conversion of low-grade heat into electricity by thermal electrochemical cells is a promising strategy for energy generation. For stable heat-to-electricity conversion, maintaining a low-grade heat induced temperature difference between the cell electrodes is essential. Here, a thermogalvanic cell consisting of a cellulose fiber-based porous aerogel, a liquid electrolyte, a reduced graphene oxide light absorber, and carbon nanotube-based electrodes is designed for low-grade thermal energy harvesting and conversion. The low thermal conductivity of the porous cellulose aerogel enables limited heat transfer from the hot side to the cold side, and thermal energy management effectively reduces heat loss from the hot side to the environment. Thus, a sustainable temperature difference between the electrodes is maintained and a corresponding maximum power output of 6.94 mW m(-2) is achieved under natural solar irradiation. The obtained thermal electrochemical cells are also integrated into an enclosed interfacial solar evaporation device to harvest the latent heat released from vapor condensation for electricity generation. In addition, the thermal electrochemical cells can be regenerated after 18 months of storage and show no performance degradation. This design thus offers a novel alternative strategy for practical low-grade heat harvesting.","cellulose fiber porous aerogel thermogalvanic cell with liquid electrolyte, reduced graphene oxide absorber, and CNT electrodes","porous cellulose aerogel limits heat transfer and rGO absorbs solar heat, maintaining electrode temperature difference for power generation"
Performance evaluation and parametric analysis of nighttime electricity generation system integrating thermogalvanic cells with radiative sky cooling,THERMAL SCIENCE AND ENGINEERING PROGRESS,10.1016/j.tsep.2023.102083,2023,"While distributed power generation has been made possible by photovoltaic cells during the day, there is no comparable option available at night, especially in off-grid areas around the world. In our work, a cost-effective nighttime electricity generation approach based on thermogalvanic cells and radiative sky cooling is proposed. Based on the developed thermal and electrical coupled model, we determine the maximum power point and optimal operating conditions, including the optimal load ratio of 1.2 and area ratio of 1. The calculated results show that, with systematic optimization, a high power density of 900 mW/m2 is achievable for the device by enhancing (suppressing) heat transfer between the hot (cold) side and ambient air, operating at hot and dry conditions, and optimizing the geometry of individual cells. Furthermore, the presented device significantly outperforms the nighttime thermoelectric generator and could directly power various electric devices to meet the power needs of people in remote or off-grid regions. This work identifies how to achieve maximal electrical power generation for nighttime radiative-cooling-assisted thermogalvanic devices, providing a feasible approach for constructing high-performance nighttime electricity generation devices.",thermogalvanic cells integrated with radiative sky cooling nighttime generator,radiative cooling creates nighttime temperature gradients and optimized heat/mass transfer maximizes thermogalvanic power output
Configurational entropy change-driven enhancement of thermoelectric performance in PVA-based hydrogel thermogalvanic cells,JOURNAL OF POWER SOURCES,10.1016/j.jpowsour.2025.239060,2026,"Thermogalvanic cells provide an efficient pathway for converting low-grade heat into electricity. Their performance is governed by the Seebeck coefficient, which dictates voltage output and thermoelectric efficiency. Previous efforts to enhance the Seebeck coefficient have focused on entropy contributions from solvent-induced solvation effects, while the impact of configurational entropy in quasi-solid-state networks has received limited attention. Here, we demonstrate that configurational entropy serves as an additional factor modulating the thermoelectric behavior of thermogalvanic hydrogels. Using the PVA hydrogel incorporating the Fe2+/Fe3+ redox couple as a model system, we elucidate how constrained polymer networks alter redox thermodynamics. When a Fe2+/Fe3+ concentration of 0.1 mol L-1, the Seebeck coefficient in the hydrogel reaches 1.32 mV K-1, significantly higher than that in aqueous solution (0.75 mV K-1). Complementary molecular dynamics simula-tions further demonstrate that hydrogel chains disturb the first solvation shell, broaden the radial distribution of coordinating water molecules, and increase dipole orientation disorder, thereby amplifying the configurational disparity between oxidized and reduced species. This leads to an enhanced role of configurational entropy in the ionic migration entropy. Our findings therefore highlight rational design ideas for optimizing high-performance quasi-solid-state thermogalvanic cells by quantifying the actual contribution of configurational entropy in the nano-network structure.",PVA hydrogel incorporating Fe2+/Fe3+ redox couple,constrained PVA network perturbs Fe2+/Fe3+ solvation shells and increases configurational entropy contribution to ionic migration entropy
Thermogalvanic Sensor Array for Heat Flux Mapping and Radiative Sensing,ACS APPLIED ENERGY MATERIALS,10.1021/acsaem.6c01130,2026,"The Seebeck coefficients of thermogalvanic (ionic thermoelectric) materials are several orders of magnitude greater than those of conventional thermoelectrics, making them highly suitable for sensing applications besides power generation. In this study, a ferri-/ferrocyanide thermogalvanic gel with a Seebeck coefficient of 1.3 mV K-1 was used to fabricate a heat flux sensor with fivefold higher sensitivity than the commercial FHF05 sensor. This device detected a human finger at distances of up to 8 cm using thermal radiation, a capability particularly relevant to human safety in collaborative robot environments. Coupled radiation-natural convection simulations in COMSOL closely matched experimental data, validating the proposed sensing mechanism. The high Seebeck coefficient of the material enabled sensitive heat-flux transduction, extending its functionality beyond single-point detection to spatially resolved thermal mapping. Capitalizing on this advantage, 16 gels were integrated into a compact 3 cm-scale 4 & times; 4 sensor array. Upon human finger contact, the array generated a heat flux map capturing both the intensity and spatial distribution of the thermal input. Overall, this capability allows the identification of nonuniform heat flux and enhances radiation detection.",ferri/ferrocyanide thermogalvanic gel heat-flux sensor array,high Seebeck ferri/ferrocyanide gel transduces heat flux/radiative thermal input into voltage maps for spatial sensing
Synergy of thermodiffusion and thermogalvanic effect in n-type ionic hydrogel: self-signaled fire warning and enhanced heat harvesting,CHEMICAL ENGINEERING JOURNAL,10.1016/j.cej.2026.175294,2026,"Despite the significant demand for harvesting low-grade thermal energy and providing timely fire warning, conventional thermoelectric materials face limitations in efficiency, stability, and multifunctionality. Moreover, the advancement of ionic p-n junction devices is impeded by the scarcity of high-performance n-type ionic hydrogels. Herein, we present a flame-retardant n-type ionic thermoelectric hydrogel (RTIG) that synergistically combines thermodiffusion and thermogalvanic effect to achieve self-signaled fire warning alongside enhanced heat harvesting. Fabricated via UV-polymerization in a BmimH2PO4/water solvent followed by FeCl3/FeCl2 impregnation, RTIG demonstrated robust mechanical flexibility (1389% elongation, 0.48 MPa strength) and high ionic conductivity (0.3 S m- 1). The synergistic interplay of ion thermodiffusion (Bmim+/H2PO4- ) and thermogalvanic effect (Fe2+/Fe3+) yielded a high n-type Seebeck coefficient of -6.50 mV center dot K- 1, enabling efficient heatto-electric conversion (76.1 mV, 144.3 nW at Delta T = 12 K). Remarkably, RTIG enabled self-signaled fire alarm activation within 2 s triggered by a rapid voltage surge (74.65 mV) and exhibited exceptional flame retardancy (LOI = 59%, 26.5% reduction of PHRR) attributed to phosphorus-iron synergistic char formation. Additionally, it functioned as a stable supercapacitor (52.4 F center dot g- 1). This work provides a versatile multifunctional platform for next-generation wearable and Internet-of-Things applications.",flame-retardant BmimH2PO4/water ionic hydrogel impregnated with FeCl3/FeCl2,Bmim+/H2PO4- thermodiffusion and Fe2+/Fe3+ thermogalvanic effect synergistically produce n-type voltage; phosphorus-iron char formation gives fire warning/flame retardancy
Thermally-driven chemical heterogeneity produces large thermopower and multiday operability in a thermogalvanic cell,JOURNAL OF MATERIALS CHEMISTRY A,10.1039/d5ta09239f,2026,"Thermogalvanic cells, which convert low-grade heat into electricity, usually employ chemically-homogeneous electrolytes that limit the Seebeck response to redox entropy alone. Here, we introduce a redox-split thermogalvanic cell in which a temperature gradient drives localized oxidation of a nickel-bipyridine complex at the hot electrode only, creating chemical heterogeneity that augments thermopower via additional concentration gradient effects. We add weakly coordinating anions to stabilize the oxidized species, increase redox entropy change, and balance electrical and thermal transport, and the optimized cell delivers a Seebeck coefficient of 6.44 mV K-1; a maximum power density similar to 8 W m(-2); and similar to 0.5 V (open circuit) at a 75 K gradient. It furthermore supplies power for >8 days under load with similar to 8% relative Carnot efficiency and a figure of merit ZT similar to 0.8, offering a durable, efficient route towards waste heat recovery.",redox-split thermogalvanic cell with nickel-bipyridine complex and weakly coordinating anions,temperature-gradient-driven localized hot-side oxidation creates chemical heterogeneity and concentration-gradient effects that augment thermopower
Ultra-sensitive self-powered thermogalvanic hydrogel wristband enabled by resistance-gated strategy,CHEMICAL ENGINEERING JOURNAL,10.1016/j.cej.2026.178230,2026,"Next-generation human-machine interfaces require energy-sustainable and highly responsive sensing systems. However, most wearable sensors rely on external power supplies and complex signal processing, limiting longterm stability and portability. Here, we propose a self-powered thermogalvanic hydrogel wristband that simultaneously harvests energy from the body-ambient temperature gradient and transduces mechanical deformation into readable electrical signals. The wristband integrates six dual-layer hydrogel patches, each exhibiting high extensibility (534.5%), adaptable modulus (638 kPa), lightweight portability, tunable ionic conductivity, and anti-drying stability for prolonged use. Enhanced sensing is achieved through thermoelectric-mechanical coupling governed by interfacial resistance gating, wherein deformation reduces the resistance barrier and enhances the intrinsic thermoelectric current. This coupling ensures high sensitivity with a response time of merely 40 ms. By integrating deep learning algorithms, the wristband achieves real-time sign language recognition and object authentication with an accuracy exceeding 95%. This work introduces a hybrid strategy for intelligent motion recognition, providing a new insight for sustainable wearable human-machine interaction.",dual-layer self-powered thermogalvanic hydrogel wristband patches,body-ambient thermogalvanic harvesting couples with deformation-reduced interfacial resistance gating to amplify mechanical sensing current
Boosting Gel-Based Thermogalvanic Energy Harvesting via Metal Oxide Nanostructured Electrodes,SMALL,10.1002/smll.202514359,2026,"Gel-based thermogalvanic cells (TGCs) have emerged as promising candidates for low-grade heat harvesting due to their intrinsically high Seebeck coefficients and simple device architectures. However, their power output remains limited by electrode kinetics and significant interfacial resistance. To address this problem, an effective strategy is developed herein by hydrothermally integrating transition metal oxide nanoparticles (TiO2, WO3, ZnO) onto carbon cloth (CC) electrodes, and combining this with a double-network poly(vinyl alcohol) (PVA)/gelatin hydrogel containing the ferro-/ferricyanide (Fe(CN)6 3-/4-) redox couple. Compared to the pristine CC, all of the modified electrodes exhibit markedly enhanced current densities due to enlarged electroactive surface areas and abundant oxygen vacancies. In particular, the CC/TiO2 electrode delivers the best performance due to unique coordination interactions between TiO2 and Fe(CN)6 4-, which facilitate interfacial charge transfer, as confirmed by spectroscopic and electrochemical analyses. The optimized device delivers a maximum power density of 579.8 mW m-2 and a normalized maximum power density of 0.64 mW m-2 K-2. Furthermore, a nine-cell prototype generates similar to 0.2 V under a modest temperature gradient of 15 K, thus highlighting the potential of hydrogel-based TGCs for low-grade heat recovery and flexible, wearable energy devices.","PVA/gelatin double-network hydrogel with Fe(CN)6 3-/4- and TiO2, WO3, ZnO modified carbon-cloth electrodes",metal oxide nanostructures enlarge electroactive area and oxygen vacancies; TiO2-ferrocyanide coordination facilitates interfacial charge transfer
Self-powered thermogalvanic cells based on layered double hydroxides cross-linking hydrogel: Enhanced thermoelectric performance and mechanical stretchability for IoT wearable electronics,NANO ENERGY,10.1016/j.nanoen.2026.111909,2026,"Thermogalvanic cells(TGC) are a means of converting thermal energy into electrical energy. However, for quasi-solid-state TGC, it is difficult to simultaneously balance ion conductivity(sigma), Seebeck coefficient(Se), and mechanical properties. To achieve a delicate balance among these factors, this study employs ZnAl-layered double hydroxide (ZnAl-LDH) as a crosslinker to in-situ crosslink polyacrylamide-sodium acrylate (P(AM-ANA)) and carboxymethyl chitosan (CMCS). The resulting TGC hydrogel exhibits an elongation at break exceeding 1700%. Meanwhile, ZnAl-LDH selectively binds with Fe(CN)64-, increasing the entropy difference of the [Fe(CN)6]3-/4-redox couple in water-methanol mixtures and creating additional transport pathways for anions. As a result, the ZnAl-LDH based TGC hydrogel demonstrates a high Se value of 3.53 mV K-1, a high sigma value of 27 mS/cm, and a high specific output power density(Pmax/Delta T2) value of 420 mu W & sdot;m 2 & sdot;K 2, combining excellent mechanical and thermoelectric properties. Beyond powering electronics, the TGC serves as wearable sensors for human motion monitoring. Leveraging its high sensitivity, a self-powered human-machine interaction (HMI) system was developed to remotely control robotic hands and intelligent vehicles, while a 3 & times; 3 sensor array enables precise detection of pressure magnitude and spatial distribution. These ZnAl-LDH TGC-based devices lay a solid foundation for flexible electronics in IoT-era intelligent robotic systems.",ZnAl-LDH cross-linked P(AM-ANA)/CMCS thermogalvanic hydrogel with Fe(CN)6 3-/4- in water-methanol,"ZnAl-LDH selectively binds ferrocyanide, increases redox entropy difference, and creates anion transport pathways while reinforcing hydrogel"
Polymer-Redox Interactions Enhance Ferro/Ferricyanide Thermogalvanic Cells,ADVANCED FUNCTIONAL MATERIALS,10.1002/adfm.76685,2026,"Thermogalvanic cells (TGCs) capable of converting low-grade heat into electricity offer a sustainable route for waste-energy recovery and self-powered devices. In this work, we introduce potassium polyacrylate (PAAK) as a low-cost and stable electrolyte additive that markedly enhances the performance of aqueous ferro/ferricyanide TGCs. Unlike previous polymer systems that typically form gel or quasi-solid electrolytes, our liquid electrolyte preserves freely solvated PAA- and K+ ions, enabling direct and tunable interactions between the polyanion and redox species. These interactions modify the hydration shell of the redox couple, thereby increasing the redox entropy difference and significantly improving the Seebeck coefficient. Despite a moderate increase in viscosity, an optimized concentration of 8% PAAK achieved a Seebeck coefficient of -2.2 mV K- 1 and a maximum power output twice that of the pristine electrolyte. Further device optimization yielded a normalized power density of 0.8 mW m- 2 K- 2, among the highest values reported for liquid TGCs. In the end, we discussed the principle of developing polyelectrolyte-enhanced redox electrolytes and demonstrated the feasibility. This study not only demonstrates a simple and low-cost route to enhance TGC performance but also provides new fundamental insight into how polyelectrolyte-redox interactions in solution can be exploited to tailor thermoelectric properties.",aqueous ferro/ferricyanide thermogalvanic electrolyte with potassium polyacrylate,PAA-/K+ polyelectrolyte-redox interactions modify hydration shells and increase redox entropy difference despite higher viscosity
Enhanced long-term discharge stability of aqueous thermogalvanic cells through thermal resistance network,APPLIED THERMAL ENGINEERING,10.1016/j.applthermaleng.2026.130371,2026,"Liquid thermogalvanic cells (LTCs) with high thermopowers have emerged as a promising next-generation thermoelectric technology. However, existing research commonly focused on the effect of structure parameter on mass transport under constant hot/cold temperature condition, while ignoring the voltage attenuation behavior caused by the temperature change(Delta T) due to thermal resistance changes, significantly hindering longterm discharge stability in practical application. Herein, this present work improved the long-term discharge stability of LTCs through thermal resistance network from the perspective of internal thermal resistance regulation, aiming to reveal thermo-mass-electric synergy mechanism in actual environments. Considering effective thermal resistance and induced temperature changes in cold and hot electrodes, the effects of structural and operational parameters on its long-term discharge stability were investigated through a proposed thermal resistance network and two-dimensional transient numerical model to obtain the optimal configurations in actual environments. Results showed that the LTCs without natural convection cannot maintain the stable power and thus gradually decline to 2.38 mW/m2 over time at Delta T = 10.9 K due to the significant increase in concentration overpotential. The presence of natural convection can effectively enhance the heat transfer and mass transport in LTCs, but to some extent induce a significant decrease in Delta T from 10.9 K to 5.9 K due to the increase in effective thermal conductivity from 0.59 to 2.17 W/(m & sdot;K). The trade-off between heat transfer and mass transport significantly affected the stability of output power. The optimal conditions with appropriate effective thermal resistance (rotation angle: 154.4 Deg, electrode spacing: 18.6 mm, and electrolyte concentration: 400 mol/m3) were obtained through response surface methodology and experiments verification. It can output a stable power density of 21.6 mW/m2, showing 809.7%, 368.2% and 385.6% times higher than Hot above cold, Cold above hot and Horizontal configurations. This work would provide an important theoretical basis and insight for the large-scale practical application of LTCs from the perspective of internal thermal resistance regulation.",liquid thermogalvanic cells modeled with thermal resistance network,"internal thermal resistance regulates electrode temperature changes and concentration overpotential, balancing heat transfer and mass transport for stable discharge"
A Thermogalvanic Cell Microneedle Patch for Integrated Diagnosis and Treatment of UV-Induced Early Skin Cancer,ANALYTICAL CHEMISTRY,10.1021/acs.analchem.5c08278,2026,"Early stage skin cancer exhibits a high cure rate; however, conventional noninvasive screening suffers from diagnostic inaccuracies, and treatment reliant on postlesion surgery remains inherently passivity. This work develops an all-in-one platform by coupling microneedle (MN) patches with a lateral flow immunoassay (LFIA), seamlessly integrating self-powered biomarker extraction, multimodal detection, and biomarker-responsive therapy for point-of-care testing (POCT) and personalized treatment of UV-induced early stage skin cancer. It incorporates a thermogalvanic cell (TGC) MN, which leverages photothermal-thermoelectric coupling to achieve external power-free transdermal extraction of the biomarker (8-OH-dG) within 10 min. The extracted 8-OH-dG triggers the structural change of the hairpin aptamer (HA) on the PtPB@PEG@HA (PPPA) nanoparticles (NPs), initiating a cascade amplification that generates abundant DNA nanozymes for colorimetric detection (100 pM to 60 nM). A convolutional neural network (CNN) is introduced for colorimetric quantification, coupled with artificial intelligence (AI) for disease risk assessment. Once captured in the LFIA detection zone by a capture probe, the open-loop PPPA NPs permit surface-enhanced Raman spectroscopy (SERS) detection of 8-OH-dG, enabling dual-mechanism cross-verification. Under near-infrared (NIR) irradiation, the PPPA NPs also serve as photothermal actuators to trigger the controlled release of quercetin from phase-transition MNs, effectively scavenging UV-induced oxidative stress. This innovation facilitates the home-based diagnosis and management of early stage skin cancer.","thermogalvanic microneedle patch with LFIA, PtPB@PEG@hairpin aptamer nanoparticles, quercetin phase-transition microneedles","photothermal-thermoelectric coupling powers transdermal 8-OH-dG extraction; aptamer/nanozyme and SERS enable detection, NIR photothermal release enables therapy"
Experimental and simulated thermal resistance of thermogalvanic cells with triply periodic minimal surface structures,INTERNATIONAL JOURNAL OF THERMAL SCIENCES,10.1016/j.ijthermalsci.2023.108430,2023,"Buildings release an abundance of waste heat that is left unused. Thermogalvanic cells (TGCs) can take advantage of waste heat to generate electricity with a low temperature gradient. Application of Triply Periodic Minimal Surface (TPMS) structures allow TGCs to potentially be used as building components for construction. TPMS in TGCs increase thermal resistance and the magnitude of increase varies by the type of TPMS used. Natural convection effects are one of the driving forces in TGCs, and those effects can be controlled with the use of TPMS structures while at the same time allowing the electrochemical process to occur. In this study, we ran multiple experiments for the TGCs with the Split P, Schwarz P, Gyroid, and IWP TPMS structures. Split P consistently gave relatively higher thermal resistances (0.012 m(-2)K/W) because of its higher surface area/volume ratio which effectively increased the temperature difference across the cell. The TGC containing the IWP structure had the least thermal resistance because of a low surface area as well as having large void spaces which increased heat transfer across the TGC. Furthermore, we simulated the thermal transport of the TGC containing the Schwarz P structure. By using the Boussinesq approximation, we were able to capture natural convection effects in our CFD simulations. The deviation of the Delta T from the experiment and simulation was due to the placement of the thermocouples at the top side of the electrode. This means that the measured electrode temperatures were overestimated since the warmer fluid was always present at the top while the simulated electrode temperature was calculated by taking the mean temperature of the electrode. The simulated thermal resistance matched the experimental values when the temperature was taken from the top sides of the electrodes, and was found to be 0.007 +/- 0.001 m(-2)K/W.","thermogalvanic cells with Split P, Schwarz P, Gyroid, and IWP triply periodic minimal surface structures","TPMS geometries alter thermal resistance and natural convection, controlling temperature difference across thermogalvanic cells"
Rational Material Selection for Li-Ion-Based Thermogalvanic Harvesting Devices,CHEMISTRY OF MATERIALS,10.1021/acs.chemmater.3c01129,2023,"Harvesting devices based on thermogalvanic principles,such asthermally regenerative electrochemical cycles (TREC), hold great promisefor Internet of Things applications where autonomy is critical. Onearchitecture that is particularly interesting for TREC cells withimproved energy density, efficiency, and scalability is the thin-filmLi-ion battery. In this work, a paradigm to guide the design of thin-filmLi-ion-based TREC cells is established via three criteria for electrodeselection. These requirements were distilled by translating the TRECprinciple into measurable material properties for Li-ion electrodes.More specifically, the identified criteria included a high thermogalvaniccell coefficient preferably exceeding 0.2 mV K-1, a weak dependence of the thermogalvanic coefficient on the lithiationstate, and a favorable balance between the thermogalvanic cell coefficientand electrode kinetics as estimated from the lithiation overpotential.The material properties necessary to assess these criteria can allbe obtained via a previously developed thermogalvanic characterizationmethodology. In the present work, this methodology was applied toa catalogue of five electrode materials, namely, LiMn2O4 (LMO), Li4Ti5O12 (LTO),LiFePO4 (LFP), anatase TiO2, and Cl-doped amorphousTiO(2). The obtained results were organized into three separateblocks, each focused on a specific aspect, like electrolyte decomposition,nanoscaling effects, and kinetics, that warrants special considerationduring thermogalvanic characterization. A material selection matrixwas subsequently compiled by applying the aforementioned selectioncriteria to the characterization results. In this manner, LTO wasidentified as the most suitable candidate electrode, and recommendationsfor future investigations of thin-film Li-ion TREC devices could bedelivered.","thin-film Li-ion TREC electrode materials LiMn2O4, Li4Ti5O12, LiFePO4, anatase TiO2, Cl-doped amorphous TiO2","thermogalvanic characterization links electrode thermogalvanic coefficient, lithiation-state dependence, and kinetics to TREC material selection"
Aqueous thermogalvanic cells with a high Seebeck coefficient for low-grade heat harvest,NATURE COMMUNICATIONS,10.1038/s41467-018-07625-9,2018,"Thermogalvanic cells offer a cheap, flexible and scalable route for directly converting heat into electricity. However, achieving a high output voltage and power performance simultaneously from low-grade thermal energy remains challenging. Here, we introduce strong chaotropic cations (guanidinium) and highly soluble amide derivatives (urea) into aqueous ferri/ferrocyanide ([Fe(CN)(6)](4-)/[Fe(CN)(6])(3-)) electrolytes to significantly boost their thermopowers. The corresponding Seebeck coefficient and temperature-insensitive power density simultaneously increase from 1.4 to 4.2 mV K-1 and from 0.4 to 1.1 mW K-2 m(-2), respectively. The results reveal that guanidinium and urea synergistically enlarge the entropy difference of the redox couple and significantly increase the Seebeck effect. As a demonstration, we design a prototype module that generates a high open-circuit voltage of 3.4 V at a small temperature difference of 18 K. This thermogalvanic cell system, which features high Seebeck coefficient and low cost, holds promise for the efficient harvest of low-grade thermal energy.",aqueous ferri/ferrocyanide electrolyte with guanidinium and urea additives,guanidinium chaotropic cations and urea amide derivatives synergistically enlarge redox entropy difference and boost Seebeck coefficient
Tracking Decomposition Layer Formation in Thin-Film Si Electrodes via Thermogalvanic Profiles,SMALL METHODS,10.1002/smtd.202300857,2024,"Si anodes are of great interest for next-generation Li-ion batteries due to their exceptional energy density. One of the problems hindering the adoption of this material is the presence of electrolyte decomposition reactions that result in capacity fade and Coulombic inefficiency. This work studies the influence of the decomposition layer in Si on its electrochemical performance using thermogalvanic profiling, a non-destructive in operando technique. This is accomplished by comparing thermogalvanic profiles of uncoated thin-film Si to those of lithium phosphorus oxynitride (LiPON)-coated Si, in which decomposition reactions are inhibited. Through a combination with physico-chemical methods including scanning electron microscopy and time-of-flight secondary ion mass spectrometry, the thermogalvanic profiles are found to contain signatures that reflect the nature of the decomposition layer. More specifically, this decomposition layer appears to gradually develop a passivating function during the first electrochemical cycles. Thermogalvanic profiles collected at later cycles indicate that this passivating behavior is eventually lost, causing the observed capacity degradation. The identification of a passivating regime in Si is highly relevant for the development of high-capacity Li-ion batteries. In addition, the use of thermogalvanic profiles to track the properties of decomposition layers could be of interest for monitoring the formation or degradation of battery cells. The thermogalvanic profile of Si reflects the behavior of the formed decomposition layer. When electrolyte decomposition reactions are ongoing due to an incompletely formed decomposition layer, the profile deviates with respect to that of a decomposition-less model system (e.g., LiPON-coated Si). Profile convergence indicates further decomposition is temporarily halted due to the dense nature of the formed decomposition layer.image",thin-film Si Li-ion electrodes with LiPON coating,"thermogalvanic profiles reveal formation, passivation, and later degradation of electrolyte decomposition layers on Si electrodes"
Direct measurement of the genuine efficiency of thermogalvanic heat-to-electricity conversion in thermocells,CHEMICAL SCIENCE,10.1039/d1sc06340e,2022,"Harvesting wasted thermal energy could make important contributions to global energy sustainability. Thermogalvanic devices are simple, chemistry-based devices which can convert heat to electricity, through facile redox chemistry. The efficiency of this process is the ratio of electrical energy generated by the cell (in Watts) to the quantity of thermal energy that passes through the cell (also in Watts). Prior work estimated the quantity of thermal energy passed through a thermocell by applying a conductive heat transfer model to the electrolyte. Here, we employ a heat flux sensor to unambiguously quantify both heat flux and electrical power. By evaluating the effect of electrode separation, temperature difference and gelation of the electrolyte, we found significant discrepancy between the estimated model and the quantified reality. For electrode separation, the trend between estimated and measured efficiency went in opposite directions; as a function of temperature difference, they demonstrated the same trend, but estimated values were significantly higher. This was due to significant additional convection and radiation contributions to the heat flux. Conversely, gelled electrolytes were able to suppress heat flux mechanisms and achieve experimentally determined efficiency values in excess of the estimated values (at small electrode separations), with partially gelled systems being particularly effective. This study provides the ability to unambiguously benchmark and assess the absolute efficiency and Carnot efficiency of thermogalvanic electrolytes and even the whole thermocell device, allowing 'total device efficiency' to be quantified. The deviation between the routinely applied estimation methodology and actual measurement will support the rational development of novel thermal energy harvesting chemistries, materials and devices.",thermocells with gelled/partially gelled electrolytes and heat-flux sensor measurement,direct heat-flux measurement separates electrical output from actual heat flow; gelation suppresses convection/radiation losses and improves true efficiency
P-N conversion in thermogalvanic cells induced by thermo-sensitive nanogels for body heat harvesting,NANO ENERGY,10.1016/j.nanoen.2018.12.073,2019,"Thermogalvanic cells (TGC) are promising devices for directly converting heat into a stable electric output. The practical applications of TGCs are presently significantly hindered by the low voltage (millivolt level) generated from a limited temperature difference. One general strategy for improving the voltage is to alternately connect n-type and p-type redox units in series. However, the number of the possible redox species is limited, hindering the optimization of the series stacking of devices. In this work, we report a novel concept that enables p-n conversion for the iodide/triiodide (I-/I-3(-)) redox couple induced by poly (N-isopropylacrylamide) (PNIPAM) thermo-sensitive nanogels, with the Seebeck coefficient changing from 0.71 mV K-1 to - 1.91 mV K-1. The results prove that the nanogels enable selective capture of I-3(-) at the hot side followed by the release of I-3(-) at the cold side, yielding a concentration gradient of the free I-3(-), resulting in the p-n inversion. Furthermore, we designed a wearable device consisting of alternating I-/I-3(-) and I-/I-3(-)/nanogels unites in series that generated the open-circuit voltage of approximately 1 V and output power of approximately 9 mu W by utilizing body heat. This work developed a new method for inverting the Seebeck effect of redox couples and is highly important for extending the library of possible redox species in TGCs.",I-/I3- thermogalvanic cell with PNIPAM thermosensitive nanogels,"PNIPAM nanogels selectively capture I3- at hot side and release at cold side, creating free-I3- concentration gradient and p-n Seebeck inversion"
"A fundamental study of the thermoelectrochemistry of ferricyanide/ferrocyanide: cation, concentration, ratio, and heterogeneous and homogeneous electrocatalysis effects in thermogalvanic cells",SUSTAINABLE ENERGY & FUELS,10.1039/d0se00440e,2020,"Thermogalvanic cells typically utilise equimolar concentrations of the oxidised and reduced states of a redox couple in solution, sandwiched between two electrodes at dissimilar temperatures; entropy drives redox processes to occur at these electrodes, generating a potential difference and a current. However, significant gaps still exist in fundamental data and understanding of these 'thermocells'. In this study, thermocells based upon potassium ferricyanide, K-3[Fe(CN)(6)], and potassium ferrocyanide, K-4[Fe(CN)(6)], were investigated. The ratio of the oxidised and reduced states were systematically varied, and this had a significant effect upon the power produced; notably maximum power did not correspond to the equimolar ratio. A concentration study using equimolar ratios was also performed. Trends in the potential generated as a function of temperature (or 'Seebeck coefficient') were rationalised by the Nernst equation and Debye-Huckel theory. The trends in the current and the electrical power produced were successfully modelled using the Butler-Volmer equation. The effects of heterogeneous electrocatalysis were also explored (using platinum and two types of graphite) as well as homogeneous electrocatalysis, by the direct addition of alkali metal salts (as lithium, sodium, potassium, rubidium and caesium chlorides and sulphates). Clear trends were observed, and homogeneous and heterogeneous electrocatalysis had an additive effect when combined. Addition of CsCl was able to boost the maximum power output by uptoca.80%,viaboth an increased Seebeck coefficient (through altered solvation) and through increased current (viahomogeneous electrocatalysis of electron transfer). Finally, a limited economic comparison was performed, which highlights how the use of non-stoichiometric ratios of the redox couple could improve the cost-per-power value of the systems.",K3[Fe(CN)6]/K4[Fe(CN)6] thermocells with alkali chloride/sulfate homogeneous electrocatalysts and Pt/graphite electrodes,redox ratio/concentration follow Nernst and Butler-Volmer behavior; CsCl alters solvation and electrocatalyzes electron transfer to raise power
Thermogalvanic and Thermocapacitive Behavior of Superabsorbent Hydrogels for Combined Low-Temperature Thermal Energy Conversion and Harvesting,ACS APPLIED ENERGY MATERIALS,10.1021/acsaem.1c02060,2021,"Around two-thirds of the energy generated by the society is lost as waste heat. Thermogalvanic cells can continuously convert thermal energy directly into electrical energy. Conversely, thermocapacitors can convert and store thermal energy as thermocapacitance. Here, we report two superabsorbent monolithic polymer hydrogel matrices designed through vessel-templated synthesis, which act as soft host materials for extremely high concentrations of redox-active ions, namely, [Fe(CN)(6)](3-/4-) and Fe2+/3+. These highly charged superabsorbent hydrogels were found to improve both electrocatalysis and ohmic resistance of the hosted redox couples, preventing electrolyte leakage, and enable the ability to perform both thermogalvanic conversion and thermocapacitive storage. An unoptimized maximum thermogalvanic power density was observed at ca. 95 mW m(-2) (Delta T of 20 K), on par with other reported gelled systems. An optimized thermocapacitance density of ca. 220 F cm(-2) was achieved, which is 15-fold higher than the highest previously reported. These novel systems therefore present new possibilities in both the harvesting and storage of low-grade waste thermal energy.",superabsorbent polymer hydrogel matrices hosting [Fe(CN)6]3-/4- and Fe2+/3+ redox ions,"highly charged monolithic hydrogels host concentrated redox ions, reducing leakage and supporting both thermogalvanic conversion and thermocapacitive storage"
Quasi-solid n-type thermogalvanic thermocells with enhanced ionic conductivity for continuous low-grade heat harvesting,APPLIED PHYSICS LETTERS,10.1063/5.0120728,2022,"Quasi-solid thermocells show great potential to save power terminals from periodic charging but still face the grand challenge of low thermoelectric efficiency. Despite many efforts devoted to improve thermopower, few studies have been reported to address the trade-off between thermopower and ionic conductivity encountered by n-type quasi-solid thermocells. Herein, a directional freeze-thawing method is developed to fabricate high-performance n-type quasi-solid thermocells with hierarchically anisotropic networks, enabling the decoupling of thermopower and ionic conductivity. The n-type thermopower is up to 0.74 mV/K, and the ionic conductivity is independently improved to be about 9.3 S/m. Thus, the output power density reaches similar to 200 mW/m(2), which is the same level among the quasi-solid n-type thermocells. Meanwhile, benefiting from the crystalline domains and alignment structures of the solid network, the thermocells achieve the strength of similar to 380 kPa and an elongation at break of similar to 320%. Moreover, the thermocells work stably when being pressed, bent, and stretched in practical uses. We believe this work not only demonstrates a particularly important example for fabricating high-performance n-type quasi-solid thermocells but also inspires the development of thermocell devices to achieve large-scale low-grade heat harvesting in wearable systems. Published under an exclusive license by AIP Publishing.",n-type quasi-solid thermocells with hierarchically anisotropic networks from directional freeze-thawing,"aligned crystalline network decouples n-type thermopower and ionic conductivity, improving power while maintaining mechanical stability"
Developing iron-based anionic redox couples for thermogalvanic cells: towards the replacement of the ferricyanide/ferrocyanide redox couple,GREEN CHEMISTRY,10.1039/d1gc02989d,2021,"Thermogalvanic devices can harvest wasted thermal energy; a waste product that is generated by humanity in staggering abundance. However, the incorporation of thermogalvanic devices in applications from hot, industrial environments through to waste body heat harvesting necessitates safe chemicals. In particular, since the redox active ions are the charge carriers the chemistry of these is crucial; the bigger and more powerful the device, the greater the abundance of these chemicals. The anionic ferricyanide/ferrocyanide ([Fe(CN)(6)](3-/4-)) redox couple is arguably the most widely utilised and investigated thermogalvanic electrolyte, but has inherent (in)stability issues, and therefore safety issues. This study has investigated a wide range of anionic polycarboxylate and polyaminocarboxylate ligands in conjunction with iron(ii/iii) chloride (FeCl2/3) in an effort to develop a safer [Fe(CN)(6)](3-/4-)-replacement. Detailed electrochemical and spectroscopic characterisation was used across the wide range of ligands investigated, and several were found to be viable for use in thermogalvanic cells. In particular, optimised nitriloacetic acid was found to yield a redox-active complex, [Fe(NTA)(2)](3-/4-), with a good Seebeck coefficient (-1.35 mV K-1) on par with [Fe(CN)(6)](3-/4-). However, diethylenetriaminepentaacetic acid (to form [Fe(DEPTA)](2-/3-)) demonstrated the optimum compromise between thermodynamic and kinetic properties; this was used to prepare an in-series thermogalvanic device with the parent Fe2+/3+ species. Benchmarking against relative costs, and the principles of green chemistry and green chemical engineering was used to identify the relative merits of the different systems.",iron chloride complexes with anionic polycarboxylate/polyaminocarboxylate ligands including NTA and DTPA/DEPTA,safer iron-ligand anionic redox couples tune thermodynamics and kinetics to replace ferri/ferrocyanide in thermogalvanic cells
Thermogalvanic cells demonstrate inherent physiochemical limitations in redox-active electrolytes at water-in-salt concentrations,CELL REPORTS PHYSICAL SCIENCE,10.1016/j.xcrp.2021.100510,2021,"The majority of usable energy generated by humanity is lost as waste heat, but thermogalvanic systems (or thermocells) can address this problem by converting low-grade waste heat directly into electricity using redox chemistry. The concentration of the redox couple is a critical parameter; almost invariably, higher concentrations result in more power. This study exploits the simple synergy between Na+ and K+ counter ions to achieve-to the best of our knowledge-the most concentrated stable aqueous ferricyanide/ferrocyanide thermocell to date, at 1.6 m [Fe(CN)(6)](3-/4-). Despite increasing the concentration by 400% relative to the standard K-3/K-4[Fe(CN)(6)] electrolyte (0.4 m), electrical power production increased only 166%. Pushing the system from conventional salt-in-water electrolytes into the quasi-stable water-in-salt region (up to 2.4 m) resulted in a decrease in power. Detailed characterization highlighted the various physicochemical hurdles introduced by these extremely concentrated electrolytes; the identified issues have direct relevance to other energy systems also seeking to use the highest possible concentration.",concentrated aqueous ferricyanide/ferrocyanide water-in-salt electrolytes with Na+/K+ counterions,Na+/K+ synergy increases redox concentration but water-in-salt physicochemical limits impede proportional power gains
Stimulating green energy potential in Sub-Saharan Africa: An analysis of copper-copper sulphate thermogalvanic cell architecture,THERMAL SCIENCE AND ENGINEERING PROGRESS,10.1016/j.tsep.2022.101448,2022,"Solar energy has been of main interest with regard to renewable energy sources due to its abundance and immense potential. The conversion of low-grade solar energy into electricity by thermogalvanic cells has the potential to complement energy generation produced from fossil fuels in Sub-Saharan Africa. The main objective of this work is to design a thermogalvanic cell tailored for household applications using solar energy. A temperature profiling of a typical semi-detached building in Kumasi, Ghana was determined. The effect of temperature and H2SO4 background electrolyte on the Seebeck coefficient and power output of Cu/CuSO4 thermogalvanic cells were investigated. The study recorded the highest temperature difference of 70 degrees C in the attic of the building. The highest Seebeck coefficient (0.985 mV/K) was obtained at 0.7 M CuSO4 + 0.2 M H2SO4 electrolyte. The maximum power output derived from the experimental thermocell was 26.13nW/cm(2). The design and simulation of the thermogalvanic cell architecture revealed that the thermocell can deliver a maximum current of 0.257 mA to a 1.2 V rechargeable battery.",Cu/CuSO4 thermogalvanic cells with H2SO4 background electrolyte,Cu/Cu2+ thermogalvanic redox under solar-attic temperature gradients converts low-grade heat to charge a battery
Development of a Method for Thermogalvanic Characterization of Li-Ion Electrodes: A Case Study in Thin-Film Anatase TiO2,CHEMISTRY OF MATERIALS,10.1021/acs.chemmater.2c00904,2022,"The Internet-of-Things will require innovative solutions to power wireless or remote sensor nodes, for instance, via harvesting heat from the environment to produce electricity. Thermogalvanic and thermally regenerative electrochemical cycle (TREC) cells are an interesting approach for such systems due to their high temperature responses. Both of these strategies rely on the temperature dependence of an electrochemical equilibrium potential, i.e., the thermogalvanic effect. However, whereas thermogalvanic cells operate under a fixed temperature gradient, TREC harvesting is instead accomplished by charging and discharging an electrochemical cell at different temperatures. The use of thin-film Li-ion batteries in these devices can enable great advantages in terms of performance and scalability. However, existing approaches to determine thermogalvanic coefficients in Li-ion materials are not suitable as screening techniques that can provide reliable coefficient values for device design. This work presents a novel methodology to characterize thermogalvanic profiles, i.e., the dependence of the thermogalvanic coefficient on the lithiation state, for Li-ion electrodes. To this end, a thermogalvanic cell featuring thin-film electrodes and an electrochemically controllable lithiation state was used and operated with an iterative procedure. When preventing charge difference accumulation via compositional leveling, the presented method enabled precise and high-resolution measurements of the thermogalvanic profile. Validation of the methodology was performed by measuring the profile of thin-film anatase TiO2, a commonly studied Li-ion electrode material, and demonstrating it to be in excellent agreement with the accepted phase behavior. Moreover, the identification of nanoscaling effects in this profile highlighted the strength of this approach. This work may open the door to further research in the field of thermogalvanic harvesting using Li-ion materials for the Internet-of Things.",thin-film anatase TiO2 Li-ion thermogalvanic electrode cell,iterative lithiation-state-controlled thermogalvanic profiling measures temperature-dependent equilibrium potential and nanoscale phase behavior for TREC design
Thermogalvanic energy harvesting from forced convection cooling of 100-200 °C surfaces generating high power density,SUSTAINABLE ENERGY & FUELS,10.1039/d1se01264a,2021,"Electrical power recovery from waste heat released during active cooling of 100-200 degrees C solids is of great importance because such situations are common in our world. However, the concept of simultaneous liquid cooling and electric power generation has been barely explored, apart from a few preliminary studies that showed power generation densities of only 0.05-0.5 W m(-2). Here, we report a realistically useful power generation density of 10 W m(-2) during liquid forced convection cooling of a 170 degrees C surface, thus demonstrating the feasibility of such a concept, based on thermogalvanic conversion with a redox couple. This was achieved by exploiting the fluid dynamics based on a microchannel concept, where a thin thermal boundary layer is formed on the hot surface, enabling both high cooling efficiency and large interelectrode temperature difference (>100 K). A new gamma-butyrolactone-based high density electrolyte with sufficient stability against flame contact was used. Our combined cooling and thermogalvanic cell was able to continuously light LEDs and run air fans despite the small electrode area. Large values of heat transfer coefficient, up to 1160 W m(-2) K-1, were achieved. At all flow rates tested, the electrical power obtained was 10 to 1000 times larger than the hydrodynamic pumping work required to force the liquid through the cell, that is, gain >> 1. Thus, this technological concept has been shown, for the first time, to be a feasible option to recover electrical power from the waste heat released during cooling of 100-200 degrees C surfaces, which are widespread in our world.",gamma-butyrolactone-based high-density thermogalvanic electrolyte in microchannel forced-convection cooling cell,"microchannel flow forms thin thermal boundary layer on hot surface, maintaining large interelectrode temperature difference for redox thermogalvanic power during cooling"
Hybrid Photothermal Pyroelectric and Thermogalvanic Generator for Multisituation Low Grade Heat Harvesting,ADVANCED ENERGY MATERIALS,10.1002/aenm.201802397,2018,"Harvesting of prevalent low grade solar heat from otherwise wasted energy has received tremendous attention. However, extensive and continuous conversion remains challenging due to distributed nature of heat, limited temperature difference with the surroundings, ambient solar heat fluctuation, and night time period of darkness. Herein, a hybrid thermogalvanic and pyroelectric generator for multisituation structured/unstructured, static/dynamic, and day/night waste heat harnessing for continuous operation is reported. Powered by versatile thermal energy harvesting strategies, the hybrid photothermal generator is able to provide a more resilient and adaptive energy system to meet diversified energy demand, irrespective of unpredictable conditions. Taking advantage of the superior photothermal properties and electrical conductivity of carbon nanotubes/cellulose nanocrystals nanocomposite, together with the heat localization effect induced by sponge-confined electrolyte, simultaneous high thermogalvanic and pyroelectric performance is achieved with maximum outputs of 1.86 and 0.9 mW m(-2), respectively. Moreover, a scaled-up hybrid photothermal generator is successfully deployed on both land and water surfaces under natural sunlight, and also the feasibility of nighttime operation is verified. Such hybrid photothermal generators presented here offer an all-day clean energy solution as well as a feasible and cost-effective alternative to capitalize on solar energy and blue energy.",carbon nanotube/cellulose nanocrystal photothermal nanocomposite with sponge-confined electrolyte hybrid pyroelectric/thermogalvanic generator,CNT/CNC photothermal/electrical conductivity and sponge heat localization enable simultaneous thermogalvanic and pyroelectric conversion across day/night conditions
Thermogalvanic cells: A side-by-side comparison of measurement methods,JOURNAL OF ELECTROANALYTICAL CHEMISTRY,10.1016/j.jelechem.2020.114280,2020,"Thermogalvanic cells (or thermocells) are being increasingly investigated due to their ability to directly convert modest temperature gradients into electricity, using redox chemistry. However, this has resulted in a diverse range of cells, electrolytes, temperature gradients, etc. being reported. Recently, so-called temperature-difference 'normalised' power outputs have been reported; the power output is divided by the square of the temperature difference to yield temperature-insensitive power output values. The validity of this procedure is quantitatively assessed here, and found to be far from accurate. Additionally, numerous different experimental procedures for measuring the current and power output from thermocells can be found in the literature, covering different approaches, vastly different time scales, and employing a diverse range of measuring instruments. A range of experimental methodologies covering a sequence of constant resistances (or resistive loads), a sequence of constant currents, a sequence of constant potentials (or voltage), chronoampemmeby and linear sweep voltammetry (ISV) were evaluated in this study, using source measure units, potentiostats and voltammeters/multimeters. While most methodologies were consistent, the measurement time and number of electrodes were found to be highly influential, with ISV and 3-electrode assemblies especially overestimating the current and power output from thermocells.","thermogalvanic cells/electrolytes measured by load, current, potential, chronoamperometry, and LSV methods","measurement protocol, timescale, and electrode configuration strongly affect apparent current and power; normalized power by temperature difference is unreliable"
The thermoelectrochemistry of the aqueous iron(ii)/iron(iii) redox couple: significance of the anion and pH in thermogalvanic thermal-to-electrical energy conversion,SUSTAINABLE ENERGY & FUELS,10.1039/c8se00416a,2018,"Thermogalvanic conversion of temperature gradients into electricity via a redox couple represents a potential method of waste energy harvesting, but inexpensive, effective and sustainable redox couples are required. In this study four aqueous Fe(ii)/Fe(iii) salt systems are considered, based upon ammonium iron sulphate, iron sulphate, iron trifluoromethanesulfonate and iron nitrate. A range of Seebeck coefficients were observed, from +0.18 +/- 0.04 mV K-1 for ammonium iron(ii/iii) sulphate to +1.46 +/- 0.02 mV K-1 for acidified iron(ii/iii) trifluoromethanesulfonate, both at a temperature difference of 20 K; notably these apparent Seebeck coefficients vary with temperature difference due to significant chemical equilibria. The iron(ii/iii) nitrate system generated the highest thermogalvanic power output. The systems were probed by cyclic voltammetry, pH, UV-Vis spectroscopy and electrochemical impedance spectroscopy, and two competing mechanisms noted, which strongly affect both the current output and Seebeck coefficient (i.e. potential output) of their thermoelectrochemical cells (or thermocells). Green and economic consideration are important aspects if these systems are to be employed in harvesting low-grade heat energy at a larger scale; iron nitrate and acidified iron sulphate were the most highly competitive systems.","aqueous Fe(ii)/Fe(iii) salts: ammonium iron sulfate, iron sulfate, iron triflate, iron nitrate","anion identity and pH control Fe(ii/iii) speciation/equilibria, changing Seebeck coefficient, current, and power output"
Using iron sulphate to form both n-type and p-typepseudo-thermoelectrics: non-hazardous and 'second life' thermogalvanic cells,GREEN CHEMISTRY,10.1039/d0gc01878c,2020,"Thermogalvanic cells can act like 'liquid thermoelectrics' to convert a thermal energy gradient to electrical energy. Such cells are typically combined electrically in-series in devices to boost the output voltage (as thermocells). However, the typical system involves a potentially fatal combination of inherently acidic or acidified Fe(2+/3+)and [Fe(CN)(6)](3-/4-)electrolytes; mixing and heating is expected to trigger extremely toxic HCN gas release. Here we demonstrate that benign aqueous iron(ii/iii) sulphate can be combined with equally benign sodium sulphate and sodium hydrogen sulphate; the first leads to an [Fe(SO4)(2)](-/2-)thermocell (Seebeck coefficient,S-e= -0.4 mV K-1), and the second to a thermocell with intermediate [FeSO4](0/+)and [Fe(HSO4)](+/2+)character (S-e= +0.57 mV K-1). Their fundamental thermoelectrochemistry was explored, and their speciation elucidated. It was demonstrated that these can be utilised electrically in-parallel and in-series in thermogalvanic devices. When connected electrically in-series the thermocells presented here displayed temperature-dependent open circuit potentials onlyca.one-third that typically reported for the 'conventional' combination of Fe2+/3+- and [Fe(CN)(6)](3-/4-)-based thermocells (0.8 mV K(-1)vs. ca.3 mV K-1, respectively). However, whereas the latter thermocells cannot be safely mixed, when the iron-sulphate cells were 'accidently' mixed they safely form a mixed thermocell electrolyte (S-e= +0.19 mV K-1), enabling a 'second life' of both the electrolyte and thermocell devices. This novel 'all-iron sulphate' thermocell was compared against the typically employed Fe(2+/3+)and [Fe(CN)(6)](3-/4-)combination using the 12 principles of green chemistry and of green engineering, further demonstrating the inherent sustainability, safety and 'green' credentials of this system (but not yet efficiency). This work demonstrates how functionality and complexity can be introduced in a safe manner, while also preventing potential accidents and enabling new 'end-of-life' opportunities.",aqueous iron(ii/iii) sulfate with sodium sulfate or sodium hydrogen sulfate,sulfate/bisulfate speciation forms n-type [Fe(SO4)2]-/2- or p-type [FeSO4]0/+ and [Fe(HSO4)]+/2+ thermocells safely
All-Day Thermogalvanic Cells for Environmental Thermal Energy Harvesting,RESEARCH,10.34133/2019/2460953,2019,"Direct conversion of the tremendous and ubiquitous low-grade thermal energy into electricity by thermogalvanic cells is a promising strategy for energy harvesting. The environment is one of the richest and renewable low-grade thermal source. However, critical challenges remain for all-day electricity generation from environmental thermal energy due to the low frequency and small amplitude of temperature fluctuations in the environment. In this work, we report a tandem device consisting of a polypyrrole (PPy) broadband absorber/radiator, thermogalvanic cell, and thermal storage material (Cu foam/PEG1000) that integrates multiple functions of heating, cooling, and recycling of thermal energy. The thermogalvanic cell enables continuous utilization of environmental thermal energy at both daytime and nighttime, yielding maximum outputs as high as 0.6 W m(-2) and 53 mW m(-2), respectively. As demonstrated outdoors by a large-scale prototype module, this design offers a feasible and promising approach to all-day electricity generation from environmental thermal energy.","PPy broadband absorber/radiator, thermogalvanic cell, and Cu foam/PEG1000 thermal storage material","integrated heating, radiative cooling, and thermal storage maintain day/night temperature differences for continuous thermogalvanic output"
Success and failure in the incorporation of gold nanoparticles inside ferri/ferrocyanide thermogalvanic cells,ELECTROCHEMISTRY COMMUNICATIONS,10.1016/j.elecom.2019.03.007,2019,"Thermogalvanic systems represent a means to convert a temperature gradient into electricity, using only redox chemistry. However, the kinetics of electron transfer and physical mass transport of the redox couples are known limitations. In this study we present self-contained gelled thermogalvanic cells (or thermocells) containing the ferricyanide/ferrocyanide redox couple, which additionally have gold nanoparticles either immobilised at the gel/electrode interface, or distributed throughout the entire gel. Both methods of introducing the gold nanoparticles result in an apparent electrocatalytic improvement, as demonstrated by significant decreases in the electron transfer resistance. However, when used as thermogalvanic cells, only minor improvements were observed in power generation, and relatively rapid dissolution of the gold nanoparticles was observed, to yield passivating gold analogues of Prussian blue. Therefore successful preparation and short-term improvements have been demonstrated, but are offset by long-term stability issues. The relatively surprising instability of the generally inert gold nanoparticles in the presence of ferricyanide/ferrocyanide, particularly under thermogalvanic conditions, is of particular note.",gelled ferri/ferrocyanide thermogalvanic cells with gold nanoparticles at gel/electrode interface or throughout gel,Au nanoparticles lower electron-transfer resistance initially but dissolve to passivating Prussian-blue analogues under ferri/ferrocyanide thermogalvanic conditions
Electrochemical Impedance Analysis of Thermogalvanic Cells,CHEMICAL RESEARCH IN CHINESE UNIVERSITIES,10.1007/s40242-020-0126-y,2020,"Thermogalvanic cells(also known as thermo-electrochemical cells) that convert waste heat energy to electricity are a new type of energy conversion device. However, the electron transfer kinetics and mass transfer of redox couples have not been thoroughly studied. Here, the ion reaction and charge transport in thermogalvanic cells are investigated by electrochemical impedance analysis. We first propose the detailed impedance model followed experimental verification on three types of electrode materials. Parameters including kinetic rate constants and ion diffusion coefficients for the electrodes are obtained by fitting the impedance data. Our study shows explicitly that impedance analysis can provide useful information on selecting suitable electrode materials for thermogalvanic cells.",thermogalvanic cells with three electrode materials analyzed by electrochemical impedance,impedance model extracts kinetic rate constants and ion diffusion coefficients to diagnose electron-transfer and mass-transport limits
Powerful Thermogalvanic Cells Based on a Reversible Hydrogen Electrode and Gas-Containing Electrolytes,ACS ENERGY LETTERS,10.1021/acsenergylett.9b00944,2019,"Thermogalvanic cells (TGCs) directly convert waste heat to electricity, but the efficiency has been limited largely by the contradiction between thermal resistance and electrical conductance. Here we report a new design of TGC that can disentangle such a dilemma and thus accelerate the thermoelectric conversion. The key is to replace the traditional liquid-based redox reaction and single-phase mass transport with an internal gas/liquid two-phase system. We choose the rapid H-2/H+ redox reaction that generates H-2 gas at the hot electrode while consuming it at the cool electrode. Between the electrodes is a 3D-printed thin separator comprising straightly aligned H-2/electrolyte microchannels for fast H-2/H+ transport. Besides gaining additional entropy from the water-vaporizing effect, such a gas-containing electrolyte layer, albeit only 0.36 mm in thickness, has diminished the heat convection between electrodes. The power density of this TGC reaches 4 W/m(2) at a temperature difference of 30 K.",H2/H+ reversible hydrogen thermogalvanic cell with gas-containing electrolyte and 3D-printed H2/electrolyte microchannels,internal gas/liquid transport and water-vapor entropy reduce heat convection and accelerate H2/H+ redox conversion
Sensitive and fast measurement of surface temperature with a thermogalvanic cell,APPLIED PHYSICS LETTERS,10.1063/5.0002003,2020,"Thermogalvanic cells may be viewed as electrochemical thermocouples. Here, we demonstrate their potential for sensitive and fast sensing of the surface temperature of a thin Au sheet, in contact with a 0.08 M equimolar ferri-/ferrocyanide solution in 26% KOH. We obtained a sensitivity of about 10 mu K, because of the large Peltier coefficient of the electrochemical reaction at the electrode-electrolyte junction. The resolution is limited by the thermal noise of the electrochemical system and could be quantitatively explained by the thermal noise of a Randles equivalent circuit of the cell. Since no thermal contact resistances to bulky temperature sensors are involved, we achieved a response time smaller than 300 mu s, which may be potentially lowered to a few microseconds. By using the thermogalvanic cell as a sensor for electrochemical microcalorimetry, we calibrated the system, in full agreement with a simulation of its thermal behavior. Published under license by AIP Publishing.",Au sheet in alkaline ferri-/ferrocyanide solution thermogalvanic temperature sensor,large Peltier coefficient at electrode-electrolyte junction enables microkelvin surface-temperature sensing limited by electrochemical thermal noise
Thermogalvanic and local field effects in SiO2 structure,APPLIED NANOSCIENCE,10.1007/s13204-020-01447-2,2020,"The electric properties of complex hybrid structure formed by insertion of Samarium (III) Chloride into mesoporous silica matrix were investigated. The character of impedance, loss tangent and permittivity dependences on frequency was determined under standard conditions, illumination and in magnetic field, and conditions under which the permittivity is below unit were established. The thermogalvanic effect was observed with use of method of thermostimulated depolarization and its mechanisms were analyzed. The theory for thermogalvanic effect, which explains its connection with dielectric permittivity, was developed.",samarium(III) chloride inserted into mesoporous SiO2 hybrid structure,"thermostimulated depolarization shows thermogalvanic effect linked to dielectric permittivity, illumination, and magnetic-field-dependent local fields"
Harnessing the thermogalvanic effect of the ferro/ferricyanide redox couple in a thermally chargeable supercapacitor,ELECTROCHIMICA ACTA,10.1016/j.electacta.2018.05.164,2018,"We report a high energy density thermally chargeable supercapacitor (TCSC) based on the thermogalvanic effect, built by sandwiching a potassium ferrocyanide/ferricyanide gel electrolyte film between two high surface area carbon cloth electrodes. In addition to the characteristic Seebeck coefficient of -1.21 mV K-1, the pseudocapacitive property of the ferrocyanide/ferricyanide redox couple endows the device with a high area-specific capacitance of 13 F cm(-2) which finally leads to high thermally induced energy storage density. Furthermore, the all-solid-state and flexibility of the device allows it to accommodate different heat source shapes. Overall, the device offers a simple, scalable and cost-effective means to harvest energy from intermittent waste heat sources. Lastly, we propose an equivalent circuit model to elucidate the working mechanisms of energy conversion and storage applicable to thermally chargeable supercapacitor devices in general. A fitting analysis aids in the evaluation of model circuit parameters providing good agreement with experimental voltage and current measurements. (c) 2018 Published by Elsevier Ltd.",potassium ferrocyanide/ferricyanide gel electrolyte film with carbon cloth electrodes thermally chargeable supercapacitor,ferri/ferrocyanide thermogalvanic Seebeck effect thermally charges redox pseudocapacitance for simultaneous energy conversion and storage
"Poly(3,4-ethylenedioxythiophene)-tosylate (PEDOT-Tos) electrodes in thermogalvanic cells",JOURNAL OF MATERIALS CHEMISTRY A,10.1039/c7ta04891b,2017,"The interest in thermogalvanic cells (TGCs) has grown because it is a candidate technology for harvesting electricity from natural and waste heat. However, the cost of TGCs has a major component due to the use of the platinum electrode. Here, we investigate new alternative electrode material based on conducting polymers, more especially poly(3,4-ethylenedioxythiophene)-to sylate (PEDOT-Tos) together with the ferro/ferricyanide redox electrolyte. The power generated by the PEDOT-Tos based TGCs increases with the conducting polymer thickness/multilayer and reaches values similar to the flat platinum electrode based TGCs. The physics and chemistry behind this exciting result as well as the identification of the limiting phenomena are investigated by various electrochemical techniques. Furthermore, a preliminary study is provided for the stability of the PEDOT-Tos based TGCs.",PEDOT-Tos conducting polymer electrodes with ferro/ferricyanide redox electrolyte,increased PEDOT-Tos thickness/multilayers improve electrode kinetics and approach platinum-like thermogalvanic power output
A solid state thermogalvanic cell harvesting low-grade thermal energy,INTERNATIONAL JOURNAL OF HYDROGEN ENERGY,10.1016/j.ijhydene.2017.08.111,2017,"A high performance polymer electrolyte thermogalvanic cell, which converts thermal energy to electrical energy directly, is transformed from a proton exchange membrane fuel cell. The transform is realized by connecting the anode and cathode chamber with a gas tube and filling hydrogen to both chambers. Provided a heat flux through the cell, hydrogen is consumed in the cold side and regenerated in the hot side while circulating in two chambers during operation. The Seebeck coefficient is 0.531 mV K-1 at a cold side temperature of 60.0 degrees C and the maximum power density could reach up to 20 mu W cm(-2) with a temperature difference of 15.3 degrees C between two electrodes. (C) 2017 Hydrogen Energy Publications LLC. Published by Elsevier Ltd. All rights reserved.",proton-exchange-membrane hydrogen thermogalvanic cell with H2 in anode/cathode chambers,"temperature gradient consumes H2 at cold side and regenerates it at hot side, circulating hydrogen for solid-state thermogalvanic conversion"
Multi-cell thermogalvanic systems for harvesting energy from cyclic temperature changes,JOURNAL OF POWER SOURCES,10.1016/j.jpowsour.2018.07.080,2018,"Two types of electrochemical systems for harvesting energy from cyclic changes in environmental temperature using the thermogalvanic effect are demonstrated. Both systems are based on two battery stacks which function in either a dual-temperature or single-temperature configuration. In the dual-temperature configuration, two LiCoO2/Li cells were separately cycled between two temperatures to achieve an energy conversion with an efficiency of 0.22%, free of heat recuperation, and a peak output power of 0.4 mu W when cycled between 20 degrees C and 50 degrees C. This energy conversion efficiency is comparable to other proposed systems for thermal energy harvesting such as charge-free thermally regenerative electrochemical cycle (TREC) devices, thermocapacitive devices and ionic thermoelectric supercapacitors. However, this system can function with a broader range of materials, which will likely allow further increases in efficiency and power. A single-temperature configuration in which two stacks of cells were cycled together between two temperatures was also demonstrated. Both systems are attractive for harvesting thermal energy for self-powered sensor networks, especially in remote areas.",LiCoO2/Li battery stacks in dual-temperature and single-temperature thermogalvanic systems,cyclic temperature changes charge/discharge lithium electrochemical stacks through temperature-dependent equilibrium potentials
A hybrid of thermogalvanic and concentration galvanic cells as an effective device for converting low-potential heat energy into electricity,INTERNATIONAL JOURNAL OF HEAT AND MASS TRANSFER,10.1016/j.ijheatmasstransfer.2017.01.069,2017,"In this work we developed a concept and calculated the efficiency of a hybrid of thermogalvanic and concentration galvanic cells. The proposed device consists of two vessels with the sodium hydroxide solution of various concentrations, Ag/Ag2O or Fe/Fe(OH)(2) electrodes, chamber for water vapor transferring and the ion bridge or a porous partition. Concentration difference is kept because of two factors: distillation of sodium hydroxide solution in temperature gradient and dependence of solubility of sodium hydroxide on temperature (NaOH center dot H2O crystalline hydrates melting). Calculation shows that the efficiency of the hybrid cell may be about 10% of Carnot efficiency. (C) 2017 Elsevier Ltd. All rights reserved.","hybrid thermogalvanic/concentration galvanic cell with NaOH solutions, Ag/Ag2O or Fe/Fe(OH)2 electrodes, water-vapor chamber",temperature-gradient distillation and NaOH hydrate solubility sustain concentration differences that add galvanic voltage to thermogalvanic conversion
Flexible organic photo-thermogalvanic cell for low power applications,JOURNAL OF MATERIALS SCIENCE-MATERIALS IN ELECTRONICS,10.1007/s10854-015-4043-7,2016,"In this paper, we report an organic semiconductor based flexible thermogalvanic cell for conversion of heat and light energy into electric power. This thermogalvanic cell has been fabricated using a eco-friendly, affordable and commercially available organic material known as an orange dye (C17H17N5O2), which is soluble in water. The thermogalvanic cell consists of a Carbon/aqueous solution of orange dye/Carbon structure. The cell contains a flexible polymer tube casing, filled with a 5 wt% organic semiconductor orange dye aqueous solution and carbon-electrodes. Gradient of temperature (Delta T) up to 28 K was created by low power electric heater and up to 6 K by illumination. It was found that at Delta T = 8 K, the open-circuit voltage (V-oc), short-circuit current (I-sc) and Seebeck coefficient were in the range of -(31-32) mV, -(2.6-2.7) mu A and -(3.8-3.9) mV/K, respectively. The thermogalvanic cell holds the promise of potential use in low-power applications (e.g. medical) and temperature gradient measurement.",flexible carbon/orange dye aqueous organic semiconductor/carbon thermogalvanic cell,organic orange dye redox/semiconductor solution under heat or illumination temperature gradients produces negative thermogalvanic voltage
Thermogalvanic Currents in Steel Reinforced Concrete,ELECTROCHIMICA ACTA,10.1016/j.electacta.2015.11.138,2016,The thermogalvanic currents between nominally identical segments in a reinforced concrete beam were investigated. Temperature gradients induce galvanic currents that exhibit a 30 degrees C critical point. The character of the hot electrode side changes from anodic to cathodic when the temperature rises above that pivot point. Parallel tests performed in solution using carbon steel-stainless steel galvanic couples also revealed that 30 degrees C is a critical temperature. In NaOH solution the carbon steel behaves cathodically with respect to stainless steel but only for T<30 degrees C. In Ca(OH)(2) solution containing chlorides the carbon steel consistently behaves anodically while the degree of thermogalvanic current exhibits a pronounced temperature dependence. (C) 2015 Elsevier Ltd. All rights reserved.,steel-reinforced concrete and carbon steel/stainless steel couples in NaOH or chloride Ca(OH)2 solutions,temperature gradients reverse anodic/cathodic behavior near a 30 C critical point and drive thermogalvanic corrosion currents
Combining thermogalvanic corrosion and thermogalvanic redox couples for improved electrochemical waste heat harvesting,ELECTROCHEMISTRY COMMUNICATIONS,10.1016/j.elecom.2015.06.007,2015,Thermogalvanic (or thermoelectrochemical) systems can convert a temperature difference into an electrical current by exploiting the entropy change associated with a redox process. This work investigates coupling thermogalvanic redox processes with thermogalvanic corrosion. Ferri/ferrocyanide and iodide/triiodide redox couples were investigated at platinum and stainless steel electrodes. Dilute iodine displays a Seebeck coefficient of +0.26 mV K-1 at platinum electrodes and +2.1 mV K-1 at stainless steel electrodes. An apparent Seebeck coefficient of +13.6 mV K-1 could be achieved under optimal conditions. This is demonstrated to be due to a combination of the iodide/triiodide thermogalvanic redox couple and thermogalvanic iodine-induced corrosion of the stainless steel. (C) 2015 Elsevier B.V. All rights reserved.,ferri/ferrocyanide and iodide/triiodide redox couples at platinum and stainless-steel electrodes,iodide/triiodide thermogalvanic redox combines with iodine-induced stainless-steel thermogalvanic corrosion to greatly increase apparent Seebeck coefficient
High-Performance Thermogalvanic Cell Based on Organic Nanofluids,ACTA PHYSICO-CHIMICA SINICA,10.3866/PKU.WHXB201606281,2016,"The thermoelectric performance of traditional thermogalvanic cells is relatively low and a more efficient conversion mechanism is required. In this paper, the distribution of glycerol/glycerin in an aqueous sodium chloride solution in a carbon nanotube (CNT) is investigated by molecular dynamics (MD) simulation. The distributions of ions, molecule net charge, and electrical potential of the system are markedly affected by temperature. We propose a novel nanofluid thermoelectric conversion method based on the CNT and glycerol/glycerin aqueous sodium chloride solution. The thermoelectric performance of the proposed system is much higher than that of most of current liquid thermogalvanic cells, and the application temperature range is also widened considerably. A preliminary thermal-to-electrical energy conversion experiment based on nanoporous carbon with mixtures of sodium chloride and glycerol is also conducted to qualitatively verify the numerical results.",CNT with glycerol/glycerin aqueous NaCl nanofluid and nanoporous carbon NaCl/glycerol mixtures,temperature-dependent ion/molecule distribution and electric potential in confined nanofluid produce enhanced thermoelectric conversion
The amplifying effect of natural convection on power generation of thermogalvanic cells,INTERNATIONAL JOURNAL OF HEAT AND MASS TRANSFER,10.1016/j.ijheatmasstransfer.2014.07.007,2014,"Recent development of new electrolytes and electrode materials has shifted the research focus away from other routes to improved thermogalvanic cells, also known as thermocells or thermoelectrochemical cells. A thermogalvanic cell can be designed to achieve a relatively high maximum power output (P-max) if convection is incorporated within the cell. Here we show through experimentation and modeling that natural convection is not a hindrance, but a plausible aid to improve power generation of thermogalvanic generators. The natural convection conditions are varied via orientation of the cell and electrode spacing. Experimental testing revealed an optimum concentration of 0.7 M CuSO4 aqueous electrolyte, with the addition of 0.1 M H2SO4 as background electrolyte, results in P-max improvements of up to 100%, from to similar to 1.6 mu W cm(-2), in a horizontal cell operating between the vertical cold and hot copper (Cu) electrode temperatures of 5 and 65 C, respectively. The experimental data reported here compare well with those from the few previously reported studies of Cu/Cu2+ cells. However, comparison with the conventional Fe(CN)(6)(4-)/Fe(CN)(6)(3-) cells revealed a completely different dependence of the electrode spacing on the power generation, that the P-max of Cu/Cu-2 cell increases, instead of decreases, with the electrode spacing due to the difference in ionic transfer mechanism. Herein, we also develop a simple expression which predicts the ratio between the P-max of a thermogalvanic generator with and without convection in terms of Sherwood, Nusselt, and Lewis numbers. The predictions are in reasonable agreement with our experimental data; both show that convection is primarily responsible for the enhancement in P-max of thermogalvanic generators. (C) 2014 Elsevier Ltd. All rights reserved.",Cu/CuSO4 aqueous thermogalvanic cell with H2SO4 background electrolyte,natural convection governed by orientation and electrode spacing enhances Cu/Cu2+ mass transfer and power generation
Liquid Thermoelectrics: Review of Recent And Limited New Data of Thermogalvanic Cell Experiments,NANOSCALE AND MICROSCALE THERMOPHYSICAL ENGINEERING,10.1080/15567265.2013.776149,2013,"Experimental studies on thermogalvanic cells (or thermo-electrochemical cells or simply thermocells) have shown promising results in the past two decades since being introduced in 1825. Recent literature on this topic ranging from aqueous redox couple cells to nonaqueous and molten salt thermogalvanic cells is reviewed and compared. Some limited new experimental data on power generation for the underdeveloped Cu-CuSO4 system are also reported. The Seebeck coefficient values of these experiments fit with a characteristic model extracted from a 1959 paper by deBethune et al. (Journal of the Electrochemical Society, Vol. 106, 1959). The power generation results are compared with the few previously reported values of the Cu-CuSO4 system by Holeschovsky (Analysis of Flooded Flow Fuel Cells and Thermogalvanic Generators, 1994) and Tester et al. (Evaluation of Thermogalvanic Cells for the Conversion of Heat to Electricity, 1992), including those published by Kuzminskii et al. (Journal of Power Sources, Vol. 52, 1994) and Quickenden and Mua (Journal of the Electrochemical Society, Vol. 142, 1995). Condensing the recently published literature, this article presents recent trends and identifies future possibilities or directions for realizing this attractive concept, which has been around for a long time.",aqueous and nonaqueous thermogalvanic redox cells including Cu/CuSO4,reviewed thermogalvanic systems convert temperature gradients through redox entropy; Cu/CuSO4 follows characteristic Seebeck models
Thermogalvanic corrosion of Alloy 31 in different heavy brine LiBr solutions,CORROSION SCIENCE,10.1016/j.corsci.2011.10.001,2012,"Thermogalvanic corrosion generated between two electrodes of Alloy 31, a highly-alloyed austenitic stainless steel (UNS N08031), has been investigated imposing different temperature gradients in three deaerated LiBr solutions, under open circuit conditions by using a zero-resistance ammeter (ZRA). Besides EIS spectra were acquired in order to explain the obtained results. On the whole, cold Alloy 31 electrodes were anodic to hot Alloy 31 electrodes, since an increase in temperature favoured the cathodic behaviour of the hot electrode. Thermogalvanic corrosion of Alloy 31 in the LiBr solutions studied was not severe, although it negatively affects the corrosion resistance of the cold anode. The protective properties of the passive film formed on the anode surface were found to improve with thermogalvanic coupling time. (C) 2011 Elsevier Ltd. All rights reserved.",Alloy 31 stainless steel electrodes in deaerated LiBr heavy brines,"temperature gradient makes cold Alloy 31 anodic to hot electrode, but passive film evolution limits severe thermogalvanic corrosion"
Thermogalvanic corrosion and galvanic effects of copper and AISI 316L stainless steel pairs in heavy LiBr brines under hydrodynamic conditions,CORROSION SCIENCE,10.1016/j.corsci.2012.04.001,2012,"Thermogalvanic corrosion of the copper/copper and AISI 316L/AISI 316L stainless steel pairs was studied in heavy lithium bromide brines under hydrodynamic conditions. The galvanic coupling effect between copper and stainless steel was also analysed. The cold electrode (25 degrees C) was the stainless steel for the galvanic pair, whereas copper temperature varied (25, 50 and 75 degrees C). A hydrodynamic circuit was designed to study thermogalvanic corrosion by means of the zero resistance ammeter technique. Hot cathodes take place in stainless steel pairs while cold cathodes are present in copper/copper and stainless steel/copper pairs: this agrees with the thermal temperature coefficient of the potential sign. Thermogalvanic corrosion increases corrosion rates, especially working with copper. Weight loss measurements show that there is a combined effect due to the thermogalvanic and the galvanic effects. (c) 2012 Elsevier Ltd. All rights reserved.","copper/copper, AISI 316L/AISI 316L, and stainless-steel/copper pairs in LiBr brines","temperature-dependent electrode potentials create hot or cold cathodes and combined thermogalvanic/galvanic corrosion, especially for copper"
Energy Harvesting and Storage with Lithium-Ion Thermogalvanic Cells,JOURNAL OF THE ELECTROCHEMICAL SOCIETY,10.1149/1.3568820,2011,"Thermogalvanic cells (electrochemical cells under a temperature gradient) are presented as multifunctional power sources, having capabilities for both energy harvesting and energy storage. A symmetric thermogalvanic cell with lithium-ion electrodes has the ability to be charged under a temperature gradient and then discharged when the temperature gradient is removed. Presented here is the first demonstration of a cycled thermogalvanic energy storage cell. Experimental results for dE/dT (the cell voltage produced per degree temperature difference) are given for symmetric thermogalvanic cells with single-phase Li(x)TiS(2) or amorphous Li(x)V(2)O(5) electrodes and alkyl carbonate electrolyte solutions. All cells exhibit dE/dT on the order of 1 mV/K. The thermoelectric Seebeck coefficient of the electrode materials and extent of lithium intercalation (x) have slight or negligible effects on thermogalvanic dE/dT. There are slight dependences of dE/dT on the electrolyte anion (PF(6)(-) vs BF(4)(-)) and electrolyte concentration, and there is no dependence on the electrolyte solvent (EC:DMC vs PC). (C)2011 The Electrochemical Society. [DOI: 10.1149/1.3568820] All rights reserved.",symmetric Li-ion thermogalvanic cells with LixTiS2 or amorphous LixV2O5 electrodes and alkyl carbonate electrolytes,temperature-gradient charging and subsequent discharge arise from lithium-electrode thermogalvanic dE/dT near 1 mV/K
Thermogalvanic effects on the corrosion of copper in heavy brine LiBr solutions,CORROSION SCIENCE,10.1016/j.corsci.2012.06.012,2012,"Thermogalvanic corrosion of copper in heavy brine LiBr solutions has been investigated using a zero-resistance ammeter (ZRA). The temperature gradients between copper electrodes immersed in the same LiBr solution result in the formation of thermogalvanic cells with hot anodes, leading to high and sustained thermogalvanic currents. Copper loss rates, calculated using Faraday's law, substantially exceed 0.025 mm year(-1), a value regarded as the threshold of low corrosion rates. The effects of thermogalvanic coupling on the surface properties of the anode and the cathode have been analysed by means of electrochemical impedance spectroscopy (EIS). The results obtained in this analysis have been related to the process of copper electrodissolution in bromide media. (C) 2012 Elsevier Ltd. All rights reserved.",copper electrodes in LiBr heavy brine solutions,temperature gradients form hot-anode Cu thermogalvanic cells; bromide-mediated copper electrodissolution causes sustained corrosion currents
"Power conversion efficiency, electrode separation, and overpotential in the ferricyanide/ferrocyonide thermogalvanic cell",JOURNAL OF THE ELECTROCHEMICAL SOCIETY,10.1149/1.1837047,1996,"The effect of electrode separation on the power conversion efficiency of a ferricyanide/ferrocyanide thermogalvanic cell containing platinum electrodes was studied at electrode separations up to 150 cm, using the ''cold-above-hot'' electrode configuration. The open-circuit potential difference is almost independent of electrode separation, but the short-circuit current density falls continuously with increasing electrode separation, while the power conversion efficiency increases asymptotically to a plateau value of ca. 0.04% at a separation near 150 cm. This corresponds to an efficiency of ca. 0.6% relative to that of a Carnot engine operating between the temperatures of 293.1 and 313.1 K used in the present study. A separation of 10 cm provides efficiencies which are ca. 83% of the plateau value and is a convenient separation to use if minimal cell volume is required. The power conversion efficiency of the cell was largely limited by ohmic overpotential. measured exchange current densities showed that activation overpotential has negligible effect on cell current. Mass transport does not limit the cell current because of the beneficial convection caused by the ''cold-above-hot'' electrode configuration.",ferricyanide/ferrocyanide thermogalvanic cell with platinum electrodes and cold-above-hot configuration,larger electrode separation reduces current but improves efficiency plateau; ohmic overpotential dominates while convection prevents mass-transport limits
THE POWER CONVERSION EFFICIENCIES OF A THERMOGALVANIC CELL OPERATED IN 3 DIFFERENT ORIENTATIONS,JOURNAL OF THE ELECTROCHEMICAL SOCIETY,10.1149/1.2048394,1995,"Power conversion efficiency (PCE) measurements were carried on a thermogalvanic cell containing the ferricyanide/ ferrocyanide couple in an aqueous background electrolyte of KCl and using two planar platinum electrodes. The PCE was found to be 0.031% which is ca. 0.50% of the Carnot maximum for the two electrode temperatures of 293.1 and 313.1 K. Three different electrode orientations were used, viz: parallel vertical electrodes and parallel horizontal electrodes with, in the latter case, either the cold electrode above the hot electrode or with the hot electrode above the cold electrode. In all three orientations, the open-circuit potential (E(oc)) of the cell did not change significantly with time. The latter two orientations showed negligible drop in the PCE and short-circuit current (I-sc) with time, However, over a 55 min period in the first orientation, I-sc fell to ca. 40% of its initial value and the PCE fell to 68% of its initial value. It was concluded that the horizontal electrode orientation with the cold above the hot electrode and the vertical electrode orientation provide the best convective arrangements for continuous power production. The power outputs from these two orientations were found to be mainly limited by the ohmic resistances of the cells whereas the output from the cell with the hot above the cold electrode was initially limited by ohmic resistance but mass-transport limitations became increasingly important during continuous operation.",ferricyanide/ferrocyanide thermogalvanic cell in KCl with platinum electrodes,"cell orientation controls convection, mass transport, and ohmic limitations, changing power conversion efficiency during continuous operation"
THEORETICAL-STUDY OF THERMOGALVANIC CELLS IN STEADY-STATE,ELECTROCHIMICA ACTA,10.1016/0013-4686(94)80106-1,1994,"The functioning of thermogalvanic cells has been studied theoretically. The analysis for the simplest case which accounts for only diffusion transport of the reacting substances from one electrode to another has been made. The simple relation for thermodynamic efficiency of such energy sources was obtained. The diffusion-migration transport for the horizontally arranged cell and the diffusion-convection transport for the vertically arranged cell were studied in detail. The original mathematical methods for solving transport equations were used. Analytical results for the concentration distribution and the current-voltage curves were calculated. The principal role of electrode kinetics (fast changing of the equilibrium electrode potential with the temperature) was shown. Finally, the general algorithm for improving thermogalvanic cells was proposed.","steady-state thermogalvanic cells with diffusion, migration, and convection transport","mathematical transport/electrode-kinetics model predicts concentration profiles, current-voltage curves, and routes for improving thermogalvanic cells"
THERMOELECTRIC EFFECTS IN ELECTROCHEMICAL SYSTEMS - NONCONVENTIONAL THERMOGALVANIC CELLS,JOURNAL OF POWER SOURCES,10.1016/0378-7753(94)02015-9,1994,"In the present study, the possibility of using electrochemical systems for solving the problems of direct thermoelectric conversion is considered for a number of nonconventional electrochemical couples: 'inert' electrode/macrocyclic complex with the central coordinated metal ion in different oxidation states (aqueous, aprotic organic electrolyte), 'inert' electrode/metal ion in different oxidation states (molten salt), lithium intercalate/lithium-containing aprotic organic electrolyte, semiconductor/molten salt. A comparative analysis of data on the main criteria of thermoelectric ability (Seebeck coefficient, efficiency factor, Z-factor, efficiency, etc.) confirmed that it is possible in principle to use the electrochemical systems studied in direct thermoelectric conversion devices.","nonconventional electrochemical couples: macrocyclic metal complexes, molten-salt metal ions, lithium intercalates, semiconductor/molten-salt systems","thermoelectric ability depends on Seebeck coefficient, Z-factor, efficiency, and redox/electrode properties of alternative electrochemical systems"
Effect of Temperature on Thermogalvanic Coupling of Alloy 31 in Libr Solutions Studied by Means of Imposed Potential Measurements,INTERNATIONAL JOURNAL OF ELECTROCHEMICAL SCIENCE,,2011,"Corrosion resistance of Alloy 31, a highly alloyed stainless steel (UNS N08031) were studied in heavy brine LiBr solutions (400, 700 and 992 g/l) at different temperatures using electrochemical techniques. The mixed potential theory was used to evaluate thermogalvanic corrosion of Alloy 31 in the studied LiBr solutions. Potentiodynamic curves indicate that high temperatures favoured both cathodic and anodic processes, increasing passive current densities and decreasing the pitting potential. Generally, the cold electrode of the pair was the anode of the thermogalvanic cell.","Alloy 31 stainless steel in 400, 700, and 992 g/L LiBr solutions","higher temperature accelerates anodic/cathodic processes and shifts passive/pitting behavior, generally making the cold electrode the thermogalvanic anode"
Thermoelectric power of M-H systems in molten salts and application to M-H thermogalvanic cell,JOURNAL OF THE ELECTROCHEMICAL SOCIETY,10.1149/1.1580818,2003,"The thermoelectric power of ZrH(0.8) in the (alpha + delta) coexisting phase state and TiH(0.2) in the (alpha + beta) coexisting phase state was estimated as 0.39 and 0.20 mV K(-1), respectively, in a LiCl-KCl eutectic melt containing 1.0 mol % hydride ion (H(-)) at 673-773 K. Using the standard formal potentials of H(2)/H(-) in this temperature range, the thermoelectric powers of many kinds of metal hydrides were estimated from the reported data of equilibrium hydrogen pressure-temperature relations. Using these results, the feasibility of the M-H-type thermogalvanic cell, which uses electrochemical reactions between hydrogen-absorbing metals and hydride ion in molten salts, is discussed. (C) 2003 The Electrochemical Society.",ZrH0.8 and TiH0.2 metal hydrides in LiCl-KCl eutectic melt containing hydride ion,metal hydride/H- electrochemical reactions in molten salts produce thermoelectric power for M-H thermogalvanic cells
EXPERIMENTAL AND THEORETICAL-ANALYSIS OF A THERMOGALVANIC UNDIVIDED FLOW CELL WITH 2 AQUEOUS-ELECTROLYTES AT DIFFERENT TEMPERATURES,JOURNAL OF APPLIED ELECTROCHEMISTRY,10.1007/BF01041456,1991,"The electrochemical and thermal performance of a new thermogalvanic undivided flow cell using two aqueous electrolytes maintained at different temperatures between platinum electrodes is described. Measurements on the Fe(CN)6(3-)/Fe(CN)6(4-) redox system in NaOH medium yield a thermoelectric effect between -1.1 and -1.4 mV/degree depending on the composition of the electrolytes. The influence of different parameters (temperature gradient, concentration of the electroactive species, fluid velocities and channel thickness) on the power output are determined. The experimental results show that electrical power is largely limited by charge and mass transfer overvoltages, but that it is possible to maintain the temperature gradient between the electrodes, i.e. the thermal boundary layers developing at the interface between the electrolytes do not reach the electrodes. A model based on the generalized Butler-Volmer kinetic equation is found to be in very good agreement with the experiments in terms of the current-voltage relationship and power output. This model is used for the prediction of the maximum electrochemical performance. From a practical point of view the efficiency of these devices remains very low due to the high thermal flux between the hot and cold electrolytes.",undivided flow thermogalvanic cell with Fe(CN)6 3-/4- in NaOH and two aqueous electrolytes at different temperatures,separated hot/cold electrolyte streams maintain thermal boundary layers while Butler-Volmer kinetics and mass/charge transfer limit output
Hydrovoltaic cells. Part II: Thermogalvanic cells and numerical simulations of thermal diffusion potentials,JOURNAL OF ELECTROANALYTICAL CHEMISTRY,10.1016/j.jelechem.2003.09.033,2004,"When two electrolyte solutions of different temperature are placed in contact, a thermal diffusion potential (TDP) is established. The phenomenon is studied numerically using finite element simulations of the temperature distribution within a hydrodynamic cell. Experimentally, the hydrovoltaic flow cell is used to demonstrate how a temperature difference can induce redox reactions at electrodes placed in the two liquids in order to extract a current continuously in an external circuit resulting in a power-generating unit. When the concentration of the redox couple introduced in the solution is moderated, it is shown that the TDP is not negligible, even if the main driving force is due to the temperature effect on the standard potential of the couple present. The numerical model may also be applied in more general situations involving thermal effects in microsystems. (C) 2003 Elsevier B.V. All rights reserved.",hydrovoltaic flow thermogalvanic cell with redox electrolyte solutions at different temperatures,thermal diffusion potential plus temperature-dependent redox standard potential drives continuous current; finite-element model captures temperature distribution
MXene Hollow Microsphere-Boosted Nanocomposite Electrodes for Thermocells with Enhanced Thermal Energy Harvesting Capability,ACS NANO,10.1021/acsnano.4c12294,2025,"Thermal energy, constantly being produced in natural and industrial processes, constitutes a significant portion of energy lost through various inefficiencies. Employing the thermogalvanic effect, thermocells (TECs) can directly convert thermal energy into electricity, representing a promising energy-conversion technology for efficient, low-grade heat harvesting. However, the use of high-cost platinum electrodes in TECs has severely limited their widespread adoption, highlighting the need for more cost-effective alternatives that maintain comparable thermoelectrochemical performance. In this study, a nanocomposite electrode featuring Ti3C2T x with hollow microsphere structures is rationally designed. This design addresses the restacking issue inherent in MXene nanosheets, increases the electrochemically active surface area, and modifies the original MXene surfaces with oxygen terminations, leading to improved redox kinetics at the electrode-electrolyte interface, particularly in n-type TECs employing Fe2+/3+ redox ions. The optimized n-type TEC achieved an output power of 84.55 mu W cm-2 and a normalized power density of 0.53 mW m-2 K-2 under a Delta T of 40 K, outperforming noble platinum-based TECs by a factor of 5.5. An integrated device consisting of 32 TEC units with a p-n connection is also fabricated, which can be successfully utilized to power various small electronics. These results demonstrate the potential of MXene-based composite electrodes to revolutionize TEC technology by offering a cost-effective, high-performance alternative to traditional noble metal electrodes and contributing to efficient low-grade heat harvesting.",Ti3C2Tx MXene hollow microsphere nanocomposite electrodes with Fe2+/3+ n-type thermocells,"hollow MXene microspheres reduce restacking, increase active area, add oxygen terminations, and improve Fe2+/3+ redox kinetics"
A Dual-Function Poly(vinyl alcohol) Hydrogel for Solar Water Production and Thermoelectric Energy Generation,ACS SUSTAINABLE CHEMISTRY & ENGINEERING,10.1021/acssuschemeng.4c10855,2025,"This work addresses the dual challenges of seawater purification and converting low-grade waste heat into electricity, both of which are crucial for sustainable resource management. It presents a combined approach that solves both problems using a self-fabricated device. The device generates a temperature gradient through efficient photothermal conversion by placing thermoelectric hydrogels on top of a photothermal hydrogel. Poly(vinyl alcohol) (PVA) is used as the matrix for the photothermal hydrogel and was selected for its biocompatibility and ease of processing. In order to enhance both the solar-driven water evaporation and photothermal conversion efficiency, ball-milled dititanium trioxide (Ti2O3) nanoparticles and carbon nanotubes (CNTs) are incorporated within the PVA matrix. This approach enables a water evaporation rate as high as 3.22 kg m-2 h-1. Additionally, PVA also serves as the matrix for thermoelectric gels, which are soaked with a K3[Fe(CN)6]/K4[Fe(CN)6] redox pair solution to exploit the thermogalvanic acid (TGC) effect. This arrangement enables voltage generation through redox reactions at the hot and cold ends. The obtained excellent thermoelectric properties can be characterized by the ionic Seebeck coefficient (S i ) of 1.48 mV K-1 and a power density of 9.6 mW m-2 after nine thermoelectric hydrogels were connected in series. As a result, this dual-functional device simultaneously and effectively purifies seawater and generates electricity. Outdoor testing shows a daily water production of 9.2 kg m-2 and a stable voltage generation of 130 mV from the thermoelectric hydrogels. This approach advances water purification and energy generation technologies and opens new avenues for innovative applications in renewable energy.",PVA photothermal hydrogel with Ti2O3 nanoparticles/CNTs and PVA thermoelectric gels soaked with K3/K4[Fe(CN)6],"photothermal hydrogel generates temperature gradient for solar evaporation, while ferri/ferrocyanide thermogalvanic gels generate electricity"
Double selective ionic gel with excellent thermopower and ultra-high energy density for low-quality thermal energy harvesting,ENERGY & ENVIRONMENTAL SCIENCE,10.1039/d3ee03759b,2024,"The high thermopower characteristics of ionic thermoelectric cells (ITECs) significantly improve the efficiency of environmental heat and energy collection and utilization. Herein, based on the low thermal conductivity of biomass materials, we propose a novel strategy on structural design and component modulation for full component utilization and synergistic enhancement of thermodiffusion and thermogalvanic effects of single electrolytes to achieve high thermopower and output energy density. Grafting guanidinium salt ions in the chitosan gel can facilitate the selective separation of positive and negative ions of the FeCl3/2 electrolyte and enhance the thermodiffusion effect. Meanwhile, introduction of melamine in the chitosan gel enables the selective complexation/desorption of Fe3+ at cold and hot ends, which enlarges the concentration and entropy difference of redox pairs in electrolyte ions. Significant magnification of the thermocouple effect is observed, resulting in 700% increase in thermopower (-1.04 to -7.24 mV K-1). Particularly, the 90-min output energy density of the ITECs reaches 17.93 kJ m-2 at Delta T of 25 K, which is a record-breaking result among the reported quasi-solid-state ITECs. This study provides a new design pathway for development and application of high-performance ITECs. Thermodiffusion and thermogalvanic effects of single redox electrolytes are synergistically utilized and enhanced by double selective gel design of ionic thermoelectric cells, generating remarkable thermopower and energy output in a long-cycle mode.",chitosan gel grafted with guanidinium salt ions and melamine containing FeCl3/FeCl2 electrolyte,"guanidinium promotes ion thermodiffusion and melamine selectively complexes/desorbs Fe3+, coupling thermodiffusion and thermogalvanic effects"
A self-powered hydrogel electronic skin with decoupled multimodal sensing for closed-loop human-machine interactions,NATURE COMMUNICATIONS,10.1038/s41467-026-69450-9,2026,"Bridging biological and artificial systems, intelligent interfaces drive the demand for flexible electronics that emulate the skin's multifunctionality. However, achieving such multifunctionality in a compact, self-sustained form remains challenging, as multimodal sensors often rely on rigid materials, discrete components, and external power sources. Herein, this study presents a single-component poly(vinyl alcohol) hydrogel e-skin integrating thermogalvanic, piezoionic, and diffusion mechanisms for self-powered sensing of skin temperature, arterial pulsation, and sweat secretion, simultaneously. The hydrogel features high stretchability, low modulus, and a prismatic architecture synergizing ionic polarization. Moreover, a temporal machine learning model with local attention is developed to decouple multimodal signals. Of practical importance, an active multimodal signal generator wristband is developed as a multifunctional human-machine interface for physiological detection, robotic control, and haptic feedback reproduction. Hence, this hydrogel e-skin represents an efficient material platform for intelligent interactions, showing broad potential for real-time health monitoring, robotic control, and virtual reality.",single-component PVA hydrogel e-skin with prismatic architecture,"integrated thermogalvanic, piezoionic, and diffusion mechanisms decouple skin temperature, pulse, and sweat signals through temporal machine learning"
High-performance p-n Thermocells by Interface Optimization Based on Liquid Metal for Powering Wearable Devices,ADVANCED FUNCTIONAL MATERIALS,10.1002/adfm.202417740,2025,"Using body heat as a sustainable energy source through the thermoelectric effect to power wearable electronics is promising. Ionic thermoelectric materials based on the thermogalvanic effect can generate stable voltage under low-temperature differences, but their low thermopower and poor contact interface with electrodes hinder practical use. In this study, strong chaotropic salts are utilized to modify the solvation shells of ions, increasing the thermopower of the p-type redox couple [Fe(CN)(6)]3(-)/[Fe(CN)(6)]4(-) to 3.98 mV K-1. Additionally, Arrhenius acid is introduced to inhibit the deprotonation of the n-type redox couple Fe3+/Fe2+, enhancing the thermopower to -2.29 mV K-1. Liquid metal electrodes, with excellent deformability and hydrogen bonding with hydrogel surfaces, effectively reduce the resistance of thermocells. Thus, a pair of p-n thermocells achieve a voltage output of 118 mV and a current density of 4.5 A m-2, with a maximum power density of 0.11 W m-2 (Delta T = 5 K). A wearable device integrated with 18 p-n pairs can generate a voltage of 2.2 V from body heat and continuously power portable electronic devices. This work demonstrates the promising potential of wearable self-powered devices for practical daily applications.","p-type [Fe(CN)6]3-/4- and n-type Fe3+/Fe2+ hydrogel thermocells with chaotropic salts, Arrhenius acid, and liquid-metal electrodes",salt-modified solvation and acid-stabilized Fe redox improve p/n thermopower while liquid metal lowers deformable electrode interface resistance
Large Temperature Dependence of Redox Potential Driven by Semiclathrate Hydrate Formation for Thermo-Electrochemical Conversion,JOURNAL OF THE AMERICAN CHEMICAL SOCIETY,10.1021/jacs.5c04430,2025,"The temperature dependence of the redox potential (temperature coefficient) is a critical parameter for redox couples employed in thermoelectrochemical conversion devices, such as thermogalvanic cells and thermally regenerative electrochemical cycles (TRECs). We developed a novel strategy for boosting the temperature coefficient of ferro/ferricyanide through the formation/dissociation of a semiclathrate hydrate (SCH). The aqueous solution with ferro/ferricyanide and tetrabutylammonium fluoride (TBAF) showed SCH formation/dissociation by small temperature variations, which contributed to a huge temperature coefficient (-13.8 mV K-1) near ambient temperature. The large-temperature coefficient was attributed to a significant change in the TBAF concentration in the liquid phase caused by SCH formation/dissociation, resulting in the rearrangement of the ion pair of ferricyanide and cations. We introduced the electrolyte to a charging-free TREC device driven by a small temperature swing (9 K) and achieved the highest normalized power density (4.8 mW m-2 K-2). This electrolyte design strategy will pave the way for electrochemical energy harvesting from small temperature changes such as diurnal temperature variations. In addition, this study creates a new research field for semiclathrate hydrate chemistry.",ferro/ferricyanide and tetrabutylammonium fluoride electrolyte forming semiclathrate hydrate,"semiclathrate hydrate formation/dissociation changes liquid-phase TBAF concentration and ferricyanide-cation ion pairing, boosting temperature coefficient"
Ionic thermoelectric materials: Innovations and challenges,MATERIALS TODAY PHYSICS,10.1016/j.mtphys.2024.101375,2024,"As innovative energy materials, ionic thermoelectric materials (i-TEs) possess a distinctive combination of a high Seebeck coefficient and low thermal conductivity. This unique feature positions them as ideal candidates for efficiently harvesting low-grade heat. This review categorizes i-TEs into thermally diffusive type and thermogalvanic type, with a focus on the former due to its higher Seebeck coefficient. Notably, quasi-solid state materials within this category are explored in the most detailed way for their safety, flexibility, and versatile polymer network design. Strategies to enhance i -TE performance, such as improving the Seebeck coefficient, electrical conductivity, and reducing thermal conductivity, are discussed. Within this context, the proposal of hybridizing electron-type and ion-type materials emerges as an innovative approach aimed at enhancing performance. The future prospects underscore the critical necessity for challenge of establishing a systematic theoretical framework for i-TEs and emphasize the potential of electrode-electrolyte interactions in improving device performance to tackle the challenge of low energy density in diverse applications. In essence, i-TEs play a pivotal role in the effective harvesting of waste heat, making significant contributions to global sustainability and facilitating progress in green energy practices.",ionic thermoelectric materials including thermodiffusive and thermogalvanic quasi-solid systems,"reviewed ion thermodiffusion, thermogalvanic redox, polymer networks, and electrode-electrolyte interactions govern ionic Seebeck and energy density"
Solvent Replacement-Driven Ionic Liquid Thermoelectric Gel for Self-Powered Morse Code Communication Assisted by Machine Learning,ADVANCED SCIENCE,10.1002/advs.202509400,2025,"The development of ionic liquid gels (IL gels) with both high thermoelectric performance and mechanical flexibility is essential for advancing low-grade heat energy harvesting in next-generation flexible electronics and self-powered systems. Herein, a poly(methacrylic acid) (PMAA)-based IL gel is reported, fabricated via a solvent replacement strategy. By tailoring the synergistic coordination between Fe2+/Fe3+ redox couples and carboxyl (& horbar;COOH) groups in the polymer network, the gel functions as a thermogalvanic electrolyte, and its voltage generation is driven by temperature-dependent redox reactions of Fe2+/Fe3+. The resulting gel demonstrates excellent thermoelectric stability over a broad temperature range, achieving a high ionic conductivity (sigma) of 13.45 Sm-1 and the Seebeck coefficient (Si) of -4.67 mVK-1. In situ Raman spectroscopy and low-field solid-state nuclear magnetic resonance (NMR) analysis reveal the directional migration behavior of Fe2+/Fe3+ ions under a thermal gradient and their dynamic coupling with polymer chain motion. Furthermore, a self-powered Morse-code communication system is developed using a machine learning (ML)-assisted framework. A logistic regression model achieved 100% accuracy on an independent test set, indicating a strict monotonic mapping between voltage signals and encoded characters. This work provides new insights into the molecular design and thermoelectric regulation mechanisms of flexible thermoelectric gel, paving the way for their practical application in wearable self-powered communication devices.",PMAA-based ionic liquid thermoelectric gel with Fe2+/Fe3+ redox couples and carboxyl groups,Fe2+/Fe3+-COOH coordination and thermal-gradient ion migration couple redox reactions with polymer-chain motion for stable thermogalvanic voltage
Pressure-enhanced thermopower of ionic thermoelectric gelatin for identifying materials with different thermal conductivities,NANO ENERGY,10.1016/j.nanoen.2025.111156,2025,"As the human body's most vital environmental interface, the skin integrates diverse sensory receptors enabling simultaneous perception of multiple stimuli through multisensory processing. However, the realization of multifunctional sensing system on robots or prosthetics remains a huge challenge. Here we report a multifunctional tactile sensor fabricated from ionic thermoelectric gelatin that achieves simultaneous pressure and temperature detection. The thermoelectric effect of this ionic thermoelectric gelatin is mainly achieved through the synergy of the thermodiffusion effects and the thermogalvanic effect of ions. In addition, by applying pressure, the thermoelectric effect of this ionic thermoelectric gelatin can be changed (the thermopower of the ionic thermoelectric gelatin increases from 1.21 mV/K to 1.67 mV/K, representing a 38 % increase), so as to enable the sensor to sense external forces. By comparing the thermoelectric effect driven by temperature difference and the thermoelectric effect driven by pressure-temperature difference, there is a difference in the voltage response time. This allows for the decoupling of signals at the backend with only a simple algorithm. Using this sensor, we achieved a 95.31 % accuracy rate in identifying different materials. The multifunctional tactile sensor can promote the development of robots and better assist the disabled in restoring their sensory abilities.",ionic thermoelectric gelatin tactile sensor,pressure changes thermodiffusion/thermogalvanic thermopower and response-time differences decouple pressure and temperature signals
Modulating thermo-diffusion/galvanic coupling via ion speciation engineering enables high-performance ionic thermoelectric cells,NATURE COMMUNICATIONS,10.1038/s41467-026-68721-9,2026,"Ionic thermoelectric (i-TE) materials have demonstrated a high thermopower in harvesting low-grade heat, emerging as superior candidates for self-powered electronics. However, coupling two i-TE effects in n-type materials is scarce, which restricts the development of high-performance systems. Herein, we uncover an overlooked thermogalvanic redox reaction between Cu2+ and Cu+ stabilized by Cl- and quantitatively track the progressive reaction process by operando characterization. In binary polyvinyl alcohol (PVA)-CuCl2 gels, an interactive i-TE coupling effect driven by ion speciation is validated, which exhibits an enhanced thermogalvanic redox as CuCl2 concentrations increase while suppressing the thermodiffusion contribution. By distinguishing and quantifying coordination species, we reveal the impact of [Cu-Cl] speciation on the i-TE effect contributions. Correspondingly, a giant thermopower of -30.6 mV K-1 and a remarkable power density of 0.6 mW m-2 K-2 are achieved, respectively, by tuning ion coordination speciation. The long-term power generation exhibits a reversible and sustainable heat-to-electricity conversion. High output voltage of 3.5 V and power of 22 & micro;W are produced in 16-cell i-TE modules when harvesting 15 K. Our findings reveal an interactive thermo-diffusion/galvanic coupling effect based on coordination chemistry, offering a potential design principle for high-performance i-TE materials.",binary PVA-CuCl2 gel with Cu2+/Cu+ stabilized by Cl- coordination species,"Cu-Cl speciation tunes coupling between Cu2+/Cu+ thermogalvanic redox and thermodiffusion, producing giant n-type thermopower"
Giant thermopower of ionic gelatin near room temperature,SCIENCE,10.1126/science.aaz5045,2020,"Harvesting heat from the environment into electricity has the potential to power Internet-of-things (IoT) sensors, freeing them from cables or batteries and thus making them especially useful for wearable devices. We demonstrate a giant positive thermopower of 17.0 millivolts per degree Kelvin in a flexible, quasi-solid-state, ionic thermoelectric material using synergistic thermodiffusion and thermogalvanic effects. The ionic thermoelectric material is a gelatin matrix modulated with ion providers (KCl, NaCl, and KNO3) for thermodiffusion effect and a redox couple [Fe(CN)(6)(4-)/Fe(CN)(6)(3-)] for thermogalvanic effect. A proof-of-concept wearable device consisting of 25 unipolar elements generated more than 2 volts and a peak power of 5 microwatts using body heat. This ionic gelatin shows promise for environmental heat-to-electric energy conversion using ions as energy carriers.","gelatin ionic thermoelectric matrix with KCl, NaCl, KNO3, and [Fe(CN)6]4-/3-",synergistic thermodiffusion of salt ions and ferri/ferrocyanide thermogalvanic effect creates giant positive thermopower
Improved Ionic Thermoelectric Performance of Adhesive and Self-Healing Cationic High-Entropy Gel Thermocell,ANGEWANDTE CHEMIE-INTERNATIONAL EDITION,10.1002/anie.202511293,2025,"Gel thermocell can directly convert heat into electricity by ions as energy carriers, capable of low-grade heat harvesting. However, ionic thermoelectric performance, including ionic thermopower, output power density, and energy density, needs to be significantly improved to meet practical applications. To date, it still lacks an effective strategy to focus on gels to achieve the overall high performance. Herein, an adhesive and self-healing cationic high-entropy gel (CHEG) G-FeCN4-/3--K+-Na+-Li+-Gdm+-Cs+ in a multi-ion cooperative chemical environment has been designed by the interaction between multications and anions, improving the entropy change of redox reaction, exchange current density, and ionic conductivity, thereby achieving an overall high ionic thermoelectric performance. The CHEG thermocell using the synergy of thermogalvanic and thermodiffusion effects showed a total ionic thermopower of 41 mV K-1 with 2.3 mV K-1 for the former, and delivered a maximum output power density of 14.3 mW m-2 K-2 and an energy density of 4.5 J m-2 K-2. In addition, an ultrahigh maximum output power density of 4.13 mW m-2 K-2 was obtained in the CHEG device that was assembled by connecting four thermocells in series, which could realize electrocatalytic degradation of rhodamine B. This work demonstrates a feasible way to design high-performance ionic thermoelectric gels and provides a new application in water pollution treatments.",cationic high-entropy gel G-FeCN4-/3--K+-Na+-Li+-Gdm+-Cs+,"multi-cation/anion interactions increase redox entropy change, exchange current density, and ionic conductivity for coupled thermogalvanic/thermodiffusion output"
"Finger temperature-driven thermogalvainc gel-based smart pen: Utilized for identity recognition, stroke analysis, and grip posture assessment",NANO ENERGY,10.1016/j.nanoen.2024.109366,2024,"Inappropriate pen-holding postures can result in increased muscle strain and reduced writing speed, and may even contribute to the onset of conditions such as myopia, arthritis, and cervical spondylosis. However, challenges persist in current one-size-fits-all pens toward actively monitoring handwriting habits due to structural complexity and indispensability of power supply. In this study, a finger temperature-driven thermoelectric gelbased smart pen has been invented for identity recognition, stroke analysis, and grip posture assessment by coupling thermogalvanic and piezoresistive effects derived from finger temperature and pressure on a PVA/ gelatin gel. This dual-network gel exhibits not only a high thermopower of - 2.05 mV K-1 and a rapid response of 130 ms, but also full flexibility, significant resistance to desiccation, and a high tensile capacity of up to 300%. By integrating thermogalvanic gel units within a pen shaft, our self-powered smart pen achieved a recognition accuracy of 98.1% for eight basic Chinese character strokes with the aid of deep learning. Furthermore, with a four-channel expansion, the recognition accuracy reaches 98.8% for eight distinct identities and 99.1% for nine different pen-holding postures, respectively, while offering real-time visualization of monitoring results on a user-friendly human-machine interface. This machine learning-assisted self-powered smart gel pen presents a new viable solution for wearable bioelectronics toward future intelligent era.",PVA/gelatin thermogalvanic gel smart pen,"finger temperature drives thermogalvanic voltage and grip pressure changes resistance, enabling self-powered handwriting and posture recognition"
THERMOGALVANIC BEHAVIOR OF ACIDIC CU-2+/CU SYSTEM INDUCED BY LASER IRRADIATION,JOURNAL OF THE ELECTROCHEMICAL SOCIETY,10.1149/1.2220980,1993,"The mechanism responsible for the electroless copper deposition on a copper electrode in an acidic copper sulfate solution upon laser irradiation was investigated. The system served as a thermogalvanic cell and a highly selective copper deposit was formed at the laser-irradiated center without any chemical reductant added. The deposit's thickness reached 510 mum after an hour's irradiation with the incident laser power density being controlled at 2.0 x 10(5) W/cm2. The deposition rates, however, decayed as the incident laser power was further raised. Finally an etched hole instead of a deposit was found as the incident laser power density exceeded 1.1 X 10(7) W/cm2. The rather peculiar decay of the copper deposition rate at high incident laser power densities can be interpreted to be owing to three competitive processes involved in the electroless copper deposition: (i) a thermogalvanic deposition process, which is the predominant one at the lower incident laser power densities condition, (ii) a copper dissolution process due to the corrosion reaction, Cu + Cu+2 --> 2Cu+, which is predominant at high incident laser power densities, (iii) incomplete consecutive discharge reduction process due to the loss of cuprous ions by violent microstirring under high laser power density irradiation condition. A net etching effect instead of an electroless deposition can be obtained under the extreme case.",acidic Cu2+/Cu sulfate system under laser irradiation,laser-induced local heating creates thermogalvanic copper deposition at moderate power; corrosion and incomplete Cu+ reduction dominate at high power
Thermo-electrochemical cells enable efficient and flexible power supplies: From materials to applications,ENERGY STORAGE MATERIALS,10.1016/j.ensm.2024.103902,2025,"Low-grade waste heat recovery is a promising pathway to achieving the goal of carbon neutrality. In recent years, thermo-electrochemical cells (also known as thermocells or thermogalvanic cells) driven by low-grade heat have been emerging as a cutting-edge technology due to their ultrahigh Seebeck coefficient, high flexibility and low cost, and they possess large application prospects in wearable electronic devices, self-powered Internet-of-Thing sensors and industrial waste heat recovery. In the past years, a large deal of work has been conducted to improve the power density and conversion efficiency from the aspects of electrode materials, electrolyte materials, etc., and giant advances have been achieved. However, the commercial applications of thermocells are still hindered by their low power density and conversion efficiency. Given these issues, this work aims to give an overview of the fundamentals, materials, operating parameters, research methods, current applications and specify the corresponding underlying challenges, and conclude the prospects to provide valuable guidelines for further design and optimization of thermocells.",thermo-electrochemical cells across electrode and electrolyte materials,"review summarizes thermocell redox thermodynamics, materials, operating parameters, and application limits for low-grade waste heat recovery"
Highly conductive triple network hydrogel thermoelectrochemical cells with low-grade heat harvesting,JOURNAL OF POWER SOURCES,10.1016/j.jpowsour.2024.234647,2024,"Quasi-solid thermoelectrochemical cells (TECs) are promising candidates for wearable energy harvesting devices as they enable the continuous conversion of low-grade heat into electricity. However, the TEC performance remains limited by inadequate ionic conductivity. Herein, a triple-network hydrogel consisting of polyacrylamide/poly(vinyl alcohol)/cellulose nanofiber (PAAM/PVA/CNF) is synthesized via a freeze-thaw method, and soaked in the thermogalvanic redox couple Fe(CN)(6)(3-/4-) as the electrolyte. By optimizing the polymer composition and soaking time, a superior ionic conductivity of 168 mS cm(-1) is achieved while maintaining a thermopower of similar to 1.69 mV K-1 . The high ionic conductivity is provided by the fractal microstructure of the hydrogel, as revealed by small-angle X-ray scattering (SAXS). Moreover, the as-fabricated thermoelectric generator array exhibits an exceptional power output of 28.7 mu W at a temperature difference of 11.9 K. This work provides insights on the development of wearable thermoelectric materials for practical and reliable energy harvesting applications.",PAAm/PVA/cellulose nanofiber triple-network hydrogel soaked with Fe(CN)6 3-/4-,fractal hydrogel microstructure gives high ionic conductivity while ferri/ferrocyanide thermogalvanic redox harvests low-grade heat
EXPERIMENTAL AND THEORETICAL SIMULATION OF THERMOGALVANIC CORROSION IN HEAT-EXCHANGERS,PROTECTION OF METALS,,1995,Thermogalvanic corrosion in heat exchangers has been simulated experimentally (on a nonisothermal plate) and theoretically using a computer to solve electrochemical kinetic problems. The simulation techniques have been tested for thermogalvanic corrosion of iron in acid sulfate electrolyte with a variable temperature distribution along the metal surface. The tests showed a good agreement of theoretical and experimental data.,iron plate in acid sulfate electrolyte under tangential temperature gradient,nonisothermal temperature distribution drives thermogalvanic corrosion currents governed by electrochemical kinetics
Inhibition of thermogalvanic corrosion in sulfate media,PROTECTION OF METALS,10.1023/A:1004825315882,2001,"The effect of traditional inhibitors of acid corrosion (urotropine, benzotriazole, and thiocarbamide) on the corrosion-electrochemical behavior of an iron plate with a tangential thermal gradient in a sulfate-containing acid solution is examined. The inhibitors are shown to significantly weaken the thermogalvanic (TG) corrosion intensity, reducing the TG currents and total weight tosses of iron in the thermoelectric zone by factors of 1.3 to 2.0 and 1.1 to 1.4 times, respectively.","iron plate in acid sulfate media with urotropine, benzotriazole, and thiocarbamide inhibitors",acid-corrosion inhibitors suppress thermogalvanic currents and iron weight loss in the thermoelectric zone
Thermogalvanic effects in dissolution of an nonisothermic iron plate in acid media with various pH values,RUSSIAN JOURNAL OF ELECTROCHEMISTRY,,1999,"A current distribution is studied along an iron plate with a tangential temperature gradient in the course of its dissolution in acid sulfate media of various pH. The satisfactory correlation between experimental and theoretical data proves that models can be designed on the basis of electrochemical kinetics. Employing computer methods, the models may quantitatively predict thermogalvanic effects in systems under study, where effect of pH appears to be commensurate with the thermal effect.",nonisothermal iron plate in acid sulfate media at varied pH,pH and temperature gradients jointly control current distribution and dissolution through electrochemical kinetic thermogalvanic effects
Constructing Flexible Film Electrode with Porous Layered Structure by MXene/SWCNTs/PANI Ternary Composite for Efficient Low-Grade Thermal Energy Harvest,ADVANCED FUNCTIONAL MATERIALS,10.1002/adfm.202209806,2023,"Thermal energy, constituting the majority of the energy lost through various inefficiencies, is abundant and ubiquitous. With thermogalvanic effect, thermocells (TECs) can directly convert thermal energy into electricity without producing vibration, noise or other waste emissions. This work presents a rational design of flexible film electrodes constructed on a ternary composite of Ti3C2Tx MXene (T-x represents surface terminations), polyaniline (PANI) and single-wall carbon nanotubes for TECs, which exhibit notably enhanced thermoelectrochemical performance compared to the widely adopted noble platinum electrodes. The ternary composite electrodes form a porous layered structure with a large electrochemical-active surface area. Experiment and simulation results reveal that synergistic effects of Ti3C2Tx and PANI are induced for promoting both mass and charge transport at the electrolyte-electrode interface, resulting in a TEC with an output power of 13.15 mu W cm(-2) at the Delta T of 40 K. The TEC also shows a rapid response to the small temperature difference between the human body and the ambient, demonstrating high potential in harvesting low-grade heat to power small electronics.",flexible Ti3C2Tx MXene/SWCNT/PANI ternary composite film electrodes,porous layered MXene/PANI/SWCNT structure increases electroactive area and synergistically improves mass and charge transport at electrolyte-electrode interface
3D printable shape-customized hydrogel thermocells,NATIONAL SCIENCE REVIEW,10.1093/nsr/nwaf518,2026,"Hydrogel thermocells based on the thermogalvanic effect hold significant promise for energy harvesting and flexible electronics due to their excellent heat-to-electric conversion and stretchability. However, mismatched contact surfaces between bulk hydrogel thermocells and complex heat-source geometries often lead to poor heat utilization and reduced conversion efficiency. While 3D printing can create structures that match these complex interfaces, direct printing of hydrogel thermocells remains challenging due to issues such as water evaporation and the incompatibility of redox couples with photopolymer inks. To overcome these challenges, we combine 3D digital light processing with a thermoelectric (TE) solvent-exchange strategy, enabling the precise customization of stretchable hydrogel thermocells (DHFGs) that conform to specific heat-source geometries. Nonvolatile deep eutectic solvents in the photopolymer ink precursors form robust eutectogel networks through ultraviolet-initiated polymerization, ensuring high structural fidelity (down to 130 mu m). The resulting 3D-printed thermocells exhibit excellent TE performance (3.5 mV K-1) and can be tailored to complex geometries. This conformal design extends the effective working ambient temperature range by 6.0 K and boosts output power to similar to 350% of that of an unmatched DHFG. Additionally, the microstructured DHFG demonstrates superior pressure sensitivity (0.35 kPa(-1)) within a low-pressure range (<1.0 kPa), at similar to 4.4 times higher than its unstructured counterparts. This approach optimizes thermal-energy utilization through geometric matching, simplifies assembly and paves the way for flexible thermocells with high TE performance, complex architectures and multifunctionality.",3D-printed deep-eutectic-solvent eutogel hydrogel thermocells,"DLP-printed eutogel networks enable shape-matched heat contact, improving thermal utilization, thermogalvanic output, and pressure sensitivity"
Integrated Hydrogel-Based Photothermoelectric Device for Energy Harvesting,ACS APPLIED MATERIALS & INTERFACES,10.1021/acsami.5c07204,2025,"Currently, thermoelectric generators are centered around harnessing the temperature difference between body heat and the environment for electricity generation. Nevertheless, in certain regions with year-round warm climates, the effective temperature difference (Delta T) is frequently markedly inadequate. Therefore, it is necessary to explore novel thermoelectric devices that are not driven by body heat. In this study, an integrated photothermoelectric (PTE) device was fabricated. This device consists of a cotton/PPy photothermal layer and a thermoelectric hydrogel, with [Fe(CN)6]3-/4- serving as a redox couple. The PTE device demonstrated remarkable stability, sustaining a consistent voltage output of 31.42 mV under the solar intensity of 150 mW cm-2. When four PTE devices were connected in series and integrated with a voltage amplifier, they exhibited the capacity to power small electronic devices under illumination. Intriguingly, the PTE devices also functioned as thermogalvanic units intrinsically. In the absence of light, they retained their electricity-generation ability by harnessing body heat. This research significantly broadens the application scope of gel-based thermoelectric materials and offers novel insights for the design of integrated PTE devices.",cotton/PPy photothermal layer with [Fe(CN)6]3-/4- thermoelectric hydrogel,solar photothermal heating creates temperature gradients for ferri/ferrocyanide thermogalvanic output; body heat powers dark operation
All-in-One Wearable Hydrogel Patch for Multimodal Visualized and Quantitative Heatstroke Monitoring,ACS SENSORS,10.1021/acssensors.5c04692,2026,"Heat-related illnesses, particularly heatstroke, pose serious risks to outdoor workers, athletes, and individuals with impaired thermoregulation. Existing monitoring strategies are limited by invasive measurements, reliance on external power sources, and lack of real-time multimodal feedback. Here, this study presents an all-in-one wearable patch that integrates a dual-functional self-powered thermogalvanic hydrogel with a selective electrochemical interface for intuitive visual feedback, dynamic temperature tracking, and durable sweat analysis. The hydrogel enables real-time thermochromic visualization and active thermoelectric sensing of body temperature, while an integrated electrochemical module allows continuous and selective detection of Na+ and K+ ions in sweat. The multiplexed physical-chemical health-monitoring patch provides a multimodal dual-stage evaluation of body temperature and sweat ion level toward improving metabolic status control and alerting individual to heatstroke risk, holding promise for developing personalized healthcare and a scalable route to proactive heatstroke prevention.",dual-functional thermochromic thermogalvanic hydrogel patch with electrochemical Na+/K+ sweat interface,"hydrogel couples temperature visualization and thermoelectric sensing, while selective electrochemical module tracks sweat ions for heatstroke monitoring"
Ultrathin Hydrogel e-Skin With High Resolution for Thermal and Tactile Haptics,IEEE SENSORS JOURNAL,10.1109/JSEN.2025.3578352,2025,"Electronic skin (e-skin) that can perceive thermal and tactile stimulus with high resolution enables intelligent robots a realistic haptic sensation. These e-skins usually achieve spatial perception through an array arrangement of multiple sensors. However, the resolution of most e-skins is limited to centimeter level due to the structural complexity and manufacturing difficulties. Herein, we proposed a hydrogel e-skin that realizes high-resolution spatial mapping of temperature and pressure by constructing an electrode array-thermogalvanic hydrogel (TG hydrogel)-electrode array sandwich structure. This hydrogel e-skin achieves temperature and pressure dual sensing through the thermogalvanic and piezoresistive effect of the redox couple in the horizontal and vertical directions, respectively. A reference electrode for temperature sensing is introduced in the horizontal direction, so that the temperature shift of the bottom electrode under external thermal stimulus will no longer affect the accuracy of thermal perception. The reduction in hydrogel thickness effectively eliminates crosstalk between pixels and achieves millimeter-level spatial resolution of both temperature and pressure. The dexterous robot hand covered by our hydrogel e-skin shows the ability of distinguishing the contact object by perceiving the external temperature and pressure distribution. Our work provides a new strategy for multifunctional e-skin with high resolution and may promote the development of human-machine interaction.",electrode-array/thermogalvanic hydrogel/electrode-array ultrathin e-skin with redox couple,horizontal thermogalvanic response maps temperature and vertical piezoresistive response maps pressure with reduced pixel crosstalk
Phase-Transitional Ionic Thermocells for the Enhanced Thermoelectric Efficiency,ACS APPLIED MATERIALS & INTERFACES,10.1021/acsami.5c04042,2025,"With advancement in soft and wearable electronics, the demand for efficient and adaptable power sources has increased significantly. Ionic thermoelectrics, which converts wasted low-grade heat (<100 degrees C) into electrical energy, is a promising alternative due to its low cost, eco-friendliness, and conformability. To achieve practical implementation of ionic thermocells, innovative strategies that enhance voltage and power generation must be developed. Here, we present an ionic thermogalvanic cell using an ionic liquid, 1-allyl-3-methylimidazolium chloride. The ionic liquid undergoes a phase transition from solid to liquid in cold and hot regions, significantly improving performance without requiring additional components or complex processing. Compared to a homogeneous liquid-state cell, the phase-transitional system exhibits a 2.2-fold increase in the Seebeck coefficient (from 1.79 to 3.89 mV/K), a 3.66-fold enhancement in the power output (from 4.3 to 15.9 nW), and 3.47-fold improvement in the figure of merit (from 0.15 to 0.52) under the same temperature difference of 20 degrees C. Furthermore, the improvement was consistently observed across various electrolytes that undergo phase transitions, confirming the broad applicability of this strategy. This approach provides valuable direction into the advancement of ionic thermoelectric cells for efficient energy harvesting from low-grade heat, paving the way for practical and scalable applications in sustainable energy technologies.",1-allyl-3-methylimidazolium chloride ionic-liquid thermogalvanic cell,"solid-liquid phase transition between cold and hot regions increases Seebeck coefficient, power output, and thermoelectric figure of merit"
A non-isothermal water formation cell for electrochemical heat recovery,CHEMICAL SCIENCE,10.1039/d5sc00892a,2025,"Low-grade heat harvesting has emerged as a promising strategy to recover waste heat into usable energy. However, most of the thermo-electrochemical approaches are limited to redox reactions involving metal ion complexes and halide species, which often exhibit low heat-to-electricity conversion efficiencies. We demonstrate a heat harvesting approach based on a non-redox reaction; water formation driven by a net-zero hydrogen redox process. Under standard conditions, its positive entropy change enables the interconversion of nearly 30% of surrounding heat into electrical energy, resulting in a thermodynamic efficiency greater than unity. This water formation-based galvanic-thermogalvanic device demonstrated a temperature-insensitive maximum power density as high as similar to 33.55 mW m-2 K-2. Notably, this figure of merit is similar to 70 times higher than the state-of-the-art ferrocyanide-ferricyanide-based thermogalvanic devices, thereby extending the scope of electrochemical heat harvesting beyond conventional redox processes.",non-isothermal water-formation galvanic-thermogalvanic cell using net-zero hydrogen redox process,positive entropy water formation converts surrounding heat to electricity beyond conventional metal/halide redox thermogalvanic limits
Experimental investigations on thermally induced energy storage characteristics of hydrogel thermo-electrochemical cells for low-grade heat recovery,ENERGY,10.1016/j.energy.2025.138779,2025,"Hydrogel thermo-electrochemical cells (also called thermocells or thermogalvanic cells) represent a novel heat-to-power technology driven by temperature difference for harvesting low-grade waste heat. Recently it has been found that hydrogel thermocells possess certain energy storage function with high energy storage density during the thermoelectric conversion process, indicating great potential for harvesting low-grade waste heat. However, the mechanisms behind their energy storage process remain unclear. Most existing studies focus only on materials, which restricts further exploration of their energy storage characteristics. To address this knowledge gap, we prepared typical hydrogel thermocells consisting of graphite electrodes and polyacrylamide (PAAm) hydrogel with K-3[Fe(CN)(6)]/K-4[Fe(CN)(6)] redox pair electrolytes. We then built a test bench to investigate the energy storage characteristics of hydrogel thermocells under various parametric conditions, including the effects of electrode temperature difference, electrode average temperature, shelving duration, redox pair ion concentration and hydrogel thickness. The above experiments indicate that the energy storage characteristic of hydrogel thermocells originate from the aggregation of ions near the two electrodes during thermoelectric conversion process, but charge storage is achieved by the gel structure to hinder the ion transport and concentration equilibrium after the removing of the temperature difference. The thermally induced energy storage performance is greatly affected by above parameters, for example, the areal capacitance and the energy storage coefficient both decreased by about 57.5 % when the temperature difference of the electrode increases from 10 degrees C similar to to 30 degrees C. This research provides guidance for designing and optimizing energy storage performance of hydrogel thermocells, filling an important void in the field.",PAAm hydrogel with K3[Fe(CN)6]/K4[Fe(CN)6] and graphite electrodes,"temperature gradient aggregates ions near electrodes; gel hinders ion equilibration after gradient removal, enabling thermally induced charge storage"
Liquid-flow thermocells with high hybrid entropy for low-grade heat harvesting,NANO ENERGY,10.1016/j.nanoen.2024.109992,2024,"Liquid-state thermocells (LITCs) have a promising for efficient low-grade waste heat harvesting. However, its practical application is restricted by low ionic thermopower and normalized maximum power density ( P max / Delta T 2 ) due to the limits of ionic reaction and transport processes. Here, we demonstrate a liquid-flow thermocell (LFTC) with giant thermoelectric performance by inducing hybrid entropy increasing. The LFTCs consists of a Y-shaped microchannel and the flowing equimolar oxidant/reductant electrolyte injected separately from the Y-shaped inlet, respectively. During mixing of oxidant and reductant in microchannel, it can induce the interaction of redox ions and surrounding solvation, and thus increase its entropy difference of solvation structure, synergistically enhancing the thermogalvanic effect and mass transfer of redox ions. This can effectively break through the limits of ionic reaction/transport dynamics and thermodynamics processes, and reach a giant ionic thermopower of-21.5 mV K-1 , which is 13 times larger than that of pristine LITCs. The high hybrid entropy change can boost the P max / Delta T 2 of LFTCs into the highest value of 16.5 mW m- 2 K-2 until now, much higher than the previous records of LITCs. LFTCs with cost effectiveness have a great potential to realize efficient heat-toelectricity conversion.",Y-shaped microchannel liquid-flow thermocell with separately injected equimolar oxidant/reductant electrolyte,"microchannel mixing induces redox-solvation interactions and hybrid entropy increase, enhancing thermogalvanic effect and mass transfer"
A novel concentrated photovoltaic and ionic thermocells hybrid system for full-spectrum solar cascade utilization,APPLIED ENERGY,10.1016/j.apenergy.2024.123033,2024,"Concentrated photovoltaic-thermoelectric generator (CPV-TEG) hybrid system can harvest the low-grade waste heat derived from photovoltaic cells to generate more electric energy. However, it is economically unfeasible due to the expensive cost of thermoelectric generators and higher photovoltaics temperature. Ionic thermocell based on thermogalvanic effect has a more inexpensive cost and ionic Seebeck coefficient of 1- 2 orders of magnitude higher than thermoelectric generators, which is promising for full-spectrum solar cascade utilization. In present work, a novel concentrated photovoltaic and ionic thermocells hybrid system (CPV-iTEC) is reported, aiming to comprehensively evaluate its feasibility. The ionic thermocell adhered directly to the photovoltaic panel consists the pi-type multi-channels, electrodes and p/n-type redox electrolytes flowing in multi-channels, which can simultaneously cool photovoltaic panel and output electric energy for waste heat harvesting. A threedimensional numerical model is proposed and validated by preliminary experiment to investigate the effects of structural and operating parameters on the performance of CPV-iTEC during energy, exergy and economic analyses. Results show that the optimal structural parameters of ionic thermocell are the 2 mm channel height and 1 mm width, showing a 7.18% higher energy efficiency than that of CPV-TEG at 10 concentration ratios. The presence of ionic thermocell can significantly decrease the photovoltaic panel temperature from 351.30 K to 325.14 K, and thus broaden the available concentration ratio from 1- 21 to 1- 39 compared with CPV-TEG, reaching a higher output power of 16.61 W. During the optimization of advanced redox electrolytes/electrodes, the energy efficiency can reach 49.63% at 21 concentration ratios, which is 5.06% higher than that of CPV-TEG, and show a 22.65% lower overall cost. The application of ionic thermocell in the full-spectrum solar cascade utilization of concentrated photovoltaic system is proved to be feasible with significant advantages of low cost, high performance, and flexible operation.","CPV-iTEC hybrid with pi-type multichannels, p/n redox electrolytes, and electrodes adhered to photovoltaic panel",ionic thermocell cools concentrated PV panel and harvests waste heat through high-Seebeck thermogalvanic electrolytes
Precipitation-Driven Thermoelectric Conversion and Energy Storage Integrated Device,ADVANCED ENERGY MATERIALS,10.1002/aenm.202502570,2025,"Thermoelectric devices have garnered significant interest but face limitations due to their reliance on external equipment and relatively low energy density for energy storage. This study introduces an innovative integrated device that achieves both the function of thermoelectric conversion and energy storage within a single unit through a precipitation-driven Thermogalvanic effect. Strikingly, both the thermoelectric (Pmax = 3.51 W m-2) and electrochemical (E = 459 J m-2, surpasses the reported highest value by 132%) performances are excellent. Furthermore, a large-area prototype module comprising 32 units manifests an open circuit voltage of 1.7 V and exhibits an energy density of 463.9 J m-2. This work provides an innovative and effective approach to the high-performance recycling system of thermoelectric conversion and energy storage integrated devices.",precipitation-driven thermogalvanic conversion and energy-storage integrated device,"temperature-dependent precipitation changes redox/species distribution, coupling thermogalvanic conversion with electrochemical energy storage"
Rational Design of Molybdenum Nitride Quantum Dot Engineered by Carbon Framework for Boosted Lithium-Ion Thermal Charging Cells,ADVANCED FUNCTIONAL MATERIALS,10.1002/adfm.202513969,2026,"Lithium-ion thermal charging cell, driven by ion migration and redox reaction, exhibits great potential for harvesting and storing electricity from thermal energy. Combining thermodiffusion and thermogalvanic effects could boost their thermopower, but with limited kinetics for heat-to-electric conversion due to the incompatibility between thermodynamical and electrochemical processes. Here, a facile strategy is demonstrated to fully activate the thermoelectrical behavior through simulation-guided electrode engineering, which is realized by incorporating battery-type molybdenum nitride quantum dot into carbon matrix. Benefitting to the well-developed 3D skeleton, abundant electroactive sites, and high conductivity, as-constructed device can achieve a giant thermopower of 53.6 mV K-1, normalized power density of 6.83 mW m-2 K-2, and good durability, which can meet the power demands of wearable sensors and small electronic devices. As a proof-of-concept, a flexible quasi-solid-state device integrating four units is developed for self-powered health-monitoring system by harvesting body heat in daily life. This work provides insights into the effective design of electrodes for high-performance ionic thermoelectrical systems and the development of multifunctional self-charging systems with sustainable operation.",molybdenum nitride quantum dots in carbon framework lithium-ion thermal charging cell,3D conductive carbon/Mo nitride quantum-dot electrode activates ion migration and redox kinetics for combined thermodiffusion/thermogalvanic thermal charging
Electrolyte Engineering of Quasi-Solid-State Thermocells for Low-Grade Heat Harvest at Sub-Zero Temperatures,ADVANCED ENERGY MATERIALS,10.1002/aenm.202402226,2024,"The pursuit of sustainable energy technologies has led to considerable interest in waste heat harvest from various energy sources. Thermocells (TECs), using the thermogalvanic effect, hold high potential in converting low-grade heat directly into electricity. Optimizing thermopower and ensuring adaptability in low or sub-zero temperature conditions are crucial for the advancement of next-generation TECs. To address these challenges, in this work, a composite hydrogel electrolyte incorporating ethylene glycol (EG) and Ti3C2Tx MXene nanosheets is rationally engineered. EG boosts thermopower by increasing solvation entropy change and concentration ratio difference of redox ions; it also prevents freezing by disrupting hydrogen bonds among water molecules. Meanwhile, hydrophilic MXene nanosheets facilitate gelation process, improve mechanical strength, and further bond to water molecules to enhance anti-freezing and moisture-retaining capabilities. The TECs fabricated on this composite hydrogel electrolyte exhibit a notably increased thermopower of 2.04 mV K-1 and can be continuously operated at sub-zero temperatures down to -40 degrees C. Electricity-generating TEC windows are further demonstrated to harvest all-day low-grade heat via utilizing the temperature difference between the indoor and the outdoor. This study proposes an electrolyte engineering strategy for long-lasting and reliable TECs that are suitable for low-grade heat harvesting in extreme low-temperature conditions. A composite hydrogel electrolyte is rationally engineered for thermocells to achieve multiple objectives: increasing thermopower, enhancing mechanical strength, and improving anti-freezing and moisture-retaining capabilities. The resulting thermocells exhibit a thermopower of over 2 mV K-1 and are capable of harvesting thermal energy at sub-zero temperatures as low as -40 degrees C. image",ethylene glycol/Ti3C2Tx MXene composite hydrogel thermocell electrolyte,EG increases redox solvation entropy and antifreezing ability; MXene reinforces gelation and water binding for subzero thermogalvanic operation
Wearable Device with High Thermoelectric Performance and Long-Lasting Usability Based on Gel-Thermocells for Body Heat Harvesting,SMALL,10.1002/smll.202401427,2024,"Utilizing the thermogalvanic effect, flexible thermoelectric materials present a compelling avenue for converting heat into electricity, especially in the context of wearable electronics. However, prolonged usage is hampered by the limitation imposed on the thermoelectric device's operational time due to the evaporation of moisture. Deep eutectic solvents (DESs) offer a promising solution for low-moisture gel fabrication. In this study, a bacterial cellulose (BC)/polyacrylic acid (PAA)/guanidinium chloride (GdmCl) gel is synthesized by incorporating BC into the DES. High-performance n-type and p-type thermocells (TECs) are developed by introducing Fe(ClO4)(2/3) and K3/4Fe(CN)(6), respectively. BC enhances the mechanical properties through the construction of an interpenetrating network structure. The coordination of carboxyl groups on PAA with Fe3+ and the crystallization induced by Gdm(+) with [Fe(CN)(6)](4-) remarkably improve the thermoelectric performance, achieving a Seebeck coefficient (S) of 2.4 mV K-1 and ion conductivity (sigma) of 1.4 S m(-1) for the n-type TEC, and -2.8 mV K-1 and 1.9 S m(-1) for the p-type TEC. A flexible wearable thermoelectric device is fabricated with a S of 82 mV K-1 and it maintains a stable output over one month. This research broadens the application scope of DESs in the thermoelectric field and offers promising strategies for long-lasting wearable energy solutions.",BC/PAA/guanidinium chloride deep-eutectic-solvent gel with Fe(ClO4)2/3 and K3/4Fe(CN)6 p/n thermocells,PAA-Fe3+ coordination and Gdm+-ferrocyanide crystallization improve n/p thermogalvanic performance while BC network prolongs usability
Thermoelectric Gel Enabling Self-Powered Facial Perception for Expression Recognition and Health Monitoring,ACS SENSORS,10.1021/acssensors.4c03099,2024,"By analyzing facial features to perform expression recognition and health monitoring, facial perception plays a pivotal role in noninvasive, real-time disease diagnosis and prevention. Current perception routes are limited by structural complexity and the necessity of a power supply, making timely and accurate monitoring difficult. Herein, a self-powered poly(vinyl alcohol)-gellan gum-glycerol thermogalvanic gel patch enabling facial perception is developed for monitoring emotions and atypical pathological states. Due to the high thermopower of 1.89 mV/K as well as excellent stretchability of 680%, the on-face-conformed thermoelectric gel can operate upon facial thermoelectric variation resulting from different interfacial contact statuses between the gel and face induced by facial muscle activities. With the aid of machine learning, the patch array delivers accurate perception of facial activities of 11 muscles in real time, achieving active expression recognition and health monitoring with the accuracy of 98 and 96%, respectively. This work provides a promising strategy of actively monitoring multisite physiological activities, advancing the development of intelligent wearable bioelectronics for physical or mental monitoring.",PVA-gellan gum-glycerol thermogalvanic gel facial patch,"facial muscle-induced interfacial contact changes alter thermoelectric variation from face heat, enabling self-powered expression and health recognition"
3D Hierarchical Electrodes Boosting Ultrahigh Power Output for Gelatin-KCl-FeCN4-/3- Ionic Thermoelectric Cells,ADVANCED ENERGY MATERIALS,10.1002/aenm.202103666,2022,"Ionic thermoelectric (i-TE) cells, using ions as energy carriers, have the advantage of achieving a high voltage of 1-5 V at approximately ambient temperature, showing a promise as a technology for powering Internet-of-Things (IoT) sensors. However, the low output power of i-TE cells restricts their applications. Here, a 3D hierarchical structure electrode is designed to enlarge the electroactive surface area, significantly increasing the thermogalvanic reaction sites and decreasing the interface charge transfer resistance. The quasi-solid-state gelatin-KCl-FeCN4-/3- i-TE cells achieve a record instantaneous output power density (8.9 mW m(-2) K-2) and an ultrahigh 2 h output energy density (E-2h) (80 J m(-2)) under an optimal temperature range. An average E-2h value of 59.4 J m(-2) is obtained over the course of a week of operation. A wearable device consisting of 24 i-TE cells can generate a high voltage of 2.8 V and an instantaneous output power of 68 mu W by harvesting body heat. A simple and easy-to-operate electrode optimization strategy is provided here to increase the long-term output power performance of i-TE cells. This work represents a promising approach to develop reliable and green power sources for IoT sensors near room temperature.",gelatin-KCl-FeCN4-/3- ionic thermoelectric cells with 3D hierarchical electrodes,hierarchical electrodes enlarge thermogalvanic reaction area and reduce charge-transfer resistance for high body-heat power output
"Ionic thermoelectrics based on Poly(3,4-ethylenedioxythiophene):Poly(styrenesulfonate): A mini-review",SYNTHETIC METALS,10.1016/j.synthmet.2026.118182,2026,"Ionic thermoelectric (iTE) materials facilitate the efficient conversion of low-grade heat into electrical energy through ion diffusion, typically exhibiting Seebeck coefficients several orders of magnitude higher than conventional electronic thermoelectric materials. Among various iTE candidates, the mixed ionic-electronic conductor poly(3,4-ethylenedioxythiophene):poly(styrenesulfonate) (PEDOT:PSS) has emerged as a prominent material for flexible thermal energy harvesting applications. This mini-review provides an overview of recent advancements in PEDOT:PSS-based iTE materials and devices. Initially, we compared the thermodiffusion and thermogalvanic mechanisms responsible for ionic thermopower generation. A systematic analysis is presented for both p-type and n-type PEDOT:PSS-based ionic thermoelectric materials. In addition, recent advances in device implementations are highlighted, including thermocapacitive sensors, wearable energy harvesters, and thermogalvanic systems. Key factors affecting performance such as humidity, doping level, morphological characteristics are thoroughly examined, while persistent challenges in stability and scalability are critically assessed. In particular, hybrid ionic-electronic designs are highlighted as a promising strategy to enable continuous power output. Overall, PEDOT:PSS is identified as a viable platform for sustainable and flexible thermoelectric energy harvesting.",PEDOT:PSS-based ionic thermoelectric materials/devices,"review compares thermodiffusion and thermogalvanic mechanisms; humidity, doping, morphology, and hybrid ionic-electronic transport govern performance"
Multiple redox system for energy harvesting from ubiquitous temperature fluctuations,CHEMICAL ENGINEERING JOURNAL,10.1016/j.cej.2026.177202,2026,"Thermogalvanic cells, which convert heat to electricity, typically require complex thermal and electrical designs to maintain a sufficient spatial temperature difference with low electrical impedance, thereby limiting their practical applications. Herein, we present a multiple redox system (MRS) designed to harvest energy from ubiquitous temporal temperature fluctuations rather than fixed thermal gradients. The MRS employs two thermogalvanic half cells containing an electrolyte composed of a redox pair with reaction entropies of opposite signs, separated by a cation-selective membrane. Cyclic voltammetry and open-circuit voltage measurements demonstrated the fundamental principle of this device, confirming that the electromotive force generated (with a temperature coefficient of similar to 1.2 mV K-1) was consistent with the difference in the temperature-dependent redox potential of each half cell (similar to 1.4 mV K-1), with the base temperature located near room temperature. Loading experiments revealed the repeated generation of an alternating current power under cyclic temperature modulations above and below a central base temperature at which the redox potentials of the half cells were identical. Enhanced energy conversion efficiency, with a cumulative energy output of 3.9 mJ from a total temperature-change history of 60 K, was achieved by reducing the electrode gap and modularizing several MRS devices. As a proof-of-concept, the MRS was successfully used to convert ambient air-temperature changes into sufficient electrical energy and activate a direct current (DC)-to-DC converter. Our device-engineering investigations highlight the potential applicability of the MRS beyond a single thermogalvanic cell, with downscaling of the device size leading to marked improvements in power and response speed by suppressing the impedance and heat capacity. This study contributes to the realization of clean, ubiquitous, and self-sustaining power supply systems utilizing ambient thermal energy.","multiple redox system with two thermogalvanic half-cells, opposite-entropy redox pairs, and cation-selective membrane",temporal temperature fluctuations create alternating electromotive force from opposing temperature-dependent redox potentials
Engineering asymmetric solvation structures for synergistically boosted quasi-solid thermocells,CHEMICAL SCIENCE,10.1039/d6sc03942a,2026,"Quasi solid-state thermocells (QTECs) based on the thermogalvanic effect offer a promising route for directly converting abundant low-grade heat into electricity. Introducing a single solvent into hydrogel electrolytes, a common strategy to enhance thermopower, often yields a marginal solvation entropy difference between redox ions and provides limited gains in ion transport. To break this longstanding trade-off, we present a simple yet highly effective co-solvent strategy that employs trimethyl phosphate and ethylene glycol to construct hybrid hydrogel electrolytes. This approach synergistically enlarges solvation entropy differences of redox ions, amplifies the concentration gradient across the thermocell, and enhances redox ion transport through the hydrogel network. The resulting hydrogel electrolyte achieves superior thermoelectrochemical performance and demonstrates efficient harvesting of low-grade heat even at sub-zero temperatures. Advanced characterization techniques, integrated with molecular simulations, elucidate that the enhanced thermoelectrochemical performance originates from co-solvent engineered asymmetric solvation structures. This work demonstrates targeted, additive-free modulation of the solvation environment in thermogalvanic hydrogels as a practical strategy to significantly enhance thermoelectrochemical performance.",hydrogel thermocell electrolyte with trimethyl phosphate and ethylene glycol co-solvents,"co-solvent-engineered asymmetric solvation enlarges redox entropy difference, concentration gradient, and ion transport through hydrogel network"
Heat-Triggered Self-Powered Thermal Cells for Autonomous Fire Sensing and Emergency Power Generation,ACS APPLIED MATERIALS & INTERFACES,10.1021/acsami.6c01028,2026,"Fire safety in enclosed spaces is frequently compromised by power failures, creating an urgent need for self-powered monitoring systems. However, designing devices that simultaneously achieve high detection sensitivity and sufficient power drive remains a formidable challenge. Here, this work proposes an asymmetric thermal cell (ATC) that utilizes high-entropy-change driven mechanism and strategically designed redox couples of the FeCl3/K4[Fe(CN)6] with opposite temperature coefficient. This design synergistically amplifies the output voltage by combination of the thermogalvanic effect and electrochemical potential. Crucially, this mechanism enables a single ATC to achieve 0.71 V (with a similar to 33% thermal contribution at 90 degrees C) and sustain high-current discharge at 70-90 degrees C without a spatial temperature gradient, making it ideal for fire scenarios with nearly spatially uniform temperature across the device. Accordingly, the ATC delivering a high temperature coefficient of 2.8 mV/K, a peak power density of 11.34 W/m2, and a high specific energy density of 87.7 mAh/g. A prototype of five series-connected ATC units successfully generated a stable 3.15 V output under simulated fire conditions, powering both an LED escape indicator and a wireless smoke alarm. This work offers a feasible way toward self-powered, heat-triggered emergency evacuation system that operate independently of external power grids.",asymmetric thermal cell with FeCl3/K4[Fe(CN)6] opposite-temperature-coefficient redox couples,thermogalvanic effect plus electrochemical potential from high-entropy redox design generates heat-triggered voltage without spatial gradient
Enhanced thermoelectric response of liquid electrolytes confined in graphene oxide nanochannel membranes,INTERNATIONAL COMMUNICATIONS IN HEAT AND MASS TRANSFER,10.1016/j.icheatmasstransfer.2026.111281,2026,"Nanoconfinement of liquid electrolytes has been shown to exhibit an enhanced ionic Seebeck coefficient compared with bulk systems. However, experimental understanding of the underlying mechanisms remains limited, particularly for electrolytes confined within sub-nanometer nanochannels reconstructed from twodimensional (2D) layered materials. In this study, we experimentally and numerically investigate the thermoelectric response of both monovalent and multivalent liquid electrolytes in graphene oxide (GO) nanochannel membranes, using KCl as a representative system, to elucidate the governing mechanisms. An ionic Seebeck coefficient exceeding -1.2 mV/K is achieved in GO nanochannels integrated with Ag/AgCl electrodes. By isolating the thermogalvanic contribution of the electrodes, the results reveal that the observed ionic Seebeck coefficient of GO nanochannels is governed by a competition between Soret-type ion thermodiffusion and ion diffusion driven by temperature-dependent ion electrophoretic mobility (TDIEM). In the low-concentration regime, where the electrical double layer (EDL) overlap becomes significant, the TDIEM effect dominates, leading to a large negative ionic Seebeck coefficient. Continuum-based numerical simulations show qualitative agreement with experimental trends. The ionic Seebeck coefficient increases with decreasing electrolyte concentration and increasing temperature difference, accompanied by enhanced surface charge density, and reaches a maximum value of -0.400 +/- 0.038 mV/K at a KCl concentration of 0.1 mM under a temperature difference of 24 K. Moreover, monovalent electrolytes exhibit higher ionic Seebeck coefficients than multivalent electrolytes due to their higher cation mobility and lower ionic heat of transport. These findings provide new insights into nanoconfinement-enhanced ionic thermoelectricity and support the development of nanofluidic-based thermoelectric generators for low-grade heat recovery.",graphene oxide nanochannel membranes with KCl and Ag/AgCl electrodes,nanoconfinement enhances ionic thermopower through competition between Soret thermodiffusion and temperature-dependent ion electrophoretic mobility
Thermal potential induced redox reaction enabled ionic thermoelectric generator,NANO ENERGY,10.1016/j.nanoen.2025.111648,2026,"We report an ionic thermoelectric generator (iTEG) capable of delivering continuous power and large thermal voltages under a temperature gradient. Unlike conventional thermogalvanic cells, the current in our system arises from a reversible redox reaction driven by ionic thermodiffusion-induced thermal potentials. By systematically studying electrolytes with varying thermoelectric properties, we identified that self-assembled polyethylene glycol (PEG) clusters, stabilized by alkoxide end groups, are key to enable the output current. The iTEG achieved a maximum power density of 4.2 mW m-2 with an output voltage of 100 mV under a 20 K temperature difference. These findings establish a new design principle for ionic thermoelectric devices and provide insights into charge transfer process and redox reactions at electrode interfaces, with implications for energy technologies such as ion batteries and related electrochemical systems.",ionic thermoelectric generator with PEG clusters stabilized by alkoxide end groups,"ionic thermodiffusion-induced thermal potentials drive reversible redox reactions at electrode interfaces, enabling continuous current"
Gutmann Donor Theory-Guided Design of Mononuclear Ionic Cluster for Exceptional N-Type Thermoelectric Ionogel,ADVANCED SCIENCE,10.1002/advs.202520143,2026,"Quasi-solid-state, ionic liquid-based thermogalvanic gels offer a significant solution for designing ultrasensitive ionic thermopiles due to their exceptional thermopower, superior thermal stability, and high flexibility. Constructing ternary ionogels through ionic doping-induced ionic aggregates and modulation of ionic transport heat have been proved to be an effective strategy for achieving further enhancement of ionic thermopower. However, the theoretical basis and systematic optimization of ion-selective doping have not been effectively verified. This study, grounded in the Gutmann donor theory for anion doping, demonstrates four universal configurations of structural reconfiguration in anion/cation clusters within ternary ionogels to progressively enhance anionic transport heat. At 80% relative humidity, this approach achieves a remarkably high negative thermopower of -25.85 mV K-1 and a high ionic conductivity of 3.21 mS cm-1. Furthermore, this work synergistically complements the Gutmann donor anion-doping strategy by tailoring the structure of the polyacrylate elastomer matrix and the type of cationic dopant. Ultimately, a wearable device prototype integrating 10 n-type ion thermoelectric capacitors is demonastrated. This device yields a thermally responsive voltage of 0.774 V (Delta T = 3K), demonstrating promise for designing high-thermopower ionic thermopiles and harvesting low-grade thermal energy.","ternary ionic-liquid ionogels with anion/cation clusters, polyacrylate elastomer, and cation dopants",Gutmann-donor-guided anion doping reconfigures ionic clusters and increases anionic transport heat for high n-type thermopower
Solar-driven watersteam/brine production and brine-driven electricity generation by photothermal fabric coupled with osmotic membrane,NANO ENERGY,10.1016/j.nanoen.2023.108844,2023,"The combination of solar-driven seawater evaporation and electricity generation has received increasing attention, and the traditional routes are based on the combination of the evaporator with thermogalvanic cells, thermoelectric or hydrovoltaic modules. But these combinations are relatively complex, and solid salt will crystallize during long-term seawater evaporation, limiting their practical applications. To solve the above problems, herein we have proposed a new kind of evaporation/electricity generation device by combining the photothermal fabric hanging-model evaporator and osmotic membrane-based generator. As a model of photothermal fabric, cotton fabric has been dyed with Chinese ink, and then the cotton-carbon fabric has high hydrophilicity and excellent photoabsorption efficiency (97.1%). Subsequently, the cotton-carbon fabric is set in an arc-shaped design between two seawater tanks for the construction of the hanging-model evaporator. Under the illumination of one sun, the evaporation rate of the hanging-model evaporator is as high as 1.94 kg m- 2 h-1 without solid-salt accumulation, and the high-concentration brine (Na+ concentration: 1.07 x105 mg L-1) can drip from the fabric bottom, realizing solar-driven watersteam and brine production with standing stability. Simultaneously, the brine is separated from the original seawater by a commercial cation exchange membrane, and two Ag/AgCl electrodes are used to construct an osmotic generator. It shows a high open voltage of 52 mV and the highest output power density of 116.52 mW m- 2. Therefore, the present integration of the hangingmodel evaporator and osmotic generator establishes a new path to continuously produce watersteam and brine under the sun and then to confer brine-driven electricity generation.",cotton-carbon photothermal fabric hanging evaporator with cation-exchange membrane and Ag/AgCl osmotic generator,"solar evaporation concentrates brine, and salinity gradient across membrane produces electricity via osmotic ion transport"
Wearable Thermocells Based on Gel Electrolytes for the Utilization of Body Heat,ANGEWANDTE CHEMIE-INTERNATIONAL EDITION,10.1002/anie.201606314,2016,"Converting body heat into electricity is a promising strategy for supplying power to wearable electronics. To avoid the limitations of traditional solid-state thermoelectric materials, such as frangibility and complex fabrication processes, we fabricated two types of thermogalvanic gel electrolytes with positive and negative thermo-electrochemical Seebeck coefficients, respectively, which correspond to the n-type and p-type elements of a conventional thermoelectric generator. Such gel electrolytes exhibit not only moderate thermoelectric performance but also good mechanical properties. Based on these electrolytes, a flexible and wearable thermocell was designed with an output voltage approaching 1 V by utilizing body heat. This work may offer a new train of thought for the development of self-powered wearable systems by harvesting low-grade body heat.",positive and negative thermogalvanic gel electrolytes for wearable thermocells,p/n gel electrolytes with opposite thermo-electrochemical Seebeck coefficients connect in series to harvest body heat
High-thermopower polarized electrolytes enabled by methylcellulose for low-grade heat harvesting,SCIENCE ADVANCES,10.1126/sciadv.abl5318,2022,"Low-grade heat exists ubiquitously in the environment. Thermogalvanic cells (TGCs) are promising for converting the widespread low-grade heat directly into electricity owing to relatively high thermopowers of redox reactions. This work reports polarized electrolytes with ultrahigh thermopowers of -8.18 mV K-1 for n-type and 9.62 mV K-1 for p-type. The electrolyte consists of I-/I3- redox couple, methylcellulose, and KCl. Thermoresponsive methylcellulose leads to polarization switching from n-type to p-type above a transition temperature due to the strong hydrophobic interaction between methylcellulose and I3- ions. The giant thermopowers can be attributed to the simultaneously enhanced entropy change and concentration difference of redox couple enabled by the gelation of methylcellulose and KCl-induced complexation. The p-type TGC with the optimized electrolyte achieves a normalized maximum power density of 0.36 mW m(-2) K-2, which is far superior to other reported I-/I(3-)based TGCs. This work demonstrates cost-effective, high-thermopower polarized electrolytes for low-grade heat harvesting.",I-/I3- redox electrolyte with methylcellulose and KCl,thermoresponsive methylcellulose hydrophobic interaction with I3- switches polarization; gelation and KCl complexation enhance redox entropy/concentration difference
Flexible hydrogel with a coupling enhanced thermoelectric effect for low-grade heat harvest,MATERIALS TODAY SUSTAINABILITY,10.1016/j.mtsust.2022.100293,2023,"Harvesting abundant and ubiquitous low-grade thermal energy and simultaneously converting it into electrical energy hold the potential of solving the existing energy crisis. Advances in thermoelectric materials now allow thermoelectric ionogel electrolyte to enhance the energy conversion and storage capacities under a thermal gradient. Here, we report an ionic thermoelectric (i-TE) material based on polyacrylamide (PAM) carboxymethyl cellulose (CMC) double network gel substrate with flexible and high thermal-electrical conversion properties. By combining the thermodiffusion effect of lithium sulfate (Li2SO4) ions and the thermogalvanic effect of [Fe(CN)64-/Fe(CN)63-], which achieved a coupled ionic Seebeck effect of up to 11.58 mV/K, exhibiting a high ionic conductivity (18.4 mS cm-1) and low thermal conductivity (0.47 W m-1/K), resulting in a high ionic power factor (198.2 mW m-1K-2) at room tem-perature. It exhibited an excellent tensile property (634%) and adhesion, and avoids electrolyte leakage to a large extent. Moreover, the application in ionic capacitors also demonstrates the superior thermo-electric conversion capability of i-TE gels. We believe that i-TE materials will pave a new pathway for low-grade thermal harvesting and self-driven flexible wearable electronics.(c) 2022 Elsevier Ltd. All rights reserved.",PAM/CMC double-network gel with Li2SO4 and [Fe(CN)6]4-/3-,Li2SO4 thermodiffusion and ferri/ferrocyanide thermogalvanic redox couple to produce high ionic Seebeck effect
"Modular Deformable Steam Electricity Cogeneration System with Photothermal, Water, and Electrochemical Tunable Multilayers",ADVANCED FUNCTIONAL MATERIALS,10.1002/adfm.202002867,2020,"Capturing solar energy for thermal conversion in a highly efficient manner for steam-electricity cogeneration is particularly opportune in the context of optimal solar energy utilization for concurrent water-energy harvesting. Herein, an integrative photothermal evaporator/thermogalvanic cell with the desired optical, heat, water, and electrochemical management for synergistic steam-electricity production is reported. Versatile layer by-layer assembly is employed to integrate a hydrogel/metal-oxide/polymer into a multilayer film with individually addressable thickness, composition, and structure. As such, the ultimate integrative multilayer film cell demonstrates a unified high surface area and conductive electrodes, broadband absorption, rapid water suction-ion exchange, and thermal insulation properties. Thus, the designed cell immensely suppresses heat losses, achieving a high solar thermal conversion efficiency of 91.4% and maximum power outputs of approximate to 1.6 mW m(-2). Additionally, the self-floating, deformable, modular integral device presents appealing attributes such as salt-rejection for viable seawater desalination, high mechanical stability, and resilience to demanding operating conditions, and configurable on-demand/point-of-use tandem structure to maximize clean water and power generation value per area. This integrated strategy may provide prospective opportunities to reduce dependence on fossil fuels and freshwater inputs and solutions for renewable and decentralized clean water and electricity.",hydrogel/metal-oxide/polymer multilayer photothermal evaporator/thermogalvanic cell,"multilayer optical, water, thermal, and electrochemical management suppresses heat loss and couples solar steam generation with thermogalvanic power"
Stretchable and Freeze-Tolerant Organohydrogel Thermocells with Enhanced Thermoelectric Performance Continually Working at Subzero Temperatures,ADVANCED FUNCTIONAL MATERIALS,10.1002/adfm.202104071,2021,"Aqueous thermocells that are eco-friendly and capable of converting low-grade heat into electricity continuously are promising candidates to power flexible and wearable devices in various application scenarios. However, challenges remain in their limited working temperatures, mechanical fragility, and poor thermoelectric performance, mainly due to the reduced entropy of both polymer chains and thermogalvanic ions at low temperatures. In this work, the challenges are addressed by introducing a synergistic chaotropic effect to destruct strong hydrogen bonds, increase polymers' entropic elasticity, and enlarge the entropy difference of thermogalvanic ions. An organohydrogel thermocell is designed with a chaotropic comonomer and a chaotropic cosolvent. The maximum normalized power density of the thermocell achieves 0.1 mW m(-2) K-2, which is in the same order of magnitude as the highest record in current quasi-solid thermocells. Even at -30 degrees C, the thermocell maintains the elongation at a break of more than 100% and a relatively high power density of 0.012 mW m(-2) K-2. Furthermore, the thermocell shows the potential to light up a light-emitting diode and stably works when compressed, bent, and stretched in a wide temperature range. This work provides insights on developing reliable power sources to drive flexible electronics continually in extremely cold environments.",organohydrogel thermocell with chaotropic comonomer and chaotropic cosolvent,"chaotropic effect disrupts hydrogen bonding, increases polymer entropy elasticity, and enlarges entropy difference of thermogalvanic ions at subzero temperatures"
Effect of solvation shell structure on thermopower of liquid redox pairs,ECOMAT,10.1002/eom2.12385,2023,"Developing redox electrolytes with high thermopower is the key to making efficient thermogalvanic batteries for harvesting low-grade heat. This work applies molecular dynamics simulations to predict the thermopower (i.e. thermogalvanic temperature coefficient) a of the redox pairs Fe(CN)(6)(3-)/ Fe(CN)(6)(4-) and Fe3+/Fe2+, showing excellent agreement with experimental values. We showed that a of the Fe3+/Fe2+ redox pair can be increased from 1.7 +/- 0.4 mV/K to 3.8 +/- 0.5 mV/K with the increased acetone to water fraction. We discovered a significant change in the variance of solvent dipole orientation between Fe3+ and Fe2+, which can serve as a microscopic indicator for large a. In mixed acetone-water solvent, a of Fe3+/Fe2+ showed a rapid increase at high acetone fractions, due to the intercalation of acetone molecules into the first solvation shell of the Fe2+ at high acetone fractions. Our discovery provides insights into how solvation shell order can be engineered to develop electrolytes with high a.",Fe(CN)6 3-/4- and Fe3+/Fe2+ liquid redox pairs in water/acetone solvents,"acetone-rich solvation shells alter solvent dipole-orientation disorder around Fe ions, increasing redox thermopower"
An electrochemical system for efficiently harvesting low-grade heat energy,NATURE COMMUNICATIONS,10.1038/ncomms4942,2014,"Efficient and low-cost thermal energy-harvesting systems are needed to utilize the tremendous low-grade heat sources. Although thermoelectric devices are attractive, its efficiency is limited by the relatively low figure-of-merit and low-temperature differential. An alternative approach is to explore thermodynamic cycles. Thermogalvanic effect, the dependence of electrode potential on temperature, can construct such cycles. In one cycle, an electrochemical cell is charged at a temperature and then discharged at a different temperature with higher cell voltage, thereby converting heat to electricity. Here we report an electrochemical system using a copper hexacyanoferrate cathode and a Cu/Cu2+ anode to convert heat into electricity. The electrode materials have low polarization, high charge capacity, moderate temperature coefficients and low specific heat. These features lead to a high heat-to-electricity energy conversion efficiency of 5.7% when cycled between 10 and 60 degrees C, opening a promising way to utilize low-grade heat.",copper hexacyanoferrate cathode and Cu/Cu2+ anode electrochemical thermal cycle,cell charges/discharges at different temperatures using thermogalvanic potential shifts to convert low-grade heat into electricity
Anti-Fatigue and Highly Conductive Thermocells for Continuous Electricity Generation,ADVANCED FUNCTIONAL MATERIALS,10.1002/adfm.202201021,2022,"The integration of wearable technologies with the human body requires power supplies that are mechanically compatible and able to continuously generate electricity like biological systems. Distinct from existing batteries relying on periodic recharging, thermocells added with thermogalvanic ions are a promising candidate because they enable continuous electricity generation through redox reactions driven by ubiquitous waste heat. However, challenges remain in mechanical adaptability, fatigue resistance, and ion conduction, severely limiting thermocells' sustainability and lifespan in practical applications. Herein, bionic mechanical training is applied to develop anti-fatigue and highly conductive thermocells with hierarchical fibrils and aligned nanochannels. It achieves simultaneous enhancements in mechanical performance and output power density. Compared with existing quasi-solid thermocells with disordered nano-networks, there are approximate to 1790-fold and 5-fold increases in the mechanical toughness and ionic conductivity, respectively. The stretchability can accommodate the human body's deformation, and the power density is comparable to that of state-of-the-art quasi-solid thermocells. Moreover, this is the first demonstration of an anti-fatigue thermocell with a threshold of 2500 J m(-2), which is comparable to that of natural muscles and enables it to take full advantage of the continuous energy conversion mode.","mechanically trained thermocells with hierarchical fibrils, aligned nanochannels, and thermogalvanic ions","bionic training aligns ion channels and toughens network, raising ionic conductivity, fatigue resistance, and continuous thermogalvanic output"
Self-assembled aerogel sheet electrodes of thermocells for low-grade heat harvest,SCIENCE CHINA-CHEMISTRY,10.1007/s11426-023-1912-8,2024,"Efficiently harvesting low-grade heat is crucial for sustainable energy management. Thermocells (TECs), inducing heat-to-electricity conversion via the thermogalvanic effect, have thus drawn tremendous attention in recent years. This study introduces a self-assembly approach for fabricating aerogel sheet electrodes (ASEs) tailored for TECs. The crafted ASEs retain a remarkable porous architecture with approximately 95% porosity, even with their slimmed-down thickness. Results reveal that the electrode composition has minimal influence on the thermopower of TECs. Notably, the porous ASE with tunned composition demonstrates an optimal effective surface area for the thermogalvanic effect, resulting in enhanced output current density. This balances the desirable traits of electrode compactness with abundant redox active sites, positioning it favorably against conventional bulky electrode designs. The TECs utilizing the optimized ASE achieve a peak output power of 22.10 mu W cm-2 under a temperature difference of 30 K. Furthermore, a tubular TEC device is readily assembled and specially designed for harvesting heat energy from hot fluids. These findings underscore the potential of composite electrodes in the realm of low-grade heat harvest, paving the way for broader applications in sustainable energy solutions.",self-assembled porous aerogel sheet electrodes for thermocells,thin porous aerogel electrodes balance compactness and redox-active surface area to increase thermogalvanic output current
Nanostructured and porous antimony-doped tin oxide as electrode material for the heat-to-electricity energy conversion in thermo-electrochemical cells,ELECTROCHEMISTRY COMMUNICATIONS,10.1016/j.elecom.2024.107683,2024,"Thermo-electrochemical cells (or thermogalvanic cells or thermocells, TECs) have gained attention as devices able to convert low temperature heat into electricity. Within TECs, Pt is one of the most employed electrodes, since it exhibits a fast transfer of electrons with the redox couple in the electrolyte. However, its high price represents a serious drawback. Here, we analyze the use of nanostructured and porous antimony-doped tin oxide (Sb:SnO2) as electrode material. Electrodes of different thickness (320, 550 and 1550 nm) were fabricated by spin coating to study the effect of the electrode area in contact with the electrolyte. F:SnO2 (FTO) glass was used as a substrate and the typical 0.4 M potassium ferro/ferricyanide aqueous solution served as electrolyte. An impedance spectroscopy analysis under operating conditions (10 K temperature difference) showed that the Sb: SnO2 electrodes exhibit the same excellent kinetics as Pt for all the different thickness. On the other hand, the power output density was thickness independent, since the temperature coefficients and the series and masstransport resistances were similar, leading to no performance improvements when the electrode area in contact with the electrolyte was significantly increased. Finally, the Carnot-related efficiencies estimated for the Sb: SnO2 cells were in the same order of magnitude as for Pt electrodes. These results open the possibility to use Sb: SnO2 as a suitable electrode in TECs at low cost.",nanostructured porous Sb-doped SnO2 electrodes on FTO with potassium ferro/ferricyanide electrolyte,Sb:SnO2 provides Pt-like electron-transfer kinetics for ferri/ferrocyanide thermocells at lower electrode cost
Exploring Pyrazine-Based Organic Redox Couples for Enhanced Thermoelectric Performance in Wearable Energy Harvesters,SMALL,10.1002/smll.202407622,2025,"Thermoelectric generators (TEGs) based on thermogalvanic cells can convert low-temperature waste heat into electricity. Organic redox couples are well-suited for wearable devices due to their nontoxicity and the potential to enhance the ionic Seebeck coefficient through functional-group modifications. Pyrazine-based organic redox couples with different functional groups is comparatively analyzed through cyclic voltammetry under varying temperatures. The results reveal substantial differences in entropy changes with temperature and highlight 2,5-pyrazinedicarboxylic acid dihydrate (PDCA) as the optimal candidate. How the functional groups of the pyrazine compounds impact the ionic Seebeck coefficient is examined, by calculating the electrostatic potential based on density functional theory. To evaluate the thermoelectric properties, PDCA is integrated in different concentrations into a double-network hydrogel comprising poly(vinyl alcohol) and polyacrylamide. The resulting champion device exhibits an impressive ionic Seebeck coefficient (Si) of 2.99 mV K-1, with ionic and thermal conductivities of approximate to 67.6 mu S cm-1 and approximate to 0.49 W m-1 K-1, respectively. Finally, a TEG is constructed by connecting 36 pieces of 20 x 10-3 m PDCA-soaked hydrogel in series. It achieves a maximum power output of approximate to 0.28 mu W under a temperature gradient of 28.3 degrees C and can power a small light-emitting diode. These findings highlight the significant potential of TEGs for wearable devices. Four types of pyrazine-based organic redox couples are compared, and the best-performing one, 2,5-pyrazinedicarboxylic acid dihydrate (PDCA), is subsequently incorporated into a poly(vinyl alcohol)/ polyacrylamide hydrogel at varying concentrations to evaluate its thermoelectric properties. To demonstrate practical applications, nine pieces of the 20 x 10-3 m PDCA-soaked hydrogel are connected in series to form a thermoelectric generator (TEG), showcasing its potential for wearable power generation. image","pyrazine organic redox couples, especially 2,5-pyrazinedicarboxylic acid dihydrate in PVA/PAAm hydrogel",pyrazine functional groups tune redox entropy; PDCA hydrogel delivers high ionic Seebeck coefficient for wearable TEGs
Numerical study on heat and ion transport characteristics enables optimal design of aqueous thermocells for low-grade heat recovery,APPLIED THERMAL ENGINEERING,10.1016/j.applthermaleng.2024.124970,2025,"As a cutting-edge heat-to-electricity technology, thermogalvanic cells (thermocells) have great prospects in lowgrade heat recovery due to its high Seebeck coefficient (Se), high scalability and low cost. Most of previous studies about aqueous thermocells have been focused on the overall performance by experimentally exploring advanced electrode and electrolyte materials, while very few simulation studies were reported before, leading to the unclear mechanisms of heat and ion transport inside the thermocell. In view of these challenges, this study aims to reveal the heat and ion transport characteristics of aqueous thermocells under various critical operating parameters, providing theoretical guidelines for further design and optimization of aqueous thermocells with fixed electrode and electrolyte materials. Firstly, a multi-physical model considering the diffusion, migration and convection was established and validated. Then, the effects of hot electrode temperature, electrode spacing and electrode orientation were evaluated on the thermocell performance from the aspects of distributions of multi- physical fields, overpotentials and overall performance. Finally, a prototype aqueous thermocell was proposed based on the understandings of restrictions associated with these operating parameters. Results indicated that each operating parameter can attribute to the variation of natural convection from the intensity and forms, and then affected the ion transport flux and overpotentials, and thus determined the power density of thermocells. These findings prompted the design and optimization of new aqueous thermocells, and the proposed prototype thermocell delivered the maximum power density of 0.43 W/m2, which was 115 % higher than that of the basic rectangular thermocell.","aqueous thermocells modeled with diffusion, migration, convection, hot electrode temperature, spacing, and orientation","operating parameters alter natural convection, ion transport flux, and overpotentials, determining power density"
Ultra-stretchable hydrogel thermocouples for intelligent wearables,SCIENCE CHINA-MATERIALS,10.1007/s40843-022-2300-3,2023,"Stretchable temperature sensors are necessary to enable tactile interaction and thermoregulation in the human body and soft robots. These sensors should be conformably adhered to a deformable surface and maintain temperature perception accuracy when stretched. However, current mainstream stretchable temperature sensors based on thermistors suffer from inherently unstable sensing during stretching due to the mutual interference of resistance changes caused by temperature and mechanical deformations. Herein, we propose an ultra-stretchable hydrogel thermocouple that provides unaltered temperature sensing upon stretching. The ultra-stretchability of this thermocouple is achieved by constructing thermogalvanic hydrogels with dynamic crosslinked double networks. By connecting P-type and N-type thermogalvanic hydrogels, the thermocouple exhibits a high equivalent See-beck coefficient of 1.93 mV K-1 and a stable sensitivity even under a 100% tensile strain. The advantage of this ultra-stretchable thermocouple is demonstrated in a smart glove prototype, which enables haptic feedback. Our work provides a new strategy for stretchable temperature sensors and may promote the development of intelligent wearables.",p-type and n-type dynamic-crosslinked thermogalvanic hydrogels in stretchable hydrogel thermocouple,"P/N thermogalvanic hydrogels maintain Seebeck sensitivity under strain, decoupling temperature sensing from stretching"
Photo-thermo-electric hydrogel with interlocking photothermal layer and hydrogel for enhancement of thermopower generation,ECOMAT,10.1002/eom2.12428,2024,"Photothermal devices and thermoelectric cells hold great promise for energy generation but integration of the two remains a considerable challenge in real-life power supply for sensors. Here, a novel photo-thermo-electric hydrogel (PTEH-Interlocking) was constructed by the synthesis of a photothermal layer on a thermoelectric hydrogel with the redox pair Fe(CN)63-/Fe(CN)64-. The smart design of using the oxidation of pyrogallic acid by Fe(CN)63- to construct the photothermal layer for photo-to-heat conversion protected the redox couple of the thermogalvanic ion pair from ultraviolet damage, as well as triggered the formation of an interlocking structure at the interface of the photothermal layer and the thermoelectric hydrogel. The as-prepared PTEH-Interlocking has shown a high Seebeck coefficient and rapid heat transfer, boosting the photo-thermo-electric conversion. As a demonstration of a practical application, the PTEH-Interlocking cells are successfully used as the energy supply for a mechanical sensor.image Photo-thermo-electric hydrogel with an interlocking structure at the interface (PTEH-Interlocking) was developed by assembling polyphenol photothermal film on the surface of redox thermoelectric hydrogels. This smart design improved the stability through protecting the internal redox couple from UV damage, as well as improve the photo-thermal-electric conversion efficiency, which realizes the use of solar energy to power miniature sensors.image",Fe(CN)6 3-/4- thermoelectric hydrogel with polyphenol photothermal layer from pyrogallic acid oxidation,"photothermal layer converts light to heat, protects redox ions from UV, and interlocks with hydrogel to enhance photo-thermo-electric conversion"
High thermopower of ferri/ferrocyanide redox couple in organic-water solutions,NANO ENERGY,10.1016/j.nanoen.2016.11.014,2017,"Thermogalvanic cell (thermocell) represents a promising technology for converting low grade waste heat to electricity. For the cell to be attractive, however, the voltage generated for a given temperature difference has to be high. We report that the electrochemical thermopower can be more than doubled to 2.9 mV K-1 when an organic solvent with an appropriate solubility parameter is added to the aqueous electrolyte of ferri/ferrocyanide. This value is better than any reported for the redox couples in aqueous electrolyte as well as in organic solvents. The addition causes a significant rearrangement of the solvation shell, which leads to an increase in the entropy change of the overall redox system and thus an increase in the electrochemical thermopower. For an evaluation of thermoelectric conversion performance, a thermocell with a circulating electrolyte is fabricated as a candidate technology for harvesting thermal energy from liquid cooling systems. The maximum power density obtained, normalized to the square of the inter-electrode temperature difference (similar to 4.1 degrees C), is 0.64 mW m(-2)K(-2), which is approximately 1.8 times higher compared with the thermocell based on pure aqueous electrolyte.",ferri/ferrocyanide organic-water electrolyte with added organic solvent,"organic solvent rearranges ferri/ferrocyanide solvation shell and increases redox entropy change, boosting thermopower"
Aqueous eutectic hydrogel electrolytes enable flexible thermocells with a wide operating temperature range,JOURNAL OF MATERIALS CHEMISTRY A,10.1039/d2ta09385e,2023,"Thermocells (TECs) can directly convert thermal energy into electricity via the thermogalvanic effect of redox ions. The employment of hydrogel electrolytes allows for the facile fabrication of flexible quasi-solid-state TECs with low health hazard, easy scalability and eco-friendliness. In contrast, conventional hydrogel electrolytes cannot adapt to a sufficiently wide working temperature range, as they inevitably freeze under sub-zero temperatures and dry out under elevated temperatures, resulting in loss in both mechanical flexibility and ion transport capability. Herein, a hydrogel electrolyte using low-concentration redox ions with excellent freeze-tolerance and self-humidifying capabilities is rationally designed by regulating the hydration effect, affording a flexible quasi-solid-state aqueous TEC system that can continually work under a wide temperature range (-15 degrees C to 70 degrees C). It also demonstrates long-term environmental stability without the need for encapsulation or packaging. The colligative properties of the hydrogel electrolyte can suppress ice crystallization, and in-depth molecular dynamics simulations reveal that a vital underlying mechanism is the strong coordination effect of Li+ ions with water molecules over a wide range of temperatures. The TEC designed in this work shows high adaptability to temperature fluctuations and environmental changes, and offers a promising route to promote low-grade heat harvesting under extreme environmental conditions.",freeze-tolerant self-humidifying aqueous hydrogel electrolyte with low-concentration redox ions and Li+ hydration,Li+-water coordination and colligative effects suppress ice crystallization and preserve ion transport across wide temperatures
Vapor and heat dual-drive sustainable power for portable electronics in ambient environments,ENERGY & ENVIRONMENTAL SCIENCE,10.1039/d2ee00846g,2022,"Ubiquitous vapor and low-grade heat are widely available in nature and provide abundant, clean sources for developing new types of power generators. Herein, we demonstrate high-performance power, driven by vapor and heat for portable electronics in ambient environments. Based on the ternary aggregate of a polyelectrolyte, conducting polymer and a redox couple, the vapor and heat dual-drive electric generator (VHG) of 1 cm(2) offers an open circuit voltage of 0.9 V, and a sustainable short-circuit-current density of up to 0.8 mA cm(-2), much higher than that of single-source generators. Resulting from synergistic double-acting ion migration and the thermogalvanic effect, the high-efficiency VHG can work as a flexible personal energy-supply system to support wearable devices, such as hearing aids, by using body sweat and heat. It can even light a 15 W bulb once compatibly installed in a greenhouse. This work paves the way for sustainable energy generation by effectively collecting multiple types of natural energy comprehensively to realize sustainable applications in different seasons and geographical locations.","ternary aggregate of polyelectrolyte, conducting polymer, and redox couple vapor/heat dual-drive generator",vapor-induced and heat-induced ion migration synergize with thermogalvanic redox to generate sustainable flexible power
Tunable Electrochemical Entropy through Solvent Ordering by a Supramolecular Host,JOURNAL OF THE AMERICAN CHEMICAL SOCIETY,10.1021/jacs.3c10145,2023,"An aqueous electrochemically controlled host-guest encapsulation system demonstrates a large and synthetically tunable redox entropy change. Electrochemical entropy is the basis for thermally regenerative electrochemical cycles (TRECs), which utilize reversible electrochemical processes with large molar entropy changes for thermogalvanic waste-heat harvesting and electrochemical cooling, among other potential applications. A supramolecular host-guest system demonstrates a molar entropy change of 4 times that of the state-of-the-art aqueous TREC electrolyte potassium ferricyanide. Upon encapsulation of a guest, water molecules that structurally resemble amorphous ice are displaced from the host cavity, leveraging a change in the degrees of freedom and ordering of the solvent rather than the solvation of the redox-active species to increase entropy. The synthetic tunability of the host allows rational optimization of the system's Delta S, showing a range of -51 to -101 cal mol(-1) K-1 (-2.2 to -4.4 mV K-1) depending on ligand and metal vertex modifications, demonstrating the potential for rational design of high-entropy electrolytes and a new strategy to overcome theoretical limits on ion solvation reorganization entropy.",supramolecular host-guest redox entropy electrolyte for TREC,"electrochemical guest encapsulation displaces ordered cavity water, tuning solvent entropy rather than only redox-ion solvation"
Zinc-iodine thermal charging cell engineered by cost-efficient electrolytes for low-grade heat harvesting,JOURNAL OF POWER SOURCES,10.1016/j.jpowsour.2024.234325,2024,"Emerging ionic thermoelectric devices (i-TEs), with synergistic effect of thermogalvanic effect and thermo-diffusion effect, are promising devices to achieve heat to electricity. We report a zinc-iodine thermal charging cell (ZITCC) enabled by cost-efficient electrolytes for low-grade heat harvesting. Efficient functional electrolytes are obtained through optimization from Zn(NO3)(2), Zn(CH3COO)(2) and ZnSO4 electrolytes and introducing redox species (I-/I-3(-)). The ZITCCs generate electricity through thermo-diffusion effect of electrolyte ions, as well as the thermogalvanic effect involving I- to I-3(-) conversion and Zn plating, enabling efficient heat-to-electricity conversion. The Seebeck coefficient of 19.2 mV K-1, a high output voltage of similar to 1 V and superior normalized maximum power density of 0.44 mW m(-2) K-2 is obtained at temperature difference of 15 K. Meanwhile, ZITCCs have good energy storage capacity. In addition, a quasi-solid-state device delivers an 8.5 mW m(-2) output power and impressive performance at temperature difference of 8 K can be acquired. This work provides a good strategy for the design of high-Seebeck coefficient, cost-effective i-TEs for low-grade heat harvesting.",zinc-iodine thermal charging cell with Zn(NO3)2/Zn(CH3COO)2/ZnSO4 electrolytes and I-/I3- redox species,thermodiffusion of electrolyte ions plus I-/I3- conversion and Zn plating thermogalvanic processes generate high voltage and storage
Enhancing thermoelectric conversion efficiency of hydrogel-based supercapacitors by the three-dimensional ion channels hydration,JOURNAL OF ENERGY STORAGE,10.1016/j.est.2024.110437,2024,"Ionic thermoelectric (i-TE) supercapacitors are capable of converting low-grade heat directly into electricity, which has enormous potential for wearable power sources and the Internet of Things. However, the low thermoelectric conversion efficiency limits their applications. Here, we report a method for forming polar corona in a three-dimensional (3D) network based on chitosan-polyacrylamide-silicon dioxide (PACS) hydrogel, significantly increasing the maximum thermogalvanic power density of 187.2 mW m(-2) at a temperature difference (Delta T) of 5 K. The abundant functional groups on PACS confine free H2O molecules to the polymer network, forming polar corona, reducing the volume of thermally diffused ions, and enabling rapid conduction of lithium ions (Li+) in unsaturated coordination. In addition, demonstrating an impressive ionic conductivity of 50.2 mS cm(-1) as well as a maximum thermal charging voltage of 200 mV (Delta T of 8 K), this work provides a new strategy for broadening applications of ionic thermally chargeable supercapacitors in harvesting low-grade heat and wearable devices.",chitosan-polyacrylamide-SiO2 hydrogel supercapacitor with 3D ion-channel hydration,"functional groups confine water into polar corona, reduce thermally diffusing ion volume, and speed Li+ conduction for thermal charging"
Simultaneous Solar Steam and Electricity Generation from Synergistic Salinity-Temperature Gradient,ADVANCED ENERGY MATERIALS,10.1002/aenm.202100481,2021,"Solar-driven interfacial evaporation by localization of solar heating at the air-liquid surface has emerged as a cost-effective desalination technology. The rapid interfacial evaporation induces simultaneous salinity and temperature gradient between evaporation surface and bulk water, which enables electricity generation but is not comprehensively utilized. Herein, the combination of a thermogalvanic cell (TGC) and reverse electrodialysis (RED) in solar-driven interfacial evaporation is proposed to extract energy from temperature and salinity gradients simultaneously. Because of the synergistic ion transport effect, the coupling of TGC and RED enables mutual power enhancement by orders of magnitude based on the rational spatial layout and the fabrication of composite electrodes. Finally, a steam-electricity cogeneration system is designed, which achieves the 1.4 kg m(-2) h(-1) vapor and 1.11 W m(-2) electricity simultaneously under one sun illumination. This concept opens a promising avenue towards a solar-driven water-energy nexus.",solar interfacial evaporation system coupled with thermogalvanic cell and reverse electrodialysis,temperature and salinity gradients mutually enhance ion transport across TGC/RED composite electrodes for steam-electric cogeneration
Synergistic Anisotropic Network and Hierarchical Electrodes Endow Cost-Effective N-Type Quasi-Solid State Thermocell with Boosted Electricity Production,SMALL,10.1002/smll.202310777,2024,"Quasi-solid state thermocells hold immense potential for harnessing untapped low-grade heat and converting it into electricity via the thermogalvanic effect. However, integrated N-type thermocells face limitations in thermoelectric performance due to the rare N-type systems and the poor electroactivity of the electrode interfaces. Herein, a low-cost, high-power N-type quasi-solid state thermocell employing PVA-CuSO4-Cu is presented, which is enhanced by synergistic engineering of an anisotropic network and hierarchical electrodes. The anisotropic polymer network, combined with the salting-out effect, yields impressive mechanical properties that exceed those of most N-type quasi-solid state thermocells. Furthermore, through the synergistic construction of aligned ion transport pathways in the anisotropic thermocell and optimization of the electroactive interface between electrodes and thermocell, a remarkable enhancement of 1500% in output power density (compared to pristine thermocell), reaching 0.51 mW m-2 at increment T = 5 degrees C. It is believed that this cost-effective N-type thermocell, enhanced by the synergistic anisotropic network and hierarchical electrodes, paves the way for effective energy harvesting from diverse heat sources and promises to reshape sustainable energy utilization. The cost-effective N-type quasi-solid state thermocell is fabricated by synergistic kinetic engineering of gel matrix and electrodes in PVA-CuSO4-Cu system. Specifically, well-organized ion transport pathways and optimized hierarchical electrodes improve the thermogalvanic kinetics. Meanwhile, the anisotropicstructure and salting-out effect significantly enhance the mechanical properties. This work provides a straightforward approach and inspires for designing high-performance energy-harvesting materials and electrodes. image",PVA-CuSO4-Cu n-type quasi-solid thermocell with anisotropic polymer network and hierarchical electrodes,aligned ion transport pathways and optimized Cu/electrolyte interfaces improve thermogalvanic kinetics; salting-out strengthens mechanics
Stretchable and Durable Bacterial Cellulose-Based Thermocell with Improved Thermopower Density for Low-Grade Heat Harvesting,NANO LETTERS,10.1021/acs.nanolett.3c02870,2023,"Low-grade heat exists ubiquitously in the environment, and gel-state thermogalvanic cells (GTCs) can directly convert thermal energy into electricity by a redox reaction. However, their low ionic conductivity and poor mechanical properties are still insufficient for their potential applications. Here, we designed a bacterial cellulose (BC) nanofiber-macromolecular entanglement network to balance the GTC's thermopower and mechanical properties. Therefore, the BC-GTC shows a Seebeck coefficient of 3.84 mV K-1, an ionic conductivity of 108.5 mS cm(-1), and a high specific output power density of 1760 mu W m(-2) K-2, which are much higher than most current literature. Further connecting 15 units of BC-GTCs, the output voltage of 3.35 V can be obtained at a temperature gradient of 65 K, which can directly power electronic devices such as electronic calculators, thermohydrometers, fans, and light-emitting diodes (LEDs). This work offers a promising method for developing high-performance and durable GTC in sustainable green energy.",bacterial cellulose gel-state thermogalvanic cell nanofiber-macromolecular entanglement network,"BC nanofiber entanglement balances high ionic conductivity, mechanical durability, and redox thermogalvanic thermopower"
Ionic thermoelectric materials for near ambient temperature energy harvesting,APPLIED PHYSICS LETTERS,10.1063/5.0032119,2021,"Ionic thermoelectric (i-TE) materials, using ions as the energy carrier, can generate a voltage under a temperature difference, bearing similarities to the Seebeck effect of electrons and holes in solid-state materials. Recent experiments have demonstrated large thermopower of quasi-solid-state i-TE materials, which are attractive for harvesting ambient heat as large enough voltage can be generated under a small temperature difference to match the voltage input needs of sensors for internet-of-things applications. In this perspective article, we discuss similarities and differences of i-TE materials from electronic-based thermoelectric materials and also different i-TE thermoelectric effects including the thermodiffusion (Soret) effect and the thermogalvanic effect, in which the latter includes redox reaction entropy and the Soret effect. Strategies to improve performances of materials and devices are elaborated, together with needs for future research in understanding microscopic origins of different effects.",ionic thermoelectric materials using thermodiffusion/Soret and thermogalvanic effects,perspective compares ion-based Seebeck mechanisms and strategies for near-ambient heat harvesting in quasi-solid i-TE materials
Large-area nanofiber membrane of NIR photothermal Cs0.32WO3 for flexible and all-weather solar thermoelectric generation,CHEMICAL ENGINEERING JOURNAL,10.1016/j.cej.2023.147571,2024,"Harvesting heat or solar energy to directly generate affordable and sustainable electricity holds great promise toward both fundamental science and practical applications in self-powered wearable electronics. However, solar thermoelectric (STE) devices remain challenging in establishing a stable and significant temperature gradient (Delta T) across thermoelectric materials for cost-effective electricity generation. Herein, a wearable STE generator with all-weather and high-performance electricity generation was elaborately designed and synthesized sandwiched by a thermogalvanic cell and a large-area nanofiber membrane of Cs0.32WO3 (CWO) nanoparticles with strong near-infrared (NIR) absorption. These prepared CWO membranes, which were prepared via an electrostatic spinning technique, present a high photothermal conversion efficiency of 42.7 % with no degradation after running for 10 cycles. Notably, a significant Delta T of 31.5 K across the thermoelectric modular was achieved for STE generation via the thermal concentration of these photothermal membranes under natural sunlight. Owing to the high thermopower of 2.87 mV K-1 for each p-n pair, STE generation demonstrates a maximum output voltage of 200 mV under natural solar irradiance during the time period of noon. This work explores a new strategy to achieve efficient heat management of STE devices for high electricity generation under all-weather conditions, which demonstrates great potential for self-powered wearable electronics.",Cs0.32WO3 nanoparticle NIR photothermal nanofiber membrane coupled with thermogalvanic cell,NIR photothermal membrane concentrates solar heat to create large temperature gradient across p-n thermogalvanic module
Thermally Regenerative Electrochemical Cycle for Low-Grade Heat Harvesting,ACS ENERGY LETTERS,10.1021/acsenergylett.7b00568,2017,"Tremendous low-grade heat (i.e., <130 degrees C) exists in solar thermal, geothermal, and industrial waste heat. Efficient conversion of low-grade heat to electricity can recover these wasted resources and reduce energy consumption and carbon footprint. Along with thermoelectrics and thermogalvanic cells, thermally regenerative electrochemical cycle (TREC) has attracted wide attention recently, because it has a high temperature coefficient (>1 mV/K), high efficiency, and low cost. In TREC, conversion to electricity is realized by charging-discharging an electrochemical cell at different temperatures. In this Perspective, we will discuss the principle of TREC and recent progress, such as new material systems and mechanisms. More importantly, we will give our opinions on the challenges and future directions of this field, including fundamental understanding, material design, and system engineering.",thermally regenerative electrochemical cycle electrochemical cells,TREC harvests low-grade heat by charging and discharging electrochemical cells at different temperatures using high temperature coefficients
Direct thermal charging cell for converting low-grade heat to electricity,NATURE COMMUNICATIONS,10.1038/s41467-019-12144-2,2019,"Efficient low-grade heat recovery can help to reduce greenhouse gas emission as over 70% of primary energy input is wasted as heat, but current technologies to fulfill the heat-to-electricity conversion are still far from optimum. Here we report a direct thermal charging cell, using asymmetric electrodes of a graphene oxide/platinum nanoparticles cathode and a polyaniline anode in Fe2+/Fe3+ redox electrolyte via isothermal heating operation. When heated, the cell generates voltage via a temperature-induced pseudocapacitive effect of graphene oxide and a thermogalvanic effect of Fe2+/Fe3+, and then discharges continuously by oxidizing polyaniline and reducing Fe3+ under isothermal heating till Fe3+ depletion. The cell can be self-regenerated when cooled down. Direct thermal charging cells attain a temperature coefficient of 5.0 mV K-1 and heat-to-electricity conversion efficiency of 2.8% at 70 degrees C (21.4% of Carnot efficiency) and 3.52% at 90 degrees C (19.7% of Carnot efficiency), outperforming other thermoelectrochemical and thermoelectric systems.","graphene oxide/platinum nanoparticle cathode, polyaniline anode, Fe2+/Fe3+ redox electrolyte direct thermal charging cell","isothermal heating produces voltage through GO pseudocapacitance and Fe2+/Fe3+ thermogalvanic effect, then discharges by PANI oxidation/Fe3+ reduction"
Thermally regenerative electrochemically cycled flow batteries with pH neutral electrolytes for harvesting low-grade heat,PHYSICAL CHEMISTRY CHEMICAL PHYSICS,10.1039/d1cp01988k,2021,"Harvesting waste heat with temperatures lower than 100 degrees C can improve the system efficiency and reduce greenhouse gas emissions, yet it has been a longstanding and challenging task. Electrochemical methods for harvesting low-grade heat have aroused research interest in recent years due to the relatively high effective temperature coefficient of the electrolytes (>1 mV K-1) compared with the thermopower of traditional thermoelectric devices. Compared with other electrochemical devices such as the temperature-variation based thermally regenerative electrochemical cycle and temperature-difference based thermogalvanic cells, the thermally regenerative electrochemically cycled flow battery (TREC-FB) has the advantages of providing a continuous power output, decoupling the heat source and heat sink, and recuperating heat, and compatible with stacking for scaling up. However, the TREC-FB suffers from the issue of stable operation due to the challenge of pH matching between catholyte and anolyte solutions with desirable temperature coefficients. In this work, we demonstrate a pH-neutral TREC-FB based on KI/KI3 and K3Fe(CN)(6)/K4Fe(CN)(6) as the catholyte and anolyte, respectively, with a cell temperature coefficient of 1.9 mV K-1 and a power density of 9 mu W cm(-2). This work also presents a comprehensive model with a coupled analysis of mass transfer and reaction kinetics in a porous electrode that can accurately capture the flow rate dependence of the power density and energy conversion efficiency. We estimate that the efficiency of the pH-neutral TREC-FB can reach nearly 9% of the Carnot efficiency at the maximum power output with a temperature difference of 37 K. Via analysis, we identify that the mass transfer overpotential inside the porous electrode and the resistance of the ion exchange membrane are the two major factors limiting the efficiency and power density, pointing to directions for future improvements.",pH-neutral TREC flow battery with KI/KI3 catholyte and K3/K4[Fe(CN)6] anolyte,temperature-dependent redox potentials enable continuous low-grade heat harvesting; porous-electrode mass transfer and membrane resistance limit performance
Boosting solar-thermal-electric conversion of thermoelectrochemical cells by construction of a carboxymethylcellulose-interpenetrated polyacrylamide network,JOURNAL OF MATERIALS CHEMISTRY A,10.1039/d2ta00025c,2022,"Quasi-solid hydrogel-based thermoelectrochemical cells (QS-TECs) have the potential to power ubiquitous sensors needed for the internet of things (IoT). However, developing a strategy for simultaneously enhancing mechanical performance, water-retention capacity and Seebeck coefficient remains a challenge. Additionally, little attention has been paid to developing QS-TECs that are able to convert solar energy into electricity, even though solar energy is a major source of renewable energy. Here, a semi-interpenetrated QS-TEC has been designed by introducing carboxymethylcellulose (CMC) into the network of a polyacrylamide hydrogel. Because of strong interactions between CMC, the polyacrylamide network, water molecules and thermogalvanic ions, the newly designed QS-TEC showed a similar to 1.5-fold better mechanical performance, similar to 1.2-fold greater water retention and similar to 1.05-fold higher Seebeck coefficient than a QS-TEC with a pure polyacrylamide network. Robust solar-thermal-electricity conversion was achieved by coating solar-thermal carbon nanotubes onto the surface of the QS-TEC. As a demonstration of a practical application, the solar-driven QS-TEC was successfully used as the energy supply for mechanical sensors.",CMC-interpenetrated PAAm hydrogel with thermogalvanic ions and CNT solar-thermal coating,"CMC interactions with water/polymer/redox ions improve mechanics, retention, and Seebeck response; CNT coating enables solar-thermal-electric conversion"
Simultaneous energy harvesting and storage via solar-driven regenerative electrochemical cycles,ENERGY & ENVIRONMENTAL SCIENCE,10.1039/c9ee01930h,2019,"Solar energy is regarded as the most promising source of electricity considering its large magnitude on earth every day. The effective use of such an intermittent energy source relies on development of affordable, inexhaustible and clean solar energy conversion and storage technologies. Here, we design a novel solar-driven regenerative electrochemical system for simultaneous photoelectric energy harvesting and storage. With rational screening of redox species and comprehensive electrochemical study, a high Seebeck coefficient of -1.8 mV K-1 is achieved by solely exploiting earth-abundant materials based on the thermogalvanic effect. A high energy conversion efficiency (1.23%, and 11.9% versus the Carnot efficiency) is achieved under a low temperature gradient of 35 degrees C. Moreover, the durability of the proof-of-concept device has been examined under solar irradiation employing the bifunctional current collector/solar absorber with good electrical conductivity, efficient solar absorption and photothermal transduction. This innovative cell design integrating simultaneous energy conversion and storage represents an alternative approach towards cost-effective harnessing of solar energy and even more broad thermal energy in ambient environments.",solar-driven regenerative electrochemical system with earth-abundant thermogalvanic redox species and bifunctional current collector/solar absorber,solar photothermal temperature gradient drives thermogalvanic conversion while electrochemical design stores harvested energy
Thermoelectrochemistry using conventional and novel gelled electrolytes in heat-to-current thermocells,ELECTROCHIMICA ACTA,10.1016/j.electacta.2016.12.152,2017,"Thermoelectrochemistry involves the study or application of temperature-dependant parameters in an electrochemical system. Thermoelectrochemistry can be exploited in non-isothermal cells to form thermogalvanic cells (or thermocells) to convert a temperature gradient into a useful electrical current. However, heat can also transfer and reduce the temperature gradient, while spillage is a potential issue for liquid electrolytes. For this reason, we have investigated aqueous thermocells containing potassium ferricyanide and potassium ferrocyanide (0.1 MK3[Fe(CN)(6)]/0.1 MK4[Fe(CN)(6)]) as a gelled electrolyte. Fumed silica and gelatine were not found to be sufficient gelling agents, whereas agar agar (agarose) and beads of poly(sodium acrylate) were found to form effective gelled electrolytes; the latter gel was also self-healing. Thermocells were prepared using commercial CR2032 battery casings, and surface treatments and preparations of the stainless steel electrodes evaluated for their electrocatalytic effects and influence on long-term current output. Emphasis was placed upon body heat harvesting, and preliminary heat transfer modelling through the CR2032 systems also performed. Ultimately, the gelled electrolytes were found to result in more stable power output and effectively frustrate heat transfer through the cells, relative to the un-gelled (liquid) electrolytes. These results will inform the development of both more efficient electrolytes and housings for thermocells. (C) 2016 Elsevier Ltd. All rights reserved.",gelled K3/K4[Fe(CN)6] thermocell electrolytes using agar agar/agarose or poly(sodium acrylate) beads,"gelled electrolytes reduce spillage, stabilize output, and impede heat transfer relative to liquid ferri/ferrocyanide thermocells"
Heat-triggered high-performance thermocells enable a self-powered forest fire alarm,JOURNAL OF MATERIALS CHEMISTRY A,10.1039/d1ta06793a,2021,"Harvesting heat from fire itself to power wireless sensor networks has the potential to realize effective detection and alarm for forest fires. Thermocells based on the thermogalvanic effect offer an inexpensive and scalable way for heat-to-electricity conversion but challenged by their low performance. We demonstrate a boosted thermogalvanic effect by introducing concentration gradients into a thermocell, achieving a one order magnitude enhancement of output up to 45.9 W m(-2). Using a heat-triggered membrane as the start switch, a thermocell which can hibernate in peacetime and awaken when fire occurs, is further obtained. A proof-of-concept device integrated from five units successfully detects precombustion and open fire to synchronously generate a high voltage of similar to 2 V for driving an alarm. This system shows promise for combating the globally increasing forest fires.",concentration-gradient thermocell with heat-triggered membrane start switch,concentration gradients boost thermogalvanic output and membrane-triggered activation wakes device under fire heat
Thermally Chargeable Ammonium-Ion Capacitor for Energy Storage and Low-Grade Heat Harvesting,BATTERIES & SUPERCAPS,10.1002/batt.202200036,2022,"Harvesting heat from the low-grade heat (below 100 degrees C) into electricity has the signification to enhance the utilization of energy and lower carbon emissions by a simple device. Herein we demonstrate a thermally chargeable ammonium ion capacitor (TAIC) by employing graphene-polyimide (rGO-PI) synthesized through polycondensation of 1,4,5,8-naphthalene-tetracarboxylic dianhydride and ethylenediamine as cold electrode, N-doped hollow carbon nanofibers as hot electrode to directly convert waste heat into electricity. Combining thermodiffusion effect of electrolyte with thermogalvanic effect of a redox couple (C=O/C-O-NH4+), as-assembled TAIC can deliver a high output voltage of 624 mV, power density of 82 mu Wcm(-2) and average Seebeck coefficient of 9.07 mVK(-1) at temperature difference of 45 K. Meanwhile, with the introduction of polyacrylamide-polyacrylic acid-based gel electrolyte, the assembled flexible device can well serve in various bending states, and the power density can attain a satisfying value of 1.92 mu Wcm(-2). This quasi-solid-state TAIC shows great potential as one promising candidate for high value-added conversion from low-grade heat into electricity as well as wearable applications.","thermally chargeable ammonium-ion capacitor with rGO-PI cold electrode, N-doped hollow carbon nanofiber hot electrode, and PAAm/PAA gel electrolyte",electrolyte thermodiffusion and C=O/C-O-NH4+ thermogalvanic redox combine to convert heat to stored electrical energy
Investigation of the Effective Voltage and Performance of Thermocells,JOURNAL OF THE ELECTROCHEMICAL SOCIETY,10.1149/1945-7111/acd4ed,2023,"Thermocells, also called thermogalvanic cells, are a promising technology that can efficiently harvest low-grade waste heat with direct thermoelectric conversion. The cells operate under a temperature difference, with one electrode on the hot side and the other on the cold side. The recently developed electrodes, such as porous carbon materials and pin-structured electrodes, have led to a temperature gradient even inside one of the electrodes. However, it still remains an open question of what temperature difference determines the open-circuit voltage of thermocells. Here, we investigated the effective voltage of a thermocell with thick electrodes. The temperature difference that determines the voltage turned out to be the smallest temperature difference between anode and cathode electrodes, the average temperature difference, or in between, depending on the internal resistances of the cell. We also verified the validity of normalized power density estimated from the open-circuit voltage. In addition, a strategy was demonstrated to improve the power density of a thermocell that consists of thick electrodes. The results provided here would help devise high-performance thermocells with optimized electrode structures.",thermocells with thick porous/pin electrodes,internal electrode temperature gradients and cell resistances determine effective voltage and normalized power density in thermocells
Reversible heat effects of lithium metal- and porous lithium iron phosphate electrodes,ELECTROCHIMICA ACTA,10.1016/j.electacta.2023.142739,2023,"We report Peltier heats and reaction entropy of cells with lithium metal-and near fully lithiated lithium iron phosphate (LFP) electrodes. The Peltier heats were measured through the Seebeck coefficient of thermogalvanic cells. The value obtained for the Peltier heat of Li-metal, -32 & PLUSMN; 3 kJ/mol at 298 K, supports previously reported values. When close to being fully lithiated, LFP goes through a phase transition from a two-phase mixture to a solid solution. The value of Peltier heats obtained for LFP vary from -15 & PLUSMN; 1 to -72 & PLUSMN; 9 kJ/mol. The variation is explained by large entropy changes of lithium iron phosphate, near the phase transition. The cell entropy difference of lithium iron phosphate against lithium metal varied from -64 & PLUSMN; 3 to +50 & PLUSMN; 20 J/K mol. The negative Peltier heats means that the electrodes generates heat when acting as an anode, which leads to a temperature rise in the electrode compartment, and absorbs heat when acting as a cathode. The local reversible heat effect is equal to or larger in magnitude than the net reversible heat effect. The time-dependence of the Seebeck coefficient, the Soret effect, was found to differ between the cells with planar Li-metal electrodes to porous LFP.",lithium metal and near-fully-lithiated LFP thermogalvanic cells,Seebeck-derived Peltier heats reveal large LFP entropy changes near phase transition and reversible local heat effects
Thermoresponsive ionic liquid for electrochemical low-grade heat harvesting,NANO ENERGY,10.1016/j.nanoen.2022.108022,2023,"Thermally regenerative electrochemical cycle (TREC) is a promising technology for low-grade heat harvesting by employing the thermogalvanic effect of the electrodes. Whereas the electrolytes applied in TREC systems have a negligible response to temperature variation. In this study, a thermoresponsive ionic liquid (TRIL) is added to an electrolyte to endow it with temperature-driven phase change behavior, and the electrolyte is then utilized in a copper hexacyanoferrate-based TREC system for ultralow-grade heat harvesting. The TREC system is operated between 10 and 30 degrees C across the phase change critical point (Tc), so that the solvation states of the ions varied during the charging and discharging process, and a high energy density of 1.30 J g-1 and high energy conversion efficiency of 1.32% (20.0% for the Carnot efficiency) are achieved. The energy efficiency is 10 times that ach-ieved by the conventional non-TRIL system under the same conditions. Moreover, the Tc of the TRIL can be tuned according to the species and concentrations of the electrolyte salt, which enhances the feasibility and resilience of the TRIL-containing TREC system. This study provides a novel perspective for electrolyte design in electro-chemical cells, promoting the applicability of electrochemical cells in high-performance ultralow-grade thermal energy harvesting systems.",thermoresponsive ionic liquid electrolyte in copper hexacyanoferrate TREC system,"TRIL phase change alters ion solvation states during charge/discharge, increasing ultralow-grade heat harvesting efficiency"
A CoHCF system with enhanced energy conversion efficiency for low-grade heat harvesting,JOURNAL OF MATERIALS CHEMISTRY A,10.1039/c9ta02426c,2019,"Thermally regenerative electrochemical cycles (TRECs) have drawn plenty of attention recently as an efficient and low-cost approach to convert heat to electricity. In this work, we report the application of cobalt hexacyanoferrate (CoHCF)-based materials in TRECs. When the battery is charged at a high temperature (T-H) and discharged at a low temperature (T-L), the discharge voltage is higher than the charge voltage due to the dependence of battery voltage on temperature, and thus low-grade heat can be converted into electricity. The temperature coefficient and specific heat of the material determine the energy conversion efficiency of the battery. When complexed with helical carbon nanotubes (HCNTs), the CoHCF/HCNTs show a higher absolute temperature coefficient and lower specific heat than pure CoHCF. Consequently, the heat-to-electricity conversion efficiency is greatly increased. It is suggested that moderately changing the temperature coefficient and specific heat is an effective strategy to further improve thermogalvanic performance of CoHCF-based materials.",cobalt hexacyanoferrate and CoHCF/helical carbon nanotube TREC electrodes,"HCNT complexing increases absolute temperature coefficient and lowers specific heat, improving TREC heat-to-electric conversion efficiency"
Can charged colloidal particles increase the thermoelectric energy conversion efficiency?,PHYSICAL CHEMISTRY CHEMICAL PHYSICS,10.1039/c7cp01023k,2017,"Currently, liquid thermocells are receiving increasing attention as an inexpensive alternative to conventional solid-state thermoelectrics for low-grade waste heat recovery applications. Here we present a novel path to increase the Seebeck coefficient of liquid thermoelectric materials using charged colloidal suspensions; namely, ionically stabilized magnetic nanoparticles (ferrofluids) dispersed in aqueous potassium ferro-/ferri-cyanide electrolytes. The dependency of thermoelectric potential on experimental parameters such as nanoparticle concentration and types of solute ions (lithium citrate and tetrabutylammonium citrate) is examined to reveal the relative contributions from the thermogalvanic potential of redox couples and the entropy of transfer of nanoparticles and ions. The results show that under specific ionic conditions, the inclusion of magnetic nanoparticles can lead to an enhancement of the ferrofluid's initial Seebeck coefficient by 15% (at a nanoparticle volume fraction of similar to 1%). Based on these observations, some practical directions are given on which ionic and colloidal parameters to adjust for improving the Seebeck coefficients of liquid thermoelectric materials.",magnetic nanoparticle ferrofluids in aqueous potassium ferro/ferricyanide electrolytes,"charged colloids add nanoparticle/ion transfer entropy to thermogalvanic redox potential, modestly enhancing Seebeck coefficient under selected ionic conditions"
Harvesting Waste Heat in Unipolar Ion Conducting Polymers,ACS MACRO LETTERS,10.1021/acsmacrolett.5b00829,2016,"The Seebeck effect in unipolar ion-conducting, solid-state polymers is characterized. The high Seebeck coefficient and sign in polymer ion conductors is explained via analysis of thermogalvanic multicomponent transport. A solid-state, water-processeable, flexible device based on these materials is demonstrated, showcasing the promise of polymers as thermogalvanic materials. Thermogalvanic materials based on ion-conducting polymer membranes show great promise in the harvesting of waste heat.",unipolar ion-conducting solid-state polymer membranes,thermogalvanic multicomponent transport in ion-conducting polymers creates high Seebeck voltage for flexible waste-heat devices
Achieving pseudo-'n-type p-type' in-series and parallel liquid thermoelectrics using all-iron thermoelectrochemical cells with opposite Seebeck coefficients,ELECTROCHEMISTRY COMMUNICATIONS,10.1016/j.elecom.2016.10.001,2016,"The low potentials generated by individual thermoelectric and thermogalvanic 'heat to electricity' elements necessitate that numerous cells be placed electrically in series to generate useful voltages. The thermoelectrochemistry of two redox couples with opposite signs for their Seebeck coefficients have therefore been evaluated and combined, in order to generate the first thermoelectrochemical (or thermocell) assembly that is electrically in series without a hot-to-cold thermal short-circuit. This was achieved using potassium ferrocyanide(II)/ferricyanide(III) and iron(II)/iron(III) sulphate (plus sulphuric acid) thermocells. Quantitative evaluation of thermocells electrically parallel and/or in series demonstrated relatively simple additive behaviour for current and potential (and thus power density) over a very wide range of concentrations of the redox species. (C) 2016 Elsevier B.V. All rights reserved.",potassium ferrocyanide/ferricyanide and iron(ii/iii) sulfate/sulfuric-acid thermocells,opposite Seebeck signs allow pseudo n/p liquid thermoelectric cells connected in series or parallel without thermal short-circuit
Substituted ferrocenes and iodine as synergistic thermoelectrochemical heat harvesting redox couples in ionic liquids,CHEMICAL COMMUNICATIONS,10.1039/c5cc05889a,2016,"Combining ferrocene and iodine results in enhanced thermoelectrochemical (or thermogalvanic) waste heat harvesting abilities, for both the Seebeck coefficient and the overall power output. All systems displayed a mixture of ferrocene, ferrocenium, iodine and triiodide. The observed enhancement correlates with lower electron-density on the ferrocene; the synergistic improvement observed for mixtures of substituted ferrocenes and iodine is attributed to the formation of charge-transfer complexes. Combining dibutanoylferrocene and iodine resulted in the highest Seebeck coefficient of 1.67 mV K-1.","substituted ferrocenes, ferrocenium, iodine, triiodide in ionic liquids",ferrocene-iodine charge-transfer complexes lower ferrocene electron density and synergistically enhance Seebeck coefficient and power
Nanostructuring Electrode Surfaces and Hydrogels for Enhanced Thermocapacitance,ACS APPLIED NANO MATERIALS,10.1021/acsanm.1c03273,2022,"Thermogalvanic cells have the ability to convert low-temperature waste heat energy (<200 degrees C) into electrical energy. However, these systems cannot store this electrical energy. Thermocapacitors use analogous mechanisms to convert heat into electrical energy, but crucially can store this electrical energy. Previous work has used polyelectrolyte gels to frustrate the mobility of a redox couple, causing an accumulation of charge imbalance at the two electode:gelled electrolyte interfaces, resulting in stored thermocapacitance. Here we report an investigation into two methods of utilizing nanostructuring to increase the thermocapacitance performance of a [Fe(CN)(6)](3-/4-) containing polyacrylate hydrogel; specifically, nanostructuring the bulk of the hydrogel and modifying the electrode with carbon nanotubes and liquid crystalline graphene oxide. Nanomaterial-enhanced carbon cloth electrodes significantly increased the available electroactive surface area and charging-discharging rates of these hydrogels, but only resulted in a modest increase in thermocapacitance. Conversely nanostructuring of the hydrogels by changing the degree of neutralization of the hydrogels resulted in significant improvement in thermocapacitance, but only when high concentrations (1 M) of ferricyanide/ferrocyanide electrolyte are available. This study indicates how two different aspects of the system can be nanostructured to enhance device performance.",[Fe(CN)6]3-/4- polyacrylate hydrogel with CNT and liquid-crystalline graphene oxide modified carbon cloth electrodes,nanostructured electrodes increase electroactive area/rates while hydrogel neutralization controls redox mobility and thermocapacitance
Exploiting low-grade waste heat to produce electricity through supercapacitor containing carbon electrodes and ionic liquid electrolytes,ELECTROCHIMICA ACTA,10.1016/j.electacta.2021.139640,2022,"Low-grade thermal energy harvesting presents great challenges to traditional thermoelectric systems based on the Seebeck effect, the thermogalvanic effect, and the Soret effect due to fixed temperature gradient and low voltage output. In this study, we report an ionic thermoelectric system, essentially a su-percapacitor (SC) containing an ionic liquid (IL) electrolyte and activated carbon electrodes, which works on the thermocapacitive effect and does not require any fixed temperature gradient, rather it works in a homogeneously changing temperature. A systematic investigation is carried out on SCs containing two different ILs, 1-Ethyl-3-methylimidazolium bis (trifluoromethylsulfonyl), EMIm TFSI, and 1-Ethyl-3-methylimidazolium acetate, EMIm OAc. A high voltage output of 176 mV is achieved for EMIm TFSI con-taining SC by exposing just to 60 degrees C environment. Moreover, a large voltage of 502 mV is recovered from the SC upon subjecting to heat after one electrical charge/discharge cycle. A system containing two SCs in series demonstrates a significant voltage of 947 mV. The observed performance difference between the two ILs is rationalized in terms of the extent of asymmetry in the interfaces of the electrical double layer that essentially originates from different diffusivity of individual ions. The mechanism can be applied to a plethora of ILs to exploit low-grade heat to store electricity without a fixed temperature gradient, opening up the possibility to merge different scientific communities and enrich this rising research field.(c) 2021 The Authors. Published by Elsevier Ltd. This is an open access article under the CC BY license ( http://creativecommons.org/licenses/by/4.0/ )",activated-carbon supercapacitors with EMIm TFSI or EMIm OAc ionic-liquid electrolytes,homogeneous temperature changes create thermocapacitive voltage from asymmetric electrical-double-layer ion diffusivity without fixed gradient
Self-Powered Multimodal Temperature and Force Sensor Based-On a Liquid Droplet,ANGEWANDTE CHEMIE-INTERNATIONAL EDITION,10.1002/anie.201609088,2016,"Herein we report a self-powered multimodal temperature and force sensor based on the reverse electrowetting effect and the thermogalvanic effect in a liquid droplet. The deformation of the droplet and the temperature difference across the droplet can induce an alternating pulse voltage and a direct voltage, respectively, which is easy to separate/analyze and can be utilized to sense the external force and temperature simultaneously. In addition, an integral display system that can derive information from external temperature/force concurrently is constructed. Combined with advantages of excellent sensing properties and a simple structure, the droplet sensor has promising applications in a wide range of intelligent electronics.",liquid droplet self-powered sensor using reverse electrowetting and thermogalvanic effects,droplet deformation generates AC pulse voltage and temperature gradient generates DC thermogalvanic voltage for separated force/temperature sensing
The Soret effect in dry polymer electrolyte,MOLECULAR SYSTEMS DESIGN & ENGINEERING,10.1039/c9me00145j,2020,"The Soret effect results in a concentration gradient when a mixture is exposed to a temperature gradient. It is a balance between diffusion of mass driven by the temperature gradient (thermal diffusion) and mass diffusion acting to remove the concentration gradient. Thus, the Soret effect is measured at steady state. In this work, the Soret effect was studied in a thermogalvanic cell with lithium metal electrodes and a dry polymer electrolyte composed of poly(ethylene oxide) and lithium bis-trifluoromethanesulfonylimide (LiTFSI). The concentration gradient was determined by measuring the voltage of the thermogalvanic cell. This was examined at several different temperature gradients and with four different salt concentrations. The Soret coefficient was found to be similar to that observed in small-molecule mixtures and electrolytes and significantly less than polymeric systems. An explanation for this unexpected result is proffered. The Soret coefficient was found to be concentration dependent, which requires further investigation. Finally, it was demonstrated that the thermogalvanic cells used to measure the Soret coefficient can also be used to generate power. Thus, polymer electrolytes are potentially of interest for waste heat recovery, and thermal diffusion might be used to improve battery efficiency.",dry PEO/LiTFSI polymer electrolyte with lithium metal electrodes,thermogalvanic cell voltage measures Soret-induced Li salt concentration gradients and can also generate power
Insight into the effect of the configuration entropy of additives on the Seebeck coefficient,PHYSICAL CHEMISTRY CHEMICAL PHYSICS,10.1039/d1cp01153g,2021,"Thermogalvanic cells have attracted considerable attention because of their potential to directly convert waste heat into electricity by using redox reactions under continuous operation with a simple, cost-effective design. An increase in the Seebeck coefficient owing to the interactions between the redox ions and the additives has been reported in recent studies. The configuration entropy of the small additives coordinated to a large ion is calculated to analyze the Seebeck coefficient obtained from the entropy difference between the redox pairs. The recently reported increase in the Seebeck coefficient owing to the introduction of guanidinium (Gdm) or urea into the Fe(CN)(6)(4-)/Fe(CN)(6)(3-) electrolyte is analyzed using the theoretical results. Furthermore, qualitative and quantitative analyses were also performed to determine the influence of the affinity for the additives on the entropy difference of the redox couples and on the Seebeck coefficient. This study also demonstrates the enhancement in the Seebeck coefficient caused by a membrane isolating the binding species into an appropriate hot/cold zone.",Fe(CN)6 4-/3- electrolyte with guanidinium or urea additives and membrane isolation,additive coordination configuration entropy changes redox-pair entropy difference and Seebeck coefficient
Thermoelectricity and Thermodiffusion in Magnetic Nanofluids: Entropic Analysis,ENTROPY,10.3390/e20060405,2018,"An analytical model describing the thermoelectric potential production in magnetic nanofluids (dispersions of magnetic and charged colloidal particles in liquid media) is presented. The two major entropy sources, the thermogalvanic and thermodiffusion processes are considered. The thermodiffusion term is described in terms of three physical parameters; the diffusion coefficient, the Eastman entropy of transfer and the electrophoretic charge number of colloidal particles, which all depend on the particle concentration and the applied magnetic field strength and direction. The results are combined with well-known formulation of thermoelectric potential in thermogalvanic cells and compared to the recent observation of Seebeck coefficient enhancement/diminution in magnetic nanofluids in polar media.",magnetic nanofluids with charged colloidal particles in liquid media,thermogalvanic redox entropy and colloidal thermodiffusion entropy jointly determine thermoelectric potential under magnetic-field-dependent transport
Efficient Photo-Thermo-Electric Conversion Using Polyoxovanadate in Ionic Liquid for Low-Grade Heat Utilization,CHEMSUSCHEM,10.1002/cssc.202101532,2021,"A large fraction of energy, including solar energy, is dissipated into ambient atmosphere as low-grade waste heat. Efficient utilization of such energy is critical to address the current energy crisis and global warming issue. Herein, the efficient near-IR (NIR)-photothermal, thermoelectric, and thus photo-thermo-electric conversion of polyoxovanadate compound {[Ni(1,10-phenanthroline)(3)][V14O34Cl]Cl, NiV14} in ionic liquid was achieved. The solution displayed a NIR-photothermal efficiency of 16.04 and 23.43 % at 808 and 1064 nm, respectively. Taking advantage of the synergetic thermodiffusive and thermogalvanic effects of various ion species in NiV14 solution, an open circuit voltage of approximately 0.45 V was obtained at Delta T=70 K generated by physical heating or NIR irradiation, indicating a large Seebeck coefficient of 6.38 mV K-1 and an optimized thermal power at 1.2 W m(-2). The polyoxovanadate-ionic liquid system offers a new platform for efficiently utilizing not only low-grade thermal energy but also solar energy for electricity generation.",polyoxovanadate NiV14 in ionic liquid,NiV14 NIR photothermal conversion creates temperature gradients while multiple ions provide synergistic thermodiffusive and thermogalvanic voltage
Temperature effect upon the thermoelectrochemical potential generated between lithium metal and lithium ion intercalation electrodes in symmetric and asymmetric battery arrangements,ELECTROCHEMISTRY COMMUNICATIONS,10.1016/j.elecom.2017.12.005,2018,"The evaluation of batteries under thermal gradients is essential for safety and longevity reasons, and to investigate power generation via the thermogalvanic effect. The thermogalvanic Seebeck coefficient of lithium metal (+ 1.0 mV.K-1) and solid lithium ferri/ferrocyanide intercalation electrodes (-0.6 mV.K-1) were determined. The measured Seebeck coefficients of identical asymmetric cells containing both electrodes deviated from the expected values, having Seebeck coefficients which also varied as a function of thermal conditions (+ 0.7 to + 4.3 mV.K-1). This work demonstrates that the thermal responses of asymmetric battery assemblies are more complex than predicted based upon their individual half-cell performances in symmetric cells.",lithium metal and solid lithium ferri/ferrocyanide intercalation electrodes in symmetric/asymmetric cells,individual electrode thermogalvanic Seebeck coefficients combine nonlinearly in asymmetric battery assemblies under thermal gradients
Enhanced Thermoelectric Power in Ionic Liquids,CHEMELECTROCHEM,10.1002/celc.201300074,2014,"The thiolate/disulfide organic redox couple (McMT (-) /BMT), derived from 2-mercapto-5-methyl-1,3,4-thiadiazole (McMT), recently proposed as an alternative to usual inorganic couples in dye-sensitized solar cells, exhibits a remarkable reversibility and stability in a thermogalvanic cell containing a 1-ethyl-3methyimidazolium tetrafluoroborate/acetonitrile (EMIMBF4/AN) mixture. The thermoelectric power depends strongly on concentrations of both the ionic liquid and the redox couple. It is enhanced by a factor of six at high ionic-liquid concentrations. The control of these parameters can be used to enhance the thermopower and the thermoelectric efficiency of future ionicliquid thermocells.",McMT-/BMT thiolate/disulfide organic redox couple in EMIMBF4/acetonitrile ionic-liquid mixture,"ionic-liquid and redox-couple concentrations tune thermogalvanic reversibility, stability, and enhanced thermopower"
Thermodynamic description of heat and spin transport in magnetic nanostructures - art. no. 024419,PHYSICAL REVIEW B,10.1103/PhysRevB.73.024419,2006,"Spin-dependent heat and charge transport perpendicular to the plane of magnetic Co/Cu multilayers was studied experimentally and interpreted in the framework of the thermodynamics of irreversible processes. The thermogalvanic voltage(TGV) is introduced. It measures the ac voltage response to a small temperature oscillation while a dc current is driven through the sample. TGV presents a magnetic response (MTGV) of 50%, much larger than magnetoresistance (GMR) and the magneto-thermoelectrical power (MTEP). The linear equations for transport of heat, charge, and spin-polarized currents in magnetic and nonmagnetic mediums are applied to a multilayer structure. The role of spin mixing in GMR, MTEP, and MTGV is shown. In particular, the asymmetry of the spin-mixing gives rise to spin-dependent effective Peltier coefficients. The three measurements can be accounted for with two parameters expressing the spin dependence of the transport coefficients.",Co/Cu magnetic multilayers and related spin-dependent nanostructures,temperature oscillation under dc current creates thermogalvanic voltage sensitive to spin-dependent Peltier coefficients and spin mixing
Novel carbon materials for thermal energy harvesting,JOURNAL OF THERMAL ANALYSIS AND CALORIMETRY,10.1007/s10973-012-2311-9,2012,"To decrease the consumption of fossil fuels, research has been done on utilizing low grade heat, sourced from industrial waste streams. One promising thermoenergy conversion system is a thermogalvanic cell; it consists of two identical electrodes held at different temperatures that are placed in contact with a redox-based electrolyte [1, 2]. The temperature dependence of the direction of redox reactions allows power to be extracted from the cell [3, 4]. This study aims to increase the power conversion efficiency and reduce the cost of thermogalvanic cells by optimizing the electrolyte and utilizing a carbon based electromaterial, reduced graphene oxide, as electrodes. Thermal conductivity measurements of the K3Fe(CN)(6)/K4Fe(CN)(6) solutions used, indicate that the thermal conductivity decreases from 0.591 to 0.547 W/m K as the concentration is increased from 0.1 to 0.4 M. The lower thermal conductivity allowed a larger temperature gradient to be maintained in the cell. Increasing the electrolyte concentration also resulted in higher power densities, brought about by a decrease in the ohmic overpotential of the cell, which allowed higher values of short circuit current to be generated. The concentration of 0.4 M K3Fe(CN)(6)/K4Fe(CN)(6) is optimal for thermal harvesting applications using R-GO electrodes due to the synergistic effect of the reduction in thermal flux across the cell and the enhancement of power output, on the overall power conversion efficiency. The maximum mass power density obtained using R-GO electrodes was 25.51 W/kg (three orders of magnitude higher than platinum) at a temperature difference of 60 A degrees C and a K3Fe(CN)(6)/K4Fe(CN)(6) concentration of 0.4 M.",reduced graphene oxide electrodes with K3/K4[Fe(CN)6] thermogalvanic electrolyte,"higher ferri/ferrocyanide concentration lowers thermal conductivity and ohmic overpotential, while R-GO provides high mass-specific power"
Contribution of the flowing conditions to the galvanic corrosion of the copper/AISI 316L coupling in highly concentrated LiBr solutions,CORROSION SCIENCE,10.1016/j.corsci.2012.10.039,2013,"The galvanic corrosion of copper/AISI 316L stainless steel couples has been studied under different temperatures and flowing conditions in heavy LiBr brines. The mixed potential theory, zero-resistance ammeter and weight loss measurements were performed. Temperature and Reynolds number increase galvanic corrosion rates of copper. Statistical analysis by means of multilevel factorial design reveals that temperature greatly affects galvanic current densities. Additionally, the mixed potential theory suggests that thermogalvanic corrosion may occur when the materials of the pair work at different temperatures. The most important increase of current densities due to thermogalvanic effects takes place at high Reynolds numbers with the highest difference of temperature between copper/AISI 316L pairs and the anode operating at 25 degrees C. The results obtained with the different techniques are in good agreement. (C) 2012 Elsevier Ltd. All rights reserved.",copper/AISI 316L stainless steel couples in concentrated LiBr brines,"temperature and flow rate increase galvanic and possible thermogalvanic corrosion currents, especially with cold copper anode"
Thermobattery based on CNT Coated Carbon Textile and Thermoelectric Electrolyte,INTERNATIONAL JOURNAL OF PRECISION ENGINEERING AND MANUFACTURING,10.1007/s12541-015-0162-6,2015,"In this work, we report a thermobattery that can efficiently harvest low-grade waste heat. The thermobattery utilizes temperature dependence of ferri/ferrocyanide (Fe(CN)(6)(3-)/Fe(CN)(6)(4-)) redox potential and employs the porous carbon textile electrode that is coated with single-walled carbon nanotube (SWNT). Simple and scalable dipping and drying process was applied to prepare the SWNT coated textile electrodes (SWNT-CT). The SWNT coating not only decreases the sheet conductance of the textile remarkably but also provides the number of available reaction sites for thermogalvanic conversion, resulting in improving electrical outputs. The capability for power generation in the thermobattery was quantitatively investigated by measuring potential versus current curves. Discharge behavior of the thermobattery was also discussed to provide an understanding of the internal resistances that limit output electrical power.",SWNT-coated carbon textile electrodes with Fe(CN)6 3-/4- thermoelectric electrolyte,SWNT coating lowers textile sheet resistance and increases redox reaction sites for thermogalvanic conversion
THERMOELECTRIC EFFECTS IN ELECTROCHEMICAL SYSTEMS,INDUSTRIAL & ENGINEERING CHEMISTRY RESEARCH,10.1021/ie00037a005,1995,"Fundamental multicomponent transport equations, including thermal diffusion and the Dufour energy flux density, are applied to electrolytic solutions and the electrode interface to clarify the quantitative description of heat generation at an interface and its relationship to the temperature dependence of the open-circuit potential of thermogalvanic cells.",electrolytic solutions and electrode interfaces described by multicomponent transport equations,thermal diffusion and Dufour energy flux explain interfacial heat generation and temperature-dependent open-circuit potentials
The role of temperature gradients in residential copper pipe corrosion,CORROSION SCIENCE,10.1016/j.corsci.2003.11.001,2004,"Experiments were conducted to determine the effect of sustained temperature gradients of approximate to20 degreesC on copper pipe corrosion under stagnant conditions in simulated potable water. An apparatus was constructed to (1) apply realistic temperature gradients to the pipes, (2) monitor copper release to the water, and (3) measure thermogalvanic currents between the warm and cold sections of pipe. The orientation of the pipe in relation to the temperature gradients determined whether convection currents developed that promoted mixing during stagnation, and this influenced the magnitude of the temperature gradient in the pipe. The temperature gradient led to significant sustained thermogalvanic currents. Mixing of the water within the pipe also influenced copper leaching and scale build-up. (C) 2004 Elsevier Ltd. All rights reserved.",residential copper pipes in simulated potable water under sustained temperature gradients,temperature gradients and convection generate sustained thermogalvanic currents affecting copper leaching and scale buildup
Some approaches to novel molten salt electrochemical processes,ELECTROCHEMISTRY,10.5796/electrochemistry.68.88,2000,"This review article describes some selected novel molten salt electrochemical processes which have been challenged bg the author and his co-workers. Metallic Na is produced with high current efficiency by the electrolysis of molten NaCl-ZnCl2 or NaOH using beta-alumina diaphragm. Two kinds of chlorine recovery from HCl gas are possible by electrochemical processes in molten LiCl-KCl. A novel SiH4, production method has been proposed by the use of Si electrode ill a molten LiCl-KCl-LiH system. N-2 gas is cathodically reduced to form N3(-) ion in molten LiCl-KCl which encourages the author to develop new applications, e.g., Li-N-2 thermally regenerative fuel cell and thermogalvanic cell. Electrochemical implantation of nitrogen to form various metal nitrides is possible by the use of anodic reaction of N3- ion in a molten LiCl-KCl-Li3N system. Electrochemical implantation and displantation carl be applied to form transition metal-rare earth alloys in molten LiCl-KCl containing rare earth chloride. Finally, as non-conventional electrochemical reactions, discharge electrolysis to form fine metal or carbon particles and electrochemical plantation of Zr on ceramics are introduced.","molten-salt electrochemical systems including NaCl-ZnCl2, NaOH, LiCl-KCl-HCl, LiCl-KCl-LiH, LiCl-KCl-Li3N",reviewed molten-salt processes include thermally regenerative fuel/thermogalvanic cells based on N2/N3- and other high-temperature electrochemical reactions
Thermoelectrochemical determination of standard entropy parameters for hydrogen ion in water-methanol solutions,RUSSIAN JOURNAL OF ELECTROCHEMISTRY,10.1007/BF02757505,2000,"The initial temperature coefficients are measured for the voltage of a thermogalvanic cell composed of two silver chloride electrodes in water-methanol solutions (WMS) of hydrogen chlorite at 298 K. The experimental results and earlier studies of thermoelectric properties of WMS of alkali metal halides are used to determine the entropy and partial molar entropy of the hydrogen ion moving in solution, the entropy change during its solvation, and the entropy carried by the hydrogen ion and a stoichiometric mixture of H+ and Cl- ions in various WMS. The influence of composition of a mixed solvent on the entropy characteristics of the hydrogen ion is analyzed.",silver chloride thermogalvanic electrodes in HCl water-methanol solutions,temperature coefficients determine hydrogen-ion solvation/transfer entropies and entropy carried by H+/Cl- in mixed solvents
"Thermal diffusion of hydrogen chloride in aqueous solutions of N,N-dimethylformamide and acetone",RUSSIAN JOURNAL OF PHYSICAL CHEMISTRY A,10.1134/S0036024409070127,2009,"The initial and stationary temperature coefficients of voltage were measured at 298.15 K for symmetrical thermogalvanic cells with silver-chloride and quinhydrone electrodes in the HCl-H2O-S systems (S is N,N-dimethylformamide or acetone) to determine Soret coefficients, the standard entropies of thermal diffusion transfer of hydrogen chloride, and the standard entropies of H+ and Cl- ions moving in water mixtures with N,N-dimethylformamide and acetone. The Agar model was used to calculate the standard entropies of thermal diffusion transfer of ions and the standard partial molar entropies of the H+ and Cl- ions.",AgCl and quinhydrone thermogalvanic cells in HCl-water-DMF or HCl-water-acetone,initial/stationary voltage temperature coefficients yield Soret coefficients and ion thermal-diffusion entropies
Spin mixing processes in magnetic nanostructures detected by thermoelectric measurements,EPL,10.1209/0295-5075/77/17002,2007,"Spin-dependent transport properties of magnetic nanostructures have been investigated by means of magneto-thermogalvanic voltage measurements: the ac voltage response to an ac temperature oscillation is measured for various magnetic nanostructures under dc current. The samples studied include Co/Cu multilayered nanowires, homogeneous Ni nanowires and cobalt clusters embedded in copper films. The magnetic field dependence of this signal is always larger than the magneto-resistance (MR) and may be anisotropic even when the MR is not. A thermodynamic argument introduces spin mixing as the main process measured by this novel thermoelectric measurement technique. This effect is not observed in magnetite as can be justified by the absence of an accessible second spin channel.","Co/Cu multilayered nanowires, Ni nanowires, and cobalt clusters in copper films",magneto-thermogalvanic voltage detects spin mixing and spin-channel-dependent heat/charge transport beyond magnetoresistance
The entropies of solvation and transfer of ions in the water-ethanol binary system at 298.15 K,RUSSIAN JOURNAL OF PHYSICAL CHEMISTRY,,2005,The entropies of solvation and transfer of ions in aqueous ethanol were determined from the data obtained by measuring the initial and stationary temperature coefficients of the voltage of thermogalvanic circuits with silver-chloride and quinhydrone electrodes in the system HCl-H2O-C2H5OH. The influence of the composition of the mixed solvent and the nature of the ions on the entropy characteristics was analyzed.,AgCl/quinhydrone thermogalvanic circuits in HCl-water-ethanol,temperature-voltage coefficients determine ion solvation and transfer entropies in aqueous ethanol
Entropy characteristic of solvation and thermal diffusion of hydrogen chloride in water-1-propanol solutions: A thermoelectrochemical determination,RUSSIAN JOURNAL OF ELECTROCHEMISTRY,10.1134/S1023193506090102,2006,"Thermogalvanic cells with silver chloride and quinhydrone electrodes in the HCl-H2O-1-PrOH system are studied experimentally. The results are used to determine standard entropies of thermal diffusion transport of hydrogen chloride, entropies of mobile H+ and Cl- ions, and Soret coefficients of the electrolyte at 298 K. Thermal diffusion entropies and partial molar entropies of said ions in water-1-propanol solutions are calculated within the Agar model. The results are interpreted with the application of basic concepts of the De Bethune theory concerning thermal diffusion transport in electrolytes.",AgCl and quinhydrone electrodes in HCl-water-1-propanol,thermogalvanic measurements calculate HCl Soret coefficients and mobile H+/Cl- entropies via De Bethune/Agar models
The behavior of higher manganese silicide single crystals under electrochemical treatment,TECHNICAL PHYSICS,10.1134/1.1307026,2000,"For higher manganese silicide single crystals of certain geometry and superstructure orientation, an unusual metallization process is observed. This anomaly can be associated either with bulk processes similar to thermogalvanic effects or with the carrier redistribution in the near-surface regions that is due to the high thermoelectric power anisotropy and complex crystal structure. (C) 2000 MAIK Nauka/Interperiodica.",higher manganese silicide single crystals under electrochemical treatment,thermoelectric anisotropy and complex crystal structure may cause carrier redistribution or bulk thermogalvanic-like metallization
USE OF SOLID-ELECTROLYTE CELL AS AN ACTIVE LOW-TEMPERATURE SENSOR,SENSORS AND ACTUATORS A-PHYSICAL,10.1016/0924-4247(94)00778-0,1994,"A novel type of thermogalvanic temperature sensor using a solid-electrolyte cell is reported. As compared to normal thermocouples (sensitivity 0.1 mV/K), this sensor has higher sensitivity (0.2 mV/K), is hysteresis free and linear in the low-temperature range. Various other possible advantages are indicated to make it worth further study.",solid-electrolyte thermogalvanic temperature sensor,solid-electrolyte cell voltage changes linearly with low-temperature variation for active high-sensitivity sensing
Complex diagnostics of the corrosion of heat exchangers,PROTECTION OF METALS,,1996,"The thermogalvanic and heat-transfer corrosion of carbon steel and copper in hydrocarbonate and chloride media were studied with experimental models simulating operation conditions of heat exchange equipment. Being capable of significantly (from 2 to 7 times) increasing the total losses and either intensifying or mitigating the local damage, these kinds of corrosion must be taken into account when complexly diagnosing the corrosion of heat transferring surfaces.",carbon steel and copper heat-exchanger models in hydrocarbonate and chloride media,thermogalvanic and heat-transfer corrosion can amplify total losses and local damage under heat-exchanger conditions
The thermal diffusion of hydrogen chloride in aqueous solutions of acetonitrile,RUSSIAN JOURNAL OF PHYSICAL CHEMISTRY,10.1134/S0036024406090135,2006,The results obtained in measurements of the initial and stationary temperature voltage coefficients of symmetrical thermogalvanic elements with silver-chloride and quinhydron electrodes in the HCl-H2O-CH3CN system at 298.15 K were used to determine the Soret coefficients and standard entropies of thermal diffusion transfer of hydrogen chloride and the entropies of the H+ and Cl- ions moving in solution. The results obtained are discussed using the De Bethune thermal diffusion model and the Agar theory.,AgCl/quinhydrone thermogalvanic elements in HCl-water-acetonitrile,temperature-voltage coefficients determine Soret coefficients and H+/Cl- thermal diffusion entropies in acetonitrile-water
Standard characteristics of thermodiffusion of hydrogen chloride in the water-2-propanol system at 298.15 K,RUSSIAN JOURNAL OF PHYSICAL CHEMISTRY,10.1134/S0036024406070259,2006,"The initial and stationary temperature voltage coefficients for symmetric thermogalvanic cells with silver/silver chloride and quinhydrone electrodes in the HCl-H2O-2-PrOH system are measured at 298.15 K. From the experimental data obtained, the standard entropies of thermodiffusional transfer of the electrolyte, the standard entropies of moving hydrogen and chlorine ions, and the Soret coefficients of HCl in aqueous solutions of 2-propanol are calculated. The influence of the composition of the mixed solvent and the nature of ions on the entropy characteristics is discussed.",Ag/AgCl and quinhydrone thermogalvanic cells in HCl-water-2-propanol,symmetric thermogalvanic cells determine thermodiffusion entropies and Soret coefficients of HCl in aqueous 2-propanol
Electrochemical determination of standard thermal diffusion characteristics for chlorides of hydrogen and potassium in water-ethanol solutions,RUSSIAN JOURNAL OF ELECTROCHEMISTRY,10.1134/S1023193506090047,2006,"Initial and steady-state temperature coefficients of the voltage generated by thermogalvanic cells comprising silver chloride and quinhydrone electrodes in the systems HCl-H2O-C2H5OH and KCI-H2O-CH5OH are determined. Standard thermal diffusion Soret coefficients, the entropy of thermal diffusion transport of electrolytes, and the entropy of mobile ions H+, K+, and Cl- are calculated for 298 K. The effect the nature of ions and the solvent composition exert on the obtained thermal diffusion transport characteristics is considered in terms of the De Bethune theory.",AgCl/quinhydrone thermogalvanic cells in HCl-water-ethanol and KCl-water-ethanol,"temperature coefficients quantify H+, K+, and Cl- thermal diffusion transport and solvent-composition effects"
High performance eutectogel-based thermocell with a wide operating temperature range through a water-containing deep eutectic solvent strategy,CHEMICAL ENGINEERING JOURNAL,10.1016/j.cej.2025.159714,2025,"Flexible ionic thermoelectric (i-TE) quasi-solid cells provide an electrolyte leak free, easy-operation and mechanically adaptable route to low-grade heat harvest. However, limited by freezing and evaporation, the hydrogel-based thermocell exhibits environmental instability and has difficulty functioning at low temperatures. Herein, we develop a high-performance cryo-temperature i-TE eutectogel using a water-containing deep eutectic solvent (DES) strategy. The water containing DES is intentionally utilized to modulate the solvent shell structure of redox couple and expand the operation temperature range of i-TE eutectogel cell. Moreover, appropriate amount of water can increase the solubility of [Fe(CN)6]3-/4- , while maintaining the eutectic properties of DES. Subsequently, a double-network polymer gel is constructed to prevent liquid electrolyte leakage and provide the flexibility and operability of the i-TE cell. After synergistic optimization of the solvent and the polymer network, the Seebeck coefficient of the fabricated i-TE eutectogel cell reaches 2.06 mV/K. In a 20-cell prototype module, the current and voltage at Delta T = 8.3 K are 0.033 mA and 0.33 V, respectively. The DES endows this cell wide operable temperature ranging from-60 degrees C to 80 degrees C. The anti-freezing capability of this eutectogel cell offer a new strategy for fabricating gel-based thermocell required in frigid regions.",water-containing deep-eutectic-solvent double-network eutectogel with [Fe(CN)6]3-/4-,"DES/water modulates redox solvent shells, improves ferri/ferrocyanide solubility, prevents freezing/evaporation, and widens operating range"
Water-Thermal Self-Cycling Thermoelectric Hydrogel for Continuous Energy Harvesting from Body Heat,ADVANCED ENERGY MATERIALS,10.1002/aenm.202500540,2025,"The ability to continuously harvest energy from the human body has immense potential for powering wearable devices and biomedical systems, yet current thermoelectric hydrogels are constrained by rapid dehydration, limiting operational lifespans to less than 120 m and achieving temperature gradients of only approximate to 5 degrees C. Here, a self-cycling thermoelectric hydrogel is presented that addresses these challenges by autonomously regulating water-thermal cycling. This strategy achieves a maximum temperature gradient of 13 degrees C-more than 2.6 times the state-of-the-art-and maintains stable thermoelectric output for over 1500 min, the longest lifespan reported for such materials. Additionally, the hydrogel fully recovers hydration within 5 h, enabling robust reusability. Mechanistic studies reveal that optimized ionic interactions enhance thermal diffusion and elevate the Seebeck coefficient to 4.1 mV K-1. This study introduces a scalable design for wearable thermoelectric materials, paving the way for advancements in health monitoring, environmental sensing, and wearable electronics.",self-cycling thermoelectric hydrogel for body heat harvesting,"autonomous water-thermal cycling and optimized ionic interactions preserve hydration, enlarge temperature gradient, and raise Seebeck coefficient"
Dual-modal hydrogels with synergistically enhanced mechanical-thermoelectric performance for intelligent wearable sensing and automotive temperature feedback systems,NANO ENERGY,10.1016/j.nanoen.2025.111057,2025,"The advancement of flexible quasi-solid-state thermoelectric cells (TECs) presents new possibilities for wearable electronics. However, challenges such as mechanical strength, temperature sensitivity, and limited power output hinder broader applications. This study proposes a dual strategy to enhance both mechanical properties and thermoelectrochemical performance of TECs using [Fe(CN)6]3-/4-. By leveraging the Hofmeister effect and non-covalent interactions, the mechanical strength of NIPAM hydrogel electrolytes was increased from 4.86 kPa to 38.9 kPa through the addition of [2-(methacryloxy)ethyl]dimethyl-(3-sulfonatopropyl)ammonium hydroxide (MEMSA) and polar solvent DMF, achieving an extensibility of nearly 2500 %. Additionally, modifications with MEMSA hydroxide and guanidine hydrochloride improved the solvation structure of [Fe(CN)6]3-, resulting in an enhanced Seebeck coefficient from 0.72 to 5.632 mV K-1. The developed quasi-solid-state TECs demonstrated a power density of 0.624 mW m-2 & sdot;K-2, showing marked performance improvements. The material's properties, based on NIPAM and MEMSA, also support a wide operating temperature range. Furthermore, an intelligent remote-controlled car was designed featuring a temperature feedback system powered by deep learning algorithms, allowing for real-time monitoring and control, thus showcasing significant potential for future wearable electronic applications.",NIPAM/MEMSA/DMF hydrogel electrolyte with [Fe(CN)6]3-/4- and guanidine hydrochloride,Hofmeister/non-covalent interactions strengthen hydrogel while MEMSA/GdmCl tune ferricyanide solvation to enhance Seebeck coefficient
Ion transport control in electrolytes via electrochemical doping,PROCEEDINGS OF THE NATIONAL ACADEMY OF SCIENCES OF THE UNITED STATES OF AMERICA,10.1073/pnas.2532302123,2026,"Doping to control carrier (electron or hole) transport is foundational to modulate the properties of semiconductors, enabling the development of homojunctions and heterodominance, both cations and anions in electrolytes are mobile, which is undesirable for many applications. Here, we report a universal strategy to dope electrolytes such that the ion transport can be unipolar by incorporating electroactive polymers within hydrogels that interact discriminately with one type of ion via redox and binding mechanisms, leaving the counterions mobile. This transforms the system into an active, selective conductor that directs ion flow with high precision. We demonstrate the generality of this strategy using a wide range of electroactive polymers and ions. Particularly, we use emeraldine base and leucoemeraldine base, derived from polyaniline to create both n-type and p-type conductors with high ion selectivity. This electrolyte doping strategy has significant implications beyond the developed thermoelectrochemical devices with boosted performance, with potential applications in supercapacitors, batteries, and electrochemical sensors.",electroactive polymer-doped hydrogels using polyaniline emeraldine base/leucoemeraldine base and mobile counterions,redox/binding interactions immobilize one ion type and create selective n/p unipolar ion transport for boosted thermoelectrochemical devices
Simultaneously Modulating Solvation and Water Structure for High-Performance Antifreezing n-Type Liquid Thermocells,ACS MATERIALS LETTERS,10.1021/acsmaterialslett.4c02193,2025,"Emerging ionic thermoelectric (i-TE) modules consisting of p-n liquid thermocell arrays provide compact and cost-effective ways to achieve low-grade heat harvesting. Despite exciting progress in p-type thermocells, high-performance n-type thermocells remain underdeveloped. Here we present an n-type liquid thermocell with a cosolvent antifreezing electrolyte showing enhanced thermopower, record-high efficiency and power density, and the capability to harness both low-grade heat and subfreezing coldness. Acetonitrile is used as the cosolvent molecule with water that can selectively pair with the reduced metal ion only and simultaneously disrupts the water structure. By tailoring these molecular interactions, we achieved a record-high Carnot-relative efficiency of 1.9% among reported n-type thermocells, and a power density of 5.5 W/m2 at the hot/cold temperatures of 69.8 degrees C and -19.5 degrees C, respectively. Our work marks an important advancement in i-TE technology in terms of both molecular insights and the preparation of high-performance n-type liquid thermocells for low-grade heat harvesting.",n-type liquid thermocell with acetonitrile/water cosolvent antifreezing electrolyte and reduced metal ion pair,"acetonitrile selectively solvates reduced metal ion and disrupts water structure, enhancing n-type thermopower and subfreezing operation"
Antisolvent engineering enhanced high-entropy liquid flow thermocells with giant power densities for low-grade heat harvesting,ENERGY & ENVIRONMENTAL SCIENCE,10.1039/d5ee04880j,2026,"Liquid-flow ionic thermocells (LiTCs) with high thermoelectric performance are promising candidates for low-grade waste heat harvesting. However, they are significantly hindered by the low normalized maximum power density (P-max/Delta T-2) due to the limited solvation entropy increase of redox ions. Herein, a cost-effective and facile strategy for enhancing the solvation entropy increase of redox ions is proposed through antisolvent engineering, which significantly improved the ionic thermoelectric performance of LiTCs. An antisolvent (ethanol) of redox ions was introduced into the equimolar aqueous solutions of reductant and oxidant (K4Fe(CN)(6)/K3Fe(CN)(6)) flowed separately within the Y-shaped channel of LiTCs. The presence of the antisolvent would induce the agglomeration of Fe(CN)(6)(4-) ions due to the competitive effect of antisolvent molecules with low polarity parameters, thereby reducing the interfacial free energy with water molecules and increasing the disorder within its solvation shell. This process would enhance the solvation entropy increase of redox ions through the intercalation of an ethanol molecule into the first solvation shell of Fe(CN)(6)(4-) at certain ethanol content, thus significantly promoting the thermogalvanic effect. As a result, antisolvent engineering can achieve the giant ionic thermopower of -58.8 mV K-1 and P-max/Delta T-2 of 64.5 mW m(-2) K-2, which is ca. 100 times that of conventional ionic thermocells. Consequently, the Carnot-relative efficiency had the highest value of 11.8% until now, and significantly exceeded the predicted commercialization threshold (similar to 5%). The high-entropy LiTCs with competitive cost-performance metric (1.01 $ W-1) and low temperature resistance (<-10 degrees C) would have enormous potential for commercial application.",K4Fe(CN)6/K3Fe(CN)6 aqueous liquid-flow thermocells with ethanol antisolvent in Y-shaped channel,"ethanol intercalates into ferrocyanide solvation shell and increases solvation entropy/disorder, greatly boosting thermogalvanic power"
"A Room-Temperature Excessively Concentrated Polyanionic Polymer Hydrogel Thermocell with High Absorbency, Retainability and Extensibility",ACS APPLIED ENERGY MATERIALS,10.1021/acsaem.5c00167,2025,"Thermo-electrochemical cells (thermocells) with high Seebeck coefficients hold great potential for low-grade heat recovery and low-power electronic applications such as wearable devices and wireless sensors. Hydrogel-based thermocells, which eliminate leakage risks, offer greater convenience and flexibility compared to liquid thermocells in real-world applications. However, hydrogel thermocells still suffer from low power density and limited mechanical performance. Sodium polyacrylate (PANa) hydrogels, with their abundant carboxylate groups, reduce mass transfer resistance for [Fe(CN)6]3-/K4[Fe(CN)6]4- redox couples, while also outperforming widely studied polyacrylamide-based hydrogels in terms of absorption capacity and moisture retention. In light of this, we developed a polyanionic polymer hydrogel thermocell composed of sodium polyacrylate cross-linked with sodium alginate (PANa-SA), which demonstrates an extensibility of 314%, a swelling rate of 571% in 0.4 M equimolar K3[Fe(CN)6]/K4[Fe(CN)6] solutions, and a moisture retainability of 94% over 4 weeks. Furthermore, the PANa-SA hydrogel thermocell exhibits a 35.9% higher normalized power density P max/Delta T 2 compared to that of conventional polyacrylamide-based hydrogel thermocells. Additionally, since thermocells with higher electrolyte concentrations tend to exhibit superior performance, we successfully achieved a stable 0.8 M excessively concentrated PANa-SA hydrogel thermocell at room temperature, delivering a 20% increase in P max/Delta T 2. Moreover, we developed a quasi-stable 1.0 M hydrogel thermocell, which achieves a 134.5% increase in P max/Delta T 2 compared to that of the standard 0.4 M sample. These findings present a universal and effective strategy for enhancing the output performance of hydrogel thermocells by introducing excessive electrolyte concentrations via a simple heated-solution immersion method.",PANa-SA polyanionic hydrogel thermocell with concentrated K3/K4[Fe(CN)6],"carboxylate-rich sodium polyacrylate/sodium alginate lowers redox mass-transfer resistance and retains water, enabling high-concentration ferri/ferrocyanide output"
Convection Effect on Resistance Components in Liquid Thermoelectric Converter,JOURNAL OF THE PHYSICAL SOCIETY OF JAPAN,10.7566/JPSJ.95.044601,2026,"Device resistance R of liquid thermoelectric convertor (LTE) is composed not only of solution resistance Rs and charge-transfer resistance Rct, but also of diffusion resistance Rdif due to mass transfer of reactants. Here, we applied the rotating disk electrode (RDE) method to investigate the effect of convective mass transfer on Rs, Rct, and Rdif. We found that Rdif decreases rapidly as the angular velocity w increased, while Rs and Rct were independent on w. This is basically because the convective mass transfer complements the diffusive mass transfer. Observed w dependence of Rdif is quantitatively reproduced by incorporating w dependence of the diffusion layer thickness S.",liquid thermoelectric converter analyzed with rotating disk electrode,convective mass transfer reduces diffusion resistance while solution and charge-transfer resistances remain largely unchanged
Role of strong electrolytes on resistivity components in a liquid themoelectronic converter,JAPANESE JOURNAL OF APPLIED PHYSICS,10.35848/1347-4065/ae2ec1,2026,"A liquid thermoelectric converter (LTE) converts environmental heat into electric power via the electrochemical Seebeck coefficient alpha. To enhance the maximum ( Wmax = alpha 2 Delta T24R , where Delta T and R are the temperature difference and device resistance, respectively) power, we should reduce R. Here, we systematically investigated the effect of a strong (supporting) electrolyte (NaClO4) on R and its components, i.e., solution (Rs), charge-transfer (Rct), and diffusion (Rdif) resistances, in aqueous and methanol (MeOH) LTEs containing mFe moles of Fe(ClO4)2 and Fe(ClO4)3. The addition of NaClO4 instead of Fe(ClO4)2/Fe(ClO4)3 decreases Rs while increasing Rct and Rdif. We proposed empirical equations for Rs, Rct, and Rdif as functions of viscosity (eta) of electrolyte and concentrations of redox electrolyte (mFe) and added NaClO4 (mNa).",Fe(ClO4)2/Fe(ClO4)3 aqueous and methanol liquid thermoelectric converters with NaClO4 supporting electrolyte,supporting electrolyte lowers solution resistance but raises charge-transfer/diffusion resistance through viscosity and concentration effects
High-Performance Cu-Based Liquid Thermocells Enabled by Thermosensitive Crystallization and Etched Carbon Cloth Electrode,NANO-MICRO LETTERS,10.1007/s40820-025-01977-w,2026,"Thermocells are garnering increasing attention as a promising thermoelectric technology for harvesting low-grade heat. However, their performance is often limited by the scarcity of high-performance redox couples that possess both high thermopower and rapid redox kinetics. This work addresses this challenge by leveraging our recently developed copper (I/II) (Cu+/Cu2+) redox couple. We significantly enhance the performance of Cu-based liquid thermocells by integrating a thermosensitive crystallization process with etched carbon cloth electrodes, achieving synergistic improvements in thermodynamic and kinetic performance. The thermosensitive crystallization process establishes a persistent Cu2+ concentration gradient, boosting the thermopower from 1.47 to 2.93 mV K-1. Moreover, the etched carbon cloth electrodes provide a larger electroactive surface area and demonstrate a higher current density. Consequently, the optimized Cu+/Cu2+ system achieved an exceptional normalized power density Pmax (Delta T)-2 of 3.97 mW m-2 K-2. A thermocell module comprised of 20 cells directly power various electronic devices at a temperature difference of 40 K. This work successfully exhibits potential of Cu+/Cu2+ redox couple in thermoelectric conversion and introduces a valuable redox couple for high-performance thermocells.",Cu+/Cu2+ liquid thermocells with thermosensitive crystallization and etched carbon cloth electrodes,Cu2+ crystallization sustains concentration gradient for higher thermopower; etched carbon cloth accelerates redox kinetics
Adiabatic Thermal Runaway Behaviors of Lithium-Ion Batteries With High-Capacity Cathodes (LiNi0.9Co0.05Mn0.05 O2 and LiFePO4) at the Cell Level: A Comparative Study,JOURNAL OF ELECTROCHEMICAL ENERGY CONVERSION AND STORAGE,10.1115/1.4071375,2026,"To address the research gap in the adiabatic thermal runaway (TR) characteristics of large-capacity lithium-ion battery cells (> 100 Ah)-specifically lithium iron phosphate (LiFePO4, LFP) and LiNi0.9Co0.05Mn0.05O2 (NCM90.50.5) cells-this study systematically investigated the TR processes of 129 Ah NCM90.50.5 cells and 107 Ah LFP cells under a unified experimental environment using an accelerating rate calorimeter (ARC). The aim was to reveal the differential mechanisms of TR between the two cell types. Through ARC testing, the TR process of the cells was divided into four stages, and a heat generation model based on the Arrhenius equation was established. The results showed that for the NCM90.50.5 cell: the self-heating onset temperature (T1) was 102.3 degrees C, the TR trigger temperature (T2) was 156.5 degrees C, and the valve-opening temperature coincided with the trigger temperature (T-vent = T-2). The warning time from voltage fluctuation to TR was only 256 s, and the maximum TR temperature (T3) reached up to 1000 degrees C. In contrast, for the LFP cell: T1 was 90.7 degrees C, and T2 was 189.7 degrees C. The early warning time from the first battery voltage fluctuation to thermal runaway reaches as long as 8600 s, and T3 peaked at 491 degrees C. Additionally, the double-jellyroll structure of the LFP cell induced a secondary thermal reaction at the final stage of TR. Kinetic fitting results indicated that the heat generation model for the NCM90.50.5 cell was y = 7.2 & times; 10(-22)& centerdot;(T(t)/T)(9.77). Its temperature sensitivity (exponent b = 9.77) was significantly higher than that of the LFP cell (b = 3.195), demonstrating that the NCM cell exhibits more intense TR reactions and a faster rate of reaction acceleration.",129 Ah LiNi0.9Co0.05Mn0.05O2 and 107 Ah LiFePO4 lithium-ion cells,"different cathode chemistries and heat-generation kinetics produce distinct adiabatic thermal-runaway onset, warning time, and peak temperature"
Giant and bidirectionally tunable ionic thermopower in Cu-based liquid flow thermocells enabled by solvation entropy for low-grade heat harvesting,JOURNAL OF MATERIALS CHEMISTRY A,10.1039/d5ta05193b,2025,"Ionic thermocells (iTCs) are promising candidates for efficiently harvesting low-grade waste heat. Their integration inevitably requires different p/n-type redox units in series to output sufficient voltage. However, the possible redox pairs are fairly limited, especially n-type, and furthermore the precious metals used as electrodes are commonly adopted to improve the power density, which significantly increases the complexity and cost of the integrated device. Herein, we demonstrated a cost-effective and facile high-entropy Cu-based liquid-flow thermocell (LiTC) with giant and bidirectional ionic thermopower (Si) through tunable solvation entropy. The Cu-based LiTCs consisted of a Y-shaped channel with Cu electrodes as the walls and CuSO4/H2SO4 injected separately from Y-shaped inlets. The significant change in solvation entropy induced by the interaction of Cu2+ and H+/SO42- can achieve n-p conversion and present a tunable Si range of -33 similar to +2.8 mV K-1 for different CuSO4 concentrations, which are 4.7-55 times higher than those of pristine iTCs. The Pmax/Delta T2 can reach the highest value of 1.58 mW m-2 K-2 with separate flows of 0.01 mol L-1 CuSO4 and 0.1 mol L-1 H2SO4 by using foam Cu electrodes, higher than the previous Pmax/Delta T2 records of Cu-based iTCs. The Cu-based LiTCs with a low cost-performance metric of similar to 1.15 $ W-1 and electrolyte forced convection have great potential to realize efficient heat-to-electricity conversion and thermoregulation for high-power devices.",CuSO4/H2SO4 liquid-flow thermocell with Cu walls and foam Cu electrodes,Cu2+-H+/SO42- solvation entropy tuning enables n-p thermopower conversion and forced-flow power enhancement
Cost-effective n-type liquid flow thermocells with giant ionic thermopower and power density through solvation entropy engineering for low-grade heat harvesting,CHEMICAL ENGINEERING JOURNAL,10.1016/j.cej.2025.168815,2025,"Ionic thermocells (iTCs) with high ionic thermopower are promising for low-grade waste heat harvesting. The integration of p-n type iTCs in series would be inevitably required for sufficient voltage output. However, ionic thermopower (Si) and power density (P-max/Delta T-2) of n-type iTCs are fairly lower due to the limitation of redox reaction kinetics and ionic transport processes, and cannot match with the advanced p-type iTCs, significantly restricting their amplification. Herein, we demonstrated a cost-effective n-type liquid flow thermocells (LiTCs) with giant ionic thermopower and power density through solvation entropy engineering. The n-type LiTCs consisted of a Y-shaped channel with the separate oxidant and reductant flow alone. During the mixing process of separate FeCl3 and FeCl2 electrolytes flow alone, it can significantly degrade the complexes of Fe(H2O)5Cl(2)(+), and thus increase ionic kinetics and redox solvation entropy induced by the interaction of Fe3+ and water molecules. The Siof LiTCs can be dramatically boosted from +1 to +50.5 mV K-1 at the separate 0.01 mol L-1 FeCl3 and FeCl2 electrolytes flow, which is 38.8 times larger than that of typical n-type iTCs. The Pmax/Delta T-2 and Carnotrelative efficiency can reach the highest of 16.4 mW m(-2) K-2 and 4.4 %, much larger than the previous records. As a consequence, the ionic thermoelectric device comprised of 6 n-p type LiTCs is constructed and can output a continuous and reliable voltage of 1.7 V at 20 K temperature difference. The n-type LiTCs with a competitive cost-performance metric (1.06 $ W-1) present a promising for the practical application.",FeCl3/FeCl2 separate-flow n-type liquid-flow thermocell,mixing degrades Fe(H2O)5Cl2+ complexes and increases Fe3+-water redox solvation entropy and kinetics
Thermoelectric Hydrogel Electronic Skin for Passive Multimodal Physiological Perception,ACS SENSORS,10.1021/acssensors.3c02172,2024,"Electronic skins (e-skins) are being extensively researched for their ability to recognize physiological data and deliver feedback via electrical signals. However, their wide range of applications is frequently restricted by the indispensableness of external power supplies and single sensory function. Here, we report a passive multimodal e-skin for real-time human health assessment based on a thermoelectric hydrogel. The hydrogel network consists of poly(vinyl alcohol)/low acyl gellan gum with [Fe(CN)(6)](4-/3-) as the redox couple. The introduction of glycerol and Li+ furnishes the gel-based e-skin with antidrying and antifreezing properties, a thermopower of 2.04 mV K-1, fast self-healing in less than 10 min, and high conductivity of 2.56 S m(-1). As a prospective application, the e-skin can actively perceive multimodal physiological signals without the need for decoupling, including body temperature, pulse rate, and sweat content, in real time by synergistically coupling sensing and transduction. This work offers a scientific basis and designs an approach to develop passive multimodal e-skins and promotes the application of wearable electronics in advanced intelligent medicine.","PVA/low-acyl gellan gum hydrogel with [Fe(CN)6]4-/3-, glycerol, and Li+",ferri/ferrocyanide thermogalvanic hydrogel with glycerol/Li+ anti-drying/antifreezing enables passive multimodal physiological sensing
In Situ Hofmeister Effect in Polymer Solution by Hydrophobic I3 - for Multifunctional Hydrogel,NANO LETTERS,10.1021/acs.nanolett.5c04372,2025,"Multifunctional hydrogels are widely applied in flexible electronics, energy devices, and sensors due to their unique physical and chemical properties. However, most hydrogels, particularly multifunctional ones, often require complex and time-consuming synthesis processes. Herein, we report a quadruple-functional hydrogel with complete reconstructability (6 cycles, dry fragments), self-healability (100 cycles, wet fragments), ultraextension (retaining >150-fold biaxial extension after reconstruction or self-healing), and redox-activity, synthesized via a simple and rapid method. This approach introduces hydrophobic I-3(-) (endogenously generated from I-2 and I-) directly into the polymer solution to trigger the Hofmeister effect in situ, eliminating conventional steps such as cooling-induced shaping and prolonged immersion. Capacitive sensors and self-powered temperature/strain sensor systems by this hydrogel completely retain their original performance after being rebuilt and self-healing. This work demonstrates a facile and efficient strategy for synthesizing multifunctional hydrogels, paving the way for their practical and delicate applications.",I2/I--generated hydrophobic I3- multifunctional hydrogel,"in situ Hofmeister effect from I3- rapidly forms reconstructable, self-healing, redox-active hydrogel for self-powered temperature/strain sensing"
Multi-material 3D printing of self-powered sensors based on ionic thermoelectric hydrogels,VIRTUAL AND PHYSICAL PROTOTYPING,10.1080/17452759.2026.2638660,2026,"The development of self-powered wearable electronics is hindered by the mismatch between rigid thermoelectric generators and deformable body contours in conventional manufacturing methods. Here, we present a 3D-printable ionic hydrogel based on a gelatin and kappa-carrageenan matrix that meets the flow, recovery, and structural requirements of multi-material direct ink writing. Our ink design consists of gelatin and kappa-carrageenan, where the latter modulates the viscoelasticity of the precursor and enables the formation of a double-network porous structure, thereby enhancing mechanical robustness and facilitating ion transport. High-fidelity 3D architectures can be printed, and an in-situ silicone encapsulation effectively suppresses dehydration, extending operational lifetime. Geometry-optimised features such as wavy structures further improve strain responsiveness by increasing ion-migration pathways. With an SO4 & sup2;(-)/SO3 & sup2;(-) redox couple, the hydrogel reaches a Seebeck coefficient of 3.96 mV K-& sup1; and maintains stable thermoelectric output during deformation. Demonstrations of temperature sensing, motion detection, and encoded signal output validate the capability of this integrated printing strategy to produce monolithic, long-lasting, and form-adaptive self-powered wearable devices.",3D-printable gelatin/kappa-carrageenan hydrogel with SO42-/SO32- redox couple and silicone encapsulation,double-network porous printable hydrogel improves ion transport and deformation-stable thermogalvanic output
Programmable Electrochemical Thermopower via Cation Storage Mode and Structural Order,CHEMSUSCHEM,10.1002/cssc.202502685,2026,"This work aims to decouple and quantify the origins of thermopower (alpha) by controlling structure and charge-storage mechanisms within a single anatase TiO2 chemistry. Li+ and Na+ were inserted into anatase TiO2 particles with sizes of 30 and 5 nm to construct three model electrodes: a bulk crystalline intercalation electrode (30 nm, Li), a nanoscale intercalation and electrical double-layer (EDL) hybrid electrode (5 nm, Li), and a Na-induced amorphous, surface-dominated electrode (5 nm, Na). The 30 nm LixTiO2 electrode shows an almost constant alpha of -1.5 to -1.6 mV K-1 in the biphasic region, corresponding to behavior dominated by lattice-intercalation entropy. In contrast, amorphous NaxTiO2 shows alpha = -4.8 mV K-1 at 0% degree of sodiation and saturates near -2.0 mV K-1 with sodiation, indicating that structural disorder and interfacial entropy strongly enhance, |alpha|. The 5 nm LixTiO2 electrode shows a continuous change in from + 2.19 to -1.6 mV K-1 and acts as an intermediate design point that combines and weights Faradaic and EDL contributions. These results demonstrate that alpha Faradaic and alpha EDL can be independently designed within a single anatase TiO2 material system, providing a platform for electrochemical thermocells with thermopower of several mV K-1.",anatase TiO2 Li+ and Na+ intercalation/EDL electrodes with 30 nm and 5 nm particles,"cation storage mode, structural disorder, and interfacial entropy tune electrochemical thermopower within TiO2"
Efficient seawater desalination enabled by temperature-regulated electrolyte gradient,CHEMICAL ENGINEERING JOURNAL,10.1016/j.cej.2026.178256,2026,"Electrolyte-based thermal redox desalination (ETRD) is constrained by the difficulty of sustaining an electrolyte gradient without continuous chemical consumption. Here we introduce a temperature-regulated electrolyte gradient concept for ETRD by independently controlling the temperatures of two external mediator loops. With this gradient, the thermocell coupled in the ETRD system delivers a Seebeck coefficient of 3.33 mV K-1, a temperature-insensitive power density of 0.65 mW m- 2 K- 2, and a maximum power density of 1.06 W m- 2 at 40 K temperature difference, which significantly enhances the desalination kinetics of ETRD. As a result, the ETRD system enables a record salt removal rate of 31.88 mu g cm- 2 min- 1, which is the highest among reported ETRD systems. Periodic interchange of the solid mediator (LiFePO4/FePO4) between external loops enables continuous desalination, and the ETRD system exhibits a stable salt removal rate over 10 desalination cycles. Our work introduces a temperature-regulated electrolyte gradient strategy that overcomes the challenge of relying on continuous chemical consumption to maintain the electrolyte gradient. This strategy provides a general route to amplify thermogalvanic output and could be extended to other electrochemical separation and recovery technologies.",ETRD system with LiFePO4/FePO4 solid mediator loops and thermocell,temperature-regulated electrolyte gradient amplifies thermogalvanic output and drives continuous redox desalination
Robust thermocells based on deep eutectic solvent-tailored gel electrolytes for low-grade heat harvesting,JOURNAL OF ENERGY CHEMISTRY,10.1016/j.jechem.2026.05.024,2026,"The blooming of wearable electronics necessitates flexible, reliable energy harvesters capable of powering devices using ubiquitous low-grade body heat. While thermocells (TECs) manifest high potential in harnessing such small temperature gradients, their deployment is limited by the mechanical fragility of conventional gel electrolytes and insufficient thermopower for practical applications. Herein, we overcome these barriers through synergistic solvent-network engineering by developing a deep eutectic solvent (DES)/poly(vinyl alcohol) (PVA)-based gel electrolyte. This gel electrolyte is achieved by replacing water in freeze-thawed PVA hydrogels with a DES/[Fe(CN)6]3-/4- mixture, where the introduced DES liberates polymer chains from water-induced constraints, driving molecular rearrangement into a denser, highly crystalline network with intensified hydrogen bonding, yielding a 30-fold increase in tensile strength (7.17 MPa) and high compressive strength (8.99 MPa). Concurrently, the DES asymmetrically solvates the [Fe(CN)6]3-/4- redox couple, dramatically increasing the solvation entropy difference and boosting the thermopower to 1.68 mV K-1. The gel electrolyte also exhibits low thermal conductivity and sufficient ionic conductivity, beneficial for efficient heat harvesting. A scalable, flexible 12-unit TEC module is further demonstrated, showcasing high robustness and practical usability for wearable energy autonomy. (c) 2026 Science Press and Dalian Institute of Chemical Physics, Chinese Academy of Sciences. Published by Elsevier B.V. and Science Press. All rights are reserved, including those for text and data mining, AI training, and similar technologies.",DES/PVA gel electrolyte with [Fe(CN)6]3-/4-,"deep eutectic solvent densifies/crystallizes PVA network and asymmetrically solvates ferri/ferrocyanide, improving robustness and thermopower"
Sensitivity Factors of Thermally Regenerative Electrochemical Cycle Systems Using Fuel Cell's Waste Heat,ENERGIES,10.3390/en18205422,2025,"Recovering waste heat is widely seen as an effective way to improve energy efficiency. Because of its potential to lower both energy costs and greenhouse gas emissions, it has been used for many years in industries with high energy demand. While several technologies are already available for this purpose, most of them require relatively high temperatures to achieve high performance. One approach that can make use of lower temperature heat sources is the thermally regenerative electrochemical cycle (TREC). Systems based on this principle can be a cost-effective option for capturing heat from sources such as fuel cells, although their efficiency depends on several factors. This study applies parameter sensitivity analysis to support more efficient system design. The results show that chemical properties, especially the thermal coefficients of redox pairs, have the strongest effect on performance. Geometric aspects, particularly the size of the active membrane area, also play an important role.",TREC systems using fuel-cell waste heat and redox pairs,sensitivity analysis shows redox thermal coefficients and membrane active area dominate TREC heat-recovery performance
Enhancing P-type and N-type thermocells performance with carboxylated chitosan additive,JOURNAL OF POWER SOURCES,10.1016/j.jpowsour.2025.236165,2025,"Low-grade heat (<100 C-degrees) is abundant and ubiquitous in the environment, and the recovery of low-grade heat energy will be of great significance for the energy supply and the improvement of the environment. Low-cost and effective technologies for transforming low-grade heat into electricity are urgently needed. Thermocell (TEC) based on REDOX couples has become a promising technology for low-grade heat harvesting due to its advantages of low cost, scalability, and intrinsic high thermopower. To enhance its performance, different types of TECs need to incorporate various additives into the REDOX couples. However, there is currently no identical additive that effectively enhances the performance of both P-type and N-type TECs. In this paper, carboxylated chitosan is used as an identical additive, resulting in an increase in the Seebeck coefficient of P-type and N-type TECs by 115.33 % and 53.25%, respectively. Furthermore, we introduce a novel sandwich-structured packing technique featuring a configuration of Metal/PET film/Carbon felt (MPC) for TEC. This approach effectively reduces both the cost and weight of the TEC, while the MPC structure further enhances their performance. The TEC can be scaled up to power electrical devices. Our achievement provides an effective strategy for harvesting low-grade heat energy.",P-type and N-type redox thermocells with carboxylated chitosan additive and MPC Metal/PET/carbon-felt packing,carboxylated chitosan enhances Seebeck coefficients for both p/n redox systems and lightweight sandwich packing lowers cost/resistance
A Multifunctional MXene/PVA Hydrogel as a Continuous Ionic Thermoelectric Generator and a Strain/Temperature Sensor,SMALL,10.1002/smll.202407529,2025,"This research reports a continuous output ionic thermoelectric (i-TE) system based on MXene/PVA (polyvinyl alcohol) hydrogel, by utilizing thermo-diffusion of Cu2+ and Cl- ions and the redox reaction involving Cu/Cu2+ at the electrode interfaces. The thermopower of the i-TE system can be independently tuned to a value of -3.13 mVK-1 by adjusting the ion diffusivity via MXene (Ti3C2Tx). The i-TE system demonstrates a rapid response time of less than 100 s, outperforming any other polyelectrolyte-based system. Crucially, the i-TE system achieves continuous current output when equipped with copper electrodes, facilitated by the redox reaction involving Cu/Cu2+, and maintains stable long-term outputs across a range of resistances from 1 k Omega to 1 M Omega. A three-serial-connected i-TE module demonstrates an output voltage of 26 mV with 6 degrees C temperature difference, confirming the feasibility of creating an array of i-TE devices for substantial energy output. Beyond energy harvesting, the MXene/PVA hydrogel serves as multifunctional strain/temperature sensors, capable of detecting mechanical strains via the piezoresistive effect and locating finger contact points via the ionic thermoelectric effect.",MXene/PVA hydrogel with Cu2+/Cl- ions and Cu electrodes,MXene tunes Cu2+/Cl- thermodiffusion while Cu/Cu2+ interfacial redox enables continuous current; gel also senses strain/temperature
Synergy between gelatin hydrogels and electrodes for adjustable and thermally stable ionic thermoelectric supercapacitors,CHEMICAL ENGINEERING JOURNAL,10.1016/j.cej.2024.152734,2024,"Gelatin-based ionic hydrogels are flexible, bio-compatible, and abundant materials, showing immense potential as quasi -solid -state electrolytes in energy conversion and storage applications. Recent studies highlighted the critical synergy between hydrogel electrolytes and electrodes on the thermopower and energy density in emerging ionic thermoelectric (i -TE) devices. In this work, the significant impact from electrodes to the thermoelectric response of gelatin hydrogels is explored and explained at the molecular level. A universal negative offset in the thermopower is observed when substituting the conventional Cu foil by carbon-based paper (CBP) electrodes. This is attributed to the electrolyte infiltration and strong cation restriction on the CBP electrodes, which facilitates anion thermodiffusion. The thermopowers of Gelatin-CsCl change from p- (0.1-0.5 mV K - 1 ) to n -type (up to -2.89 +/- 0.34 mV K - 1 ) and remain thermally stable at a large temperature difference of -36.8 K. The power factor and average power density in the ionic thermoelectric supercapacitors (ITESCs) made from Gelatin -0.02 M CsCl and CBP electrodes reach 2.13 +/- 0.50 mu W m - 1 K -2 and 145.37 mu W m - 2 at a small temperature difference of -7.7 K. Furthermore, the highest normalized instantaneous power density achieved during the quasi-continuous charge-discharge cycles is 39.42 mu W m - 2 K -2 , among the best ITESCs. This work provides fundamental insights into the previously overlooked synergy between gelatin hydrogels and electrodes for adjustable and thermally stable i -TE conversion and energy storage devices.",gelatin-CsCl ionic hydrogel with carbon-based paper electrodes,"CBP electrode infiltration restricts cations and facilitates anion thermodiffusion, switching thermopower and improving supercapacitor energy output"
Tough and elastic hydrogel thermocells for heat energy utilization,CHEMICAL ENGINEERING JOURNAL,10.1016/j.cej.2024.152887,2024,"Hydrogel thermocells possess great potential in the energy conversion field as they directly absorb waste heat from the environment to drive redox reactions for continuous electricity generation. However, achieving high toughness and good elasticity simultaneously in hydrogel thermocells remains a challenge because of the inherent contradiction of energy dissipation mechanisms, severely limiting their practical applications and lifespan. To address this, a skin-like hydrogel network with a highly dense interwoven network is developed to construct hydrogel thermocells with good elasticity and high toughness. The dense network structure can effectively disperse the stress and hinder crack propagation, thus breaking the contradiction between high toughness and good elasticity. The thermocell realizes a toughness of 460 J m- 2 while reaching an elastic limit strain of 350 %, far exceeding the elasticity of previous stretchable hydrogel thermocells. Meanwhile, it exhibits ultra-low hysteresis and excellent fatigue resistance under tensile and compressive cyclic loads. Moreover, the thermocell can work stably over long periods, enabling stable voltage output even under compression, bending, and stretching. In addition, the thermocell can power the LED lamp and calculator, and can also be connected in series to form large arrays, thus rendering it an ideal power source for wearable devices.",skin-like dense interwoven hydrogel thermocell,dense network disperses stress and blocks cracks while redox thermogalvanic reactions provide stable stretchable heat-to-electric output
Strong concentration gradient effect and weak solvation effect in thermopower enhancement in K 3 Fe(CN) 6 / K 4 Fe(CN) 6 aqueous electrolyte with ethanol addition,CHEMICAL ENGINEERING JOURNAL,10.1016/j.cej.2024.152806,2024,"Emerging thermocells exhibit a significant potential in low-grade heat harvesting owe to their high mV-scale thermopower, low cost, and high robustness. Fundamentally, three effects contribute to the thermopower enhancement of liquid thermocells, i.e. original concentration effect, solvation effect, and normalized concentration gradient effect. Yet, the contribution of the solvation effects and the normalized concentration gradient in organic solvents remains a subject of debate. In this paper, we integrate experiments, spectral analysis, and electrochemical theory to demonstrate that the normalized concentration gradient dominates the enhancement of thermopower in the investigated organic solvents, whereas the solvation effect is weak. Further, the introduction of ethanol results in a thermosensitive solubility of K4Fe(CN)6 and a minimal concentration at the cold end, which establishes a huge substantial normalized Fe(CN)64- concentration gradient and increases the Seebeck coefficient to 3.4 mV/K. Simultaneously, the precipitation resulting from the introduction of an organic solvent notably diminishes the heat convection within the system. As a result, the optimized TC-35EtOH system yields a ZT value (0.094) and Carnot-relative efficiency (2.52 %) that are 7 times greater than those of its initial counterpart. Additionally, the system's high power density of 3.64 W/m2 suggests its potential for harnessing lowgrade heat waste energy.",K3/K4Fe(CN)6 aqueous electrolyte with ethanol addition,ethanol-induced thermosensitive K4Fe(CN)6 solubility creates large ferrocyanide concentration gradient and suppresses heat convection
Mechanically Adaptable High-Performance p(SBMA-MMA) Copolymer Hydrogel with Iron (II/III) Perchlorate for Wearable Thermocell Applications,ADVANCED FUNCTIONAL MATERIALS,10.1002/adfm.202412524,2025,"Quasi-solid-state thermocells (QTECs) show promise as a power source for wearable devices by converting body heat into electricity. While significant progress has been made with p-type elements for QTECs, challenges remain with their n-type counterparts. Here, a high-performance n-type QTEC element is presented, using a copolymer hydrogel that outperforms conventional p-type elements. This copolymer hydrogel combines hydrophilic zwitterionic sulfobetaine methacrylate (SBMA) for ionic conduction and hydrophobic methyl methacrylate (MMA) for structural stability. By increasing the MMA content from 35 to 100 wt.%, versatile control is achieved over the hydrogel's elastic modulus (72 kPa to 127.7 MPa) and tensile strength (54 kPa to 6.7 MPa). A high mechanical toughness of 7.2 MJ m-3 is also achieved at 68 wt.% MMA. The mechanically robust and high toughness p(SBMA-MMA) hydrogel is then immersed in Fe(ClO4)2/3 solutions of different concentrations to evaluate its performance as an n-type QTEC element. The hydrogel with 0.8 M Fe(ClO4)2/3 exhibits a high ionic Seebeck coefficient of -1.7 mV K-1, a power density of 1.1 mW m-2 K-2, and an elastic modulus of 1.6 MPa, which is similar to that of human skin. Finally, the optimized n-type p(SBMA-MMA) hydrogels demonstrate the potential application for wearable devices. A high-performance n-type element for quasi-solid-state thermocells has been introduced, outperforming conventional p-type elements and showcasing the potential to harness body heat as an energy source or power embedded sensors. This advance significantly contributes to waste thermal energy harvesting and wearable technology, paving the way for self-powered wearable devices. image",p(SBMA-MMA) copolymer hydrogel immersed in Fe(ClO4)2/3,"SBMA provides ionic conduction, MMA provides mechanical stability, and Fe2+/Fe3+ perchlorate supplies n-type thermogalvanic output"
High-performance wood-based thermoelectric sponges for thermal energy harvesting and smart buildings,NANO RESEARCH,10.1007/s12274-024-6467-y,2024,"The development of renewable woods for power generation can help improve the energy efficiency of buildings, and promote the concept design and implementation of smart buildings. Here, with specific chemical treatment and hydrothermal synthesis, we demonstrated the practical value of natural wood for thermoelectric power generation in smart buildings. The prepared wood-based thermoelectric sponges show high Seebeck coefficients of 320.5 and 436.6 mu V/K in the vertical and parallel directions of the longitudinal channel of wood. After 500 cycles of the compressive strain at 20%, the corresponding Seebeck coefficients increase up to 413.4 and 502.1 mu V/K, respectively, which is attributed to the improved contact and connection between tellurium thermoelectric nanowires. The Seebeck coefficients are much larger than those of most reported inorganic thermoelectric materials. Meanwhile, the thermoelectric sponges maintain excellent thermoelectric and mechanical stability. We further modeled the application value of wood-based thermoelectric sponges in smart buildings for power generation. Relatively high thermoelectric electricity can be obtained, such as in Beijing with over 1.5 million kWh every year, demonstrating the great potential in thermal energy harvest and energy supply.",wood-based thermoelectric sponge with tellurium thermoelectric nanowires,"wood channels and compressive cycling improve Te nanowire contact, enhancing electronic thermoelectric Seebeck response for buildings"
Reversibly tuning thermopower enabled by phase-change electrolytes for low-grade heat harvesting,ENERGY & ENVIRONMENTAL SCIENCE,10.1039/d4ee03351e,2025,"Thermodiffusion-based thermoelectrochemical cells have become one of the promising candidates for self-power supply by efficiently harvesting low-grade heat. However, fulfilling continuous energy output is still challenging because of the non-reciprocating motion of cations and anions during diffusion by adopting a steady heat source. Herein, we propose a moderate-concentration phase-change electrolyte for tuning the thermodiffusion process and the thermopower. Interestingly, the dominant ion can be alternated between cations and anions only by operando regulation of the physical state of the as-designed electrolyte, enabling the reversible polarization of devices from the p-type to the n-type with a tunable thermopower from 3.2 to -2.1 mV K-1. Moreover, the correlation of phase transition behaviors, solvation structures, and thermoelectrochemical performances is investigated. As a proof-of-concept, a prototype module consisting of n-type and p-type units connected in series displays high sensitivity and stability for long-term power generation under light irradiation, demonstrating the potential of phase-change electrolytes in energy-related applications.",moderate-concentration phase-change thermodiffusion electrolyte,phase transition reversibly changes dominant ion transport and switches thermopower polarity from p-type to n-type
High-performance ionic thermoelectric materials and emerging applications of ionic thermoelectric devices,MATERIALS TODAY ENERGY,10.1016/j.mtener.2023.101342,2023,"The recovery of low-level thermal energy, the conversion of solar thermal energy and the reuse of human thermal energy determine that thermoelectric materials are extremely attractive in terms of energy conversion and reuse. In recent years, as candidate materials for green energy conversion, ionic ther-moelectric materials have gradually become research hotspots due to their excellent thermoelectric conversion performance, cost-effective energy efficiency and eco-friendliness. Although ionic thermo-electric materials and devices have developed rapidly in recent years, there are still gaps in the detailed summary of material performance optimization measures and device application scenarios. Therefore, this review compares and summarizes the performance of ionic thermoelectric materials and related influencing factors. After that, the application of ionic thermoelectric materials and the assembly of their devices are highlighted. Finally, the prospects for future development trends are put forward as well as the suggestions of related research efforts are presented.& COPY; 2023 Elsevier Ltd. All rights reserved.",high-performance ionic thermoelectric materials/devices,"review summarizes optimization of ionic thermoelectric materials and devices for low-grade, solar, and body heat harvesting"
Significantly enhanced properties of micro-ionic thermocells through the microstructure interfacial effect,JOURNAL OF MATERIALS CHEMISTRY A,10.1039/d4ta03996c,2024,"Liquid-state ionic thermocells (LITCs) can effectively convert low-grade waste heat to electricity. However, the larger structural dimensions and lower power density of LITCs restrict their large-scale practical application in scenarios with limited operating space such as photovoltaics, automotive applications, data centers, etc. In the present work, we demonstrate a micro-ionic thermocell (MiTC) with micrometer-scale structural dimensions prepared by soft lithography, which can synergistically promote the entropy change of the solvation structure and mass transfer of redox ions, and thus ionic thermoelectric properties. The effects of electrolyte concentration, scale effect and interface charge of the microstructure, and electrode gap on the ionic thermopower and Pmax/Delta T2 of MiTCs were comprehensively investigated to reveal the enhancement mechanisms using UV-vis/FTIR/in situ Raman analyses. The interfacial effect of microstructure-electrolyte solution can boost ionic reactions and transport processes at the microscale. It can increase the ionic thermopower and conductivity of 0.4 mol L-1 Fe(CN)64-/Fe(CN)63- electrolytes in MiTCs from -1.4 mV K-1 and 147.6 mS cm-1 to -2.5 mV K-1 and 254.2 mS cm-1, thus reaching a high Pmax/Delta T2 value of 15.4 mW m-2 K-2 at a 2 mm electrode gap and 50 mu m microstructure width, respectively, showing a significant enhancement. Combined with microfabrication technology, MiTCs can facilely achieve large-scale integrated stacking and output considerable electricity within limited structural dimensions to meet the practical requirements for the integration and miniaturization of low-grade heat harvesting. A micro-ionic thermocell with a high Pmax/Delta T2 (15.4 mW m-2 K-2) was reported through the interfacial effect of microstructure-electrolyte solution at the microscale.",micro-ionic thermocell with Fe(CN)6 4-/3- electrolyte and soft-lithography microstructures,"microstructure-electrolyte interfacial effects accelerate solvation entropy change, ion reaction, and mass transfer"
Integrated Moist-Thermoelectric Generator for Efficient Waste Steam Energy Utilization,ADVANCED SCIENCE,10.1002/advs.202206071,2023,"Industrial waste steam is one of the major sources of global energy losses. Therefore, the collection and conversion of waste steam energy into electricity have aroused great interest. Here, a two-in-one strategy is reported that combines thermoelectric and moist-electric generation mechanisms for a highly efficient flexible moist-thermoelectric generator (MTEG). The spontaneous adsorption of water molecules and heat in the polyelectrolyte membrane induces the fast dissociation and diffusion of Na+ and H+, resulting in the high electricity generation. Thus, the assembled flexible MTEG generates power with a high open-circuit voltage (V-oc) of 1.81 V (effective area = 1cm(2)) and a power density of up to 4.75 +/- 0.4 mu W cm(-2). With efficient integration, a 12-unit MTEG can produce a V-oc of 15.97 V, which is superior to most known TEGs and MEGs. The integrated and flexible MTEGs reported herein provide new insights for harvesting energy from industrial waste steam.",flexible moist-thermoelectric generator with polyelectrolyte membrane,"water adsorption and heat induce Na+/H+ dissociation and diffusion, combining moist-electric and thermoelectric mechanisms"
FeNC Electrocatalyst for Enhancing Fe(II)/Fe(III) Redox Kinetics in Thermo-Electrochemical Cells,ADVANCED FUNCTIONAL MATERIALS,10.1002/adfm.202304067,2023,"Harvesting low-grade waste heat, which constitutes 60% of the overall waste heat, is key to halting climate change. Electrochemical waste-heat harvesting has recently drawn attention to practical low-grade waste-heat harvesting. In this study, a power density maximization strategy is presented in scalable and cost-effective aqueous redox couple-based thermo-electrochemical cells (TECs). The n-type feature of the water-soluble Fe2+/3+ redox couple is essential for constructing the TEC p-n leg device; however, it has not been investigated much so far. The modulation of the chaotropicity of counteranions enhances the absolute value of the Seebeck coefficient for the Fe2+/3+ redox couple with an inner-sphere reaction mechanism because of the greater structural disorder in the solvation shell. Moreover, the use of a cost-effective FeNC electrocatalyst shows redox kinetics and a power density comparable to those of state-of-the-art Pt electrodes, economically compensating for the sluggish charge-transfer kinetics of the inner-sphere redox mechanism. The FeNC -based TEC device exhibits 1.73 W m(-2) of power density at 0.1 $ W-1 of cost per power, which is 1.24% with respect to the Carnot efficiency, exceeding 0.23-0.53% compared to those reported for previous Pt-based TEC devices with the same redox chemistry.",FeNC electrocatalyst with Fe2+/Fe3+ redox couple in thermo-electrochemical cells,chaotropic counteranions increase Fe2+/3+ solvation disorder and FeNC accelerates inner-sphere redox kinetics at low cost
Aqueous biphase-boosted liquid-state thermocell for continuous low-grade heat harvesting,CHEMICAL ENGINEERING JOURNAL,10.1016/j.cej.2023.142018,2023,"Low-grade heat (<100 C) is widespread and vast potential source of power to be exploited. Liquid-state ther-mocell (LTC) has provided an alternative approach to directly convert low-grade heat into electricity to help carbon emission reduction. Seebeck coefficient (Se), electrical conductivity (a) and thermal conductivity (x) are the three interdependent key factors determining the performance of LTCs. However, most of the previous re-searches focused on improving Se and a while ignoring the factor x. Here, we introduce an aqueous biphasic system as solvent to fabricate electrolytes for LTCs. The aqueous biphasic electrolytes can not only offer different solvation environment near the electrodes, but also suppress the thermal convection, hence result in improved Se and reduced x. With the aqueous biphasic electrolyte of K3Fe(CN)6/K4Fe(CN)6 as the redox couple, the Se of the LTC was doubled and the output power was improved over 5 times. Furthermore, with the help of porous graphite felt as electrode material, the output power can be improved over 7 times. This work provides a new pathway for the development of high-performance LTC to harvest low-grade heats.",aqueous biphasic K3/K4[Fe(CN)6] liquid thermocell with porous graphite felt electrode,"biphase solvent creates different electrode solvation environments and suppresses convection, improving Seebeck and reducing thermal conductivity"
Self-powered sensors utilizing single-pillar thermocells with pyrolytic graphite sheet electrodes: harvesting body heat and solar thermal energy,MATERIALS TODAY ENERGY,10.1016/j.mtener.2024.101668,2024,"This study investigates the development of self-powered sensors employing single-pillar thermocells to harness body heat and solar thermal energy. A pyrolytic graphite sheet was selected for its low water vapor permeability, and its surface was modified to be hydrophilic to minimize interfacial resistance. Two types of DC-DC converters, Asahi Kasei Microdevices AP4473 and matrix mercury, underwent evaluation for compatibility with these thermocells. The compact 1.5 cm(3) (1 cm x 1 cm x 1.5 cm) device effectively powered the AP4473 converter, illuminating a light-emitting diode. A larger device (2.5 cm x 2.5 cm x 1.5 cm) efficiently drove the matrix mercury converter, enabling the operation of bluetooth low-power sensors. These self-powered sensors wirelessly provided humidity and temperature data using solar thermal energy for approximately 4 h per day during peak temperature differences in January. This study showcases the potential of thermocells for sustainable energy harvesting and suggests avenues for future research, such as exploring alternative heat sources like geothermal energy to power these sensors. (c) 2024 Elsevier Ltd. All rights are reserved, including those for text and data mining, AI training, and similar technologies.",single-pillar thermocells with hydrophilic pyrolytic graphite sheet electrodes,compact thermocells harvest body/solar heat to power DC-DC converters and wireless sensors
Evaluation of in-plane architecture in a thermo-electrochemical cell with nanostructured and porous Sb:SnO2 electrodes,ELECTROCHEMISTRY COMMUNICATIONS,10.1016/j.elecom.2024.107750,2024,"Thermo-electrochemical cells (TECs) are able to convert heat into electricity. They are formed by two electrodes (typically Pt) separated by a redox electrolyte (usually 0.4 M aqueous ferro/ferricyanide). The widely adopted architecture of TECs consists of the two electrodes separated by an electrolyte channel. To our knowledge, no studies have been reported exploring a different architecture. Here, we evaluate an alternative configuration, which comprises a substrate with the two electrodes at its ends and with the electrolyte added on the top contacting both electrodes, forming a planar configuration. We explore first the use of the standard Pt electrodes deposited on top of a conductive glass substrate. Then, we replace the Pt by nanostructured and porous Sb-doped SnO2. The planar configurations are compared with their corresponding typical architectures using the common ferro/ferricyanide electrolyte. It was found that the planar TEC with Sb:SnO2 reached a temperature coefficient of 1.76 mV/K, higher than the value obtained in the standard configuration with Sb:SnO2 (1.21 mV/K), and also higher than the planar architecture with Pt electrodes, which showed the typical value for the ferro/ferricyanide electrolyte (1.45 mV/K). As a consequence of this significantly larger value, a 29.7 % higher maximum power output than the planar TEC with Pt was observed. Our study identifies for the first time interesting new features when a planar architecture is employed, opening the door to explore in more detail this alternative configuration in TECs.",planar Sb:SnO2 or Pt electrode thermo-electrochemical cells with ferro/ferricyanide electrolyte,in-plane architecture and porous Sb:SnO2 electrodes increase temperature coefficient and maximum power output relative to standard layouts
High Power Density Electrochemical Thermocells for Inexpensively Harvesting Low-Grade Thermal Energy,ADVANCED MATERIALS,10.1002/adma.201605652,2017,"Continuously operating thermo-electrochemical cells (thermocells) are of interest for harvesting low-grade waste thermal energy because of their potentially low cost compared with conventional thermo-electrics. Pt-free thermocells devised here provide an output power of 12 W m(-2) for an interelectrode temperature difference (Delta T) of 81 degrees C, which is sixfold higher power than previously reported for planar thermocells operating at ambient pressure.",Pt-free electrochemical thermocells,low-cost electrode/cell design delivers high power density under large interelectrode temperature difference
"Thermocells-enabled low-grade heat harvesting: challenge, progress, and prospects",MATERIALS TODAY ENERGY,10.1016/j.mtener.2022.101032,2022,"Low-grade heat is abundant and ubiquitous, but it is generally discarded due to the lack of cost-effective recovery technologies. Emerging thermocells (TECs) based on temperature-sensitive redox pairs demonstrate advantages of low cost, scalability, flexibility, and inherent high thermopower, and thus are promising for low-grade heat harvesting. According to the temperature gradient-potential relationship, TECs can be divided into p-type (V-hot - V-cold/T-hot - T-cold < 0) and n-type (V-hot - V-cold/T-hot - T-cold > 0). To obtain higher output voltages and avoid thermal shorts, Pi-integration (electrically in series but thermally in parallel) of single p-type and n-type TECs is required. This paper first summarizes the thermo-electric performances of p-type and n-type TECs. Although the state-of-the-art p-type (Fe(CN)(6)(4-/3-)) TECs possess a commercializable cost-performance metric, the performance of n-type TECs, such as thermopower and power density, lags significantly, hindering the potential of integrated p-n TECs in heat recovery. Subsequently, this paper analyzes the thermodynamics, kinetics, and bottlenecks of TECs and identifies several potential p-type and n-type redox pairs with high absolute value of temperature coefficient (dE(0)/dT) and low absolute value of electrode potential (E-0) for high-performance TECs. Then, this paper reviews the recent advances in TECs, especially n-type, from the aspects of electrolytes, electrodes, and integrated devices. Finally, this paper proposes potential research directions for high-performance TECs. (c) 2022 Elsevier Ltd. All rights reserved.",p-type and n-type thermocells and redox-pair/device architectures,"review maps p/n redox thermodynamics, kinetics, electrolyte/electrode bottlenecks, and integrated low-grade heat harvesting strategies"
Supramolecular Thermo-Electrochemical Cells: Enhanced Thermoelectric Performance by Host-Guest Complexation and Salt-Induced Crystallization,JOURNAL OF THE AMERICAN CHEMICAL SOCIETY,10.1021/jacs.6b04923,2016,"Thermo-electrochemical cells have potential to generate thermoelectric voltage 1 order higher than that given by semiconductor materials. To overcome the current issues in thermoelectric energy conversion, it is of paramount importance to grow and fulfill the full potential of thermo-electrochemical cells. Here we report a rational supramolecular methodology that yielded the highest Seebeck coefficient of ca. 2.0 mV K-1 around ambient temperatures. This is based on the encapsulation of triiodide ions in alpha-cyclodextrin, whose equilibrium is shifted to the complexation at lower temperatures, whereas it is inverted at elevated temperatures. This temperature-dependent host-guest interaction provides a concentration gradient of redox ion pairs between two electrodes, leading to the eminent performance of the thermo-electrochemical cells. The figure of merit for this system, zT reached a high value of 5 x 10(-3). The introduction of host-guest chemistry to thermoelectric cells thus provides a new perspective in thermoelectric energy conversion.",I-/I3- thermo-electrochemical cell with alpha-cyclodextrin host,temperature-dependent alpha-cyclodextrin-triiodide complexation creates redox-ion concentration gradient and enhanced Seebeck coefficient
Cost-effective n-type thermocells enabled by thermosensitive crystallizations and 3D multi-structured electrodes,NANO ENERGY,10.1016/j.nanoen.2021.106795,2022,"Emerging thermocells have the commercialized potential for directly harvesting low-grade heat. Although a huge progress in p-type thermocells, their n-type counterpart has seriously lagged, becoming a major bottleneck for practical utilization of their integrated devices. Here, we developed a novel Cu-based thermosensitive crystallization and 3D multi-structured electrodes to synergistically boost the thermodynamic and kinetic characteristics of the n-type thermocell. As a result, the optimized Cu/Cu2+-based system achieved an exceptionally high value for the Seebeck coefficient (1.66 mV K-1) and the power density (3.5 W m(-2)), accompanied with a much competitive cost-performance metric (similar to$3.28 W-1), all of which were superior to the p-type benchmark. Furthermore, a high-performance p-n junction of thermocells was demonstrated with a 14.5 times enhancement of output, paving the way for advancing the integrated devices.",Cu/Cu2+ n-type thermocell with thermosensitive crystallization and 3D multi-structured electrodes,"Cu2+ crystallization boosts thermopower and 3D electrodes improve kinetics, enabling high-performance p-n thermocell integration"
Unravelling ionic speciation and hydration structure of Fe(III/II) redox couples for thermoelectrochemical cells,ELECTROCHIMICA ACTA,10.1016/j.electacta.2020.135651,2020,"Thermoelectrochemical cells (TECs) are promising devices for harvesting heat waste, but their widespread use has been hindered by their low thermopower densities. High-power TECs require an electrolyte solution that exhibits both high Seebeck coefficient (S-e) and high ionic conductivity; thus far, this has been a challenge. Recently, we demonstrated that proper selection of the counter anion of Fe(III)/(II) salts can resolve the aforementioned issue, that n-type (positive S-e) TECs employing the Fe(III)/(II) perchlorate redox couple display unprecedented high areal power densities compared to TECs employing Fe(III)/(II) chloride or Fe(III)/(II) sulfate couple. Herein, we unravel that the excellent performance of the Fe(III)/(II) perchlorate is ascribed to the non-coordinating nature of its perchlorate anion, which suppresses the formation of the ion pairs that reduce the S-e and ionic conductivity. UV-Vis and dielectric relaxation analysis revealed that the redox reaction of the hexa aquo complexes (Fe(H2O)(6)(3+/2+)), formed Fe(III)/(II) perchlorate, is accompanied by a hydration-number change larger than those of anion-coordinated species, which are dominant in chloride or sulfate media. In addition, p-type TECs can be combined in-series with p-type (negative S-e) TECs to provide output powers high enough for practical application. (C) 2020 Elsevier Ltd. All rights reserved.","Fe(III/II) perchlorate, chloride, and sulfate redox electrolytes","non-coordinating perchlorate preserves Fe(H2O)6 3+/2+ hydration-number change, raising Seebeck coefficient and ionic conductivity"
Biomass-Derived Sustainable Electrode Material for Low-Grade Heat Harvesting,NANOMATERIALS,10.3390/nano13091488,2023,"The ever-increasing energy demand and global warming caused by fossil fuels push for the exploration of sustainable and eco-friendly energy sources. Waste thermal energy has been considered as one of the promising candidates for sustainable power generation as it is abundantly available everywhere in our daily lives. Recently, thermo-electrochemical cells based on the temperature-dependent redox potential have been intensely studied for efficiently harnessing low-grade waste heat. Despite considerable progress in improving thermocell performance, no attempt was made to develop electrode materials from renewable precursors. In this work, we report the synthesis of a porous carbon electrode from mandarin peel waste through carbonization and activation processes. The influence of carbonization temperature and activating agent/carbon precursor ratio on the performance of thermocell was studied to optimize the microstructure and elemental composition of electrode materials. Due to its well-developed pore structure and nitrogen doping, the mandarin peel-derived electrodes carbonized at 800 ? delivered the maximum power density. The areal power density (P) of 193.4 mW m(-2) and P/(?T)(2) of 0.236 mW m(-2) K-2 were achieved at ?T of 28.6 K. However, KOH-activated electrodes showed no performance enhancement regardless of activating agent/carbon precursor ratio. The electrode material developed here worked well under different temperature differences, proving its feasibility in harvesting electrical energy from various types of waste heat sources.",mandarin-peel-derived porous carbon thermocell electrodes,carbonization/nitrogen-doped porosity increases electrode active area for temperature-dependent redox thermocell output
Charging-free electrochemical system for harvesting low-grade thermal energy,PROCEEDINGS OF THE NATIONAL ACADEMY OF SCIENCES OF THE UNITED STATES OF AMERICA,10.1073/pnas.1415097111,2014,"Efficient and low-cost systems are needed to harvest the tremendous amount of energy stored in low-grade heat sources (<100 degrees C). Thermally regenerative electrochemical cycle (TREC) is an attractive approach which uses the temperature dependence of electrochemical cell voltage to construct a thermodynamic cycle for direct heat-to-electricity conversion. By varying temperature, an electrochemical cell is charged at a lower voltage than discharge, converting thermal energy to electricity. Most TREC systems still require external electricity for charging, which complicates system designs and limits their applications. Here, we demonstrate a charging-free TREC consisting of an inexpensive soluble Fe(CN)(6)(3-/4-) redox pair and solid Prussian blue particles as active materials for the two electrodes. In this system, the spontaneous directions of the full-cell reaction are opposite at low and high temperatures. Therefore, the two electrochemical processes at both low and high temperatures in a cycle are discharge. Heat-to-electricity conversion efficiency of 2.0% can be reached for the TREC operating between 20 and 60 degrees C. This charging-free TREC system may have potential application for harvesting low-grade heat from the environment, especially in remote areas.",charging-free TREC with soluble Fe(CN)6 3-/4- and Prussian blue particles,"spontaneous full-cell reaction reverses direction between low and high temperature, allowing two discharge steps without external charging"
Enhanced thermal energy harvesting performance of a cobalt redox couple in ionic liquid-solvent mixtures,PHYSICAL CHEMISTRY CHEMICAL PHYSICS,10.1039/c5cp04305k,2016,"Thermoelectrochemical cells are increasingly promising devices for harvesting waste heat, offering an alternative to the traditional semiconductor-based design. Advancement of these devices relies on new redox couple/electrolyte systems and an understanding of the interplay between the different factors that dictate device performance. The Seebeck coefficient (Se) of the redox couple in the electrolyte gives the potential difference achievable for a given temperature gradient across the device. Prior work has shown that a cobalt bipyridyl redox couple in ionic liquids (ILs) displays high Seebeck coefficients, but the thermoelectrochemical cell performance was limited by mass transport. Here we present the Se and thermoelectrochemical power generation performance of the cobalt couple in novel mixed IL/molecular solvent electrolyte systems. The highest power density of 880 mW m(-2), at a Delta T of 70 degrees C, was achieved with a 3 : 1 (v/v) MPN-[C(2)mim][B(CN)(4)] electrolyte combination. The significant power enhancement compared to the single solvent or IL systems results from a combination of superior ionic conductivity and higher diffusion coefficients, shown by electrochemical analysis of the different electrolytes. This is the highest power output achieved to-date for a thermoelectrochemical cell utilising a high boiling point redox electrolyte.",cobalt bipyridyl redox couple in mixed MPN/[C2mim][B(CN)4] ionic-liquid/molecular solvent electrolyte,"mixed solvent improves ionic conductivity and diffusion of cobalt redox species, raising thermoelectrochemical power output"
Harvesting Waste Thermal Energy Using Carbon-Nanotube-Based Thermo-Electrochemical Cell,NANO LETTERS,10.1021/nl903267n,2010,"Low efficiencies and costly electrode materials have limited harvesting of thermal energy as electrical energy using thermo-electrochemical cells (or thermocells). we demonstrate thermocells, in practical configurations (from coin cells to cells that car) be wrapped around exhaust pipes), chat harvest low-grade thermal energy using relatively inexpensive carbon multiwalled nanotube (MWNT) electrodes. These electrodes provide high electrochemically accessible surface areas and fast redox-mediated electron transfer, which significantly enhances thermocell current generation capacity and overall efficiency. Thermocell efficiency is further improved by directly synthesizing MWNTs as vertical forests that reduce electrical and thermal resistance at electrode/substrate junctions. The efficiency of thermocells with MWNT electrodes is shown to be as high as 1.4% of Carnot efficiency, which is 3-fold higher than for previously demonstrated thermocells. With the cost of MWNTs decreasing, MWNT-based thermocells may become commercially viable for harvesting low-grade thermal energy.",multiwalled carbon nanotube thermocell electrodes in practical cell formats,MWNT high surface area and fast redox-mediated electron transfer increase current and Carnot-relative efficiency
"Hierarchical heterostructure built on the basis of SiO2 dielectric matrix and supramolecular complex ?-cyclodextrin-ferrocene: Fabrication, physical properties and applications",MATERIALS RESEARCH BULLETIN,10.1016/j.materresbull.2023.112220,2023,"The paper presents the results of the study of the characteristics of SDM> clathrate. The method of X-ray diffraction analysis confirmed the identity of the components of the formed clathrate SDM>. Vibration magnetometric analysis revealed the fact of iron oxidation in the ferrocene structure with the formation of ferromagnetic iron compounds. The nature of the change in the frequency behavior of its impedance, dielectric constant, and dielectric loss tangent have been established under normal conditions, in a constant magnetic field, and under illumination. The obtained results testify to the manifestation of quantum capacitance, the inductance of photo- and magneto-resistive and capacitive effects, and magneto-induced quantum accumulation of electric energy. The I-V characteristics are oscillating in nature, like the I-V characteristics in the Coulomb blockade. Along with this, the I-V characteristics do not pass through the origin, thus fixing the thermoEMF, spin EMF, and photo-EMF.",SiO2 dielectric matrix with alpha-cyclodextrin-ferrocene supramolecular clathrate,"ferrocene oxidation and hierarchical dielectric structure produce thermoEMF, spin EMF, photo-EMF, and quantum-capacitive effects"
Quasi-solid-State Electrolytes for Low-Grade Thermal Energy Harvesting using a Cobalt Redox Couple,CHEMSUSCHEM,10.1002/cssc.201800794,2018,"Thermoelectrochemical cells, also known as thermocells, are electrochemical devices for the conversion of thermal energy directly into electricity. They are a promising method for harvesting low-grade waste heat from a variety of different natural and manmade sources. The development of solid- or quasi-solid-state electrolytes for thermocells could address the possible leakage problems of liquid electrolytes and make this technology more applicable for wearable devices. Here, we report the gelation of an organic-solvent-based electrolyte system containing a redox couple for application in thermocell technologies. The effect of gelation of the liquid electrolyte, comprising a cobalt bipyridyl redox couple dissolved in 3-methoxypropionitrile (MPN), on the performance of thermocells was investigated. Polyvinylidene difluoride (PVDF) and poly(vinylidene fluoride-co-hexafluoropropene) (PVDF-HFP) were used for gelation of the electrolyte, and the influence of the different polymers on the mechanical properties was studied. The Seebeck coefficient and diffusivity of the cobalt redox couple were measured in both liquid and gelled electrolytes, and the effect of gelation on the thermocell performance is reported. Finally, the cell performance was further improved by optimizing the concentration of the redox couple and the separation between the hot and cold electrodes, and the stability of the device over 25h of operation is demonstrated.",MPN cobalt bipyridyl redox electrolyte gelled with PVDF or PVDF-HFP,quasi-solid gel suppresses leakage while cobalt redox diffusivity/concentration and electrode spacing determine thermocell performance
Experimental Investigation of Coupled Transport Mechanisms in a PEM Based Thermoelectric Energy Converter,ENERGIES,10.3390/en16145434,2023,"Thermoelectric energy converters based on galvanic cells (TGC) offer the possibility of direct conversion of low-temperature waste heat into electrical energy and could therefore be a promising approach for an increase in the overall efficiency of energy conversion. Due to an externally applied heat source, a temperature gradient across the electrolyte is induced, leading to a gradient in the chemical potential of the species and an electrical potential difference between the electrodes. The aim of approaching an internal equilibrium state leads to various coupled molecular transport mechanisms taking place in the electrolyte, impacting the open circuit voltage (OCV) and the performance of the TGC. By applying the theory of non-equilibrium thermodynamics (NET) to describe these coupled processes, the interactions that occur can be characterized in more detail. In this work, a polymer electrolyte membrane (PEM)-based TGC with two H-2/H2O electrodes of different temperatures and gas compositions is experimentally investigated. By controlling the gradients in temperature and concentration, different impacts on the resulting OCV can be identified. In addition, we present the measured coupling coefficient, representing the singular relation between the transport of the hydrogen ions inside the membrane and the electrical potential difference between the electrodes for a wide variety of working conditions.",PEM-based TGC with two H2/H2O electrodes at different temperatures/gas compositions,temperature and concentration gradients drive coupled proton transport and electrode potential differences described by nonequilibrium thermodynamics
Bulk electronic transport impacts on electron transfer at conducting polymer electrode-electrolyte interfaces,PROCEEDINGS OF THE NATIONAL ACADEMY OF SCIENCES OF THE UNITED STATES OF AMERICA,10.1073/pnas.1806087115,2018,"Electrochemistry is an old but still flourishing field of research due to the importance of the efficiency and kinetics of electrochemical reactions in industrial processes and (bio-)electrochemical devices. The heterogeneous electron transfer from an electrode to a reactant in the solution has been well studied for metal, semiconductor, metal oxide, and carbon electrodes. For those electrode materials, there is little correlation between the electronic transport within the electrode material and the electron transfer occurring at the interface between the electrode and the solution. Here, we investigate the heterogeneous electron transfer between a conducting polymer electrode and a redox couple in an electrolyte. As a benchmark system, we use poly(3,4-ethylenedioxythiophene) (PEDOT) and the Ferro/ferricyanide redox couple in an aqueous electrolyte. We discovered a strong correlation between the electronic transport within the PEDOT electrode and the rate of electron transfer to the organometallic molecules in solution. We attribute this to a percolation-based charge transport within the polymer electrode directly involved in the electron transfer. We show the impact of this finding by optimizing an electrochemical thermogalvanic cell that transforms a heat flux into electrical power. The power generated by the cell increased by four orders of magnitude on changing the morphology and conductivity of the polymer electrode. As all conducting polymers are recognized to have percolation transport, we believe that this is a general phenomenon for this family of conductors.",PEDOT conducting polymer electrode with ferro/ferricyanide electrolyte,percolation-based bulk electronic transport in PEDOT controls heterogeneous electron transfer and thermogalvanic power
Carbon Nanotube - Reduced Graphene Oxide Composites for Thermal Energy Harvesting Applications,ADVANCED MATERIALS,10.1002/adma.201303295,2013,,CNT-reduced graphene oxide composite thermocell electrodes,abstract unavailable; title indicates CNT/rGO carbon composite electrodes for thermal energy harvesting thermocells
Thermal Gradient Infrared Spectroscopy for Diffusion in Polymers,JOURNAL OF PHYSICAL CHEMISTRY B,10.1021/acs.jpcb.3c04130,2023,"Time-resolved Fourier transform infrared-attenuated total reflectance spectroscopy (FTIR-ATR) was used to measure diffusion in opaque and translucent samples. FTIR-ATR was used to measure the change in the absorbance near the heated ATR crystal surface. The infrared absorbance was then related to the concentration through the Beer-Lambert law. The sample used is a polymer electrolyte composed of lithium bis-trifluoromethanesulfonylimide (LiTFSI) salt in a block copolymer polystyrene-poly(ethylene oxide) (SEO). A new approach to introduce concentration gradients is presented using a temperature gradient that creates a small salt concentration gradient due to thermally driven mass diffusion (the Soret effect). This first method was compared to a second method that we reported using two laminated polymer electrolyte films of different salt concentrations. The thermal gradient study (method 1) covered three temperature differences of 10, 15, and 20 degrees C, while the second study (method 2) used three average molar ratios across isothermal temperatures ranging from 80 to 120 degrees C. The benefits and limitations of the new approach are reported, as is the activation energy for salt diffusion in this and similar SEO electrolytes. Developing new techniques to measure diffusion coefficients effectively will aid in the development of a variety of devices, including solid-state batteries and thermogalvanic cells, that are able to convert waste heat into electricity and improve the efficiency of power-generating systems. FTIR-ATR overcomes previous limitations in experimental techniques measuring diffusion coefficients. The results prove that thermal gradient FTIR-ATR is an effective and repeatable approach for determining Fickian diffusion coefficients in viscoelastic solids.",SEO block copolymer/LiTFSI polymer electrolyte studied by thermal-gradient FTIR-ATR,temperature-gradient Soret effect creates salt concentration gradients used to measure diffusion in polymer electrolytes relevant to thermogalvanic cells
Exploiting the waste heat from an alkaline fuel cell via electrochemical cycles,ENERGY,10.1016/j.energy.2017.10.112,2018,"Based on the current models of an alkaline fuel cell (AFC) and a thermally regenerative electrochemical cycle (TREC), a novel model of the hybrid system consisting of an AFC, n TRECs, and a regenerator is proposed. The maximum power output density of the hybrid system is calculated. It is found that when the regenerative efficiency of TRECs is in the 0.4-0.8 range, the maximum power output density of the hybrid system is about 1.46-1.77 times of that of the AFC. Moreover, the influences of the current density of the AFC and the regeneration efficiency of the TRECs on the performance characteristics of the hybrid system are discussed in detail. The choice criteria of main parameters are given. The performances of several AFC -based hybrid systems are compared. When the AFC is operated at 353 K, the maximum power output density of the AFC-TREC hybrid system is about 2 times of that of the AFC-TEG hybrid system, 2.42 times of that of the AFC-refrigerator hybrid system, 1.17 times of that of the AFC-heat driven hybrid system, respectively. The results obtained show that the proposed model can more efficiently harvest the waste heat released from AFCs than other AFC -based hybrid systems. (C) 2017 Elsevier Ltd. All rights reserved.","AFC-TREC hybrid system with alkaline fuel cell, multiple TRECs, and regenerator",thermally regenerative electrochemical cycles harvest alkaline fuel-cell waste heat to raise hybrid power density
Ionic transport properties and their empirical correlations for thermal-to-electrical energy conversion,MATERIALS TODAY PHYSICS,10.1016/j.mtphys.2021.100433,2021,"Thermal-to-electrical energy conversion due to the thermo-diffusion of ions is an emerging field of study, which has attracted significant research efforts over the past several years due to unprecedentedly large thermopower over several mV/K compared to 10(-2)-10(-1) mV/K from conventional electronic thermoelectric materials. Nevertheless, key enabling principles and general rules for achieving the extraordinary properties have yet to be fully unveiled due to the complexity in establishing consolidated theories unlike crystalline solids. Here we suggest empirical relationships between ionic conductivity and ionic thermopower as well as their dependency on relative humidity (RH). It is very intriguing to see both ionic electrical conductivity and ionic thermopower are simultaneously improved as RH is raised, in contrast to their adverse correlation in conventional electronic thermoelectrics, offering potential breakthroughs for large performance enhancement. This paper mainly focuses on the thermo-diffusion of ions called the Soret effect in solid-state polyelectrolytes due to their large thermopower, and their transport properties were described in comparison to electronic Seebeck effects. Representative materials and their device applications are introduced along with underlying physics and perspectives. We anticipate that this work serves as a guide for exercising their outstanding properties as well as opening up new strategies for thermal-to-electrical energy conversion. (C) 2021 Elsevier Ltd. All rights reserved.",solid-state polyelectrolytes with ionic thermodiffusion/Soret effect,humidity-dependent ion conductivity and thermopower correlations guide thermal-to-electrical conversion by mobile ions
Using electrochemical cycles to efficiently exploit the waste heat from a proton exchange membrane fuel cell,ENERGY CONVERSION AND MANAGEMENT,10.1016/j.enconman.2017.04.058,2017,"With the help of the current models of a proton exchange membrane fuel cell (PEMFC) and a thermally regenerative electrochemical cycle (TREC), a novel model of the hybrid system composed of a PEMFC and N TRECs is established. The TRECs in the system can effectively exploit the waste heat released form the PEMFC. The expressions for the power output and efficiency of the hybrid system are analytically derived. The effects of some key parameters including the electric current density and electrode area of the PEMFC and the electric current and regenerative efficiency of TRECs on the performance of the system are discussed in detail. It is found that when the regenerative efficiency of TRECs is in the range of 0.2-0.8, the maximum power output density of the hybrid system is about 1.11-1.20 times of that of the PEMFC. The maximum power output densities and corresponding efficiencies of the hybrid system at the differently operating temperatures of the PEMFC are calculated and compared with those of other PEMFC-based hybrid systems, and consequently, it is revealed that the proposed model can more efficiently utilize the waste heat produced in a PEMFC than other PEMFC-based hybrid systems. (C) 2017 Elsevier Ltd. All rights reserved.",PEMFC-TREC hybrid system,thermally regenerative electrochemical cycles exploit proton-exchange-membrane fuel-cell waste heat and increase system power output
Thermo-electrochemical cells empowered by selective inclusion of redox-active ions by polysaccharides,SUSTAINABLE ENERGY & FUELS,10.1039/c7se00470b,2018,"Thermo-electrochemical cells (TECs) are a class of thermoelectric materials that offer high thermoelectric voltage (Seebeck coefficient) with potentially lower costs compared to the conventional thermoelectric materials. To maximize the potential of TECs, we show that the Seebeck coefficient of TECs with a redox pair of I-/I3(-) is enhanced by introducing polymer-ion interactions. Starch and polyvinylpyrrolidone (PVP) are employed as polymeric hosts for I-3(-) ions. The effective concentration of free I-3(-) ions in the cold cell decreases due to their selective inclusion in host polymers, resulting in an increase of the [I-]/[I-3(-)] ratio. Meanwhile in the higher temperature cell, the inclusion of I-3(-) ions by host polymers is less effective and the [I-]/[I-3(-)] ratio is mostly determined by the intrinsic equilibrium without polymers. Consequently, the two electrode cells differing in temperature show a considerable difference in the concentration of I-3(-) ions, which causes a significant increase of the Seebeck coefficient up to 1.5 mV K-1. The performance of polymer TECs can be tuned depending on the polymer-I-3(-) interactions, and starch showed notable performance as compared to PVP, with increased output power by a factor of two.",I-/I3- thermo-electrochemical cells with starch or PVP polysaccharide/polymer hosts,selective polymer inclusion of I3- at cold side changes free triiodide concentration and increases Seebeck coefficient
High-efficiency zinc thermal charging supercapacitors enabled by hierarchical porous carbon electrodes,JOURNAL OF POWER SOURCES,10.1016/j.jpowsour.2022.232386,2023,"High value-added utilization of ubiquitous low-grade heat shows great importance to energy regulation. liquid thermocell is considered as promising candidate for converting heat into electricity due to its high Seebeck coefficient and facile operation. However, the challenging integration of dozens of tiny devices is still required to generate a useful voltage, which greatly blocks the development of thermocells. Here, a well-defined nitrogen -doped hierarchical porous carbon (NHPC) obtained by self-template carbonization and alkaline activation is employed to construct high-performance zinc ion thermal charging supercapacitors (ZTSC) for the integration of energy conversion and storage. Significantly, continuous architecture of NHPC can enlarge the electrochemical active surface and shorten the diffusion pathways of electrolyte ions. Consequently, a high energy/power density of 71.8 Wh kg -1/10.3 kW kg- 1 can be achieved. Moreover, NHPC based ZTSC can output an attractive voltage of 1.16 V, a high thermopower of 31.4 mV K-1, and a superior normalized power density of 15.3 mW m- 2 K-2 with a temperature difference of 27 K. This work not only provides a facile strategy to prepare promising carbon materials, but also demonstrates the possibility of hybrid supercapacitors for heat-to-current conversion and storage.",zinc-ion thermal charging supercapacitor with nitrogen-doped hierarchical porous carbon electrodes,"hierarchical porous carbon expands active surface and shortens ion diffusion, integrating thermocell heat conversion with Zn supercapacitor storage"
Maximal continuous power output and parametric optimum design of an electrochemical system driven by low-grade heat,ENERGY CONVERSION AND MANAGEMENT,10.1016/j.enconman.2017.01.045,2017,"A new model of the electrochemical system consisting of multiple thermally regenerative electrochemical cycles (TRECs) Working in different states is proposed to solve the problem of discontinuous power output. This system can efficiently harvest low-temperature waste heat and realize the continuous power output. Based on the performance of a single TREC, the power output and efficiency of the system are analytically derived. The effects of the electric current on the power output and the upper and lower boundaries of the efficiency are discussed. The general performance characteristics of the system at the maximum power output are revealed. Moreover, it is expounded that when the system is operated at the state of the maximum efficiency-power product, the systemic performance relative to the state of the maximum power output may have an obvious improvement. For example, when the Carnot efficiency of the system is smaller than 0.2, the improvement ratio of the systemic performance is larger than 16%. The results obtained here show that the system should be operated between the maximum power output and the maximum efficiency-power product. Consequently, the optimal criteria of the parametric design are provided and the rationally operating region of the system is determined. (C) 2017 Elsevier Ltd. All rights reserved.",multi-TREC electrochemical system operating in different states,multiple thermally regenerative electrochemical cycles are staggered to convert low-grade heat into continuous power with optimized current/efficiency tradeoffs
Take it to the Carnot limit: Perspectives and thermodynamics of dual-cell electrochemical heat engines,ENERGY CONVERSION AND MANAGEMENT,10.1016/j.enconman.2022.116315,2022,"In electrochemical dual-cell heat engines, the conduction of heat and electricity are fully decoupled, allowing their independent optimisation to maximise the conversion efficiency. Despite this advantage, the dual-cell electrochemical heat engine has only been explored superficially in previous studies. Here we address the in-depth thermodynamic aspects of the heat engines integrated with two electrochemical flow cells and assess the route to achieve a high heat-to-electricity conversion efficiency and system's power output. Our theoretical analysis revealed for the first time that in the dual-cell electrochemical system, the flow rate must be controlled as a response to the electrical current, and conversion efficiency no longer depend on the conventional ther-moelectric figure-of-merit. Based on established principles and considering tremendous advancements for the past 10 years within thermogalavic materials and flow battery systems, our analysis presents that it is realistic to develop dual-cell electrochemical heat engines that can be operated at conversion efficiencies approaching the Carnot limit, reaching 10.1 % and 19.3 % at maximum power point and maximum conversion efficiency con-ditions, respectively, under the temperature gradient of 80 degrees C.",dual-cell electrochemical heat engine with two electrochemical flow cells,separating heat and electrical conduction allows independent flow/current optimization and potential approach to Carnot efficiency
Design and optimization of thermo-electrochemical cells,JOURNAL OF APPLIED ELECTROCHEMISTRY,10.1007/s10800-013-0638-y,2014,"Thermo-electrochemical cells (or thermocells) convert thermal energy to electricity in continuous operation based on a balance of ion conduction and redox reactions at hot and cold electrodes. In this study, the fundamental governing equations for mass and heat transfer, fluid dynamics, and electrokinetics in thermocells are presented and solved numerically using COMSOL. A parametric study is performed to explore the limitations and optimal cell dimensions for maximum energy conversion efficiency in thermocells. Series-stacking designs are demonstrated to have the potential to increase conversion efficiency by 100 % compared to a single cell configuration. Natural convection is shown to significantly increase the conversion efficiency of thermocells with conventional aqueous electrolyte (0.4 M potassium ferri/ferrocyanide), by compressing the diffusive boundary layers. A flow cell thermocell design is also considered. Results reveal that the ohmic resistance of the electrolyte limits the energy conversion efficiency of this design.",COMSOL-modeled thermocells with 0.4 M potassium ferri/ferrocyanide electrolyte,"mass/heat transfer, fluid dynamics, electrokinetics, and natural convection determine optimal thermocell dimensions and series-stacking efficiency"
Thermoelectric energy recovery at ionic-liquid/electrode interface,JOURNAL OF CHEMICAL PHYSICS,10.1063/1.4923199,2015,"A thermally chargeable capacitor containing a binary solution of 1-ethyl-3-methylimidazolium bis(trifluoromethylsulfonyl)-imide in acetonitrile is electrically charged by applying a temperature gradient to two ideally polarisable electrodes. The corresponding thermoelectric coefficient is -1.7 mV/K for platinum foil electrodes and -0.3 mV/K for nanoporous carbon electrodes. Stored electrical energy is extracted by discharging the capacitor through a resistor. The measured capacitance of the electrode/ionic-liquid interface is 5 mu F for each platinum electrode while it becomes four orders of magnitude larger, approximate to 36 mF, for a single nanoporous carbon electrode. Reproducibility of the effect through repeated charging-discharging cycles under a steady-state temperature gradient demonstrates the robustness of the electrical charging process at the liquid/electrode interface. The acceleration of the charging by convective flows is also observed. This offers the possibility to convert waste-heat into electric energy without exchanging electrons between ions and electrodes, in contrast to what occurs in most thermogalvanic cells. (C) 2015 AIP Publishing LLC.",EMIm TFSI/acetonitrile thermally chargeable capacitor with platinum foil or nanoporous carbon electrodes,"temperature gradient charges ionic-liquid/electrode double layers without Faradaic electron exchange, storing recoverable electrical energy"
Seebeck coefficients in ionic liquids -prospects for thermo-electrochemical cells,CHEMICAL COMMUNICATIONS,10.1039/c1cc11501d,2011,Measurement of Seebeck coefficients in a range of ionic liquids (ILs) suggests that these electrolytes could enable the development of thermoelectric devices to generate electrical energy from low-grade heat in the 100-150 degrees C range.,ionic-liquid electrolytes for thermo-electrochemical cells,ionic liquids show Seebeck coefficients suitable for low-grade heat thermoelectric devices at 100-150 C
Flexible and non-volatile redox active quasi-solid state ionic liquid based electrolytes for thermal energy harvesting,SUSTAINABLE ENERGY & FUELS,10.1039/c8se00224j,2018,"The conversion of low-grade thermal energy to electricity using thermoelectrochemical cells (TECs) is a promising route to sustainable electricity production. Developing a leak-free and flexible electrolyte is an important requirement for increasing the safety of these energy harvesting devices. Here, the addition of polymers to non-volatile redox active ionic liquid electrolytes has been investigated. Polyvinylidene difluoride (PVDF) or poly(vinylidene fluoride-co-hexafluoropropene) (PVDF-HFP) was added to an ionic liquid electrolyte, consisting of a [Co(bpy)(3)](2+/3+) redox couple in 1-ethyl-3-methylimidazolium bis(trifluoromethylsulfonyl)imide ([C(2)mim][NTf2]), to produce either soft gels or free-standing films depending on the polymer content. These quasi-solid state electrolytes have a Seebeck coefficient as high as the liquid electrolyte. The effect of gelation, with different amounts of polymer, on the diffusion coefficient of the redox species is reported. Finally, the first thermal energy harvesting performance of a non-volatile, flexible redox active quasi-solid state electrolyte is demonstrated. The quasi-solid state electrolytes allow use of a much thinner electrolyte layer while still maintaining more than half of the power output of the best ionic liquid electrolyte TEC for the same temperature gradient.",[Co(bpy)3]2+/3+ in [C2mim][NTf2] ionic liquid gelled with PVDF or PVDF-HFP,polymer gelation creates flexible nonvolatile quasi-solid electrolytes while retaining high Seebeck coefficient and allowing thinner cells
Temperature dependence of the electrode potential of a cobalt-based redox couple in ionic liquid electrolytes for thermal energy harvesting,FARADAY DISCUSSIONS,10.1039/c5fd00238a,2016,"Increasing the application of technologies for harvesting waste heat could make a significant contribution to sustainable energy production. Thermoelectrochemical cells are one such emerging technology, where the thermal response of a redox couple in an electrolyte is used to generate a potential difference across a cell when a temperature gradient exists. The unique physical properties of ionic liquids make them ideal for application as electrolytes in these devices. One of the keys to utilizing these media in efficient thermoelectrochemical cells is achieving high Seebeck coefficients, Se: the thermodynamic quantity that determines the magnitude of the voltage achieved per unit temperature difference. Here, we report the Se and cell performance of a cobalt-based redox couple in a range of different ionic liquids, to investigate the influence of the nature of the IL on the thermodynamics and cell performance of the redox system. The results reported include the highest Se to-date for an IL-based electrolyte. The effect of diluting the different ILs with propylene carbonate is also reported, which results in a significant increase in the output powers and current densities of the device.",cobalt redox couple in multiple ionic liquids and propylene-carbonate-diluted ionic liquids,ionic-liquid identity controls redox thermodynamics/Seebeck coefficient; dilution improves output power and current density
Organic solvent-based thermo-electrochemical cells with an iron(ii/iii) triflate redox couple for use in harvesting low-grade waste heat at 100-200 °C,SUSTAINABLE ENERGY & FUELS,10.1039/d1se01893k,2022,"The need to harvest low-grade waste heat at 100-200 degrees C has attracted much attention. In this paper, the performance of thermo-electrochemical cells (TECs) with an iron triflate (Fe(CF3SO3)(2)/Fe(CF3SO3)(3)) redox couple is investigated in various organic solvents at temperatures exceeding 100 degrees C. The TECs in dimethylformamide (DMF) showed the maximum Seebeck coefficient of 1.51 mV K-1, and the maximum power density of 660 mW m(-1) was achieved using 0.5 M iron triflate in DMF at Delta T = 120 K (145 degrees C on the hot-side).",Fe(CF3SO3)2/Fe(CF3SO3)3 iron(ii/iii) triflate redox couple in organic solvents such as DMF,organic solvent stability and iron triflate redox thermodynamics enable high-temperature low-grade heat harvesting at 100-200 C
Quantitative visualization of ion and thermal distributions in electrolytes during operation of electrochemical devices by Operando phase-contrast X-ray imaging,JOURNAL OF MATERIALS RESEARCH,10.1557/s43578-022-00581-7,2022,"A fundamental understanding of transport properties (e.g., ion transport, thermal transport, etc.) in electrolytes is important for energy storage/conversion devices such as lithium-ion batteries because poor transport properties in electrolytes cause significant performance degradation, especially for high-power applications. However, few techniques can be used to quantitatively characterize transport behavior in the electrolyte during the device operation. We have determined that the operando phase-contrast X-ray imaging technique allows for simultaneous quantitative characterization of transport phenomena in electrolytes during electrochemical device operation with high temporal (seconds) and spatial (a few 10-microns) resolutions. In this paper, we show the results of quantitative visualization of ion concentration distribution in the electrolyte of an operating lithium-ion battery, electrolyte stratification behavior of an operating lead-acid battery, and dynamic behavior of ion concentration distribution and thermal distribution in the electrolyte of a thermo-electrochemical cell under temperature difference application, respectively.","electrolytes in lithium-ion, lead-acid, and thermo-electrochemical cells imaged by operando phase-contrast X-ray",operando X-ray imaging quantifies ion concentration and thermal distributions during electrochemical and thermocell operation
Polymer Gel with Tunable Conductive Properties: A Material for Thermal Energy Harvesting,ACS OMEGA,10.1021/acsomega.2c05301,2022,"The spontaneous gelation of poly(4-vinyl pyridine)/pyridine solution produces materials with conductive properties that are suitable for various energy conversion technologies. The gel is a thermoelectric material with a conductivity of 2.2-5.0 x 10-6 S m-1 and dielectric constant epsilon = 11.3. On the molecular scale, the gel contains various types of hydrogen bonding, which are formed via self-protonation of the pyridine side chains. Our measurements and calculations revealed that the gelation process produces bias-dependent polymer complexes: quasi-symmetric, strongly hydrogen-bonded species, and weakly bound protonated structures. Under an applied DC bias, the gelled complexes differ in their capacitance/conductive characteristics. In this work, we exploited the bias-responsive characteristics of poly(4-vinyl pyridine) gelled complexes to develop a prototype of a thermal energy harvesting device. The measured device efficiency is S =Delta V/ Delta T = 0.18 mV/K within the temperature range of 296-360 K. Investigation of the mechanism underlying the conversion of thermal energy into electric charge showed that the heat-controlled proton diffusion (the Soret effect) produces thermogalvanic redox reactions of hydrogen ions on the anode. The charge can be stored in an external capacitor for heat energy harvesting. These results advance our understanding of the molecular mechanisms underlying thermal energy conversion in the poly(4-vinyl pyridine)/pyridine gel. A device prototype, enabling thermal energy harvesting, successfully demonstrates a simple path toward the development of inexpensive, low-energy thermoelectric generators.",poly(4-vinyl pyridine)/pyridine proton-conducting gel,self-protonated hydrogen-bonded polymer complexes enable heat-controlled proton diffusion and thermogalvanic H+ redox charge storage
The thermoelectrochemistry of lithium-glyme solvate ionic liquids: towards waste heat harvesting,PHYSICAL CHEMISTRY CHEMICAL PHYSICS,10.1039/c6cp02255c,2016,"Thermoelectrochemistry offers a simple, scalable technique for direct conversion of waste heat into useful electricity. Here the thermoelectrochemical properties of lithium-glyme solvate ionic liquids, as well as their dilute electrolyte analogues, have been investigated using mixtures of tetraglyme (G4, tetraethylene glycol dimethyl ether) and lithium bis(trifluoromethylsulfonyl) imide (Li[NTf2]). The thermoelectrochemical process is entropically-driven by release of the glyme from the lithium-glyme complex cation, due to electrodeposition of lithium metal at the hotter lithium electrode with concomitant electrodissolution at the cooler lithium electrode. The optimum ratio for thermochemical electricity generation is not the solvate ionic liquid (equimolar mixture of Li[NTf2] and glyme), but rather one Li[NTf2] to four G4, due to the mixtures relatively high ionic conductivity and good apparent Seebeck coefficient (+1.4 mV K-1). Determination of the lithium-glyme mixture thermal conductivity enabled full assessment of the Figure of Merit (ZT), and the efficiency relative to the Carnot efficiency to be determined. As the lithium electrodeposits are porous, alternating the temperature gradient results in a system that actually improves with repeated use.",lithium-glyme solvate ionic liquids: Li[NTf2]/tetraglyme mixtures with lithium electrodes,"hot-side lithium electrodeposition releases glyme from Li-glyme complex cation, producing entropy-driven thermoelectrochemical voltage"
Gas electrodes with nickel based current collectors for molten carbonate electrolyte thermo-electrochemical cells,JOURNAL OF ENERGY CHEMISTRY,10.1016/j.jechem.2019.05.001,2020,"Thermo-electrochemical cells with inexpensive molten carbonate electrolyte and (CO2 vertical bar O-2) gas electrodes allow the possible conversion of high temperature waste heat from industrial processes into electricity. The cell containing eutectic (Li,Na)(2)CO3 electrolyte with solid MgO dispersion delivers a large Seebeck coefficient of -1.7 mV/K. At present, the (CO2 vertical bar O-2) gas electrodes use metallic gold as current collectors in order to avoid the formation of interfering oxide layers during operation. For further reduction in energy generation cost, the gold current collectors should be replaced with an inexpensive and stable alternative. In this study, the suitability of the (molten carbonate fuel cell) MCFC's nickel-based cathodes to operate the molten-carbonate thermo-electrochemical cell, was investigated. Ni current collectors were examined in two different states, as NiO and as lithiated NiO (LixNi1-xO). The NiO phase shows higher stability than the LixNi1-xO while the Seebeck coefficient remains above -1.2 mV/K. (C) 2019 Science Press and Dalian Institute of Chemical Physics, Chinese Academy of Sciences. Published by Elsevier B.V. and Science Press. All rights reserved.","molten carbonate eutectic (Li,Na)2CO3/MgO electrolyte with CO2/O2 gas electrodes and Ni/NiO/LixNi1-xO current collectors",molten carbonate gas-electrode thermocell converts high-temperature waste heat; NiO provides stable low-cost current collection
Multivoltaic GaSe<SmCl3> clathrate as new hybrid functional nanostructure,BULLETIN OF THE POLISH ACADEMY OF SCIENCES-TECHNICAL SCIENCES,10.24425/bpasts.2021.136726,2021,"The electrical properties and behaviour in constant magnetic field of fourfold expanded GaSe matrix intercalated with SmCl3 guest were investigated by means of impedance spectroscopy and cyclic voltammetry. It was determined that the synthesized GaSe clathrate of 4-fold expansion demonstrates the coexistence of mechanisms of generation, transformation and accumulation of electric energy on a quantum level. These mechanisms are driven from external sources of magnetic, thermal and electric field without Faradaic reactions. Therefore, investigated GaSe structure is of great attraction in multivoltaics as a prototype of new class of materials. Quantum mechanical model of electro motive force of spin nature is proposed. The main focus of work lies in the prospects of synthesized clathrates for the development of power nanosources and gyrator-free delay nanolines controlled by means of magnetic field.",GaSe<SmCl3> clathrate hybrid nanostructure,"magnetic, thermal, and electric fields drive quantum-level energy generation/accumulation without Faradaic reactions"
The study of electrical conductivity and diffusion behavior of water-based and ferro/ferricyanide-electrolyte-based alumina nanofluids,JOURNAL OF COLLOID AND INTERFACE SCIENCE,10.1016/j.jcis.2016.02.001,2016,"Nanofluids are liquids containing suspensions of solid nanoparticles and have attracted considerable attention because they undergo substantial mass transfer and have many potential applications in energy technologies. Most studies on nanofluids have used low-ionic-strength solutions, such as water and ethanol. However, very few studies have used high-ionic-strength solutions because the aggregation and sedimentation of nanoparticles cause a stability problem. In this study, a stable water-based alumina nanofluid was prepared using stirred bead milling and exhibits a high electrical conductivity of 2420 mu S/cm at 23 degrees C and excellent stability after five severe freezing-melting cycles. We then developed a process for mixing the water-based nanofluid with a high-ionic-strength potassium ferro/ferricyanide electrolyte and sodium dodecyl sulfate by using stirred bead milling and ultrasonication, thus forming a stable electrolyte-based nanofluid. According to the rotating disk electrode study, the electrolyte-based alumina nanofluid exhibits an unusual increase in the limiting current at high angular velocities, resulting from a combination of local percolation behavior and shear-induced diffusion. The electrolyte-based alumina nanofluid was demonstrated in a possible thermogalvanic application, since it is considered to be an alternative electrolyte for thermal energy harvesters because of the increased electrical conductivity and confined value of thermal conductivity. (C) 2016 Elsevier Inc. All rights reserved.",water-based alumina nanofluid mixed with potassium ferro/ferricyanide electrolyte and SDS,alumina nanofluid raises electrical conductivity and shear-induced diffusion while keeping thermal conductivity controlled for thermogalvanic use
A supramolecular thermocell consisting of ferrocenecarboxylate and β-cyclodextrin that has a negative Seebeck coefficient,POLYMER JOURNAL,10.1038/s41428-018-0061-7,2018,A p-type supramolecular thermocell was constructed with a ferrocenecarboxylate/ferroceniumcarboxylate pair. The Seebeck coefficient of the cell was improved from -0.86 to -1.20 mV K-1 by the addition of beta-cyclodextrin. Isothermal titration calorimetry and a theoretical investigation demonstrated that the host-guest interaction increased the Seebeck coefficient.,ferrocenecarboxylate/ferroceniumcarboxylate supramolecular thermocell with beta-cyclodextrin,beta-cyclodextrin host-guest interaction changes redox entropy and increases negative Seebeck coefficient
Nitrogen- and Boron-Doped Carbon Nanotube Electrodes in a Thermo-Electrochemical Cell,JOURNAL OF THE ELECTROCHEMICAL SOCIETY,10.1149/2.043205jes,2012,"We explore the prospects of using doped carbon nanotube (CNT) electrodes to increase the output power of thermo-electrochemical cells (TECs). CNT buckypaper electrodes doped with nitrogen and boron were characterized using cyclic voltammetry, impedance spectroscopy, and TEC test with potassium ferri/ferrocyanide electrolyte. Both doping states increased the electrochemically active surface area of CNT electrodes. Electrostatic interactions with potassium ions altered the charge transfer kinetics for doped CNT electrodes; yet, the symmetry of the charge transfer remained approximately equal to that of pristine CNTs. In TEC test, accumulation of potassium ions at doped CNT electrodes was found to reduce short-circuit current. (C) 2012 The Electrochemical Society. [DOI: 10.1149/2.043205jes] All rights reserved.",nitrogen- and boron-doped CNT buckypaper electrodes with potassium ferri/ferrocyanide electrolyte,heteroatom doping increases active surface but potassium-ion accumulation can reduce thermocell short-circuit current
Modeling a thermocell with proton exchange membrane and hydrogen electrodes,INTERNATIONAL JOURNAL OF HYDROGEN ENERGY,10.1016/j.ijhydene.2018.09.007,2018,"Direct conversion of thermal energy to electric energy with thermoelectric generators is an attractive technique to recover low-temperature heat. Thermoelectric generators based on galvanic cells (thermocells) provide promising results with respect to the Seebeck coefficient. In this study, based on the theory of non-equilibrium thermodynamics, we simulated a thermocell with hydrogen gas electrodes and a proton exchange membrane. We calculated a maximum power density of 1461 mW/m(2) and a thermal efficiency of 2% relative to the Carnot efficiency for a cell operating with the same gas composition at both the anode and the cathode, but fully saturated at the anode. We predict a Seebeck coefficient in the range of 0.7-1.8 mV/K, higher than those of classical thermoelectric generators. The thermocell presented here provides promising values regarding the Seebeck coefficient. (C) 2018 Hydrogen Energy Publications LLC. Published by Elsevier Ltd. All rights reserved.",PEM thermocell with hydrogen gas electrodes,non-equilibrium thermodynamic model predicts proton/electrode transport-driven Seebeck voltage in H2 PEM thermocell
Electrochemical way of converting low-grade heat energy into electricity based on crystalline hydrate melting and crystallization,INTERNATIONAL JOURNAL OF HEAT AND MASS TRANSFER,10.1016/j.ijheatmasstransfer.2018.01.126,2018,We proposed a concept and calculated an efficiency of the electrochemical cycle of converting the low-grade heat with the temperature difference of 10-80 degrees C into electricity. The cycle could be divided into two stages: the creation of the concentration difference by the crystalline hydrate melting at the high temperature or the crystallization at the low temperature and the electricity generation in the concentration galvanic cell. The calculations prove that the efficiency of the converting heat into the electricity could reach up to 20-35% of the Carnot cycle efficiency. (C) 2018 Elsevier Ltd. All rights reserved.,concentration galvanic cell driven by crystalline hydrate melting/crystallization,temperature-dependent hydrate phase change creates concentration differences that are converted to electricity in a galvanic cell
Influence of Electrode Gas Flow Rate and Solid Oxide Ratio in Electrolyte on the Seebeck Coefficient of Molten Carbonate Thermocell,JOURNAL OF THE ELECTROCHEMICAL SOCIETY,10.1149/2.0391708jes,2017,"Thermocells represent a promising way to utilize heat as a power source. The aim of this work is to develop a thermocell with identical gas electrodes using molten carbonate-based electrolytes. The cell can generate power from waste heat, and can also utilize the CO2 rich off-gas available in metal producing industries. The flow rate of the gas supply to the electrodes needs to be optimized. Its effect on the Seebeck coefficient was not studied systematically before. The addition of solid oxide to the molten carbonate melt alters also the system's Seebeck coefficient. We report measurements where we vary the content of solid oxide in the liquid eutectic electrolyte mixture as well as the electrode gas flow rate. The Seebeck coefficient is reported for various ratios of eutectic (Li, Na)(2)CO3 molten carbonate and dispersed solid oxide MgO, and for varying gas (CO2|O-2) flow rates to the electrode interfaces. (C) The Author(s) 2017. Published by ECS. All rights reserved.","molten carbonate eutectic (Li,Na)2CO3 with MgO and CO2/O2 gas electrodes",solid oxide ratio and gas flow tune electrode-interface chemistry and Seebeck coefficient of molten carbonate thermocells
Analytical Study and Experimental Validation of Copper II Sulfate and Potassium Ferri/Ferrocyanide Thermocells Using Onsager Flux Equations,JOURNAL OF ENERGY RESOURCES TECHNOLOGY-TRANSACTIONS OF THE ASME,10.1115/1.4036045,2017,"Thermocells convert heat energy directly into electrical energy through charge-transfer reactions at the electrode-electrolyte interface. To perform an analytical study on the behavior of thermocells, the Onsager flux relationship was applied to thermocells, which used aqueous copper II sulfate and aqueous potassium ferri/ferrocyanide as the electrolyte. The transport coefficient matrices were calculated for each electrolyte and applied to several simulations, which were subsequently validated through experimental testing and comparison to previous literature results. The simulation is shown to correctly predict the short circuit current, maximum power output, and power conversion efficiency. Validation demonstrates that the simulation model developed, using the Onsager flux equations, works for thermocells with different electrode materials (platinum, copper, charcoal, acetylene black, and carbon nanotube), electrode spacing, and temperature differentials. The power dependence of the thermocell on concentration and electrode spacing, with respect to the Seebeck coefficient, maximum power output, and relative efficiency, is also shown.",aqueous CuSO4 and potassium ferri/ferrocyanide thermocells with multiple electrode materials,"Onsager flux transport matrices predict Seebeck coefficient, current, power, and efficiency across electrolyte/electrode/spacing conditions"
High Efficiency Graphene Coated Copper Based Thermocells Connected in Series,FRONTIERS IN PHYSICS,10.3389/fphy.2018.00035,2018,Conversion of low-grade waste heat into electricity had been studied employing single thermocell or flowcells so far. Graphene coated copper electrodes based thermocells connected in series displayed relatively high efficiency of thermal energy harvesting. The maximum power output of 49.2 W/m(2) for normalized cross sectional electrode area is obtained at 60 degrees C of inter electrode temperature difference. The relative carnot efficiency of 20.2% is obtained from the device. The importance of reducing the mass transfer and ion transfer resistance to improve the efficiency of the device is demonstrated. Degradation studies confirmed mild oxidation of copper foil due to corrosion caused by the electrolyte.,graphene-coated copper thermocells connected in series,"graphene-coated Cu electrodes reduce mass/ion transfer resistance, raising thermal energy harvesting efficiency but mild Cu corrosion occurs"
Effect of a Time-Dependent Magnetic Field on the Corrosion of Nickel-Aluminum Bronze,CORROSION,10.5006/2604,2018,"Nickel-aluminum bronze (NAB) was anodically polarized in a solution of 3.5 wt% NaCl and exposed to a time-dependent magnetic field (TDMF) with an amplitude of 180 mT. The effect of a TDMF on the anodic behavior of NAB has been investigated as a function TDMF frequency (0 Hz to150 Hz) and the anodic polarization potential (-180 mV(Ag/AgCl) to -25 mV(Ag/AgCl)). The results show that the anodic current density at a fixed, anodic potential increases when NAB is exposed to a TDMF. The effect increases with frequency of the TDMF, and is highest for the lowest polarization potentials. At -180 mV(Ag/AgCl), the current density increased by 800% when the sample was exposed to a TDMF of 150 Hz. The increase in current density is explained in terms of joule heating resulting from the induced eddy currents in the NAB sample. The increased anodic reaction at increasing temperature was documented by recording polarization curves at 20 degrees C, 40 degrees C, and 60 degrees C. The results emphasize a potential limitation of the use of NAB in close proximity to TDMFs in chloride-containing media.",nickel-aluminum bronze in 3.5 wt% NaCl under time-dependent magnetic field,eddy-current Joule heating raises local temperature and accelerates anodic corrosion in chloride media
Potential-pH Diagrams of Iron in Concentrated Aqueous LiBr Solutions at 25°C,CORROSION,10.5006/2865,2018,"Potential-pH diagrams of iron are developed in aqueous LiBr solutions with concentrations of 400 g/L, 700 g/L, 850 g/L, and 992 g/L LiBr at 25 degrees C, which are common concentrations in different parts of absorption machines. Comparison of the potential-pH diagrams of iron in the absence and the presence of concentrated aqueous LiBr solutions shows that the corrosion area at acid, neutral, and weak alkaline pH extends to lower potentials and higher pH values with the increase of LiBr concentration, as a result of formation of the aqueous species FeBr2(aq) and FeBr3(aq) and destabilization of the solid species Fe, Fe(OH)(2)(s), Fe3O4, and Fe2O3.",iron in concentrated aqueous LiBr solutions,LiBr concentration stabilizes FeBr2/FeBr3 aqueous species and expands iron corrosion region in potential-pH space
Sub-zero temperature thermo-electrochemical energy harvesting system using a self-heating negative temperature coefficient CNT-vanadium oxide cathode,JOURNAL OF APPLIED ELECTROCHEMISTRY,10.1007/s10800-016-1010-9,2017,"In this study, we report for the first time a simple method that directly converts heat into electrical energy at sub-zero ambient temperatures. The thermo-electrochemical cell was constructed with negative temperature coefficient (NTC) carbon nanotube-vanadium oxide (CNT-VO (x) ) self-heating cathode, which provided thermal energy through an induced Joule effect. The electrical energy was obtained by creating in situ temperature difference between the electrodes (Delta T) and with subsequent redox reactions. A decrease in the cell resistance with an increase in the Delta T, and enhanced electrical energy conversion through a charge-transfer mechanism (i.e., Faradaic redox reaction) was observed. In addition, the advantage of using NTC CNT-VO (x) cathode as a self-heating source at various Delta T (i.e., without the support of any external source) in a thermo-electrochemical system for sub-zero temperature energy conversion is presented.",CNT-vanadium oxide negative-temperature-coefficient self-heating cathode thermo-electrochemical cell,Joule self-heating creates in situ subzero temperature difference and Faradaic redox conversion
Flexible thermo-electrochemical cells using Iodolyte HI-30 for conversion of low-grade heat to electrical energy,RSC ADVANCES,10.1039/c6ra15884f,2016,"In this research work, we investigated the flexible thermo-electro chemical cells (TECs) for the conversion of low-grade heat into electrical energy in the temperature range of 20-70 degrees C. The TECs were fabricated using 30 mM iodide/tri-iodide (Iodolyte HI-30) in acetonitrile as a redox couple. A TEC consists of a carbon/Iodolyte HI-30/carbon structure. The cell contains a flexible polymer tube, filled with the electrolyte, whereas the openings of the tube have been sealed using carbon electrodes. Gradients of temperature (Delta T) up to 50 degrees C have been created. The Seebeck voltages and short-circuit currents (I-sc) were found to be 8-17 mV and 100-425 mu A, respectively, in the 20-70 degrees C temperature range. It was found that the TECs could provide sufficient power to drive low-power electronic devices and could be used for measurement of temperature gradients as well. Furthermore, this work identifies the directions for realizing flexible thermo-electric cells that can be potentially used for several applications in the medical segment where, besides electrical and mechanical stability, flexibility is paramount.",flexible carbon/Iodolyte HI-30/carbon thermo-electrochemical cell with iodide/triiodide in acetonitrile,I-/I3- redox in flexible polymer tube converts low-grade heat gradients into voltage/current
Corrosion of carbon steel in concentrated LiNO3 solution at high temperature,CORROSION SCIENCE,10.1016/j.corsci.2013.05.001,2013,"The corrosion of carbon steel in concentrated LiNO3 solution at high temperature was investigated by a weight loss method. Results showed that increasing temperature and pH would increase the corrosion rate, and increasing concentration and adding Li2CrO4 would reduce the corrosion rate. The corrosion in LiNO3 solution was general corrosion and the corrosion products were composed of Fe3O4 and Fe2O3. A compact passive layer comprising of Cr2O3, Fe3O4 and Fe2O3 was observed with adding Li2CrO4, and it could effectively depress the corrosion. The carbon steel corrosion in LiNO3 solution was much smaller than that in LiBr solution. (C) 2013 Elsevier Ltd. All rights reserved.",carbon steel in concentrated LiNO3 with Li2CrO4 inhibitor,temperature/pH increase corrosion while Li2CrO4 forms Cr2O3/Fe oxide passive layer suppressing corrosion
Corrosion of Aluminium in Concentrated LiNO3 Solution at High Temperature,INTERNATIONAL JOURNAL OF ELECTROCHEMICAL SCIENCE,,2015,"The corrosion of aluminium in concentrated LiNO3 solution at high temperature was studied with a weight loss method. The effects of concentration, temperature, pH and Li2CrO4 on corrosion rates were investigated. Results indicated that increasing concentration of LiNO3 had opponent effects on aluminium corrosion. Elevating temperature and pH could increase the corrosion rate. An incompact hydroxide film was observed on the surface of aluminium in LiNO3 solution. The corrosion was effectively depressed by adding inhibitor Li2CrO4, where a compact passive film comprising Al(OH)(3) and Cr2O3 may be formed. The corrosion rate of aluminium in LiNO3 solution was much smaller than that in LiBr solution.",aluminium in concentrated LiNO3 with Li2CrO4 inhibitor,temperature and pH accelerate aluminium corrosion; Li2CrO4 promotes compact Al(OH)3/Cr2O3 passive film
Effect of non-graphitized carbon electrodes on the electrochemical characteristics of a thermocell with a Br2/Br- redox couple,JOURNAL OF POWER SOURCES,10.1016/S0378-7753(97)02676-1,1998,"Electrodes made from a non-graphitized carbon (Maxsorb) sheet with a large specific surface area greatly improved the electrochemical characteristics of thermocells with a bromine/bromide-ion redox couple and a KBr aqueous electrolyte saturated with Br2. The Maxsorb electrodes provide a higher open-circuit voltage than graphite (Perma Foil) eletrodes and the maximum discharge current density is 2.4 mA/cm(2) until the voltage reaches 0 V. The Maxsorb electrodes generate 5.68 mV/degrees/C of thermoelectric power at a temperature difference greater than 40 degrees C, which is 2.5 times the power reported previously. The Maxsorb electrodes also improve the cathodic polarization in the presence of a gas-liquid-solid interface in Br-2-free electrolyte, while the graphite electrodes do not. Nevertherless, this improvement is insufficient in observe when the KBr electrolyte is saturated with Br-2. An experiment cell with Maxsorb electrodes maintains a stable voltage up to 2.0 mA/cm(2) for over 450 h, even though the cell configuration has still to be optimized. (C) 1998 Elsevier Science S.A.",Br2/Br- thermocell with KBr electrolyte and Maxsorb non-graphitized carbon electrodes,"high-surface-area Maxsorb improves bromine/bromide thermocell voltage, current density, and long-term electrode polarization"
Study of the Cu|Cu(NO3)2•H2O|Cu electrochemical thermocouple at low temperatures,JOURNAL OF ELECTROANALYTICAL CHEMISTRY,10.1016/S0022-0728(98)00113-2,1998,"The thermoelectric properties of the non-isothermal Cu\Cu(NO3)(2)\Cu cell have been studied. It has been established that the value of the thermoelectromotive force (E) changes linearly with temperature up to the freezing point of the solution. At lower temperatures than this, at concentrations where the frozen phase consists of pure ice, E increases due to the increase in the concentration of the solution, whereas at compositions where the frozen phase is Cu(NO3)(2). XH2O, the decrease in Cu(NO3)(2) concentration results in a decrease of E. At temperatures lower than the freezing temperature, the potential difference measured between the poles of the cell, in addition to the thermo-emf - due to the concentration change during freezing - includes also the electric potential difference caused by the concentration difference between the half-cells. The slope of the E-Delta T straight lines (E') increases with the concentration of cupric nitrate solutions. (C) 1998 Elsevier Science S.A. All rights reserved.",nonisothermal Cu/Cu(NO3)2.H2O/Cu electrochemical thermocouple,temperature and freezing-induced cupric nitrate concentration changes jointly determine thermo-emf and concentration potential
Near-Surface External-Casing Corrosion in Alaska: Cause and Mitigation,SPE DRILLING & COMPLETION,10.2118/100432-PA,2008,"Recently, a number of external-casing failures on a group of relatively new wells in the Kuparuk field of Alaska prompted an investigation into the cause. The investigation determined that external surface-casing-corrosion failures had occurred near the top of the casing cement within the conductor. The surface-casino corrosion was found to be Caused by repetitive events of surface water entering into the top of the annulus between the surface casino and the conductor above the primary cement top. Testing of water and cement samples taken from the field indicates that the addition of oxygenated water and chemical salts that leach from the cement creates a low-resistance electrolyte resulting in an extremely corrosive environment. The yearly replenishment of oxygenated water in this environment sets LIP an electrochemical cell that corrodes the surface casing. Elevated catsing temperatures (approximate to 125 degrees F) accelerate the corrosion rates and increase the temperature gradient between the casing and the conductor. creating a thermogalvanic-corrosion cell. Although damaged surface casing has been repaired mechanically on numerous wells by excavation and installation of welded sleeve patches, accessing the damaged surface casing can be difficult. Inhibiting the corrosion mechanism is considered it more tenable solution. This paper will 1. Provide an outline of the extent of shallow external-casino C corrosion seen in the field. 2. Detail the mechanisms for the external corrosion. 3. Detail the mechanical-repair procedures used to return the wells to service. 4. Discuss possible mitigation methods to inhibit corrosion on existing wells. 5. Discuss the treatment chosen to stop the corrosion. 6. Provide details of treatments used to inhibit further shallow-casing corrosion.",Alaska external casing steel/cement/water corrosion cell with oxygenated water and cement-leached salts,"low-resistance electrolyte, oxygen replenishment, elevated casing temperature, and temperature gradient create electrochemical/thermogalvanic corrosion"
GENERATING PERFORMANCE OF THERMOCHARGEABLE GALVANIC CELL USING A REDOX COUPLE OF [FE(CN)(6)](4-/3-),DENKI KAGAKU,,1994,"We studied how a thermochargeable galvanic cell can directly generate and store electrical energy. The high-temperature and low-temperature electrodes of a cell containing an [Fe(CN)(6)](3-)/[Fe(CN)(6)](4-) redox couple as the electroactive species were separated by a ion-exchange membrane that did not pass through the redox couple. The power electrodes were located on each side of the membrane. When the high-temperature and low-temperature electrodes were connected, the [Fe(CN)(6)](4-) was reduced to [Fe(CN)(6)](3-) at the high-temperature electrode and the opposite reaction took place at the low-temperature electrode. This increased the [Fe(CN)(6)](3-) and [Fe(CN)(6)](4-) concentration difference between the two regions separated by the membrane. This difference generated and stored electrical energy when there was a temperature difference, and discharged after the temperature difference between the electrodes disappeared. A cell with a temperature difference of 100 degrees C generated an electromotive force of 0.1 V between the power electrodes. These results indicate that the theoretical description of emf in a nonisothermal and convective system could be applied to this system.",thermochargeable galvanic cell with [Fe(CN)6]3-/4- redox couple and ion-exchange membrane,"temperature-gradient redox reactions build ferri/ferrocyanide concentration differences across membrane, storing energy for discharge after cooling"
THE INTRODUCTION AND VERIFICATION OF THERMOCHARGEABLE GALVANIC CELL,DENKI KAGAKU,,1994,"The principal of a thermochargeable galvanic cell that was charged by heating it directly was studied. The high-temperature and low-temperature electrodes of a cell containing the redox couple of [Fe (CN)6]3-/[Fe (CN)6]4- as the electroactive species were separated by the ion-exchange membrane that did not passage of the redox couple. When the two electrodes were connected, [Fe(CN)6]4- was reduced to [Fe(CN)6]3- at the high-temperature electrode and the opposite reaction took place at the low-temperature electrode. This increases the [Fe(CN)6]3- and [Fe(CN)6]4- concentration differences between the two region separated by the ion-exchange membrane, and these differences could supply electric power after the temperature difference between the electrodes was removed. The ratio of the discharge capacity to the charge capacity was obtain 88% and this principal could be explained by the Nernst equation by considering the thermoelectric term.",thermochargeable galvanic cell with [Fe(CN)6]3-/4- separated by ion-exchange membrane,heating charges cell by thermogalvanic redox separation; Nernst equation with thermoelectric term explains discharge capacity
"Electrochemical studies at low temperatures, XVIII. Study of the Ag/AgNO3/Ag thermocouple",MAGYAR KEMIAI FOLYOIRAT,,2001,"The thermo-electrochemical properties of nonisothermal Ag\AgNO3\Ag cells were investigated in cases (A) without the salt bridge and (B) containing saturated KNO3 solutions. We have found that the values of the thermo emf E in both (A) and (B) cases (similarly to the results obtained in the cases of thermo galvanic cells consist of Cu \ Cu++ and Zn\Zn++ electrodes) showing a linear dependence on the temperatures above the freezing point of the solutions. The values of E-h measured in the case (B), if corrected by the corresponding values of 2,303 R/F(partial derivative lg a(+/-)/partial derivativet) - the temperature coefficients of the mean activity of AgNO3 solutions i.e. E-h* - lg a(+/-) plots result in a straight line with a slope of epsilon (h) = 0,259 mV K-1, which is in good agreement with the value of 2,303 R/F = 0,1984 mV K-1 calculated theoretically. The intercepts of the E-h* - lga(+/-) line phi (h)* has a value of -0.167 mV K-1. The absolute standard partial molar entropy of the silver ions (S) over bar (0)(Ag+) calculated from phi (h)* is equal to 58.71 J K-1 mol(-1), which is in good agreement with the value calculated from the conventional standard molar entropy of the silver ions: 51.78 J K-1 mol(-1). The values of phi (TD) calculated from the differences between the values of E* and E-h* measured in cases (A) and (B) respectively, are close to values obtained in the cases of thermogalvanic cells consisting of Zn\ZnCl2 electrodes(3-5). The concentration dependences of phi (TD) are similar to those obtained in the cases of above mentioned Zn\Zn++ systems.",nonisothermal Ag/AgNO3/Ag thermocouple with optional saturated KNO3 salt bridge,thermo-emf and thermal-diffusion potentials reveal Ag+ entropy/activity effects above and below solution freezing
