mention_id,paper_id,domain,raw_phrase,proposed_semantic_role,quote,evidence_scope,decision_source,annotation_status,human_decision,human_role,human_reason,review_flags,review_note
iTE:P0336:n2,P0336,iTE,thermophoretic difference between chloride anions (from both CuCl2 and PMNT) and cations,quantity,"This dual-interaction strategy approach enhances the thermophoretic difference between chloride anions (from both CuCl2 and PMNT) and cations, enabling the giant ionic thermopower.",full_abstract_and_quote,role_review_v3.json,model_proposed_pending_human,,,,definition_unresolved,完整摘要仅报告阴阳离子热泳差异增大，仍未定义比较的输运量；保留量类建议和定义缺口。
iTE:P0339:n3,P0339,iTE,redox reaction efficiency,quantity,"The volume phase transition (VPT) of PNA i-TE cell can generate a substantial ion entropy difference, thereby enhancing both the redox reaction efficiency and ionic thermodiffusion rate.",full_abstract_and_quote,role_review_v3.json,model_proposed_pending_human,,,,definition_unresolved,全文分别报告反应效率与器件Seebeck和功率，但未定义redox reaction efficiency的分母；不能替代为器件转换效率。
iTE:P0342:n2,P0342,iTE,complexation,interaction,"Specifically, a gel network featuring dual positive groups is synthesized by cross-linking quaternized chitosan and guanidine molecules via glutaraldehyde, with thermal diffusion further enhanced by incorporating crown ether for complexation.",full_abstract_and_quote,role_review_v3.json,model_proposed_pending_human,,,,object_unresolved,完整摘要可确认冠醚用于络合，未指明络合对象；角色仍为相互作用，对象缺失继续保留。
iTE:P0350:n3,P0350,iTE,diffusion difference between cations and anions,quantity,"To synergistically enhance the ionic conductivity and ionic Seebeck coefficient, ethanol and sodium bis(trifluoromethylsulfonyl)imide (NaTFSI) are added into the poly (vinylidene fluoride-co-hexafluoropropylene)/1ethyl-3-methylimidazolium dicyanamide (PVDF-HFP/EMIM:DCA, PH/ED) ionogel to improve the ionic mobility and enhance the diffusion difference between cations and anions.",full_abstract_and_quote,role_review_v3.json,model_proposed_pending_human,,,,definition_unresolved,阅读全文后仍无法区分扩散速率差、系数差或其他差异量，原短语不作细化。
TG:P0197:n4,P0197,TG,reducing the volume of thermally diffused ions,quantity,"The abundant functional groups on PACS confine free H2O molecules to the polymer network, forming polar corona, reducing the volume of thermally diffused ions, and enabling rapid conduction of lithium ions (Li+) in unsaturated coordination.",full_abstract_and_quote,role_review_v3.json,model_proposed_pending_human,,,,definition_unresolved,全文仍仅称减少热扩散离子的volume，未说明体积或数量定义；不能补成水合半径。
TG:P0275:n1,P0275,TG,interfacial effect of microstructure-electrolyte solution,interaction,The interfacial effect of microstructure-electrolyte solution can boost ionic reactions and transport processes at the microscale.,full_abstract_and_quote,role_review_v3.json,model_proposed_pending_human,,,,definition_unresolved,完整摘要同时涉及界面电荷、溶剂化及传质，未把interfacial effect唯一归于一种作用；保留泛称和疑义。
TG:P0020:n1,P0020,TG,differences in hydration shell behavior between the oxidant and reductant,state_structure,"Molecular dynamics simulations suggest that significant differences in hydration shell behavior between the oxidant and reductant, which in turn provide a significant (here configurational) entropy difference, drive the observed thermopower.",full_abstract_and_quote,role_review_v3.json,model_proposed_pending_human,,,,role_boundary_review,全文把水合壳behavior差异联系构型熵，但没有排除其动力学部分；结构角色仍仅为暂定。
TG:P0258:n3,P0258,TG,ionic kinetics,mechanism_process,"During the mixing process of separate FeCl3 and FeCl2 electrolytes flow alone, it can significantly degrade the complexes of Fe(H2O)5Cl(2)(+), and thus increase ionic kinetics and redox solvation entropy induced by the interaction of Fe3+ and water molecules.",full_abstract_and_quote,role_review_v3.json,model_proposed_pending_human,,,,definition_unresolved,完整摘要同时讨论反应动力学和离子输运，ionic kinetics的具体所指仍不唯一；不替换为速率常数。
TG:P0078:n3,P0078,TG,radial distribution of coordinating water molecules,quantity,"Complementary molecular dynamics simula-tions further demonstrate that hydrogel chains disturb the first solvation shell, broaden the radial distribution of coordinating water molecules, and increase dipole orientation disorder, thereby amplifying the configurational disparity between oxidized and reduced species.",full_abstract_and_quote,role_review_v3.json,model_proposed_pending_human,,,,role_boundary_review,全文未明示径向分布是函数、宽度统计还是空间排列，量与结构边界仍需保留。
TG:P0082:n3,P0082,TG,resistance barrier,quantity,"Enhanced sensing is achieved through thermoelectric-mechanical coupling governed by interfacial resistance gating, wherein deformation reduces the resistance barrier and enhances the intrinsic thermoelectric current.",full_abstract_and_quote,role_review_v3.json,model_proposed_pending_human,,,,definition_unresolved,全文明确电阻门控语境，但未定义barrier是电阻还是势垒高度；不从器件电流反推其量纲。
TG:P0246:n6,P0246,TG,eutectic properties of DES,quantity,"The water containing DES is intentionally utilized to modulate the solvent shell structure of redox couple and expand the operation temperature range of i-TE eutectogel cell. Moreover, appropriate amount of water can increase the solubility of [Fe(CN)6]3-/4- , while maintaining the eutectic properties of DES.",full_abstract_and_quote,role_review_v3.json,model_proposed_pending_human,,,,definition_unresolved,完整摘要说明维持DES共晶性质而未给出对应指标；仍可能兼指状态，保留定义疑义。
TG:P0113:n1,P0113,TG,conducting polymer thickness/multilayer,,The power generated by the PEDOT-Tos based TGCs increases with the conducting polymer thickness/multilayer and reaches values similar to the flat platinum electrode based TGCs.,original_quote_rechecked,role_review_v3.json,unresolved_role_pending_review,,,,compound_mixed_roles,原文把厚度与多层写在同一斜杠短语中，分别涉及量和结构，不能只取其中一项。
TG:P0001:n1,P0001,TG,TGC dressing,,"Moreover, the TGC dressing generates an exogenous electric field, promoting the spontaneous acceleration of wound healing.",full_abstract_and_quote,role_review_v3.json,unresolved_role_pending_review,,,,ontology_gap,完整摘要确认TGC敷料兼具发电与监测，是材料组成的完整功能装置；当前十类没有device_entity。
TG:P0005:n1,P0005,TG,chaotropic effect,mechanism_process,"Advanced characterization shows that the chaotropic effect enhances the Seebeck coefficient, while the self-supplying temperature difference given the radiative cooling structure enables all-weather power generation.",full_abstract_and_quote,role_review_v3.json,model_proposed_pending_human,,,,definition_unresolved,完整摘要只给chaotropic effect名称及性能后果，没有具体结构扰动机制；按原规则保留定义不足。
TG:P0012:n2,P0012,TG,active piezoresistivity,mechanism_process,"Leveraging the synergistic coupling of thermoelectricity and active piezoresistivity, the interface achieves selfpowered transduction of dynamic gestures into detectable electrical signals via its intrinsic response to body heat and real-time piezoresistive modulation under mechanical strain.",full_abstract_and_quote,role_review_v3.json,model_proposed_pending_human,,,,role_boundary_review,完整摘要将active piezoresistivity用于应变下的压阻调制，仍兼有性质与机制两种读法，保留边界问题。
TG:P0025:n7,P0025,TG,thermoelectric power,performance_function,"The results indicate that low FA concentrations promote the desolvation of redox ions, thereby accelerating the reaction kinetics and increasing the short-circuit current density. In addition, FA acts as a stabilizer for water, thereby lowering the activation energy of the redox reaction and resulting in a remarkable 60% improvement in overall thermoelectric power.",full_abstract_and_quote,role_review_v3.json,model_proposed_pending_human,,,,definition_unresolved,完整摘要分别说thermopower和overall thermoelectric power，未给后者单位；不能以60%提升消除术语歧义。
TG:P0036:n2,P0036,TG,extracting self-existent intrinsic temperature features,,"Using a concave-arranged TGH array, the characteristics of users can be distinguished adequately even under an open environment by extracting self-existent intrinsic temperature features from five typical sites of fingers.",original_quote_rechecked,role_review_v3.json,unresolved_role_pending_review,,,,ontology_gap,该节点指从手指温度信号提取特征的分析操作，不能当作材料过程或材料设计操作。
TG:P0037:n1,P0037,TG,thermogalvanic cells (TGCs),,"To improve energy efficiency, cost savings, environmental sustainability, and industrial practices, an effective approach is proposed to employ thermogalvanic cells (TGCs) for electric power generation by harvesting low-grade exhaust heat produced in AFCs.",original_quote_rechecked,role_review_v3.json,unresolved_role_pending_review,,,,ontology_gap,thermogalvanic cells是被用于发电的完整器件，不能把装置名称替换成应用或内部材料。
TG:P0064:n1,P0064,TG,gel patch,,"Meanwhile, the gel patch possesses high responsivity on strain that can recognize the pulse beat at the wrist.",full_abstract_and_quote,role_review_v3.json,unresolved_role_pending_review,,,,ontology_gap_review,全文明确gel patch由凝胶与柔性电极封装而成，属于传感装置，不能仅按gel一词分成材料。
iTE:P0354:n4,P0354,iTE,diffusion difference,quantity,"The enhanced i-TE performances are mainly attributed to the low crystalline structure and the improvement in ions dissociation, migration, and diffusion difference.",full_abstract_and_quote,role_review_v3.json,model_proposed_pending_human,,,,definition_unresolved,完整摘要列出解离、迁移及diffusion difference，仍未定义差异的对象或具体量。
iTE:P0359:n5,P0359,iTE,ionic thermoelectric effect,mechanism_process,"The hydroxyl groups within the hydrogels interact with both cations and anions, thereby increasing the entropy difference in thermal migration between them. Meanwhile, the integrated hydrogel structure provides accelerated pathways for ion transport, synergistically enhancing the overall ionic thermoelectric effect.",full_abstract_and_quote,role_review_v3.json,model_proposed_pending_human,,,,effect_response_review,全文有器件输出量值，但节点句中的overall effect仍指共同输运效应，未与单一量建立定义等同；保留效应响应边界。
iTE:P0361:n3,P0361,iTE,cationic moving self-enhancement,mechanism_process,"Herein, the functional leather collagen fibers-bearing natural channels are employed as the polymer matrixes, while the trisodium citrate (SC) organic acid salt exhibits the function of cationic moving self-enhancement as the primary mobile ions for signaling.",full_abstract_and_quote,role_review_v3.json,model_proposed_pending_human,,,,definition_unresolved,全文支持快速阳离子运动，却没有解释self-enhancement的具体机制，保留原称谓和定义缺口。
iTE:P0364:n3,P0364,iTE,thermal mobility of ions,quantity,"The anionic polymer in the cation-selective hydrogel is attractive to sodium ions, while the cationic polymer in the anion-selective hydrogel is attractive to chloride ions. This regulates the thermal mobility of ions in the hydrogel without polymer modification or the addition of some additives, thus enhancing or changing the Seebeck coefficient (S).",full_abstract_and_quote,role_review_v3.json,model_proposed_pending_human,,,,definition_unresolved,全文讨论选择性水凝胶调节thermal mobility，但未定义量纲或是否为电迁移率，不能去掉thermal限定。
iTE:P0365:n1,P0365,iTE,hydration properties of LiCl,interaction,"Furthermore, due to the hydration properties of LiCl, the ionic hydrogels exhibit excellent freeze resistance and the capability to absorb moisture for self-regeneration upon drying.",full_abstract_and_quote,role_review_v3.json,model_proposed_pending_human,,,,role_boundary_review,完整摘要把LiCl水合性质用于解释抗冻与吸湿，未明确是相互作用本身还是材料水合属性。
iTE:P0369:n1,P0369,iTE,porosity and pore connectivity,,"The results show not only the porosity and pore connectivity, but also the higher specific surface area of cement matrix is an important parameter for improving the ionic Seebeck coefficient of cementitious materials. The finer pore distribution in the cement matrix will cause a larger thermoelectric voltage.",original_quote_rechecked,role_review_v3.json,unresolved_role_pending_review,,,,compound_mixed_roles_review,porosity与pore connectivity分别可能是孔隙率量及连通结构或指标；重要参数这一表述不足以统一角色。
TG:P0081:n4,P0081,TG,concentration gradient effects,mechanism_process,"Here, we introduce a redox-split thermogalvanic cell in which a temperature gradient drives localized oxidation of a nickel-bipyridine complex at the hot electrode only, creating chemical heterogeneity that augments thermopower via additional concentration gradient effects.",full_abstract_and_quote,role_review_v3.json,model_proposed_pending_human,,,,definition_unresolved,全文明确浓度异质性增强热电势，但未定义浓度梯度效应的独立量或具体过程，保持泛称且不补机理。
TG:P0089:n3,P0089,TG,electrode kinetics,quantity,"More specifically, the identified criteria included a high thermogalvaniccell coefficient preferably exceeding 0.2 mV K-1, a weak dependence of the thermogalvanic coefficient on the lithiationstate, and a favorable balance between the thermogalvanic cell coefficientand electrode kinetics as estimated from the lithiation overpotential.",full_abstract_and_quote,role_review_v3.json,model_proposed_pending_human,,,,definition_unresolved,全文以嵌锂过电势估计电极动力学作为选材指标，但未定义kinetics对应何种速率量，暂不细化。
TG:P0094:n2,P0094,TG,altered solvation,state_structure,"Addition of CsCl was able to boost the maximum power output by uptoca.80%,viaboth an increased Seebeck coefficient (through altered solvation) and through increased current (viahomogeneous electrocatalysis of electron transfer).",full_abstract_and_quote,role_review_v3.json,model_proposed_pending_human,,,,role_boundary_review,全文仍以altered solvation解释Seebeck改变，不能据此唯一选择改变后结构还是溶剂化改变过程。
TG:P0097:n2,P0097,TG,thermodynamic and kinetic properties,quantity,"However, diethylenetriaminepentaacetic acid (to form [Fe(DEPTA)](2-/3-)) demonstrated the optimum compromise between thermodynamic and kinetic properties; this was used to prepare an in-series thermogalvanic device with the parent Fe2+/3+ species.",full_abstract_and_quote,role_review_v3.json,model_proposed_pending_human,,,,definition_unresolved,全文显示热力学与动力学性质共同用于折中选择，仍未把该复数性质定义为一个确定量。
TG:P0100:n3,P0100,TG,measurements of the thermogalvanic profile,,"When preventing charge difference accumulation via compositional leveling, the presented method enabled precise and high-resolution measurements of the thermogalvanic profile.",original_quote_rechecked,role_review_v3.json,unresolved_role_pending_review,,,,ontology_gap_review,中心是对thermogalvanic profile进行测量的行为，不是profile本身；当前没有测量方法角色。
TG:P0103:n1,P0103,TG,ISV and 3-electrode assemblies,,"Thermogalvanic cells (or thermocells) are being increasingly investigated due to their ability to directly convert modest temperature gradients into electricity, using redox chemistry. However, this has resulted in a diverse range of cells, electrolytes, temperature gradients, etc. being reported. Recently, so-called temperature-difference 'normalised' power outputs have been reported; the power output is divided by the square of the temperature difference to yield temperature-insensitive power output values. The validity of this procedure is quantitatively assessed here, and found to be far from accurate. Additionally, numerous different experimental procedures for measuring the current and power output from thermocells can be found in the literature, covering different approaches, vastly different time scales, and employing a diverse range of measuring instruments. A range of experimental methodologies covering a sequence of constant resistances (or resistive loads), a sequence of constant currents, a sequence of constant potentials (or voltage), chronoampemmeby and linear sweep voltammetry (ISV) were evaluated in this study, using source measure units, potentiostats and voltammeters/multimeters. While most methodologies were consistent, the measurement time and number of electrodes were found to be highly influential, with ISV and 3-electrode assemblies especially overestimating the current and power output from thermocells.",original_quote_rechecked,role_review_v3.json,unresolved_role_pending_review,,,,ontology_gap_review,引文明确并列扫描伏安法和三电极配置，既含方法又含装置，不能单一归类或按字母纠正原词。
TG:P0108:n1,P0108,TG,impedance analysis,,"Thermogalvanic cells(also known as thermo-electrochemical cells) that convert waste heat energy to electricity are a new type of energy conversion device. However, the electron transfer kinetics and mass transfer of redox couples have not been thoroughly studied. Here, the ion reaction and charge transport in thermogalvanic cells are investigated by electrochemical impedance analysis. We first propose the detailed impedance model followed experimental verification on three types of electrode materials. Parameters including kinetic rate constants and ion diffusion coefficients for the electrodes are obtained by fitting the impedance data. Our study shows explicitly that impedance analysis can provide useful information on selecting suitable electrode materials for thermogalvanic cells.",original_quote_rechecked,role_review_v3.json,unresolved_role_pending_review,,,,ontology_gap_review,阻抗分析用于拟合数据并提取参数，是分析方法，不能与电极中的真实电荷传输过程混同。
TG:P0132:n2,P0132,TG,thermogalvanic cell,,"The thermoelectric power of ZrH(0.8) in the (alpha + delta) coexisting phase state and TiH(0.2) in the (alpha + beta) coexisting phase state was estimated as 0.39 and 0.20 mV K(-1), respectively, in a LiCl-KCl eutectic melt containing 1.0 mol % hydride ion (H(-)) at 673-773 K. Using the standard formal potentials of H(2)/H(-) in this temperature range, the thermoelectric powers of many kinds of metal hydrides were estimated from the reported data of equilibrium hydrogen pressure-temperature relations. Using these results, the feasibility of the M-H-type thermogalvanic cell, which uses electrochemical reactions between hydrogen-absorbing metals and hydride ion in molten salts, is discussed. (C) 2003 The Electrochemical Society.",original_quote_rechecked,role_review_v3.json,unresolved_role_pending_review,,,,ontology_gap_review,引文讨论M-H型热电池的可行性，节点为完整电化学装置；现有十类不覆盖。
TG:P0152:n2,P0152,TG,thermogalvanic (TG) corrosion intensity,quantity,"The effect of traditional inhibitors of acid corrosion (urotropine, benzotriazole, and thiocarbamide) on the corrosion-electrochemical behavior of an iron plate with a tangential thermal gradient in a sulfate-containing acid solution is examined. The inhibitors are shown to significantly weaken the thermogalvanic (TG) corrosion intensity, reducing the TG currents and total weight tosses of iron in the thermoelectric zone by factors of 1.3 to 2.0 and 1.1 to 1.4 times, respectively.",original_quote_rechecked,role_review_v3.json,model_proposed_pending_human,,,,definition_unresolved,原文以电流与失重两个不同观测体现腐蚀强度，未给intensity独立定义；不选其一替换。
TG:P0181:n1,P0181,TG,integrative multilayer film cell,,"Capturing solar energy for thermal conversion in a highly efficient manner for steam-electricity cogeneration is particularly opportune in the context of optimal solar energy utilization for concurrent water-energy harvesting. Herein, an integrative photothermal evaporator/thermogalvanic cell with the desired optical, heat, water, and electrochemical management for synergistic steam-electricity production is reported. Versatile layer by-layer assembly is employed to integrate a hydrogel/metal-oxide/polymer into a multilayer film with individually addressable thickness, composition, and structure. As such, the ultimate integrative multilayer film cell demonstrates a unified high surface area and conductive electrodes, broadband absorption, rapid water suction-ion exchange, and thermal insulation properties. Thus, the designed cell immensely suppresses heat losses, achieving a high solar thermal conversion efficiency of 91.4% and maximum power outputs of approximate to 1.6 mW m(-2). Additionally, the self-floating, deformable, modular integral device presents appealing attributes such as salt-rejection for viable seawater desalination, high mechanical stability, and resilience to demanding operating conditions, and configurable on-demand/point-of-use tandem structure to maximize clean water and power generation value per area. This integrated strategy may provide prospective opportunities to reduce dependence on fossil fuels and freshwater inputs and solutions for renewable and decentralized clean water and electricity.",original_quote_rechecked,role_review_v3.json,unresolved_role_pending_review,,,,ontology_gap_review,multilayer film cell指集成蒸发器和热电池整体，层状修饰不足以把器件改判为结构节点。
TG:P0195:n3,P0195,TG,degrees of freedom and ordering of the solvent,,"An aqueous electrochemically controlled host-guest encapsulation system demonstrates a large and synthetically tunable redox entropy change. Electrochemical entropy is the basis for thermally regenerative electrochemical cycles (TRECs), which utilize reversible electrochemical processes with large molar entropy changes for thermogalvanic waste-heat harvesting and electrochemical cooling, among other potential applications. A supramolecular host-guest system demonstrates a molar entropy change of 4 times that of the state-of-the-art aqueous TREC electrolyte potassium ferricyanide. Upon encapsulation of a guest, water molecules that structurally resemble amorphous ice are displaced from the host cavity, leveraging a change in the degrees of freedom and ordering of the solvent rather than the solvation of the redox-active species to increase entropy. The synthetic tunability of the host allows rational optimization of the system's Delta S, showing a range of -51 to -101 cal mol(-1) K-1 (-2.2 to -4.4 mV K-1) depending on ligand and metal vertex modifications, demonstrating the potential for rational design of high-entropy electrolytes and a new strategy to overcome theoretical limits on ion solvation reorganization entropy.",original_quote_rechecked,role_review_v3.json,unresolved_role_pending_review,,,,compound_mixed_roles_review,溶剂自由度与有序性同时变化，包含量及结构状态，不能只按熵的后果选一个角色。
TG:P0226:n1,P0226,TG,asymmetric cells,,"The evaluation of batteries under thermal gradients is essential for safety and longevity reasons, and to investigate power generation via the thermogalvanic effect. The thermogalvanic Seebeck coefficient of lithium metal (+ 1.0 mV.K-1) and solid lithium ferri/ferrocyanide intercalation electrodes (-0.6 mV.K-1) were determined. The measured Seebeck coefficients of identical asymmetric cells containing both electrodes deviated from the expected values, having Seebeck coefficients which also varied as a function of thermal conditions (+ 0.7 to + 4.3 mV.K-1). This work demonstrates that the thermal responses of asymmetric battery assemblies are more complex than predicted based upon their individual half-cell performances in symmetric cells.",original_quote_rechecked,role_review_v3.json,unresolved_role_pending_review,,,,ontology_gap_review,原文明确为含两种电极的非对称电池，属于装置而非不对称性这一结构属性。
TG:P0228:n1,P0228,TG,asymmetry of the spin-mixing,state_structure,"Spin-dependent heat and charge transport perpendicular to the plane of magnetic Co/Cu multilayers was studied experimentally and interpreted in the framework of the thermodynamics of irreversible processes. The thermogalvanic voltage(TGV) is introduced. It measures the ac voltage response to a small temperature oscillation while a dc current is driven through the sample. TGV presents a magnetic response (MTGV) of 50%, much larger than magnetoresistance (GMR) and the magneto-thermoelectrical power (MTEP). The linear equations for transport of heat, charge, and spin-polarized currents in magnetic and nonmagnetic mediums are applied to a multilayer structure. The role of spin mixing in GMR, MTEP, and MTGV is shown. In particular, the asymmetry of the spin-mixing gives rise to spin-dependent effective Peltier coefficients. The three measurements can be accounted for with two parameters expressing the spin dependence of the transport coefficients.",original_quote_rechecked,role_review_v3.json,model_proposed_pending_human,,,,definition_unresolved,原文讨论自旋混合不对称造成Peltier系数差异，但未定义该不对称为结构还是参数；暂定角色不升格。
iTE:P0393:n2,P0393,iTE,ionic thermoelectric effect,mechanism_process,"The mechanism of the ionic thermoelectric effect is discovered and evaluated. The temperature sensing properties of the pure cement paste under the gradient heating and the temperature cycles are measured. In addition, a cement-based temperature sensor is further developed, and its temperature sensing performance is tested. It is found that the pure cement paste exhibits an ionic thermoelectric effect due to the existence of ions in the pore solution, with the advantages of high Seebeck coefficient, high electrical conductivity, and low cost.",original_quote_rechecked,role_review_v3.json,model_proposed_pending_human,,,,effect_response_review,节点句区分离子热电效应及后续列出的Seebeck等优势，未把effect定义成系数；依冻结规则保留边界标记。
iTE:P0405:n1,P0405,iTE,"secondary doping, dedoping engineering, and ionic energy filtering",,"Here, a poly(3,4-ethylenedioxythiophene):polystyrene sulfonate (PEDOT:PSS) film is reported with a very high Seebeck coefficient and figure of merit (zT) at room temperature through secondary doping, dedoping engineering, and ionic energy filtering.",full_abstract_and_quote,role_review_v3.json,unresolved_role_pending_review,,,,compound_mixed_roles_review,全文虽列出酸碱还原处理及离子液体涂覆，但原节点并列掺杂操作和能量过滤机制，不能用单一design_strategy覆盖；撤回原单一角色建议，保留复合待拆分。
iTE:P0408:n2,P0408,iTE,electrode-dependent effect,mechanism_process,"Based on thermal diffusion, owing to the ion size difference, the covalent cross-linked polymer network and the electrode-dependent effect promote rapid transport of the cations and boost ion concentration difference, resulting in a huge ionic Seebeck coefficient of 19.02 mV K- 1.",full_abstract_and_quote,role_review_v3.json,model_proposed_pending_human,,,,definition_unresolved,完整摘要仅说明electrode-dependent effect促进阳离子输运，仍未解释具体电极机制。
iTE:P0415:n2,P0415,iTE,low-voltage organic transistor,,"Here we take advantage of the large ionic thermoelectric Seebeck coefficient found in polymer electrolytes (similar to 10,000 mu V K-1) to introduce the concept of ionic thermoelectric gating a low-voltage organic transistor. The temperature sensing amplification of such ionic thermoelectric-gated devices is thousands of times superior to that of a single thermoelectric leg in traditional thermopiles.",original_quote_rechecked,role_review_v3.json,unresolved_role_pending_review,,,,ontology_gap_review,节点是有机晶体管器件，ionic thermoelectric gating是其作用方式，不能以作用方式替代实体类别。
iTE:P0431:n1,P0431,iTE,ionic-thermoelectric module with a narrow-bandpass optical filter,,"This monolithic platform integrates multiple sub-100 mu m sensing units, each combining an ionic-thermoelectric module with a narrow-bandpass optical filter, to selectively resolve the contributions of individual gas species in mixed-gas environments.",original_quote_rechecked,role_review_v3.json,unresolved_role_pending_review,,,,ontology_gap_review,热电模块与窄带滤波器构成传感单元，是器件组合，不能直接当作材料配方。
iTE:P0448:n1,P0448,iTE,interfacial capacitive effect between ionogel and CPNF,mechanism_process,"The resulting NCTEC exhibits a record-high output power density normalized by squared temperature gradient (Pave/Delta T2) of 1.72 mW m-2 K-2 and realizes continuous power output (over 12 h) at a constant temperature gradient, which is among the highest reported power output for TE converters and can be attributed to the combination of substantial increase in interfacial capacitive effect between ionogel and CPNF and an optimized electrical property of the CPNF.",full_abstract_and_quote,role_review_v3.json,model_proposed_pending_human,,,,definition_unresolved,全文仍只称界面电容效应增强，未把电容数值变化与界面充电过程区分；保留定义不足。
iTE:P0448:n2,P0448,iTE,electrical property of the CPNF,quantity,"The resulting NCTEC exhibits a record-high output power density normalized by squared temperature gradient (Pave/Delta T2) of 1.72 mW m-2 K-2 and realizes continuous power output (over 12 h) at a constant temperature gradient, which is among the highest reported power output for TE converters and can be attributed to the combination of substantial increase in interfacial capacitive effect between ionogel and CPNF and an optimized electrical property of the CPNF.",full_abstract_and_quote,role_review_v3.json,model_proposed_pending_human,,,,definition_unresolved,完整摘要未指出CPNF的electrical property具体为何量；不能直接改成电导率。
iTE:P0449:n1,P0449,iTE,doping levels and morphology,,"However, the TE performance of PEDOT still needs further improvement. In this work, vapor phase polymerization (VPP) and ionic liquid (IL) post-treatment are combined to obtain high-performance PEDOT film. It is demonstrated that by varying the polymerization conditions, the optimal conductivity and Seebeck coefficient of PEDOT-Tos are 947 S cm-1 and 18.3 mu V K-1, respectively. Furthermore, after treatment with 1-ethyl-3-methylimidazolium tetrafluoroborate (EMIM BF4), its power factor can be further enhanced to a maximum value of 154.58 mu W m-1 K-2, which is 4.9 times higher than that without treatment (31.67 mu W m-1 K-2). The enhanced TE performance of PEDOT is largely due to changes in doping levels and morphology, which have been confirmed through different characterization methods.",original_quote_rechecked,role_review_v3.json,unresolved_role_pending_review,,,,compound_mixed_roles_review,掺杂程度和形貌分别涉及量与结构，原复合节点没有共同单一主角色。
iTE:P0452:n1,P0452,iTE,energetic disorder for PDPP-EDOT,state_structure,"Based on the theoretical calculation, it is assumed that the enhancement of TE performance for the doped PDPP-EDOT by DPPNMe3Br is mainly attributed to the increase of energetic disorder for PDPP-EDOT.",full_abstract_and_quote,role_review_v3.json,model_proposed_pending_human,,,,role_boundary_review,完整摘要把能量无序作为理论假设解释，未定义无序宽度参数；保留状态建议及量状态边界，不抹去assumed措辞。
iTE:P0470:n2,P0470,iTE,electric double layer (EDL) strength,quantity,"Molecular dynamics (MD) simulations further revealed that variations in ionic liquid molecular structure influenced the electric double layer (EDL) strength, thereby affecting carrier transport characteristics.",full_abstract_and_quote,role_review_v3.json,model_proposed_pending_human,,,,definition_unresolved,完整摘要提及EDL构型与strength但没有定义strength对应场强、电荷或电容，不作常识补全。
iTE:P0470:n3,P0470,iTE,carrier transport characteristics,quantity,"Molecular dynamics (MD) simulations further revealed that variations in ionic liquid molecular structure influenced the electric double layer (EDL) strength, thereby affecting carrier transport characteristics.",full_abstract_and_quote,role_review_v3.json,model_proposed_pending_human,,,,definition_unresolved,完整摘要仍泛称carrier transport characteristics，未将其唯一对应迁移率等输运量。
iTE:P0476:n1,P0476,iTE,unidirectional orientation of ionic conductivity,quantity,The power conversion efficiency of the proton-conductive thermoelectric cell is improved by the unidirectional orientation of ionic conductivity in the electrospun Nafion cell.,full_abstract_and_quote,role_review_v3.json,model_proposed_pending_human,,,,role_boundary_review,完整摘要仅两句，仍无法判断单向取向指电导各向异性还是纤维排列；维持待核实。
iTE:P0485:n2,P0485,iTE,thermoelectric paper chips,,"This work proposes a particular kind of self-powered, low-cost, and green thermoelectric paper chips based on the principle of self-assembly and disassembly of ionic liquids on the surface of gold electrodes.",original_quote_rechecked,role_review_v3.json,unresolved_role_pending_review,,,,ontology_gap_review,paper chips是基于电极表面组装原理的整体装置，不能以纸材料或其工作过程替代器件角色。
iTE:P0499:n1,P0499,iTE,small polaron hopping (SPH) model,,Thermoelectric power of high-temperature region was successfully analysed using small polaron hopping (SPH) model.,full_abstract_and_quote,role_review_v3.json,unresolved_role_pending_review,,,,ontology_gap_review,SPH model是用来分析热电数据的模型，不能去掉model后把节点当作跃迁过程。
iTE:P0499:n2,P0499,iTE,Thermoelectric power of high-temperature region,performance_function,Thermoelectric power of high-temperature region was successfully analysed using small polaron hopping (SPH) model.,full_abstract_and_quote,role_review_v3.json,model_proposed_pending_human,,,,definition_unresolved,完整摘要没有thermoelectric power的单位或明确定义，保留热电表现角色及术语疑义。
iTE:P0505:n1,P0505,iTE,K-means clustering algorithm,,"The combination of the K-means clustering algorithm of machine learning can filter out the noise of traditional thermoelectric sensors and improve the consistency of signals, thereby enabling the prediction of absolute temperature under the conditions of 10 or 20 K temperature difference.",original_quote_rechecked,role_review_v3.json,unresolved_role_pending_review,,,,ontology_gap_review,K-means用于信号去噪和温度预测，是数据算法，现有十类未覆盖。
iTE:P0517:n2,P0517,iTE,charge puddles effect,mechanism_process,"By keeping the Fermi level at charge neutral point during the cool-down, we found that the charge puddles effect can be greatly reduced and thus largely improve the transport properties at low T in graphene-based devices using ionic liquid gating.",full_abstract_and_quote,role_review_v3.json,model_proposed_pending_human,,,,definition_unresolved,完整摘要仍只讨论charge puddles effect被抑制的后果，未给出效应的具体物理定义。
iTE:P0517:n3,P0517,iTE,transport properties at low T,quantity,"By keeping the Fermi level at charge neutral point during the cool-down, we found that the charge puddles effect can be greatly reduced and thus largely improve the transport properties at low T in graphene-based devices using ionic liquid gating.",full_abstract_and_quote,role_review_v3.json,model_proposed_pending_human,,,,definition_unresolved,完整摘要包含能隙与热电响应等多个性质，但未将此transport properties限定为某个量。
iTE:P0522:n2,P0522,iTE,thermoelectric power of the SWCNTs,performance_function,"The X-ray diffraction pattern and impedance diagram showed a unique behavior with the concentration of IL, which implies that the interaction between the SWCNTs and IL enhances the thermoelectric power of the SWCNTs.",full_abstract_and_quote,role_review_v3.json,model_proposed_pending_human,,,,definition_unresolved,全文将thermoelectric power、Seebeck、电导及功率因子分别描述，仍不足以把原词无条件等同任一指标。
iTE:P0527:n3,P0527,iTE,leaf desiccation and electrode selection,,This pronounced thermoelectric response arises from anion thermodiffusion through the apoplast and is significantly amplified by leaf desiccation and electrode selection.,full_abstract_and_quote,role_review_v3.json,unresolved_role_pending_review,,,,compound_mixed_roles_review,完整摘要未说明leaf desiccation是否为人为处理，不能把失水过程和电极选择强制当作同类设计操作。
iTE:P0530:n2,P0530,iTE,hydrodynamic friction,mechanism_process,"While the counterion saturation created by the steric effect attenuates the surface charge screening, an enhanced viscosity near the charged surface creates a larger hydrodynamic friction and reduced ionic flux.",full_abstract_and_quote,role_review_v3.json,model_proposed_pending_human,,,,role_boundary_review,完整摘要把friction与局部黏度及离子通量联系，仍未给出独立阻力参数定义；过程与量边界保留。
iTE:P0534:n1,P0534,iTE,"structural complexity, variations in bond strengths, and high lattice anharmonicity",,"Through a comprehensive approach including various characterization techniques and computational analyses, it is demonstrated that the low thermal conductivity in Cu7PSe6 arises from structural complexity, variations in bond strengths, and high lattice anharmonicity, leading to pronounced diffuson transport of heat and fast ionic conduction.",original_quote_rechecked,role_review_v3.json,unresolved_role_pending_review,,,,compound_mixed_roles_review,结构复杂性、键强变化和非谐性在同一节点并列，涉及结构、相互作用及性质量，不能单类归并。
iTE:P0541:n3,P0541,iTE,Seebeck effect,mechanism_process,"Specifically, well-matched, high-activity electrodes stabilize Na+ at the cold side and OH-at the hot side, enhancing the Seebeck effect, while poorly matched, low-activity electrodes cause polarization instability and response degradation.",full_abstract_and_quote,role_review_v3.json,model_proposed_pending_human,,,,effect_response_review,完整摘要报告Seebeck系数及离子稳定过程，但节点句仍以effect作机制称谓，不能把邻近数值直接当作其定义。
iTE:P0578:n1,P0578,iTE,ability to influence the hydrogen bond by the ion,interaction,"The relationship between the intrinsic physical parameters of the ion and the thermoelectric performance is established, indicating the ability to influence the hydrogen bond by the ion is a crucial factor.",full_abstract_and_quote,role_review_v3.json,model_proposed_pending_human,,,,role_boundary_review,完整摘要称影响氢键的能力为关键因素，但未给衡量参数或明确建模特征；不自动升级为descriptor。
iTE:P0584:n1,P0584,iTE,hydrophobic polymer network and hydrophobic ionic liquid (IL),,"Due to the hydrophobic polymer network and hydrophobic ionic liquid (IL), the TEIG exhibits high hydrophobicity and antiswelling capacity, which meets the requirement of environment stability for underwater thermoelectric application.",original_quote_rechecked,role_review_v3.json,unresolved_role_pending_review,,,,compound_mixed_roles_review,节点并列聚合物网络结构和离子液体材料，疏水性共同修饰不消除角色差别。
iTE:P0613:n1,P0613,iTE,ITEG,,"Harvesting low-grade heat by an ionic hydrogel thermoelectric generator (ITEG) into useful electricity is promising to power flexible electronics. However, the poor environmental tolerance of the ionic hydrogel limits its application. Herein, we demonstrate an ITEG with high thermoelectric properties, as well as excellent capabilities of water retention, freezing resistance, and self-regeneration.",original_quote_rechecked,role_review_v3.json,unresolved_role_pending_review,,,,ontology_gap_review,ITEG在引文明确展开为ionic hydrogel thermoelectric generator，属于完整发电装置。
iTE:P0637:n3,P0637,iTE,ratio of discharging and charging,performance_function,"In contrast to other ionic supercapacitors, the Soret effect is eliminated in the TEG-MSC. This shortens the charging time and significantly increases the ratio of discharging and charging.",full_abstract_and_quote,role_review_v3.json,model_proposed_pending_human,,,,definition_unresolved,完整摘要把99%的放充比列为器件performance results，应由一般量改为性能指标；但分子分母仍未定义，继续待核实，不擅自称能量或库仑效率。
iTE:P0640:n2,P0640,iTE,thermoelectric conversion system,,"Here, a simple thermoelectric conversion system is shown using directed ionic flow through the biomimetic smart nanochannels, inspired by the human skin.",original_quote_rechecked,role_review_v3.json,unresolved_role_pending_review,,,,ontology_gap_review,conversion system指利用离子流的整体转化系统，不是纳米通道结构本身。
iTE:P0691:n2,P0691,iTE,electronic thermoelectric power,performance_function,"This paper presents an experimental study of the electronic thermoelectric power as a function of copper content for Li (x) Cu(2-x)-delta S (x a parts per thousand currency sign 0.25) electronic-ionic mixed conductors. Using a vacancy model for lattice defects, we calculate their electronic thermoelectric power as a function of x. By adjusting the hole effective mass, we reach satisfactory agreement with experimental data.",original_quote_rechecked,role_review_v3.json,model_proposed_pending_human,,,,definition_unresolved,引文支持电子贡献的热电响应，但未给单位；保留electronic限定，不改写为瓦特功率。
iTE:P0702:n2,P0702,iTE,kinetics of ionic liquid,mechanism_process,"Furthermore, the formation mechanism of trigonal tellurium nanowire bundles are well explained from the viewpoints of Ostwald ripening and kinetics of ionic liquid ([TEAH](+)[BF4](-)).",full_abstract_and_quote,role_review_v3.json,model_proposed_pending_human,,,,definition_unresolved,完整摘要从离子液体动力学解释纳米线形成，仍未定义具体反应、扩散或成核过程。
iTE:P0729:n1,P0729,iTE,mixed alkali effect,mechanism_process,"A method is proposed for determination of the thermal diffusion coefficients of mobile ions through the study of ionic thermoelectric power. Ionic Seebeck coefficients and the heats of ion transport have been measured in [Li(Na,K)](2)O-Nb2O5-P2O5 glasses. The mixed alkali effect influence on the thermoelectric power has been reported for the first time in glasses.",full_abstract_and_quote,role_review_v3.json,model_proposed_pending_human,,,,definition_unresolved,完整摘要分别报告多种输运系数，却没有定义mixed alkali effect的具体机制，保留原称谓。
iTE:P0741:n2,P0741,iTE,ionic origin,mechanism_process,"In this context, this study evaluates the performance of industrially scalable geopolymer-based concrete that incorporates recycled aggregates as low-cost and environmentally friendly additives for thermoelectric energy harvesting applications. The concrete exhibited an intrinsic voltage of 15 mV, and a new test protocol was proposed to exclude its impact on thermoelectric measurements. The geopolymer concrete demonstrated a significantly high Seebeck coefficient of 570 mu V/k, surpassing all previously reported values for geopolymer-based materials. Furthermore, it was discovered that the thermoelectric behavior of geopolymer-based concrete is of ionic origin, indicating that further improvements can be made by adjusting the pore solution chemistry.",original_quote_rechecked,role_review_v3.json,model_proposed_pending_human,,,,definition_unresolved,原文仅将热电行为归因于离子来源，不能据此确认Soret或其他具体过程；维持定义不足。
iTE:P0759:n2,P0759,iTE,simultaneously enhanced S and a,,We attribute these superior thermoelectric properties of metallic CNTs to the simultaneously enhanced S and a of one-dimensional conduction electrons near the first van Hove singularity.,full_abstract_and_quote,role_review_v3.json,unresolved_role_pending_review,,,,compound_mixed_roles_review,全文可将S及转录a联系Seebeck和电导率，但二者在现有规则中仍跨性能与量，复合节点不可单类化。
iTE:P0762:n2,P0762,iTE,electricity generator,,"We find that under temperature bias, a three-terminal conductor-insulator-conductor interface can function as an electricity generator caused by phonon-mediated electron scatterings with heat-charge current separation.",original_quote_rechecked,role_review_v3.json,unresolved_role_pending_review,,,,ontology_gap_review,electricity generator在此为能够发电的界面装置角色，不是发电能力这一属性。
iTE:P0770:n2,P0770,iTE,efficient thermoelectric generator,,Materials with dissimilar compatibility factors cannot be combined by segmentation into an efficient thermoelectric generator because of constraints imposed on u.,original_quote_rechecked,role_review_v3.json,unresolved_role_pending_review,,,,ontology_gap_review,thermoelectric generator是材料分段组合所得的完整装置，efficiency修饰不使其成为性能指标。
iTE:P0776:n2,P0776,iTE,relationship between the heat of transport and the activation energy of ion conduction,,"According to the model, the relationship between the heat of transport and the activation energy of ion conduction is determined by the participation degree of different phonon modes.",original_quote_rechecked,role_review_v3.json,unresolved_role_pending_review,,,,ontology_gap_review,节点是迁移热与活化能之间的关系命题，不能选其中一个量替代整个命题。
iTE:P0797:n2,P0797,iTE,reliable estimation of kappa(el),,"Traditionally, when deriving the phonon mediated thermal conductivity kappa(ph) = kappa - kappa(el) from the measured total thermal conductivity kappa the constant Lorenz number L-0 of the Wiedemann-Franz law kappa(el) = TL0 sigma is chosen. The present study demonstrates that this procedure is not reliable when the Seebeck coefficient vertical bar S vertical bar becomes large which is exactly the case for a thermoelectric material of interest. Another approximation using L-0 - S-2, which seems to work better for medium values of S-2 also fails when S-2 becomes large, as is the case when the system becomes semiconducting/insulating. For a reliable estimation of kappa(el), it is proposed that a full first-principles calculation by combining density functional theory with Boltzmann's transport theory has to be made.",original_quote_rechecked,role_review_v3.json,unresolved_role_pending_review,,,,ontology_gap_review,可靠估计电子热导率是计算任务，原文要求第一性原理结合输运计算，当前角色未覆盖分析任务。
iTE:P0829:n1,P0829,iTE,small average grain size and the nano-sized phases,,"The small average grain size and the nano-sized phases are observed in Gd and Dy doped samples, both of which contribute to scattering phonons, resulting in low thermal conductivities.",original_quote_rechecked,role_review_v3.json,unresolved_role_pending_review,,,,compound_mixed_roles_review,平均晶粒尺寸与纳米相并列，前者为量，后者为结构或实体，不能给整个节点单一角色。
iTE:P0849:n1,P0849,iTE,iTEG,,"This study presents the seamless integration of the ionic thermoelectric generator (iTEG) layer with traditional PV modules, facilitating the exploitation of waste heat and augmenting the overall power output. Experimental results validate the effectiveness of the iTEG, demonstrating substantial power generation and a consistent energy output. Specifically, a power output of 515 mW/m(2) is achieved at a temperature difference of 20 K, while an energy density of 229.7 J/m(2) is recorded at a temperature difference of 10 K with an external resistance of 1 k Omega. Notably, this system maintains continuous electricity generation over 100 cycles. Furthermore, the iTEG effectively reduces the operating temperature of the solar panel by 2 degrees C, which is beneficial in minimizing PCE losses attributed to the temperature coefficient.",original_quote_rechecked,role_review_v3.json,unresolved_role_pending_review,,,,ontology_gap_review,引用明确iTEG是集成于光伏模块的ionic thermoelectric generator，保留器件类别缺口。
iTE:P0855:n2,P0855,iTE,TEP measurements,,"A composite electrolyte made of alpha-alumina and sodium beta-alumina which was used for monitoring very low oxygen potentials in the range of up to Al(l)/Al2O3, neither the electrical conductivity nor the TEP has hitherto been reliably reported. Hence; TEP measurements were carried out on the composite which yielded an average value of 430 mu V/K over the temperature range 620 to 1250 K.",original_quote_rechecked,role_review_v3.json,unresolved_role_pending_review,,,,ontology_gap_review,即使测量结果单位为微伏每开尔文，TEP measurements的中心仍是测量行为，不能当成被测系数。
iTE:P0857:n1,P0857,iTE,"filling fraction, ionic state, and atomic radius of the filler",,"These are mainly determined by Sb positional parameters, yielding Oftedal plots that depend on the filling fraction, ionic state, and atomic radius of the filler.",original_quote_rechecked,role_review_v3.json,unresolved_role_pending_review,,,,compound_mixed_roles_review,填充分数和原子半径是量，ionic state是状态；并列依赖项不能以单一角色覆盖。
iTE:P0857:n2,P0857,iTE,Oftedal plots,,"These are mainly determined by Sb positional parameters, yielding Oftedal plots that depend on the filling fraction, ionic state, and atomic radius of the filler.",original_quote_rechecked,role_review_v3.json,unresolved_role_pending_review,,,,ontology_gap_review,Oftedal plots指依参数得到的图示分析对象，不能等同填充分数等图中变量。
iTE:P0860:n2,P0860,iTE,effect of disorder on charge transport,mechanism_process,"The effect of disorder on charge transport is suppressed in the metallic state, resulting in the conventional S-sigma relation described by the Mott equation.",full_abstract_and_quote,role_review_v3.json,model_proposed_pending_human,,,,definition_unresolved,完整摘要未说明无序影响对应哪一种散射或局域化过程，只能保留广义影响和定义缺口。
iTE:P0875:n2,P0875,iTE,nearly isotropic structural and thermal properties,quantity,"Based on the quantitative chemical bonding analysis, we unravel instead that Mg3Sb2 exhibits a nearly isotropic three-dimensional bonding network with the interlayer and intralayer bonds being mostly ionic and surprisingly similar, which results in the nearly isotropic structural and thermal properties.",full_abstract_and_quote,role_review_v3.json,model_proposed_pending_human,,,,role_boundary_review,完整摘要仍统称结构及热性质，电子密度指标另有所指，不能将整个短语替换为热导率各向异性。
iTE:P0887:n3,P0887,iTE,ionic scattering and carrier relaxation time,,"In this work, room-temperature thermoelectric power factor of carbon nanotube (CNT) yarn is improved by controlled doping, which is achieved by making composite with poly 3-hexylthiophene -2, 5-diyl (P3HT) followed by doping with 2, 3, 5, 6-tetrafluo-7, 7, 8, 8-tetracyanoquinodimethane (F4TCNQ). The temperature-dependent Seebeck coefficient based on power-law model suggests that P3HT shifts the Fermi energy of CNT yarn towards the valence band edge, and reduces the ionic scattering and carrier relaxation time.",original_quote_rechecked,role_review_v3.json,unresolved_role_pending_review,,,,compound_mixed_roles_review,离子散射是过程，弛豫时间是量，原文明确并列二者而非定义为一个对象。
iTE:P0890:n2,P0890,iTE,modules,quantity,"Compared with the pristine PEDOT:PSS film, the P/D/ED film shows significantly reduced modules and enhanced strain and bending stability.",full_abstract_and_quote,role_review_v3.json,model_proposed_pending_human,,,,source_wording_review,完整摘要前文high modulus支持modules可能是模量误写，但原词未获独立纠正；继续标记来源措辞问题。
iTE:P0906:n1,P0906,iTE,organic LTE,,The electrochemical Seebeck coefficients (alpha) of organic LTE range from 1.5 to 2.5 mV K-1 and are higher than alpha (=1.4 mV K-1) of the corresponding aqueous LTE. The dimensionless figure of merit (ZT) of organic LTE is approximate to 0.015 at maximum and is higher than the maximum ZT (=0.009) of the corresponding aqueous LTE.,full_abstract_and_quote,role_review_v3.json,unresolved_role_pending_review,,,,ontology_gap_review,完整摘要明确定义LTE为含电极与氧化还原溶液的liquid thermoelectric device；organic修饰不改变器件身份。
iTE:P0946:n1,P0946,iTE,weakened interlayer interaction and phonon confinement effect,,The lattice vibration modes of the Bi2Se3 layers in this hybrid superlattice are found to be softened due to weakened interlayer interaction and phonon confinement effect.,original_quote_rechecked,role_review_v3.json,unresolved_role_pending_review,,,,compound_mixed_roles_review,弱层间作用与声子限域效应并列，分别涉及相互作用及机制，不能单一归类。
iTE:P0971:n2,P0971,iTE,Seebeck coefficient and electrical conductivity,,Transport coefficient calculations for both spin channels demonstrate the compounds' relative constancy in terms of Seebeck coefficient and electrical conductivity despite temperature fluctuations.,original_quote_rechecked,role_review_v3.json,unresolved_role_pending_review,,,,compound_mixed_roles_review,原节点并列Seebeck与电导率，在冻结角色定义中分别属于性能与量，保持复合未定。
iTE:P0990:n1,P0990,iTE,coordination effect of polymer to cations and the Hofmeister effect of anions to polymer,,"Ionic thermoelectric (i-TE) gels have attracted widespread attention in flexible electronics due to their flexibility, leakage-free, low toxicity, and converting low-grade waste heat into electricity. For practical application, it is strongly desirable to fabricate negative-thermopower (n-type) i-TE gels with excellent mechanical performances, which is still a big challenge. Herein, a multi-hierarchical network structure is proposed to simultaneously improve the TE and mechanical performance. Such structure including hierarchical hydrogen bonds, coordination bonds, and dense polymer chains is realized via the synergy of the coordination effect of polymer to cations and the Hofmeister effect of anions to polymer. As a result, the optimized gel exhibits not only negative thermopower up to -3.69 mV K-1 with a conductivity of 0.15 S m(-1) at room temperature, but also outstanding tensile strength (>6.7 MPa), elongation at break (>1100%), and toughness (>43 MJ m(-3)), which is the toughest n-type i-TE gel reported to date. In addition, these n-type i-TE gels present good freeze tolerance (-58.53 degrees C) and dry resistance. Furthermore, the application potentials of the i-TE device are proven in converting human thermal power into electricity. These findings provide a new way to obtain high-performance n-type i-TE materials by synergistic anion and cation action on polymers.",original_quote_rechecked,role_review_v3.json,unresolved_role_pending_review,,,,compound_mixed_roles_review,聚合物阳离子配位与阴离子Hofmeister效应并列，具体作用与广义离子效应不能直接合成单一角色。
iTE:P1028:n1,P1028,iTE,PCMs (synthesized ILs) container cell and a commercial thermoelectric generator (TEG),,"A promising solution for challenges in thermal energy storage (TES) and its management is the use of phase change materials (PCMs). The ionic liquids (ILs) offer a unique properties that make them proper candidates for a number of energy related applications. The IL based PCMs are an important category of novel materials that significantly contribute to the efficient use and conservation of solar energy and wasted heat. This work presents a new family of ionic liquids (ILs) 2-hydroxyethylammonium, bis (2-hydroxyethyl) ammonium, and tris (2-hydroxyethyl) ammonium laurate as PCMs for the first time operating in the temperature range of 50-150 degrees C, and offer a safe and inexpensive capacity. The latent heat of fusion values were 147.13, 131.95 and 113.54 kJkg-1 for the [HEA]Lau, [DHEA]Lau and [THEA]Lau, respectively. Also, the thermal stability was obtained to be 99% for the [HEA]Lau. Finally, the thermal-to-electric energy conversion is performed using a homemade electronic data gathering and processing instrument with a PCMs (synthesized ILs) container cell and a commercial thermoelectric generator (TEG) device to record the real-time generated electric energy. The recorded output voltage (open circuit case) of TEG device versus time was measured that demonstrated that after turning off the thermal energy source, the proposed system provides the electric energy for a while (more than 2 h).",original_quote_rechecked,role_review_v3.json,unresolved_role_pending_review,,,,ontology_gap_review,节点明确包括PCM容器和商业TEG两个装置，不能只提取其中的离子液体材料。
iTE:P1043:n2,P1043,iTE,variation of Seebeck coefficient and resistivity,,"We present the results of low- and high-temperature measurements, from 5 to 800K, of the electrical resistivity and thermoelectric power of polycrystalline and c-axis-oriented textured samples of Ca3-zNdzCo4O9 (0 <= z <= 0.9). Crystallographic structure, microstructure and texture analyses of the samples have also been carried out. The substitution of the lighter rare-earth large ionic Nd for Ca results in an increase in the Seebeck coefficient. However, the resistivity of the samples also increases accordingly. In addition, the Hall effect of the polycrystalline Ca3-zNdzCo4O9 sample was studied in the 50-300 K interval. This measurement showed that the variation of Seebeck coefficient and resistivity are caused by a decrease in carrier concentration with Nd content. The decomposition temperatures of the samples with Nd content were observed to increase to values beyond the melting point of Ag, the technically important contact material for the fabrication of thermoelectric modules. The studies on the thermoforged samples indicate that the electrical resistivity of the textured samples decreased by 2.5-fold as compared with that of the conventional sintered samples. The increase in the decomposition temperature and the high Seebeck coefficient with low resistivity in thermoforged samples make the Nd-doped Ca3Co4O9 oxide as one of the candidate materials for high-temperature thermoelectric modules.",original_quote_rechecked,role_review_v3.json,unresolved_role_pending_review,,,,compound_mixed_roles_review,Seebeck与电阻率变化在原文分别报告，涉及性能与量，不能把整个复合短语当作单量。
iTE:P1056:n1,P1056,iTE,ionic wind generator,,"High power light-emitting diodes (LEDs) consume most of the applied power as heat, which leads to a high junction temperature; thus, an efficient cooling device is needed. Most of the developed cooling systems face constraints such as cost, consumption, and noise, leading to low work efficiency. In this study, a needle-to-net type ionic wind generator based on corona discharge is suggested for high power LED cooling. The LEDs' junction temperature was calculated by measuring the case temperature, which is called the pin-temperature measurement method. The characteristics of ionic wind in various electrode arrangements or electrical parameters were analyzed, and the case temperature changes induced by ionic wind were measured under various conditions for analysis. The experimental results indicate that the designed ionic wind generator had good cooling performance close to cooling fan, coupled with lower energy consumption and less mechanically induced noise. The maximum ionic wind velocity was measured to be 2.97 m/s at a 15 mm discharge distance and 17 kV applied voltage. (C) 2015 Elsevier Ltd. All rights reserved.",original_quote_rechecked,role_review_v3.json,unresolved_role_pending_review,,,,ontology_gap_review,针网式离子风发生器是用于LED冷却的完整装置；不是离子风过程本身。
iTE:P1061:n1,P1061,iTE,strong acoustic mismatch between Cu2Se and carbon phonon states,quantity,"Liquid-like ionic conductors in the copper selenide family represent a promising class of thermoelectric materials capable of recycling waste heat into electrical energy with an exemplary figure-of-merit (zT > 1.4) above 800 K. Ion diffusion, however, is enhanced at such high temperatures and drives a non-reversible phase segregation that inhibits practical applications. In tandem, the thermoelectric performance at moderate temperatures (500-750 K) where ion diffusion is less problematic, is not optimal for real-world applications (zT < 1). In this work, we demonstrate that incorporating a small weight fraction of carbon using various carbon sources can significantly enhance the zT of Cu2Se at both middle and high temperatures. All the carbon-doped Cu2Se samples exhibit weak temperature dependent zT higher than 1.0 over a broad temperature range from 600 to 900 K, with the 0.6 wt% Super P doped Cu2Se sample achieving a zT of 1.85 at 900 K. Furthermore, the 0.3 wt% carbon fiber doped Cu2Se shows zT > 1 for T > 520 K and reaches a record level of zT of similar to 2.4 at 850 K. These values for the carbon doped Cu2Se are comparable or superior to those for the current state-of-the-art thermoelectric materials. Microstructure studies on graphite incorporated Cu2Se revealed that graphite nanostructures interspace between Cu2Se nanoscale grains being responsible for the significantly enhanced zT. The low thermal conductivity in the nanostructured composite is attributed to the high density of interfaces caused by the small grain diameters (30-60 nm), along with the strong acoustic mismatch between Cu2Se and carbon phonon states which enhances the thermal boundary resistance. This discovery indicates strong prospects for engineering carbon thermoelectric nanocomposites for a range of energy applications.",original_quote_rechecked,role_review_v3.json,model_proposed_pending_human,,,,definition_unresolved,完整引用解释声学失配提高界面热阻，但未定义失配指标，不能补成阻抗差等具体量。
iTE:P1094:n1,P1094,iTE,low acoustic mode group velocity and strong three-phonon scattering,,"State-of-the-art first-principles calculations are performed to investigate the thermoelectric transport properties in thallium-based fluoride perovskites TlXF3 (X = Hg, Sn, Pb) by considering anharmonic renormalization of the phonon energy and capturing reasonable electron relaxation times. The lattice thermal conductivity, kappa(L), of the three compounds is very low, among which TlPbF3 is only 0.42 W m(-1) K-1 at 300 K, which is less than half of that of quartz glass. The low acoustic mode group velocity and strong three-phonon scattering caused by the strong anharmonicity of the Tl atom are the origin of the ultralow kappa(L). Meanwhile, the strong ionic bonds between X (X = Hg, Sn, Pb) and F atoms provide good electrical transport properties. The results show that the ZT value of TlHgF3 at 900 K is 1.58, which is higher than the 1.5 value of FeNbSb at 1200 K. TlSnF3 and TlPbF3 also exceed 1, which is close to the classical thermoelectric material PbTe:Na. Furthermore, we present the methods and expected effects of improving the ZT value through nanostructures.",original_quote_rechecked,role_review_v3.json,unresolved_role_pending_review,,,,compound_mixed_roles_review,声学模群速度与三声子散射分别为量与过程，不能因共同解释低热导而视为同一角色。
iTE:P1118:n1,P1118,iTE,extreme phonon anharmonicity and weak bonding,,"Ultralow thermal conductivity and fast ionic diffusion endow superionic materials with excellent performance both as thermoelectric converters and as solid-state electrolytes. Yet the correlation and interdependence between these two features remain unclear owing to a limited understanding of their complex atomic dynamics. Here we investigate ionic diffusion and lattice dynamics in argyrodite Ag8SnSe6 using synchrotron X-ray and neutron scattering techniques along with machine-learned molecular dynamics. We identify a critical interplay of the vibrational dynamics of mobile Ag and a host framework that controls the overdamping of low-energy Ag-dominated phonons into a quasi-elastic response, enabling superionicity. Concomitantly, the persistence of long-wavelength transverse acoustic phonons across the superionic transition challenges a proposed 'liquid-like thermal conduction' picture. Rather, a striking thermal broadening of low-energy phonons, starting even below 50 K, reveals extreme phonon anharmonicity and weak bonding as underlying features of the potential energy surface responsible for the ultralow thermal conductivity (<0.5 W m(-1) K-1) and fast diffusion. Our results provide fundamental insights into the complex atomic dynamics in superionic materials for energy conversion and storage. Superionic materials are of interest for solid-state batteries or thermoelectrics, yet a clear understanding of the atomistic mechanisms is lacking. Here it is shown that transverse acoustic phonons persist above the superionic transition in argyrodite Ag8SnSe6, and that the free-Se sublattice controls fast Ag cation diffusion.",original_quote_rechecked,role_review_v3.json,unresolved_role_pending_review,,,,compound_mixed_roles_review,极强非谐性与弱成键并列描述势能面特征，仍跨性质和相互作用，未给统一角色依据。
iTE:P1137:n1,P1137,iTE,strong lattice anharmonicity and dynamic disorder,,"Argyrodite-type Ag- and Cu-based chalcogenides have garnered considerable attention due to their combination of both low lattice thermal conductivity and high ionic conductivity. While low lattice thermal conductivity is advantageous for thermoelectric applications, high ionic conductivity can lead to device instability. The independent tunability of these two transport properties would open further strategies for designing high-performance functional materials. This dual behavior emphasizes the importance of understanding the underlying structure-property relationships in these systems. In this study, we investigate the mixed-cation argyrodite solid solution series Ag8- x Cu x GeS6 (0 <= x <= 8), focusing on how substitution of Ag+ with Cu+ influences their structure and transport properties. To elucidate the microscopic origins of thermal and ionic transport, a combined experimental and theoretical approach is applied. A two-channel analytical model reveals that both propagating phonons and diffuson-like modes contribute to heat transport. Our findings demonstrate that the low lattice thermal conductivity and high ionic conductivity arise from shared structural features, such as strong lattice anharmonicity and dynamic disorder, rather than from direct interdependency between the two transport mechanisms. This decoupling enables independent optimization of thermal and ionic transport, offering valuable insights for the design of materials in next-generation thermoelectrics, ionic thermoelectrics, and solid-state batteries.",original_quote_rechecked,role_review_v3.json,unresolved_role_pending_review,,,,compound_mixed_roles_review,原文虽概称shared structural features，但非谐性与动态无序的量或状态边界未定义，不因作者总称强行统一。
iTE:P1189:n1,P1189,iTE,polymer chain breathing model,,"Through external doping, novel conductive polymer nanofibers were successfully fabricated using ionic liquids. In this study, a polymer blend of polyvinyl alcohol (PVA) and chitosan (CS) in a 4 : 1 weight ratio was fabricated in the form of nanofibers through electrospinning and used as a scaffold membrane to capture room-temperature ionic liquids (RTILs), such as 1-ethyl-3-methylimidazolium chloride (EMIMCl) and 1-butyl-3-methylimidazolium bromide (BMIMBr). Morphological analysis using scanning electron microscopy (SEM) showed that the scaffold structure of the electrospun membrane facilitated sufficient trapping of RTILs. This membrane demonstrated significantly increased conductivity from 6 x 10(-6) S cm(-1) to 0.10 S cm(-1), interestingly surpassing the value of pure ionic liquids, where the polymer chain breathing model has been suggested as a hypothesis to explain this phenomena. The dominance of ions as charge carriers was explained using an ionic transference number measurement. The interaction between the polymer nanofiber matrix and an ionic liquid has been explained using Fourier-transform infrared spectroscopy (FTIR), where the ionic liquid was found to be physically dispersed in the polymer nanofiber matrix. These materials have also shown some thermoelectric (TE) activity, by demonstrating Seebeck coefficients up to 17.92 mu V K-1. The existence of freely movable ions in this type of membrane shows their applications as energy storage/conversion devices such as organic thermoelectrics (TEs), sensors, and dye-sensitised solar cells.",original_quote_rechecked,role_review_v3.json,unresolved_role_pending_review,,,,ontology_gap_review,polymer chain breathing model明确作为解释导电性的假说模型，不能删除model后改判真实过程。
iTE:P1208:n2,P1208,iTE,these anomalies,,"The electrical conductivity, magnetic susceptibility and thermoelectric power in the liquid In-As2Te3 system have been obtained as a function of temperature and composition. X-ray diffraction measurements for liquid In2As2Te3 were carried out to investigate the bonding nature between In and Te atoms. The system exhibits a sharp minimum of conductivity, rapid increase in diamagnetism and inversion of the sign of the thermoelectric power around the composition of In2AS2Te3. However, these anomalies almost disappear at higher temperature. The distribution function obtained by the diffraction measurement suggests that the In-Te bonds are comparatively covalent, by contrast with the ionic Tl-Te bonds. This is also supported by the magnitude of the diamagnetic contribution in the system determined from conductivity and susceptibility data on the basis of a delocalized approximation for electrons.",original_quote_rechecked,role_review_v3.json,unresolved_role_pending_review,,,,compound_mixed_roles_review,these anomalies同时回指电导极小、抗磁性增加和热电势符号反转，是多种角色的复合指代。
iTE:P1211:n1,P1211,iTE,PBE-D3 dispersion correction,,"The dispersion corrected elastic, electronic and thermoelectric properties of Bi2Se3 are studied using the density functional theory deploying the Quantum ESPERSSO package. The ground state is achieved using the PBE exchange and correlation functional. PBE-D3 type dispersion correction is applied to capture the van der Waal interaction between the quintuple layers in Bi2Se3. The computed lattice constants considering the dispersion correction are in excellent agreement with the experimental data. The elastic constants namely the bulk modulus, shear modulus, Young's modulus and Poisson ratio are evaluated. Effect of dispersion correction is observed in the elastic constants. The compression and shear anisotropy studies indicate that Bi2Se3 is more anisotropic against shearing stress than against compression. The direct bandgap of 0.47 eV is obtained using the PBE functional which reduces to 0.21 eV when PBE-D3 dispersion correction is applied. The dispersion corrected direct bandgap is very close to the experimental value 0.22 eV. The total and projected density of states are computed and analyzed in terms of state contributions. The Bader charge analysis shows that Bi-Se2 bond is more ionic than the Bi-Se1 bond. Among the thermoelectric properties, the computed power factor and figure of merit zT, are in excellent agreement with the experimental data. The temperature dependent study shows that the figure of merit decreases while the power factor increases linearly.",original_quote_rechecked,role_review_v3.json,unresolved_role_pending_review,,,,ontology_gap_review,PBE-D3是为计算范德华作用引入的色散修正方法，不能当作实际材料制备或物理机制。
iTE:P1218:n1,P1218,iTE,momentum transfer arguments,,"Utilizing relations due to Moreau and to Bridgman, plus the Wiedemann-Franz law, it is first demonstrated that a longitudinal effect, the Thomson thermoelectric coefficient, sigma(T) is given by LP/R, where L is the Lorenz number while P and R characterize transverse effects, represented by Ettingshausen and Hall coefficients, respectively. Corresponding effects are then defined for ionic transport, motivated by the observed Haeffner effect for isotopes but written initially for an isotopically pure liquid metal. In this way, we have related a longitudinal ionic density gradient to a similar transverse gradient in the Hall configuration in a transverse magnetic field. The latter gradient is shown to be precisely determined by the ratio eE(H)/k(B)T, where E(H) is the Hall electric field. Generalizing to a binary mixture of isotopes, the Haeffner effect follows directly by momentum transfer arguments.",original_quote_rechecked,role_review_v3.json,unresolved_role_pending_review,,,,ontology_gap_review,momentum transfer arguments指推出Haeffner效应的理论论证，不能与实际动量传递事件混同。
iTE:P1249:n1,P1249,iTE,high atomic density and strong structural disorder,,"The high-temperature thermoelectric properties of Ba2-xLaxCaMoO6-s (x = 0, 0.05, 0.1, 0.15, 0.2) double perovskites were systematically investigated and reported for the first time. Through solid-state synthesis, phase-pure cubic double-perovskite oxides with the general formula Ba2-xLaxCaMoO6-s (0 <= x <= 0.2) were successfully synthesized. Comprehensive characterization techniques including powder X-ray diffraction (XRD), scanning electron microscopy (SEM), and transmission electron microscopy (TEM) analyses demonstrated the effective incorporation of La3+ ions into the crystal lattice, forming a homogeneous substitutional solid solution within the molybdate-based matrix. Notably, the structural integrity of the double-perovskite framework was maintained throughout the doping series, as evidenced by Rietveld refinement of the XRD patterns. The temperature-dependent charge transport properties were analyzed to correlate La3+ substitution levels with thermoelectric performance. In the 323-1073 K range, La doping significantly reduces total thermal conductivity, which remains very low due to high atomic density and strong structural disorder. At 1073 K, Ba1.9La0.1CaMoO6-s achieves a thermal conductivity of 1.32 W m-1 K-1 and a Seebeck coefficient of 282.7 mu V/K. These findings suggest that if effective optimization strategies are implemented to reduce resistivity, this molybdate-based materials could become promising candidates for efficient thermoelectric generators in industrial waste heat recovery systems or for stable energy conversion in next-generation aerospace power devices, where high temperature stability and low thermal conductivity are essential.",original_quote_rechecked,role_review_v3.json,unresolved_role_pending_review,,,,compound_mixed_roles_review,高原子密度是量的水平，强结构无序是状态，原节点并列二者需保持未拆分。
iTE:P1294:n2,P1294,iTE,Seebeck coefficient and electrical conductivity,,"Perovskite oxides have emerged as promising alternatives for photovoltaic devices due to their astonishing optoelectronic properties. Nevertheless, a density functional theory study was performed on the electronic, optical, and thermoelectric properties of ACoO(3) (A = Nd, Pr, and La) by TB-mBJ potentials. Based on the optimized structures, the observed results show that studied compounds display p-type semiconductor behavior with a bandgap of 1.95 eV, 1.08 eV, and 1.57 eV respectively. Hence, spherical charge density contours illustrate the ionic character of Nd/Pr/La/Co and O. The optical spectra are reported and discussed, the maximum absorption intensity for the LaCoO3 is ~& nbsp;20 x 10(4) cm around 400 nm. Furthermore, the figure of merit, the electrical and thermal conductivity of each compound are investigated by applying Boltzmann transport theory, the high mobility of carriers enhances the Seebeck coefficient and electrical conductivity of ACoO(3) (A = Nd, Pr, and La) materials. Our finding results make these materials favorable candidates for photovoltaic applications.",original_quote_rechecked,role_review_v3.json,unresolved_role_pending_review,,,,compound_mixed_roles_review,载流子迁移率共同增强Seebeck与电导率，不使这两个不同角色的指标成为单个节点角色。
iTE:P1298:n1,P1298,iTE,ordered conductive domains and carrier mobility,,"A series of ionically interconnected polypyrrole (PPy) films are fabricated through two-monomer-connected-precursor polymerization by varying diacid linkers, thereby significantly influencing the crystalline morphology and electrical properties. The structure obtained using 1,5-napthalenedisulfonic acid (PPy-Nap) as a fused aromatic linker exhibits a higher electrical conductivity (similar to 78 S cm(-1)) than that (6.7 S cm(-1)) without a linker (PPy-ref). Cryogenic conductivity measurements reveal that the percolation carrier transport barrier of PPy-Nap is significantly smaller than that of PPy-ref, and the calculated carrier mobility of PPy-Nap is similar to 5 times higher compared to PPy-ref. The carrier transport characteristics show a good agreement with morphological data by 2D grazing-incidence X-ray scattering. All PPys have similar doped charge carrier concentrations and, thus, similar Seebeck coefficients (5-8 mu V K-1) but very different electrical conductivities. Consequently, PPy-Nap exhibits a higher power factor than that of PPy-ref (0.21 vs 0.043 mu W m(-1) K-2). The results show that the trade-off relationship between the Seebeck coefficient and electrical conductivity can be overcome by improving crystalline morphology and carrier transport. Thus, both the electrical conductivities and thermoelectric power factors can be improved with maintaining the Seebeck coefficients by enhancing the ordered conductive domains and carrier mobility while maintaining the doping level.",original_quote_rechecked,role_review_v3.json,unresolved_role_pending_review,,,,compound_mixed_roles_review,有序导电区域与载流子迁移率分别为结构与物理量；共同优化的上下文不能消除复合性。
iTE:P1303:n2,P1303,iTE,thermal diffusion measurements,,"We have performed thermal diffusion measurements of the molten mixture Agl/KI by a thermoelectric method in microgravity, these ones being disturbed on Earth by the free convection. These experiments have left unanswered questions and we have planned new measurements in space using an optical method, in order to check the hydrodynamical regime of the liquid during the diffusion. We have hence performed Earth experiments with a high viscosity mixture (LiCl, water) to assess the feasibility of these measurements.",original_quote_rechecked,role_review_v3.json,unresolved_role_pending_review,,,,ontology_gap_review,热扩散测量指实验操作，原文另外讨论真实扩散及对流，不能把方法当过程。
iTE:P1313:n2,P1313,iTE,high electrical conductivity and low Seebeck coefficient,,"Fully filled skutterudites RFe4Sb12 (R = Ca, Sr, Ba, La, Ce, Pr, Nd, Eu, and Yb) have been prepared and the high-temperature electrical and thermal transport properties are investigated systematically. Lattice constants of RFe4Sb12 increase almost linearly with increasing the ionic radii of the fillers, while the lattice expansion in filled structure is weakly influenced by the filler valence charge states. Using simple charge counting, the hole concentration in RFe4Sb12 with divalent fillers (R = Ca, Sr, Ba, Eu, and Yb) is much higher than that in RFe4Sb12 with trivalent fillers (R = La, Ce, Pr, and Nd), resulting in relatively high electrical conductivity and low Seebeck coefficient. It is also found that RFe4Sb12 filled skutterudites having similar filler valence charge states exhibit comparable electrical conductivity and Seebeck coefficient, and the behavior of the temperature dependence, thereby leading to comparable power factor values in the temperature range from 300 to 800 K. All RFe4Sb12 samples possess low lattice thermal conductivity. The correlation between the lattice thermal resistivity W-L and ionic radii of the fillers is discussed and a good relationship of W-L similar to (r(cage)-r(ion))(3) is observed in lanthanide metal filled skutterudites. CeFe4Sb12, PrFe4Sb12, and NdFe4Sb12 show the highest thermoelectric figure of merit around 0.87 at 750 K among all the filled skutterudites studied in this work. (C) 2011 American Institute of Physics. [doi: 10.1063/1.3553842]",original_quote_rechecked,role_review_v3.json,unresolved_role_pending_review,,,,compound_mixed_roles_review,高电导和低Seebeck是两个指标及各自方向限定，不能只保留其中一个或强制给整个节点单类。
iTE:P1317:n1,P1317,iTE,"local structural distortion, weak bonding environment, and strong lattice anharmonicity",,"Argyrodites have complex crystal structures that give rise to extraordinary physical properties, including ultralow thermal conductivity and superior ionic conductivity, which have received wide interest in thermoelectric materials and rechargeable batteries. While the long-range crystallographic structures of argyrodites have been well characterized, the local atomic-scale structural features remain poorly understood. In this work, synchrotron X-ray atomic pair distribution function (PDF) analysis has been carried out to investigate the short-range structural correlations in Ag8GeS6 argyrodites and their structure evolution with temperature. Strikingly, the local atomic arrangement shares similarity across the superionic phase transition, and the phenomenon is further validated in other Ag-based argyrodites. Our analysis reveals that the local structural distortion, weak bonding environment, and strong lattice anharmonicity could be the key to understanding the exotic thermal and ion transport behavior. This work explores the critical connection between local structural motifs and macroscopic functionalities in Ag-based argyrodites, proposing a new local-structure-oriented strategy for designing next-generation functional materials.",original_quote_rechecked,role_review_v3.json,unresolved_role_pending_review,,,,compound_mixed_roles_review,局域畸变、弱成键环境和非谐性并列，涉及结构、作用和性质，现有十类不能忠实压成一个角色。
iTE:P1318:n1,P1318,iTE,gate,state_structure,"Utilizing the ionic flux to generate voltage output has been confirmed as an effective way to meet the requirements of clean energy sources. Different from ionic thermoelectric (i-TE) and hydrovoltaic devices, a new hydrothermal chemical generator is designed by amorphous FeCl3 particles dispersing in MWCNT and unique ferric chloride or water gate. In the presence of gate, the special ion behaviors enable the cell to present a constant voltage of 0.60 V lasting for over 96 h without temperature difference. Combining the differences of cation concentration, humidity and temperature between the right and left side of sample, the maximum short-circuit current and power output can be obtained to 168.46 mu A and 28.11 mu W, respectively. The generator also can utilize the low-grade heat to produce electricity wherein Seebeck coefficient is 6.79 mV K-1. The emerged hydrothermal chemical generator offers a novel approach to utilize the low-grade heat, water and salt solution resources, which provides a simple, sustainable and low-cost strategy to realize energy supply.",original_quote_rechecked,role_review_v3.json,model_proposed_pending_human,,,,role_boundary_review,gate回指氯化铁或水gate，但原文未描述其具体门控构造、材料区域或施加方式，保留边界疑义。
iTE:P1335:n2,P1335,iTE,properties of the hydrogel electrolyte,,"Thermally chargeable supercapacitors (TCSCs) have offered exceptional energy-converting efficiency for absorbing human epidermal heat and generating and storing electrical energy, which then realize continuous power supply to electronic devices, such as sensors and wearable electronic products, in a wide range of practical significance. Here, we proposed a flexible TCSC by attaching binder-free Ti3C2Tx MXene@PPy electrodes on both ends of the H3PO4@P(AM-co-AA-co-AYP K+) hydrogel electrolyte, which exhibits a large thermal power of 35.2 mV K-1 at 50% relative humidity and maximum figure of merit of 2.1. The high performances of the fabricated devices can be attributed to the tunable electrical, thermodynamic, thermoelectric, and mechanical properties of the hydrogel electrolyte by adjusting the acid content and the proportion of zwitterionic compound AYP K+ in the hydrogel, and the high photothermal conversion efficiency and electrochemical performance of the electrodes. Moreover, the stable and outstanding thermofvoltage output (similar to 200 mV) under different time scenarios of the TCSC makes it possible to drive a strain sensor, accomplishing the objectives of a human activity monitor.",original_quote_rechecked,role_review_v3.json,unresolved_role_pending_review,,,,compound_mixed_roles_review,全文明确properties包括电学、热力学、热电和力学，包含量与性能多类，不可按最终器件表现统一。
iTE:P1341:n1,P1341,iTE,anharmonicity and disorder,,"Superionic crystals exhibit ionic mobilities comparable to liquids while maintaining a periodic crystalline lattice. The atomic dynamics leading to large ionic mobility have long been debated. A central question is whether phonon quasiparticles-which conduct heat in regular solids-survive in the superionic state, where a large fraction of the system exhibits liquid-like behaviour. Here we present the results of energy- and momentum-resolved scattering studies combined with first-principles calculations and show that in the superionic phase of CuCrSe2, long-wavelength acoustic phonons capable of heat conduction remain largely intact, whereas specific phonon quasiparticles dominated by the Cu ions break down as a result of anharmonicity and disorder. The weak bonding and large anharmonicity of the Cu sublattice are present already in the normal ordered state, resulting in low thermal conductivity even below the superionic transition. These results demonstrate that anharmonic phonon dynamics are at the origin of low thermal conductivity and superionicity in this class of materials.",original_quote_rechecked,role_review_v3.json,unresolved_role_pending_review,,,,compound_mixed_roles_review,非谐性与无序共同造成声子失效，但未统一为参数或结构定义，保留并列节点。
iTE:P1342:n1,P1342,iTE,extensive hydrogen bonding and charge stabilization,,"Deep Eutectic Solvents (DES) are a new class of ionic conductive compounds attracting significant attention as greener alternatives to costly ionic liquids. Herein, we developed novel mixed ionic-electronic conducting materials by simple mixing of poly(3,4-ethylenedioxythiophene)/poly(styrenesulfonate) (PEDOT:PSS) and various DES as additives. The DES addition induces the supramolecular assembly and gelification of PEDOT:PSS forming eutectogels triggered by extensive hydrogen bonding and charge stabilization. The eutectogels feature boosts the mixed ionic-electronic conductivity of PEDOT:PSS up to 368 S cm(-1), unveiling great potential as flexible bioelectronics. All the PEDOT:PSS/DES gels showed shear-thinning behavior and viscosity values ranging from 100 to 1000 Pa s. The eutectogels show good injectability with almost instantaneous elastic recovery, making them ideal materials for direct ink writing (DIW). As proof of that, PEDOT:PSS/DES (choline chloride:lactic acid) was 3D printed in different patterns, annealed at high temperature, and assembled into adhesive electrodes. This way tattoos-like electrodes, denoted as Eutecta2 were fabricated and placed in vivo on the forearm and the thumb of human volunteers for electromyography measurements. Eutecta2 hexagonal patterns showed excellent conformability, and their signal-to-noise ratio (SNR) was higher than Ag/AgCl commercial electrodes for thumb motion measurements. Furthermore, forearm motion was measured after 14 days with similar values of SNR, demonstrating long-term stability and reusability. All in all, our findings revealed that DES could be used as inexpensive and safe additives to direct the self-assembly of PEDOT:PSS into supramolecular eutectogels inks for flexible bioelectronics.",original_quote_rechecked,role_review_v3.json,unresolved_role_pending_review,,,,compound_mixed_roles_review,氢键作用与电荷稳定化并列解释凝胶形成，后者可能为过程或状态，不能仅按前者定相互作用。
iTE:P1431:n1,P1431,iTE,large short-range perturbation created by selected dopants,quantity,"Doping is central for solid-state devices from transistors to thermoelectric energy converters. The interaction between electrons and dopants plays a pivotal role in carrier transport. Conventional theory suggests that the Coulomb field of the ionized dopants limits the charge mobility at high carrier densities, and that either the atomic details of the dopants are unimportant or the mobility can only be further degraded, while experimental results often show that dopant choice affects mobility. In practice, the selection of dopants is still mostly a trial-and-error process. Here we demonstrate, via first-principles simulation and comparison with experiments, that a large short-range perturbation created by selected dopants can in fact counteract the long-range Coulomb field, leading to electron transport that is nearly immune to the presence of dopants. Such cloaking of dopants leads to enhanced mobilities at high carrier concentrations close to the intrinsic electron-phonon scattering limit. We show that the ionic radius can be used to guide dopant selection in order to achieve such an electron-cloaking effect. Our finding provides guidance to the selection of dopants for solid-state conductors to achieve high mobility for electronic, photonic, and energy conversion applications. Doping is central to solid-state devices and generally believed to hinder electron transport. Here, the authors show that certain dopants can cloak themselves from electrons and achieve higher mobility than the conventional limit.",original_quote_rechecked,role_review_v3.json,model_proposed_pending_human,,,,definition_unresolved,短程扰动抵消长程库仑场的上下文没有给出扰动势定义或量纲，暂定量类及定义缺口保留。
iTE:P1445:n2,P1445,iTE,conduction band activity,,"Partial density of states (PDOS) analysis attributes these differences to the role of A-site cation substitution, with La3+ contributing significantly to conduction band activity.",full_abstract_and_quote,role_review_v3.json,unresolved_role_pending_review,,,,definition_unresolved,完整摘要涉及导带曲率、态密度及载流子激发，conduction band activity仍无法唯一对应其中任一角色。
iTE:P1482:n2,P1482,iTE,oxidation level and nanostructure,,"In this composite, ILs simultaneously enhance the Seebeck coefficient and electrical conductivity of PEDOT:PSS (up to 35 mu V K-1 and 538 S cm(-1), respectively) by controlling its oxidation level and nanostructure.",original_quote_rechecked,role_review_v3.json,unresolved_role_pending_review,,,,compound_mixed_roles_review,氧化程度与纳米结构并列，分别涉及量或化学状态及空间结构，不静默拆分。
iTE:P1486:n2,P1486,iTE,"Electrical conductivity, thermoelectric power, and chemical diffusivity",,"Electrical conductivity, thermoelectric power, and chemical diffusivity are the most typical, charge-and-mass transport properties of a mixed ionic electronic conductor oxide which are essentially governed by its defect structure, and the oxygen nonstoichiometry is a direct measure of its overall defect concentration.",original_quote_rechecked,role_review_v3.json,unresolved_role_pending_review,,,,compound_mixed_roles_review,电导率、热电势和化学扩散率被并列为输运性质，但冻结角色体系将其分为量和性能，不能单类化。
iTE:P1489:n1,P1489,iTE,soft covalent bonds and ionic layers,,"Moreover, the coexistence of soft covalent bonds and ionic layers lowers phonon group velocity and strengthens phonon scattering, resulting in extremely low lattice thermal conductivity.",original_quote_rechecked,role_review_v3.json,unresolved_role_pending_review,,,,compound_mixed_roles_review,软共价键与离子层分别强调相互作用和层状结构，保留复合角色问题。
iTE:P1520:n1,P1520,iTE,chaotropic effect of BF4-,mechanism_process,"leveraging the chaotropic effect of BF4- and the interaction of EMIM+-I3- to expand the entropy and potential differences between the hot and cold electrodes, achieving a thermopower of -1.2 mV K-1.",full_abstract_and_quote,role_review_v3.json,model_proposed_pending_human,,,,definition_unresolved,完整摘要新增熵差及电势差的后果，但没有给chaotropic effect本身的微观定义，不补写氢键破坏机制。
iTE:P1522:n1,P1522,iTE,"lone-pair electrons, weak interactions, and ionic bonding",,"Furthermore, the existence of lone-pair electrons, weak interactions, and ionic bonding introduces a notable softening effect on the crystal structure. This, in turn, leads to the emergence of substantial phonon anharmonicity in gamma-SnSe.",original_quote_rechecked,role_review_v3.json,unresolved_role_pending_review,,,,compound_mixed_roles_review,孤对电子、弱相互作用和离子键涉及实体与相互作用的并列，不能仅凭共同软化效应归为机制。
iTE:P1562:n2,P1562,iTE,electrochemical Seebeck effect,mechanism_process,indicating that the Na+ intercalation/deintercalation plays an intrinsic role in the electrochemical Seebeck effect.,full_abstract_and_quote,role_review_v3.json,model_proposed_pending_human,,,,effect_response_review,完整摘要报告系数及电动势时间响应，但节点句是在解释嵌脱对effect的作用，不能将效应直接等同系数。
iTE:P1583:n1,P1583,iTE,symmetrically heated micro-contact set-up,,"For a complete avoidance of the temperature inhomogeneity problem, a novel symmetrically heated micro-contact set-up was built.",original_quote_rechecked,role_review_v3.json,unresolved_role_pending_review,,,,ontology_gap_review,对称加热微接触set-up为实验装置，结构修饰未把节点中心变成排列方式。
iTE:P1593:n1,P1593,iTE,copper mobility and disordering,,This directly confirms that copper mobility and disordering is the driving force behind the peculiar phase transition.,original_quote_rechecked,role_review_v3.json,unresolved_role_pending_review,,,,compound_mixed_roles_review,铜迁移能力与无序化分别为量或能力和动态过程，原并列节点不具单一角色。
iTE:P1626:n1,P1626,iTE,AC experiments,,"While the AC experiments completely rule out ionic conductivity, two-probe DC electrical conductivity measurements on a pellet (bulk sample) as a function of temperature (150-320 K) evidence the electrical conductivity of the COP.",original_quote_rechecked,role_review_v3.json,unresolved_role_pending_review,,,,ontology_gap_review,AC experiments与DC measurements都是用来排除或确认传导的实验方法，不能按所研究对象直接归机制。
iTE:P1629:n1,P1629,iTE,hybrid film device,,"Compared with the graphene-only devices, the hybrid film device showed an improved performance with high sensitivity at ppm level, low detection limit, and fast signal response/recovery.",original_quote_rechecked,role_review_v3.json,unresolved_role_pending_review,,,,ontology_gap_review,hybrid film device是具有灵敏度和检测限的传感器件，不能等同其薄膜材料。
iTE:P1638:n1,P1638,iTE,high-density defects and stronger scattering,,"The low-temperature thermal conductivity of NaMn6Bi5 is also lower than those of RbMn6Bi5 and CsMn6Bi5, which is attributed to the high-density defects and stronger scattering.",original_quote_rechecked,role_review_v3.json,unresolved_role_pending_review,,,,compound_mixed_roles_review,高密度缺陷与增强散射分别指缺陷结构或密度及过程，不能按共同降低热导的作用统一。
iTE:P1650:n2,P1650,iTE,photothermoelectric effect,mechanism_process,The reinforced photothermoelectric effect is associated with the changes in the energy barrier at the m-s junctions in unsorted SWCNTs,full_abstract_and_quote,role_review_v3.json,model_proposed_pending_human,,,,effect_response_review,完整摘要给出Seebeck和功率因子改善，但photothermoelectric effect仍为受结势垒影响的效应称谓，保留响应边界。
iTE:P1659:n2,P1659,iTE,high ionic conductivity and chemical stability,,Simultaneously high ionic conductivity and chemical stability may be reached by designing structures of poly-ions of the non-conducting components with the conducting species in-between.,original_quote_rechecked,role_review_v3.json,unresolved_role_pending_review,,,,compound_mixed_roles_review,离子电导率与化学稳定性在现有规则中分别为量和稳定性表现，不能用一个角色覆盖。
iTE:P1672:n1,P1672,iTE,simple ionic model,,we show that simple ionic model is not suitable for consistent description of the properties of the system.,original_quote_rechecked,role_review_v3.json,unresolved_role_pending_review,,,,ontology_gap_review,simple ionic model是被评价适用性的理论模型，不是离子材料或迁移过程。
iTE:P1672:n2,P1672,iTE,consistent description of the properties of the system,,we show that simple ionic model is not suitable for consistent description of the properties of the system.,original_quote_rechecked,role_review_v3.json,unresolved_role_pending_review,,,,ontology_gap_review,consistent description指模型能否解释体系性质的任务，而且原文是否定其适用性；不能当成材料性能。
iTE:P1673:n1,P1673,iTE,hard spheres,,the static structure factors cannot be reproduced with hard spheres.,original_quote_rechecked,role_review_v3.json,unresolved_role_pending_review,,,,ontology_gap_review,hard spheres在能否重现结构因子的语境中为模型近似，不能按字面解释成实际颗粒材料。
iTE:P1675:n3,P1675,iTE,thermoelectric power and the charge separation effects,,partitioning of the intrinsic LiNbO3 melt species is significantly influenced by the interface electric field caused by the thermoelectric power and the charge separation effects,original_quote_rechecked,role_review_v3.json,unresolved_role_pending_review,,,,compound_mixed_roles_review,热电势响应和电荷分离效应并列产生界面电场，分别涉及性能及过程，保留复合性。
iTE:P1679:n2,P1679,iTE,electrical conductivity and Seebeck coefficient,,"the dominant electronic charge carriers are holes, although at high temperatures (greater than or equal to 1200 K) and low oxygen partial pressure (less than or equal to 10(-5) atm) there is also a significant contribution of electrons to the electrical conductivity and Seebeck coefficient.",original_quote_rechecked,role_review_v3.json,unresolved_role_pending_review,,,,compound_mixed_roles_review,电导率与Seebeck系数为不同角色的并列量，载流子贡献上下文不改变节点组合。
iTE:P1680:n3,P1680,iTE,unusual Cu doping effect,,"We suggest that the unusual Cu doping effect in Ag2Se0.5Te0.5 can be attributed to the creation of Cu ion conduction in addition to Ag ion conduction, and the optimization of the compound's n-type carrier density.",full_abstract_and_quote,role_review_v3.json,unresolved_role_pending_review,,,,definition_unresolved,完整摘要将Cu掺杂效应联系离子传导、电子浓度及多种性能，泛称effect仍缺少单一明确所指。
iTE:P1689:n1,P1689,iTE,weak bonding and heavy atomic mass of the Nd atom,,"The weak bonding and heavy atomic mass of the Nd atom soften the phonon modes, which reduce the phonon group velocity and Debye temperature.",original_quote_rechecked,role_review_v3.json,unresolved_role_pending_review,,,,compound_mixed_roles_review,弱成键与Nd原子质量分别为作用和量，两者共同软化声子不等于同一角色。
iTE:P1703:n1,P1703,iTE,"corner-sharing, edge-sharing, and P-P bonds",,"In the crystal structure of Ba4Si3P8, Si-P tetrahedral chains formed by corner-sharing, edge-sharing, and P-P bonds are surrounded by Ba cations. This results in a quasi-one-dimensional structure.",original_quote_rechecked,role_review_v3.json,unresolved_role_pending_review,,,,compound_mixed_roles_review,共角、共边为连接几何，P-P bonds强调键连接，当前并列表达仍有结构与作用边界，保留待拆分。
iTE:P1712:n3,P1712,iTE,phonon scattering processes and scattering rate,,"Our analyses reveal that the TE effect lead to the reduction of phonon frequency and group velocity, the enhancement of phonon scattering processes and scattering rate, and consequently the reduction of K-L.",original_quote_rechecked,role_review_v3.json,unresolved_role_pending_review,,,,compound_mixed_roles_review,原文显式并列散射过程和散射速率，不能因为名称相近将过程与量合成一类。
iTE:P1718:n2,P1718,iTE,stability and conductivity,,Incorporating small quantities of doped polyaniline (PANI) with redox activity into the pores could further tune the stability and conductivity of the three MOFs.,original_quote_rechecked,role_review_v3.json,unresolved_role_pending_review,,,,compound_mixed_roles_review,稳定性和电导率分别为功能表现及物理量，添加PANI的共同作用不能消除角色差别。
iTE:P1744:n1,P1744,iTE,sensor,,The sensor can work reliably in seawater or under a pressure of 110 MPa without any encapsulation.,original_quote_rechecked,role_review_v3.json,unresolved_role_pending_review,,,,ontology_gap_review,sensor为在海水及高压条件下运行的完整传感装置，不能改判为使用场景。
iTE:P1765:n1,P1765,iTE,thermoelectric chip,,"Stabilities and structure(s) of proteins are directly coupled to their local environment or Gibbs free energy landscape as defined by solvent, temperature, pressure, and concentration. Solution pH, ionic strength, cofactors, chemical chaperones, and osmolytes perturb the chemical potential and induce further changes in structure, stability, and function. At present, no single analytical technique can monitor these effects in a single measurement. Mass spectrometry and ion mobility-mass spectrometry play increasingly essential roles in studies of proteins, protein complexes, and even membrane protein complexes; however, with few exceptions, the effects of the solution temperature on the stability and structure(s) of analytes have not been thoroughly investigated. Here, we describe a new variable-temperature electrospray ionization (vT-ESI) source that utilizes a thermoelectric chip to cool and heat the solution contained within the static ESI emitter. This design allows for solution temperatures to be varied from similar to 5 to 98 degrees C with short equilibration times (<2 min) between precisely controlled temperature changes. The performance of the apparatus for vT-ESI-mass spectrometry and vT-ESI-ion mobility-mass spectrometry studies of cold- and heat-folding reactions is demonstrated using ubiquitin and frataxin. Instrument performance for studies on temperature-dependent ligand binding is shown using the chaperonin GroEL.",original_quote_rechecked,role_review_v3.json,unresolved_role_pending_review,,,,ontology_gap_review,thermoelectric chip是用于控制喷雾源温度的器件组件，既非材料组分也非温度条件本身。
iTE:P1776:n2,P1776,iTE,Activation energy and thermoelectric coefficient values,,"Structural, electrical and Mossbauer studies were carried out for the system Li0.5FexGa2.5-xO4. All the compounds with 0 less-than-or-equal-to x less-than-or-equal-to 2.5 crystallised with cubic spinel structure. Lattice constant values calculated from XRD analysis were found to increase with increasing x. X-ray intensity calculations indicated that Li1+ occupies only the octahedral site and Ga3+ and Fe3+ ions occupy both octahedral and tetrahedral sites. Activation energy and thermoelectric coefficient values decreased with increasing values of x. All the compounds studied were p-type semiconductors and possess low mobility values of 10(-7) - 10(-9) cm2 V-1 s-1. Mossbauer data show the presence of iron in the Fe3+ state and the isomer shift values for all the compositions of the system are within the range of high spin ferric compounds. The probable ionic configuration for the system is suggested as: Ga1-alpha3+Fealpha3+[Li0.5(1+)Fex-alpha3+Ga2.5-x+alpha3+]O42-",original_quote_rechecked,role_review_v3.json,unresolved_role_pending_review,,,,compound_mixed_roles_review,活化能与热电系数的数值共同下降，仍分别属于量和性能，不可用共同趋势统一角色。
iTE:P1777:n1,P1777,iTE,a cell containing a PCM derived from synthesized ILs,,"In the field of energy harvesting, phase change materials (PCMs) hold great promise. 2-hydroxyethylammonium stearate ([HEA]Ste), bis(2-hydroxyethyl)ammonium stearate ([DHEA]Ste), and tris(2-hydroxyethyl)ammonium stearate ([THEA]Ste) ionic liquids (ILs) demonstrate promising capabilities to enhance thermal energy storage (TES) performance within the 30-100 degrees C temperature range. This research presents these ILs as PCMs for the first time, emphasizing their environmentally friendly characteristics, safety profile, and cost-effectiveness. The chemical composition and microstructure of these PCMs were investigated using scanning electron microscopy (SEM), and fourier transform infrared spectroscopy (FT-IR), while differential scanning calorimetry (DSC) was employed to assess their latent heat of fusion and specific heat capacity. Furthermore, thermal gravimetric analysis (TGA) was utilized to evaluate the thermal stability of these ILs. In addition, valuable insights into the surface properties and behavior of PCMs at the nanoscale are provided using atomic force microscopy (AFM). Results show that the latent heats of fusion for [HEA]Ste, [DHEA]Ste, and [THEA]Ste are about 171.12, 152.58, and 136.55 kJ kg-1, respectively. Also, thermal stability analysis shows the maximum stability (99.5%) for [HEA]Ste. Ultimately, a custom-built setup featuring a cell containing a PCM derived from synthesized ILs and a commercially available thermoelectric generator (TEG) was employed to measure live voltage (V) in the conversion of heat energy into electrical power. On the other hand, specifically in this measurement we recorded the output voltage (open circuit case) of the TEG device versus time and demonstrated that after turning off the thermal energy source, the proposed system provides the electrical energy for a while (more than 2 hours). In the field of energy harvesting, phase change materials (PCMs) hold great promise.",original_quote_rechecked,role_review_v3.json,unresolved_role_pending_review,,,,ontology_gap_review,cell指盛放PCM并与TEG配合的测试装置，不能删除容器语义直接归材料。
iTE:P1825:n1,P1825,iTE,optimized multi-nozzle electrospray cooling system,,"High-power light-emitting diodes (LEDs) face critical thermal challenges owing to their high heat flux and compact size. Conventional cooling technologies, such as heat sinks, thermoelectric coolers, and forced air convection, often face limitations in terms of size, noise, and power consumption. This study experimentally investigated an optimized multi-nozzle electrospray cooling system designed for the efficient thermal management of high-power LEDs. A deionized water-ethanol mixture was atomized using three 26G nozzles, and the effects of voltage (4-10 kV), flow rate (10-20 ml/h), and power input (15-25 W) on the thermal performance were analyzed. The maximum voltage enhancement ratio was 1.62 at 10 kV and 20 ml/h for the optimized multinozzle, outperforming single-nozzle configurations in all conditions despite having a lower electric field strength. The results showed that the surface temperatures decreased by more than 50 % as a result of cooling compared to natural convection and significantly higher temperature decreases compared to the values reported in the literature. Furthermore, the system achieved this performance without the need for fans or moving components, highlighting its potential as a silent and energy-efficient cooling solution for high-power LED modules in the future.",original_quote_rechecked,role_review_v3.json,unresolved_role_pending_review,,,,ontology_gap_review,多喷嘴电喷雾冷却系统是整体设备，不能归为喷嘴排列结构或冷却过程。
iTE:P1842:n1,P1842,iTE,3D multijunction multiband photovoltaic,,"Multijunction multiband solar cells consisting of series-stacked p-n junction layers offer a significant improvement in efficiency over single-junction by generating power over a larger spectrum of sunlight. However, this paper presents a novel 3D multijunction multiband photovoltaic solar cell design that utilizes doped semiconductor bundled-multiwalled carbon nanotube (BMWCNT) and other nanomaterial. The 3D multijunction multiband photovoltaic based doped bundled-multiwalled carbon nanotube cultivates photons in three dimensions (vertical and lateral directions). It allows the creation of electron-hole pair not only from the top layer to bottom layer (z-axis direction) as the traditional 1D multijunction multiband but also in the x-axis (abscissa) and y-axis (ordinate) directions. The 3D multijunction multiband photovoltaic solar cell based doped semiconductor bundled-multiwalled carbon nanotube can optimize the efficiency beyond the limits of the current existing technology. This optimized efficiency is achieved by harvesting visible light and all spectrums of the light including the utilization of thermoelectric and the thermo-ionic features exist in nanotubes. [DOI: 10.1115/1.4007299]",original_quote_rechecked,role_review_v3.json,unresolved_role_pending_review,,,,ontology_gap_review,3D multijunction photovoltaic在引用中明确指太阳电池设计或装置整体，当前无器件类别。
iTE:P1845:n1,P1845,iTE,VTIG,,"A novel integrated system consisting of an external heat source, a direct carbon solid oxide fuel cell (DC-SOFC), a vacuum thermionic generator (VTIG) and a regenerator is proposed to handle the heat management of the DC-SOFC. The electrochemical/chemical reactions, ionic/electronic charge transport, mass/momentum transport and heat transfer are fully considered in the 2D tubular DC-SOFC model, which shows that the overall heat released in the cell is always different from the heat required by the internal Boudouard reaction. Three different operation strategies of the proposed system are presented, and accordingly, analytical expressions for the overall power output and efficiency for the proposed system are specified. The results show that the VTIG could effectively recover the waste heat for additional power production at a large operating current density, and the maximum power density and efficiency of the proposed system could reach more than 8100 W m(-2) and 60% at 30,000 A m(-2) and 1173 K, respectively. The effects of the operating current density, the operating temperature and the distance between the carbon layer and anode of the DC-SOFC, and the size, anode temperature and work function of the VTIG on the performance of the proposed system are discussed through comprehensive parametric studies.",original_quote_rechecked,role_review_v3.json,unresolved_role_pending_review,,,,ontology_gap_review,VTIG在原文展开为vacuum thermionic generator，是集成系统的器件，不是热电子发射过程。
iTE:P1874:n1,P1874,iTE,Mott's model of phonon-assisted polaronic hopping,,"In the present article, samples of xAg(2)O-40TeO(2)-(60 - x)V2O5 ternary tellurite glasses with 0 <= x <= 50 (in mol%) have been prepared using the melt-quenching technique. XRD analysis, density measurement by Archimedes' law, determination of reduced vanadium ions by titration method, and electrical conductivity measurement by using four-probe methods have been done for these glasses. The mixed electronic-ionic conduction of these glasses has been investigated over a wide temperature range of 150-380 K. The experimental results have been analyzed with different theoretical models of hopping conduction. The analysis shows that at high temperatures the conductivity data are consistent with Mott's model of phonon-assisted polaronic hopping, while Mott's variable-range hopping model and Greaves' hopping model are valid at low temperatures. The temperature dependence of the conductivity has been also interpreted in the framework of the percolation model proposed by Triberis and Friedman. The analysis of the conductivity data also indicates that the hopping in these tellurite glasses occurs in the non-adiabatic regime. In each sample, based upon the justified transport mechanism, carrier density and mobility have been determined at different temperatures. The values of oxygen molar volume indicate the effect of Ag2O concentration on the thermal stability or fragility of understudied samples.",original_quote_rechecked,role_review_v3.json,unresolved_role_pending_review,,,,ontology_gap_review,Mott model用于拟合电导数据，模型的有效性与真实跃迁机制不可混作同一节点。
iTE:P1891:n1,P1891,iTE,Chemical dissimilarity among the II and I/IV atoms,quantity,"Recent work on quaternary semiconductors Cu2BaSn(S,Se)(4) and Ag2BaSnSe4 for photovoltaic and thermoelectric applications, respectively, has shown the promise of exploring the broader family of defect-resistant I-2-II-IV-X-4 materials (where I, II, and IV refer to the formal oxidation state of the metal cations and X is a chalcogen anion) with tetrahedrally coordinated I/IV cations and larger II cations (i.e., Sr, Ba, Pb, and Eu) for optoelectronic and energy-related applications. Chemical dissimilarity among the II and I/IV atoms represents an important design motivation because it presents a barrier to antisite formation, which otherwise may act as electronically harmful defects. We herein show how all 31 experimentally reported I-2-II-IV-X-4 examples (with large II cations and tetrahedrally coordinated smaller I/IV cations), which form within five crystal structure types, are structurally linked. Based on these structural similarities, we derive a set of tolerance factors that serve as descriptors for phase stability within this family. Despite common usage in the well-studied perovskite system, Shannon ionic radii are found to be insufficient for predicting metal-chalcogen bond lengths, pointing to the need for experimentally derived correction factors as part of an empirically driven learning approach to structure prediction. We use the tolerance factors as a predictive tool and demonstrate that four new I-2-II-IV-X-4 compounds, Ag2BaSiS4, Ag2PbSiS4, Cu2PbGeS4, and Cu2SrSiS4, can be synthesized in correctly predicted phases. One of these compounds, Ag2PbSiS4, shows potentially promising optoelectronic properties for photovoltaic applications.",original_quote_rechecked,role_review_v3.json,model_proposed_pending_human,,,,definition_unresolved,chemical dissimilarity被用于选材动机，但没有定义独立差异指标；后文tolerance factors是另一个明确描述符，不能移植给此节点。
iTE:P1894:n1,P1894,iTE,Heikes model,,"The primary purpose of the present work is the determination of the thermopower component related to electronic charge carriers for undoped calcium titanate. The second purpose of this work is establishment of the relationship between this thermopower component and the electronic component of electrical conductivity. An essential part of the present study includes the determination of the thermopower components corresponding to different charge carriers (electrons, electron holes and ions). The determination procedures are based on the following three models: Symmetrical model. This model assumes consistency between thermopower and electrical conuctivity in terms of the n-p transition (this model assumes that minimum of electrical conductivity corresponds to the electronic component of the thermopower equal zero). It was shown that this model does not apply for CaTiO3. The Heikes model. This model is based on Heikes formula and also hopping mechanism of the transport of electrons. It was shown that thermopower of CaTiO3 cannot be described by this model and, consequently, thermopower vs. electrical conductivity cannot be considered within the Jonker formalism. General model. This model is based on a general thermopower equation for mixed conductors without any simplifying assumptions. Application of this model indicates that the electronic component of thermopower is not consistent with the minimum of electrical conductivity.",original_quote_rechecked,role_review_v3.json,unresolved_role_pending_review,,,,ontology_gap_review,Heikes model是被检验并指出不适用于该材料的理论模型，不能去掉模型或否定限定当成材料机制。
iTE:P1900:n2,P1900,iTE,over three-fold improvements in impedance and charge injection capacity in vitro,,"Conductive polymers such as PEDOT:PSS are widely used in bioelectronic interfaces due to their mixed ionic-electronic conductivity and biocompatibility. However, their mechanical fragility and limited processability constrain their performance in implantable devices. Deep eutectic solvents (DES), when combined with PEDOT:PSS, form eutectogels that enable thick, soft coatings. Here, we present a PEDOT:PSS-based eutectogel incorporating choline chloride, lactic acid and GOPS, integrated into flexible thin-film electrode arrays for sciatic nerve interfacing. These implants feature an array of electrodes and a pre-formed spiral geometry to conformally wrap small-diameter nerves. Devices were fabricated using standard photolithography and reactive ion etching techniques, allowing side-by-side comparison of PEDOT:PSS/DES with conventional PEDOT:PSS electrodes. PEDOT:PSS/DES enabled single-layer films up to 800 nm thick, significantly greater than PEDOT:PSS, and yielding over three-fold improvements in impedance and charge injection capacity in vitro. Acute in vivo electrophysiology in rats confirmed enhanced neural recording and stimulation capabilities, with lower impedance, higher capacitance, and reduced motor activation thresholds. While PEDOT:PSS/DES more reliably elicited motor responses at lower stimulation currents, electromyogram signal amplitudes from the tibialis anterioris at matched stimulation levels were comparable between materials. These results suggest that while superior electrochemical properties improve neural interface performance, local electrode-tissue interactions remain critical. Overall, this work establishes DES-modified PEDOT:PSS as a promising electrode material for soft neural interfaces and highlights its potential for advancing implantable bioelectronics.",original_quote_rechecked,role_review_v3.json,unresolved_role_pending_review,,,,compound_mixed_roles_review,阻抗改善与电荷注入能力改善并列，涉及量和功能表现，三倍提升也不能把二者变为单个指标。
iTE:P1917:n2,P1917,iTE,friction and the amount of heat generated,quantity,"This work is part of a program on composites used in thermoelectric devices. Tribological properties of dynamic vulcanizate blends of polypropylene and ethylene-propylene-diene rubber filled with 5 wt% of microscale powder have been studied. The microscale thermal-shock-resistant ceramic filler contains alpha-Al2O3, mullite (3Al2O3 center dot 2SiO2 or 2Al2O3SiO2), beta-spodumene glass-ceramic and aluminium titanate. We found that our ceramic particles are abrasive; they cause strong abrasion of softer steel ball surfaces during dry sliding friction. To overcome the difficulty of particle dispersion and adhesion, the filler was modified through grafting using three types of organic molecules. Dry sliding friction was measured using four types of counter-surfaces: tungsten carbide, Si3N2, 302 steel and 440 steel. Thermoplastic vulcanizate filled with neat ceramic powder shows the lowest friction compared to composites containing the same but surface-treated powder. We introduce a bump model to explain the tribological responses of our composites. Naked or untreated ceramic particles protrude from the polymer surface and cause a decrease of the contact area compared to neat polymer. The ball partner surface has only a small contact area with the bumps. As contact surface area decreases, so does friction and the amount of heat generated during sliding friction testing. Chemical coupling of the ceramic to the matrix smoothens the bumps and increases the contact surface, giving a parallel increase in friction. Copyright (c) 2012 Society of Chemical Industry",original_quote_rechecked,role_review_v3.json,model_proposed_pending_human,,,,role_boundary_review,完整引用把摩擦与生热量进行大小比较，但未定义friction是阻力还是系数；量类建议保留，具体含义仍不补写。
iTE:P1920:n1,P1920,iTE,small polaron hopping model,,"Mineralogical analysis, electrical conductivity and thermopower are reported for monocrystalline heterosite (Fe3+, Mn3+)PO4 with the orthorhombic olivine-type structure. The Fe-57 Mossbauer spectrum could be adequately described using two Fe3+ doublets. By impedance spectroscopy (20 Hz-1 MHz) the electrical DC conductivity sigma(DC) and AC conductivity sigma(AC) were determined parallel (ayen) and perpendicular to the [001] direction (space group Pnma) in the range similar to 160-440 K. The graph log sigma(DC)-1/T shows a slightly bent curve in both directions with activation energies of E (A) similar to 0.30 and similar to 0.15 eV in the high and low temperature ranges, respectively. The reduced E (A) is associated with electronic conduction; sigma(DC) ayen [001] follows Mott's T (1/4) variable range hopping law at lower temperatures with hopping between localized levels. The values of sigma(AC) are increased relative to sigma(DC) at high frequencies and low temperatures, obeying Jonscher's universal dynamic response law; for sigma(AC) ayen [001], the variation with temperature of the frequency exponent is in fair agreement with the model of small polaron hopping. The absolute thermopower I similar to is negative and low between similar to 295 and similar to 440 K, I similar to does hardly vary with temperatures in both directions; the temperature independency of I similar to ayen [001] is consistent with the small polaron hopping model.",original_quote_rechecked,role_review_v3.json,unresolved_role_pending_review,,,,ontology_gap_review,small polaron hopping model为解释热电势温度依赖的模型，不能以一致性证据把模型节点当过程。
iTE:P1921:n1,P1921,iTE,phase transition and the variation of interplanar spacing,,"In the face of multiple challenges brought by the changes of global climate and environment, developing clean energy and updating green energy storage equipment are important ways to achieve carbon peak and carbon neutrality. Aqueous batteries have become a research hotspot due to their advantages of using the multivalent charge carrier, high ionic conductivity, environmental friendliness and cost effectiveness. In this work, the Cu 2 Se@C (Cu 2 Se coated on carbon clothes) thin film with a three-dimensional braided structure is fabricated by a simple electrochemical deposition method for Cu 2 + storage for the first time. Compared with the commercial Cu 2 Se powder, the well -designed Cu 2 Se@C film shows enhanced specific capacity (640 mAh/g at 0.5 A/g) and rate performance (542 mAh/g at 5 A/g) as well as superior cycling stability (82.7% capacity retention after 10 0 0 cycles at 1 A/g). The Cu 2 + storage mechanism of the Cu 2 Se@C electrode is based on a reversible phase transition process of Cu 2 Se <-> Cu 2- x Se <-> CuSe <-> CuSe 2 . In kinetic characteristic analysis, the Cu 2 Se@C electrode demonstrates faster Cu 2 + diffusion in discharge process than charge process resulting from the phase transition and the variation of interplanar spacing. This work highlights a facile one-piece design strategy and opens a new gateway for the exploration of advanced aqueous energy storage systems. (c) 2024 Published by Elsevier B.V. on behalf of Chinese Chemical Society and Institute of Materia Medica, Chinese Academy of Medical Sciences.",original_quote_rechecked,role_review_v3.json,unresolved_role_pending_review,,,,compound_mixed_roles_review,相变与晶面间距变化分别为过程和结构量变化，原文因果归因不构成统一角色。
iTE:P1932:n2,P1932,iTE,large values of the Seebeck coefficient and low electrical resistivity,,"The search for multifunctional materials as multiferroics to be applied in microelectronic or for new, chemically stable and nontoxic, thermoelectric materials to recover waste heat is showing a common interest in the oxides whose structures contain a triangular network of transition-metal cations. To illustrate this point, two ternary systems, Ba-Co-O and Ca-Co-O, have been chosen. It is shown that new phases with a complex triangular structure can be discovered, for instance, by introduction of Ga3+ into the Ba-Co-O system to stabilize Ba6Ga2Co11O26 and Ba2GaCo8O14, which both belong to a large family of compounds with formula [Ba(Co,Ga)O3-delta](n)[BaCo8O11]. In the latter, both sublattices contain triangular networks derived from the hexagonal perovskite and the spinel structure. Among the hexagonal perovskite, the Ca3Co2O6 Crystals give clear evidence where the coupling of charges and spins is at the origin of a magnetocapacitance effect. In particular, the ferrimagnetic to ferromagnetic transition, with a one-third plateau on the M(M curve characteristic of triangular magnetism, is accompanied by a peak in the dielectric constant. A second class of cobaltites is the focus of much interest. Their 2D structure, containing CoO2 planes isostructural to a Cdl(2) slice that are stacked in an incommensurate way with rock salt type layers, is referred to misfit cobaltite. The 2D triangular network of edge-shared CoO6 octahedra is believed to be responsible for large values of the Seebeck coefficient and low electrical resistivity. A clear relationship between the structures-incommensurability ratios-and the electronic properties is evidenced, showing that the charge carrier concentration can be tuned via the control of the ionic radius of the cations in the separating layers.",original_quote_rechecked,role_review_v3.json,unresolved_role_pending_review,,,,compound_mixed_roles_review,大Seebeck和低电阻率包含两个指标及相反的数值方向，保留完整节点和混合角色。
iTE:P1945:n2,P1945,iTE,guest-atom structure and dynamics,,"Three Ba8Al16Ge30 clathrate type I samples have been prepared using three different synthesis methods; flux growth, Czochralski growth, and stoichiometric mixing. The samples were characterized by X-ray powder diffraction, multi-temperature single-crystal X-ray diffraction, high-resolution low-temperature (20 K) single-crystal neutron diffraction, and measurement of transport properties. The samples show a remarkable variation in the aluminum/germanium occupancies on the host-structure sites and minor variation in the total aluminum content. The observed occupancy variation forms the basis for the formulation of a set of simple rules for the maximum site occupancy factors of trivalent elements in the host structure. The rules provide an explanation for why the overwhelming majority of clathrate samples containing trivalent elements are n-type rather than p-type. The nuclear density of the barium guest atom in the large cage is calculated from the neutron diffraction data, and it is found to be strongly dependent on the host structure and the exact aluminum siting. Thus, the sample with low aluminum content has a prolate-shaped barium nuclear density, whereas a higher aluminum content leads to the well-known torus shape observed in other clathrates. This demonstrates that the host-guest interactions are not merely ionic and that they significantly influence the guest-atom structure and dynamics. Comparison of derived Einstein temperatures and bond distances for the three samples reveals that the compound with the highest aluminum content (flux growth) has the strongest host-guest interaction, even though it also has the largest unit cell. Again, the specific properties of the guest atoms are not only determined by the clathrate cage size but also by the subtle chemical interactions between the host structure and the guest. The thermal conductivity is about 3 times smaller for the stoichiometric sample than for the Czochralskipulled sample. Thus, control of the host-structure chemistry is not only a key to manipulating the electrical properties of clathrates but also the thermal conductivity.",original_quote_rechecked,role_review_v3.json,unresolved_role_pending_review,,,,compound_mixed_roles_review,guest-atom structure与dynamics并列，分别涉及结构和动力学，不能以主客体作用共同影响为由合并角色。
iTE:P1955:n2,P1955,iTE,enhanced conduction and the appearance of a semiconductor behavior,,"The influence of the Praseodymium content and the applied bias voltage on the structural properties, scattering processes, electrical conduction, and the temperature coefficient of resistance characteristics of Sm0.55xPrxSr0.45MnO3 (0.0 <= x <= 0.4) ceramics has been discussed. At room temperature, the refined X-ray diffraction data confirmed that the prepared compounds crystallize in the distorted orthorhombic system with a Pbnm space group. In addition, the structural study proves the single-phase nature of all the substituted Sm0.55xPrxSr0.45MnO3 (0.1 <= x <= 0.4) compounds without any detectable impurities. By increasing the Praseodymium content, it is observed that the A-site cationic size disorder has decreased from sigma 2 (x = 0.0) = 8.019 x 10-3 & Aring;2 to sigma 2 (x = 0.4) = 5.3602 x 10-3 & Aring;2. The electrical resistivity study confirmed the strong impact of cationic disorder variation on the dynamics of charge carriers and Mn-Mn cation interactions. It is worth mentioning that all of the prepared compounds demonstrate maximum resistivity at a well-defined transition temperature TM-S. The transition temperature has shifted towards 240 K for x = 0.4, indicating a clear trend in the data. Below TM-S, the metallic behavior of the materials is related to the electron bandwidth competition and size disorder effects. The aforementioned effects are being examined concerning the scattering processes between electron, phonon, and magnon interactions. Beyond TM-S, the electrical resistivity decrease has been attributed to the electron bandwidth increase. The enhanced conduction and the appearance of a semiconductor behavior have been attributed to the activation of the small polaron hopping and variable range hopping mechanisms. The results show that the studied ceramics exhibit both positive and negative temperature coefficient of resistance (TCR) characteristics that depend mainly on the cationic disorder and the bias voltage effects. The maximum TCR value has been observed for Sm0.45Pr0.1Sr0.45MnO3 after applying a bias voltage value of 1V.",original_quote_rechecked,role_review_v3.json,unresolved_role_pending_review,,,,compound_mixed_roles_review,导电增强和半导体行为出现共同由跳跃机制解释，但本身包含输运过程与状态或特征，维持混合角色。
TG:P0308:n2,P0308,TG,maximum power density of 660 mW m(-1),performance_function,"The need to harvest low-grade waste heat at 100-200 degrees C has attracted much attention. In this paper, the performance of thermo-electrochemical cells (TECs) with an iron triflate (Fe(CF3SO3)(2)/Fe(CF3SO3)(3)) redox couple is investigated in various organic solvents at temperatures exceeding 100 degrees C. The TECs in dimethylformamide (DMF) showed the maximum Seebeck coefficient of 1.51 mV K-1, and the maximum power density of 660 mW m(-1) was achieved using 0.5 M iron triflate in DMF at Delta T = 120 K (145 degrees C on the hot-side).",full_abstract_and_quote,role_review_v3.json,model_proposed_pending_human,,,,source_unit_requires_review,完整摘要仍将功率密度写为mW m(-1)，角色明确但单位来源问题未解决，保留原单位和待核标记。
TG:P0317:n1,P0317,TG,thermocell with hydrogen gas electrodes and a proton exchange membrane,,"Direct conversion of thermal energy to electric energy with thermoelectric generators is an attractive technique to recover low-temperature heat. Thermoelectric generators based on galvanic cells (thermocells) provide promising results with respect to the Seebeck coefficient. In this study, based on the theory of non-equilibrium thermodynamics, we simulated a thermocell with hydrogen gas electrodes and a proton exchange membrane. We calculated a maximum power density of 1461 mW/m(2) and a thermal efficiency of 2% relative to the Carnot efficiency for a cell operating with the same gas composition at both the anode and the cathode, but fully saturated at the anode. We predict a Seebeck coefficient in the range of 0.7-1.8 mV/K, higher than those of classical thermoelectric generators. The thermocell presented here provides promising values regarding the Seebeck coefficient. (C) 2018 Hydrogen Energy Publications LLC. Published by Elsevier Ltd. All rights reserved.",original_quote_rechecked,role_review_v3.json,unresolved_role_pending_review,,,,ontology_gap_review,氢气电极和质子膜只是thermocell的组成，节点仍指完整模拟器件，不能归为材料或组件结构。
TG:P0237:n2,P0237,TG,thermoelectric measurement technique,,A thermodynamic argument introduces spin mixing as the main process measured by this novel thermoelectric measurement technique.,original_quote_rechecked,role_review_v3.json,unresolved_role_pending_review,,,,ontology_gap_review,thermoelectric measurement technique明确为测量技术，不能按所测自旋混合过程替代角色。
TG:P0241:n1,P0241,TG,solid-electrolyte cell,,"A novel type of thermogalvanic temperature sensor using a solid-electrolyte cell is reported. As compared to normal thermocouples (sensitivity 0.1 mV/K), this sensor has higher sensitivity (0.2 mV/K), is hysteresis free and linear in the low-temperature range.",original_quote_rechecked,role_review_v3.json,unresolved_role_pending_review,,,,ontology_gap_review,solid-electrolyte cell是温度传感装置，固体电解质为其中材料，不是整个节点中心。
TG:P0260:n2,P0260,TG,Hofmeister effect,mechanism_process,"This approach introduces hydrophobic I-3(-) (endogenously generated from I-2 and I-) directly into the polymer solution to trigger the Hofmeister effect in situ, eliminating conventional steps such as cooling-induced shaping and prolonged immersion.",full_abstract_and_quote,role_review_v3.json,model_proposed_pending_human,,,,definition_unresolved,完整摘要说明原位触发Hofmeister效应以制凝胶，但未定义具体结构变化路径，保留机制称谓及定义不足。
TG:P0262:n1,P0262,TG,structural disorder and interfacial entropy,,"In contrast, amorphous NaxTiO2 shows alpha = -4.8 mV K-1 at 0% degree of sodiation and saturates near -2.0 mV K-1 with sodiation, indicating that structural disorder and interfacial entropy strongly enhance, |alpha|.",original_quote_rechecked,role_review_v3.json,unresolved_role_pending_review,,,,compound_mixed_roles_review,结构无序与界面熵分别为状态和物理量，二者同时增强系数不能合为单一角色。
TG:P0280:n1,P0280,TG,planar TEC with Sb:SnO2,,"It was found that the planar TEC with Sb:SnO2 reached a temperature coefficient of 1.76 mV/K, higher than the value obtained in the standard configuration with Sb:SnO2 (1.21 mV/K), and also higher than the planar architecture with Pt electrodes, which showed the typical value for the ferro/ferricyanide electrolyte (1.45 mV/K).",original_quote_rechecked,role_review_v3.json,unresolved_role_pending_review,,,,ontology_gap_review,带Sb:SnO2的平面TEC是完整电池，电极材料与平面构型只是修饰，不改变器件中心。
TG:P0281:n1,P0281,TG,Pt-free thermocells,,"Pt-free thermocells devised here provide an output power of 12 W m(-2) for an interelectrode temperature difference (Delta T) of 81 degrees C, which is sixfold higher power than previously reported for planar thermocells operating at ambient pressure.",original_quote_rechecked,role_review_v3.json,unresolved_role_pending_review,,,,ontology_gap_review,Pt-free thermocells指无铂热电池整体，输出功率是其性能，不能把装置本身当性能。
