program_id,program_rule_code,program_title_cn,source_insight_id,source_paper_id,source_year,source_title,source_doi,source_evidence_tier,source_evidence_level,source_hypothesis_lane,source_scope_route,source_lever_codes,source_levers_cn,source_claim,source_intervention_evidence,source_mechanism_evidence,source_outcome_evidence,target_paper_id,target_title,target_material,target_mechanism,edge_type,mapping_basis,rule_match_locations,match_location,rule_match_support_class,scope_caveat,direction_conflict,manual_review_reason,manual_review_recommended,evidence_edge_status,claim_direct_rule_match,rule_match_verified
PRG_0d4cbb7dc34c,anion_entanglement_fe_supporting_ion,用阴离子缠结调节 Fe2+/Fe3+ TG 的支持离子热扩散项,INSIGHT_59451FC5E1,P1143,2023,Anionic entanglement-induced giant thermopower in ionic thermoelectric material Gelatin-CF3SO3K-CH3SO3K,10.1016/j.esci.2023.100169,A_direct_evidence_ready,E3_mechanism_and_outcome_exact,H1_evidence_ready,core_iTE,anion_entanglement; thermodiffusion_or_soret,阴离子缠结; 热扩散/Soret,"entanglement between CF3SO3- and CH3SO3- slows anion thermodiffusion, suppresses bipolar effects, and boosts p-type thermopower","Here, we introduced a new strategy that employs an ion entanglement effect.","The anionic entanglement effect involves complex interactions between these two anions, slowing anionic thermodiffusion and thus suppressing bipolar effects and boosting p-type thermopower.",A giant thermopower of 28 mV K-1 was obtained in a quasi-solid-state i-TE Gelatin-CF3SO3K-CH3SO3K gel via entanglement between CF3SO3- and CH3SO3- anions.,P0002,Solvation entropy engineering of thermogalvanic electrolytes for efficient electrochemical refrigeration,"iron-based thermogalvanic electrolyte with Fe2+/Fe3+, ClO4-, nitrile solvents, binary solvent system",weak Fe-ClO4 interactions and selective Fe2+-nitrile solvation enlarge redox entropy change and reduce heat capacity for electrochemical cooling,iTE_lever_complements_TG_system,curated_rule:anion_entanglement_fe_supporting_ion; no semantic-similarity inference,claim; outcome,claim; outcome,claim_direct_support,,False,,False,accepted_claim_direct,True,True
PRG_88a7efad7dbd,manning_condensation_ferricyanide,测试多阳离子链的 Manning 凝聚能否区分 3−/4− 红氧阴离子,INSIGHT_39CF2C90B3,P0344,2025,High-performance ionic thermoelectric hydrogels via electrohydrodynamic printing for self-powered wearable sensors,10.1016/j.colsurfa.2025.138182,A_direct_evidence_ready,E3_mechanism_and_outcome_exact,H1_evidence_ready,core_iTE,counterion_condensation,Manning 反离子凝聚,"electronegative CMC-Na induces Manning counterion condensation, improving selective ion migration and Seebeck coefficient","I-TEH was constructed with an interpenetrating network of PVA and CMC-Na, using NaTFSI as the mobile ions to promote thermal diffusion.","The synergistic effect between ordered ions and Manning counterion condensation effect induced by the electronegative CMC-Na chain improves the selective ion migration capability of i-TEHs, achieving a high Seebeck coefficient of 14.39 mV K-1 (reference temperature of 25-40 degrees C, temperature difference of 10-15 K), which is a 24.6 % increase compared to the traditional method.","The synergistic effect between ordered ions and Manning counterion condensation effect induced by the electronegative CMC-Na chain improves the selective ion migration capability of i-TEHs, achieving a high Seebeck coefficient of 14.39 mV K-1 (reference temperature of 25-40 degrees C, temperature difference of 10-15 K), which is a 24.6 % increase compared to the traditional method.",P0018,Solvent-assisted thermogalvanic cell for enhanced low-grade heat harvesting over an extended temperature range,sodium ferrocyanide/ferricyanide thermogalvanic electrolyte with ethanol solvent regulator,"ethanol modifies concentration gradient and solvation structure, raising temperature coefficient and extending low-temperature operating range",iTE_lever_complements_TG_system,curated_rule:manning_condensation_ferricyanide; no semantic-similarity inference,claim; mechanism; outcome,claim; mechanism; outcome,claim_direct_support,,False,,False,accepted_claim_direct,True,True
PRG_88a7efad7dbd,manning_condensation_ferricyanide,测试多阳离子链的 Manning 凝聚能否区分 3−/4− 红氧阴离子,INSIGHT_AF8759DE1B,P0555,2023,Stretchable polyvinyl alcohol and sodium alginate double network ionic hydrogels for low-grade heat harvesting with ultrahigh thermopower,10.1016/j.mtener.2023.101383,B_direct_needs_evidence_repair,E2_mechanism_and_outcome_exact_needs_repair,H2_repair_then_test,core_iTE,counterion_condensation,Manning 反离子凝聚,SA-induced Manning counterion condensation and crystalline PVA chains synergistically produce ultrahigh ionic Seebeck coefficient,"Recently, employing ionic thermoelectric (i-TE) materials is regarded as a promising strategy to harness low-grade waste heat due to their remarkable ionic Seebeck coefficient.",These outstanding performances originate from the synergistic effect of Manning's counterion condensation facilitated by SA and the crystal PVA chains.,"Moreover, PVA/SA/PEG/NaBF4-1.5 M hydrogel exhibits a high ionic conductivity of 31.4 mS/cm, a maximum ionic Seebeck coefficient of 66.7 mV/K, and an impressive power factor of 13.96 mW/m/K-2.",P0018,Solvent-assisted thermogalvanic cell for enhanced low-grade heat harvesting over an extended temperature range,sodium ferrocyanide/ferricyanide thermogalvanic electrolyte with ethanol solvent regulator,"ethanol modifies concentration gradient and solvation structure, raising temperature coefficient and extending low-temperature operating range",iTE_lever_complements_TG_system,curated_rule:manning_condensation_ferricyanide; no semantic-similarity inference,claim; mechanism,claim; mechanism,claim_direct_support,,False,,False,accepted_claim_direct,True,True
PRG_88a7efad7dbd,manning_condensation_ferricyanide,测试多阳离子链的 Manning 凝聚能否区分 3−/4− 红氧阴离子,INSIGHT_0A0CF05C12,P0401,2025,Thermoelectric Ionic Hydrogel Based on PEDOT:PSS/PAAm for Low-Grade Thermal-Energy Harvesting,10.1021/acsaelm.5c00195,A_direct_evidence_ready,E3_mechanism_and_outcome_exact,H1_evidence_ready,core_iTE,counterion_condensation,Manning 反离子凝聚,"PEDOT:PSS acts as n-type dopant and induces counterion condensation, immobilizing cations and increasing ion thermal-migration disparity","In order to enhance the thermopower in this study, we employed PEDOT:PSS as an n-type dopant in PAAm hydrogels to induce counterion condensation.","In order to enhance the thermopower in this study, we employed PEDOT:PSS as an n-type dopant in PAAm hydrogels to induce counterion condensation.",The experimental results showed that the PEDOT:PSS/PAAm-based ionic hydrogel exhibited a high thermopower of -4.45 mV/K when the concentration of APS was 1 wt %.,P0018,Solvent-assisted thermogalvanic cell for enhanced low-grade heat harvesting over an extended temperature range,sodium ferrocyanide/ferricyanide thermogalvanic electrolyte with ethanol solvent regulator,"ethanol modifies concentration gradient and solvation structure, raising temperature coefficient and extending low-temperature operating range",iTE_lever_complements_TG_system,curated_rule:manning_condensation_ferricyanide; no semantic-similarity inference,claim; intervention; mechanism,claim; intervention; mechanism,claim_direct_support,,False,,False,accepted_claim_direct,True,True
PRG_e948eab97497,fixed_charge_iodide_separator,把固定正电荷通道与分子识别结合，做 I−/I3− TG 选择性隔层,INSIGHT_00403528BC,P0528,2025,Ion-selective transport in surface-modified cellulose membranes for aqueous ionic thermoelectrics,10.1039/d5ta05281e,A_direct_evidence_ready,E3_mechanism_and_outcome_exact,H1_evidence_ready,core_iTE,fixed_charge_selectivity; thermodiffusion_or_soret,固定电荷/离子选择性; 热扩散/Soret,"surface charge engineering increases fixed charge density and ion selectivity, enhancing thermodiffusion-driven ion transport","These modifications significantly increased the fixed surface charge density, promoting ion selectivity and enabling efficient ion transport under a thermal gradient.","These modifications significantly increased the fixed surface charge density, promoting ion selectivity and enabling efficient ion transport under a thermal gradient.","Correspondingly, ionic conductivity increased by up to 950-fold, with an ionic thermoelectric power factor of 1.38 mu W m-1 K-2.",P0008,Thermogalvanic hydrogel-based e-skin for self-powered on-body dual-modal temperature and strain sensing,PVA hydrogel with I-/I3- redox couple and zwitterions,thermogalvanic redox conversion plus piezoresistive gel response enables self-powered temperature and strain sensing; zwitterions improve dehydration/cold resistance,iTE_lever_complements_TG_system,curated_rule:fixed_charge_iodide_separator; no semantic-similarity inference,claim; intervention; mechanism,claim; intervention; mechanism,claim_direct_support,,False,,False,accepted_claim_direct,True,True
PRG_e948eab97497,fixed_charge_iodide_separator,把固定正电荷通道与分子识别结合，做 I−/I3− TG 选择性隔层,INSIGHT_43541829DD,P0364,2025,P-N Series Integrated Ionic Thermoelectric Generator Based on Cation/Anion-Selective Hydrogels for Body Heat Harvesting,10.1002/smll.202502884,A_direct_evidence_ready,E3_mechanism_and_outcome_exact,H1_evidence_ready,core_iTE,fixed_charge_selectivity,固定电荷/离子选择性,"anion/cation-selective polymer networks attract counterions and regulate ion thermal mobility, enhancing or changing Seebeck coefficient for series-integrated p/n i-TEGs","This work opens a new horizon for obtaining high-performance i-TEGs through ion mobility regulation by ion-selective hydrogels, and highlights the prospect of P-N series integrated i-TEGs from hydrogels for body heat harvesting.","This work opens a new horizon for obtaining high-performance i-TEGs through ion mobility regulation by ion-selective hydrogels, and highlights the prospect of P-N series integrated i-TEGs from hydrogels for body heat harvesting.","By connecting 12 pairs of the P-type and N-type i-TEGs, a voltage of 1.54 V and an output power of 21 mu W can be achieved on the surface of the body skin.",P0008,Thermogalvanic hydrogel-based e-skin for self-powered on-body dual-modal temperature and strain sensing,PVA hydrogel with I-/I3- redox couple and zwitterions,thermogalvanic redox conversion plus piezoresistive gel response enables self-powered temperature and strain sensing; zwitterions improve dehydration/cold resistance,iTE_lever_complements_TG_system,curated_rule:fixed_charge_iodide_separator; no semantic-similarity inference,claim; intervention; mechanism,claim; intervention; mechanism,claim_direct_support,,False,,False,accepted_claim_direct,True,True
PRG_e948eab97497,fixed_charge_iodide_separator,把固定正电荷通道与分子识别结合，做 I−/I3− TG 选择性隔层,INSIGHT_760ADBBB23,P0696,2023,Giant Negative Thermopower Enabled by Bidirectionally Anchored Cations in Multifunctional Polymers,10.1021/acsami.3c03143,C_adjacent_enabling_evidence,E3_mechanism_and_outcome_exact,H1_evidence_ready,adjacent_enabling,fixed_charge_selectivity; coordination_or_ion_pairing,固定电荷/离子选择性; 配位/离子对,"copper-coordinated chitosan confines cations, polycation electrolyte repels cations, and [CuCl4]2- configuration yields giant negative thermopower","The confinement effect of copper-coordinated chitosan on cations, the repulsive property of the polycationic electrolyte on cations, and the unique chemical configuration of a transition metal chloride anion ([CuCl4]2-) are the fundamental guarantees for achieving a thermopower of -28.4 mV center dot K-1.","The confinement effect of copper-coordinated chitosan on cations, the repulsive property of the polycationic electrolyte on cations, and the unique chemical configuration of a transition metal chloride anion ([CuCl4]2-) are the fundamental guarantees for achieving a thermopower of -28.4 mV center dot K-1.","The confinement effect of copper-coordinated chitosan on cations, the repulsive property of the polycationic electrolyte on cations, and the unique chemical configuration of a transition metal chloride anion ([CuCl4]2-) are the fundamental guarantees for achieving a thermopower of -28.4 mV center dot K-1.",P0008,Thermogalvanic hydrogel-based e-skin for self-powered on-body dual-modal temperature and strain sensing,PVA hydrogel with I-/I3- redox couple and zwitterions,thermogalvanic redox conversion plus piezoresistive gel response enables self-powered temperature and strain sensing; zwitterions improve dehydration/cold resistance,iTE_lever_complements_TG_system,curated_rule:fixed_charge_iodide_separator; no semantic-similarity inference,claim; intervention; mechanism; outcome,claim; intervention; mechanism; outcome,claim_direct_support,,False,,False,accepted_claim_direct,True,True
PRG_e948eab97497,fixed_charge_iodide_separator,把固定正电荷通道与分子识别结合，做 I−/I3− TG 选择性隔层,INSIGHT_8D39BEA40A,P0360,2025,Ionic thermoelectric osmotic energy conversion for harvesting low-grade waste heat from electronic heat sink,10.1016/j.energy.2025.138825,A_direct_evidence_ready,E3_mechanism_and_outcome_exact,H1_evidence_ready,core_iTE,fixed_charge_selectivity; ph_or_protonation_switch; oriented_or_confined_channels; photothermal_or_heat_management,固定电荷/离子选择性; pH/质子化开关; 取向/限域离子通道; 光热/热管理,higher pH strengthens nanopore surface charge density and increases output power,Efficient utilization of low-grade waste heat generated from electronic device is synergistically beneficial for its thermal management and power supply.,"As the pH value of aqueous solution is increased from 3 to 11 under an electronic heat flux of 3000 W/m2, the output power density is enhanced from 46.91 mW/m2 to 83.01 mW/m2 with a stable ionic thermoelectric coefficient about 0.47 mV/K due to strengthened nanopore surface charge density.","As the pH value of aqueous solution is increased from 3 to 11 under an electronic heat flux of 3000 W/m2, the output power density is enhanced from 46.91 mW/m2 to 83.01 mW/m2 with a stable ionic thermoelectric coefficient about 0.47 mV/K due to strengthened nanopore surface charge density.",P0008,Thermogalvanic hydrogel-based e-skin for self-powered on-body dual-modal temperature and strain sensing,PVA hydrogel with I-/I3- redox couple and zwitterions,thermogalvanic redox conversion plus piezoresistive gel response enables self-powered temperature and strain sensing; zwitterions improve dehydration/cold resistance,iTE_lever_complements_TG_system,curated_rule:fixed_charge_iodide_separator; no semantic-similarity inference,claim; mechanism; outcome,claim; mechanism; outcome,claim_direct_support,,False,,False,accepted_claim_direct,True,True
PRG_e948eab97497,fixed_charge_iodide_separator,把固定正电荷通道与分子识别结合，做 I−/I3− TG 选择性隔层,INSIGHT_E0C19E1485,P1665,2022,Charge Regulation and pH Effects on Thermo-Osmotic Conversion,10.3390/nano12162774,C_adjacent_enabling_evidence,E3_mechanism_and_outcome_exact,H1_evidence_ready,adjacent_enabling,fixed_charge_selectivity; ph_or_protonation_switch; osmotic_or_concentration_gradient,固定电荷/离子选择性; pH/质子化开关; 渗透/浓度梯度,"surface charge regulation, pore structure, and pH alter Nernst-Planck-Poisson ion transport under thermal gradients, tuning thermo-osmotic Seebeck coefficient",,"In this paper, a numerical simulation based on the Nernst-Planck-Poisson equations, Navier-Stokes equations, and heat transfer equations is carried out to consider the effect of surface charge-regulation density and pH of KCl solutions on the Seebeck coefficient.",The results show that the highest ionic Seebeck coefficient of -0.64 mV/K is obtained at 10(-4) M KCl solution and pH 9.,P0008,Thermogalvanic hydrogel-based e-skin for self-powered on-body dual-modal temperature and strain sensing,PVA hydrogel with I-/I3- redox couple and zwitterions,thermogalvanic redox conversion plus piezoresistive gel response enables self-powered temperature and strain sensing; zwitterions improve dehydration/cold resistance,iTE_lever_complements_TG_system,curated_rule:fixed_charge_iodide_separator; no semantic-similarity inference,claim; mechanism,claim; mechanism,claim_direct_support,,False,,False,accepted_claim_direct,True,True
PRG_e948eab97497,fixed_charge_iodide_separator,把固定正电荷通道与分子识别结合，做 I−/I3− TG 选择性隔层,INSIGHT_5028D04E75,P1096,2020,Photothermoelectric Response of Ti3C2Tx MXene Confined Ion Channels,10.1021/acsnano.0c04099,A_direct_evidence_ready,E3_mechanism_and_outcome_exact,H1_evidence_ready,core_iTE,fixed_charge_selectivity; oriented_or_confined_channels; photothermal_or_heat_management; osmotic_or_concentration_gradient,固定电荷/离子选择性; 取向/限域离子通道; 光热/热管理; 渗透/浓度梯度,"photothermal MXene heating drives cation-selective diffusion potentials across subnanometer channels, producing ionic Seebeck response",Here we demonstrate the MXene-based subnanometer ion channels that convert external temperature changes to electric signals via preferential diffusion of cations under a thermal gradient.,Here we demonstrate the MXene-based subnanometer ion channels that convert external temperature changes to electric signals via preferential diffusion of cations under a thermal gradient.,"The photothermoelectric ionic response (evaluated from the ionic Seebeck coefficient) reached up to 1 mV.K-1, which is comparable to biological thermosensory channels, and demonstrated stability and reproducibility in the absence and presence of an ionic concentration gradient.",P0008,Thermogalvanic hydrogel-based e-skin for self-powered on-body dual-modal temperature and strain sensing,PVA hydrogel with I-/I3- redox couple and zwitterions,thermogalvanic redox conversion plus piezoresistive gel response enables self-powered temperature and strain sensing; zwitterions improve dehydration/cold resistance,iTE_lever_complements_TG_system,curated_rule:fixed_charge_iodide_separator; no semantic-similarity inference,claim,claim,claim_direct_support,,False,,False,accepted_claim_direct,True,True
PRG_e948eab97497,fixed_charge_iodide_separator,把固定正电荷通道与分子识别结合，做 I−/I3− TG 选择性隔层,INSIGHT_D3547F60D9,P0360,2025,Ionic thermoelectric osmotic energy conversion for harvesting low-grade waste heat from electronic heat sink,10.1016/j.energy.2025.138825,B_direct_needs_evidence_repair,E2_mechanism_and_outcome_exact_needs_repair,H2_repair_then_test,core_iTE,fixed_charge_selectivity; oriented_or_confined_channels; osmotic_or_concentration_gradient,固定电荷/离子选择性; 取向/限域离子通道; 渗透/浓度梯度,ion-selective nanopore transport under a temperature gradient converts heat to osmotic power,We present an ionic thermoelectric osmotic energy conversion device for harvesting low-grade waste heat from an electronic heat sink.,"When the heat flux of electronic heat sink is increased from 1000 W/m2 to 3000 W/m2, the ionic thermoelectric osmotic power density after 90 min' operation is consolidated from 11.69 mW/m2 to 77.01 mW/m2 owing to the increased temperature difference from 18.24 degrees C to 43.60 degrees C between aqueous solutions across the ion exchange membrane.","When the heat flux of electronic heat sink is increased from 1000 W/m2 to 3000 W/m2, the ionic thermoelectric osmotic power density after 90 min' operation is consolidated from 11.69 mW/m2 to 77.01 mW/m2 owing to the increased temperature difference from 18.24 degrees C to 43.60 degrees C between aqueous solutions across the ion exchange membrane.",P0008,Thermogalvanic hydrogel-based e-skin for self-powered on-body dual-modal temperature and strain sensing,PVA hydrogel with I-/I3- redox couple and zwitterions,thermogalvanic redox conversion plus piezoresistive gel response enables self-powered temperature and strain sensing; zwitterions improve dehydration/cold resistance,iTE_lever_complements_TG_system,curated_rule:fixed_charge_iodide_separator; no semantic-similarity inference,claim,claim,claim_direct_support,,False,,False,accepted_claim_direct,True,True
PRG_e948eab97497,fixed_charge_iodide_separator,把固定正电荷通道与分子识别结合，做 I−/I3− TG 选择性隔层,INSIGHT_29AE6FC5D0,P0693,2024,Enhanced Ion-Selective Diffusion Achieved by Supramolecular Interaction for High Thermovoltage and Thermal Stability,10.1002/eem2.12562,C_adjacent_enabling_evidence,E3_mechanism_and_outcome_exact,H1_evidence_ready,adjacent_enabling,fixed_charge_selectivity,固定电荷/离子选择性,multiple noncovalent IL-gelatin interactions enhance ion-selective diffusion and thermal stability,"Here, we develop a novel i-TE gel with supramolecular structures through multiple noncovalent interactions between ionic liquids (ILs) and gelatin molecular chains.","Here, we develop a novel i-TE gel with supramolecular structures through multiple noncovalent interactions between ionic liquids (ILs) and gelatin molecular chains.",The quasi-solid-state gelatin-[EMIM]DCA i-TE cells achieve ultrahigh 2 h output energy density (E-2h = 9.9 mJ m(-2)) under an optimal temperature range.,P0008,Thermogalvanic hydrogel-based e-skin for self-powered on-body dual-modal temperature and strain sensing,PVA hydrogel with I-/I3- redox couple and zwitterions,thermogalvanic redox conversion plus piezoresistive gel response enables self-powered temperature and strain sensing; zwitterions improve dehydration/cold resistance,iTE_lever_complements_TG_system,curated_rule:fixed_charge_iodide_separator; no semantic-similarity inference,claim,claim,claim_direct_support,,False,,False,accepted_claim_direct,True,True
PRG_e948eab97497,fixed_charge_iodide_separator,把固定正电荷通道与分子识别结合，做 I−/I3− TG 选择性隔层,INSIGHT_217CBC1BC3,P0694,2023,"Self-powered, durable and high fire-safety ionogel towards Internet of Things",10.1016/j.nanoen.2023.108785,A_direct_evidence_ready,E3_mechanism_and_outcome_exact,H1_evidence_ready,core_iTE,fixed_charge_selectivity,固定电荷/离子选择性,"PIL-based ionogel combines ionic conductivity, thermoelectric fire sensing, flame retardancy, and thermoelectric-capacitor/galvanic output","In this work, phosphorous-containing ionic liquid (PIL)-based ionogels (PILGs) were fabricated with acrylamide, low melting point polyanionic polystyrene sulfonate sodium and polycationic polydiallyl dimethyl ammonium chloride via ultraviolet initiated polymerization.","In this work, phosphorous-containing ionic liquid (PIL)-based ionogels (PILGs) were fabricated with acrylamide, low melting point polyanionic polystyrene sulfonate sodium and polycationic polydiallyl dimethyl ammonium chloride via ultraviolet initiated polymerization.","PILGs showed good ionic conductivity (1.33 S.m(-1)) and high ionic thermoelectric effect (1.31 mV.K-1), which endowed flammable materials with accurate temperaturesensing, sensitive fire-warning performance and outstanding flame retardancy.",P0008,Thermogalvanic hydrogel-based e-skin for self-powered on-body dual-modal temperature and strain sensing,PVA hydrogel with I-/I3- redox couple and zwitterions,thermogalvanic redox conversion plus piezoresistive gel response enables self-powered temperature and strain sensing; zwitterions improve dehydration/cold resistance,iTE_lever_complements_TG_system,curated_rule:fixed_charge_iodide_separator; no semantic-similarity inference,intervention; mechanism,intervention; mechanism,role_sentence_support,,False,,False,accepted_role_sentence_support,False,True
PRG_e948eab97497,fixed_charge_iodide_separator,把固定正电荷通道与分子识别结合，做 I−/I3− TG 选择性隔层,INSIGHT_2FB3E32CAA,P0342,2025,Advanced N-Type Ionic Thermoelectric Cells Featuring Bidirectional Cationic Anchoring Strategy and REDOX Electrode,10.1002/aenm.202500584,P_coupled_precedent,E1_partial_exact_evidence,B_coupled_benchmark,coupled_TG_benchmark,fixed_charge_selectivity; host_guest_complexation; coordination_or_ion_pairing; ion_electron_coupling; electrode_interface,固定电荷/离子选择性; 主–客体络合; 配位/离子对; 离子–电子耦合; 电极界面,crown ether complexation enhances thermal diffusion,The integration of optimized thermal diffusion within polycationic electrolytes with electrode interface-enhanced ion/electron transport mechanisms significantly improves the sustained output performance and thermoelectric conversion efficiency of the i-TE cell.,The integration of optimized thermal diffusion within polycationic electrolytes with electrode interface-enhanced ion/electron transport mechanisms significantly improves the sustained output performance and thermoelectric conversion efficiency of the i-TE cell.,"Notably, the thermopower (Seebeck coefficient) of this n-type i-TE cell achieves a value of -26.04 mV K-1, and its 2 h output energy density reached 1301.61 J m(-2) under a temperature difference (Delta T) of 15 K.",P0008,Thermogalvanic hydrogel-based e-skin for self-powered on-body dual-modal temperature and strain sensing,PVA hydrogel with I-/I3- redox couple and zwitterions,thermogalvanic redox conversion plus piezoresistive gel response enables self-powered temperature and strain sensing; zwitterions improve dehydration/cold resistance,iTE_lever_complements_TG_system,curated_rule:fixed_charge_iodide_separator; no semantic-similarity inference,intervention; mechanism,intervention; mechanism,role_sentence_support,,False,,False,accepted_role_sentence_support,False,True
PRG_e948eab97497,fixed_charge_iodide_separator,把固定正电荷通道与分子识别结合，做 I−/I3− TG 选择性隔层,INSIGHT_7A64A7F71E,P0530,2025,Effects of thermoosmosis and thermophoresis of finite-sized ions along with a pressure-driven flow on the thermoelectric field in a conical hydrophobic nanopore,10.1016/j.ijheatmasstransfer.2025.126758,B_direct_needs_evidence_repair,E1_partial_exact_evidence,H3_inspiration,core_iTE,fixed_charge_selectivity; thermoosmotic_slip; thermodiffusion_or_soret,固定电荷/离子选择性; 热渗透与滑移增强; 热扩散/Soret,"thermophoresis, thermoosmosis, electrophoresis, pressure-driven flow, and geometric asymmetry jointly determine thermoelectric field and ion concentration polarization","Based on the modified model we have analyzed the impact of surface charge density and slip length of the membrane on the thermoelectric field by considering the temperature dependent viscosity, dielectric permittivity and ionic diffusivity fora wide range of the bulk ionic concentration.","The thermoelectric field arises due to the interplay between the thermophoresis created by the Soret effect, thermoosmosis of ions and the induced electric field governed electrophoretic transport of ions along with the EOF.",,P0008,Thermogalvanic hydrogel-based e-skin for self-powered on-body dual-modal temperature and strain sensing,PVA hydrogel with I-/I3- redox couple and zwitterions,thermogalvanic redox conversion plus piezoresistive gel response enables self-powered temperature and strain sensing; zwitterions improve dehydration/cold resistance,iTE_lever_complements_TG_system,curated_rule:fixed_charge_iodide_separator; no semantic-similarity inference,intervention,intervention,role_sentence_support,,False,,False,accepted_role_sentence_support,False,True
PRG_4e691dc1cea3,thermoosmotic_slip_ferricyanide,在薄层 TG 中加入取向滑移纳米通道，提高短路电流而非只追求电压,INSIGHT_0FE8C218B8,P1053,2023,Effect of hydrodynamic slip on thermoelectric response in negatively-charged nanofluidic channels,10.1016/j.ijheatmasstransfer.2023.124454,A_direct_evidence_ready,E3_mechanism_and_outcome_exact,H1_evidence_ready,core_iTE,thermoosmotic_slip; oriented_or_confined_channels; thermodiffusion_or_soret,热渗透与滑移增强; 取向/限域离子通道; 热扩散/Soret,"temperature-dependent mobility, Soret thermodiffusion, and slip-amplified thermoosmosis control ionic thermoelectric response",The results showed that TDIEM and thermoosmosis primarily dominate the thermoelectric response of elec-trolyte confined in slip nanochannels in the presence of the overlapping electrical double layer.,"However, slip-amplified thermoosmosis greatly enhances the thermoelectric current at short-circuit condition, in the absence of the access resistance effect, leading to a significant improvement in the performance of ionic thermoelectricity in nanochannels with hydrody-namic slippage.","At a moderate slip length ranging from 10 to 50 nm, it was found that the normalized maximum power density in a 2 nm nanochannel exceeded 10 mW K -2 m -2, even under a small temper-ature difference of 10 K, which is one order of magnitude higher than the typical thermionic capacitors and thermocells.",P0018,Solvent-assisted thermogalvanic cell for enhanced low-grade heat harvesting over an extended temperature range,sodium ferrocyanide/ferricyanide thermogalvanic electrolyte with ethanol solvent regulator,"ethanol modifies concentration gradient and solvation structure, raising temperature coefficient and extending low-temperature operating range",iTE_lever_complements_TG_system,curated_rule:thermoosmotic_slip_ferricyanide; no semantic-similarity inference,claim; intervention; mechanism,claim; intervention; mechanism,claim_direct_support,,False,,False,accepted_claim_direct,True,True
PRG_4e691dc1cea3,thermoosmotic_slip_ferricyanide,在薄层 TG 中加入取向滑移纳米通道，提高短路电流而非只追求电压,INSIGHT_7A64A7F71E,P0530,2025,Effects of thermoosmosis and thermophoresis of finite-sized ions along with a pressure-driven flow on the thermoelectric field in a conical hydrophobic nanopore,10.1016/j.ijheatmasstransfer.2025.126758,B_direct_needs_evidence_repair,E1_partial_exact_evidence,H3_inspiration,core_iTE,fixed_charge_selectivity; thermoosmotic_slip; thermodiffusion_or_soret,固定电荷/离子选择性; 热渗透与滑移增强; 热扩散/Soret,"thermophoresis, thermoosmosis, electrophoresis, pressure-driven flow, and geometric asymmetry jointly determine thermoelectric field and ion concentration polarization","Based on the modified model we have analyzed the impact of surface charge density and slip length of the membrane on the thermoelectric field by considering the temperature dependent viscosity, dielectric permittivity and ionic diffusivity fora wide range of the bulk ionic concentration.","The thermoelectric field arises due to the interplay between the thermophoresis created by the Soret effect, thermoosmosis of ions and the induced electric field governed electrophoretic transport of ions along with the EOF.",,P0018,Solvent-assisted thermogalvanic cell for enhanced low-grade heat harvesting over an extended temperature range,sodium ferrocyanide/ferricyanide thermogalvanic electrolyte with ethanol solvent regulator,"ethanol modifies concentration gradient and solvation structure, raising temperature coefficient and extending low-temperature operating range",iTE_lever_complements_TG_system,curated_rule:thermoosmotic_slip_ferricyanide; no semantic-similarity inference,claim; mechanism,claim; mechanism,claim_direct_support,,False,,False,accepted_claim_direct,True,True
PRG_4e691dc1cea3,thermoosmotic_slip_ferricyanide,在薄层 TG 中加入取向滑移纳米通道，提高短路电流而非只追求电压,INSIGHT_5C318CE179,P0547,2024,Nanofluidic Thermoelectric Transducer with Ultrahigh and Tunable Sensitivity,10.1021/acs.jpclett.4c02370,C_adjacent_enabling_evidence,E3_mechanism_and_outcome_exact,H1_evidence_ready,adjacent_enabling,thermoosmotic_slip,热渗透与滑移增强,"charged graphene surfaces create slippage-enhanced electrokinetic ion transport, boosting tunable nanofluidic thermoelectric sensitivity","The improvement is attributed to substantial slippage on the highly charged graphene surface, leading to enhanced electrokinetic ion transport inside the graphene channel, which is confirmed by a scaling theory for thermoelectric coupling as well as molecular dynamic simulations.","The improvement is attributed to substantial slippage on the highly charged graphene surface, leading to enhanced electrokinetic ion transport inside the graphene channel, which is confirmed by a scaling theory for thermoelectric coupling as well as molecular dynamic simulations.","However, there still exist challenges for artificial nanofluidic architectures to achieve comparable thermoelectric performance.",P0018,Solvent-assisted thermogalvanic cell for enhanced low-grade heat harvesting over an extended temperature range,sodium ferrocyanide/ferricyanide thermogalvanic electrolyte with ethanol solvent regulator,"ethanol modifies concentration gradient and solvation structure, raising temperature coefficient and extending low-temperature operating range",iTE_lever_complements_TG_system,curated_rule:thermoosmotic_slip_ferricyanide; no semantic-similarity inference,claim,claim,claim_direct_support,,False,,False,accepted_claim_direct,True,True
PRG_3680dde71847,zwitterion_ph_switch_qhq,用 pH 响应两性离子凝胶放大并可逆切换 Q/HQ TG 极性,INSIGHT_D2263D3F3C,P0677,2024,A pH-Sensitive Stretchable Zwitterionic Hydrogel with Bipolar Thermoelectricity,10.1002/smll.202311811,A_direct_evidence_ready,E3_mechanism_and_outcome_exact,H1_evidence_ready,core_iTE,ph_or_protonation_switch; polarity_switching,pH/质子化开关; 热电极性切换,"pH modulates zwitterionic state and ionic Seebeck coefficient from n-type to p-type, enabling bipolar thermoelectricity","Herein, a pH-sensitive zwitterionic hydrogel achieves bipolar thermoelectric performance, with a Seebeck coefficient of -32.6 to 31.7 mV K-1 at pH 1 and 14.","Research into controlled pH values opens avenues for advancing the bipolar Seebeck coefficient in ionic thermoelectric supercapacitors, highlighting promising possibilities in the field. image","Herein, a pH-sensitive zwitterionic hydrogel achieves bipolar thermoelectric performance, with a Seebeck coefficient of -32.6 to 31.7 mV K-1 at pH 1 and 14.",P0034,Realizing a high-performance n-type thermogalvanic cell by tailoring the thermodynamic equilibrium,anionic polymer/hydroquinone-benzoquinone n-type thermogalvanic cell,"anionic polymer self-regulates pH and selectively transports HQ, shifting HQ/BQ equilibrium and creating high n-type thermopower",iTE_lever_complements_TG_system,curated_rule:zwitterion_ph_switch_qhq; no semantic-similarity inference,claim; intervention; outcome,claim; intervention; outcome,claim_direct_support,,False,,False,accepted_claim_direct,True,True
PRG_08afbdcdbb17,water_proton_gradient_qhq,把水热扩散驱动的质子定向输运叠加到 Q/HQ 热电化学反应,INSIGHT_128DD8F6E5,P0392,2021,Embedding Aligned Graphene Oxides in Polyelectrolytes to Facilitate Thermo-Diffusion of Protons for High Ionic Thermoelectric Figure-of-Merit,10.1002/adfm.202011016,A_direct_evidence_ready,E3_mechanism_and_outcome_exact,H1_evidence_ready,core_iTE,water_assisted_proton_transport; thermodiffusion_or_soret,水辅助质子输运; 热扩散/Soret,water thermodiffusion boosts proton transport,"When graphene oxide (GO) embedded in PSS-H is aligned along the transport direction of protons and water, their diffusion along the in-plane direction of GO is promoted, enlarging both ionic thermopower and ionic electrical conductivity.","It is found that the thermo-diffusion of water boosts proton transport, playing a key role in obtaining large ionic thermopower by promoting unidirectional migration of protons from a hotter to colder side.",PSS-H containing 3 wt% GO possesses extremely large ionic power factors up to 1.8 mW m(-1) K-2 and ionic figure-of-merits up to 0.85 at 23 degrees C.,P0034,Realizing a high-performance n-type thermogalvanic cell by tailoring the thermodynamic equilibrium,anionic polymer/hydroquinone-benzoquinone n-type thermogalvanic cell,"anionic polymer self-regulates pH and selectively transports HQ, shifting HQ/BQ equilibrium and creating high n-type thermopower",iTE_lever_complements_TG_system,curated_rule:water_proton_gradient_qhq; no semantic-similarity inference,claim; mechanism,claim; mechanism,claim_direct_support,,False,,False,accepted_claim_direct,True,True
PRG_08afbdcdbb17,water_proton_gradient_qhq,把水热扩散驱动的质子定向输运叠加到 Q/HQ 热电化学反应,INSIGHT_6B1DD390DB,P0557,2023,Proton-Coupled Electron Transfer Aided Thermoelectric Energy Conversion and Storage,10.1002/anie.202307947,P_coupled_precedent,E2_mechanism_and_outcome_exact_needs_repair,B_coupled_benchmark,coupled_TG_benchmark,water_assisted_proton_transport; thermodiffusion_or_soret,水辅助质子输运; 热扩散/Soret,"proton thermodiffusion couples with proton-coupled electron transfer, boosting thermopower and enabling energy storage/continuous output",Here we demonstrate that the thermoelectric performances can be boosted by combining the Soret effect of protons and proton-coupled electron transfer (PCET) reaction of benzoquinone and hydroquinone in hydrogels.,"An overall enhancement of thermopower (25.9 mV K-1), power factor (5 mW m(-1) K-2), figure of merit (>2.4) and continuity of power output is achieved.","An overall enhancement of thermopower (25.9 mV K-1), power factor (5 mW m(-1) K-2), figure of merit (>2.4) and continuity of power output is achieved.",P0034,Realizing a high-performance n-type thermogalvanic cell by tailoring the thermodynamic equilibrium,anionic polymer/hydroquinone-benzoquinone n-type thermogalvanic cell,"anionic polymer self-regulates pH and selectively transports HQ, shifting HQ/BQ equilibrium and creating high n-type thermopower",iTE_lever_complements_TG_system,curated_rule:water_proton_gradient_qhq; no semantic-similarity inference,claim,claim,claim_direct_support,,False,,False,accepted_claim_direct,True,True
PRG_08afbdcdbb17,water_proton_gradient_qhq,把水热扩散驱动的质子定向输运叠加到 Q/HQ 热电化学反应,INSIGHT_8A1A679FCA,P0385,2023,Ionic Thermoelectric Properties of Reconstructed Lamellar Vanadium Pentoxide Membranes,10.1002/adfm.202301178,A_direct_evidence_ready,E3_mechanism_and_outcome_exact,H1_evidence_ready,core_iTE,water_assisted_proton_transport,水辅助质子输运,2D nanofluidic channels enable temperature-gradient-driven proton transport,The TE characteristics of VO-M show nearly 80% improvement (S = 26.3 +/- 0.7 mV K-1) upon functionalizing its percolated network with ionic polymers like poly(4-styrenesulfonic acid) (PSS).,The high Seebeck coefficient (S = 14.5 +/- 0.5 mV K-1) of the V2O5 membrane (VO-M) is attributed to temperature gradient-induced unidirectional transport of protons through the percolated network of 2D nanofluidic channels.,The high Seebeck coefficient (S = 14.5 +/- 0.5 mV K-1) of the V2O5 membrane (VO-M) is attributed to temperature gradient-induced unidirectional transport of protons through the percolated network of 2D nanofluidic channels.,P0034,Realizing a high-performance n-type thermogalvanic cell by tailoring the thermodynamic equilibrium,anionic polymer/hydroquinone-benzoquinone n-type thermogalvanic cell,"anionic polymer self-regulates pH and selectively transports HQ, shifting HQ/BQ equilibrium and creating high n-type thermopower",iTE_lever_complements_TG_system,curated_rule:water_proton_gradient_qhq; no semantic-similarity inference,claim,claim,claim_direct_support,,False,,False,accepted_claim_direct,True,True
PRG_55d2dd45b552,ordered_ion_printing_ferricyanide,把 EHD 离子均匀化工艺扩展为 TG 凝胶的空间分区打印,INSIGHT_5D9482CAAF,P0344,2025,High-performance ionic thermoelectric hydrogels via electrohydrodynamic printing for self-powered wearable sensors,10.1016/j.colsurfa.2025.138182,B_direct_needs_evidence_repair,E2_mechanism_and_outcome_exact_needs_repair,H2_repair_then_test,core_iTE,ordered_ion_printing,有序离子打印,EHD printing produces ordered ion distribution,A method combining electrohydrodynamic (EHD) printing technology and cyclic freeze-thaw processes was proposed to fabricate a polyvinyl alcohol/sodium carboxymethyl cellulose/sodium bis(trifluoromethylsulfonyl) imide (PVA/CMC-Na/NaTFSI) i-TEH for self-powered wearable sensors.,"Ions in i-TEHs were uniformly distributed by EHD printing process, resulting in an ionic conductivity of 34.27 mS cm(-1), which is a 53.5 % increase compared to the traditional methods.","Ions in i-TEHs were uniformly distributed by EHD printing process, resulting in an ionic conductivity of 34.27 mS cm(-1), which is a 53.5 % increase compared to the traditional methods.",P0021,Bioinspired double-layer thermogalvanic cells with engineered ionic gradients for high-efficiency waste heat recovery,double-layer gelatin K4[Fe(CN)6]/K3[Fe(CN)6] thermogalvanic cell,spatially separated redox gel layers maintain ion concentration gradients and boost thermogalvanic voltage/efficiency,iTE_lever_complements_TG_system,curated_rule:ordered_ion_printing_ferricyanide; no semantic-similarity inference,claim; mechanism; outcome,claim; mechanism; outcome,claim_direct_support,,False,,False,accepted_claim_direct,True,True
PRG_9e58569c757c,oriented_channel_ferricyanide,用取向离子通道解耦 TG 凝胶的机械强度与红氧扩散,INSIGHT_7ADD248CA7,P0355,2024,Negative thermopower anisotropic ionic thermoelectric hydrogels based on synergistic coordination and hydration for low-grade heat harvesting,10.1016/j.cej.2024.148797,A_direct_evidence_ready,E3_mechanism_and_outcome_exact,H1_evidence_ready,core_iTE,coordination_or_ion_pairing; hydration_and_solvation; oriented_or_confined_channels; self_healing_or_tough_gel,配位/离子对; 水合与溶剂化; 取向/限域离子通道; 自修复/强韧凝胶,synergistic coordination and hydration plus subnanometer ion confinement in oriented chains facilitate selective ion migration under a temperature gradient,Selective migration of conducting ions down thermal gradients is facilitated by subnanometer-scale confinement of ions in oriented aligned cellulose and polymer molecular chains.,Selective migration of conducting ions down thermal gradients is facilitated by subnanometer-scale confinement of ions in oriented aligned cellulose and polymer molecular chains.,"In addition, the oriented and ordered arrangement of the internal structure endows the hydrogel with excellent mechanical properties, and the tensile strength of the thermoelectric hydrogel reaches up to 2.89 MPa with a toughness of 22.5 MJ/m3.",P0016,Self-Powered Machine-Learning-Assisted Material Identification Enabled by a Thermogalvanic Dual-Network Hydrogel with a High Thermopower,"dual-network hydrogel with [Fe(CN)6]3-/4-, lithium magnesium silicate, guanidinium, LiBr",porous ion network and redox thermogalvanic response convert material-dependent interfacial heat transfer into self-powered identification signals,iTE_lever_complements_TG_system,curated_rule:oriented_channel_ferricyanide; no semantic-similarity inference,claim; intervention; mechanism,claim; intervention; mechanism,claim_direct_support,,False,,False,accepted_claim_direct,True,True
PRG_9e58569c757c,oriented_channel_ferricyanide,用取向离子通道解耦 TG 凝胶的机械强度与红氧扩散,INSIGHT_2E04AF0B9E,P0347,2025,Superior ionic thermoelectric performance enabled by lignocellulose channel reconstruction in all-wood gels,10.1016/j.cej.2025.165667,A_direct_evidence_ready,E3_mechanism_and_outcome_exact,H1_evidence_ready,core_iTE,fixed_charge_selectivity; oriented_or_confined_channels; moisture_or_evaporation_gradient,固定电荷/离子选择性; 取向/限域离子通道; 湿度/蒸发梯度,reconstructed lignocellulose ion channels enriched with negative charges and fixed anions promote rapid selective cation migration under a temperature gradient,"The resulting reconstructed lignocellulose ion channels, enriched with surface negative charges and spatially confined fixed anions, promote rapid and selective cation migration driven by a temperature gradient.","The resulting reconstructed lignocellulose ion channels, enriched with surface negative charges and spatially confined fixed anions, promote rapid and selective cation migration driven by a temperature gradient.","As a result, the optimized RW i-TE achieves a high thermopower (Si) of +39.1 mV K- 1 and an ionic figure of merit (zTi) of 1.68 at 50 % relative humidity, delivering an energy density of 68.75 J m- 2 over 2 h of discharging under a 5 K temperature gradient in generator mode.",P0016,Self-Powered Machine-Learning-Assisted Material Identification Enabled by a Thermogalvanic Dual-Network Hydrogel with a High Thermopower,"dual-network hydrogel with [Fe(CN)6]3-/4-, lithium magnesium silicate, guanidinium, LiBr",porous ion network and redox thermogalvanic response convert material-dependent interfacial heat transfer into self-powered identification signals,iTE_lever_complements_TG_system,curated_rule:oriented_channel_ferricyanide; no semantic-similarity inference,claim; intervention; mechanism,claim; intervention; mechanism,claim_direct_support,,False,,False,accepted_claim_direct,True,True
PRG_9e58569c757c,oriented_channel_ferricyanide,用取向离子通道解耦 TG 凝胶的机械强度与红氧扩散,INSIGHT_31705280C8,P0338,2025,Long-Term Serviceable Ionic Thermoelectric Hydrogel with Temperature and Moisture Dual-Driven Waste Energy Harvesting Capability,10.1002/smll.202501960,B_direct_needs_evidence_repair,E2_mechanism_and_outcome_exact_needs_repair,H2_repair_then_test,core_iTE,oriented_or_confined_channels,取向/限域离子通道,"oxygen-containing functional groups and oriented ionic transport nanochannels maintain ionic transport, enable electrolyte replenishment after drying, and support long-term thermopower recovery","In this work, by enriching oxygen-containing functional groups in the gel network and constructing oriented ionic transport nanochannels, an innovative approach is presented to reach long-term service and reusability for i-TEs without sacrificing their TE properties.","Notably, even after being air-dried for 135 days, its thermopower returns to 87% of the original value through replenishing electrolyte solution and its 3D shape fully recovers.","Notably, even after being air-dried for 135 days, its thermopower returns to 87% of the original value through replenishing electrolyte solution and its 3D shape fully recovers.",P0016,Self-Powered Machine-Learning-Assisted Material Identification Enabled by a Thermogalvanic Dual-Network Hydrogel with a High Thermopower,"dual-network hydrogel with [Fe(CN)6]3-/4-, lithium magnesium silicate, guanidinium, LiBr",porous ion network and redox thermogalvanic response convert material-dependent interfacial heat transfer into self-powered identification signals,iTE_lever_complements_TG_system,curated_rule:oriented_channel_ferricyanide; no semantic-similarity inference,claim; intervention,claim; intervention,claim_direct_support,,False,,False,accepted_claim_direct,True,True
PRG_9e58569c757c,oriented_channel_ferricyanide,用取向离子通道解耦 TG 凝胶的机械强度与红氧扩散,INSIGHT_BF5259CD93,P0608,2021,Solar-driven ionic power generation via a film of nanocellulose @ conductive metal-organic framework,10.1039/d0ee02730h,A_direct_evidence_ready,E3_mechanism_and_outcome_exact,H1_evidence_ready,core_iTE,oriented_or_confined_channels; moisture_or_evaporation_gradient,取向/限域离子通道; 湿度/蒸发梯度,charged nanochannels drive ionic thermoelectric and streaming potentials,"The assembled device can produce a sustained voltage output of similar to 1.1 V, with a high power density of up to 15 W m(-2) under one sun illumination.","The thermal gradient and the water evaporation drive selective ion transport through the charged nanochannels, which generates ionic thermoelectric and streaming potentials, respectively.","The assembled device can produce a sustained voltage output of similar to 1.1 V, with a high power density of up to 15 W m(-2) under one sun illumination.",P0016,Self-Powered Machine-Learning-Assisted Material Identification Enabled by a Thermogalvanic Dual-Network Hydrogel with a High Thermopower,"dual-network hydrogel with [Fe(CN)6]3-/4-, lithium magnesium silicate, guanidinium, LiBr",porous ion network and redox thermogalvanic response convert material-dependent interfacial heat transfer into self-powered identification signals,iTE_lever_complements_TG_system,curated_rule:oriented_channel_ferricyanide; no semantic-similarity inference,claim; mechanism,claim; mechanism,claim_direct_support,CONFINEMENT_ONLY_NO_ORIENTATION_EVIDENCE: Generic nanochannel/confinement evidence; directional or oriented redox transport is not established.,False,CONFINEMENT_ONLY_NO_ORIENTATION_EVIDENCE: Generic nanochannel/confinement evidence; directional or oriented redox transport is not established.,True,accepted_with_scope_caveat,True,True
PRG_9e58569c757c,oriented_channel_ferricyanide,用取向离子通道解耦 TG 凝胶的机械强度与红氧扩散,INSIGHT_23F6CF3DAD,P0564,2023,Ion Steric Effect Induces Giant Enhancement of Thermoelectric Conversion in Electrolyte-Filled Nanochannels,10.1021/acs.nanolett.3c02469,A_direct_evidence_ready,E3_mechanism_and_outcome_exact,H1_evidence_ready,core_iTE,oriented_or_confined_channels; thermodiffusion_or_soret,取向/限域离子通道; 热扩散/Soret,ion steric effect coupled with ion thermodiffusion in electric double layers enhances nanochannel Seebeck coefficient,"Here, we reveal a new thermoelectric mechanismarising from the coupling of the ion steric effect due to finite ionsizes and ion thermodiffusion in electric double layers, using boththeoretical and numerical methods.","Ionic thermoelectricity in nanochannelshas received increasingattention because of its advantages, such as high Seebeck coefficientand low cost.","We show that this mechanism cansignificantly enhance the thermoelectric response in nanoconfinedelectrolytes depending on the properties of electrolytes and nanochannels.Compared to the previously known mechanisms, the new mechanism canincrease the Seebeck coefficient by 100% or even 1 order of magnitudeenhancement under optimal conditions.",P0016,Self-Powered Machine-Learning-Assisted Material Identification Enabled by a Thermogalvanic Dual-Network Hydrogel with a High Thermopower,"dual-network hydrogel with [Fe(CN)6]3-/4-, lithium magnesium silicate, guanidinium, LiBr",porous ion network and redox thermogalvanic response convert material-dependent interfacial heat transfer into self-powered identification signals,iTE_lever_complements_TG_system,curated_rule:oriented_channel_ferricyanide; no semantic-similarity inference,claim; mechanism; outcome,claim; mechanism; outcome,claim_direct_support,CONFINEMENT_ONLY_NO_ORIENTATION_EVIDENCE: Generic nanochannel/confinement evidence; directional or oriented redox transport is not established.,False,CONFINEMENT_ONLY_NO_ORIENTATION_EVIDENCE: Generic nanochannel/confinement evidence; directional or oriented redox transport is not established.,True,accepted_with_scope_caveat,True,True
PRG_9e58569c757c,oriented_channel_ferricyanide,用取向离子通道解耦 TG 凝胶的机械强度与红氧扩散,INSIGHT_D6D0D37A69,P0640,2018,Skin-Inspired Low-Grade Heat Energy Harvesting Using Directed Ionic Flow through Conical Nanochannels,10.1002/aenm.201800459,C_adjacent_enabling_evidence,E3_mechanism_and_outcome_exact,H1_evidence_ready,adjacent_enabling,oriented_or_confined_channels,取向/限域离子通道,directed ionic flow through conical nanochannels under temperature gradient converts low-grade heat into electrical power,"In addition, this self-powered system may extend the electronic skin field and find applications in skin prosthetics.","Here, a simple thermoelectric conversion system is shown using directed ionic flow through the biomimetic smart nanochannels, inspired by the human skin.",The obtained power density of the nanodevice can ideally be 88.8 W m(-2) with a membrane temperature gradient (Delta T) of 40 degrees C.,P0016,Self-Powered Machine-Learning-Assisted Material Identification Enabled by a Thermogalvanic Dual-Network Hydrogel with a High Thermopower,"dual-network hydrogel with [Fe(CN)6]3-/4-, lithium magnesium silicate, guanidinium, LiBr",porous ion network and redox thermogalvanic response convert material-dependent interfacial heat transfer into self-powered identification signals,iTE_lever_complements_TG_system,curated_rule:oriented_channel_ferricyanide; no semantic-similarity inference,claim; mechanism,claim; mechanism,claim_direct_support,CONFINEMENT_ONLY_NO_ORIENTATION_EVIDENCE: Generic nanochannel/confinement evidence; directional or oriented redox transport is not established.,False,CONFINEMENT_ONLY_NO_ORIENTATION_EVIDENCE: Generic nanochannel/confinement evidence; directional or oriented redox transport is not established.,True,accepted_with_scope_caveat,True,True
PRG_9e58569c757c,oriented_channel_ferricyanide,用取向离子通道解耦 TG 凝胶的机械强度与红氧扩散,INSIGHT_4CD22DC667,P0757,2022,Nanoengineered nanochannels for thermally ionic nanofluidic energy harvesting,10.1016/j.enconman.2022.115760,A_direct_evidence_ready,E3_mechanism_and_outcome_exact,H1_evidence_ready,core_iTE,oriented_or_confined_channels,取向/限域离子通道,temperature-gradient-induced ionic nanofluidic transport in nanochannels enhances ionic Seebeck coefficient and output power,The ionic Seebeck coefficient was enhanced by 7.3 times when the nanochannels were present.,This work demonstrates thermal-to-electric energy conversion based on ionic nanofluidic transport in nano channels inducted by a temperature gradient.,"Its power density reaches approximately 1.47 mW/m(2), which was 13.3 times larger than the case without nanochannels.",P0016,Self-Powered Machine-Learning-Assisted Material Identification Enabled by a Thermogalvanic Dual-Network Hydrogel with a High Thermopower,"dual-network hydrogel with [Fe(CN)6]3-/4-, lithium magnesium silicate, guanidinium, LiBr",porous ion network and redox thermogalvanic response convert material-dependent interfacial heat transfer into self-powered identification signals,iTE_lever_complements_TG_system,curated_rule:oriented_channel_ferricyanide; no semantic-similarity inference,claim; intervention; outcome,claim; intervention; outcome,claim_direct_support,CONFINEMENT_ONLY_NO_ORIENTATION_EVIDENCE: Generic nanochannel/confinement evidence; directional or oriented redox transport is not established.,False,CONFINEMENT_ONLY_NO_ORIENTATION_EVIDENCE: Generic nanochannel/confinement evidence; directional or oriented redox transport is not established.,True,accepted_with_scope_caveat,True,True
PRG_9e58569c757c,oriented_channel_ferricyanide,用取向离子通道解耦 TG 凝胶的机械强度与红氧扩散,INSIGHT_8999AEDED8,P0345,2025,Ionic thermoelectric performance of cement and its modifications,10.1016/j.cscm.2024.e04186,B_direct_needs_evidence_repair,E1_partial_exact_evidence,H3_inspiration,core_iTE,oriented_or_confined_channels,取向/限域离子通道,pure cement thermopower is attributed to water diffusion inside CNT nanochannels and cement microcracks/capillaries,"Pure cement samples without any modifications produced significant values up to 28 mV/K for the Seebeck coefficient, which can be explained by the diffusion of water inside the CNT nanochannels and its flow in cement microcracks and capillaries.",Ionic thermoelectric materials integrated into the concrete members of buildings have potential to generate electric energy utilizing thermal gradients.,"Pure cement samples without any modifications produced significant values up to 28 mV/K for the Seebeck coefficient, which can be explained by the diffusion of water inside the CNT nanochannels and its flow in cement microcracks and capillaries.",P0016,Self-Powered Machine-Learning-Assisted Material Identification Enabled by a Thermogalvanic Dual-Network Hydrogel with a High Thermopower,"dual-network hydrogel with [Fe(CN)6]3-/4-, lithium magnesium silicate, guanidinium, LiBr",porous ion network and redox thermogalvanic response convert material-dependent interfacial heat transfer into self-powered identification signals,iTE_lever_complements_TG_system,curated_rule:oriented_channel_ferricyanide; no semantic-similarity inference,claim; intervention; outcome,claim; intervention; outcome,claim_direct_support,CONFINEMENT_ONLY_NO_ORIENTATION_EVIDENCE: Generic nanochannel/confinement evidence; directional or oriented redox transport is not established.,False,CONFINEMENT_ONLY_NO_ORIENTATION_EVIDENCE: Generic nanochannel/confinement evidence; directional or oriented redox transport is not established.,True,accepted_with_scope_caveat,True,True
PRG_9e58569c757c,oriented_channel_ferricyanide,用取向离子通道解耦 TG 凝胶的机械强度与红氧扩散,INSIGHT_2E12EE9164,P0938,2024,Ionic Power Generation on a Scalable Cellulose@polypyrrole Membrane: The Role of Water and Thermal Gradients,10.1007/s42765-023-00353-w,A_direct_evidence_ready,E3_mechanism_and_outcome_exact,H1_evidence_ready,core_iTE,oriented_or_confined_channels; moisture_or_evaporation_gradient; thermodiffusion_or_soret,取向/限域离子通道; 湿度/蒸发梯度; 热扩散/Soret,water and thermal gradients drive streaming potential from ionic electrokinetics and ionic thermoelectric potential from Soret effect,The integration of ionic power generation with solar-driven water evaporation presents a promising solution to the critical global problems of freshwater scarcity and clean energy deficiency.,"The excellent ionic power generation is intimately related to the water and thermal gradients across the membrane, which not only induces fast water evaporation but also synergistically promotes the transport of counterions in charged nanochannels, and the corresponding mechanism is attributed to the streaming potential resulting from the ionic electrokinetic effect and the ionic thermoelectric potential originating from the Soret effect.","Under one sun illumination, the CC@PPy film can produce a sustained voltage output of similar to 0.7 V and a water evaporation rate up to 1.67 kg m(-2) h(-1) when an adequate water supply is available.",P0016,Self-Powered Machine-Learning-Assisted Material Identification Enabled by a Thermogalvanic Dual-Network Hydrogel with a High Thermopower,"dual-network hydrogel with [Fe(CN)6]3-/4-, lithium magnesium silicate, guanidinium, LiBr",porous ion network and redox thermogalvanic response convert material-dependent interfacial heat transfer into self-powered identification signals,iTE_lever_complements_TG_system,curated_rule:oriented_channel_ferricyanide; no semantic-similarity inference,mechanism,mechanism,role_sentence_support,CONFINEMENT_ONLY_NO_ORIENTATION_EVIDENCE: Generic nanochannel/confinement evidence; directional or oriented redox transport is not established.,False,CONFINEMENT_ONLY_NO_ORIENTATION_EVIDENCE: Generic nanochannel/confinement evidence; directional or oriented redox transport is not established.,True,accepted_with_scope_caveat,False,True
PRG_9e58569c757c,oriented_channel_ferricyanide,用取向离子通道解耦 TG 凝胶的机械强度与红氧扩散,INSIGHT_0FE8C218B8,P1053,2023,Effect of hydrodynamic slip on thermoelectric response in negatively-charged nanofluidic channels,10.1016/j.ijheatmasstransfer.2023.124454,A_direct_evidence_ready,E3_mechanism_and_outcome_exact,H1_evidence_ready,core_iTE,thermoosmotic_slip; oriented_or_confined_channels; thermodiffusion_or_soret,热渗透与滑移增强; 取向/限域离子通道; 热扩散/Soret,"temperature-dependent mobility, Soret thermodiffusion, and slip-amplified thermoosmosis control ionic thermoelectric response",The results showed that TDIEM and thermoosmosis primarily dominate the thermoelectric response of elec-trolyte confined in slip nanochannels in the presence of the overlapping electrical double layer.,"However, slip-amplified thermoosmosis greatly enhances the thermoelectric current at short-circuit condition, in the absence of the access resistance effect, leading to a significant improvement in the performance of ionic thermoelectricity in nanochannels with hydrody-namic slippage.","At a moderate slip length ranging from 10 to 50 nm, it was found that the normalized maximum power density in a 2 nm nanochannel exceeded 10 mW K -2 m -2, even under a small temper-ature difference of 10 K, which is one order of magnitude higher than the typical thermionic capacitors and thermocells.",P0016,Self-Powered Machine-Learning-Assisted Material Identification Enabled by a Thermogalvanic Dual-Network Hydrogel with a High Thermopower,"dual-network hydrogel with [Fe(CN)6]3-/4-, lithium magnesium silicate, guanidinium, LiBr",porous ion network and redox thermogalvanic response convert material-dependent interfacial heat transfer into self-powered identification signals,iTE_lever_complements_TG_system,curated_rule:oriented_channel_ferricyanide; no semantic-similarity inference,intervention; mechanism; outcome,intervention; mechanism; outcome,role_sentence_support,CONFINEMENT_ONLY_NO_ORIENTATION_EVIDENCE: Generic nanochannel/confinement evidence; directional or oriented redox transport is not established.,False,CONFINEMENT_ONLY_NO_ORIENTATION_EVIDENCE: Generic nanochannel/confinement evidence; directional or oriented redox transport is not established.,True,accepted_with_scope_caveat,False,True
PRG_17b64f2815f3,ion_electron_conveyor_fe,用 iTE 离子–电子耦合启发 Fe2+/Fe3+ TG 的局部混合导体电极,INSIGHT_77A053E73B,P0353,2024,Conveyor mode enabling continuous ionic thermoelectric conversion,10.1016/j.joule.2024.08.004,A_direct_evidence_ready,E3_mechanism_and_outcome_exact,H1_evidence_ready,core_iTE,ion_electron_coupling,离子–电子耦合,conveyor mode uses ion-electronic friction to couple thermally diffused ions with electrons; persistent ionic transport through the ionic circuit enables continuous power generation,"In this conveyor mode, ion-electronic friction serves as the link between ions and electrons, enabling the thermally diffused ions to convey electrons to power the load, and persistent ionic transport, owing to the ionic circuit, ensures continuous power generation.","In this conveyor mode, ion-electronic friction serves as the link between ions and electrons, enabling the thermally diffused ions to convey electrons to power the load, and persistent ionic transport, owing to the ionic circuit, ensures continuous power generation.",Experiments demonstrate continuous power generation and significant improvements of power density in the conveyor mode.,P0014,Solid-state n-type thermodiffusion-assisted thermogalvanic cells with unprecedented thermal energy conversion,PEDOT:PSS/Fe(ClO4)2/3 solid-state n-type thermogalvanic polymer complex,"PEDOT:PSS-Fe2+/Fe3+ electrostatic interactions liberate ClO4- ions, enhancing thermodiffusion and ionic conductivity for n-type output",iTE_lever_complements_TG_system,curated_rule:ion_electron_conveyor_fe; no semantic-similarity inference,claim; intervention; mechanism; outcome,claim; intervention; mechanism; outcome,claim_direct_support,,False,,False,accepted_claim_direct,True,True
PRG_17b64f2815f3,ion_electron_conveyor_fe,用 iTE 离子–电子耦合启发 Fe2+/Fe3+ TG 的局部混合导体电极,INSIGHT_371420FB03,P0380,2023,Ion-Electron Coupling Enables Ionic Thermoelectric Material with New Operation Mode and High Energy Density,10.1007/s40820-023-01077-7,A_direct_evidence_ready,E3_mechanism_and_outcome_exact,H1_evidence_ready,core_iTE,ion_electron_coupling; thermodiffusion_or_soret,离子–电子耦合; 热扩散/Soret,"ion thermodiffusion generates an electric field that drives electrons/holes, converting ionic current into external electrical current for continuous operation","Here, we introduce an ion-electron thermoelectric synergistic (IETS) effect by utilizing an ion-electron conductor.","Electrons/holes can drift under the electric field generated by thermodiffusion of ions, thus converting the ionic current into electrical current that can pass through the external circuit.","Moreover, our i-TE exhibits a thermopower of 32.7 mV K-1 and an energy density of 553.9 J m(-2), which is more than 6.9 times of the highest reported value.",P0014,Solid-state n-type thermodiffusion-assisted thermogalvanic cells with unprecedented thermal energy conversion,PEDOT:PSS/Fe(ClO4)2/3 solid-state n-type thermogalvanic polymer complex,"PEDOT:PSS-Fe2+/Fe3+ electrostatic interactions liberate ClO4- ions, enhancing thermodiffusion and ionic conductivity for n-type output",iTE_lever_complements_TG_system,curated_rule:ion_electron_conveyor_fe; no semantic-similarity inference,claim,claim,claim_direct_support,,False,,False,accepted_claim_direct,True,True
PRG_17b64f2815f3,ion_electron_conveyor_fe,用 iTE 离子–电子耦合启发 Fe2+/Fe3+ TG 的局部混合导体电极,INSIGHT_3F14B20DB9,P0519,2025,A mixed ion-electron thermoelectric generator with an activated carbon ionogel for heat harvesting from fluctuated and steady temperature gradients,10.1016/j.nanoen.2025.111527,B_direct_needs_evidence_repair,E1_partial_exact_evidence,H3_inspiration,core_iTE,ion_electron_coupling; thermodiffusion_or_soret,离子–电子耦合; 热扩散/Soret,ionic liquid provides Soret thermopower while activated-carbon network enables hole tunneling/electron transport for steady-gradient power generation,"In this study, we present a mixed ion-electron thermoelectric generator (MTEG) that can continuously generate electricity under not only fluctuated temperature but also steady temperature gradient.",The TE behavior of the MTEGs is ascribed to the synergistic contributions of the Soret effect of the ions and hole tunneling through the AC networks.,"The MTEGs under the temperature gradient of 3 K can supply an output voltage of more than 7.9 mV center dot K-1 to the external load of 25 k Omega, which is higher than that of the best electronic TE materials by 1-2 orders in magnitude.",P0014,Solid-state n-type thermodiffusion-assisted thermogalvanic cells with unprecedented thermal energy conversion,PEDOT:PSS/Fe(ClO4)2/3 solid-state n-type thermogalvanic polymer complex,"PEDOT:PSS-Fe2+/Fe3+ electrostatic interactions liberate ClO4- ions, enhancing thermodiffusion and ionic conductivity for n-type output",iTE_lever_complements_TG_system,curated_rule:ion_electron_conveyor_fe; no semantic-similarity inference,intervention,intervention,role_sentence_support,,False,,False,accepted_role_sentence_support,False,True
PRG_cf22ac785fee,antifreeze_cobalt_ionogel,把 iTE 低凝固混合溶剂迁移到 Co 配合物准固态 TG,INSIGHT_8045AED31C,P0349,2024,High-performance cryo-temperature ionic thermoelectric liquid cell developed through a eutectic solvent strategy,10.1038/s41467-024-45432-7,A_direct_evidence_ready,E3_mechanism_and_outcome_exact,H1_evidence_ready,core_iTE,hydration_and_solvation; antifreeze_or_low_volatility_gel; electrode_interface,水合与溶剂化; 抗冻/低挥发凝胶; 电极界面,"formamide disrupts the water hydrogen-bond network to form a deep eutectic solvent, enabling low-temperature operation",The authors make an ionic thermoelectric cell with a eutectic solvent of formamide that can operate at temperatures as low as -35 degrees C by applying hydrophilic and gold coated treatments to the electrode and introducing a thermal separator.,"Formamide is used as a chaotic organic solvent that destroys the hydrogen bond network between water molecules, forming a deep eutectic solvent that enables the cell to operate near cryo temperatures (down to -35 degrees C).","After synergistic optimization of the electrode and cell structure, the as-fabricated liquid i-TE cell with cold (-35 degrees C) and hot (70 degrees C) ends achieve a high power density (17.5 W m-2) and a large two-hour energy density (27 kJ m-2).",P0291,Quasi-solid-State Electrolytes for Low-Grade Thermal Energy Harvesting using a Cobalt Redox Couple,MPN cobalt bipyridyl redox electrolyte gelled with PVDF or PVDF-HFP,quasi-solid gel suppresses leakage while cobalt redox diffusivity/concentration and electrode spacing determine thermocell performance,iTE_lever_complements_TG_system,curated_rule:antifreeze_cobalt_ionogel; no semantic-similarity inference,claim; mechanism,claim; mechanism,claim_direct_support,,False,,False,accepted_claim_direct,True,True
PRG_cf22ac785fee,antifreeze_cobalt_ionogel,把 iTE 低凝固混合溶剂迁移到 Co 配合物准固态 TG,INSIGHT_32250B000A,P0349,2024,High-performance cryo-temperature ionic thermoelectric liquid cell developed through a eutectic solvent strategy,10.1038/s41467-024-45432-7,B_direct_needs_evidence_repair,E1_partial_exact_evidence,H3_inspiration,core_iTE,hydration_and_solvation; antifreeze_or_low_volatility_gel; electrode_interface,水合与溶剂化; 抗冻/低挥发凝胶; 电极界面,hydrophilic and gold-coated electrode treatments improve cell output,The authors make an ionic thermoelectric cell with a eutectic solvent of formamide that can operate at temperatures as low as -35 degrees C by applying hydrophilic and gold coated treatments to the electrode and introducing a thermal separator.,"Formamide is used as a chaotic organic solvent that destroys the hydrogen bond network between water molecules, forming a deep eutectic solvent that enables the cell to operate near cryo temperatures (down to -35 degrees C).","After synergistic optimization of the electrode and cell structure, the as-fabricated liquid i-TE cell with cold (-35 degrees C) and hot (70 degrees C) ends achieve a high power density (17.5 W m-2) and a large two-hour energy density (27 kJ m-2).",P0291,Quasi-solid-State Electrolytes for Low-Grade Thermal Energy Harvesting using a Cobalt Redox Couple,MPN cobalt bipyridyl redox electrolyte gelled with PVDF or PVDF-HFP,quasi-solid gel suppresses leakage while cobalt redox diffusivity/concentration and electrode spacing determine thermocell performance,iTE_lever_complements_TG_system,curated_rule:antifreeze_cobalt_ionogel; no semantic-similarity inference,mechanism,mechanism,role_sentence_support,,False,,False,accepted_role_sentence_support,False,True
PRG_cf22ac785fee,antifreeze_cobalt_ionogel,把 iTE 低凝固混合溶剂迁移到 Co 配合物准固态 TG,INSIGHT_6CEAC46CAC,P1003,2023,Anti-freezing hydrogel thermocells with confined microcrystallization for enhanced low-grade heat harvest,10.1016/j.cej.2023.147380,P_coupled_precedent,E2_mechanism_and_outcome_exact_needs_repair,B_coupled_benchmark,coupled_TG_benchmark,phase_or_species_transition; antifreeze_or_low_volatility_gel,相变/物种转变; 抗冻/低挥发凝胶,solvent-induced selective [Fe(CN)6]4- microcrystallization enhances ionic Seebeck effect and antifreezing flexible heat harvesting,"Thermocells based on ionic Seebeck effect utilize waste low-grade heat for electrical energy storage/supply, offering promising solutions for global energy sustainability.","The thermocell allows excellent anti-freezing and mechanically flexible properties, and enhanced ionic Seebeck effect in a wide temperature window (-33 - 62 degrees C).","Thermocells based on ionic Seebeck effect utilize waste low-grade heat for electrical energy storage/supply, offering promising solutions for global energy sustainability.",P0291,Quasi-solid-State Electrolytes for Low-Grade Thermal Energy Harvesting using a Cobalt Redox Couple,MPN cobalt bipyridyl redox electrolyte gelled with PVDF or PVDF-HFP,quasi-solid gel suppresses leakage while cobalt redox diffusivity/concentration and electrode spacing determine thermocell performance,iTE_lever_complements_TG_system,curated_rule:antifreeze_cobalt_ionogel; no semantic-similarity inference,claim; mechanism,claim; mechanism,claim_direct_support,,False,,False,accepted_claim_direct,True,True
PRG_cf22ac785fee,antifreeze_cobalt_ionogel,把 iTE 低凝固混合溶剂迁移到 Co 配合物准固态 TG,INSIGHT_64CDBBECD2,P0408,2024,Electrode-dependent thermoelectric effect in ionic hydrogel fiber for self-powered sensing and low-grade heat harvesting,10.1016/j.cej.2024.154970,B_direct_needs_evidence_repair,E2_mechanism_and_outcome_exact_needs_repair,H2_repair_then_test,core_iTE,antifreeze_or_low_volatility_gel; self_healing_or_tough_gel; electrode_interface,抗冻/低挥发凝胶; 自修复/强韧凝胶; 电极界面,LiTFSI improves conductivity and antifreezing/self-healing,"In this work, ionic thermoelectric 1D PAM/LiTFSI4 hydrogel fibers with high aspect ratio, inherent flexibility, conductivity, anti-freezing, self-adhesion and self-healing properties are constructed by free radical polymerization technology based on a template strategy, which contains a PAM polymer matrix and an LiTFSI conductive material.","What's more, thanks to the introduction of LiTFSI, the microstructure and molecular network system of hydrogel fibers are reshaped, which significantly improved the ionic conductivity of hydrogel fiber, and endowed them with anti-freezing, selfadhesion and self-healing properties.","Based on thermal diffusion, owing to the ion size difference, the covalent cross-linked polymer network and the electrode-dependent effect promote rapid transport of the cations and boost ion concentration difference, resulting in a huge ionic Seebeck coefficient of 19.02 mV K- 1.",P0291,Quasi-solid-State Electrolytes for Low-Grade Thermal Energy Harvesting using a Cobalt Redox Couple,MPN cobalt bipyridyl redox electrolyte gelled with PVDF or PVDF-HFP,quasi-solid gel suppresses leakage while cobalt redox diffusivity/concentration and electrode spacing determine thermocell performance,iTE_lever_complements_TG_system,curated_rule:antifreeze_cobalt_ionogel; no semantic-similarity inference,claim; intervention; mechanism,claim; intervention; mechanism,claim_direct_support,,False,,False,accepted_claim_direct,True,True
PRG_cf22ac785fee,antifreeze_cobalt_ionogel,把 iTE 低凝固混合溶剂迁移到 Co 配合物准固态 TG,INSIGHT_05865BA276,P0365,2024,"Highly stretchable, low-hysteresis, and antifreeze hydrogel for low-grade thermal energy harvesting in ionic thermoelectric Supercapacitors",10.1016/j.mtphys.2024.101589,A_direct_evidence_ready,E3_mechanism_and_outcome_exact,H1_evidence_ready,core_iTE,hydration_and_solvation; antifreeze_or_low_volatility_gel,水合与溶剂化; 抗冻/低挥发凝胶,"LiCl supplies conductive ions, hydration-based antifreezing, and moisture-assisted self-regeneration","Lastly, the fabricated ionic thermoelectric supercapacitor can generate a thermoelectric voltage of 0.182 V under a Delta T of 12 K, with a power density of 6.68 mW m(-2), showing promising prospects for application in waste heat harvest fields.","Furthermore, due to the hydration properties of LiCl, the ionic hydrogels exhibit excellent freeze resistance and the capability to absorb moisture for self-regeneration upon drying.","Lastly, the fabricated ionic thermoelectric supercapacitor can generate a thermoelectric voltage of 0.182 V under a Delta T of 12 K, with a power density of 6.68 mW m(-2), showing promising prospects for application in waste heat harvest fields.",P0291,Quasi-solid-State Electrolytes for Low-Grade Thermal Energy Harvesting using a Cobalt Redox Couple,MPN cobalt bipyridyl redox electrolyte gelled with PVDF or PVDF-HFP,quasi-solid gel suppresses leakage while cobalt redox diffusivity/concentration and electrode spacing determine thermocell performance,iTE_lever_complements_TG_system,curated_rule:antifreeze_cobalt_ionogel; no semantic-similarity inference,claim,claim,claim_direct_support,,False,,False,accepted_claim_direct,True,True
PRG_cf22ac785fee,antifreeze_cobalt_ionogel,把 iTE 低凝固混合溶剂迁移到 Co 配合物准固态 TG,INSIGHT_F7A2D87EB1,P0346,2025,"Biodegradable, ionic thermoelectric composites via self-assembly of dipeptides and deep eutectic solvents",10.1007/s42114-025-01239-8,B_direct_needs_evidence_repair,E2_mechanism_and_outcome_exact_needs_repair,H2_repair_then_test,core_iTE,hydration_and_solvation; antifreeze_or_low_volatility_gel,水合与溶剂化; 抗冻/低挥发凝胶,deep eutectic solvent provides ionic conductivity while preserving biodegradable peptide network,"Self-assembled peptide composites, particularly diphenylalanine (FF) derivatives, represent a promising class of materials for such electronics due to their inherent biodegradability and ease of hybridization with functional materials.","Self-assembled peptide composites, particularly diphenylalanine (FF) derivatives, represent a promising class of materials for such electronics due to their inherent biodegradability and ease of hybridization with functional materials.","The Fmoc-FF eutectogels exhibited an ionic conductivity of up to 47.5 mS center dot cm-1 and a Seebeck coefficient of 7.39 mV center dot K-1, making them suitable for heat harvesting.",P0291,Quasi-solid-State Electrolytes for Low-Grade Thermal Energy Harvesting using a Cobalt Redox Couple,MPN cobalt bipyridyl redox electrolyte gelled with PVDF or PVDF-HFP,quasi-solid gel suppresses leakage while cobalt redox diffusivity/concentration and electrode spacing determine thermocell performance,iTE_lever_complements_TG_system,curated_rule:antifreeze_cobalt_ionogel; no semantic-similarity inference,claim,claim,claim_direct_support,DES_COMPOSITION_ONLY: A DES/eutectogel composition is reported without claim-level low-temperature or low-volatility evidence.,False,DES_COMPOSITION_ONLY: A DES/eutectogel composition is reported without claim-level low-temperature or low-volatility evidence.,True,accepted_with_scope_caveat,True,True
PRG_cf22ac785fee,antifreeze_cobalt_ionogel,把 iTE 低凝固混合溶剂迁移到 Co 配合物准固态 TG,INSIGHT_0700C3556C,P1512,2024,"Robust, transparent, self-healable, recyclable all-starch-based gel with thermoelectric capability for wearable sensor",10.1016/j.ijbiomac.2024.135822,C_adjacent_enabling_evidence,E3_mechanism_and_outcome_exact,H1_evidence_ready,adjacent_enabling,antifreeze_or_low_volatility_gel; self_healing_or_tough_gel,抗冻/低挥发凝胶; 自修复/强韧凝胶,"UC solvent gives ionic conductivity, self-healing, antifreezing robustness, and ionic-concentration-gradient-enhanced thermoelectric response","In addition, UC endowed the ASB gel with ion conductivity, allowing it to be used as a flexible strain sensor to monitor human movement.","The ion-conductive ASB gel also exhibited thermoelectric ability with a Seebeck coefficient of 2.5 mV K-1, which can be further improved to 5 mV K-1 with a maximum output voltage of 252 mV by introducing a gradient of ionic concentration.","The ion-conductive ASB gel also exhibited thermoelectric ability with a Seebeck coefficient of 2.5 mV K-1, which can be further improved to 5 mV K-1 with a maximum output voltage of 252 mV by introducing a gradient of ionic concentration.",P0291,Quasi-solid-State Electrolytes for Low-Grade Thermal Energy Harvesting using a Cobalt Redox Couple,MPN cobalt bipyridyl redox electrolyte gelled with PVDF or PVDF-HFP,quasi-solid gel suppresses leakage while cobalt redox diffusivity/concentration and electrode spacing determine thermocell performance,iTE_lever_complements_TG_system,curated_rule:antifreeze_cobalt_ionogel; no semantic-similarity inference,claim,claim,claim_direct_support,,False,,False,accepted_claim_direct,True,True
PRG_cf22ac785fee,antifreeze_cobalt_ionogel,把 iTE 低凝固混合溶剂迁移到 Co 配合物准固态 TG,INSIGHT_AFEC7429C3,P0559,2022,Quasi-solid conductive gels with high thermoelectric properties and high mechanical stretchability consisting of a low cost and green deep eutectic solvent,10.1039/d1ta09707e,C_adjacent_enabling_evidence,E3_mechanism_and_outcome_exact,H1_evidence_ready,adjacent_enabling,hydration_and_solvation; moisture_or_evaporation_gradient; antifreeze_or_low_volatility_gel; self_healing_or_tough_gel,水合与溶剂化; 湿度/蒸发梯度; 抗冻/低挥发凝胶; 自修复/强韧凝胶,deep eutectic solvent provides nonvolatile ionic conductivity and high Seebeck coefficient within stretchable WPU gel,"Here, we report the high TE and mechanical properties of eutectogels made of elastomeric water-borne polyurethane (WPU) and choline chloride (ChCl):ethylene glycol (EG).","Ionic thermoelectric (TE) materials such as ionic hydrogels and ionogels consisting of ionic liquids have emerged as next generation TE materials because of their quasi-solid states and high TE properties, particularly high ionic Seebeck coefficient.","The eutectogels can exhibit a high ionic Seebeck coefficient of 19.5 mV K-1, a high ionic conductivity of 8.4 mS cm(-1) and a low thermal conductivity of 0.20 W m(-1) K-1 at a relative humidity of 90%.",P0291,Quasi-solid-State Electrolytes for Low-Grade Thermal Energy Harvesting using a Cobalt Redox Couple,MPN cobalt bipyridyl redox electrolyte gelled with PVDF or PVDF-HFP,quasi-solid gel suppresses leakage while cobalt redox diffusivity/concentration and electrode spacing determine thermocell performance,iTE_lever_complements_TG_system,curated_rule:antifreeze_cobalt_ionogel; no semantic-similarity inference,claim,claim,claim_direct_support,,False,,False,accepted_claim_direct,True,True
PRG_cf22ac785fee,antifreeze_cobalt_ionogel,把 iTE 低凝固混合溶剂迁移到 Co 配合物准固态 TG,INSIGHT_2CE5EA0256,P0512,2025,"Ultra-tough, self-healing, n-type liquid crystal elastomer thermoelectric lonogels via synergistic hydrogen-bonds and electrostatic interaction",10.1016/j.cej.2025.165588,C_adjacent_enabling_evidence,E1_partial_exact_evidence,H3_inspiration,adjacent_enabling,hydration_and_solvation; antifreeze_or_low_volatility_gel; self_healing_or_tough_gel,水合与溶剂化; 抗冻/低挥发凝胶; 自修复/强韧凝胶,"hydrogen bonds, electrostatic interactions, and phase separation between ions and LCE chains enable n-type thermopower, toughness, self-healing, and antifreezing","Additionally, the LCE i-TE film shows great freezing resistance and durability, maintaining over 95% of its thermopower after liquid nitrogen immersion or 1000 stretching cycles, respectively.","This multifunctional LCE i-TE film not only provides a new strategy for developing i-TE materials with n-type thermoelectric and superior mechanical properties, but also broadens the potential in flexible wearable, extreme, high-intensity scenarios.","Benefiting from multiple hydrogen bonds and electrostatic interactions between ions and LCE molecular chains, as well as phase separation effects, this film exhibits n-type characteristics while achieves a maximum tensile strain of 1570% and tensile strength of 2.85 MPa, and demonstrates self-healing within 3 h at room temperature.",P0291,Quasi-solid-State Electrolytes for Low-Grade Thermal Energy Harvesting using a Cobalt Redox Couple,MPN cobalt bipyridyl redox electrolyte gelled with PVDF or PVDF-HFP,quasi-solid gel suppresses leakage while cobalt redox diffusivity/concentration and electrode spacing determine thermocell performance,iTE_lever_complements_TG_system,curated_rule:antifreeze_cobalt_ionogel; no semantic-similarity inference,claim,claim,claim_direct_support,,False,,False,accepted_claim_direct,True,True
PRG_cf22ac785fee,antifreeze_cobalt_ionogel,把 iTE 低凝固混合溶剂迁移到 Co 配合物准固态 TG,INSIGHT_F52BCFE6C1,P0509,2024,Enlightening thermoelectric mastery: Bio-inspired cellulose gel containing eco-friendly deep eutectic solvents,10.1016/j.cej.2024.149344,A_direct_evidence_ready,E3_mechanism_and_outcome_exact,H1_evidence_ready,core_iTE,hydration_and_solvation; moisture_or_evaporation_gradient; antifreeze_or_low_volatility_gel,水合与溶剂化; 湿度/蒸发梯度; 抗冻/低挥发凝胶,"CNF/DES integration provides flexible ionic thermoelectric material with high Seebeck coefficient, conductivity, and low thermal conductivity","Leveraging the Seebeck effect, we create flexible organic thermoelectric materials by integrating cellulose nanofibril (CNF) from plants with a deep eutectic solvent (DES).","Leveraging the Seebeck effect, we create flexible organic thermoelectric materials by integrating cellulose nanofibril (CNF) from plants with a deep eutectic solvent (DES).","The achieved DES gel exhibits outstanding properties, including a high Seebeck coefficient (17.96 mV K-1), impressive ionic conductivity (7.16 mS cm-1), and low thermal conductivity (0.1847 W m-1 K-1) at room temperature with relative humidity of 60 %, marking a substantial advancement in thermoelectric performance.",P0291,Quasi-solid-State Electrolytes for Low-Grade Thermal Energy Harvesting using a Cobalt Redox Couple,MPN cobalt bipyridyl redox electrolyte gelled with PVDF or PVDF-HFP,quasi-solid gel suppresses leakage while cobalt redox diffusivity/concentration and electrode spacing determine thermocell performance,iTE_lever_complements_TG_system,curated_rule:antifreeze_cobalt_ionogel; no semantic-similarity inference,intervention; mechanism,intervention; mechanism,role_sentence_support,DES_COMPOSITION_ONLY: A DES/eutectogel composition is reported without claim-level low-temperature or low-volatility evidence.,False,DES_COMPOSITION_ONLY: A DES/eutectogel composition is reported without claim-level low-temperature or low-volatility evidence.,True,accepted_with_scope_caveat,False,True
PRG_cf22ac785fee,antifreeze_cobalt_ionogel,把 iTE 低凝固混合溶剂迁移到 Co 配合物准固态 TG,INSIGHT_8C9EFDEDA1,P1639,2016,Synthesis and Characterization of Polymer Electrolyte Using Deep Eutectic Solvents and Electrospun Poly(vinyl alcohol) Membrane,10.1021/acs.iecr.6b01754,C_adjacent_enabling_evidence,E3_mechanism_and_outcome_exact,H1_evidence_ready,adjacent_enabling,hydration_and_solvation; antifreeze_or_low_volatility_gel,水合与溶剂化; 抗冻/低挥发凝胶,DES uptake into thin PVA nonwoven membranes greatly increases ionic/electrical conductivity for polymer electrolyte use,"In this study, a polymer electrolyte was synthesized from poly(vinyl alcohol) (PVA) by electro-spinning technique followed by soaking in a series of deep eutectic solvents (DESs) to enhance the electrical conductivity of the product.","In this study, a polymer electrolyte was synthesized from poly(vinyl alcohol) (PVA) by electro-spinning technique followed by soaking in a series of deep eutectic solvents (DESs) to enhance the electrical conductivity of the product.","In this study, a polymer electrolyte was synthesized from poly(vinyl alcohol) (PVA) by electro-spinning technique followed by soaking in a series of deep eutectic solvents (DESs) to enhance the electrical conductivity of the product.",P0291,Quasi-solid-State Electrolytes for Low-Grade Thermal Energy Harvesting using a Cobalt Redox Couple,MPN cobalt bipyridyl redox electrolyte gelled with PVDF or PVDF-HFP,quasi-solid gel suppresses leakage while cobalt redox diffusivity/concentration and electrode spacing determine thermocell performance,iTE_lever_complements_TG_system,curated_rule:antifreeze_cobalt_ionogel; no semantic-similarity inference,intervention; mechanism; outcome,intervention; mechanism; outcome,role_sentence_support,DES_COMPOSITION_ONLY: A DES/eutectogel composition is reported without claim-level low-temperature or low-volatility evidence.,False,DES_COMPOSITION_ONLY: A DES/eutectogel composition is reported without claim-level low-temperature or low-volatility evidence.,True,accepted_with_scope_caveat,False,True
PRG_cf22ac785fee,antifreeze_cobalt_ionogel,把 iTE 低凝固混合溶剂迁移到 Co 配合物准固态 TG,INSIGHT_CBBF39ABD7,P0945,2024,High Fire-Safety and Multifunctional Eutectogel for Flexible Quasi-Solid-State Supercapacitors,10.1002/adfm.202411029,C_adjacent_enabling_evidence,E3_mechanism_and_outcome_exact,H1_evidence_ready,adjacent_enabling,hydration_and_solvation; antifreeze_or_low_volatility_gel; self_healing_or_tough_gel,水合与溶剂化; 抗冻/低挥发凝胶; 自修复/强韧凝胶,"hydrogen-bonded eutectogel provides ionic conductivity, thermoelectric conversion, flame retardancy, and self-healing for supercapacitors","In this work, a novel fire-safe and multifunctional deep eutectic solvent gel (DESG) is fabricated using acrylic acid and urea as hydrogen bond donors and choline chloride as a hydrogen bond acceptor.",The work provides new insights into the preparation and application of high fire-safety and multifunctional eutectogels for flexible quasi-solid-state supercapacitors.,"DESG shows a high ionic conductivity (0.552 S m-1), good electrochemical performance (specific capacitance: 106.8 F g-1), and a wide operating temperature range (-20-90 degrees C), being a promising candidate for flexible solid-state supercapacitors.",P0291,Quasi-solid-State Electrolytes for Low-Grade Thermal Energy Harvesting using a Cobalt Redox Couple,MPN cobalt bipyridyl redox electrolyte gelled with PVDF or PVDF-HFP,quasi-solid gel suppresses leakage while cobalt redox diffusivity/concentration and electrode spacing determine thermocell performance,iTE_lever_complements_TG_system,curated_rule:antifreeze_cobalt_ionogel; no semantic-similarity inference,intervention,intervention,role_sentence_support,,False,,False,accepted_role_sentence_support,False,True
PRG_e34db5baa25d,coordination_tuned_copper_tg,用聚合物配位强度调节 Cu/Cu2+ TG 的溶剂化熵与扩散,INSIGHT_DFDFCDB347,P0336,2025,Exceptional n-Type Ionic Thermoelectric Hydrogels by Synergistic Hydrophobic and Coordination Interactions,10.1002/adma.202510199,A_direct_evidence_ready,E3_mechanism_and_outcome_exact,H1_evidence_ready,core_iTE,coordination_or_ion_pairing; hydrophobic_partitioning; self_healing_or_tough_gel; thermodiffusion_or_soret,配位/离子对; 疏水微区分配; 自修复/强韧凝胶; 热扩散/Soret,"PVA hydroxyl groups coordinate with Cu2+; PVA and PMNT form hydrophobic associations and pi-pi stacking, enhancing thermophoretic difference between chloride anions and cations","Leveraging the amphiphilic nature of PVA, its hydrophilic hydroxyl groups form coordination bonds with Cu2+ ions from copper chloride (CuCl2), while its hydrophobic backbone interacts with water-soluble conjugated polymer (poly(3-(3 '-N,N,N-triethylammonium-1 '-propy-loxy)-4-methyl-2,5-thiophene chloride (PMNT).","This dual-interaction strategy approach enhances the thermophoretic difference between chloride anions (from both CuCl2 and PMNT) and cations, enabling the giant ionic thermopower.","Herein, a poly(vinyl alcohol) (PVA)-based n-type i-TE hydrogel is presented that exhibits both large negative S i (-38.6 mV K-1) and excellent stretchability (382.5%) through synergistic effect of coordination and hydrophobic interactions.",P0022,An N-Type Thermogalvanic Cell with a High Temperature Coefficient Based on the Cu/Cu(en)2 2+ Redox Couple,"Cu/Cu(en)2 2+ redox couple with ethylenediamine, Cu electrode, (NH4)2SO4 electrolyte",Cu/en chelation reaction creates large entropy change for high n-type thermogalvanic temperature coefficient,iTE_lever_complements_TG_system,curated_rule:coordination_tuned_copper_tg; no semantic-similarity inference,claim; intervention,claim; intervention,claim_direct_support,,False,,False,accepted_claim_direct,True,True
PRG_e34db5baa25d,coordination_tuned_copper_tg,用聚合物配位强度调节 Cu/Cu2+ TG 的溶剂化熵与扩散,INSIGHT_760ADBBB23,P0696,2023,Giant Negative Thermopower Enabled by Bidirectionally Anchored Cations in Multifunctional Polymers,10.1021/acsami.3c03143,C_adjacent_enabling_evidence,E3_mechanism_and_outcome_exact,H1_evidence_ready,adjacent_enabling,fixed_charge_selectivity; coordination_or_ion_pairing,固定电荷/离子选择性; 配位/离子对,"copper-coordinated chitosan confines cations, polycation electrolyte repels cations, and [CuCl4]2- configuration yields giant negative thermopower","The confinement effect of copper-coordinated chitosan on cations, the repulsive property of the polycationic electrolyte on cations, and the unique chemical configuration of a transition metal chloride anion ([CuCl4]2-) are the fundamental guarantees for achieving a thermopower of -28.4 mV center dot K-1.","The confinement effect of copper-coordinated chitosan on cations, the repulsive property of the polycationic electrolyte on cations, and the unique chemical configuration of a transition metal chloride anion ([CuCl4]2-) are the fundamental guarantees for achieving a thermopower of -28.4 mV center dot K-1.","The confinement effect of copper-coordinated chitosan on cations, the repulsive property of the polycationic electrolyte on cations, and the unique chemical configuration of a transition metal chloride anion ([CuCl4]2-) are the fundamental guarantees for achieving a thermopower of -28.4 mV center dot K-1.",P0022,An N-Type Thermogalvanic Cell with a High Temperature Coefficient Based on the Cu/Cu(en)2 2+ Redox Couple,"Cu/Cu(en)2 2+ redox couple with ethylenediamine, Cu electrode, (NH4)2SO4 electrolyte",Cu/en chelation reaction creates large entropy change for high n-type thermogalvanic temperature coefficient,iTE_lever_complements_TG_system,curated_rule:coordination_tuned_copper_tg; no semantic-similarity inference,claim; intervention; mechanism; outcome,claim; intervention; mechanism; outcome,claim_direct_support,,False,,False,accepted_claim_direct,True,True
PRG_e34db5baa25d,coordination_tuned_copper_tg,用聚合物配位强度调节 Cu/Cu2+ TG 的溶剂化熵与扩散,INSIGHT_67E47B4F3F,P0413,2025,N-type thermoelectric composite hydrogels enabling dual-channel ionic/electronic transport,10.1007/s42114-025-01495-8,C_adjacent_enabling_evidence,E3_mechanism_and_outcome_exact,H1_evidence_ready,adjacent_enabling,coordination_or_ion_pairing,配位/离子对,"PEDOT:PSS strengthens coordination between PVA matrix and Cu2+, facilitating Cl- migration","Introducing 5 vol% conductive polymer PEDOT:PSS aqueous solution into the PVA hydrogel strengthened chemical coordination between the polymer matrix and Cu2+ ions to facilitate mobile Cl- ions, resulting in an ultrahigh alpha of -22.8 mV K-1, further elevated to - 33.8 mV K-1 via freezing-thawing cycles.","Introducing 5 vol% conductive polymer PEDOT:PSS aqueous solution into the PVA hydrogel strengthened chemical coordination between the polymer matrix and Cu2+ ions to facilitate mobile Cl- ions, resulting in an ultrahigh alpha of -22.8 mV K-1, further elevated to - 33.8 mV K-1 via freezing-thawing cycles.","Introducing 5 vol% conductive polymer PEDOT:PSS aqueous solution into the PVA hydrogel strengthened chemical coordination between the polymer matrix and Cu2+ ions to facilitate mobile Cl- ions, resulting in an ultrahigh alpha of -22.8 mV K-1, further elevated to - 33.8 mV K-1 via freezing-thawing cycles.",P0022,An N-Type Thermogalvanic Cell with a High Temperature Coefficient Based on the Cu/Cu(en)2 2+ Redox Couple,"Cu/Cu(en)2 2+ redox couple with ethylenediamine, Cu electrode, (NH4)2SO4 electrolyte",Cu/en chelation reaction creates large entropy change for high n-type thermogalvanic temperature coefficient,iTE_lever_complements_TG_system,curated_rule:coordination_tuned_copper_tg; no semantic-similarity inference,claim; intervention; mechanism; outcome,claim; intervention; mechanism; outcome,claim_direct_support,,False,,False,accepted_claim_direct,True,True
PRG_e34db5baa25d,coordination_tuned_copper_tg,用聚合物配位强度调节 Cu/Cu2+ TG 的溶剂化熵与扩散,INSIGHT_0B65A54D49,P0397,2022,Specific behavior of transition metal chloride complexes for achieving giant ionic thermoelectric properties,10.1038/s41528-022-00213-4,A_direct_evidence_ready,E3_mechanism_and_outcome_exact,H1_evidence_ready,core_iTE,coordination_or_ion_pairing; hydration_and_solvation,配位/离子对; 水合与溶剂化,"carboxylated cellulose coordinates Cu2+ and converts Cu2+/Cl- motion into higher-heat transport of [CuCl4]2- anions, producing giant n-type thermopower","Here, we demonstrate a hydrated polyvinyl alcohol (PVA)-cellulosic membrane that relies on the thermal gradient diffusion of transition metal and chloride complexe [CuCl4](2-) enhanced by copper-coordinated carboxylated cellulose.","We attribute the enhanced thermally generated voltage to the highly-coordinated configuration of Cu2+ - Cl-, which converts the independent thermal motion of Cu2+ and Cl- to the higher ion transport heat of [CuCl4](2-) anion via carboxylated cellulose, while this phenomenon do not occur in the other transition metal chlorides.","The PVA-cellulosic membrane exhibits a thermopower of -26.25 mV center dot K-1, rendering it among the best n-type ionic thermoelectric materials under the same conditions.",P0022,An N-Type Thermogalvanic Cell with a High Temperature Coefficient Based on the Cu/Cu(en)2 2+ Redox Couple,"Cu/Cu(en)2 2+ redox couple with ethylenediamine, Cu electrode, (NH4)2SO4 electrolyte",Cu/en chelation reaction creates large entropy change for high n-type thermogalvanic temperature coefficient,iTE_lever_complements_TG_system,curated_rule:coordination_tuned_copper_tg; no semantic-similarity inference,intervention,intervention,role_sentence_support,,False,,False,accepted_role_sentence_support,False,True
PRG_e34db5baa25d,coordination_tuned_copper_tg,用聚合物配位强度调节 Cu/Cu2+ TG 的溶剂化熵与扩散,INSIGHT_11D583D44D,P0413,2025,N-type thermoelectric composite hydrogels enabling dual-channel ionic/electronic transport,10.1007/s42114-025-01495-8,C_adjacent_enabling_evidence,E2_mechanism_and_outcome_exact_needs_repair,H2_repair_then_test,adjacent_enabling,coordination_or_ion_pairing; electrode_interface,配位/离子对; 电极界面,electronic holes partially neutralize ion migration and allow external charge extraction,"Introducing 5 vol% conductive polymer PEDOT:PSS aqueous solution into the PVA hydrogel strengthened chemical coordination between the polymer matrix and Cu2+ ions to facilitate mobile Cl- ions, resulting in an ultrahigh alpha of -22.8 mV K-1, further elevated to - 33.8 mV K-1 via freezing-thawing cycles.","Driven by Delta T, holes accumulate at the cold end of the composite hydrogel, in part neutralizing Cl- migration and mitigating open-circuit voltages to an equilibrium value, whereas holes drifting toward electrodes allow charge extraction to the external circuit.","Introducing 5 vol% conductive polymer PEDOT:PSS aqueous solution into the PVA hydrogel strengthened chemical coordination between the polymer matrix and Cu2+ ions to facilitate mobile Cl- ions, resulting in an ultrahigh alpha of -22.8 mV K-1, further elevated to - 33.8 mV K-1 via freezing-thawing cycles.",P0022,An N-Type Thermogalvanic Cell with a High Temperature Coefficient Based on the Cu/Cu(en)2 2+ Redox Couple,"Cu/Cu(en)2 2+ redox couple with ethylenediamine, Cu electrode, (NH4)2SO4 electrolyte",Cu/en chelation reaction creates large entropy change for high n-type thermogalvanic temperature coefficient,iTE_lever_complements_TG_system,curated_rule:coordination_tuned_copper_tg; no semantic-similarity inference,intervention; outcome,intervention; outcome,role_sentence_support,,False,,False,accepted_role_sentence_support,False,True
PRG_4cca4840d8f1,hydrophobic_domain_triiodide,用可调疏水微区选择性分配 I3−，同时兼顾 TG 凝胶韧性,INSIGHT_DFDFCDB347,P0336,2025,Exceptional n-Type Ionic Thermoelectric Hydrogels by Synergistic Hydrophobic and Coordination Interactions,10.1002/adma.202510199,A_direct_evidence_ready,E3_mechanism_and_outcome_exact,H1_evidence_ready,core_iTE,coordination_or_ion_pairing; hydrophobic_partitioning; self_healing_or_tough_gel; thermodiffusion_or_soret,配位/离子对; 疏水微区分配; 自修复/强韧凝胶; 热扩散/Soret,"PVA hydroxyl groups coordinate with Cu2+; PVA and PMNT form hydrophobic associations and pi-pi stacking, enhancing thermophoretic difference between chloride anions and cations","Leveraging the amphiphilic nature of PVA, its hydrophilic hydroxyl groups form coordination bonds with Cu2+ ions from copper chloride (CuCl2), while its hydrophobic backbone interacts with water-soluble conjugated polymer (poly(3-(3 '-N,N,N-triethylammonium-1 '-propy-loxy)-4-methyl-2,5-thiophene chloride (PMNT).","This dual-interaction strategy approach enhances the thermophoretic difference between chloride anions (from both CuCl2 and PMNT) and cations, enabling the giant ionic thermopower.","Herein, a poly(vinyl alcohol) (PVA)-based n-type i-TE hydrogel is presented that exhibits both large negative S i (-38.6 mV K-1) and excellent stretchability (382.5%) through synergistic effect of coordination and hydrophobic interactions.",P0008,Thermogalvanic hydrogel-based e-skin for self-powered on-body dual-modal temperature and strain sensing,PVA hydrogel with I-/I3- redox couple and zwitterions,thermogalvanic redox conversion plus piezoresistive gel response enables self-powered temperature and strain sensing; zwitterions improve dehydration/cold resistance,iTE_lever_complements_TG_system,curated_rule:hydrophobic_domain_triiodide; no semantic-similarity inference,claim; outcome,claim; outcome,claim_direct_support,,False,,False,accepted_claim_direct,True,True
PRG_4cca4840d8f1,hydrophobic_domain_triiodide,用可调疏水微区选择性分配 I3−，同时兼顾 TG 凝胶韧性,INSIGHT_FA700222B0,P0466,2022,Anion Size Effect of Ionic Liquids in Tuning the Thermoelectric and Mechanical Properties of PEDOT:PSS Films through a Counterion Exchange Strategy,10.1021/acsami.2c05591,C_adjacent_enabling_evidence,E3_mechanism_and_outcome_exact,H1_evidence_ready,adjacent_enabling,hydrophobic_partitioning,疏水微区分配,"nFSI- counterion exchange tunes PEDOT pi-pi stacking, constructs bipolaron network, and shifts transport from hopping to band-like behavior","The pi-pi* stacking of the PEDOT polymer chains was fine-tuned by the hydrophobic anions of nFSI(-), providing a technical route for constructing a bipolaron network and inducing the transition from hopping transport to band-like transport.","The pi-pi* stacking of the PEDOT polymer chains was fine-tuned by the hydrophobic anions of nFSI(-), providing a technical route for constructing a bipolaron network and inducing the transition from hopping transport to band-like transport.","In this work, we report a counterion exchange between ionic liquid bis(x-fluorosulfonyl) amide lithium (Li:nFSI, n = 1, 3, 5) with different sizes of anions and a PEDOT:PSS-induced bipolaron network, which significantly boosted the thermoelectric power factor from 0.8 to 157 mu W m K-2 at 235 degrees C and the maximum tensile strain from 30% to over 30%.",P0008,Thermogalvanic hydrogel-based e-skin for self-powered on-body dual-modal temperature and strain sensing,PVA hydrogel with I-/I3- redox couple and zwitterions,thermogalvanic redox conversion plus piezoresistive gel response enables self-powered temperature and strain sensing; zwitterions improve dehydration/cold resistance,iTE_lever_complements_TG_system,curated_rule:hydrophobic_domain_triiodide; no semantic-similarity inference,claim,claim,claim_direct_support,ELECTRONIC_PI_STACKING_WITHOUT_ION_PARTITION_EVIDENCE: PEDOT electronic pi-pi stacking is not evidence for ionic I3- partitioning into hydrophobic domains.,False,ELECTRONIC_PI_STACKING_WITHOUT_ION_PARTITION_EVIDENCE: PEDOT electronic pi-pi stacking is not evidence for ionic I3- partitioning into hydrophobic domains.,True,accepted_with_scope_caveat,True,True
PRG_00699a1a9edc,reconfigurable_auxiliary_soret_tg,用可切换 Soret 单元为 I−/I3− TG 构建等效 p/n 腿,INSIGHT_12F77ADB6E,P0373,2023,Reversible bipolar thermopower of ionic thermoelectric polymer composite for cyclic energy generation,10.1038/s41467-023-36018-w,A_direct_evidence_ready,E3_mechanism_and_outcome_exact,H1_evidence_ready,core_iTE,thermodiffusion_or_soret; polarity_switching; electrode_interface,热扩散/Soret; 热电极性切换; 电极界面,switching electrodes alternates dominant cation/anion thermodiffusion for cyclic power generation,"Here, we reported a reversible bipolar thermopower (+20.2 mV K-1 to -10.2 mV K-1) of the same composite by manipulating the interactions of ions and electrodes.","Meanwhile, a promising ionic thermoelectric generator was proposed to achieve cyclic power generation under a constant heat course only by switching the external electrodes that can effectively realize the alternating dominated thermodiffusion of cations and anions.","Here, we reported a reversible bipolar thermopower (+20.2 mV K-1 to -10.2 mV K-1) of the same composite by manipulating the interactions of ions and electrodes.",P0093,P-N conversion in thermogalvanic cells induced by thermo-sensitive nanogels for body heat harvesting,I-/I3- thermogalvanic cell with PNIPAM thermosensitive nanogels,"PNIPAM nanogels selectively capture I3- at hot side and release at cold side, creating free-I3- concentration gradient and p-n Seebeck inversion",iTE_lever_complements_TG_system,curated_rule:reconfigurable_auxiliary_soret_tg; no semantic-similarity inference,claim; intervention; outcome,claim; intervention; outcome,claim_direct_support,,False,,False,accepted_claim_direct,True,True
PRG_00699a1a9edc,reconfigurable_auxiliary_soret_tg,用可切换 Soret 单元为 I−/I3− TG 构建等效 p/n 腿,INSIGHT_676950CAE4,P0373,2023,Reversible bipolar thermopower of ionic thermoelectric polymer composite for cyclic energy generation,10.1038/s41467-023-36018-w,A_direct_evidence_ready,E3_mechanism_and_outcome_exact,H1_evidence_ready,core_iTE,polarity_switching; electrode_interface,热电极性切换; 电极界面,manipulating ion-electrode interactions gives reversible bipolar thermopower,"Here, we reported a reversible bipolar thermopower (+20.2 mV K-1 to -10.2 mV K-1) of the same composite by manipulating the interactions of ions and electrodes.","However, generating cyclic power by ionic thermoelectric modules remains challenging, since the ions cannot travel across the electrode interface.","Here, we reported a reversible bipolar thermopower (+20.2 mV K-1 to -10.2 mV K-1) of the same composite by manipulating the interactions of ions and electrodes.",P0093,P-N conversion in thermogalvanic cells induced by thermo-sensitive nanogels for body heat harvesting,I-/I3- thermogalvanic cell with PNIPAM thermosensitive nanogels,"PNIPAM nanogels selectively capture I3- at hot side and release at cold side, creating free-I3- concentration gradient and p-n Seebeck inversion",iTE_lever_complements_TG_system,curated_rule:reconfigurable_auxiliary_soret_tg; no semantic-similarity inference,claim; intervention; outcome,claim; intervention; outcome,claim_direct_support,,False,,False,accepted_claim_direct,True,True
PRG_00699a1a9edc,reconfigurable_auxiliary_soret_tg,用可切换 Soret 单元为 I−/I3− TG 构建等效 p/n 腿,INSIGHT_26D6C5F1F3,P0348,2025,Amine-functionalized lignin hydrogels for high-performance N-type ionic thermoelectric materials,10.1039/d4gc06542e,A_direct_evidence_ready,E3_mechanism_and_outcome_exact,H1_evidence_ready,core_iTE,polarity_switching,热电极性切换,cross-linking and amine functionalization transform lignin hydrogel from p-type to n-type; KCl infiltration provides high ionic conductivity and negative thermopower,"The optimized functionalized lignin-based hydrogel when infiltrated with a 1 M KCl electrolyte, exhibits a negative ionic thermopower (-7.48 mV K-1) and high ionic conductivity (39.9 mS cm-1).",This research demonstrates the transformation of lignin-based hydrogels from p-type to n-type materials through a green synthesis approach involving cross-linking and amine functionalization.,"The optimized functionalized lignin-based hydrogel when infiltrated with a 1 M KCl electrolyte, exhibits a negative ionic thermopower (-7.48 mV K-1) and high ionic conductivity (39.9 mS cm-1).",P0093,P-N conversion in thermogalvanic cells induced by thermo-sensitive nanogels for body heat harvesting,I-/I3- thermogalvanic cell with PNIPAM thermosensitive nanogels,"PNIPAM nanogels selectively capture I3- at hot side and release at cold side, creating free-I3- concentration gradient and p-n Seebeck inversion",iTE_lever_complements_TG_system,curated_rule:reconfigurable_auxiliary_soret_tg; no semantic-similarity inference,claim; mechanism,claim; mechanism,claim_direct_support,STATIC_TYPE_CHANGE_NOT_REVERSIBLE_SWITCH: Static composition-driven p/n conversion.,False,STATIC_TYPE_CHANGE_NOT_REVERSIBLE_SWITCH: Static composition-driven p/n conversion.,True,accepted_with_scope_caveat,True,True
PRG_00699a1a9edc,reconfigurable_auxiliary_soret_tg,用可切换 Soret 单元为 I−/I3− TG 构建等效 p/n 腿,INSIGHT_15BC6EEC21,P0357,2025,High-thermopower ionic thermoelectric hydrogels for low-grade heat harvesting and intelligent fire protection,10.1039/d5ta04718h,A_direct_evidence_ready,E3_mechanism_and_outcome_exact,H1_evidence_ready,core_iTE,polarity_switching,热电极性切换,NaCl content tunes thermoelectric type from n-type to p-type,"Afterwards, an ionic thermoelectric pair (p-n junction) with superior thermoelectric performance was constructed.",It was found that the thermoelectric type of HIG transitioned from negative (n-type) to positive (p-type) as the sodium chloride content increased from 0.67 wt% to 1.00 wt%.,"When burned, HIG rapidly generated a voltage exceeding 50 mV and triggered a fire alarm within 4 s, demonstrating excellent thermoelectric efficiency and sensitive early fire-warning capability.",P0093,P-N conversion in thermogalvanic cells induced by thermo-sensitive nanogels for body heat harvesting,I-/I3- thermogalvanic cell with PNIPAM thermosensitive nanogels,"PNIPAM nanogels selectively capture I3- at hot side and release at cold side, creating free-I3- concentration gradient and p-n Seebeck inversion",iTE_lever_complements_TG_system,curated_rule:reconfigurable_auxiliary_soret_tg; no semantic-similarity inference,claim; mechanism,claim; mechanism,claim_direct_support,STATIC_TYPE_CHANGE_NOT_REVERSIBLE_SWITCH: Static salt-content p/n tuning.,False,STATIC_TYPE_CHANGE_NOT_REVERSIBLE_SWITCH: Static salt-content p/n tuning.,True,accepted_with_scope_caveat,True,True
PRG_00699a1a9edc,reconfigurable_auxiliary_soret_tg,用可切换 Soret 单元为 I−/I3− TG 构建等效 p/n 腿,INSIGHT_538E4A6C2A,P1553,2020,Chloride transport in conductive polymer films for an n-type thermoelectric platform,10.1039/c9ee02399b,A_direct_evidence_ready,E3_mechanism_and_outcome_exact,H1_evidence_ready,core_iTE,ion_electron_coupling; polarity_switching,离子–电子耦合; 热电极性切换,"Cu2+ binds PSS and forms Cl- channels, converting PEDOT:PSS from p-type to n-type ionic thermoelectric behavior","In addition, electron spin resonance spectroscopy indicated the major spin density transition from a polaron of PEDOT:PSS to the polymer-bound unpaired electron spin of Cu ions by increasing the CuCl2 content to prove the binding of metal ions with the PSS unit of the polymer chain.","The p-type TE properties of the PEDOT:PSS films was drastically converted into the n-type TE properties in the presence of CuCl2 through metal binding with polymers, thus resulting in the formation of Cl- channels.",These mixed ionicelectronic NPC films recorded a surprisingly high negative S value of over -18.2 mV K-1 and a power factor of 1.7 mW m(-1) K-2 at 80% RH with 40 wt% of CuCl2.,P0093,P-N conversion in thermogalvanic cells induced by thermo-sensitive nanogels for body heat harvesting,I-/I3- thermogalvanic cell with PNIPAM thermosensitive nanogels,"PNIPAM nanogels selectively capture I3- at hot side and release at cold side, creating free-I3- concentration gradient and p-n Seebeck inversion",iTE_lever_complements_TG_system,curated_rule:reconfigurable_auxiliary_soret_tg; no semantic-similarity inference,claim,claim,claim_direct_support,STATIC_TYPE_CHANGE_NOT_REVERSIBLE_SWITCH: Static material conversion to n-type.,False,STATIC_TYPE_CHANGE_NOT_REVERSIBLE_SWITCH: Static material conversion to n-type.,True,accepted_with_scope_caveat,True,True
PRG_00699a1a9edc,reconfigurable_auxiliary_soret_tg,用可切换 Soret 单元为 I−/I3− TG 构建等效 p/n 腿,INSIGHT_FBEF0A59E7,P1109,2021,Anionic conduction mediated giant n-type Seebeck coefficient in doped Poly(3-hexylthiophene) free-standing films,10.1016/j.mtphys.2020.100307,A_direct_evidence_ready,E3_mechanism_and_outcome_exact,H1_evidence_ready,core_iTE,thermodiffusion_or_soret; polarity_switching,热扩散/Soret; 热电极性切换,Cl- thermodiffusion changes conduction from p-type electronic to n-type ionic and produces giant negative Seebeck coefficient,The present work demonstrates a totally radical change in conduction nature from typical p-type to n-type through ionic transport in FeCl3 doped free-standing poly(3-hexylthiophene) (P3HT) films.,The thermodiffusion of Cl- ions generated a giant negative Seebeck coefficient (similar to 2.7 mV/K) and a moderately high electrical conductivity (similar to 1 S/cm); an unprecedented level in polymers.,The thermodiffusion of Cl- ions generated a giant negative Seebeck coefficient (similar to 2.7 mV/K) and a moderately high electrical conductivity (similar to 1 S/cm); an unprecedented level in polymers.,P0093,P-N conversion in thermogalvanic cells induced by thermo-sensitive nanogels for body heat harvesting,I-/I3- thermogalvanic cell with PNIPAM thermosensitive nanogels,"PNIPAM nanogels selectively capture I3- at hot side and release at cold side, creating free-I3- concentration gradient and p-n Seebeck inversion",iTE_lever_complements_TG_system,curated_rule:reconfigurable_auxiliary_soret_tg; no semantic-similarity inference,intervention,intervention,role_sentence_support,STATIC_TYPE_CHANGE_NOT_REVERSIBLE_SWITCH: Carrier-type crossover without reversible switching.,False,STATIC_TYPE_CHANGE_NOT_REVERSIBLE_SWITCH: Carrier-type crossover without reversible switching.,True,accepted_with_scope_caveat,False,True
PRG_0f7a0b8392d8,donnan_interphase_ferricyanide,在 TG 电极前构建 Donnan 界面层，调节 3−/4− 局部活度与动力学,INSIGHT_B1EA242A2A,P0400,2022,Interfacial Effect Boosts the Performance of All-Polymer Ionic Thermoelectric Supercapacitors,10.1002/admi.202201058,A_direct_evidence_ready,E3_mechanism_and_outcome_exact,H1_evidence_ready,core_iTE,fixed_charge_selectivity; electrode_interface,固定电荷/离子选择性; 电极界面,PEDOT:PSS polyanions cause Donnan exclusion and negative thermopower,"Moreover, a new strategy of constructing an ionic thermopile of multiple p- and n-type legs is achieved by series-connecting these legs with same electrolyte but different electrodes.",The achieved negative sign of the S-eff could be attributed to the Donnan exclusive effect from the polyanions in the PEDOT:PSS electrodes.,"After examining the thermovoltage, capacitance and charge retention performance of the two ITESCs, it is concluded that PEDOT:PSS is superior to AuNWs as electrodes.",P0041,Self-assembled monolayers for electrostatic electrocatalysis and enhanced electrode stability in thermogalvanic cells,gold electrodes modified with (3-trimethylammonium bromide)thiopropane SAMs in K3/K4[Fe(CN)6] thermocells,electrostatically charged SAMs electrocatalyze ferri/ferrocyanide redox and suppress gold passivation,iTE_lever_complements_TG_system,curated_rule:donnan_interphase_ferricyanide; no semantic-similarity inference,claim; mechanism,claim; mechanism,claim_direct_support,,False,,False,accepted_claim_direct,True,True
PRG_0f7a0b8392d8,donnan_interphase_ferricyanide,在 TG 电极前构建 Donnan 界面层，调节 3−/4− 局部活度与动力学,INSIGHT_5F26A176C1,P0662,2016,Thermal potential of ion-exchange membranes and its application to thermoelectric power generation,10.1016/j.memsci.2015.10.042,C_adjacent_enabling_evidence,E3_mechanism_and_outcome_exact,H1_evidence_ready,adjacent_enabling,fixed_charge_selectivity,固定电荷/离子选择性,"thermal membrane potential arises from ionic heats of transport, nonisothermal Donnan potentials, temperature polarization, and thermally induced concentration polarization",,"The theory of thermal membrane potential has been derived taking into account the ionic heats of transport, the non-isothermal Donnan potentials, the temperature polarization, and the thermally-induced concentration polarization of the electrolyte.",The low efficiency and high price of thermoelectric semiconductors has generated interest in unconventional forms of thermoelectric materials.,P0041,Self-assembled monolayers for electrostatic electrocatalysis and enhanced electrode stability in thermogalvanic cells,gold electrodes modified with (3-trimethylammonium bromide)thiopropane SAMs in K3/K4[Fe(CN)6] thermocells,electrostatically charged SAMs electrocatalyze ferri/ferrocyanide redox and suppress gold passivation,iTE_lever_complements_TG_system,curated_rule:donnan_interphase_ferricyanide; no semantic-similarity inference,claim; mechanism,claim; mechanism,claim_direct_support,,False,,False,accepted_claim_direct,True,True
PRG_791da0044d52,osmotic_gradient_plus_tg,把温差诱导的渗透浓度势与 TG 红氧电势串联，而非只做单一机制,INSIGHT_D3547F60D9,P0360,2025,Ionic thermoelectric osmotic energy conversion for harvesting low-grade waste heat from electronic heat sink,10.1016/j.energy.2025.138825,B_direct_needs_evidence_repair,E2_mechanism_and_outcome_exact_needs_repair,H2_repair_then_test,core_iTE,fixed_charge_selectivity; oriented_or_confined_channels; osmotic_or_concentration_gradient,固定电荷/离子选择性; 取向/限域离子通道; 渗透/浓度梯度,ion-selective nanopore transport under a temperature gradient converts heat to osmotic power,We present an ionic thermoelectric osmotic energy conversion device for harvesting low-grade waste heat from an electronic heat sink.,"When the heat flux of electronic heat sink is increased from 1000 W/m2 to 3000 W/m2, the ionic thermoelectric osmotic power density after 90 min' operation is consolidated from 11.69 mW/m2 to 77.01 mW/m2 owing to the increased temperature difference from 18.24 degrees C to 43.60 degrees C between aqueous solutions across the ion exchange membrane.","When the heat flux of electronic heat sink is increased from 1000 W/m2 to 3000 W/m2, the ionic thermoelectric osmotic power density after 90 min' operation is consolidated from 11.69 mW/m2 to 77.01 mW/m2 owing to the increased temperature difference from 18.24 degrees C to 43.60 degrees C between aqueous solutions across the ion exchange membrane.",P0021,Bioinspired double-layer thermogalvanic cells with engineered ionic gradients for high-efficiency waste heat recovery,double-layer gelatin K4[Fe(CN)6]/K3[Fe(CN)6] thermogalvanic cell,spatially separated redox gel layers maintain ion concentration gradients and boost thermogalvanic voltage/efficiency,iTE_lever_complements_TG_system,curated_rule:osmotic_gradient_plus_tg; no semantic-similarity inference,claim; intervention; mechanism; outcome,claim; intervention; mechanism; outcome,claim_direct_support,,False,,False,accepted_claim_direct,True,True
PRG_791da0044d52,osmotic_gradient_plus_tg,把温差诱导的渗透浓度势与 TG 红氧电势串联，而非只做单一机制,INSIGHT_D070C94CE0,P0919,2022,Ion regulation in double-network hydrogel module with ultrahigh thermopower for low-grade heat harvesting,10.1016/j.nanoen.2021.106738,A_direct_evidence_ready,E3_mechanism_and_outcome_exact,H1_evidence_ready,core_iTE,self_healing_or_tough_gel; osmotic_or_concentration_gradient; electrode_interface,自修复/强韧凝胶; 渗透/浓度梯度; 电极界面,"selective ion localization and thermo-osmotic transport regulate anion mobility, producing ultrahigh ionic thermopower","We report an ultrahigh thermopower of 19.32 mV K-1 on a stretchable thermoelectric module by the assembly of porous electrodes and hybrid hydrogel, containing 1-ethyl-3-methylimidazolium and tetrafluoroborate ions and polyethylene glycol.","By regulating ion transport via the synergy of selective ion-localization and thermo-osmotic mechanism, such design provides an effective strategy to increase thermopower, and our device is endowed with high output power density, tailorable architecture, and excellent stretchability, which is showcased in a thermoelectric wristband for body heat recovery.","We report an ultrahigh thermopower of 19.32 mV K-1 on a stretchable thermoelectric module by the assembly of porous electrodes and hybrid hydrogel, containing 1-ethyl-3-methylimidazolium and tetrafluoroborate ions and polyethylene glycol.",P0021,Bioinspired double-layer thermogalvanic cells with engineered ionic gradients for high-efficiency waste heat recovery,double-layer gelatin K4[Fe(CN)6]/K3[Fe(CN)6] thermogalvanic cell,spatially separated redox gel layers maintain ion concentration gradients and boost thermogalvanic voltage/efficiency,iTE_lever_complements_TG_system,curated_rule:osmotic_gradient_plus_tg; no semantic-similarity inference,claim; mechanism,claim; mechanism,claim_direct_support,"THERMOOSMOSIS_VS_CONCENTRATION_GRADIENT_BOUNDARY: Thermo-osmotic transport and selective localization are adjacent to, but do not by themselves prove, a harvestable concentration/osmotic potential.",False,"THERMOOSMOSIS_VS_CONCENTRATION_GRADIENT_BOUNDARY: Thermo-osmotic transport and selective localization are adjacent to, but do not by themselves prove, a harvestable concentration/osmotic potential.",True,accepted_with_scope_caveat,True,True
PRG_791da0044d52,osmotic_gradient_plus_tg,把温差诱导的渗透浓度势与 TG 红氧电势串联，而非只做单一机制,INSIGHT_584BC35F5A,P1120,2025,Enhanced Thermopower by Asymmetric Doping of Sodium Chloride in Ionogels,10.1021/acs.nanolett.5c01479,A_direct_evidence_ready,E3_mechanism_and_outcome_exact,H1_evidence_ready,core_iTE,osmotic_or_concentration_gradient,渗透/浓度梯度,preintroduced ion-concentration gradient couples with temperature gradient to lower cation migration barrier and enhance ionic thermopower,"This improvement results from the coupling of the preintroduced ion concentration difference and temperature difference, which reduces the cation migration barrier in the direction of thermal diffusion, leading to significantly enhanced performance compared to symmetric doping.","This improvement results from the coupling of the preintroduced ion concentration difference and temperature difference, which reduces the cation migration barrier in the direction of thermal diffusion, leading to significantly enhanced performance compared to symmetric doping.","Therefore, we report that the PVDF-HFP/EMIM:Cl ionogel doped with NaCl achieves ionic thermopower values of 40.3 +/- 2.5 mV K-1 at 75 wt % IL and 24.4 +/- 1.1 mV K-1 at 33 wt % IL.",P0021,Bioinspired double-layer thermogalvanic cells with engineered ionic gradients for high-efficiency waste heat recovery,double-layer gelatin K4[Fe(CN)6]/K3[Fe(CN)6] thermogalvanic cell,spatially separated redox gel layers maintain ion concentration gradients and boost thermogalvanic voltage/efficiency,iTE_lever_complements_TG_system,curated_rule:osmotic_gradient_plus_tg; no semantic-similarity inference,claim,claim,claim_direct_support,,False,,False,accepted_claim_direct,True,True
PRG_791da0044d52,osmotic_gradient_plus_tg,把温差诱导的渗透浓度势与 TG 红氧电势串联，而非只做单一机制,INSIGHT_55B6AEB675,P0659,2017,Diffuse charge dynamics in ionic thermoelectrochemical systems,10.1103/physreve.96.022604,P_coupled_precedent,E3_mechanism_and_outcome_exact,B_coupled_benchmark,coupled_TG_benchmark,thermodiffusion_or_soret; osmotic_or_concentration_gradient,热扩散/Soret; 渗透/浓度梯度,Poisson-Nernst-Planck modeling shows thermovoltage develops on Debye time while Soret concentration gradients develop on bulk diffusion time,,"The charge dynamics are described mathematically by the Poisson-Nernst-Planck equations for dilute solutions, in which the ion flux is driven by electromigration, Brownian diffusion, and thermal diffusion under a temperature gradient.","From this, we show that the time scale on which the thermovoltage develops is the Debye time, 1/D kappa(2), where D is the Brownian diffusion coefficient of both ion species, and kappa(-1) is the Debye length.",P0021,Bioinspired double-layer thermogalvanic cells with engineered ionic gradients for high-efficiency waste heat recovery,double-layer gelatin K4[Fe(CN)6]/K3[Fe(CN)6] thermogalvanic cell,spatially separated redox gel layers maintain ion concentration gradients and boost thermogalvanic voltage/efficiency,iTE_lever_complements_TG_system,curated_rule:osmotic_gradient_plus_tg; no semantic-similarity inference,claim,claim,claim_direct_support,,False,,False,accepted_claim_direct,True,True
PRG_791da0044d52,osmotic_gradient_plus_tg,把温差诱导的渗透浓度势与 TG 红氧电势串联，而非只做单一机制,INSIGHT_E0C19E1485,P1665,2022,Charge Regulation and pH Effects on Thermo-Osmotic Conversion,10.3390/nano12162774,C_adjacent_enabling_evidence,E3_mechanism_and_outcome_exact,H1_evidence_ready,adjacent_enabling,fixed_charge_selectivity; ph_or_protonation_switch; osmotic_or_concentration_gradient,固定电荷/离子选择性; pH/质子化开关; 渗透/浓度梯度,"surface charge regulation, pore structure, and pH alter Nernst-Planck-Poisson ion transport under thermal gradients, tuning thermo-osmotic Seebeck coefficient",,"In this paper, a numerical simulation based on the Nernst-Planck-Poisson equations, Navier-Stokes equations, and heat transfer equations is carried out to consider the effect of surface charge-regulation density and pH of KCl solutions on the Seebeck coefficient.",The results show that the highest ionic Seebeck coefficient of -0.64 mV/K is obtained at 10(-4) M KCl solution and pH 9.,P0021,Bioinspired double-layer thermogalvanic cells with engineered ionic gradients for high-efficiency waste heat recovery,double-layer gelatin K4[Fe(CN)6]/K3[Fe(CN)6] thermogalvanic cell,spatially separated redox gel layers maintain ion concentration gradients and boost thermogalvanic voltage/efficiency,iTE_lever_complements_TG_system,curated_rule:osmotic_gradient_plus_tg; no semantic-similarity inference,claim,claim,claim_direct_support,THERMOOSMOSIS_VS_CONCENTRATION_GRADIENT_BOUNDARY: Thermo-osmotic Seebeck regulation is adjacent evidence; a persistent concentration/osmotic voltage and regeneration path remain unproven.,False,THERMOOSMOSIS_VS_CONCENTRATION_GRADIENT_BOUNDARY: Thermo-osmotic Seebeck regulation is adjacent evidence; a persistent concentration/osmotic voltage and regeneration path remain unproven.,True,accepted_with_scope_caveat,True,True
PRG_791da0044d52,osmotic_gradient_plus_tg,把温差诱导的渗透浓度势与 TG 红氧电势串联，而非只做单一机制,INSIGHT_D484D23F2C,P0713,2024,The Origin of Thermal Gradient-Induced Voltage in Polyelectrolytes,10.1002/smll.202308102,C_adjacent_enabling_evidence,E3_mechanism_and_outcome_exact,H1_evidence_ready,adjacent_enabling,moisture_or_evaporation_gradient; osmotic_or_concentration_gradient,湿度/蒸发梯度; 渗透/浓度梯度,water concentration gradient and hydrovoltaic voltage dominate thermal-gradient voltage,,"This conclusion is based on studies of the loss and gain of water upon temperature changes, variations in conductivity with water content and temperature, and the voltages induced by changes in water content.","The thermal voltage of polyelectrolyte films largely depends on the water concentration gradient under a temperature difference, which can be optimized to promote the generated total voltage up to over 30 mV K-1.image",P0021,Bioinspired double-layer thermogalvanic cells with engineered ionic gradients for high-efficiency waste heat recovery,double-layer gelatin K4[Fe(CN)6]/K3[Fe(CN)6] thermogalvanic cell,spatially separated redox gel layers maintain ion concentration gradients and boost thermogalvanic voltage/efficiency,iTE_lever_complements_TG_system,curated_rule:osmotic_gradient_plus_tg; no semantic-similarity inference,claim; outcome,claim; outcome,claim_direct_support,,False,,False,accepted_claim_direct,True,True
PRG_791da0044d52,osmotic_gradient_plus_tg,把温差诱导的渗透浓度势与 TG 红氧电势串联，而非只做单一机制,INSIGHT_E8A0E3E2D0,P0839,2021,Thermoelectric Ratchet Effect for Charge Carriers with Hopping Dynamics,10.1103/physrevlett.126.068001,C_adjacent_enabling_evidence,E3_mechanism_and_outcome_exact,H1_evidence_ready,adjacent_enabling,osmotic_or_concentration_gradient,渗透/浓度梯度,temperature-gradient-rectified activated ion jumps create thermoelectric ratchet effect; molecular concentration gradients add diffusiophoretic transport,,"We show that the huge Seebeck coefficients observed recently for ionic conductors arise from a ratchet effect where activated jumps between neighbor sites are rectified by a temperature gradient, thus driving mobile ions toward the cold.","We show that the huge Seebeck coefficients observed recently for ionic conductors arise from a ratchet effect where activated jumps between neighbor sites are rectified by a temperature gradient, thus driving mobile ions toward the cold.",P0021,Bioinspired double-layer thermogalvanic cells with engineered ionic gradients for high-efficiency waste heat recovery,double-layer gelatin K4[Fe(CN)6]/K3[Fe(CN)6] thermogalvanic cell,spatially separated redox gel layers maintain ion concentration gradients and boost thermogalvanic voltage/efficiency,iTE_lever_complements_TG_system,curated_rule:osmotic_gradient_plus_tg; no semantic-similarity inference,claim,claim,claim_direct_support,,False,,False,accepted_claim_direct,True,True
PRG_791da0044d52,osmotic_gradient_plus_tg,把温差诱导的渗透浓度势与 TG 红氧电势串联，而非只做单一机制,INSIGHT_8A9BA189F2,P1320,2014,Experimental measurements of the SP response to concentration and temperature gradients in sandstones with application to subsurface geophysical monitoring,10.1002/2014jb011249,C_adjacent_enabling_evidence,E3_mechanism_and_outcome_exact,H1_evidence_ready,adjacent_enabling,osmotic_or_concentration_gradient; electrode_interface,渗透/浓度梯度; 电极界面,temperature and concentration gradients generate exclusion-diffusion potentials,We report measurements of thermoelectric and electrochemical exclusion-diffusion potentials across sandstones saturated with NaCl brine and find that electrode effects can dominate the measured voltage.,"Exclusion-diffusion potentials arising from temperature gradients are widely neglected in self-potential (SP) surveys, despite the ubiquitous presence of temperature gradients in subsurface settings such as volcanoes and hot springs, geothermal fields, and oil reservoirs during production via water or steam injection.","Likewise, with the exception of borehole SP logging, exclusion-diffusion potentials arising from concentration gradients are also neglected or, at best, it is assumed that the diffusion potential dominates.",P0021,Bioinspired double-layer thermogalvanic cells with engineered ionic gradients for high-efficiency waste heat recovery,double-layer gelatin K4[Fe(CN)6]/K3[Fe(CN)6] thermogalvanic cell,spatially separated redox gel layers maintain ion concentration gradients and boost thermogalvanic voltage/efficiency,iTE_lever_complements_TG_system,curated_rule:osmotic_gradient_plus_tg; no semantic-similarity inference,claim; outcome,claim; outcome,claim_direct_support,,False,,False,accepted_claim_direct,True,True
PRG_791da0044d52,osmotic_gradient_plus_tg,把温差诱导的渗透浓度势与 TG 红氧电势串联，而非只做单一机制,INSIGHT_99199ABF47,P1457,2017,A computational approach to calculate the heat of transport of aqueous solutions,10.1038/srep44833,B_direct_needs_evidence_repair,E1_partial_exact_evidence,H3_inspiration,core_iTE,thermodiffusion_or_soret; osmotic_or_concentration_gradient,热扩散/Soret; 渗透/浓度梯度,ion-specific heats of transport for Li+ and Cl- determine Soret minima and concentration/temperature-dependent Seebeck coefficients,"Here we discuss a computational approach to calculate heats of transport of aqueous solutions at finite concentrations, and apply our method to study lithium chloride solutions at concentrations >0.5 M.","Thermal gradients induce concentration gradients in alkali halide solutions, and the salt migrates towards hot or cold regions depending on the average temperature of the solution.",The Seebeck coefficient obtained from the ionic heats of transport varies significantly with temperature and concentration.,P0021,Bioinspired double-layer thermogalvanic cells with engineered ionic gradients for high-efficiency waste heat recovery,double-layer gelatin K4[Fe(CN)6]/K3[Fe(CN)6] thermogalvanic cell,spatially separated redox gel layers maintain ion concentration gradients and boost thermogalvanic voltage/efficiency,iTE_lever_complements_TG_system,curated_rule:osmotic_gradient_plus_tg; no semantic-similarity inference,mechanism,mechanism,role_sentence_support,,False,,False,accepted_role_sentence_support,False,True
PRG_791da0044d52,osmotic_gradient_plus_tg,把温差诱导的渗透浓度势与 TG 红氧电势串联，而非只做单一机制,INSIGHT_1A90198267,P0713,2024,The Origin of Thermal Gradient-Induced Voltage in Polyelectrolytes,10.1002/smll.202308102,C_adjacent_enabling_evidence,E3_mechanism_and_outcome_exact,H1_evidence_ready,adjacent_enabling,hydration_and_solvation; moisture_or_evaporation_gradient; osmotic_or_concentration_gradient; electrode_interface,水合与溶剂化; 湿度/蒸发梯度; 渗透/浓度梯度; 电极界面,cation hydration changes barrier height and ion-induced electrode potential,,"The hydration of different cations influences the water concentration gradient, which affects the barrier height and ion-induced potential in the electrodes.","The thermal voltage of polyelectrolyte films largely depends on the water concentration gradient under a temperature difference, which can be optimized to promote the generated total voltage up to over 30 mV K-1.image",P0021,Bioinspired double-layer thermogalvanic cells with engineered ionic gradients for high-efficiency waste heat recovery,double-layer gelatin K4[Fe(CN)6]/K3[Fe(CN)6] thermogalvanic cell,spatially separated redox gel layers maintain ion concentration gradients and boost thermogalvanic voltage/efficiency,iTE_lever_complements_TG_system,curated_rule:osmotic_gradient_plus_tg; no semantic-similarity inference,mechanism; outcome,mechanism; outcome,role_sentence_support,,False,,False,accepted_role_sentence_support,False,True
PRG_a4dbfa46d1fd,micellization_triiodide_positive_control,正对照：把 iTE 的阴离子胶束固定迁移为 TG 中 I3− 的温敏捕获/释放,INSIGHT_BD3E153A86,P0383,2023,High Thermopower of Agarose-Based Ionic Thermoelectric Gel Through Micellization Effect Decoupling the Cation/Anion Thermodiffusion,10.1002/adfm.202305835,B_direct_needs_evidence_repair,E1_partial_exact_evidence,H3_inspiration,core_iTE,phase_or_species_transition; thermodiffusion_or_soret,相变/物种转变; 热扩散/Soret,"DBS- micellization in agarose immobilizes anions relative to Na+, decoupling cation/anion thermodiffusion and producing high p-type thermopower","Herein, it is shown a high p-type i-TE thermopower of 41.8 mV K-1 in agarose-based ionic thermoelectric gels of AG-x Na:DBS (AG: agarose, Na:DBS: sodium dodecyl benzene sulfonate).","As a result, the DBS- micelles are almost immobile as compared with Na+, which can be reconsidered as a part of the gel matrix.","Herein, it is shown a high p-type i-TE thermopower of 41.8 mV K-1 in agarose-based ionic thermoelectric gels of AG-x Na:DBS (AG: agarose, Na:DBS: sodium dodecyl benzene sulfonate).",P0071,p-n Conversion of Thermogalvanic Cells by Harnessing the Micellization of Thermoresponsive Diblock Copolymers,I-/I3- thermogalvanic cell with thermoresponsive diblock copolymers,"anion-polymer interactions and thermally induced micellization redistribute ions, invert hot/cold redox reactions, and enable p-n conversion",iTE_lever_complements_TG_system,curated_rule:micellization_triiodide_positive_control; no semantic-similarity inference,claim; mechanism,claim; mechanism,claim_direct_support,,False,,False,accepted_claim_direct,True,True
PRG_bee069aa7a26,alpha_cd_triiodide_positive_control,正对照：α-CD/I3− 主–客体作用已能直接进入 I−/I3− TG,INSIGHT_DB296045FD,P0337,2025,Host-Guest Complexation of α-Cyclodextrin and Triiodide Ions for Enhanced Performance of Ionic Thermoelectric Capacitors,10.1002/aenm.202405502,A_direct_evidence_ready,E3_mechanism_and_outcome_exact,H1_evidence_ready,core_iTE,host_guest_complexation; coordination_or_ion_pairing,主–客体络合; 配位/离子对,host-guest complexation between alpha-CD and I3- confines I3- diffusion inside alpha-CD cavities and increases mobility difference between I3- and sodium ions,"The strong host-guest complexation between alpha-CD and I3- confines the diffusion of I3- within the cylindrical cavities of alpha-CD, as evidenced by UV-vis spectroscopy and 13C-NMR analysis.","The strong host-guest complexation between alpha-CD and I3- confines the diffusion of I3- within the cylindrical cavities of alpha-CD, as evidenced by UV-vis spectroscopy and 13C-NMR analysis.","Accordingly, the optimized sample achieves an impressive positive ionic thermopower of 14.24 mV K-1 and a high ionic power factor of 477.2 mu W K-2 m-1.",P0283,Supramolecular Thermo-Electrochemical Cells: Enhanced Thermoelectric Performance by Host-Guest Complexation and Salt-Induced Crystallization,I-/I3- thermo-electrochemical cell with alpha-cyclodextrin host,temperature-dependent alpha-cyclodextrin-triiodide complexation creates redox-ion concentration gradient and enhanced Seebeck coefficient,iTE_lever_complements_TG_system,curated_rule:alpha_cd_triiodide_positive_control; no semantic-similarity inference,claim; intervention; mechanism,claim; intervention; mechanism,claim_direct_support,,False,,False,accepted_claim_direct,True,True
PRG_be2befc69363,crown_ether_soret_positive_control,正对照：冠醚增强 K+ 热扩散，可与 ferri/ferrocyanide TG 电压叠加,INSIGHT_2FB3E32CAA,P0342,2025,Advanced N-Type Ionic Thermoelectric Cells Featuring Bidirectional Cationic Anchoring Strategy and REDOX Electrode,10.1002/aenm.202500584,P_coupled_precedent,E1_partial_exact_evidence,B_coupled_benchmark,coupled_TG_benchmark,fixed_charge_selectivity; host_guest_complexation; coordination_or_ion_pairing; ion_electron_coupling; electrode_interface,固定电荷/离子选择性; 主–客体络合; 配位/离子对; 离子–电子耦合; 电极界面,crown ether complexation enhances thermal diffusion,The integration of optimized thermal diffusion within polycationic electrolytes with electrode interface-enhanced ion/electron transport mechanisms significantly improves the sustained output performance and thermoelectric conversion efficiency of the i-TE cell.,The integration of optimized thermal diffusion within polycationic electrolytes with electrode interface-enhanced ion/electron transport mechanisms significantly improves the sustained output performance and thermoelectric conversion efficiency of the i-TE cell.,"Notably, the thermopower (Seebeck coefficient) of this n-type i-TE cell achieves a value of -26.04 mV K-1, and its 2 h output energy density reached 1301.61 J m(-2) under a temperature difference (Delta T) of 15 K.",P0030,High-Performance Quasi-Solid Thermogalvanic Cells via Crown-Ether-Mediated Ion Migration,quasi-solid K3Fe(CN)6/K4Fe(CN)6 thermogalvanic cell with 18-crown-6,"18-crown-6 complexes K+ and amplifies cation thermodiffusion, adding Soret contribution to thermogalvanic voltage",iTE_lever_complements_TG_system,curated_rule:crown_ether_soret_positive_control; no semantic-similarity inference,claim,claim,claim_direct_support,,False,,False,accepted_claim_direct,True,True
PRG_99097fe0f5e3,pyroelectric_tg_positive_control,正对照：热释电负责瞬态、TG 负责稳态的双时间尺度收能,INSIGHT_0F148E8316,P0720,2019,Thermodiffusion-Assisted Pyroelectrics-Enabling Rapid and Stable Heat and Radiation Sensing,10.1002/adfm.201900572,A_direct_evidence_ready,E3_mechanism_and_outcome_exact,H1_evidence_ready,core_iTE,ion_electron_coupling; pyroelectric_hybrid; thermodiffusion_or_soret,离子–电子耦合; 热释电混合; 热扩散/Soret,thermodiffusion-assisted pyroelectric device combines rapid pyroelectric response with stable ionic thermoelectric signal through ion-electron interfacial interactions,The presented integrated concept provides both rapid initial response upon heating and stable synergistically enhanced signals upon prolonged exposure to heat stimuli.,"Here, these drawbacks are overcome by introducing the concept of thermodiffusion-assisted pyroelectrics, which combines and enhances the performance of pyroelectric and ionic thermoelectric materials.","Here, these drawbacks are overcome by introducing the concept of thermodiffusion-assisted pyroelectrics, which combines and enhances the performance of pyroelectric and ionic thermoelectric materials.",P0102,Hybrid Photothermal Pyroelectric and Thermogalvanic Generator for Multisituation Low Grade Heat Harvesting,carbon nanotube/cellulose nanocrystal photothermal nanocomposite with sponge-confined electrolyte hybrid pyroelectric/thermogalvanic generator,CNT/CNC photothermal/electrical conductivity and sponge heat localization enable simultaneous thermogalvanic and pyroelectric conversion across day/night conditions,iTE_lever_complements_TG_system,curated_rule:pyroelectric_tg_positive_control; no semantic-similarity inference,claim; mechanism; outcome,claim; mechanism; outcome,claim_direct_support,,False,,False,accepted_claim_direct,True,True
PRG_086c824d735e,moisture_gradient_tg_positive_control,正对照：蒸发冷却与浓缩可同时增强 TG 的 ΔT 和活度差,INSIGHT_9CF975448A,P1057,2025,Moisture-gradient-enhanced ionic thermoelectrics,10.1038/s41467-025-66027-w,A_direct_evidence_ready,E3_mechanism_and_outcome_exact,H1_evidence_ready,core_iTE,moisture_or_evaporation_gradient,湿度/蒸发梯度,"coupled heat and moisture gradients drive fast selective ion transport, increasing ionic thermopower and output energy",We attribute the enhanced performance to fast and selective ion transport driven by coupled heat and moisture transfer.,We attribute the enhanced performance to fast and selective ion transport driven by coupled heat and moisture transfer.,"The MGITG exhibits an ionic thermopower of 34.02 mV K-1, a high open-circuit voltage of 644.19 mV, and an ultrahigh 1 h output energy density of 917.54 J m-2.",P0010,Water Evaporation-Enhanced Thermogalvanic Cell for Waste Steam Utilizing,water evaporation-enhanced thermogalvanic cell electrolyte,"ambient evaporation creates electrolyte concentration gradient and sub-ambient cold side, boosting thermopower and output from waste steam",iTE_lever_complements_TG_system,curated_rule:moisture_gradient_tg_positive_control; no semantic-similarity inference,claim,claim,claim_direct_support,,False,,False,accepted_claim_direct,True,True
PRG_086c824d735e,moisture_gradient_tg_positive_control,正对照：蒸发冷却与浓缩可同时增强 TG 的 ΔT 和活度差,INSIGHT_2E12EE9164,P0938,2024,Ionic Power Generation on a Scalable Cellulose@polypyrrole Membrane: The Role of Water and Thermal Gradients,10.1007/s42765-023-00353-w,A_direct_evidence_ready,E3_mechanism_and_outcome_exact,H1_evidence_ready,core_iTE,oriented_or_confined_channels; moisture_or_evaporation_gradient; thermodiffusion_or_soret,取向/限域离子通道; 湿度/蒸发梯度; 热扩散/Soret,water and thermal gradients drive streaming potential from ionic electrokinetics and ionic thermoelectric potential from Soret effect,The integration of ionic power generation with solar-driven water evaporation presents a promising solution to the critical global problems of freshwater scarcity and clean energy deficiency.,"The excellent ionic power generation is intimately related to the water and thermal gradients across the membrane, which not only induces fast water evaporation but also synergistically promotes the transport of counterions in charged nanochannels, and the corresponding mechanism is attributed to the streaming potential resulting from the ionic electrokinetic effect and the ionic thermoelectric potential originating from the Soret effect.","Under one sun illumination, the CC@PPy film can produce a sustained voltage output of similar to 0.7 V and a water evaporation rate up to 1.67 kg m(-2) h(-1) when an adequate water supply is available.",P0010,Water Evaporation-Enhanced Thermogalvanic Cell for Waste Steam Utilizing,water evaporation-enhanced thermogalvanic cell electrolyte,"ambient evaporation creates electrolyte concentration gradient and sub-ambient cold side, boosting thermopower and output from waste steam",iTE_lever_complements_TG_system,curated_rule:moisture_gradient_tg_positive_control; no semantic-similarity inference,intervention; mechanism; outcome,intervention; mechanism; outcome,role_sentence_support,,False,,False,accepted_role_sentence_support,False,True
PRG_086c824d735e,moisture_gradient_tg_positive_control,正对照：蒸发冷却与浓缩可同时增强 TG 的 ΔT 和活度差,INSIGHT_F930511F0A,P0608,2021,Solar-driven ionic power generation via a film of nanocellulose @ conductive metal-organic framework,10.1039/d0ee02730h,A_direct_evidence_ready,E3_mechanism_and_outcome_exact,H1_evidence_ready,core_iTE,moisture_or_evaporation_gradient,湿度/蒸发梯度,light absorption and low thermal conductivity create thermal gradient and evaporation,"The assembled device can produce a sustained voltage output of similar to 1.1 V, with a high power density of up to 15 W m(-2) under one sun illumination.","Given the strong light absorption and low thermal conductivity of the film, a large thermal gradient can be produced on the surface under light illumination to induce fast water evaporation in an aqueous electrolyte.","The assembled device can produce a sustained voltage output of similar to 1.1 V, with a high power density of up to 15 W m(-2) under one sun illumination.",P0010,Water Evaporation-Enhanced Thermogalvanic Cell for Waste Steam Utilizing,water evaporation-enhanced thermogalvanic cell electrolyte,"ambient evaporation creates electrolyte concentration gradient and sub-ambient cold side, boosting thermopower and output from waste steam",iTE_lever_complements_TG_system,curated_rule:moisture_gradient_tg_positive_control; no semantic-similarity inference,claim; mechanism,claim; mechanism,claim_direct_support,,False,,False,accepted_claim_direct,True,True
PRG_086c824d735e,moisture_gradient_tg_positive_control,正对照：蒸发冷却与浓缩可同时增强 TG 的 ΔT 和活度差,INSIGHT_E9E57401E2,P0371,2024,Solar Heating Modulated by Evaporative Cooling Provides Intermittent Temperature Gradients for Ionic Thermoelectric Supercapacitors,10.1002/adfm.202407948,B_direct_needs_evidence_repair,E1_partial_exact_evidence,H3_inspiration,core_iTE,moisture_or_evaporation_gradient; photothermal_or_heat_management,湿度/蒸发梯度; 光热/热管理,"solar heating plus water infiltration/evaporative cooling creates intermittent temperature gradients, enabling repeated ITESC charge-discharge operation",Precise control over charge and discharge durations can be achieved by adjusting the volume and interval of the added water.,"However, the heating process even at constant solar illumination can be converted to temperature oscillations through water infiltration and evaporation.",,P0010,Water Evaporation-Enhanced Thermogalvanic Cell for Waste Steam Utilizing,water evaporation-enhanced thermogalvanic cell electrolyte,"ambient evaporation creates electrolyte concentration gradient and sub-ambient cold side, boosting thermopower and output from waste steam",iTE_lever_complements_TG_system,curated_rule:moisture_gradient_tg_positive_control; no semantic-similarity inference,claim; mechanism,claim; mechanism,claim_direct_support,,False,,False,accepted_claim_direct,True,True
PRG_086c824d735e,moisture_gradient_tg_positive_control,正对照：蒸发冷却与浓缩可同时增强 TG 的 ΔT 和活度差,INSIGHT_6E8FD72178,P0682,2022,Enhancing hydrovoltaic power generation through heat conduction effects,10.1038/s41467-022-28689-8,C_adjacent_enabling_evidence,E3_mechanism_and_outcome_exact,H1_evidence_ready,adjacent_enabling,moisture_or_evaporation_gradient,湿度/蒸发梯度,gelatin improves heat conduction and thermoelectric conversion while hydrovoltaic evaporation maintains temperature difference,Here we demonstrate a heat conduction effect enhanced hydrovoltaic power generator by integrating a flexible ionic thermoelectric gelatin material with a porous dual-size Al2O3 hydrovoltaic generator.,"In the hybrid heat conduction effect enhanced hydrovoltaic power generator, the ionic thermoelectric gelatin material can effectively improve the heat conduction between hydrovoltaic generator and near environment, thus increasing the water evaporation rate to improve the output voltage.","Moreover, the system can efficiently achieve solar-to-thermal conversion to raise the temperature difference, accompanied by a stable open circuit voltage of 6.4 V for the hydrovoltaic generator module, the highest value yet.",P0010,Water Evaporation-Enhanced Thermogalvanic Cell for Waste Steam Utilizing,water evaporation-enhanced thermogalvanic cell electrolyte,"ambient evaporation creates electrolyte concentration gradient and sub-ambient cold side, boosting thermopower and output from waste steam",iTE_lever_complements_TG_system,curated_rule:moisture_gradient_tg_positive_control; no semantic-similarity inference,claim; mechanism,claim; mechanism,claim_direct_support,,False,,False,accepted_claim_direct,True,True
PRG_086c824d735e,moisture_gradient_tg_positive_control,正对照：蒸发冷却与浓缩可同时增强 TG 的 ΔT 和活度差,INSIGHT_BF5259CD93,P0608,2021,Solar-driven ionic power generation via a film of nanocellulose @ conductive metal-organic framework,10.1039/d0ee02730h,A_direct_evidence_ready,E3_mechanism_and_outcome_exact,H1_evidence_ready,core_iTE,oriented_or_confined_channels; moisture_or_evaporation_gradient,取向/限域离子通道; 湿度/蒸发梯度,charged nanochannels drive ionic thermoelectric and streaming potentials,"The assembled device can produce a sustained voltage output of similar to 1.1 V, with a high power density of up to 15 W m(-2) under one sun illumination.","The thermal gradient and the water evaporation drive selective ion transport through the charged nanochannels, which generates ionic thermoelectric and streaming potentials, respectively.","The assembled device can produce a sustained voltage output of similar to 1.1 V, with a high power density of up to 15 W m(-2) under one sun illumination.",P0010,Water Evaporation-Enhanced Thermogalvanic Cell for Waste Steam Utilizing,water evaporation-enhanced thermogalvanic cell electrolyte,"ambient evaporation creates electrolyte concentration gradient and sub-ambient cold side, boosting thermopower and output from waste steam",iTE_lever_complements_TG_system,curated_rule:moisture_gradient_tg_positive_control; no semantic-similarity inference,mechanism,mechanism,role_sentence_support,,False,,False,accepted_role_sentence_support,False,True
