pair_id,group_index,left_mention_id,right_mention_id,dsh_relation,dsh_reason,judge_equivalence_decision,judge_reason,secondary_rationale_read,review_basis,formal_relation_applied
pair:18b003bd88d666f8f562,3,TG:P0005:n2,TG:P0104:n2,broader_than,"left 为无限定的 Seebeck coefficient，right 为带 ""apparent"" 限定、随温差变化的特定变体，故 left 比 right 更宽泛。",reject,左：电化学Seebeck系数；右：化学平衡导致温差依赖的表观电化学Seebeck系数。普通电化学系数、混合Soret/红氧系数、腐蚀复合响应、有限温差表观响应、初始条件和非对称电极响应分别保留。P0104的化学平衡温差依赖与P0119的腐蚀贡献不同；不能合并两个apparent节点。P0215保留initial限定，但摘要不支持进一步断言瞬态。,True,independent member evidence and explicit group definitions; targeted secondary rationale comparison,False
pair:7935d091c569bdbd9d0d,3,TG:P0005:n2,TG:P0119:n3,related_to,右侧为 apparent Seebeck coefficient，原文表明其由 redox couple 与 corrosion 共同贡献，是复合/有效系数，与左侧普通 Seebeck coefficient 不等价，仅为相关。,reject,左：电化学Seebeck系数；右：碘氧化还原与不锈钢腐蚀共同贡献的表观Seebeck系数。普通电化学系数、混合Soret/红氧系数、腐蚀复合响应、有限温差表观响应、初始条件和非对称电极响应分别保留。P0104的化学平衡温差依赖与P0119的腐蚀贡献不同；不能合并两个apparent节点。P0215保留initial限定，但摘要不支持进一步断言瞬态。,False,independent member evidence and explicit group definitions; targeted secondary rationale comparison,False
pair:5e2cf8878d504912c5d9,3,TG:P0005:n2,TG:P0215:n2,broader_than,left 为一般 Seebeck 系数，right 是带 initial 限定的具体 Seebeck 系数，故 left 比 right 宽泛。,reject,左：电化学Seebeck系数；右：磁性纳米流体初始Seebeck系数（初始的时间定义待核）。普通电化学系数、混合Soret/红氧系数、腐蚀复合响应、有限温差表观响应、初始条件和非对称电极响应分别保留。P0104的化学平衡温差依赖与P0119的腐蚀贡献不同；不能合并两个apparent节点。P0215保留initial限定，但摘要不支持进一步断言瞬态。,True,independent member evidence and explicit group definitions; targeted secondary rationale comparison,False
pair:01efaa9b69cec289f765,45,TG:P0009:n2,TG:P0283:n2,related_to,两侧都涉及氧化还原物种的浓度梯度，但左侧为连续的 redox ions 梯度，右侧为两电极间 redox ion pairs 的梯度，限定不同，不足以判等价。,reject,左：持续红氧离子浓度梯度；右：红氧离子浓度梯度。0/1原文都是持续红氧离子梯度；2未限定持续；3/4均FeCN红氧离子跨膜两区浓度差。差与梯度、持续与未限定不能闭包合并。,False,independent member evidence and explicit group definitions; targeted secondary rationale comparison,False
pair:7768fc0513d6685238c0,14,TG:P0009:n3,TG:P0192:n4,broader_than,左侧原文只称 thermopower，右侧限定为 electrochemical thermopower，右侧是左侧的电化学子类。,accept,共同定义：热电化学热电势系数。0/1/2/3/4/5/6/10/11/12/13/14/15均热电化学电池热电势系数；7完整摘要及8/9明确叠加Soret和热电化学效应，总热响应不等同单独电化学系数。,True,independent member evidence and explicit group definitions; targeted secondary rationale comparison,False
pair:47141e99ed5e47e94f82,96,TG:P0010:n1,TG:P0058:n3,narrower_than,自发水蒸发是水由液态变为气态的一种具体相变形式，属于 water-to-vapor phase transition 的下位过程。,reject,左：环境自发水蒸发；右：水到蒸气相变。0特指向环境空气自发蒸发；1/2仅为水汽化过程，保留自发及环境条件，不通过2把0与1传递合并。,True,independent member evidence and explicit group definitions; targeted secondary rationale comparison,False
pair:cd58d97cfec5826da7f9,9,TG:P0011:n4,TG:P0055:n3,related_to,左侧是功率密度输出，右侧是功率输出，量纲与范围不同，属相关性能指标而非同义。,reject,左：输出功率密度待定归一化；右：总输出功率。5/11/15/16/18/21单位明确面积功率密度；0/14密度分母尚未给出先单列；2/4/6/7/9/10/12/17/19是输出功率量；1/3/8/20是发电过程；13限定盐水驱动。不能把过程、功率和密度闭包合并。,False,independent member evidence and explicit group definitions; targeted secondary rationale comparison,False
pair:a6c5800475e502458d7a,9,TG:P0011:n4,TG:P0128:n3,related_to,左侧为归一化的功率密度，右侧为未归一化的功率输出，属同一物理量族但量纲与限定条件不同。,reject,左：输出功率密度待定归一化；右：总输出功率。5/11/15/16/18/21单位明确面积功率密度；0/14密度分母尚未给出先单列；2/4/6/7/9/10/12/17/19是输出功率量；1/3/8/20是发电过程；13限定盐水驱动。不能把过程、功率和密度闭包合并。,False,independent member evidence and explicit group definitions; targeted secondary rationale comparison,False
pair:4c8f5600e5ff2e930c7d,9,TG:P0011:n4,TG:P0155:n3,related_to,左侧为按面积归一化的功率密度，右侧为绝对功率输出（相对提升倍数），量纲不同，不构成等价或上下位。,reject,左：输出功率密度待定归一化；右：总输出功率。5/11/15/16/18/21单位明确面积功率密度；0/14密度分母尚未给出先单列；2/4/6/7/9/10/12/17/19是输出功率量；1/3/8/20是发电过程；13限定盐水驱动。不能把过程、功率和密度闭包合并。,False,independent member evidence and explicit group definitions; targeted secondary rationale comparison,False
pair:681d563901a5cec7268c,9,TG:P0011:n4,TG:P0208:n2,related_to,左侧为面积归一化的功率密度输出，右侧为总功率输出；二者是相关性能指标但量纲/归一化不同，非同一量。,reject,左：输出功率密度待定归一化；右：总输出功率。5/11/15/16/18/21单位明确面积功率密度；0/14密度分母尚未给出先单列；2/4/6/7/9/10/12/17/19是输出功率量；1/3/8/20是发电过程；13限定盐水驱动。不能把过程、功率和密度闭包合并。,False,independent member evidence and explicit group definitions; targeted secondary rationale comparison,False
pair:a66edeb2546f3c62dc87,9,TG:P0011:n4,TG:P0218:n3,related_to,“power density output”是面积归一化性能，右侧“overall power output”未限定为密度，属相关而非同一量。,reject,左：输出功率密度待定归一化；右：总输出功率。5/11/15/16/18/21单位明确面积功率密度；0/14密度分母尚未给出先单列；2/4/6/7/9/10/12/17/19是输出功率量；1/3/8/20是发电过程；13限定盐水驱动。不能把过程、功率和密度闭包合并。,False,independent member evidence and explicit group definitions; targeted secondary rationale comparison,False
pair:1cb414884025d2c328d1,16,TG:P0014:n3,TG:P0210:n1,broader_than,左侧只是热扩散的泛称，右侧特指电解液体系中的热扩散效应，后者是前者的具体受限形式。,accept,共同定义：电解质离子Soret热扩散。0至11均电解质离子热扩散/Soret效应，2泛称由本组电解质上下文约束；12特指质子热扩散，保留物种限定。,True,independent member evidence and explicit group definitions; targeted secondary rationale comparison,False
pair:e8c191c579023c6f6dd0,14,TG:P0015:n4,TG:P0192:n4,broader_than,thermopower 是更宽泛的术语，electrochemical thermopower 是其在电化学体系中的具体类型。,accept,共同定义：热电化学热电势系数。0/1/2/3/4/5/6/10/11/12/13/14/15均热电化学电池热电势系数；7完整摘要及8/9明确叠加Soret和热电化学效应，总热响应不等同单独电化学系数。,True,independent member evidence and explicit group definitions; targeted secondary rationale comparison,False
pair:a91b1ab264c066194a73,14,TG:P0016:n3,TG:P0192:n4,broader_than,thermopower 是更宽泛的术语，electrochemical thermopower 是其在电化学体系中的具体类型。,accept,共同定义：热电化学热电势系数。0/1/2/3/4/5/6/10/11/12/13/14/15均热电化学电池热电势系数；7完整摘要及8/9明确叠加Soret和热电化学效应，总热响应不等同单独电化学系数。,True,independent member evidence and explicit group definitions; targeted secondary rationale comparison,False
pair:a6bf596cd4b2dabfb574,14,TG:P0026:n4,TG:P0143:n2,related_to,左侧是温度/pH 调控 Fe3+ 体系中被提升的热电势，右侧是明胶受压下的热电势，测量对象与调控条件不同，只共享 thermopower 这一物理量类型。,reject,左：热电化学热电势系数；右：热扩散与热电化学混合热电势。0/1/2/3/4/5/6/10/11/12/13/14/15均热电化学电池热电势系数；7完整摘要及8/9明确叠加Soret和热电化学效应，总热响应不等同单独电化学系数。,False,independent member evidence and explicit group definitions; targeted secondary rationale comparison,False
pair:eff173cef8c8bcf5ea64,14,TG:P0026:n4,TG:P0145:n3,related_to,两侧都是 thermopower 这一物理量，但左侧未给出符号与数值、体系为温/pH 调控的 Fe3+ 体系，右侧明确为 +17.0 mV/K 的准固态离子热电材料，属不同体系实例。,reject,左：热电化学热电势系数；右：热扩散与热电化学混合热电势。0/1/2/3/4/5/6/10/11/12/13/14/15均热电化学电池热电势系数；7完整摘要及8/9明确叠加Soret和热电化学效应，总热响应不等同单独电化学系数。,False,independent member evidence and explicit group definitions; targeted secondary rationale comparison,False
pair:16afc821bf0c3bad0d69,14,TG:P0026:n4,TG:P0192:n4,broader_than,左侧为未加限定的 thermopower（泛指），右侧带 electrochemical 限定，指电化学体系中的 thermopower，是前者的更具体种类。,accept,共同定义：热电化学热电势系数。0/1/2/3/4/5/6/10/11/12/13/14/15均热电化学电池热电势系数；7完整摘要及8/9明确叠加Soret和热电化学效应，总热响应不等同单独电化学系数。,True,independent member evidence and explicit group definitions; targeted secondary rationale comparison,False
pair:8fd4f9c3d0bb4cfb6a63,3,TG:P0027:n3,TG:P0080:n3,distinct_from,左侧处于 p-type FeCN6 3-/FeCN6 4- 体系（正极性），右侧明确为 n-type 且数值为 -6.50 mV K-1（负号），两者符号相反，属相反极性的量，非同一概念。,reject,左：电化学Seebeck系数；右：热扩散及红氧混合Seebeck系数。普通电化学系数、混合Soret/红氧系数、腐蚀复合响应、有限温差表观响应、初始条件和非对称电极响应分别保留。P0104的化学平衡温差依赖与P0119的腐蚀贡献不同；不能合并两个apparent节点。P0215保留initial限定，但摘要不支持进一步断言瞬态。,False,independent member evidence and explicit group definitions; targeted secondary rationale comparison,False
pair:17a5db05f1853cfda3ba,3,TG:P0027:n3,TG:P0119:n3,broader_than,左侧为一般的热电（Seebeck）系数，右侧是被“apparent”限定的表观值（由碘化物/三碘化物氧化还原对与不锈钢热腐蚀共同贡献），范围更受限，故 left 更宽泛。,reject,左：电化学Seebeck系数；右：碘氧化还原与不锈钢腐蚀共同贡献的表观Seebeck系数。普通电化学系数、混合Soret/红氧系数、腐蚀复合响应、有限温差表观响应、初始条件和非对称电极响应分别保留。P0104的化学平衡温差依赖与P0119的腐蚀贡献不同；不能合并两个apparent节点。P0215保留initial限定，但摘要不支持进一步断言瞬态。,True,independent member evidence and explicit group definitions; targeted secondary rationale comparison,False
pair:57599a4001e99229e701,3,TG:P0027:n3,TG:P0215:n2,broader_than,右侧用 initial 限定了改性前的基线值，是 Seebeck coefficient 的一个带限定条件的下位概念，左侧为未限定的一般量。,reject,左：电化学Seebeck系数；右：磁性纳米流体初始Seebeck系数（初始的时间定义待核）。普通电化学系数、混合Soret/红氧系数、腐蚀复合响应、有限温差表观响应、初始条件和非对称电极响应分别保留。P0104的化学平衡温差依赖与P0119的腐蚀贡献不同；不能合并两个apparent节点。P0215保留initial限定，但摘要不支持进一步断言瞬态。,True,independent member evidence and explicit group definitions; targeted secondary rationale comparison,False
pair:4e759555d194250cd69a,3,TG:P0029:n3,TG:P0080:n3,broader_than,right 为 n 型 Seebeck 系数（-6.50 mV/K），是 left 通用 Seebeck 系数的特定类型，故 left 更宽。,reject,左：电化学Seebeck系数；右：热扩散及红氧混合Seebeck系数。普通电化学系数、混合Soret/红氧系数、腐蚀复合响应、有限温差表观响应、初始条件和非对称电极响应分别保留。P0104的化学平衡温差依赖与P0119的腐蚀贡献不同；不能合并两个apparent节点。P0215保留initial限定，但摘要不支持进一步断言瞬态。,True,independent member evidence and explicit group definitions; targeted secondary rationale comparison,False
pair:df5b99aa49385239198c,3,TG:P0029:n3,TG:P0119:n3,related_to,右侧为含腐蚀贡献的“apparent”有效值，左侧为可参数化的 Seebeck 系数本身，二者语义范围不同。,reject,左：电化学Seebeck系数；右：碘氧化还原与不锈钢腐蚀共同贡献的表观Seebeck系数。普通电化学系数、混合Soret/红氧系数、腐蚀复合响应、有限温差表观响应、初始条件和非对称电极响应分别保留。P0104的化学平衡温差依赖与P0119的腐蚀贡献不同；不能合并两个apparent节点。P0215保留initial限定，但摘要不支持进一步断言瞬态。,False,independent member evidence and explicit group definitions; targeted secondary rationale comparison,False
pair:9c5cfcbb925a076177db,3,TG:P0029:n3,TG:P0215:n2,broader_than,右侧特指 ferrofluid 的“initial Seebeck coefficient”（含纳米颗粒前的初值），是左侧通用 Seebeck 系数的限定子类。,reject,左：电化学Seebeck系数；右：磁性纳米流体初始Seebeck系数（初始的时间定义待核）。普通电化学系数、混合Soret/红氧系数、腐蚀复合响应、有限温差表观响应、初始条件和非对称电极响应分别保留。P0104的化学平衡温差依赖与P0119的腐蚀贡献不同；不能合并两个apparent节点。P0215保留initial限定，但摘要不支持进一步断言瞬态。,True,independent member evidence and explicit group definitions; targeted secondary rationale comparison,False
pair:3a6bcdfe219f292da76c,23,TG:P0030:n4,TG:P0156:n3,related_to,左侧特指温差驱动的热电池电压，右侧是光照（150 mW cm-2）下器件输出的 31.42 mV 电压，为更宽泛的电压输出量，条件与范围不同，属相关而非等价。,accept,共同定义：热驱动输出电压。0/1/2/3/4/6/8/9均由热刺激产生的热电压，9摘要排除交变压电信号；5的0.71V只有约33%热贡献，不能等同纯热电压；7为热充电赝电容和红氧复合单元输出，独立保留。,True,independent member evidence and explicit group definitions; targeted secondary rationale comparison,False
pair:219f3ae3994a9c356f0f,23,TG:P0030:n4,TG:P0173:n3,related_to,右侧输出电压由热电池效应与电化学电位共同贡献，左侧热电压只对应热致贡献部分，属整体与组成部分的相关关系，非 IS-A。,reject,左：热驱动输出电压；右：热与化学势复合总电压。0/1/2/3/4/6/8/9均由热刺激产生的热电压，9摘要排除交变压电信号；5的0.71V只有约33%热贡献，不能等同纯热电压；7为热充电赝电容和红氧复合单元输出，独立保留。,False,independent member evidence and explicit group definitions; targeted secondary rationale comparison,False
pair:4a747f383ff6f6ed119e,23,TG:P0030:n4,TG:P0204:n3,related_to,右侧电压由赝电容效应与热电池效应共同产生，左侧热电压仅为热电池效应贡献的电压，二者范围与来源不同，不能视为同义。,reject,左：热驱动输出电压；右：热充电电池复合电压。0/1/2/3/4/6/8/9均由热刺激产生的热电压，9摘要排除交变压电信号；5的0.71V只有约33%热贡献，不能等同纯热电压；7为热充电赝电容和红氧复合单元输出，独立保留。,False,independent member evidence and explicit group definitions; targeted secondary rationale comparison,False
pair:d42ee0fa686f3e6bc0a3,64,TG:P0032:n6,TG:P0155:n2,related_to,两侧都指热电池可有效工作的温度区间，但左侧为泛指的 operational temperature range，右侧特指 working ambient temperature range，原文无明确同义表述，故降级为相关。,reject,左：宽运行温区；右：有效环境工作温区。0/1明确宽运行温区；2为外部环境有效工作温区，3为一般装置温区，宽度条件与温度对象不可删。,False,independent member evidence and explicit group definitions; targeted secondary rationale comparison,False
pair:ea30fed636d99c28b775,64,TG:P0032:n6,TG:P0246:n3,narrower_than,左侧是加了“wide”限定并给出 >50 degrees C 的具体工作温区，属于右侧一般性“operation temperature range”的受限子类，是下位而非等价。,reject,左：宽运行温区；右：运行温区。0/1明确宽运行温区；2为外部环境有效工作温区，3为一般装置温区，宽度条件与温度对象不可删。,True,independent member evidence and explicit group definitions; targeted secondary rationale comparison,False
pair:b32ad5cb8cef70825951,23,TG:P0035:n4,TG:P0173:n3,related_to,右侧输出总电压由热生电效应与电化学电势共同放大，热生电压只是其中一部分贡献，属部分与整体关系而非同义。,reject,左：热驱动输出电压；右：热与化学势复合总电压。0/1/2/3/4/6/8/9均由热刺激产生的热电压，9摘要排除交变压电信号；5的0.71V只有约33%热贡献，不能等同纯热电压；7为热充电赝电容和红氧复合单元输出，独立保留。,False,independent member evidence and explicit group definitions; targeted secondary rationale comparison,False
pair:106a1c38b284233147bf,23,TG:P0035:n4,TG:P0178:n2,related_to,左侧按产生机制（热电效应）限定电压，右侧按器件角色（输出端电压）限定，限定维度不同，只能算相关。,accept,共同定义：热驱动输出电压。0/1/2/3/4/6/8/9均由热刺激产生的热电压，9摘要排除交变压电信号；5的0.71V只有约33%热贡献，不能等同纯热电压；7为热充电赝电容和红氧复合单元输出，独立保留。,True,independent member evidence and explicit group definitions; targeted secondary rationale comparison,False
pair:bd2754bb9ad2dcd92804,23,TG:P0035:n4,TG:P0204:n3,narrower_than,右侧是泛指的“voltage”，左侧明确限定为热电转换产生的电压，是电压的具体种类，left IS-A right。,reject,左：热驱动输出电压；右：热充电电池复合电压。0/1/2/3/4/6/8/9均由热刺激产生的热电压，9摘要排除交变压电信号；5的0.71V只有约33%热贡献，不能等同纯热电压；7为热充电赝电容和红氧复合单元输出，独立保留。,True,independent member evidence and explicit group definitions; targeted secondary rationale comparison,False
pair:4c074b6f018fd47bdc9d,23,TG:P0035:n4,TG:P0210:n3,related_to,左侧为热电电压这一性能量，右侧为器件输出端电压，两文机制不同且限定维度不同，不构成同义。,accept,共同定义：热驱动输出电压。0/1/2/3/4/6/8/9均由热刺激产生的热电压，9摘要排除交变压电信号；5的0.71V只有约33%热贡献，不能等同纯热电压；7为热充电赝电容和红氧复合单元输出，独立保留。,True,independent member evidence and explicit group definitions; targeted secondary rationale comparison,False
pair:8edf1e262e1cff1a0bdc,23,TG:P0035:n4,TG:P0221:n4,related_to,左侧指由温差/热原电池效应产生的热电电压，右侧指与脉冲电压相区分的直流电压，二者描述角度不同，无证据表明指同一概念。,accept,共同定义：热驱动输出电压。0/1/2/3/4/6/8/9均由热刺激产生的热电压，9摘要排除交变压电信号；5的0.71V只有约33%热贡献，不能等同纯热电压；7为热充电赝电容和红氧复合单元输出，独立保留。,True,independent member evidence and explicit group definitions; targeted secondary rationale comparison,False
pair:6a04042d151a60ed19a5,9,TG:P0037:n3,TG:P0041:n3,related_to,一侧是发电过程（generation），另一侧是电功率量值，属过程与其性能测量量的关系，非同一概念。,reject,左：发电过程；右：总输出功率。5/11/15/16/18/21单位明确面积功率密度；0/14密度分母尚未给出先单列；2/4/6/7/9/10/12/17/19是输出功率量；1/3/8/20是发电过程；13限定盐水驱动。不能把过程、功率和密度闭包合并。,False,independent member evidence and explicit group definitions; targeted secondary rationale comparison,False
pair:1c6a91f8dea6552dfa9b,16,TG:P0043:n2,TG:P0210:n1,broader_than,左侧为泛称的热扩散过程，右侧限定为“电解质中的热扩散效应”，介质限定构成概念定义，故右侧是左侧的受限子类。,accept,共同定义：电解质离子Soret热扩散。0至11均电解质离子热扩散/Soret效应，2泛称由本组电解质上下文约束；12特指质子热扩散，保留物种限定。,True,independent member evidence and explicit group definitions; targeted secondary rationale comparison,False
pair:e00adb181fe3f2b42861,61,TG:P0047:n2,TG:P0203:n2,related_to,两者均涉及将热转为电，但左侧明确限定为heat-to-electricity conversion，右侧原文为low-grade heat的conversion to electricity，语义范围不完全相同；属相关过程。,accept,共同定义：热到电转换。四段均为将热能转换成电能的功能/过程，3完整句明确low-grade heat来源；不同实现方式不构成等同机制。,True,independent member evidence and explicit group definitions; targeted secondary rationale comparison,False
pair:db2faa1d892c82e7a068,9,TG:P0050:n2,TG:P0128:n3,related_to,发电过程与其输出功率量值不是同义，属过程—测量量的关联。,reject,左：发电过程；右：总输出功率。5/11/15/16/18/21单位明确面积功率密度；0/14密度分母尚未给出先单列；2/4/6/7/9/10/12/17/19是输出功率量；1/3/8/20是发电过程；13限定盐水驱动。不能把过程、功率和密度闭包合并。,False,independent member evidence and explicit group definitions; targeted secondary rationale comparison,False
pair:5560e8aad58d20dd12ef,9,TG:P0050:n2,TG:P0177:n4,related_to,两者都涉及发电，但左侧特指热电池（cell）的发电，右侧指蒸发/渗透膜体系中的盐水驱动发电，器件与驱动机制不同，非等价。,reject,左：发电过程；右：盐水驱动发电。5/11/15/16/18/21单位明确面积功率密度；0/14密度分母尚未给出先单列；2/4/6/7/9/10/12/17/19是输出功率量；1/3/8/20是发电过程；13限定盐水驱动。不能把过程、功率和密度闭包合并。,False,independent member evidence and explicit group definitions; targeted secondary rationale comparison,False
pair:6a96d3192ede7af5c4be,9,TG:P0050:n2,TG:P0208:n2,related_to,两者均涉及热电化学电池的功率表现，但左侧侧重 cell 的发电过程/能力，右侧为输出功率指标，未显式同义。,reject,左：发电过程；右：总输出功率。5/11/15/16/18/21单位明确面积功率密度；0/14密度分母尚未给出先单列；2/4/6/7/9/10/12/17/19是输出功率量；1/3/8/20是发电过程；13限定盐水驱动。不能把过程、功率和密度闭包合并。,False,independent member evidence and explicit group definitions; targeted secondary rationale comparison,False
pair:bb1b3c57f8d0fe8f0704,47,TG:P0051:n3,TG:P0088:n4,broader_than,右侧“temperature difference across the cell”是限定在电池两端的温差，属于左侧泛指的“temperature difference”的一种具体限定形式，故左侧更宽。,uncertain,左：凝胶最大温差；右：电极间温差。1/2均为电池两电极温差；0是凝胶最大温差，3测量温差未给端点，4两流体接触的温差，需核实各测量边界。,True,independent member evidence and explicit group definitions; targeted secondary rationale comparison,False
pair:a5be80525cc6c8dff1a0,47,TG:P0051:n3,TG:P0101:n4,broader_than,right 限定为电极之间的温差，是 left 泛指温差的具体化。,uncertain,左：凝胶最大温差；右：电极间温差。1/2均为电池两电极温差；0是凝胶最大温差，3测量温差未给端点，4两流体接触的温差，需核实各测量边界。,True,independent member evidence and explicit group definitions; targeted secondary rationale comparison,False
pair:8dda4b9e178862ee4476,9,TG:P0055:n3,TG:P0187:n2,related_to,左侧为功率输出（power output）绝对值，右侧为按面积/体积归一化的功率输出密度（power output density），两者是被测量与归一化量纲的关系，量纲不同，不构成同义。,reject,左：总输出功率；右：密度分母待定。5/11/15/16/18/21单位明确面积功率密度；0/14密度分母尚未给出先单列；2/4/6/7/9/10/12/17/19是输出功率量；1/3/8/20是发电过程；13限定盐水驱动。不能把过程、功率和密度闭包合并。,False,independent member evidence and explicit group definitions; targeted secondary rationale comparison,False
pair:e9fa17a721bc6464180f,9,TG:P0055:n3,TG:P0199:n3,related_to,左侧是绝对功率输出量，右侧是按面积归一化的功率密度（mW m-2），二者是同一性能的不同量纲表示，测量量不同，不是同一概念。,reject,左：总输出功率；右：面积输出功率密度。5/11/15/16/18/21单位明确面积功率密度；0/14密度分母尚未给出先单列；2/4/6/7/9/10/12/17/19是输出功率量；1/3/8/20是发电过程；13限定盐水驱动。不能把过程、功率和密度闭包合并。,False,independent member evidence and explicit group definitions; targeted secondary rationale comparison,False
pair:0f4cbb907f12067b6f0f,9,TG:P0055:n3,TG:P0209:n2,related_to,左侧为总功率输出（未归一化），右侧单位 W m−2 表示面积归一化功率密度；两者相关但量纲不同，不等价。,reject,左：总输出功率；右：面积输出功率密度。5/11/15/16/18/21单位明确面积功率密度；0/14密度分母尚未给出先单列；2/4/6/7/9/10/12/17/19是输出功率量；1/3/8/20是发电过程；13限定盐水驱动。不能把过程、功率和密度闭包合并。,False,independent member evidence and explicit group definitions; targeted secondary rationale comparison,False
pair:b8bcc86ae2aee9831f1b,60,TG:P0063:n3,TG:P0264:n3,related_to,左侧限定为“溶剂化壳尺寸变化带来的熵贡献之差”，右侧是电对整体的溶剂化熵差，二者机制相关但限定条件不同，不等价。,accept,共同定义：红氧离子溶剂化熵差。四段均指溶剂化壳改变贡献的红氧离子熵差，0省略solvation的标签由原文补齐；共同定义支持所有成员关系。,True,independent member evidence and explicit group definitions; targeted secondary rationale comparison,False
pair:da3baced90f4ed8e3b13,3,TG:P0063:n4,TG:P0119:n3,related_to,左侧是溶剂 DN 依赖的固有 Seebeck 系数，右侧是被腐蚀与氧化还原耦合放大后的表观（apparent）值，限定词构成概念差异，非同一量。,reject,左：电化学Seebeck系数；右：碘氧化还原与不锈钢腐蚀共同贡献的表观Seebeck系数。普通电化学系数、混合Soret/红氧系数、腐蚀复合响应、有限温差表观响应、初始条件和非对称电极响应分别保留。P0104的化学平衡温差依赖与P0119的腐蚀贡献不同；不能合并两个apparent节点。P0215保留initial限定，但摘要不支持进一步断言瞬态。,False,independent member evidence and explicit group definitions; targeted secondary rationale comparison,False
pair:b52fcb98fa937cd5cc28,3,TG:P0063:n4,TG:P0215:n2,broader_than,右侧是加了限定词“initial”（纳米颗粒添加前的初始值）的 Seebeck 系数，属于左侧通用 Seebeck 系数的一个受限子类，故左比右宽泛。,reject,左：电化学Seebeck系数；右：磁性纳米流体初始Seebeck系数（初始的时间定义待核）。普通电化学系数、混合Soret/红氧系数、腐蚀复合响应、有限温差表观响应、初始条件和非对称电极响应分别保留。P0104的化学平衡温差依赖与P0119的腐蚀贡献不同；不能合并两个apparent节点。P0215保留initial限定，但摘要不支持进一步断言瞬态。,True,independent member evidence and explicit group definitions; targeted secondary rationale comparison,False
pair:5c9820286cb0abcf3617,3,TG:P0067:n4,TG:P0080:n3,broader_than,right 为 n 型 Seebeck 系数，是 left 通用 Seebeck 系数的特定类型，故 left 更宽。,reject,左：电化学Seebeck系数；右：热扩散及红氧混合Seebeck系数。普通电化学系数、混合Soret/红氧系数、腐蚀复合响应、有限温差表观响应、初始条件和非对称电极响应分别保留。P0104的化学平衡温差依赖与P0119的腐蚀贡献不同；不能合并两个apparent节点。P0215保留initial限定，但摘要不支持进一步断言瞬态。,True,independent member evidence and explicit group definitions; targeted secondary rationale comparison,False
pair:1b00b28fbe2cad052c3b,23,TG:P0069:n4,TG:P0204:n3,related_to,左侧是热电池层受热后输出的温差电压信号，右侧是升温时电池产生的电压，二者为不同器件中的热生电压输出，无语境支持同义。,reject,左：热驱动输出电压；右：热充电电池复合电压。0/1/2/3/4/6/8/9均由热刺激产生的热电压，9摘要排除交变压电信号；5的0.71V只有约33%热贡献，不能等同纯热电压；7为热充电赝电容和红氧复合单元输出，独立保留。,False,independent member evidence and explicit group definitions; targeted secondary rationale comparison,False
pair:fabb7d343b25fce94640,23,TG:P0073:n3,TG:P0221:n4,related_to,right 的 direct voltage 是与交变脉冲电压相对而言的直流电压类别，由温差（热原电池效应）产生，与 left 的“热电电压输出”机制相关但限定条件不同，非同一概念。,accept,共同定义：热驱动输出电压。0/1/2/3/4/6/8/9均由热刺激产生的热电压，9摘要排除交变压电信号；5的0.71V只有约33%热贡献，不能等同纯热电压；7为热充电赝电容和红氧复合单元输出，独立保留。,True,independent member evidence and explicit group definitions; targeted secondary rationale comparison,False
pair:669d7fa424ffc4c5c01f,9,TG:P0077:n2,TG:P0098:n2,related_to,power density 是单位面积功率（功率密度），power 是功率本身；两者物理量不同但有派生联系。,reject,左：面积输出功率密度；右：总输出功率。5/11/15/16/18/21单位明确面积功率密度；0/14密度分母尚未给出先单列；2/4/6/7/9/10/12/17/19是输出功率量；1/3/8/20是发电过程；13限定盐水驱动。不能把过程、功率和密度闭包合并。,False,independent member evidence and explicit group definitions; targeted secondary rationale comparison,False
pair:d829af8399b7e05fb285,9,TG:P0077:n2,TG:P0113:n2,related_to,left 为单位面积功率密度，right 为器件的功率（未按面积归一），是不同测量量，非上下位也非同义。,reject,左：面积输出功率密度；右：总输出功率。5/11/15/16/18/21单位明确面积功率密度；0/14密度分母尚未给出先单列；2/4/6/7/9/10/12/17/19是输出功率量；1/3/8/20是发电过程；13限定盐水驱动。不能把过程、功率和密度闭包合并。,False,independent member evidence and explicit group definitions; targeted secondary rationale comparison,False
pair:5793fdd018fbe4ea3094,9,TG:P0077:n2,TG:P0121:n2,related_to,left 是功率密度这一测量量，right 是功率产生这一过程/功能，属过程与测量量的关联，不是同义或 IS-A。,reject,左：面积输出功率密度；右：发电过程。5/11/15/16/18/21单位明确面积功率密度；0/14密度分母尚未给出先单列；2/4/6/7/9/10/12/17/19是输出功率量；1/3/8/20是发电过程；13限定盐水驱动。不能把过程、功率和密度闭包合并。,False,independent member evidence and explicit group definitions; targeted secondary rationale comparison,False
pair:de776b6c04501aa20011,9,TG:P0077:n2,TG:P0155:n3,related_to,left 是归一化功率密度（W/m2），right 是未归一化的输出功率（以相对倍数表述），单位与量纲不同，属相关而非等价。,reject,左：面积输出功率密度；右：总输出功率。5/11/15/16/18/21单位明确面积功率密度；0/14密度分母尚未给出先单列；2/4/6/7/9/10/12/17/19是输出功率量；1/3/8/20是发电过程；13限定盐水驱动。不能把过程、功率和密度闭包合并。,False,independent member evidence and explicit group definitions; targeted secondary rationale comparison,False
pair:87b3b3cbfea3df3e4985,3,TG:P0079:n1,TG:P0119:n3,related_to,左侧是材料自身用于热流传感的 Seebeck 系数，右侧是被限定为包含腐蚀贡献的表观系数，术语带“apparent”限定且对象、机制不同，不能视为同一概念。,reject,左：电化学Seebeck系数；右：碘氧化还原与不锈钢腐蚀共同贡献的表观Seebeck系数。普通电化学系数、混合Soret/红氧系数、腐蚀复合响应、有限温差表观响应、初始条件和非对称电极响应分别保留。P0104的化学平衡温差依赖与P0119的腐蚀贡献不同；不能合并两个apparent节点。P0215保留initial限定，但摘要不支持进一步断言瞬态。,False,independent member evidence and explicit group definitions; targeted secondary rationale comparison,False
pair:1ba8537893f09216650e,3,TG:P0079:n1,TG:P0215:n2,broader_than,左侧为泛指材料的 Seebeck 系数这一通用量，右侧是被“initial（初始态）”限定的具体情形，right IS-A left。,reject,左：电化学Seebeck系数；右：磁性纳米流体初始Seebeck系数（初始的时间定义待核）。普通电化学系数、混合Soret/红氧系数、腐蚀复合响应、有限温差表观响应、初始条件和非对称电极响应分别保留。P0104的化学平衡温差依赖与P0119的腐蚀贡献不同；不能合并两个apparent节点。P0215保留initial限定，但摘要不支持进一步断言瞬态。,True,independent member evidence and explicit group definitions; targeted secondary rationale comparison,False
pair:fcd23d7ab49ea3bd49a6,3,TG:P0079:n1,TG:P0226:n3,related_to,right 被原文限定为 thermogalvanic Seebeck coefficient（锂金属/插层电极的电化学池量，mV.K-1），left 是材料用于热流转换的 Seebeck 系数，机制与对象不同，仅共享同名物理量，不足以判定等价。,reject,左：电化学Seebeck系数；右：非对称电极复合系数。普通电化学系数、混合Soret/红氧系数、腐蚀复合响应、有限温差表观响应、初始条件和非对称电极响应分别保留。P0104的化学平衡温差依赖与P0119的腐蚀贡献不同；不能合并两个apparent节点。P0215保留initial限定，但摘要不支持进一步断言瞬态。,False,independent member evidence and explicit group definitions; targeted secondary rationale comparison,False
pair:8c0e238cf503f1a8701f,3,TG:P0080:n3,TG:P0119:n3,broader_than,左侧是一般意义的Seebeck系数（n型，-6.50 mV/K），右侧“apparent Seebeck coefficient”是叠加了碘致腐蚀贡献后的特定测量形式（+13.6 mV/K），属Seebeck系数的受限变体，故左侧更宽泛。,reject,左：热扩散及红氧混合Seebeck系数；右：碘氧化还原与不锈钢腐蚀共同贡献的表观Seebeck系数。普通电化学系数、混合Soret/红氧系数、腐蚀复合响应、有限温差表观响应、初始条件和非对称电极响应分别保留。P0104的化学平衡温差依赖与P0119的腐蚀贡献不同；不能合并两个apparent节点。P0215保留initial限定，但摘要不支持进一步断言瞬态。,True,independent member evidence and explicit group definitions; targeted secondary rationale comparison,False
pair:1e26bd396b2c4751f206,3,TG:P0080:n3,TG:P0215:n2,broader_than,left 指通用 Seebeck 系数这一性能量，right 是加了“initial”状态限定的 Seebeck 系数，right IS-A left。,reject,左：热扩散及红氧混合Seebeck系数；右：磁性纳米流体初始Seebeck系数（初始的时间定义待核）。普通电化学系数、混合Soret/红氧系数、腐蚀复合响应、有限温差表观响应、初始条件和非对称电极响应分别保留。P0104的化学平衡温差依赖与P0119的腐蚀贡献不同；不能合并两个apparent节点。P0215保留initial限定，但摘要不支持进一步断言瞬态。,True,independent member evidence and explicit group definitions; targeted secondary rationale comparison,False
pair:b07af2ead15ed4a39175,3,TG:P0080:n3,TG:P0218:n2,distinct_from,左侧为 n 型、显式负号（-6.50 mV/K），右侧为正值 1.67 mV/K，符号相反，属于相反符号的同一类量，不应视为同一概念。,reject,左：热扩散及红氧混合Seebeck系数；右：电化学Seebeck系数。普通电化学系数、混合Soret/红氧系数、腐蚀复合响应、有限温差表观响应、初始条件和非对称电极响应分别保留。P0104的化学平衡温差依赖与P0119的腐蚀贡献不同；不能合并两个apparent节点。P0215保留initial限定，但摘要不支持进一步断言瞬态。,False,independent member evidence and explicit group definitions; targeted secondary rationale comparison,False
pair:e898bc276fc5334f06c1,3,TG:P0080:n3,TG:P0225:n3,distinct_from,左侧为负号 n 型 Seebeck 系数（-6.50 mV/K），右侧为正值 6.38 mV/K 的 Seebeck 系数，符号相反，按符号冲突判为不同概念。,accept,共同定义：热扩散及红氧混合Seebeck系数。普通电化学系数、混合Soret/红氧系数、腐蚀复合响应、有限温差表观响应、初始条件和非对称电极响应分别保留。P0104的化学平衡温差依赖与P0119的腐蚀贡献不同；不能合并两个apparent节点。P0215保留initial限定，但摘要不支持进一步断言瞬态。,True,independent member evidence and explicit group definitions; targeted secondary rationale comparison,False
pair:f18594f8476934be766e,3,TG:P0080:n3,TG:P0247:n3,distinct_from,左侧原文明确为 n-type 且符号为 -6.50 mV K-1，右侧数值为正值 4.1 mV K-1，符号/类型相反，按规则属不同概念。,reject,左：热扩散及红氧混合Seebeck系数；右：离子热扩散Seebeck系数。普通电化学系数、混合Soret/红氧系数、腐蚀复合响应、有限温差表观响应、初始条件和非对称电极响应分别保留。P0104的化学平衡温差依赖与P0119的腐蚀贡献不同；不能合并两个apparent节点。P0215保留initial限定，但摘要不支持进一步断言瞬态。,False,independent member evidence and explicit group definitions; targeted secondary rationale comparison,False
pair:ff4daccd59d8e42f332f,3,TG:P0080:n3,TG:P0272:n2,distinct_from,左侧显式为 n 型负值（-6.50 mV/K），右侧为正值（320.5、436.6 µV/K）的 Seebeck 系数，符号相反且体系机制不同，非同一概念。,reject,左：热扩散及红氧混合Seebeck系数；右：Te纳米线电子Seebeck系数。普通电化学系数、混合Soret/红氧系数、腐蚀复合响应、有限温差表观响应、初始条件和非对称电极响应分别保留。P0104的化学平衡温差依赖与P0119的腐蚀贡献不同；不能合并两个apparent节点。P0215保留initial限定，但摘要不支持进一步断言瞬态。,False,independent member evidence and explicit group definitions; targeted secondary rationale comparison,False
pair:c257cf246dd7ad8263ff,29,TG:P0084:n3,TG:P0090:n2,narrower_than,左侧把氧化还原对限定为 [Fe(CN)6]3-/4- 并限定水-甲醇体系，是右侧泛称“氧化还原对熵差”的更具体种类。,accept,共同定义：铁氰/亚铁氰红氧熵差。1/2/3/6经完整摘要核实均铁氰/亚铁氰红氧系统熵差；0具体Cu-乙二胺螯合反应；4/5/7一般红氧反应熵差，不通过泛称把特定反应合并。,True,independent member evidence and explicit group definitions; targeted secondary rationale comparison,False
pair:599ec73030bbeb637d42,29,TG:P0084:n3,TG:P0182:n4,narrower_than,右侧用泛称“thermogalvanic ions”指热电化学离子的熵差，左侧限定为具体的 [Fe(CN)6]3-/4- 电对，是更具体的实例。,reject,左：铁氰/亚铁氰红氧熵差；右：红氧反应熵差。1/2/3/6经完整摘要核实均铁氰/亚铁氰红氧系统熵差；0具体Cu-乙二胺螯合反应；4/5/7一般红氧反应熵差，不通过泛称把特定反应合并。,True,independent member evidence and explicit group definitions; targeted secondary rationale comparison,False
pair:203501ee9792b6b74fd0,3,TG:P0085:n3,TG:P0104:n2,broader_than,左侧为一般Seebeck系数，右侧为带“apparent”限定且随温差变化的特定实测系数，右侧是左侧的受限子类。,reject,左：电化学Seebeck系数；右：化学平衡导致温差依赖的表观电化学Seebeck系数。普通电化学系数、混合Soret/红氧系数、腐蚀复合响应、有限温差表观响应、初始条件和非对称电极响应分别保留。P0104的化学平衡温差依赖与P0119的腐蚀贡献不同；不能合并两个apparent节点。P0215保留initial限定，但摘要不支持进一步断言瞬态。,True,independent member evidence and explicit group definitions; targeted secondary rationale comparison,False
pair:a9dbccebca738f767fa2,3,TG:P0085:n3,TG:P0265:n1,related_to,Seebeck 系数是电池/材料的温差电动势指标，thermal coefficient of redox pair 是氧化还原对的电位温度依赖参数，二者机制相关（后者决定前者），但原文未声明为同一概念。,accept,共同定义：电化学Seebeck系数。普通电化学系数、混合Soret/红氧系数、腐蚀复合响应、有限温差表观响应、初始条件和非对称电极响应分别保留。P0104的化学平衡温差依赖与P0119的腐蚀贡献不同；不能合并两个apparent节点。P0215保留initial限定，但摘要不支持进一步断言瞬态。,True,independent member evidence and explicit group definitions; targeted secondary rationale comparison,False
pair:53bc64f0659a5f108564,47,TG:P0088:n4,TG:P0104:n3,narrower_than,左侧是限定在“across the cell”内的温度差，属于右侧一般“temperature difference”的受限具体情形。,uncertain,左：电极间温差；右：系数测量温差。1/2均为电池两电极温差；0是凝胶最大温差，3测量温差未给端点，4两流体接触的温差，需核实各测量边界。,True,independent member evidence and explicit group definitions; targeted secondary rationale comparison,False
pair:412f5744512ed50c44fe,47,TG:P0088:n4,TG:P0134:n1,narrower_than,左侧限定为'电池两端'的温差，是右侧泛指的温度差的一个受限具体情形。,uncertain,左：电极间温差；右：两流体温差。1/2均为电池两电极温差；0是凝胶最大温差，3测量温差未给端点，4两流体接触的温差，需核实各测量边界。,True,independent member evidence and explicit group definitions; targeted secondary rationale comparison,False
pair:cd366e6d557ef9b2c39c,29,TG:P0090:n2,TG:P0192:n3,related_to,左侧只是氧化还原电对的熵差，右侧是含溶剂化壳层重排的“整个氧化还原体系”熵变，属整体与组成部分的关系，范围不同。,accept,共同定义：铁氰/亚铁氰红氧熵差。1/2/3/6经完整摘要核实均铁氰/亚铁氰红氧系统熵差；0具体Cu-乙二胺螯合反应；4/5/7一般红氧反应熵差，不通过泛称把特定反应合并。,True,independent member evidence and explicit group definitions; targeted secondary rationale comparison,False
pair:eae05fade8ef812ca0f2,9,TG:P0098:n2,TG:P0208:n2,related_to,两侧都指热电化学池的电输出功率这一性能量，语义相近；但一侧仅写 power、另一侧限定为 power output，原文无明确同义表述，不足以判定严格等价。,accept,共同定义：总输出功率。5/11/15/16/18/21单位明确面积功率密度；0/14密度分母尚未给出先单列；2/4/6/7/9/10/12/17/19是输出功率量；1/3/8/20是发电过程；13限定盐水驱动。不能把过程、功率和密度闭包合并。,True,independent member evidence and explicit group definitions; targeted secondary rationale comparison,False
pair:1245f4b1fa5d17447914,3,TG:P0099:n2,TG:P0119:n3,related_to,右侧为 apparent Seebeck coefficient，原文表明其由 redox couple 与 corrosion 共同贡献，是复合/有效系数，与左侧普通 Seebeck coefficient 不等价，仅为相关。,reject,左：电化学Seebeck系数；右：碘氧化还原与不锈钢腐蚀共同贡献的表观Seebeck系数。普通电化学系数、混合Soret/红氧系数、腐蚀复合响应、有限温差表观响应、初始条件和非对称电极响应分别保留。P0104的化学平衡温差依赖与P0119的腐蚀贡献不同；不能合并两个apparent节点。P0215保留initial限定，但摘要不支持进一步断言瞬态。,False,independent member evidence and explicit group definitions; targeted secondary rationale comparison,False
pair:75c79398a7fa0a5b2ec6,3,TG:P0099:n2,TG:P0215:n2,broader_than,left 为通用 Seebeck 系数，right 是“initial”限定的 Seebeck 系数，right IS-A left。,reject,左：电化学Seebeck系数；右：磁性纳米流体初始Seebeck系数（初始的时间定义待核）。普通电化学系数、混合Soret/红氧系数、腐蚀复合响应、有限温差表观响应、初始条件和非对称电极响应分别保留。P0104的化学平衡温差依赖与P0119的腐蚀贡献不同；不能合并两个apparent节点。P0215保留initial限定，但摘要不支持进一步断言瞬态。,True,independent member evidence and explicit group definitions; targeted secondary rationale comparison,False
pair:e21774de20c02c0f4637,47,TG:P0101:n4,TG:P0134:n1,narrower_than,左侧特指两电极之间的温差，是右侧泛指温度差（两液体温差）的更具体限定概念。,uncertain,左：电极间温差；右：两流体温差。1/2均为电池两电极温差；0是凝胶最大温差，3测量温差未给端点，4两流体接触的温差，需核实各测量边界。,True,independent member evidence and explicit group definitions; targeted secondary rationale comparison,False
pair:d54203230af6072d040d,3,TG:P0104:n2,TG:P0206:n4,narrower_than,左侧是带 apparent 限定、随温差变化的表观 Seebeck 系数，右侧为一般 Seebeck 系数；前者可视为后者的受限子类。,reject,左：化学平衡导致温差依赖的表观电化学Seebeck系数；右：电化学Seebeck系数。普通电化学系数、混合Soret/红氧系数、腐蚀复合响应、有限温差表观响应、初始条件和非对称电极响应分别保留。P0104的化学平衡温差依赖与P0119的腐蚀贡献不同；不能合并两个apparent节点。P0215保留initial限定，但摘要不支持进一步断言瞬态。,True,independent member evidence and explicit group definitions; targeted secondary rationale comparison,False
pair:348e96377755dd1cc5a0,3,TG:P0104:n2,TG:P0215:n2,related_to,两侧都是热电化学体系的 Seebeck 系数，但限定词不同：左侧是随温差变化的 apparent 值，右侧是 ferrofluid 的 initial 值，限定条件不同且无同义表述，故非等价。,reject,左：化学平衡导致温差依赖的表观电化学Seebeck系数；右：磁性纳米流体初始Seebeck系数（初始的时间定义待核）。普通电化学系数、混合Soret/红氧系数、腐蚀复合响应、有限温差表观响应、初始条件和非对称电极响应分别保留。P0104的化学平衡温差依赖与P0119的腐蚀贡献不同；不能合并两个apparent节点。P0215保留initial限定，但摘要不支持进一步断言瞬态。,False,independent member evidence and explicit group definitions; targeted secondary rationale comparison,False
pair:6e66e0a9e9046cd16503,3,TG:P0104:n2,TG:P0223:n2,narrower_than,左侧是受“apparent”限定、随温差变化（因化学平衡）的实测Seebeck系数，属于右侧一般Seebeck系数的一种受限具体表述，构成IS-A。,reject,左：化学平衡导致温差依赖的表观电化学Seebeck系数；右：电化学Seebeck系数。普通电化学系数、混合Soret/红氧系数、腐蚀复合响应、有限温差表观响应、初始条件和非对称电极响应分别保留。P0104的化学平衡温差依赖与P0119的腐蚀贡献不同；不能合并两个apparent节点。P0215保留initial限定，但摘要不支持进一步断言瞬态。,True,independent member evidence and explicit group definitions; targeted secondary rationale comparison,False
pair:8f0f44159622fcb6bd0a,3,TG:P0104:n2,TG:P0226:n3,related_to,两侧都是热电化学池的 Seebeck 系数，但左为随温差变化的“apparent”表观值（受化学平衡影响），右为锂金属/插层电极测得值，限定条件与体系不同，只能判为相关而非同义。,reject,左：化学平衡导致温差依赖的表观电化学Seebeck系数；右：非对称电极复合系数。普通电化学系数、混合Soret/红氧系数、腐蚀复合响应、有限温差表观响应、初始条件和非对称电极响应分别保留。P0104的化学平衡温差依赖与P0119的腐蚀贡献不同；不能合并两个apparent节点。P0215保留initial限定，但摘要不支持进一步断言瞬态。,False,independent member evidence and explicit group definitions; targeted secondary rationale comparison,False
pair:c6427925a1937a18bf50,3,TG:P0104:n2,TG:P0247:n3,narrower_than,"left 带 ""apparent"" 限定并明确其随温差变化（化学平衡）的测量定义，是受限定、非理想的 Seebeck 系数变体，属 right 无限定 Seebeck coefficient 的下位概念。",reject,左：化学平衡导致温差依赖的表观电化学Seebeck系数；右：离子热扩散Seebeck系数。普通电化学系数、混合Soret/红氧系数、腐蚀复合响应、有限温差表观响应、初始条件和非对称电极响应分别保留。P0104的化学平衡温差依赖与P0119的腐蚀贡献不同；不能合并两个apparent节点。P0215保留initial限定，但摘要不支持进一步断言瞬态。,True,independent member evidence and explicit group definitions; targeted secondary rationale comparison,False
pair:6d689e196d361b91c0d1,3,TG:P0104:n2,TG:P0272:n2,narrower_than,left 用 apparent 限定，特指随温差变化的表观值（受化学平衡影响），是 right 所述 Seebeck 系数的一种受限子类。,reject,左：化学平衡导致温差依赖的表观电化学Seebeck系数；右：Te纳米线电子Seebeck系数。普通电化学系数、混合Soret/红氧系数、腐蚀复合响应、有限温差表观响应、初始条件和非对称电极响应分别保留。P0104的化学平衡温差依赖与P0119的腐蚀贡献不同；不能合并两个apparent节点。P0215保留initial限定，但摘要不支持进一步断言瞬态。,True,independent member evidence and explicit group definitions; targeted secondary rationale comparison,False
pair:d4a40e65b15761808265,9,TG:P0113:n2,TG:P0121:n2,related_to,left 为功率量（结果量），right 为功率产生过程（power generation），二者是过程与结果量的关系。,reject,左：总输出功率；右：发电过程。5/11/15/16/18/21单位明确面积功率密度；0/14密度分母尚未给出先单列；2/4/6/7/9/10/12/17/19是输出功率量；1/3/8/20是发电过程；13限定盐水驱动。不能把过程、功率和密度闭包合并。,False,independent member evidence and explicit group definitions; targeted secondary rationale comparison,False
pair:b3e07f7955f416392b1b,27,TG:P0115:n3,TG:P0127:n2,related_to,左侧仅泛称 energy conversion 的 efficiency（0.22%），右侧为受电极间距影响、趋于 0.04% 平台的功率转换效率，二者名称与定义范围不同，只能视为相关性能概念。,accept,共同定义：热到电转换效率。九个成员均输出电能/输入热能的转换效率，含循环与稳态装置；4的原文明确区分绝对1.32%和相对Carnot20%，节点取绝对效率。,True,independent member evidence and explicit group definitions; targeted secondary rationale comparison,False
pair:faa1b0f739e1ac9660ea,27,TG:P0115:n3,TG:P0184:n3,broader_than,左侧仅为泛指的“效率”，右侧明确限定为“heat-to-electricity energy conversion efficiency”，后者是前者的具体种类，故左侧更宽泛。,accept,共同定义：热到电转换效率。九个成员均输出电能/输入热能的转换效率，含循环与稳态装置；4的原文明确区分绝对1.32%和相对Carnot20%，节点取绝对效率。,True,independent member evidence and explicit group definitions; targeted secondary rationale comparison,False
pair:4f27cd604e4648740b12,27,TG:P0115:n3,TG:P0213:n4,broader_than,左侧原文只是泛称的“efficiency”，右侧明确为“energy conversion efficiency”这一受限定的效率概念，左侧为更宽泛的上位表述。,accept,共同定义：热到电转换效率。九个成员均输出电能/输入热能的转换效率，含循环与稳态装置；4的原文明确区分绝对1.32%和相对Carnot20%，节点取绝对效率。,True,independent member evidence and explicit group definitions; targeted secondary rationale comparison,False
pair:dd999bbd3789dd6ad551,27,TG:P0115:n3,TG:P0214:n4,related_to,"左侧只泛称""energy conversion""的效率且明确附加""free of heat recuperation""的限定，右侧明确为热-电转换效率，二者是同域同类性能量但限定与表述不同，不构成同义。",accept,共同定义：热到电转换效率。九个成员均输出电能/输入热能的转换效率，含循环与稳态装置；4的原文明确区分绝对1.32%和相对Carnot20%，节点取绝对效率。,True,independent member evidence and explicit group definitions; targeted secondary rationale comparison,False
pair:3c5fc20e5cd64615ca24,3,TG:P0117:n3,TG:P0119:n3,broader_than,apparent Seebeck coefficient 是叠加了碘致腐蚀贡献后测得的受限定的有效值（原文强调“under optimal conditions”），属于 Seebeck 系数的一种具体/受限定形式，故 left 更宽泛。,reject,左：电化学Seebeck系数；右：碘氧化还原与不锈钢腐蚀共同贡献的表观Seebeck系数。普通电化学系数、混合Soret/红氧系数、腐蚀复合响应、有限温差表观响应、初始条件和非对称电极响应分别保留。P0104的化学平衡温差依赖与P0119的腐蚀贡献不同；不能合并两个apparent节点。P0215保留initial限定，但摘要不支持进一步断言瞬态。,True,independent member evidence and explicit group definitions; targeted secondary rationale comparison,False
pair:8af1fc5fd93a43db0143,3,TG:P0117:n3,TG:P0247:n3,distinct_from,left 原文给出负值 -(3.8-3.9) mV/K，right 原文给出正值 4.1 mV K-1，正负号相反，属于相反符号的 Seebeck 系数。,reject,左：电化学Seebeck系数；右：离子热扩散Seebeck系数。普通电化学系数、混合Soret/红氧系数、腐蚀复合响应、有限温差表观响应、初始条件和非对称电极响应分别保留。P0104的化学平衡温差依赖与P0119的腐蚀贡献不同；不能合并两个apparent节点。P0215保留initial限定，但摘要不支持进一步断言瞬态。,False,independent member evidence and explicit group definitions; targeted secondary rationale comparison,False
pair:8b735501342a5b1ea287,63,TG:P0118:n2,TG:P0126:n3,broader_than,left 用通用术语 galvanic currents（仅由温度梯度诱发），right 是温度梯度导致的热电偶/热原电池电流这一特定类型，故 left 是更宽泛概念。,accept,共同定义：温差驱动热电化学电流。0原文thermogalvanic明确补足简写galvanic，2展开TG；四段均为温差引起的电化学电流。,True,independent member evidence and explicit group definitions; targeted secondary rationale comparison,False
pair:a908693a2e234d9cd3e1,63,TG:P0118:n2,TG:P0233:n4,broader_than,左侧用通名 galvanic currents（可泛指任何电偶电流），右侧限定为温度梯度驱动的 thermogalvanic currents，后者是前者的一种，故左宽右窄。,accept,共同定义：温差驱动热电化学电流。0原文thermogalvanic明确补足简写galvanic，2展开TG；四段均为温差引起的电化学电流。,True,independent member evidence and explicit group definitions; targeted secondary rationale comparison,False
pair:83bab92c7dc40b51239f,3,TG:P0119:n3,TG:P0206:n4,related_to,左侧“apparent”限定为碘/三碘化物热电池与腐蚀耦合产生的有效值，右侧为凝胶热电池的本征性能指标，限定条件构成定义差异，非同一概念。,reject,左：碘氧化还原与不锈钢腐蚀共同贡献的表观Seebeck系数；右：电化学Seebeck系数。普通电化学系数、混合Soret/红氧系数、腐蚀复合响应、有限温差表观响应、初始条件和非对称电极响应分别保留。P0104的化学平衡温差依赖与P0119的腐蚀贡献不同；不能合并两个apparent节点。P0215保留initial限定，但摘要不支持进一步断言瞬态。,False,independent member evidence and explicit group definitions; targeted secondary rationale comparison,False
pair:e980e616a9f7da21fc9a,3,TG:P0119:n3,TG:P0215:n2,related_to,两侧都是 Seebeck 系数类量，但一侧是含碘诱导腐蚀贡献的“表观”值，另一侧是添加磁性纳米颗粒前的“初始”值，限定条件不同，不能视为同一概念。,reject,左：碘氧化还原与不锈钢腐蚀共同贡献的表观Seebeck系数；右：磁性纳米流体初始Seebeck系数（初始的时间定义待核）。普通电化学系数、混合Soret/红氧系数、腐蚀复合响应、有限温差表观响应、初始条件和非对称电极响应分别保留。P0104的化学平衡温差依赖与P0119的腐蚀贡献不同；不能合并两个apparent节点。P0215保留initial限定，但摘要不支持进一步断言瞬态。,False,independent member evidence and explicit group definitions; targeted secondary rationale comparison,False
pair:454a9a7b65d25cc9bf31,3,TG:P0119:n3,TG:P0226:n3,related_to,两者都是器件层面的有效 Seebeck 系数测量，但左侧为含碘腐蚀贡献、最优条件下的“apparent”值（+13.6 mV/K），右侧为非对称电池实测并随热条件变化的系数（+0.7 至 +4.3 mV/K），体系与定义不同，不构成同义。,reject,左：碘氧化还原与不锈钢腐蚀共同贡献的表观Seebeck系数；右：非对称电极复合系数。普通电化学系数、混合Soret/红氧系数、腐蚀复合响应、有限温差表观响应、初始条件和非对称电极响应分别保留。P0104的化学平衡温差依赖与P0119的腐蚀贡献不同；不能合并两个apparent节点。P0215保留initial限定，但摘要不支持进一步断言瞬态。,False,independent member evidence and explicit group definitions; targeted secondary rationale comparison,False
pair:9063ea6bb18476b58d5a,3,TG:P0119:n3,TG:P0247:n3,related_to,左侧为 apparent Seebeck coefficient，原文表明其由 redox couple 与 corrosion 共同贡献，是复合/有效系数，与右侧普通 Seebeck coefficient 不等价，仅为相关。,reject,左：碘氧化还原与不锈钢腐蚀共同贡献的表观Seebeck系数；右：离子热扩散Seebeck系数。普通电化学系数、混合Soret/红氧系数、腐蚀复合响应、有限温差表观响应、初始条件和非对称电极响应分别保留。P0104的化学平衡温差依赖与P0119的腐蚀贡献不同；不能合并两个apparent节点。P0215保留initial限定，但摘要不支持进一步断言瞬态。,False,independent member evidence and explicit group definitions; targeted secondary rationale comparison,False
pair:48c81c19ceeda1669ffb,3,TG:P0119:n3,TG:P0266:n2,related_to,左侧是含腐蚀贡献、在最优条件下测得的表观 Seebeck 系数，右侧是 P 型与 N 型热原电池的 Seebeck 系数，原文未表明二者指同一概念或同一量值。,reject,左：碘氧化还原与不锈钢腐蚀共同贡献的表观Seebeck系数；右：p和n型电池系数组合。普通电化学系数、混合Soret/红氧系数、腐蚀复合响应、有限温差表观响应、初始条件和非对称电极响应分别保留。P0104的化学平衡温差依赖与P0119的腐蚀贡献不同；不能合并两个apparent节点。P0215保留initial限定，但摘要不支持进一步断言瞬态。,False,independent member evidence and explicit group definitions; targeted secondary rationale comparison,False
pair:809e5e342d051b556e6c,3,TG:P0119:n3,TG:P0272:n2,narrower_than,左侧为表观Seebeck系数，右侧泛指Seebeck系数，左侧是右侧的一种特定形式，故左侧窄于右侧。,reject,左：碘氧化还原与不锈钢腐蚀共同贡献的表观Seebeck系数；右：Te纳米线电子Seebeck系数。普通电化学系数、混合Soret/红氧系数、腐蚀复合响应、有限温差表观响应、初始条件和非对称电极响应分别保留。P0104的化学平衡温差依赖与P0119的腐蚀贡献不同；不能合并两个apparent节点。P0215保留initial限定，但摘要不支持进一步断言瞬态。,True,independent member evidence and explicit group definitions; targeted secondary rationale comparison,False
pair:c73256b92ec7b3dcc7f8,3,TG:P0119:n3,TG:P0278:n4,narrower_than,右侧原文明确Se是Seebeck coefficient的缩写，左侧表观Seebeck系数是Seebeck系数的一种特定形式，故左侧窄于右侧。,reject,左：碘氧化还原与不锈钢腐蚀共同贡献的表观Seebeck系数；右：电化学Seebeck系数。普通电化学系数、混合Soret/红氧系数、腐蚀复合响应、有限温差表观响应、初始条件和非对称电极响应分别保留。P0104的化学平衡温差依赖与P0119的腐蚀贡献不同；不能合并两个apparent节点。P0215保留initial限定，但摘要不支持进一步断言瞬态。,True,independent member evidence and explicit group definitions; targeted secondary rationale comparison,False
pair:9ab0d473f739c91f6f54,3,TG:P0119:n3,TG:P0315:n2,narrower_than,左侧为表观Seebeck系数，右侧为一般Seebeck系数，左侧是右侧的一种特定形式，故左侧窄于右侧。,reject,左：碘氧化还原与不锈钢腐蚀共同贡献的表观Seebeck系数；右：电化学Seebeck系数。普通电化学系数、混合Soret/红氧系数、腐蚀复合响应、有限温差表观响应、初始条件和非对称电极响应分别保留。P0104的化学平衡温差依赖与P0119的腐蚀贡献不同；不能合并两个apparent节点。P0215保留initial限定，但摘要不支持进一步断言瞬态。,True,independent member evidence and explicit group definitions; targeted secondary rationale comparison,False
pair:2d875faf56210c494b25,3,TG:P0119:n3,TG:P0319:n2,related_to,左侧是表观Seebeck系数，右侧是某系统的Seebeck系数，两者均为特定条件下的Seebeck系数，但修饰语不同，无同义或上下位证据，故为相关关系。,reject,左：碘氧化还原与不锈钢腐蚀共同贡献的表观Seebeck系数；右：电化学Seebeck系数。普通电化学系数、混合Soret/红氧系数、腐蚀复合响应、有限温差表观响应、初始条件和非对称电极响应分别保留。P0104的化学平衡温差依赖与P0119的腐蚀贡献不同；不能合并两个apparent节点。P0215保留initial限定，但摘要不支持进一步断言瞬态。,False,independent member evidence and explicit group definitions; targeted secondary rationale comparison,False
pair:0295e256dd2352ebb9a4,9,TG:P0121:n2,TG:P0177:n4,related_to,左侧指热电化学发电机的功率输出提升，右侧指盐水渗透驱动发电，系统与机制不同，仅共享发电这一泛化语义。,reject,左：发电过程；右：盐水驱动发电。5/11/15/16/18/21单位明确面积功率密度；0/14密度分母尚未给出先单列；2/4/6/7/9/10/12/17/19是输出功率量；1/3/8/20是发电过程；13限定盐水驱动。不能把过程、功率和密度闭包合并。,False,independent member evidence and explicit group definitions; targeted secondary rationale comparison,False
pair:d123e84ccdf12ef92693,9,TG:P0121:n2,TG:P0276:n3,related_to,左侧为 power generation，右侧为 electricity generation；原文未明确二者同义，且 power 与 electricity 语义范围不完全相同，判为相关。,accept,共同定义：发电过程。5/11/15/16/18/21单位明确面积功率密度；0/14密度分母尚未给出先单列；2/4/6/7/9/10/12/17/19是输出功率量；1/3/8/20是发电过程；13限定盐水驱动。不能把过程、功率和密度闭包合并。,True,independent member evidence and explicit group definitions; targeted secondary rationale comparison,False
pair:c21adc9cc2d680ddb330,27,TG:P0127:n2,TG:P0184:n3,related_to,分别为热电化学电池的功率转换效率和 TREC 循环的热-电能量转换效率，均为热-电转换效率量但对象体系与限定不同，不能判等价。,accept,共同定义：热到电转换效率。九个成员均输出电能/输入热能的转换效率，含循环与稳态装置；4的原文明确区分绝对1.32%和相对Carnot20%，节点取绝对效率。,True,independent member evidence and explicit group definitions; targeted secondary rationale comparison,False
pair:91e3e18b03d8bb4d5846,27,TG:P0127:n2,TG:P0213:n4,related_to,两者都是热电化学体系的转换效率，但 left 限定为 ferricyanide/ferrocyanide 电池的功率转换效率，right 是 TRIL-TREC 的能量转换效率，无同义表述。,accept,共同定义：热到电转换效率。九个成员均输出电能/输入热能的转换效率，含循环与稳态装置；4的原文明确区分绝对1.32%和相对Carnot20%，节点取绝对效率。,True,independent member evidence and explicit group definitions; targeted secondary rationale comparison,False
pair:786d6d32578a3458d2ea,27,TG:P0127:n2,TG:P0214:n4,related_to,同为热电化学体系的热-电转换效率量，但 left 为铁氰化物电池的功率转换效率，right 为 CoHCF/HCNT TREC 的热-电转换效率，条件与体系不同，仅存在语义联系。,accept,共同定义：热到电转换效率。九个成员均输出电能/输入热能的转换效率，含循环与稳态装置；4的原文明确区分绝对1.32%和相对Carnot20%，节点取绝对效率。,True,independent member evidence and explicit group definitions; targeted secondary rationale comparison,False
pair:0710093e31ecb646d93f,9,TG:P0128:n3,TG:P0187:n2,related_to,左侧指电池的总功率输出（受欧姆电阻限制），右侧指归一化到电极面积的功率输出密度，量纲与定义不同，不构成同义。,reject,左：总输出功率；右：密度分母待定。5/11/15/16/18/21单位明确面积功率密度；0/14密度分母尚未给出先单列；2/4/6/7/9/10/12/17/19是输出功率量；1/3/8/20是发电过程；13限定盐水驱动。不能把过程、功率和密度闭包合并。,False,independent member evidence and explicit group definitions; targeted secondary rationale comparison,False
pair:2a1b40241bbba3eb9040,9,TG:P0128:n3,TG:P0218:n3,related_to,左侧指不同电极取向得到的功率输出，右侧指混合体系总功率输出，限定条件不同，未证同义。,accept,共同定义：总输出功率。5/11/15/16/18/21单位明确面积功率密度；0/14密度分母尚未给出先单列；2/4/6/7/9/10/12/17/19是输出功率量；1/3/8/20是发电过程；13限定盐水驱动。不能把过程、功率和密度闭包合并。,True,independent member evidence and explicit group definitions; targeted secondary rationale comparison,False
pair:af0f14670ab05cfc4269,9,TG:P0133:n2,TG:P0187:n2,related_to,左侧为总电功率（功率量），右侧为功率输出密度（按面积归一的强度量），对象与量纲不同，只是同一性能家族的相关量，不构成同义。,reject,左：总输出功率；右：密度分母待定。5/11/15/16/18/21单位明确面积功率密度；0/14密度分母尚未给出先单列；2/4/6/7/9/10/12/17/19是输出功率量；1/3/8/20是发电过程；13限定盐水驱动。不能把过程、功率和密度闭包合并。,False,independent member evidence and explicit group definitions; targeted secondary rationale comparison,False
pair:cb441141c27ad23ad741,27,TG:P0133:n4,TG:P0213:n4,broader_than,左侧是未加限定的泛指“efficiency”，右侧限定为“energy conversion efficiency（能量转换效率）”，后者是前者的具体类型，故左侧范围更宽。,accept,共同定义：热到电转换效率。九个成员均输出电能/输入热能的转换效率，含循环与稳态装置；4的原文明确区分绝对1.32%和相对Carnot20%，节点取绝对效率。,True,independent member evidence and explicit group definitions; targeted secondary rationale comparison,False
pair:f005a90be933cddf3979,27,TG:P0133:n4,TG:P0302:n2,related_to,左侧仅笼统称器件的 efficiency，右侧明确限定为 heat-to-electricity conversion efficiency，名称与限定范围不同，不能认定同义。,accept,共同定义：热到电转换效率。九个成员均输出电能/输入热能的转换效率，含循环与稳态装置；4的原文明确区分绝对1.32%和相对Carnot20%，节点取绝对效率。,True,independent member evidence and explicit group definitions; targeted secondary rationale comparison,False
pair:22375956f20fc67762b0,27,TG:P0133:n4,TG:P0303:n3,related_to,两侧都指向热电化学池的效率，但左侧是未加限定的通用效率表述，右侧为能量转换效率，缺乏同义的确证。,accept,共同定义：热到电转换效率。九个成员均输出电能/输入热能的转换效率，含循环与稳态装置；4的原文明确区分绝对1.32%和相对Carnot20%，节点取绝对效率。,True,independent member evidence and explicit group definitions; targeted secondary rationale comparison,False
pair:60acc37e4a23a0d3efa2,16,TG:P0137:n3,TG:P0196:n1,broader_than,左侧为不限定载流子的 thermodiffusion effect，右侧明确限定为 electrolyte ions 的热扩散效应，后者是前者的具体化，left 更宽。,accept,共同定义：电解质离子Soret热扩散。0至11均电解质离子热扩散/Soret效应，2泛称由本组电解质上下文约束；12特指质子热扩散，保留物种限定。,True,independent member evidence and explicit group definitions; targeted secondary rationale comparison,False
pair:913f50f5f29a596f026e,16,TG:P0137:n3,TG:P0310:n1,broader_than,right 是限定了载流子的热致质子扩散(Soret)，left 是泛指的热扩散效应，right 为 left 的具体情形。,reject,左：电解质离子Soret热扩散；右：质子热扩散。0至11均电解质离子热扩散/Soret效应，2泛称由本组电解质上下文约束；12特指质子热扩散，保留物种限定。,True,independent member evidence and explicit group definitions; targeted secondary rationale comparison,False
pair:e797fa1daccc6c66f459,87,TG:P0137:n6,TG:P0166:n2,related_to,两侧都描述氧化还原离子/对的浓度差与熵差，但右侧明确限定为溶剂化熵变与浓度比差，未找到同义表述，只能判为相关。,uncertain,左：concentration and entropy difference of redox pairs；右：solvation entropy change and concentration ratio difference of redox ions。1明确solvation entropy和浓度比之差；0/2是一般熵差与浓度差，复合项定义未完全一致，两个建议均待定。,False,independent member evidence and explicit group definitions; targeted secondary rationale comparison,False
pair:2635e33fb9260616eaec,3,TG:P0140:n4,TG:P0247:n3,related_to,两侧都是热电化学器件的电压-温度响应性能量（斜率，单位 mV K-1），机制上相关；但原文未出现把 redox potential 的温度系数与 Seebeck 系数等同的表述，故不判等价。,reject,左：电化学Seebeck系数；右：离子热扩散Seebeck系数。普通电化学系数、混合Soret/红氧系数、腐蚀复合响应、有限温差表观响应、初始条件和非对称电极响应分别保留。P0104的化学平衡温差依赖与P0119的腐蚀贡献不同；不能合并两个apparent节点。P0215保留initial限定，但摘要不支持进一步断言瞬态。,False,independent member evidence and explicit group definitions; targeted secondary rationale comparison,False
pair:a20040de431a6157a002,3,TG:P0140:n4,TG:P0319:n2,related_to,左是氧化还原电对电位随温度的变化（-13.8 mV K-1），右是熔融碳酸盐+固体氧化物+气体电极体系整体的 Seebeck 系数；同为热电池的 dV/dT 类量，但对象与体系限定不同，非同一概念。,accept,共同定义：电化学Seebeck系数。普通电化学系数、混合Soret/红氧系数、腐蚀复合响应、有限温差表观响应、初始条件和非对称电极响应分别保留。P0104的化学平衡温差依赖与P0119的腐蚀贡献不同；不能合并两个apparent节点。P0215保留initial限定，但摘要不支持进一步断言瞬态。,True,independent member evidence and explicit group definitions; targeted secondary rationale comparison,False
pair:7346ef643f9fa26822bd,14,TG:P0143:n2,TG:P0192:n4,broader_than,left 是泛指的热电动势（离子热电材料的 thermopower，mV/K），right 特指氧化还原电化学 thermopower，属前者的一类具体机制，故 left 更宽泛。,reject,左：热扩散与热电化学混合热电势；右：热电化学热电势系数。0/1/2/3/4/5/6/10/11/12/13/14/15均热电化学电池热电势系数；7完整摘要及8/9明确叠加Soret和热电化学效应，总热响应不等同单独电化学系数。,True,independent member evidence and explicit group definitions; targeted secondary rationale comparison,False
pair:66f333ed30191198057c,16,TG:P0145:n1,TG:P0196:n1,broader_than,左侧只称 thermodiffusion（泛指的热扩散/Soret 效应），右侧把对象限定为 electrolyte ions，是左侧机制的受限特例，故左侧更宽泛。,accept,共同定义：电解质离子Soret热扩散。0至11均电解质离子热扩散/Soret效应，2泛称由本组电解质上下文约束；12特指质子热扩散，保留物种限定。,True,independent member evidence and explicit group definitions; targeted secondary rationale comparison,False
pair:74ad9367e686f4c2c294,16,TG:P0145:n1,TG:P0210:n1,broader_than,左侧为一般的热扩散过程，右侧以“电解质中”这一限定条件把概念收窄为热扩散在电解质中的具体情形，故左比右宽泛。,accept,共同定义：电解质离子Soret热扩散。0至11均电解质离子热扩散/Soret效应，2泛称由本组电解质上下文约束；12特指质子热扩散，保留物种限定。,True,independent member evidence and explicit group definitions; targeted secondary rationale comparison,False
pair:d504e8f07c39800d7b84,29,TG:P0146:n2,TG:P0192:n3,related_to,两者均指氧化还原过程熵变，但左侧强调反应，右侧强调整体系统，范围略有差异，无明确同义表述。,reject,左：红氧反应熵差；右：铁氰/亚铁氰红氧熵差。1/2/3/6经完整摘要核实均铁氰/亚铁氰红氧系统熵差；0具体Cu-乙二胺螯合反应；4/5/7一般红氧反应熵差，不通过泛称把特定反应合并。,False,independent member evidence and explicit group definitions; targeted secondary rationale comparison,False
pair:abe5305b5039e6b88079,39,TG:P0146:n4,TG:P0288:n1,broader_than,右侧“superior ionic conductivity”是加了“优异/高”限定的离子电导率，是左侧一般离子电导率的受限特例，故左宽右窄。,reject,左：离子电导率；右：优越离子电导率。0/1/2/3/5都离子电导率量，5 ionic electrical为同量展开；4明确相对其他溶剂系统优越，属于比较状态。,True,independent member evidence and explicit group definitions; targeted secondary rationale comparison,False
pair:6d1e2a4aafab33db229a,39,TG:P0150:n2,TG:P0288:n1,related_to,两侧指同一物理量（离子电导率），但右侧带比较性评价限定词 superior（限定为较高取值），语义范围不同，不构成同义。,reject,左：离子电导率；右：优越离子电导率。0/1/2/3/5都离子电导率量，5 ionic electrical为同量展开；4明确相对其他溶剂系统优越，属于比较状态。,False,independent member evidence and explicit group definitions; targeted secondary rationale comparison,False
pair:a8226aec3204590c0618,39,TG:P0150:n2,TG:P0297:n2,related_to,两侧同指离子电导率，但左侧带 high 限定、右侧以 RH 提高为条件并与离子热电势并列表述，限定条件不同，只能判为相关。,accept,共同定义：离子电导率。0/1/2/3/5都离子电导率量，5 ionic electrical为同量展开；4明确相对其他溶剂系统优越，属于比较状态。,True,independent member evidence and explicit group definitions; targeted secondary rationale comparison,False
pair:5d8263946930f7f531ba,9,TG:P0154:n3,TG:P0187:n2,related_to,左侧是电池在 ΔT=40 K 下的总输出功率，右侧是以面积归一化的功率输出密度，二者是总量与其密度量的关联，量纲与定义不同，不等价。,reject,左：面积输出功率密度；右：密度分母待定。5/11/15/16/18/21单位明确面积功率密度；0/14密度分母尚未给出先单列；2/4/6/7/9/10/12/17/19是输出功率量；1/3/8/20是发电过程；13限定盐水驱动。不能把过程、功率和密度闭包合并。,False,independent member evidence and explicit group definitions; targeted secondary rationale comparison,False
pair:274405d4f7b680dd7830,9,TG:P0154:n3,TG:P0199:n3,related_to,left 是功率量（output power），right 是单位面积归一化的功率密度量（output power density），二者物理量与量纲不同，属相关而非同义。,accept,共同定义：面积输出功率密度。5/11/15/16/18/21单位明确面积功率密度；0/14密度分母尚未给出先单列；2/4/6/7/9/10/12/17/19是输出功率量；1/3/8/20是发电过程；13限定盐水驱动。不能把过程、功率和密度闭包合并。,True,independent member evidence and explicit group definitions; targeted secondary rationale comparison,False
pair:bb2575697c9832996a7f,9,TG:P0154:n3,TG:P0209:n2,related_to,两侧都指热电池的功率输出，但 left 是特定器件在 ΔT=40 K 下的功率密度值，right 是引入浓度梯度后增强的功率输出（45.9 W m-2），名称一为 output power、一为泛称 output，原文无同义表述，判为相关而非等价。,accept,共同定义：面积输出功率密度。5/11/15/16/18/21单位明确面积功率密度；0/14密度分母尚未给出先单列；2/4/6/7/9/10/12/17/19是输出功率量；1/3/8/20是发电过程；13限定盐水驱动。不能把过程、功率和密度闭包合并。,True,independent member evidence and explicit group definitions; targeted secondary rationale comparison,False
pair:ef65f8c520864d55572c,9,TG:P0154:n3,TG:P0218:n3,related_to,左侧为 output power（输出功率），右侧为 overall power output（总输出功率），二者均为热电池性能量但限定词不同，原文未给出同义表述。,reject,左：面积输出功率密度；右：总输出功率。5/11/15/16/18/21单位明确面积功率密度；0/14密度分母尚未给出先单列；2/4/6/7/9/10/12/17/19是输出功率量；1/3/8/20是发电过程；13限定盐水驱动。不能把过程、功率和密度闭包合并。,False,independent member evidence and explicit group definitions; targeted secondary rationale comparison,False
pair:82c7f7a586d84396e8e8,64,TG:P0155:n2,TG:P0246:n3,related_to,两者都指热电池可工作的温度区间，语义接近，但限定词不同（effective working ambient 与 operation）且原文无同义定义，保守判为相关。,reject,左：有效环境工作温区；右：运行温区。0/1明确宽运行温区；2为外部环境有效工作温区，3为一般装置温区，宽度条件与温度对象不可删。,False,independent member evidence and explicit group definitions; targeted secondary rationale comparison,False
pair:05c4b671af1d6fdeed96,9,TG:P0155:n3,TG:P0199:n3,related_to,left 为输出功率，right 为按面积归一化的输出功率密度（原文单位 mW m-2），量纲与定义不同，不能视为同义。,reject,左：总输出功率；右：面积输出功率密度。5/11/15/16/18/21单位明确面积功率密度；0/14密度分母尚未给出先单列；2/4/6/7/9/10/12/17/19是输出功率量；1/3/8/20是发电过程；13限定盐水驱动。不能把过程、功率和密度闭包合并。,False,independent member evidence and explicit group definitions; targeted secondary rationale comparison,False
pair:833a23aa87f986609fc9,9,TG:P0155:n3,TG:P0209:n2,narrower_than,左侧限定为“输出功率”这一具体输出量，右侧泛指器件的“output”（未限定是功率还是电压等），前者是后者的具体化形式。,reject,左：总输出功率；右：面积输出功率密度。5/11/15/16/18/21单位明确面积功率密度；0/14密度分母尚未给出先单列；2/4/6/7/9/10/12/17/19是输出功率量；1/3/8/20是发电过程；13限定盐水驱动。不能把过程、功率和密度闭包合并。,True,independent member evidence and explicit group definitions; targeted secondary rationale comparison,False
pair:656360af3abd6cb9a22f,9,TG:P0155:n3,TG:P0218:n3,related_to,左侧为 output power，右侧为 overall power output，二者相关但限定词不同，未提供同义证据。,accept,共同定义：总输出功率。5/11/15/16/18/21单位明确面积功率密度；0/14密度分母尚未给出先单列；2/4/6/7/9/10/12/17/19是输出功率量；1/3/8/20是发电过程；13限定盐水驱动。不能把过程、功率和密度闭包合并。,True,independent member evidence and explicit group definitions; targeted secondary rationale comparison,False
pair:cf13d22d943527134376,23,TG:P0156:n3,TG:P0221:n4,related_to,左侧泛指器件电压输出，右侧特指由温差诱导的直流电压（与形变诱导的交变脉冲电压并列），限定条件与概念范围不同。,accept,共同定义：热驱动输出电压。0/1/2/3/4/6/8/9均由热刺激产生的热电压，9摘要排除交变压电信号；5的0.71V只有约33%热贡献，不能等同纯热电压；7为热充电赝电容和红氧复合单元输出，独立保留。,True,independent member evidence and explicit group definitions; targeted secondary rationale comparison,False
pair:fec0b8d3a1f45d17cfd3,94,TG:P0159:n3,TG:P0265:n2,uncertain,两侧均只笼统称 “performance”，未指明是效率、功率密度还是其他指标，也无证据表明指同一被测量。,uncertain,左：performance；右：performance。0是混合材料策略性能，1仅有孤立单词，2是化学性质支配的电池性能；缺少相同指标边界。,False,independent member evidence and explicit group definitions; targeted secondary rationale comparison,False
pair:e6e1ded43e55b68a0da7,23,TG:P0173:n3,TG:P0221:n4,related_to,左侧为器件输出电压，右侧特指温差诱导的直流电压（与交变脉冲电压相对），限定条件不同，不能视为同一概念。,reject,左：热与化学势复合总电压；右：热驱动输出电压。0/1/2/3/4/6/8/9均由热刺激产生的热电压，9摘要排除交变压电信号；5的0.71V只有约33%热贡献，不能等同纯热电压；7为热充电赝电容和红氧复合单元输出，独立保留。,False,independent member evidence and explicit group definitions; targeted secondary rationale comparison,False
pair:be37e32ae225872a64d7,23,TG:P0178:n2,TG:P0204:n3,narrower_than,左侧“output voltage”是右侧泛指“voltage”的输出端特指形式，属于更受限定的电压概念。,reject,左：热驱动输出电压；右：热充电电池复合电压。0/1/2/3/4/6/8/9均由热刺激产生的热电压，9摘要排除交变压电信号；5的0.71V只有约33%热贡献，不能等同纯热电压；7为热充电赝电容和红氧复合单元输出，独立保留。,True,independent member evidence and explicit group definitions; targeted secondary rationale comparison,False
pair:19ad15dfa933b7b2adc9,27,TG:P0184:n3,TG:P0213:n4,narrower_than,左侧在“energy conversion efficiency”之上额外限定为“heat-to-electricity”，是其更具体的种类，属左侧窄于右侧。,accept,共同定义：热到电转换效率。九个成员均输出电能/输入热能的转换效率，含循环与稳态装置；4的原文明确区分绝对1.32%和相对Carnot20%，节点取绝对效率。,True,independent member evidence and explicit group definitions; targeted secondary rationale comparison,False
pair:9bcf424c9d599dc6efc7,9,TG:P0187:n2,TG:P0218:n3,related_to,left 是单位面积归一化的功率密度（厚度无关），right 是电池整体输出功率，两者为不同定义的性能量，仅同属功率类性能指标。,reject,左：密度分母待定；右：总输出功率。5/11/15/16/18/21单位明确面积功率密度；0/14密度分母尚未给出先单列；2/4/6/7/9/10/12/17/19是输出功率量；1/3/8/20是发电过程；13限定盐水驱动。不能把过程、功率和密度闭包合并。,False,independent member evidence and explicit group definitions; targeted secondary rationale comparison,False
pair:25349810f4aa7783f597,14,TG:P0192:n4,TG:P0264:n4,narrower_than,左侧被 electrochemical 限定为电化学体系中的 thermopower，是右侧泛指 thermopower 的更具体概念。,accept,共同定义：热电化学热电势系数。0/1/2/3/4/5/6/10/11/12/13/14/15均热电化学电池热电势系数；7完整摘要及8/9明确叠加Soret和热电化学效应，总热响应不等同单独电化学系数。,True,independent member evidence and explicit group definitions; targeted secondary rationale comparison,False
pair:254493e2f88061af22a7,16,TG:P0196:n1,TG:P0201:n1,narrower_than,左侧是电解质离子体系中的热扩散，是右侧一般性热扩散(Soret)效应的具体实例，范围更窄。,accept,共同定义：电解质离子Soret热扩散。0至11均电解质离子热扩散/Soret效应，2泛称由本组电解质上下文约束；12特指质子热扩散，保留物种限定。,True,independent member evidence and explicit group definitions; targeted secondary rationale comparison,False
pair:4caaf5f834ae601159a8,16,TG:P0196:n1,TG:P0232:n1,narrower_than,right 是一般性的热扩散输运现象（并应用于电解液），left 限定为电解液离子的热扩散效应，是其中的具体情形。,accept,共同定义：电解质离子Soret热扩散。0至11均电解质离子热扩散/Soret效应，2泛称由本组电解质上下文约束；12特指质子热扩散，保留物种限定。,True,independent member evidence and explicit group definitions; targeted secondary rationale comparison,False
pair:8229f7dd4a22dca98c6d,16,TG:P0196:n1,TG:P0247:n2,narrower_than,左侧把热扩散限定在“电解质离子”这一特定对象上，是热扩散（thermal diffusion）的更受限的具体情形。,accept,共同定义：电解质离子Soret热扩散。0至11均电解质离子热扩散/Soret效应，2泛称由本组电解质上下文约束；12特指质子热扩散，保留物种限定。,True,independent member evidence and explicit group definitions; targeted secondary rationale comparison,False
pair:f6d312edd5f3f98c3ebd,16,TG:P0196:n1,TG:P0310:n1,broader_than,质子（氢离子）是电解质离子的一类，right 的热控质子扩散(Soret)是 left“电解质离子热扩散效应”的特例，left 语义范围更宽。,reject,左：电解质离子Soret热扩散；右：质子热扩散。0至11均电解质离子热扩散/Soret效应，2泛称由本组电解质上下文约束；12特指质子热扩散，保留物种限定。,True,independent member evidence and explicit group definitions; targeted secondary rationale comparison,False
pair:04c9e36826f072a3e1d8,9,TG:P0199:n3,TG:P0209:n2,narrower_than,右侧仅称“output”（泛指输出性能，文中以 W m-2 计量），左侧明确限定为单位面积功率密度，是更具体受限定的量，属下的概念而非同义。,accept,共同定义：面积输出功率密度。5/11/15/16/18/21单位明确面积功率密度；0/14密度分母尚未给出先单列；2/4/6/7/9/10/12/17/19是输出功率量；1/3/8/20是发电过程；13限定盐水驱动。不能把过程、功率和密度闭包合并。,True,independent member evidence and explicit group definitions; targeted secondary rationale comparison,False
pair:e37090cfc7738df6da27,9,TG:P0199:n3,TG:P0281:n2,related_to,一是单位面积功率密度，一是绝对功率输出，量纲与归一化方式不同，不构成同义或严格上下位。,accept,共同定义：面积输出功率密度。5/11/15/16/18/21单位明确面积功率密度；0/14密度分母尚未给出先单列；2/4/6/7/9/10/12/17/19是输出功率量；1/3/8/20是发电过程；13限定盐水驱动。不能把过程、功率和密度闭包合并。,True,independent member evidence and explicit group definitions; targeted secondary rationale comparison,False
pair:044c9d06d640d42597f1,16,TG:P0201:n1,TG:P0210:n1,broader_than,left 是一般热扩散(Soret)效应，right 限定为电解质中的热扩散效应，是 left 的更具体种类，故 left 更宽泛。,accept,共同定义：电解质离子Soret热扩散。0至11均电解质离子热扩散/Soret效应，2泛称由本组电解质上下文约束；12特指质子热扩散，保留物种限定。,True,independent member evidence and explicit group definitions; targeted secondary rationale comparison,False
pair:30a459258cf6fe2b2b79,16,TG:P0201:n1,TG:P0310:n1,broader_than,左侧泛指热扩散(Soret)效应，右侧限定为质子的热控扩散，是 Soret 效应在质子体系中的受限实例。,reject,左：电解质离子Soret热扩散；右：质子热扩散。0至11均电解质离子热扩散/Soret效应，2泛称由本组电解质上下文约束；12特指质子热扩散，保留物种限定。,True,independent member evidence and explicit group definitions; targeted secondary rationale comparison,False
pair:c3bebddc04b89f936d23,16,TG:P0201:n4,TG:P0310:n1,broader_than,左侧为未限定的 Soret 效应，右侧限定为质子扩散这一具体体系，范围更窄。,reject,左：电解质离子Soret热扩散；右：质子热扩散。0至11均电解质离子热扩散/Soret效应，2泛称由本组电解质上下文约束；12特指质子热扩散，保留物种限定。,True,independent member evidence and explicit group definitions; targeted secondary rationale comparison,False
pair:204c12b6ecf9585247dc,23,TG:P0204:n3,TG:P0210:n3,broader_than,左侧仅为泛指“voltage”，右侧特指器件输出端电压，右侧 IS-A 左侧。,reject,左：热充电电池复合电压；右：热驱动输出电压。0/1/2/3/4/6/8/9均由热刺激产生的热电压，9摘要排除交变压电信号；5的0.71V只有约33%热贡献，不能等同纯热电压；7为热充电赝电容和红氧复合单元输出，独立保留。,True,independent member evidence and explicit group definitions; targeted secondary rationale comparison,False
pair:e3930451844e5480159d,23,TG:P0204:n3,TG:P0221:n4,broader_than,左侧为泛指的产电电压，右侧是由温差产生的直流电压这一具体形式，属上下位关系。,reject,左：热充电电池复合电压；右：热驱动输出电压。0/1/2/3/4/6/8/9均由热刺激产生的热电压，9摘要排除交变压电信号；5的0.71V只有约33%热贡献，不能等同纯热电压；7为热充电赝电容和红氧复合单元输出，独立保留。,True,independent member evidence and explicit group definitions; targeted secondary rationale comparison,False
pair:dbf361beb50250d0e7cb,9,TG:P0208:n2,TG:P0218:n3,related_to,两侧都是热电化学电池的电功率输出性能量，但左侧仅为无限定的 power output，右侧为带限定词的 overall power output（体系总功率），原文未给出两者可互换的定义或单位，不能认定同义。,accept,共同定义：总输出功率。5/11/15/16/18/21单位明确面积功率密度；0/14密度分母尚未给出先单列；2/4/6/7/9/10/12/17/19是输出功率量；1/3/8/20是发电过程；13限定盐水驱动。不能把过程、功率和密度闭包合并。,True,independent member evidence and explicit group definitions; targeted secondary rationale comparison,False
pair:fff6021b78effdaa8fc9,9,TG:P0208:n2,TG:P0276:n3,related_to,left 是热电化学电池的输出功率性能量，right 是聚电解质膜中离子解离扩散引起的发电过程，二者存在性能-机制联系但非同一概念。,reject,左：总输出功率；右：发电过程。5/11/15/16/18/21单位明确面积功率密度；0/14密度分母尚未给出先单列；2/4/6/7/9/10/12/17/19是输出功率量；1/3/8/20是发电过程；13限定盐水驱动。不能把过程、功率和密度闭包合并。,False,independent member evidence and explicit group definitions; targeted secondary rationale comparison,False
pair:540c7399bcf4fa14e789,9,TG:P0208:n2,TG:P0281:n2,related_to,两侧用词接近（power output / output power），但左侧为无单位限定的功率输出表述，右侧明确为面积归一化功率（W m(-2)）且用于不同电池体系，原文无证据表明二者指同一量，不足以认定等价。,reject,左：总输出功率；右：面积输出功率密度。5/11/15/16/18/21单位明确面积功率密度；0/14密度分母尚未给出先单列；2/4/6/7/9/10/12/17/19是输出功率量；1/3/8/20是发电过程；13限定盐水驱动。不能把过程、功率和密度闭包合并。,False,independent member evidence and explicit group definitions; targeted secondary rationale comparison,False
pair:8bcea933662a4cdb9f8d,9,TG:P0209:n2,TG:P0281:n2,broader_than,左侧为泛指的 output（未限定输出类型），右侧明确限定为 output power，功率输出是 output 的一种具体形式，故左宽右窄。,accept,共同定义：面积输出功率密度。5/11/15/16/18/21单位明确面积功率密度；0/14密度分母尚未给出先单列；2/4/6/7/9/10/12/17/19是输出功率量；1/3/8/20是发电过程；13限定盐水驱动。不能把过程、功率和密度闭包合并。,True,independent member evidence and explicit group definitions; targeted secondary rationale comparison,False
pair:6852ef48e020d776e2f8,27,TG:P0213:n4,TG:P0214:n4,related_to,两侧都描述 TREC 体系的热-电转换效率量，但分别属于 TRIL 体系与 CoHCF/HCNT 体系，右侧原文虽也用“energy conversion efficiency of the battery”，左文未给出同义限定，不足以判等价。,accept,共同定义：热到电转换效率。九个成员均输出电能/输入热能的转换效率，含循环与稳态装置；4的原文明确区分绝对1.32%和相对Carnot20%，节点取绝对效率。,True,independent member evidence and explicit group definitions; targeted secondary rationale comparison,False
pair:f9a281aaca0746660569,27,TG:P0214:n4,TG:P0303:n3,narrower_than,左侧明确为热—电转换效率，属于右侧泛指 conversion efficiency 的具体限定类型，故左窄右宽。,accept,共同定义：热到电转换效率。九个成员均输出电能/输入热能的转换效率，含循环与稳态装置；4的原文明确区分绝对1.32%和相对Carnot20%，节点取绝对效率。,True,independent member evidence and explicit group definitions; targeted secondary rationale comparison,False
pair:8779417be14edcee3a20,3,TG:P0215:n2,TG:P0226:n3,narrower_than,left 是受“initial”状态限定的铁磁流体 Seebeck 系数，right 是热电化学电池的通用 Seebeck 系数，left 属 right 的受限特例，非同一概念。,reject,左：磁性纳米流体初始Seebeck系数（初始的时间定义待核）；右：非对称电极复合系数。普通电化学系数、混合Soret/红氧系数、腐蚀复合响应、有限温差表观响应、初始条件和非对称电极响应分别保留。P0104的化学平衡温差依赖与P0119的腐蚀贡献不同；不能合并两个apparent节点。P0215保留initial限定，但摘要不支持进一步断言瞬态。,True,independent member evidence and explicit group definitions; targeted secondary rationale comparison,False
pair:ff3644a54804c8773695,3,TG:P0215:n2,TG:P0247:n3,narrower_than,left 是带 initial 限定的 Seebeck 系数，属于 right 一般 Seebeck 系数的一种具体情形。,reject,左：磁性纳米流体初始Seebeck系数（初始的时间定义待核）；右：离子热扩散Seebeck系数。普通电化学系数、混合Soret/红氧系数、腐蚀复合响应、有限温差表观响应、初始条件和非对称电极响应分别保留。P0104的化学平衡温差依赖与P0119的腐蚀贡献不同；不能合并两个apparent节点。P0215保留initial限定，但摘要不支持进一步断言瞬态。,True,independent member evidence and explicit group definitions; targeted secondary rationale comparison,False
pair:d4a7f4cad4f8de08d900,3,TG:P0215:n2,TG:P0248:n3,narrower_than,左侧指铁磁流体在初始状态下的 Seebeck 系数，是右侧泛称 Seebeck 系数的一个受限特例（IS-A），语义范围更窄。,reject,左：磁性纳米流体初始Seebeck系数（初始的时间定义待核）；右：电化学Seebeck系数。普通电化学系数、混合Soret/红氧系数、腐蚀复合响应、有限温差表观响应、初始条件和非对称电极响应分别保留。P0104的化学平衡温差依赖与P0119的腐蚀贡献不同；不能合并两个apparent节点。P0215保留initial限定，但摘要不支持进一步断言瞬态。,True,independent member evidence and explicit group definitions; targeted secondary rationale comparison,False
pair:6a0a92c478aa70bd7a02,3,TG:P0215:n2,TG:P0266:n2,related_to,两者均为 Seebeck 系数，但左侧为铁磁流体的初始 Seebeck 系数，右侧为 P/N 型 TEC 的 Seebeck 系数，对象和条件不同，非同一概念。,reject,左：磁性纳米流体初始Seebeck系数（初始的时间定义待核）；右：p和n型电池系数组合。普通电化学系数、混合Soret/红氧系数、腐蚀复合响应、有限温差表观响应、初始条件和非对称电极响应分别保留。P0104的化学平衡温差依赖与P0119的腐蚀贡献不同；不能合并两个apparent节点。P0215保留initial限定，但摘要不支持进一步断言瞬态。,False,independent member evidence and explicit group definitions; targeted secondary rationale comparison,False
pair:e914ea34ad3e5725f7ac,3,TG:P0218:n2,TG:P0266:n2,broader_than,右侧限定为 P 型与 N 型 TEC 的 Seebeck 系数，是左侧一般 Seebeck 系数的受限具体实例，故 left 更宽泛。,reject,左：电化学Seebeck系数；右：p和n型电池系数组合。普通电化学系数、混合Soret/红氧系数、腐蚀复合响应、有限温差表观响应、初始条件和非对称电极响应分别保留。P0104的化学平衡温差依赖与P0119的腐蚀贡献不同；不能合并两个apparent节点。P0215保留initial限定，但摘要不支持进一步断言瞬态。,True,independent member evidence and explicit group definitions; targeted secondary rationale comparison,False
pair:f03abd07468973afddf4,9,TG:P0218:n3,TG:P0281:n2,related_to,左侧是“overall power output”总量，右侧虽名“output power”但原文以 W m−2 表示功率密度，限定不同。,reject,左：总输出功率；右：面积输出功率密度。5/11/15/16/18/21单位明确面积功率密度；0/14密度分母尚未给出先单列；2/4/6/7/9/10/12/17/19是输出功率量；1/3/8/20是发电过程；13限定盐水驱动。不能把过程、功率和密度闭包合并。,False,independent member evidence and explicit group definitions; targeted secondary rationale comparison,False
pair:8f5472cbcc7b61b9552b,3,TG:P0223:n2,TG:P0266:n2,broader_than,左侧泛指 Seebeck 系数这一物理量，右侧限定为 P 型与 N 型热电池的 Seebeck 系数，是被限定的具体情形，故左侧更宽泛。,reject,左：电化学Seebeck系数；右：p和n型电池系数组合。普通电化学系数、混合Soret/红氧系数、腐蚀复合响应、有限温差表观响应、初始条件和非对称电极响应分别保留。P0104的化学平衡温差依赖与P0119的腐蚀贡献不同；不能合并两个apparent节点。P0215保留initial限定，但摘要不支持进一步断言瞬态。,True,independent member evidence and explicit group definitions; targeted secondary rationale comparison,False
pair:c38a58c231e202b8a747,3,TG:P0226:n3,TG:P0265:n1,related_to,两者都涉及氧化还原对的温度依赖电化学响应，但左侧明确为 Seebeck 系数(mV.K-1)，右侧为较笼统的 thermal coefficients，原文不足以确认同义。,reject,左：非对称电极复合系数；右：电化学Seebeck系数。普通电化学系数、混合Soret/红氧系数、腐蚀复合响应、有限温差表观响应、初始条件和非对称电极响应分别保留。P0104的化学平衡温差依赖与P0119的腐蚀贡献不同；不能合并两个apparent节点。P0215保留initial限定，但摘要不支持进一步断言瞬态。,False,independent member evidence and explicit group definitions; targeted secondary rationale comparison,False
pair:e37da15e02f1919e2bd8,3,TG:P0226:n3,TG:P0266:n2,related_to,两侧同属热电化学 Seebeck 系数这一物理量，但左侧是锂/铁氰化物不对称电池体系的测量值，右侧限定为添加羧甲基壳聚糖的 P 型与 N 型 TEC，对象体系不同，不构成同义。,reject,左：非对称电极复合系数；右：p和n型电池系数组合。普通电化学系数、混合Soret/红氧系数、腐蚀复合响应、有限温差表观响应、初始条件和非对称电极响应分别保留。P0104的化学平衡温差依赖与P0119的腐蚀贡献不同；不能合并两个apparent节点。P0215保留initial限定，但摘要不支持进一步断言瞬态。,False,independent member evidence and explicit group definitions; targeted secondary rationale comparison,False
pair:c20dc28836e5eff9f8ed,16,TG:P0247:n2,TG:P0310:n1,broader_than,左侧为泛指的热扩散（Soret 效应），右侧限定为质子这一特定载流子的热控扩散，是热扩散的特例，故 left 更宽泛。,reject,左：电解质离子Soret热扩散；右：质子热扩散。0至11均电解质离子热扩散/Soret效应，2泛称由本组电解质上下文约束；12特指质子热扩散，保留物种限定。,True,independent member evidence and explicit group definitions; targeted secondary rationale comparison,False
pair:fb421403309495ef4403,3,TG:P0247:n3,TG:P0265:n1,related_to,左侧是热电转换性能量（Seebeck 系数），右侧是氧化还原对的温度系数这一化学属性，二者同属热电化学体系但对象与量纲不同，未见同义表述。,reject,左：离子热扩散Seebeck系数；右：电化学Seebeck系数。普通电化学系数、混合Soret/红氧系数、腐蚀复合响应、有限温差表观响应、初始条件和非对称电极响应分别保留。P0104的化学平衡温差依赖与P0119的腐蚀贡献不同；不能合并两个apparent节点。P0215保留initial限定，但摘要不支持进一步断言瞬态。,False,independent member evidence and explicit group definitions; targeted secondary rationale comparison,False
pair:7b90f487e7735f0b796e,3,TG:P0247:n3,TG:P0266:n2,broader_than,左侧是泛指的 Seebeck coefficient；右侧限定为 P 型与 N 型 TEC 的 Seebeck coefficient，是左者更受限的具体情形（right IS-A left）。,reject,左：离子热扩散Seebeck系数；右：p和n型电池系数组合。普通电化学系数、混合Soret/红氧系数、腐蚀复合响应、有限温差表观响应、初始条件和非对称电极响应分别保留。P0104的化学平衡温差依赖与P0119的腐蚀贡献不同；不能合并两个apparent节点。P0215保留initial限定，但摘要不支持进一步断言瞬态。,True,independent member evidence and explicit group definitions; targeted secondary rationale comparison,False
pair:4dee982c13540f1242ac,3,TG:P0266:n2,TG:P0315:n2,narrower_than,左侧把 Seebeck coefficient 限定于 P-type 与 N-type TECs 这一具体体系，右侧是 p-type 超分子热电池的一般 Seebeck coefficient，左侧是右侧的受限具体种类。,reject,左：p和n型电池系数组合；右：电化学Seebeck系数。普通电化学系数、混合Soret/红氧系数、腐蚀复合响应、有限温差表观响应、初始条件和非对称电极响应分别保留。P0104的化学平衡温差依赖与P0119的腐蚀贡献不同；不能合并两个apparent节点。P0215保留initial限定，但摘要不支持进一步断言瞬态。,True,independent member evidence and explicit group definitions; targeted secondary rationale comparison,False
pair:0739fd45f494258506b6,39,TG:P0288:n1,TG:P0297:n2,narrower_than,左侧“superior ionic conductivity”是加了“优异”限定的离子电导率，属右侧一般离子电导率的受限特例，故左窄右宽。,reject,左：优越离子电导率；右：离子电导率。0/1/2/3/5都离子电导率量，5 ionic electrical为同量展开；4明确相对其他溶剂系统优越，属于比较状态。,True,independent member evidence and explicit group definitions; targeted secondary rationale comparison,False
pair:e3f1507f14073335d680,46,TG:P0289:n1,TG:P0300:n2,related_to,两者均指电极可供电化学反应的表面/表面积，语义高度相关，但原文未给出可确认同义的明确定义，故不判等价。,accept,共同定义：电化学活性表面积。五段均为电极可接近并参与电化学反应的表面积，4的enlarge surface为面积扩展省略；不与反应位点数量等同。,True,independent member evidence and explicit group definitions; targeted secondary rationale comparison,False
pair:3865635d11703b793aea,16,TG:P0295:n3,TG:P0310:n1,broader_than,两侧虽都标注 Soret 效应，但 left 泛指热驱动的质量（盐）扩散，right 限定为质子的热扩散，right 是 left 的特例。,reject,左：电解质离子Soret热扩散；右：质子热扩散。0至11均电解质离子热扩散/Soret效应，2泛称由本组电解质上下文约束；12特指质子热扩散，保留物种限定。,True,independent member evidence and explicit group definitions; targeted secondary rationale comparison,False
pair:c8c8209bf717bc9681cd,27,TG:P0302:n2,TG:P0321:n2,related_to,两侧都涉及热-电转换效率，但左侧是双室电化学热机的转换效率，右侧是具体串联热电池器件的效率，原文无互相等同的表述。,accept,共同定义：热到电转换效率。九个成员均输出电能/输入热能的转换效率，含循环与稳态装置；4的原文明确区分绝对1.32%和相对Carnot20%，节点取绝对效率。,True,independent member evidence and explicit group definitions; targeted secondary rationale comparison,False
pair:7632e7f09099c8c9bab3,0,iTE:P0334:n3,iTE:P0350:n5,broader_than,"left 为泛指的 Seebeck 系数，right 以""ionic""限定为离子 Seebeck 系数，right 是 left 的具体种类。",accept,共同定义：离子热扩散热电势系数。130成员及661既有建议全部逐组读取并按定义划分。thermopower/TEP/Seebeck/S通常同义，但仅在同一载流范围及测量定义下；原摘要证明P0660/P1024/P1210/P1520/P1614是红氧系数，P0595是电子SWCNT，P0547是电动学等效系数，P0804是Kelvin近似，P1676为质子加空穴的总响应。电子、离子、红氧、混合、符号幅值、加权贡献、非线性有限温差系数不可整体传递合并。节点属性及原始数值保留，未确定定义者不跨组接受。,True,independent member evidence and explicit group definitions; targeted secondary rationale comparison,False
pair:3f9f983296507f4113c0,0,iTE:P0334:n3,iTE:P0399:n2,broader_than,左侧泛指 Seebeck 系数，右侧限定为 ionic（离子）Seebeck 系数，限定条件构成概念定义，属通用对具体的关系。,accept,共同定义：离子热扩散热电势系数。130成员及661既有建议全部逐组读取并按定义划分。thermopower/TEP/Seebeck/S通常同义，但仅在同一载流范围及测量定义下；原摘要证明P0660/P1024/P1210/P1520/P1614是红氧系数，P0595是电子SWCNT，P0547是电动学等效系数，P0804是Kelvin近似，P1676为质子加空穴的总响应。电子、离子、红氧、混合、符号幅值、加权贡献、非线性有限温差系数不可整体传递合并。节点属性及原始数值保留，未确定定义者不跨组接受。,True,independent member evidence and explicit group definitions; targeted secondary rationale comparison,False
pair:c7a24650fb7bd6f64f5d,0,iTE:P0334:n3,iTE:P0600:n2,related_to,右侧是“离子 Seebeck 系数的符号与大小”这一对属性的复合描述，左侧是泛指的 Seebeck 系数，属属性/组成部分与整体概念的关系，并非同义或上下位。,reject,左：离子热扩散热电势系数；右：离子Seebeck系数符号和幅值属性。130成员及661既有建议全部逐组读取并按定义划分。thermopower/TEP/Seebeck/S通常同义，但仅在同一载流范围及测量定义下；原摘要证明P0660/P1024/P1210/P1520/P1614是红氧系数，P0595是电子SWCNT，P0547是电动学等效系数，P0804是Kelvin近似，P1676为质子加空穴的总响应。电子、离子、红氧、混合、符号幅值、加权贡献、非线性有限温差系数不可整体传递合并。节点属性及原始数值保留，未确定定义者不跨组接受。,False,independent member evidence and explicit group definitions; targeted secondary rationale comparison,False
pair:64ab967d5e96ff5871ce,0,iTE:P0334:n3,iTE:P0677:n2,related_to,右侧被明确限定为离子 Seebeck 系数（并给出 -32.6 至 31.7 mV K-1 范围），左侧仅为泛指的 Seebeck 系数，原文未限定为离子型，故非等价。,accept,共同定义：离子热扩散热电势系数。130成员及661既有建议全部逐组读取并按定义划分。thermopower/TEP/Seebeck/S通常同义，但仅在同一载流范围及测量定义下；原摘要证明P0660/P1024/P1210/P1520/P1614是红氧系数，P0595是电子SWCNT，P0547是电动学等效系数，P0804是Kelvin近似，P1676为质子加空穴的总响应。电子、离子、红氧、混合、符号幅值、加权贡献、非线性有限温差系数不可整体传递合并。节点属性及原始数值保留，未确定定义者不跨组接受。,True,independent member evidence and explicit group definitions; targeted secondary rationale comparison,False
pair:d1a86db81dba52ae09ad,0,iTE:P0334:n3,iTE:P0941:n2,broader_than,左侧泛指 Seebeck 系数，右侧为带“high”限定词的受限概念，右侧可归入左侧，故 left 更宽泛。,reject,左：离子热扩散热电势系数；右：高电子Seebeck系数。130成员及661既有建议全部逐组读取并按定义划分。thermopower/TEP/Seebeck/S通常同义，但仅在同一载流范围及测量定义下；原摘要证明P0660/P1024/P1210/P1520/P1614是红氧系数，P0595是电子SWCNT，P0547是电动学等效系数，P0804是Kelvin近似，P1676为质子加空穴的总响应。电子、离子、红氧、混合、符号幅值、加权贡献、非线性有限温差系数不可整体传递合并。节点属性及原始数值保留，未确定定义者不跨组接受。,True,independent member evidence and explicit group definitions; targeted secondary rationale comparison,False
pair:4ed470f0ee23dd37de38,0,iTE:P0334:n3,iTE:P1472:n2,related_to,两侧同为 Seebeck 系数，但 left 是受离子分子描述符影响的量，right 是器件级集成热电收集器的测量值（约 130 V K-1），测量层次与体系不同，非同一概念。,uncertain,需要确认水流/电极反应/磁贡献或载流分量的系数定义；现有摘要不足以证明与另一节点范围一致。；P1472器件级系数尚缺归一化和单位核实。；左：离子热扩散热电势系数；右：Mg2Si器件级Seebeck系数，材料级归一化和原文单位待核,False,independent member evidence and explicit group definitions; targeted secondary rationale comparison,False
pair:92d7559961da3ec83a60,0,iTE:P0334:n3,iTE:P1475:n2,related_to,left 未限定材料也无量值，right 具体为 p 型传导、随 R3+ 离子尺寸变化并出现符号反转的 Seebeck 系数；对象与限定条件不同，仅共享同一物理量。,reject,左：离子热扩散热电势系数；右：电子Seebeck系数。130成员及661既有建议全部逐组读取并按定义划分。thermopower/TEP/Seebeck/S通常同义，但仅在同一载流范围及测量定义下；原摘要证明P0660/P1024/P1210/P1520/P1614是红氧系数，P0595是电子SWCNT，P0547是电动学等效系数，P0804是Kelvin近似，P1676为质子加空穴的总响应。电子、离子、红氧、混合、符号幅值、加权贡献、非线性有限温差系数不可整体传递合并。节点属性及原始数值保留，未确定定义者不跨组接受。,False,independent member evidence and explicit group definitions; targeted secondary rationale comparison,False
pair:3156d2001a8f7c2b453c,0,iTE:P0334:n3,iTE:P1479:n1,related_to,left 是受分子描述符负向影响的 Seebeck 系数，right 是含负值（-0.65、-0.54）与正值（+0.25）的具体测量值；对象、符号与数值均不同，仅属同一物理量的相关实例。,uncertain,需要确认水流/电极反应/磁贡献或载流分量的系数定义；现有摘要不足以证明与另一节点范围一致。；P1472器件级系数尚缺归一化和单位核实。；左：离子热扩散热电势系数；右：铁配合物载流机制待定的Seebeck系数,False,independent member evidence and explicit group definitions; targeted secondary rationale comparison,False
pair:3c38175e2d080e5b377c,0,iTE:P0334:n3,iTE:P1492:n4,related_to,两侧同为 Seebeck 系数，但 left 关联离子分子描述符，right 是 Pb 掺杂后载流子浓度增大时仍保持高值的 Seebeck 系数，调控对象与体系不同，非等价。,reject,左：离子热扩散热电势系数；右：电子Seebeck系数。130成员及661既有建议全部逐组读取并按定义划分。thermopower/TEP/Seebeck/S通常同义，但仅在同一载流范围及测量定义下；原摘要证明P0660/P1024/P1210/P1520/P1614是红氧系数，P0595是电子SWCNT，P0547是电动学等效系数，P0804是Kelvin近似，P1676为质子加空穴的总响应。电子、离子、红氧、混合、符号幅值、加权贡献、非线性有限温差系数不可整体传递合并。节点属性及原始数值保留，未确定定义者不跨组接受。,False,independent member evidence and explicit group definitions; targeted secondary rationale comparison,False
pair:2b83209cd88491d5aaa5,0,iTE:P0334:n3,iTE:P1544:n3,broader_than,left 泛指 Seebeck 系数（复数，一般性指标），right 限定为“large”的高值情形，属更受限概念，故 left 更宽。,reject,左：离子热扩散热电势系数；右：高电子Seebeck系数。130成员及661既有建议全部逐组读取并按定义划分。thermopower/TEP/Seebeck/S通常同义，但仅在同一载流范围及测量定义下；原摘要证明P0660/P1024/P1210/P1520/P1614是红氧系数，P0595是电子SWCNT，P0547是电动学等效系数，P0804是Kelvin近似，P1676为质子加空穴的总响应。电子、离子、红氧、混合、符号幅值、加权贡献、非线性有限温差系数不可整体传递合并。节点属性及原始数值保留，未确定定义者不跨组接受。,True,independent member evidence and explicit group definitions; targeted secondary rationale comparison,False
pair:a2c5f78c775ebaa6add8,8,iTE:P0335:n4,iTE:P0650:n3,broader_than,左侧为一般意义上的离子导电率，右侧限定为离子凝胶（IGs）的离子导电率，是同一属性在特定材料体系中的受限概念，故左侧更宽泛。,reject,左：离子电导率；右：离子凝胶电导率。除12/23外各成员均一般离子电导率，包括被否定存在的21/24仍是该物理量；12明确ionogel、23明确SPE材料限定，不删除这些范围。,True,independent member evidence and explicit group definitions; targeted secondary rationale comparison,False
pair:d5739dca87dcdfcd775f,8,iTE:P0335:n4,iTE:P1557:n2,broader_than,右侧被限定为特定固体聚合物电解质（SPE）体系的离子电导率，是左侧通用离子电导率在具体材料上的受限实例。,reject,左：离子电导率；右：固体聚合物电解质电导率。除12/23外各成员均一般离子电导率，包括被否定存在的21/24仍是该物理量；12明确ionogel、23明确SPE材料限定，不删除这些范围。,True,independent member evidence and explicit group definitions; targeted secondary rationale comparison,False
pair:6075dd81a25e38d1f131,0,iTE:P0336:n3,iTE:P0362:n4,narrower_than,左侧限定了离子来源（ionic），是右侧泛称“thermopower”中更具体的种类，left IS-A right。,accept,共同定义：离子热扩散热电势系数。130成员及661既有建议全部逐组读取并按定义划分。thermopower/TEP/Seebeck/S通常同义，但仅在同一载流范围及测量定义下；原摘要证明P0660/P1024/P1210/P1520/P1614是红氧系数，P0595是电子SWCNT，P0547是电动学等效系数，P0804是Kelvin近似，P1676为质子加空穴的总响应。电子、离子、红氧、混合、符号幅值、加权贡献、非线性有限温差系数不可整体传递合并。节点属性及原始数值保留，未确定定义者不跨组接受。,True,independent member evidence and explicit group definitions; targeted secondary rationale comparison,False
pair:0a2f8d8acc03413bd159,0,iTE:P0336:n3,iTE:P0436:n3,broader_than,左侧是泛指离子热电势，右侧用large限定为高值离子热电势，属受限定/更具体的子类，左侧更宽泛。,reject,左：离子热扩散热电势系数；右：大离子热电势系数。130成员及661既有建议全部逐组读取并按定义划分。thermopower/TEP/Seebeck/S通常同义，但仅在同一载流范围及测量定义下；原摘要证明P0660/P1024/P1210/P1520/P1614是红氧系数，P0595是电子SWCNT，P0547是电动学等效系数，P0804是Kelvin近似，P1676为质子加空穴的总响应。电子、离子、红氧、混合、符号幅值、加权贡献、非线性有限温差系数不可整体传递合并。节点属性及原始数值保留，未确定定义者不跨组接受。,True,independent member evidence and explicit group definitions; targeted secondary rationale comparison,False
pair:956d9f0676376bb2b3e9,0,iTE:P0336:n3,iTE:P0461:n2,narrower_than,与前一对照一致：right 泛指 thermopower，left 限定为 ionic thermopower，left 是 right 的受限更具体概念。,accept,共同定义：离子热扩散热电势系数。130成员及661既有建议全部逐组读取并按定义划分。thermopower/TEP/Seebeck/S通常同义，但仅在同一载流范围及测量定义下；原摘要证明P0660/P1024/P1210/P1520/P1614是红氧系数，P0595是电子SWCNT，P0547是电动学等效系数，P0804是Kelvin近似，P1676为质子加空穴的总响应。电子、离子、红氧、混合、符号幅值、加权贡献、非线性有限温差系数不可整体传递合并。节点属性及原始数值保留，未确定定义者不跨组接受。,True,independent member evidence and explicit group definitions; targeted secondary rationale comparison,False
pair:216ce4d7a66b9a6e9dc7,0,iTE:P0336:n3,iTE:P0786:n2,narrower_than,left 明确为 ionic thermopower，right 为一般 thermo-power；前者是后者的一种具体类型。,accept,共同定义：离子热扩散热电势系数。130成员及661既有建议全部逐组读取并按定义划分。thermopower/TEP/Seebeck/S通常同义，但仅在同一载流范围及测量定义下；原摘要证明P0660/P1024/P1210/P1520/P1614是红氧系数，P0595是电子SWCNT，P0547是电动学等效系数，P0804是Kelvin近似，P1676为质子加空穴的总响应。电子、离子、红氧、混合、符号幅值、加权贡献、非线性有限温差系数不可整体传递合并。节点属性及原始数值保留，未确定定义者不跨组接受。,True,independent member evidence and explicit group definitions; targeted secondary rationale comparison,False
pair:38fd9fb02610b2c375c5,0,iTE:P0336:n3,iTE:P1487:n3,narrower_than,left 明确限定为 ionic thermopower，是 thermopower 的一种具体类型，right 为一般热电势概念。,reject,左：离子热扩散热电势系数；右：电子Seebeck系数。130成员及661既有建议全部逐组读取并按定义划分。thermopower/TEP/Seebeck/S通常同义，但仅在同一载流范围及测量定义下；原摘要证明P0660/P1024/P1210/P1520/P1614是红氧系数，P0595是电子SWCNT，P0547是电动学等效系数，P0804是Kelvin近似，P1676为质子加空穴的总响应。电子、离子、红氧、混合、符号幅值、加权贡献、非线性有限温差系数不可整体传递合并。节点属性及原始数值保留，未确定定义者不跨组接受。,True,independent member evidence and explicit group definitions; targeted secondary rationale comparison,False
pair:7cb9a9f3c1f4d3b0381a,0,iTE:P0336:n3,iTE:P1614:n3,narrower_than,左侧限定为“ionic thermopower”（离子热扩散贡献的热电势），是右侧泛指 thermopower 的受限子类。,reject,左：离子热扩散热电势系数；右：红氧电化学Seebeck系数。130成员及661既有建议全部逐组读取并按定义划分。thermopower/TEP/Seebeck/S通常同义，但仅在同一载流范围及测量定义下；原摘要证明P0660/P1024/P1210/P1520/P1614是红氧系数，P0595是电子SWCNT，P0547是电动学等效系数，P0804是Kelvin近似，P1676为质子加空穴的总响应。电子、离子、红氧、混合、符号幅值、加权贡献、非线性有限温差系数不可整体传递合并。节点属性及原始数值保留，未确定定义者不跨组接受。,True,independent member evidence and explicit group definitions; targeted secondary rationale comparison,False
pair:01ec997fce30c5f5e7ef,0,iTE:P0337:n4,iTE:P0461:n2,narrower_than,right 只写作 thermopower，left 明确限定为离子型热电势，前者范围更广，left 是 right 的具体子类。,accept,共同定义：离子热扩散热电势系数。130成员及661既有建议全部逐组读取并按定义划分。thermopower/TEP/Seebeck/S通常同义，但仅在同一载流范围及测量定义下；原摘要证明P0660/P1024/P1210/P1520/P1614是红氧系数，P0595是电子SWCNT，P0547是电动学等效系数，P0804是Kelvin近似，P1676为质子加空穴的总响应。电子、离子、红氧、混合、符号幅值、加权贡献、非线性有限温差系数不可整体传递合并。节点属性及原始数值保留，未确定定义者不跨组接受。,True,independent member evidence and explicit group definitions; targeted secondary rationale comparison,False
pair:69a71900d3b2c261fc34,54,iTE:P0341:n2,iTE:P0575:n1,broader_than,右侧是限定在 PVDF-HFP 与离子液体之间的离子-偶极相互作用，属于左侧一般离子-偶极相互作用的更具体种类。,reject,左：离子偶极作用；右：PVDF-HFP与IL离子偶极作用。0/2/4一般离子偶极作用；1明确动态且涉及IL/PVDF-HFP/FS，3特指PVDF-HFP与IL；机制同类不足以抹除动态和材料限定。,True,independent member evidence and explicit group definitions; targeted secondary rationale comparison,False
pair:0941cfb9baf5015d3c30,12,iTE:P0342:n3,iTE:P0622:n1,broader_than,左侧泛称热扩散，右侧限定为离子单元中由温度涨落驱动的离子热扩散（Soret 效应），是前者的离子受限特例。,accept,共同定义：离子Soret热扩散。十八个成员逐一均在离子导体/电解质中指温度梯度驱动的离子扩散；3和13直接定义，10直接展开同义。11虽否定其主导作用但概念仍同一机制，不能以否定句误判不同概念。,True,independent member evidence and explicit group definitions; targeted secondary rationale comparison,False
pair:d4315bd48dce6d80076a,22,iTE:P0343:n3,iTE:P0711:n2,related_to,左侧为n型热电行为/性能，右侧为n型导电机制，虽都含n型但概念类型不同，不是同一概念。,reject,左：离子负热电响应；右：电子n型导电。0/1/2/3/4为离子迁移或界面极化造成负热电响应，完整摘要核实2/3/4；5/6/7/8/9/10为电子为主的半导体n型导电，不可因n-type同名合并。,False,independent member evidence and explicit group definitions; targeted secondary rationale comparison,False
pair:b24666c482568e48ea3d,22,iTE:P0343:n3,iTE:P0896:n4,related_to,两者均为水泥基材料中的n型特征，但左侧限定为热电行为，右侧限定为半导体特性，描述的性质侧面不同。,reject,左：离子负热电响应；右：电子n型导电。0/1/2/3/4为离子迁移或界面极化造成负热电响应，完整摘要核实2/3/4；5/6/7/8/9/10为电子为主的半导体n型导电，不可因n-type同名合并。,False,independent member evidence and explicit group definitions; targeted secondary rationale comparison,False
pair:0bd014a683e43e100cca,22,iTE:P0343:n3,iTE:P1215:n2,related_to,两侧都带 n 型字样，但左侧是 OH- 离子热迁移造成的水泥基材料 n 型热电行为，右侧是 Zintl 化合物的电子 n 型输运，对象与机制均不同。,reject,左：离子负热电响应；右：电子n型导电。0/1/2/3/4为离子迁移或界面极化造成负热电响应，完整摘要核实2/3/4；5/6/7/8/9/10为电子为主的半导体n型导电，不可因n-type同名合并。,False,independent member evidence and explicit group definitions; targeted secondary rationale comparison,False
pair:28e150361ac5927dd8d2,44,iTE:P0344:n3,iTE:P1104:n2,related_to,两者都是离子迁移过程，但限定语不同：左侧强调选择性（哪种离子迁移），右侧强调方向性（温度梯度驱动的定向迁移），不等价。,reject,左：选择性离子迁移；右：离子热迁移。0/3一般选择性离子迁移；2限定热梯度下选择性；1进一步限定阳离子；4/5仅温度驱动定向迁移，不等于选择性。,False,independent member evidence and explicit group definitions; targeted secondary rationale comparison,False
pair:da590859c1b4b6112dca,0,iTE:P0344:n4,iTE:P0350:n5,broader_than,"right 带限定词""ionic""，是离子贡献的 Seebeck 系数这一更具体概念，left 为不加限定的上位量。",accept,共同定义：离子热扩散热电势系数。130成员及661既有建议全部逐组读取并按定义划分。thermopower/TEP/Seebeck/S通常同义，但仅在同一载流范围及测量定义下；原摘要证明P0660/P1024/P1210/P1520/P1614是红氧系数，P0595是电子SWCNT，P0547是电动学等效系数，P0804是Kelvin近似，P1676为质子加空穴的总响应。电子、离子、红氧、混合、符号幅值、加权贡献、非线性有限温差系数不可整体传递合并。节点属性及原始数值保留，未确定定义者不跨组接受。,True,independent member evidence and explicit group definitions; targeted secondary rationale comparison,False
pair:4cec3cb3a563796bc18f,0,iTE:P0344:n4,iTE:P0399:n2,broader_than,左侧为未限定载流子类型的通用 Seebeck 系数，右侧明确限定为 ionic Seebeck coefficients（离子热扩散贡献），后者是前者的一个受限子类。,accept,共同定义：离子热扩散热电势系数。130成员及661既有建议全部逐组读取并按定义划分。thermopower/TEP/Seebeck/S通常同义，但仅在同一载流范围及测量定义下；原摘要证明P0660/P1024/P1210/P1520/P1614是红氧系数，P0595是电子SWCNT，P0547是电动学等效系数，P0804是Kelvin近似，P1676为质子加空穴的总响应。电子、离子、红氧、混合、符号幅值、加权贡献、非线性有限温差系数不可整体传递合并。节点属性及原始数值保留，未确定定义者不跨组接受。,True,independent member evidence and explicit group definitions; targeted secondary rationale comparison,False
pair:f01b5300d0b6bc0b1af9,0,iTE:P0344:n4,iTE:P0542:n2,distinct_from,左侧为 +14.39 mV K-1 的正 Seebeck 系数，右侧为 -3.72 mV K-1 的负 Seebeck 系数，符号相反，分属不同极性的量。,accept,共同定义：离子热扩散热电势系数。130成员及661既有建议全部逐组读取并按定义划分。thermopower/TEP/Seebeck/S通常同义，但仅在同一载流范围及测量定义下；原摘要证明P0660/P1024/P1210/P1520/P1614是红氧系数，P0595是电子SWCNT，P0547是电动学等效系数，P0804是Kelvin近似，P1676为质子加空穴的总响应。电子、离子、红氧、混合、符号幅值、加权贡献、非线性有限温差系数不可整体传递合并。节点属性及原始数值保留，未确定定义者不跨组接受。,True,independent member evidence and explicit group definitions; targeted secondary rationale comparison,False
pair:2775e1c903efe2a6b130,0,iTE:P0344:n4,iTE:P0600:n2,related_to,右侧把 Seebeck 系数展开为符号与大小两个属性，属对该量的属性分解，与左侧单一性能指标并非同一概念表述。,reject,左：离子热扩散热电势系数；右：离子Seebeck系数符号和幅值属性。130成员及661既有建议全部逐组读取并按定义划分。thermopower/TEP/Seebeck/S通常同义，但仅在同一载流范围及测量定义下；原摘要证明P0660/P1024/P1210/P1520/P1614是红氧系数，P0595是电子SWCNT，P0547是电动学等效系数，P0804是Kelvin近似，P1676为质子加空穴的总响应。电子、离子、红氧、混合、符号幅值、加权贡献、非线性有限温差系数不可整体传递合并。节点属性及原始数值保留，未确定定义者不跨组接受。,False,independent member evidence and explicit group definitions; targeted secondary rationale comparison,False
pair:7d39c9734bfeeedf3e30,0,iTE:P0344:n4,iTE:P0677:n2,broader_than,右侧明确限定为离子型塞贝克系数 Si（含正负号、pH 可调），是左侧泛指「Seebeck coefficient」的更具体种类，故左宽右窄。,accept,共同定义：离子热扩散热电势系数。130成员及661既有建议全部逐组读取并按定义划分。thermopower/TEP/Seebeck/S通常同义，但仅在同一载流范围及测量定义下；原摘要证明P0660/P1024/P1210/P1520/P1614是红氧系数，P0595是电子SWCNT，P0547是电动学等效系数，P0804是Kelvin近似，P1676为质子加空穴的总响应。电子、离子、红氧、混合、符号幅值、加权贡献、非线性有限温差系数不可整体传递合并。节点属性及原始数值保留，未确定定义者不跨组接受。,True,independent member evidence and explicit group definitions; targeted secondary rationale comparison,False
pair:cdd01a4cc0cbbbb66d12,0,iTE:P0344:n4,iTE:P0764:n4,related_to,左侧是整个器件的 Seebeck 系数（总热电参量），右侧特指混合离子-电子导体中 Seebeck 系数的离子分量，属整体与分量关系，非同一概念。,reject,左：离子热扩散热电势系数；右：混合导体中加权离子Seebeck贡献。130成员及661既有建议全部逐组读取并按定义划分。thermopower/TEP/Seebeck/S通常同义，但仅在同一载流范围及测量定义下；原摘要证明P0660/P1024/P1210/P1520/P1614是红氧系数，P0595是电子SWCNT，P0547是电动学等效系数，P0804是Kelvin近似，P1676为质子加空穴的总响应。电子、离子、红氧、混合、符号幅值、加权贡献、非线性有限温差系数不可整体传递合并。节点属性及原始数值保留，未确定定义者不跨组接受。,False,independent member evidence and explicit group definitions; targeted secondary rationale comparison,False
pair:e8f1c5c9fe643a660102,0,iTE:P0344:n4,iTE:P0941:n2,broader_than,左侧为未限定的 Seebeck 系数本身，右侧是被“high”限定的子类（high Seebeck coefficients IS-A Seebeck coefficient），故左侧更宽泛。,reject,左：离子热扩散热电势系数；右：高电子Seebeck系数。130成员及661既有建议全部逐组读取并按定义划分。thermopower/TEP/Seebeck/S通常同义，但仅在同一载流范围及测量定义下；原摘要证明P0660/P1024/P1210/P1520/P1614是红氧系数，P0595是电子SWCNT，P0547是电动学等效系数，P0804是Kelvin近似，P1676为质子加空穴的总响应。电子、离子、红氧、混合、符号幅值、加权贡献、非线性有限温差系数不可整体传递合并。节点属性及原始数值保留，未确定定义者不跨组接受。,True,independent member evidence and explicit group definitions; targeted secondary rationale comparison,False
pair:95297581f6e9e80509c4,0,iTE:P0344:n4,iTE:P1544:n3,broader_than,left 是泛指 Seebeck 系数这一性能量，right 是加了“large”幅值限定的更具体情形（right IS-A left），两者并非同一概念表达。,reject,左：离子热扩散热电势系数；右：高电子Seebeck系数。130成员及661既有建议全部逐组读取并按定义划分。thermopower/TEP/Seebeck/S通常同义，但仅在同一载流范围及测量定义下；原摘要证明P0660/P1024/P1210/P1520/P1614是红氧系数，P0595是电子SWCNT，P0547是电动学等效系数，P0804是Kelvin近似，P1676为质子加空穴的总响应。电子、离子、红氧、混合、符号幅值、加权贡献、非线性有限温差系数不可整体传递合并。节点属性及原始数值保留，未确定定义者不跨组接受。,True,independent member evidence and explicit group definitions; targeted secondary rationale comparison,False
pair:5d201b012ba24499d9cb,0,iTE:P0344:n4,iTE:P1958:n2,broader_than,left 是一般 Seebeck 系数，right 明确限定为 large 幅值的 Seebeck 系数，是更具体的概念，故 left broader_than right。,reject,左：离子热扩散热电势系数；右：高电子Seebeck系数。130成员及661既有建议全部逐组读取并按定义划分。thermopower/TEP/Seebeck/S通常同义，但仅在同一载流范围及测量定义下；原摘要证明P0660/P1024/P1210/P1520/P1614是红氧系数，P0595是电子SWCNT，P0547是电动学等效系数，P0804是Kelvin近似，P1676为质子加空穴的总响应。电子、离子、红氧、混合、符号幅值、加权贡献、非线性有限温差系数不可整体传递合并。节点属性及原始数值保留，未确定定义者不跨组接受。,True,independent member evidence and explicit group definitions; targeted secondary rationale comparison,False
pair:eb53f7f298703bd6d020,0,iTE:P0345:n3,iTE:P0369:n3,broader_than,ionic Seebeck coefficient 是限于离子导电机制的更具体 Seebeck 系数，right IS-A left，故 left 更宽泛。,uncertain,需要确认水流/电极反应/磁贡献或载流分量的系数定义；现有摘要不足以证明与另一节点范围一致。；P1472器件级系数尚缺归一化和单位核实。；左：水流耦合水泥有效热电系数待定；右：离子热扩散热电势系数,True,independent member evidence and explicit group definitions; targeted secondary rationale comparison,False
pair:52edfa48c8c7071fbb82,0,iTE:P0345:n3,iTE:P0547:n3,related_to,左侧是水泥-水凝胶材料的 Seebeck 系数，右侧是石墨烯通道器件的“equivalent Seebeck 系数”这一器件等效量，机制相关但非同一概念。,uncertain,需要确认水流/电极反应/磁贡献或载流分量的系数定义；现有摘要不足以证明与另一节点范围一致。；P1472器件级系数尚缺归一化和单位核实。；左：水流耦合水泥有效热电系数待定；右：电动学等效Seebeck系数,False,independent member evidence and explicit group definitions; targeted secondary rationale comparison,False
pair:9f8b8aee76ce67f4be7e,0,iTE:P0345:n3,iTE:P0735:n2,broader_than,左侧为泛指 Seebeck 系数，右侧特指离子贡献的离子 Seebeck 系数，是其受限定的具体类型。,uncertain,需要确认水流/电极反应/磁贡献或载流分量的系数定义；现有摘要不足以证明与另一节点范围一致。；P1472器件级系数尚缺归一化和单位核实。；左：水流耦合水泥有效热电系数待定；右：离子热扩散热电势系数,True,independent member evidence and explicit group definitions; targeted secondary rationale comparison,False
pair:1fca1e4573f39397f04a,0,iTE:P0345:n3,iTE:P1544:n3,related_to,左侧为无限定的 Seebeck 系数（PVA-水泥体系），右侧为 large Seebeck coefficient（Cu-Se 化合物），指同一物理量但限定条件与体系不同。,uncertain,需要确认水流/电极反应/磁贡献或载流分量的系数定义；现有摘要不足以证明与另一节点范围一致。；P1472器件级系数尚缺归一化和单位核实。；左：水流耦合水泥有效热电系数待定；右：高电子Seebeck系数,False,independent member evidence and explicit group definitions; targeted secondary rationale comparison,False
pair:432888537adf1eebbff6,0,iTE:P0345:n3,iTE:P1958:n2,broader_than,left 泛指 Seebeck coefficient，right 限定为 large 的 Seebeck coefficient，right 是 left 的更具体种类。,uncertain,需要确认水流/电极反应/磁贡献或载流分量的系数定义；现有摘要不足以证明与另一节点范围一致。；P1472器件级系数尚缺归一化和单位核实。；左：水流耦合水泥有效热电系数待定；右：高电子Seebeck系数,True,independent member evidence and explicit group definitions; targeted secondary rationale comparison,False
pair:2c563490e56ab1fc5294,44,iTE:P0347:n4,iTE:P1104:n2,narrower_than,左侧限定为特定通道中的选择性阳离子（cation）迁移，是右侧泛指的温度梯度驱动的离子迁移这一更宽泛过程的具体情形。,reject,左：选择性阳离子热迁移；右：离子热迁移。0/3一般选择性离子迁移；2限定热梯度下选择性；1进一步限定阳离子；4/5仅温度驱动定向迁移，不等于选择性。,True,independent member evidence and explicit group definitions; targeted secondary rationale comparison,False
pair:7af3594843c927890580,0,iTE:P0350:n5,iTE:P0360:n4,related_to,两者均描述离子导体中温差生电的系数（mV/K），机制同源，但术语不同且原文未给出同义表述，只能判定为相关而非等价。,accept,共同定义：离子热扩散热电势系数。130成员及661既有建议全部逐组读取并按定义划分。thermopower/TEP/Seebeck/S通常同义，但仅在同一载流范围及测量定义下；原摘要证明P0660/P1024/P1210/P1520/P1614是红氧系数，P0595是电子SWCNT，P0547是电动学等效系数，P0804是Kelvin近似，P1676为质子加空穴的总响应。电子、离子、红氧、混合、符号幅值、加权贡献、非线性有限温差系数不可整体传递合并。节点属性及原始数值保留，未确定定义者不跨组接受。,True,independent member evidence and explicit group definitions; targeted secondary rationale comparison,False
pair:a56fea8ca0bd560f33e5,0,iTE:P0350:n5,iTE:P0364:n4,narrower_than,"left 带""ionic""限定，是 right 所表达的一般 Seebeck 系数的受限具体形式。",accept,共同定义：离子热扩散热电势系数。130成员及661既有建议全部逐组读取并按定义划分。thermopower/TEP/Seebeck/S通常同义，但仅在同一载流范围及测量定义下；原摘要证明P0660/P1024/P1210/P1520/P1614是红氧系数，P0595是电子SWCNT，P0547是电动学等效系数，P0804是Kelvin近似，P1676为质子加空穴的总响应。电子、离子、红氧、混合、符号幅值、加权贡献、非线性有限温差系数不可整体传递合并。节点属性及原始数值保留，未确定定义者不跨组接受。,True,independent member evidence and explicit group definitions; targeted secondary rationale comparison,False
pair:c026f8020218c8912145,0,iTE:P0350:n5,iTE:P0379:n3,narrower_than,left 明确限定为离子（ionic）Seebeck 系数，right 仅为未限定的 Seebeck coefficient，left 是受限定后的更具体概念（left IS-A right）。,accept,共同定义：离子热扩散热电势系数。130成员及661既有建议全部逐组读取并按定义划分。thermopower/TEP/Seebeck/S通常同义，但仅在同一载流范围及测量定义下；原摘要证明P0660/P1024/P1210/P1520/P1614是红氧系数，P0595是电子SWCNT，P0547是电动学等效系数，P0804是Kelvin近似，P1676为质子加空穴的总响应。电子、离子、红氧、混合、符号幅值、加权贡献、非线性有限温差系数不可整体传递合并。节点属性及原始数值保留，未确定定义者不跨组接受。,True,independent member evidence and explicit group definitions; targeted secondary rationale comparison,False
pair:7783b2c969c958f1a668,0,iTE:P0350:n5,iTE:P0600:n2,related_to,右侧是同一离子塞贝克系数的“符号与大小”这一属性/测量侧面的描述，左侧是该系数本身，属量与属性的关联，不是同义。,reject,左：离子热扩散热电势系数；右：离子Seebeck系数符号和幅值属性。130成员及661既有建议全部逐组读取并按定义划分。thermopower/TEP/Seebeck/S通常同义，但仅在同一载流范围及测量定义下；原摘要证明P0660/P1024/P1210/P1520/P1614是红氧系数，P0595是电子SWCNT，P0547是电动学等效系数，P0804是Kelvin近似，P1676为质子加空穴的总响应。电子、离子、红氧、混合、符号幅值、加权贡献、非线性有限温差系数不可整体传递合并。节点属性及原始数值保留，未确定定义者不跨组接受。,False,independent member evidence and explicit group definitions; targeted secondary rationale comparison,False
pair:53ec618856d820a7736b,0,iTE:P0350:n5,iTE:P0764:n4,related_to,right 指混合离子-电子导电聚合物中对总 Seebeck 的离子贡献分量（可被抑制），left 指离子 Seebeck 系数，属分量与特征量的机制联系，非同义。,reject,左：离子热扩散热电势系数；右：混合导体中加权离子Seebeck贡献。130成员及661既有建议全部逐组读取并按定义划分。thermopower/TEP/Seebeck/S通常同义，但仅在同一载流范围及测量定义下；原摘要证明P0660/P1024/P1210/P1520/P1614是红氧系数，P0595是电子SWCNT，P0547是电动学等效系数，P0804是Kelvin近似，P1676为质子加空穴的总响应。电子、离子、红氧、混合、符号幅值、加权贡献、非线性有限温差系数不可整体传递合并。节点属性及原始数值保留，未确定定义者不跨组接受。,False,independent member evidence and explicit group definitions; targeted secondary rationale comparison,False
pair:87256d3cb86ad07e0b21,0,iTE:P0350:n5,iTE:P0833:n2,narrower_than,左侧被限定为离子热扩散贡献的 ionic Seebeck coefficient，是右侧一般 Seebeck coefficient S（CuI 的温差电势系数）的更具体种类，机制与限定条件不同，不构成同义。,reject,左：离子热扩散热电势系数；右：电子Seebeck系数。130成员及661既有建议全部逐组读取并按定义划分。thermopower/TEP/Seebeck/S通常同义，但仅在同一载流范围及测量定义下；原摘要证明P0660/P1024/P1210/P1520/P1614是红氧系数，P0595是电子SWCNT，P0547是电动学等效系数，P0804是Kelvin近似，P1676为质子加空穴的总响应。电子、离子、红氧、混合、符号幅值、加权贡献、非线性有限温差系数不可整体传递合并。节点属性及原始数值保留，未确定定义者不跨组接受。,True,independent member evidence and explicit group definitions; targeted secondary rationale comparison,False
pair:7a521d4d61d1c499c7c7,0,iTE:P0350:n5,iTE:P0941:n2,related_to,left 指离子型 Seebeck 系数，right 指高态密度半导体中的高电子 Seebeck 系数，同属 Seebeck 系数但类型不同。,reject,左：离子热扩散热电势系数；右：高电子Seebeck系数。130成员及661既有建议全部逐组读取并按定义划分。thermopower/TEP/Seebeck/S通常同义，但仅在同一载流范围及测量定义下；原摘要证明P0660/P1024/P1210/P1520/P1614是红氧系数，P0595是电子SWCNT，P0547是电动学等效系数，P0804是Kelvin近似，P1676为质子加空穴的总响应。电子、离子、红氧、混合、符号幅值、加权贡献、非线性有限温差系数不可整体传递合并。节点属性及原始数值保留，未确定定义者不跨组接受。,False,independent member evidence and explicit group definitions; targeted secondary rationale comparison,False
pair:6df6b2ecd4f23fd33b82,0,iTE:P0350:n5,iTE:P0994:n1,related_to,左侧限定为离子（ionogel中离子迁移引起）Seebeck系数，右侧为InGeX3的电子输运Seebeck系数，机制与对象不同，仅同属Seebeck类热电势。,reject,左：离子热扩散热电势系数；右：高电子Seebeck系数。130成员及661既有建议全部逐组读取并按定义划分。thermopower/TEP/Seebeck/S通常同义，但仅在同一载流范围及测量定义下；原摘要证明P0660/P1024/P1210/P1520/P1614是红氧系数，P0595是电子SWCNT，P0547是电动学等效系数，P0804是Kelvin近似，P1676为质子加空穴的总响应。电子、离子、红氧、混合、符号幅值、加权贡献、非线性有限温差系数不可整体传递合并。节点属性及原始数值保留，未确定定义者不跨组接受。,False,independent member evidence and explicit group definitions; targeted secondary rationale comparison,False
pair:dcebf4acb2125cdb3aa1,0,iTE:P0350:n5,iTE:P1544:n3,related_to,左侧明确限定为离子赛贝克系数（依赖离子迁移与阴阳离子扩散差），右侧是能带结构导致的电子型大 Seebeck 系数，物理机制不同，非等价。,reject,左：离子热扩散热电势系数；右：高电子Seebeck系数。130成员及661既有建议全部逐组读取并按定义划分。thermopower/TEP/Seebeck/S通常同义，但仅在同一载流范围及测量定义下；原摘要证明P0660/P1024/P1210/P1520/P1614是红氧系数，P0595是电子SWCNT，P0547是电动学等效系数，P0804是Kelvin近似，P1676为质子加空穴的总响应。电子、离子、红氧、混合、符号幅值、加权贡献、非线性有限温差系数不可整体传递合并。节点属性及原始数值保留，未确定定义者不跨组接受。,False,independent member evidence and explicit group definitions; targeted secondary rationale comparison,False
pair:ca2b3b0bdb661c1733f6,2,iTE:P0351:n2,iTE:P0420:n3,narrower_than,左侧“高热电性能”是对热电性能附加了“高”这一程度限定的更具体情形，右侧为一般的“热电性能”，故左侧更窄。,uncertain,左：高混合热电化学性能；右：热电化学转换整体性能。38成员中properties为性质集合、performance为综合评价，不能默认互换；载流机制和指标范围又不一致。对明确定义同一层级的子组接受；跨层级缺少评价函数，保留uncertain，高/最高等明确限定另拒绝。P0687摘要表明14实际以Seebeck为预测目标，P1454为CuI电子热电纺织品。,True,independent member evidence and explicit group definitions; targeted secondary rationale comparison,False
pair:ba6075009879961b00e8,2,iTE:P0351:n2,iTE:P0440:n2,narrower_than,left 为带“high”限定的高性能情形，right 是未限定的通用 thermoelectric performance，left 更具体。,uncertain,左：高混合热电化学性能；右：离子热电整体性能。38成员中properties为性质集合、performance为综合评价，不能默认互换；载流机制和指标范围又不一致。对明确定义同一层级的子组接受；跨层级缺少评价函数，保留uncertain，高/最高等明确限定另拒绝。P0687摘要表明14实际以Seebeck为预测目标，P1454为CuI电子热电纺织品。,True,independent member evidence and explicit group definitions; targeted secondary rationale comparison,False
pair:16e91c14d36b0ad1464f,2,iTE:P0351:n2,iTE:P0526:n3,narrower_than,左侧是'高热电性能'，右侧是'热电性能'；左侧是对右侧加了'高'这一限定的更具体概念，左侧 IS-A 右侧。,uncertain,左：高混合热电化学性能；右：热电化学转换整体性能。38成员中properties为性质集合、performance为综合评价，不能默认互换；载流机制和指标范围又不一致。对明确定义同一层级的子组接受；跨层级缺少评价函数，保留uncertain，高/最高等明确限定另拒绝。P0687摘要表明14实际以Seebeck为预测目标，P1454为CuI电子热电纺织品。,True,independent member evidence and explicit group definitions; targeted secondary rationale comparison,False
pair:d8932c221229f66bd52c,2,iTE:P0351:n2,iTE:P0578:n2,narrower_than,left 为带“high”限定的高性能情形，right 为未加限定的通用热电性能，left 是 right 的受限子情形。,uncertain,左：高混合热电化学性能；右：离子热电整体性能。38成员中properties为性质集合、performance为综合评价，不能默认互换；载流机制和指标范围又不一致。对明确定义同一层级的子组接受；跨层级缺少评价函数，保留uncertain，高/最高等明确限定另拒绝。P0687摘要表明14实际以Seebeck为预测目标，P1454为CuI电子热电纺织品。,True,independent member evidence and explicit group definitions; targeted secondary rationale comparison,False
pair:af88b9c0ab54de20e4ac,2,iTE:P0351:n2,iTE:P0579:n3,narrower_than,左侧带限定词 high，指性能高的特定情形，是右侧一般概念 thermoelectric performance 的受限子类（IS-A）。,uncertain,左：高混合热电化学性能；右：离子热电整体性能。38成员中properties为性质集合、performance为综合评价，不能默认互换；载流机制和指标范围又不一致。对明确定义同一层级的子组接受；跨层级缺少评价函数，保留uncertain，高/最高等明确限定另拒绝。P0687摘要表明14实际以Seebeck为预测目标，P1454为CuI电子热电纺织品。,True,independent member evidence and explicit group definitions; targeted secondary rationale comparison,False
pair:4d5d535ab532c55dc9ec,2,iTE:P0351:n2,iTE:P0675:n2,narrower_than,left 带“high”限定，是 thermoelectric performance 达到高水平的受限概念，IS-A 于无程度限定的 right。,uncertain,左：高混合热电化学性能；右：电子热电整体性能。38成员中properties为性质集合、performance为综合评价，不能默认互换；载流机制和指标范围又不一致。对明确定义同一层级的子组接受；跨层级缺少评价函数，保留uncertain，高/最高等明确限定另拒绝。P0687摘要表明14实际以Seebeck为预测目标，P1454为CuI电子热电纺织品。,True,independent member evidence and explicit group definitions; targeted secondary rationale comparison,False
pair:71af34eb545c27bf5667,2,iTE:P0351:n2,iTE:P0924:n3,narrower_than,左侧以 high 限定具体性能水平，是右侧一般概念 thermoelectric performance 的受限子类（IS-A）。,uncertain,左：高混合热电化学性能；右：热电化学转换整体性能。38成员中properties为性质集合、performance为综合评价，不能默认互换；载流机制和指标范围又不一致。对明确定义同一层级的子组接受；跨层级缺少评价函数，保留uncertain，高/最高等明确限定另拒绝。P0687摘要表明14实际以Seebeck为预测目标，P1454为CuI电子热电纺织品。,True,independent member evidence and explicit group definitions; targeted secondary rationale comparison,False
pair:a0c051c840d9a2257e8b,2,iTE:P0351:n2,iTE:P1327:n2,related_to,两侧都指热电性能，但一侧为笼统的“high”，另一侧为特定材料系列中的“highest”，程度与限定不同，不能构成同义。,uncertain,左：高混合热电化学性能；右：最高性能。38成员中properties为性质集合、performance为综合评价，不能默认互换；载流机制和指标范围又不一致。对明确定义同一层级的子组接受；跨层级缺少评价函数，保留uncertain，高/最高等明确限定另拒绝。P0687摘要表明14实际以Seebeck为预测目标，P1454为CuI电子热电纺织品。,False,independent member evidence and explicit group definitions; targeted secondary rationale comparison,False
pair:aa6378fb2f8c3beda95d,2,iTE:P0351:n2,iTE:P1566:n3,narrower_than,left 带限定词“high”，是通用热电性能的一个受限（高性能）情形，比 right 的通用概念更具体。,uncertain,左：高混合热电化学性能；右：电子热电整体性能。38成员中properties为性质集合、performance为综合评价，不能默认互换；载流机制和指标范围又不一致。对明确定义同一层级的子组接受；跨层级缺少评价函数，保留uncertain，高/最高等明确限定另拒绝。P0687摘要表明14实际以Seebeck为预测目标，P1454为CuI电子热电纺织品。,True,independent member evidence and explicit group definitions; targeted secondary rationale comparison,False
pair:50375a4908017d8af763,0,iTE:P0352:n3,iTE:P0399:n2,broader_than,left 只写通用的 Seebeck coefficient，right 明确限定为 ionic Seebeck coefficients（离子热电体系中的那一类），后者是前者的具体限定种类，故 left 更宽泛。,accept,共同定义：离子热扩散热电势系数。130成员及661既有建议全部逐组读取并按定义划分。thermopower/TEP/Seebeck/S通常同义，但仅在同一载流范围及测量定义下；原摘要证明P0660/P1024/P1210/P1520/P1614是红氧系数，P0595是电子SWCNT，P0547是电动学等效系数，P0804是Kelvin近似，P1676为质子加空穴的总响应。电子、离子、红氧、混合、符号幅值、加权贡献、非线性有限温差系数不可整体传递合并。节点属性及原始数值保留，未确定定义者不跨组接受。,True,independent member evidence and explicit group definitions; targeted secondary rationale comparison,False
pair:bdcd656b67063f9dab20,0,iTE:P0352:n3,iTE:P0677:n2,broader_than,left 为泛称 Seebeck coefficient，right 明确限定为 ionic Seebeck coefficient (Si)，后者是前者的离子型子类，故 left 更宽泛。,accept,共同定义：离子热扩散热电势系数。130成员及661既有建议全部逐组读取并按定义划分。thermopower/TEP/Seebeck/S通常同义，但仅在同一载流范围及测量定义下；原摘要证明P0660/P1024/P1210/P1520/P1614是红氧系数，P0595是电子SWCNT，P0547是电动学等效系数，P0804是Kelvin近似，P1676为质子加空穴的总响应。电子、离子、红氧、混合、符号幅值、加权贡献、非线性有限温差系数不可整体传递合并。节点属性及原始数值保留，未确定定义者不跨组接受。,True,independent member evidence and explicit group definitions; targeted secondary rationale comparison,False
pair:ccc4c7bb7bb2b6c69d36,0,iTE:P0352:n3,iTE:P1347:n2,related_to,左侧为离子导电水凝胶的离子Seebeck系数，右侧为聚合物电子输运决定的电子Seebeck系数，机制不同。,reject,左：离子热扩散热电势系数；右：电子Seebeck系数。130成员及661既有建议全部逐组读取并按定义划分。thermopower/TEP/Seebeck/S通常同义，但仅在同一载流范围及测量定义下；原摘要证明P0660/P1024/P1210/P1520/P1614是红氧系数，P0595是电子SWCNT，P0547是电动学等效系数，P0804是Kelvin近似，P1676为质子加空穴的总响应。电子、离子、红氧、混合、符号幅值、加权贡献、非线性有限温差系数不可整体传递合并。节点属性及原始数值保留，未确定定义者不跨组接受。,False,independent member evidence and explicit group definitions; targeted secondary rationale comparison,False
pair:f8adc06639c00971f2c4,0,iTE:P0352:n3,iTE:P1362:n2,related_to,左侧是离子导电水凝胶的Seebeck系数，右侧是p型氧化物电子Seebeck系数，类型/载流子不同。,reject,左：离子热扩散热电势系数；右：电子Seebeck系数。130成员及661既有建议全部逐组读取并按定义划分。thermopower/TEP/Seebeck/S通常同义，但仅在同一载流范围及测量定义下；原摘要证明P0660/P1024/P1210/P1520/P1614是红氧系数，P0595是电子SWCNT，P0547是电动学等效系数，P0804是Kelvin近似，P1676为质子加空穴的总响应。电子、离子、红氧、混合、符号幅值、加权贡献、非线性有限温差系数不可整体传递合并。节点属性及原始数值保留，未确定定义者不跨组接受。,False,independent member evidence and explicit group definitions; targeted secondary rationale comparison,False
pair:c79e72808c98cd23ffe1,0,iTE:P0352:n3,iTE:P1391:n2,related_to,左侧为离子水凝胶的Seebeck系数，右侧为Cu2S/CuO电子热电材料的Seebeck系数，机制不同。,reject,左：离子热扩散热电势系数；右：电子Seebeck系数。130成员及661既有建议全部逐组读取并按定义划分。thermopower/TEP/Seebeck/S通常同义，但仅在同一载流范围及测量定义下；原摘要证明P0660/P1024/P1210/P1520/P1614是红氧系数，P0595是电子SWCNT，P0547是电动学等效系数，P0804是Kelvin近似，P1676为质子加空穴的总响应。电子、离子、红氧、混合、符号幅值、加权贡献、非线性有限温差系数不可整体传递合并。节点属性及原始数值保留，未确定定义者不跨组接受。,False,independent member evidence and explicit group definitions; targeted secondary rationale comparison,False
pair:f529a7a9e2b459bf98a0,0,iTE:P0352:n3,iTE:P1482:n3,related_to,左侧是离子导电水凝胶的离子Seebeck系数，右侧是PEDOT:PSS电子电导与Seebeck系数，载流子机制不同。,reject,左：离子热扩散热电势系数；右：电子Seebeck系数。130成员及661既有建议全部逐组读取并按定义划分。thermopower/TEP/Seebeck/S通常同义，但仅在同一载流范围及测量定义下；原摘要证明P0660/P1024/P1210/P1520/P1614是红氧系数，P0595是电子SWCNT，P0547是电动学等效系数，P0804是Kelvin近似，P1676为质子加空穴的总响应。电子、离子、红氧、混合、符号幅值、加权贡献、非线性有限温差系数不可整体传递合并。节点属性及原始数值保留，未确定定义者不跨组接受。,False,independent member evidence and explicit group definitions; targeted secondary rationale comparison,False
pair:440dba5bf48d20126745,0,iTE:P0352:n3,iTE:P1490:n1,related_to,左侧未限定符号/载流子的离子Seebeck系数，右侧明确为正p型无机半导体的电子Seebeck系数，机制与限定条件不同。,reject,左：离子热扩散热电势系数；右：电子Seebeck系数。130成员及661既有建议全部逐组读取并按定义划分。thermopower/TEP/Seebeck/S通常同义，但仅在同一载流范围及测量定义下；原摘要证明P0660/P1024/P1210/P1520/P1614是红氧系数，P0595是电子SWCNT，P0547是电动学等效系数，P0804是Kelvin近似，P1676为质子加空穴的总响应。电子、离子、红氧、混合、符号幅值、加权贡献、非线性有限温差系数不可整体传递合并。节点属性及原始数值保留，未确定定义者不跨组接受。,False,independent member evidence and explicit group definitions; targeted secondary rationale comparison,False
pair:b48f55b319a1aafcf993,0,iTE:P0352:n3,iTE:P1525:n3,related_to,左侧是离子导电水凝胶的离子Seebeck系数，右侧是n型掺杂下电子态密度增强的电子Seebeck系数，载流子与机制不同。,reject,左：离子热扩散热电势系数；右：电子Seebeck系数。130成员及661既有建议全部逐组读取并按定义划分。thermopower/TEP/Seebeck/S通常同义，但仅在同一载流范围及测量定义下；原摘要证明P0660/P1024/P1210/P1520/P1614是红氧系数，P0595是电子SWCNT，P0547是电动学等效系数，P0804是Kelvin近似，P1676为质子加空穴的总响应。电子、离子、红氧、混合、符号幅值、加权贡献、非线性有限温差系数不可整体传递合并。节点属性及原始数值保留，未确定定义者不跨组接受。,False,independent member evidence and explicit group definitions; targeted secondary rationale comparison,False
pair:4dd34c22f23933f52dd7,0,iTE:P0352:n3,iTE:P1544:n3,related_to,左侧是 KOH 水凝胶中的（离子型）赛贝克系数，右侧是 Cu-Se 化合物中由重带导致的电子型大 Seebeck 系数，载体机制与体系不同，仅属同一物理量的相关实例。,reject,左：离子热扩散热电势系数；右：高电子Seebeck系数。130成员及661既有建议全部逐组读取并按定义划分。thermopower/TEP/Seebeck/S通常同义，但仅在同一载流范围及测量定义下；原摘要证明P0660/P1024/P1210/P1520/P1614是红氧系数，P0595是电子SWCNT，P0547是电动学等效系数，P0804是Kelvin近似，P1676为质子加空穴的总响应。电子、离子、红氧、混合、符号幅值、加权贡献、非线性有限温差系数不可整体传递合并。节点属性及原始数值保留，未确定定义者不跨组接受。,False,independent member evidence and explicit group definitions; targeted secondary rationale comparison,False
pair:5bcc173c79ac4613b976,0,iTE:P0352:n3,iTE:P1670:n3,related_to,左侧是KOH水凝胶中的离子热电Seebeck系数，右侧是电子由电解质注入固体后电导与电子Seebeck系数的变化，机制/载流子不同，非同一概念。,reject,左：离子热扩散热电势系数；右：电子Seebeck系数。130成员及661既有建议全部逐组读取并按定义划分。thermopower/TEP/Seebeck/S通常同义，但仅在同一载流范围及测量定义下；原摘要证明P0660/P1024/P1210/P1520/P1614是红氧系数，P0595是电子SWCNT，P0547是电动学等效系数，P0804是Kelvin近似，P1676为质子加空穴的总响应。电子、离子、红氧、混合、符号幅值、加权贡献、非线性有限温差系数不可整体传递合并。节点属性及原始数值保留，未确定定义者不跨组接受。,False,independent member evidence and explicit group definitions; targeted secondary rationale comparison,False
pair:b64719de71426893b607,0,iTE:P0352:n3,iTE:P1958:n2,broader_than,"右侧被 ""large"" 限定为高数值的 Seebeck 系数，是左侧一般 Seebeck 系数的受限子概念（IS-A），故左侧更宽泛。",reject,左：离子热扩散热电势系数；右：高电子Seebeck系数。130成员及661既有建议全部逐组读取并按定义划分。thermopower/TEP/Seebeck/S通常同义，但仅在同一载流范围及测量定义下；原摘要证明P0660/P1024/P1210/P1520/P1614是红氧系数，P0595是电子SWCNT，P0547是电动学等效系数，P0804是Kelvin近似，P1676为质子加空穴的总响应。电子、离子、红氧、混合、符号幅值、加权贡献、非线性有限温差系数不可整体传递合并。节点属性及原始数值保留，未确定定义者不跨组接受。,True,independent member evidence and explicit group definitions; targeted secondary rationale comparison,False
pair:eabac52941279bbf55a1,69,iTE:P0354:n3,iTE:P0645:n2,broader_than,左侧为泛指的迁移，右侧明确限定为离子迁移，左侧语义更宽泛。,reject,左：一般离子迁移；右：电化学离子迁移。0/2为一般迁移，1自由离子运动可包括扩散，3明确DC驱动电化学迁移并排除热扩散；不能借2闭包消除区别。,True,independent member evidence and explicit group definitions; targeted secondary rationale comparison,False
pair:09604f544376ce47c501,44,iTE:P0355:n3,iTE:P1104:n2,related_to,两侧均为温度梯度下的离子迁移，但左侧强调的是受限空间促进的“选择性/导电离子”迁移，右侧为泛指定向迁移，缺少同义依据。,reject,左：选择性离子热迁移；右：离子热迁移。0/3一般选择性离子迁移；2限定热梯度下选择性；1进一步限定阳离子；4/5仅温度驱动定向迁移，不等于选择性。,False,independent member evidence and explicit group definitions; targeted secondary rationale comparison,False
pair:82bb9b441e10afb63e2f,129,iTE:P0358:n1,iTE:P0554:n2,narrower_than,left 在 radiative cooling 上加了 passive（无需外部输入）这一限定，是 right 的更具体种类（IS-A）。,accept,共同定义：被动辐射冷却。0明确passive；1明确passive layer；2由高发射率低吸收率实现冷却，证据支持同一被动辐射机制，风险提示不成立。,True,independent member evidence and explicit group definitions; targeted secondary rationale comparison,False
pair:ca2d2137708f77858919,26,iTE:P0358:n3,iTE:P0397:n3,related_to,两侧均指热致/热电电压，但术语与产生机制（织物器件热电输出 vs Cu-Cl 配位促进离子热输运）不同，证据不足以认定同义。,accept,共同定义：离子热电压。0/1/2/4/5/6/8/9均离子热驱动装置电压，界面/体相贡献是成因；3明确高值，7为p-n结内部电势差不能直接当端输出。,True,independent member evidence and explicit group definitions; targeted secondary rationale comparison,False
pair:84b4152241cb2d6989eb,26,iTE:P0358:n3,iTE:P0697:n3,related_to,两者都是温度梯度驱动的电压，但一侧为织物型离子热电发电机的热电电压、另一侧为 PVA 水凝胶中由 H+ 迁移所致的热生电压，原文未给出同义表述。,accept,共同定义：离子热电压。0/1/2/4/5/6/8/9均离子热驱动装置电压，界面/体相贡献是成因；3明确高值，7为p-n结内部电势差不能直接当端输出。,True,independent member evidence and explicit group definitions; targeted secondary rationale comparison,False
pair:6d8d4a2ea6d26e4e9ca6,52,iTE:P0358:n4,iTE:P0708:n3,broader_than,electric generation 泛指产生电能，而 convert heat into electricity 特指由热到电的转换过程，后者是前者的一种具体实现，故左侧更宽泛。,reject,左：一般发电；右：热驱动发电。1/2/3明确温差/温度波动产生电；0为多环境发电未明确唯一热源；4环境下渗透自发产生电，不可默认为热到电转换。,True,independent member evidence and explicit group definitions; targeted secondary rationale comparison,False
pair:2c08b1bcd31fddecb36c,34,iTE:P0360:n3,iTE:P0363:n3,related_to,left 为输出功率密度（mW/m2），right 为按温差归一化的功率密度（mWm-2K-2），归一化限定不同，量纲不同，二者相关但不等价。,reject,左：面积输出功率密度；右：温差平方归一化面积功率密度。0/4/5/7为W/m²面积功率，4虽名output power但单位纠正其量纲；1/2/6为再除温差平方的功率密度；3为总输出功率。不能跨量纲合并。,False,independent member evidence and explicit group definitions; targeted secondary rationale comparison,False
pair:d4966151b35ca58f6496,34,iTE:P0360:n3,iTE:P0448:n3,related_to,left 为面积归一化功率密度，right 为功率输出，量纲与定义不同，不能视为等价。,reject,左：面积输出功率密度；右：温差平方归一化面积功率密度。0/4/5/7为W/m²面积功率，4虽名output power但单位纠正其量纲；1/2/6为再除温差平方的功率密度；3为总输出功率。不能跨量纲合并。,False,independent member evidence and explicit group definitions; targeted secondary rationale comparison,False
pair:bda909d3580b089e54fd,34,iTE:P0360:n3,iTE:P0507:n2,related_to,left 是功率密度，right 是发电机的功率输出，密度与总量不同，仅为相关量。,reject,左：面积输出功率密度；右：输出功率。0/4/5/7为W/m²面积功率，4虽名output power但单位纠正其量纲；1/2/6为再除温差平方的功率密度；3为总输出功率。不能跨量纲合并。,False,independent member evidence and explicit group definitions; targeted secondary rationale comparison,False
pair:b228a1914cf7357d7cbc,34,iTE:P0360:n3,iTE:P1472:n3,related_to,左侧为单位面积功率密度，右侧为输出功率（且以每平方厘米每平方开尔文归一化），量纲与限定不同，属相关而非同义。,reject,左：面积输出功率密度；右：温差平方归一化面积功率密度。0/4/5/7为W/m²面积功率，4虽名output power但单位纠正其量纲；1/2/6为再除温差平方的功率密度；3为总输出功率。不能跨量纲合并。,False,independent member evidence and explicit group definitions; targeted secondary rationale comparison,False
pair:ff5ac9cd8671b2f90b2d,0,iTE:P0360:n4,iTE:P0369:n3,related_to,两者都是离子温差电性能的 mV/K 系数，机制相关，但“ionic thermoelectric coefficient”与“ionic Seebeck coefficient”术语不同且原文无同义说明，不足以判等价。,accept,共同定义：离子热扩散热电势系数。130成员及661既有建议全部逐组读取并按定义划分。thermopower/TEP/Seebeck/S通常同义，但仅在同一载流范围及测量定义下；原摘要证明P0660/P1024/P1210/P1520/P1614是红氧系数，P0595是电子SWCNT，P0547是电动学等效系数，P0804是Kelvin近似，P1676为质子加空穴的总响应。电子、离子、红氧、混合、符号幅值、加权贡献、非线性有限温差系数不可整体传递合并。节点属性及原始数值保留，未确定定义者不跨组接受。,True,independent member evidence and explicit group definitions; targeted secondary rationale comparison,False
pair:9728ee980e480cdae019,0,iTE:P0360:n4,iTE:P0451:n3,related_to,两侧名称相近且量纲一致，但原文均未给出“离子热电系数”与“离子塞贝克系数”同义的表述，仅能判为相关。,accept,共同定义：离子热扩散热电势系数。130成员及661既有建议全部逐组读取并按定义划分。thermopower/TEP/Seebeck/S通常同义，但仅在同一载流范围及测量定义下；原摘要证明P0660/P1024/P1210/P1520/P1614是红氧系数，P0595是电子SWCNT，P0547是电动学等效系数，P0804是Kelvin近似，P1676为质子加空穴的总响应。电子、离子、红氧、混合、符号幅值、加权贡献、非线性有限温差系数不可整体传递合并。节点属性及原始数值保留，未确定定义者不跨组接受。,True,independent member evidence and explicit group definitions; targeted secondary rationale comparison,False
pair:a62b11923a0d7a7dc938,0,iTE:P0360:n4,iTE:P0559:n2,related_to,两者虽同为离子热电性能量且单位同为 mV/K，但原文未确认 ionic thermoelectric coefficient 与 ionic Seebeck coefficient 为同一概念，仅可判为相关。,accept,共同定义：离子热扩散热电势系数。130成员及661既有建议全部逐组读取并按定义划分。thermopower/TEP/Seebeck/S通常同义，但仅在同一载流范围及测量定义下；原摘要证明P0660/P1024/P1210/P1520/P1614是红氧系数，P0595是电子SWCNT，P0547是电动学等效系数，P0804是Kelvin近似，P1676为质子加空穴的总响应。电子、离子、红氧、混合、符号幅值、加权贡献、非线性有限温差系数不可整体传递合并。节点属性及原始数值保留，未确定定义者不跨组接受。,True,independent member evidence and explicit group definitions; targeted secondary rationale comparison,False
pair:f5d674ead3f54b194256,0,iTE:P0362:n4,iTE:P0436:n3,broader_than,左侧是泛指的热电势 thermopower，右侧是带“large”“ionic”限定的离子热电势，属前者之下的具体限定概念。,reject,左：离子热扩散热电势系数；右：大离子热电势系数。130成员及661既有建议全部逐组读取并按定义划分。thermopower/TEP/Seebeck/S通常同义，但仅在同一载流范围及测量定义下；原摘要证明P0660/P1024/P1210/P1520/P1614是红氧系数，P0595是电子SWCNT，P0547是电动学等效系数，P0804是Kelvin近似，P1676为质子加空穴的总响应。电子、离子、红氧、混合、符号幅值、加权贡献、非线性有限温差系数不可整体传递合并。节点属性及原始数值保留，未确定定义者不跨组接受。,True,independent member evidence and explicit group definitions; targeted secondary rationale comparison,False
pair:44539fb19e5879c6c6b5,0,iTE:P0362:n4,iTE:P0643:n2,related_to,左侧是离子热电势（离子分量），右侧所处理的是同时含 ionic 与 electronic 分量、并在氧化物 n-p 转变区受 thermocell 反应影响的 thermopower，属分量与整体/对象不同，非同一概念。,reject,左：离子热扩散热电势系数；右：混合离子电子总热电势系数。130成员及661既有建议全部逐组读取并按定义划分。thermopower/TEP/Seebeck/S通常同义，但仅在同一载流范围及测量定义下；原摘要证明P0660/P1024/P1210/P1520/P1614是红氧系数，P0595是电子SWCNT，P0547是电动学等效系数，P0804是Kelvin近似，P1676为质子加空穴的总响应。电子、离子、红氧、混合、符号幅值、加权贡献、非线性有限温差系数不可整体传递合并。节点属性及原始数值保留，未确定定义者不跨组接受。,False,independent member evidence and explicit group definitions; targeted secondary rationale comparison,False
pair:54a21ab3db84d3fd37ff,0,iTE:P0362:n4,iTE:P0696:n4,distinct_from,右侧明确为 giant negative thermopower（-28.4 mV·K-1），左侧是被增强的 thermopower 且未含负值限定，符号方向相反的量为不同概念。,accept,共同定义：离子热扩散热电势系数。130成员及661既有建议全部逐组读取并按定义划分。thermopower/TEP/Seebeck/S通常同义，但仅在同一载流范围及测量定义下；原摘要证明P0660/P1024/P1210/P1520/P1614是红氧系数，P0595是电子SWCNT，P0547是电动学等效系数，P0804是Kelvin近似，P1676为质子加空穴的总响应。电子、离子、红氧、混合、符号幅值、加权贡献、非线性有限温差系数不可整体传递合并。节点属性及原始数值保留，未确定定义者不跨组接受。,True,independent member evidence and explicit group definitions; targeted secondary rationale comparison,False
pair:0e337d99c90a7c55f6e6,53,iTE:P0363:n1,iTE:P0548:n1,broader_than,左侧泛指离子与聚合物基体的相互作用，右侧特指离子液体与聚合物链之间的相互作用（导致离子聚集体解离），是更具体的种类。,reject,左：离子-聚合物作用；右：离子液体-聚合物作用。0/1/2/4都一般离子与聚合物相互作用；3特指离子液体与聚合物链，属于材料范围受限子类。,True,independent member evidence and explicit group definitions; targeted secondary rationale comparison,False
pair:bb6459b3f2efc1bd46f3,34,iTE:P0363:n3,iTE:P1730:n3,related_to,左侧是经温度平方归一化的功率密度（mW m-2 K-2），右侧是绝对输出功率密度（W m-2），定义与单位不同，仅为相关性能指标。,reject,左：温差平方归一化面积功率密度；右：面积输出功率密度。0/4/5/7为W/m²面积功率，4虽名output power但单位纠正其量纲；1/2/6为再除温差平方的功率密度；3为总输出功率。不能跨量纲合并。,False,independent member evidence and explicit group definitions; targeted secondary rationale comparison,False
pair:1ce824e9a97c727e5086,0,iTE:P0364:n4,iTE:P0399:n2,broader_than,左侧仅为泛指的 Seebeck 系数 (S)，未限定载流子类型；右侧明确限定为离子 Seebeck 系数，是更具体的子类。,accept,共同定义：离子热扩散热电势系数。130成员及661既有建议全部逐组读取并按定义划分。thermopower/TEP/Seebeck/S通常同义，但仅在同一载流范围及测量定义下；原摘要证明P0660/P1024/P1210/P1520/P1614是红氧系数，P0595是电子SWCNT，P0547是电动学等效系数，P0804是Kelvin近似，P1676为质子加空穴的总响应。电子、离子、红氧、混合、符号幅值、加权贡献、非线性有限温差系数不可整体传递合并。节点属性及原始数值保留，未确定定义者不跨组接受。,True,independent member evidence and explicit group definitions; targeted secondary rationale comparison,False
pair:88a5ecc9acee0281548b,0,iTE:P0364:n4,iTE:P0677:n2,related_to,左侧仅笼统写 Seebeck coefficient (S)（离子水凝胶语境），右侧明确限定为 ionic Seebeck coefficient (Si)，限定语不同，原文未给出可直接判定同义的表述。,accept,共同定义：离子热扩散热电势系数。130成员及661既有建议全部逐组读取并按定义划分。thermopower/TEP/Seebeck/S通常同义，但仅在同一载流范围及测量定义下；原摘要证明P0660/P1024/P1210/P1520/P1614是红氧系数，P0595是电子SWCNT，P0547是电动学等效系数，P0804是Kelvin近似，P1676为质子加空穴的总响应。电子、离子、红氧、混合、符号幅值、加权贡献、非线性有限温差系数不可整体传递合并。节点属性及原始数值保留，未确定定义者不跨组接受。,True,independent member evidence and explicit group definitions; targeted secondary rationale comparison,False
pair:92902f7ee37b61aa171e,0,iTE:P0364:n4,iTE:P0913:n2,related_to,左侧为离子水凝胶中的离子塞贝克系数，右侧为CePt4Ge12因电子结构变化产生的电子塞贝克系数，机制不同。,reject,左：离子热扩散热电势系数；右：电子Seebeck系数。130成员及661既有建议全部逐组读取并按定义划分。thermopower/TEP/Seebeck/S通常同义，但仅在同一载流范围及测量定义下；原摘要证明P0660/P1024/P1210/P1520/P1614是红氧系数，P0595是电子SWCNT，P0547是电动学等效系数，P0804是Kelvin近似，P1676为质子加空穴的总响应。电子、离子、红氧、混合、符号幅值、加权贡献、非线性有限温差系数不可整体传递合并。节点属性及原始数值保留，未确定定义者不跨组接受。,False,independent member evidence and explicit group definitions; targeted secondary rationale comparison,False
pair:4517716ff15ca595e0dd,0,iTE:P0364:n4,iTE:P0921:n3,related_to,左侧为离子热扩散塞贝克系数，右侧为BiCu1-xAgxSeO中通过重原子取代增强的电子塞贝克系数，载流子类型不同。,reject,左：离子热扩散热电势系数；右：电子Seebeck系数。130成员及661既有建议全部逐组读取并按定义划分。thermopower/TEP/Seebeck/S通常同义，但仅在同一载流范围及测量定义下；原摘要证明P0660/P1024/P1210/P1520/P1614是红氧系数，P0595是电子SWCNT，P0547是电动学等效系数，P0804是Kelvin近似，P1676为质子加空穴的总响应。电子、离子、红氧、混合、符号幅值、加权贡献、非线性有限温差系数不可整体传递合并。节点属性及原始数值保留，未确定定义者不跨组接受。,False,independent member evidence and explicit group definitions; targeted secondary rationale comparison,False
pair:2de9b2a39660c9df1a4b,0,iTE:P0364:n4,iTE:P1037:n2,related_to,左侧为离子水凝胶中的离子塞贝克系数，右侧为Ca3Co4O9体系的电子塞贝克系数，机制不同。,reject,左：离子热扩散热电势系数；右：电子Seebeck系数。130成员及661既有建议全部逐组读取并按定义划分。thermopower/TEP/Seebeck/S通常同义，但仅在同一载流范围及测量定义下；原摘要证明P0660/P1024/P1210/P1520/P1614是红氧系数，P0595是电子SWCNT，P0547是电动学等效系数，P0804是Kelvin近似，P1676为质子加空穴的总响应。电子、离子、红氧、混合、符号幅值、加权贡献、非线性有限温差系数不可整体传递合并。节点属性及原始数值保留，未确定定义者不跨组接受。,False,independent member evidence and explicit group definitions; targeted secondary rationale comparison,False
pair:9ec493603ab63c840a1d,0,iTE:P0364:n4,iTE:P1544:n3,related_to,左侧是水凝胶中离子热迁移调控的 Seebeck 系数，右侧是化合物电子结构导致的电子 Seebeck 系数，机制与载流子类型不同。,reject,左：离子热扩散热电势系数；右：高电子Seebeck系数。130成员及661既有建议全部逐组读取并按定义划分。thermopower/TEP/Seebeck/S通常同义，但仅在同一载流范围及测量定义下；原摘要证明P0660/P1024/P1210/P1520/P1614是红氧系数，P0595是电子SWCNT，P0547是电动学等效系数，P0804是Kelvin近似，P1676为质子加空穴的总响应。电子、离子、红氧、混合、符号幅值、加权贡献、非线性有限温差系数不可整体传递合并。节点属性及原始数值保留，未确定定义者不跨组接受。,False,independent member evidence and explicit group definitions; targeted secondary rationale comparison,False
pair:6935efc91fa1b0a60b72,115,iTE:P0366:n1,iTE:P1141:n1,related_to,右侧指湿度升高的变化过程，左侧指大气中湿度水平这一状态量，二者为同一物理量的状态与变化过程，相关但不等价。,reject,左：环境湿度；右：湿度增加。0节点为环境湿度水平，1/2为湿度增加事件，保留量与变化区别。,False,independent member evidence and explicit group definitions; targeted secondary rationale comparison,False
pair:b28942864423f4655106,8,iTE:P0366:n3,iTE:P0650:n3,broader_than,左侧为通用量“ionic conductivity”，右侧限定为特定材料（IGs）的离子电导，属更受限的具体概念，故左侧更宽泛。,reject,左：离子电导率；右：离子凝胶电导率。除12/23外各成员均一般离子电导率，包括被否定存在的21/24仍是该物理量；12明确ionogel、23明确SPE材料限定，不删除这些范围。,True,independent member evidence and explicit group definitions; targeted secondary rationale comparison,False
pair:0a24939f02c89391486f,8,iTE:P0366:n3,iTE:P1557:n2,broader_than,左侧为未限定材料的 ionic conductivity，右侧限定为 SPE 的 ionic conductivity，左侧更宽泛。,reject,左：离子电导率；右：固体聚合物电解质电导率。除12/23外各成员均一般离子电导率，包括被否定存在的21/24仍是该物理量；12明确ionogel、23明确SPE材料限定，不删除这些范围。,True,independent member evidence and explicit group definitions; targeted secondary rationale comparison,False
pair:4361ae9985c71f6f1d9d,22,iTE:P0367:n3,iTE:P0481:n3,related_to,同属 n 型（负）响应极性，但 left 是水凝胶中伴随阴离子扩散的行为，right 是界面极化导致的 TE 电压响应，机制与表述范围不同。,accept,共同定义：离子负热电响应。0/1/2/3/4为离子迁移或界面极化造成负热电响应，完整摘要核实2/3/4；5/6/7/8/9/10为电子为主的半导体n型导电，不可因n-type同名合并。,True,independent member evidence and explicit group definitions; targeted secondary rationale comparison,False
pair:1a1beb89a067c324e747,22,iTE:P0367:n3,iTE:P0711:n2,related_to,left 是水凝胶中阴离子扩散导致的 n 型行为，right 是还原气氛下的 n 型电子导电，名称相近但材料、机制与限定条件不同，无同义表达支持等价。,reject,左：离子负热电响应；右：电子n型导电。0/1/2/3/4为离子迁移或界面极化造成负热电响应，完整摘要核实2/3/4；5/6/7/8/9/10为电子为主的半导体n型导电，不可因n-type同名合并。,False,independent member evidence and explicit group definitions; targeted secondary rationale comparison,False
pair:b3942397a0bd2faf6510,22,iTE:P0367:n3,iTE:P0896:n4,related_to,两侧都涉及n型载流子特征，但左侧为水凝胶中的n型行为，右侧明确限定为半导体特性；相关而非同义。,reject,左：离子负热电响应；右：电子n型导电。0/1/2/3/4为离子迁移或界面极化造成负热电响应，完整摘要核实2/3/4；5/6/7/8/9/10为电子为主的半导体n型导电，不可因n-type同名合并。,False,independent member evidence and explicit group definitions; targeted secondary rationale comparison,False
pair:b8f2452cbb58f6b478f7,22,iTE:P0367:n3,iTE:P1215:n2,related_to,两者都描述 n 型（负温差电势）输运特征，但 left 由阴离子扩散产生、right 由电子能带决定，机制不同，非同一概念。,reject,左：离子负热电响应；右：电子n型导电。0/1/2/3/4为离子迁移或界面极化造成负热电响应，完整摘要核实2/3/4；5/6/7/8/9/10为电子为主的半导体n型导电，不可因n-type同名合并。,False,independent member evidence and explicit group definitions; targeted secondary rationale comparison,False
pair:da23bf076c3449b4af02,22,iTE:P0367:n3,iTE:P1530:n2,related_to,两侧虽同为 n 型极性，但 left 是水凝胶中离子（阴离子扩散）形成的 n 型行为，right 是 Mg2Si 中间隙 Mg 提供的电子型导电，机制与对象不同，非同一概念。,reject,左：离子负热电响应；右：电子n型导电。0/1/2/3/4为离子迁移或界面极化造成负热电响应，完整摘要核实2/3/4；5/6/7/8/9/10为电子为主的半导体n型导电，不可因n-type同名合并。,False,independent member evidence and explicit group definitions; targeted secondary rationale comparison,False
pair:d0d45e4c4d90f1bf9db9,22,iTE:P0367:n3,iTE:P1558:n2,related_to,左侧指水凝胶中与阴离子扩散相关的 n 型行为，右侧指 SnS2 由 TEP 表征的 n 型电导，对象与机制（离子 vs 电子）不同，不构成同义或直接 IS-A。,reject,左：离子负热电响应；右：电子n型导电。0/1/2/3/4为离子迁移或界面极化造成负热电响应，完整摘要核实2/3/4；5/6/7/8/9/10为电子为主的半导体n型导电，不可因n-type同名合并。,False,independent member evidence and explicit group definitions; targeted secondary rationale comparison,False
pair:26d05fff63b5fe68d7d4,22,iTE:P0367:n3,iTE:P1578:n2,related_to,两者都描述 n 型输运，但一侧由阴离子扩散造成、另一侧由稀土向锑的电子转移造成，载体与机制不同，不能判定等价。,reject,左：离子负热电响应；右：电子n型导电。0/1/2/3/4为离子迁移或界面极化造成负热电响应，完整摘要核实2/3/4；5/6/7/8/9/10为电子为主的半导体n型导电，不可因n-type同名合并。,False,independent member evidence and explicit group definitions; targeted secondary rationale comparison,False
pair:46254d500ce45c961716,0,iTE:P0369:n3,iTE:P0451:n3,related_to,两侧名称虽同为离子 Seebeck 系数，但分别限定于水泥基材料与 MIEC 水凝胶体系，且为不同论文中的独立测量对象，证据不足以认定同一概念。,accept,共同定义：离子热扩散热电势系数。130成员及661既有建议全部逐组读取并按定义划分。thermopower/TEP/Seebeck/S通常同义，但仅在同一载流范围及测量定义下；原摘要证明P0660/P1024/P1210/P1520/P1614是红氧系数，P0595是电子SWCNT，P0547是电动学等效系数，P0804是Kelvin近似，P1676为质子加空穴的总响应。电子、离子、红氧、混合、符号幅值、加权贡献、非线性有限温差系数不可整体传递合并。节点属性及原始数值保留，未确定定义者不跨组接受。,True,independent member evidence and explicit group definitions; targeted secondary rationale comparison,False
pair:bf0d187ccbb98c2610e1,0,iTE:P0369:n3,iTE:P0559:n2,related_to,名称相同但分别指水泥基材料与离子液体/共熔凝胶体系中的量，论文间无同义界定，只能判为相关。,accept,共同定义：离子热扩散热电势系数。130成员及661既有建议全部逐组读取并按定义划分。thermopower/TEP/Seebeck/S通常同义，但仅在同一载流范围及测量定义下；原摘要证明P0660/P1024/P1210/P1520/P1614是红氧系数，P0595是电子SWCNT，P0547是电动学等效系数，P0804是Kelvin近似，P1676为质子加空穴的总响应。电子、离子、红氧、混合、符号幅值、加权贡献、非线性有限温差系数不可整体传递合并。节点属性及原始数值保留，未确定定义者不跨组接受。,True,independent member evidence and explicit group definitions; targeted secondary rationale comparison,False
pair:2a2c500efbffdd44b772,0,iTE:P0369:n3,iTE:P0600:n2,related_to,右侧是“系数的符号与大小”这一属性/复合表述，并非系数本身；属材料属性与其表征方面的关联。,reject,左：离子热扩散热电势系数；右：离子Seebeck系数符号和幅值属性。130成员及661既有建议全部逐组读取并按定义划分。thermopower/TEP/Seebeck/S通常同义，但仅在同一载流范围及测量定义下；原摘要证明P0660/P1024/P1210/P1520/P1614是红氧系数，P0595是电子SWCNT，P0547是电动学等效系数，P0804是Kelvin近似，P1676为质子加空穴的总响应。电子、离子、红氧、混合、符号幅值、加权贡献、非线性有限温差系数不可整体传递合并。节点属性及原始数值保留，未确定定义者不跨组接受。,False,independent member evidence and explicit group definitions; targeted secondary rationale comparison,False
pair:ea1a93b74373f5acf6b2,0,iTE:P0369:n3,iTE:P0764:n4,related_to,左侧是水泥基材料中受孔结构影响的离子Seebeck系数，右侧是混合导体中被化学处理抑制的离子Seebeck分量，对象与语境不同，仅存机制关联。,reject,左：离子热扩散热电势系数；右：混合导体中加权离子Seebeck贡献。130成员及661既有建议全部逐组读取并按定义划分。thermopower/TEP/Seebeck/S通常同义，但仅在同一载流范围及测量定义下；原摘要证明P0660/P1024/P1210/P1520/P1614是红氧系数，P0595是电子SWCNT，P0547是电动学等效系数，P0804是Kelvin近似，P1676为质子加空穴的总响应。电子、离子、红氧、混合、符号幅值、加权贡献、非线性有限温差系数不可整体传递合并。节点属性及原始数值保留，未确定定义者不跨组接受。,False,independent member evidence and explicit group definitions; targeted secondary rationale comparison,False
pair:8e206623c7104e3ca01e,26,iTE:P0369:n5,iTE:P0397:n3,related_to,两者都是温差/热电效应产生的电压，但分属不同材料体系与机制，名称不同且无同义表述支撑，只能判定为相关。,accept,共同定义：离子热电压。0/1/2/4/5/6/8/9均离子热驱动装置电压，界面/体相贡献是成因；3明确高值，7为p-n结内部电势差不能直接当端输出。,True,independent member evidence and explicit group definitions; targeted secondary rationale comparison,False
pair:b771a95377460d80039d,26,iTE:P0369:n5,iTE:P0567:n3,related_to,两侧都指温度梯度下器件产生的电压，但一为水泥基材料中的 thermoelectric voltage，一为极化膜增强的 thermal voltage，名称与体系不同，缺乏原文同义依据，不判等价。,accept,共同定义：离子热电压。0/1/2/4/5/6/8/9均离子热驱动装置电压，界面/体相贡献是成因；3明确高值，7为p-n结内部电势差不能直接当端输出。,True,independent member evidence and explicit group definitions; targeted secondary rationale comparison,False
pair:e5201b7f227fce3ac8e5,26,iTE:P0369:n5,iTE:P0697:n3,related_to,两者都是温差驱动的离子电压，但左侧为水泥基材料离子 Seebeck 效应下的热电电压，右侧为 PVA 水凝胶中 H+ 迁移导致的热生电压，体系与机制不同，证据不足以认定同义。,accept,共同定义：离子热电压。0/1/2/4/5/6/8/9均离子热驱动装置电压，界面/体相贡献是成因；3明确高值，7为p-n结内部电势差不能直接当端输出。,True,independent member evidence and explicit group definitions; targeted secondary rationale comparison,False
pair:057a9e813d81954bc6cd,49,iTE:P0375:n3,iTE:P0560:n1,related_to,右侧是 Eastman 熵的变化量（用于分析 p-n 转换），左侧是该熵本身；变化量不是熵的子类，也不与熵本身等同，仅为同一物理量的相关表述。,uncertain,左：离子Eastman熵；右：Eastman熵变化。0/1为离子Eastman熵；2/3/4为Eastman entropy change，可能指两种离子差或状态变化，缺少数学定义不跨两类合并。,False,independent member evidence and explicit group definitions; targeted secondary rationale comparison,False
pair:e4b8c0b86b036f9c52a9,1,iTE:P0377:n3,iTE:P0389:n2,broader_than,left 原文只用无限定的 conductiv-ity（仅提 charge carriers），right 明确限定为 electric conductivity，left 语义范围更宽。,accept,共同定义：离子电导率。67成员逐一读取。完整摘要确认P0377/P0399/P0518/P1639/P1903离子导电，P0959/P1050/P1599混合导电，P1359电子极化子DC，P1964明确离子DC。电子电导、离子电导、两者总和及DC条件不互为严格同义；higher/high/enhanced状态分离。未明载流机制与分量回指保留待定。,True,independent member evidence and explicit group definitions; targeted secondary rationale comparison,False
pair:a3222b061415a68c034f,1,iTE:P0377:n3,iTE:P0518:n4,related_to,两者都出现于 iTE 水凝胶语境，但原文未提供可支持同一概念定义的等价表述，且左侧为 reduced、右侧为 exceptional 值，故降级为 related_to。,accept,共同定义：离子电导率。67成员逐一读取。完整摘要确认P0377/P0399/P0518/P1639/P1903离子导电，P0959/P1050/P1599混合导电，P1359电子极化子DC，P1964明确离子DC。电子电导、离子电导、两者总和及DC条件不互为严格同义；higher/high/enhanced状态分离。未明载流机制与分量回指保留待定。,True,independent member evidence and explicit group definitions; targeted secondary rationale comparison,False
pair:84fed32ea3e8f31a87e6,1,iTE:P0377:n3,iTE:P0615:n4,related_to,left 为未限定的 conductivity，right 明确为 electronic carriers 主导的 electrical conductivity；二者相关但未证同义。,reject,左：离子电导率；右：电子电导率。67成员逐一读取。完整摘要确认P0377/P0399/P0518/P1639/P1903离子导电，P0959/P1050/P1599混合导电，P1359电子极化子DC，P1964明确离子DC。电子电导、离子电导、两者总和及DC条件不互为严格同义；higher/high/enhanced状态分离。未明载流机制与分量回指保留待定。,False,independent member evidence and explicit group definitions; targeted secondary rationale comparison,False
pair:ffe0697f80733065a3c2,1,iTE:P0377:n3,iTE:P0632:n2,related_to,左侧为由水蒸发/载流子运动变化导致的 conductivity，右侧为稀土钴氧化物中的电导率，体系与载流子不同，仅相关。,reject,左：离子电导率；右：电子电导率。67成员逐一读取。完整摘要确认P0377/P0399/P0518/P1639/P1903离子导电，P0959/P1050/P1599混合导电，P1359电子极化子DC，P1964明确离子DC。电子电导、离子电导、两者总和及DC条件不互为严格同义；higher/high/enhanced状态分离。未明载流机制与分量回指保留待定。,False,independent member evidence and explicit group definitions; targeted secondary rationale comparison,False
pair:a914e56115211af295e3,1,iTE:P0377:n3,iTE:P0944:n2,related_to,两侧名称同为 conductivity，但左侧是脱水使载流子维度由一维变三维而下降的电导率，右侧是界面相互作用增强的电导率，变化方向与机制均不同。,reject,左：离子电导率；右：电子电导率。67成员逐一读取。完整摘要确认P0377/P0399/P0518/P1639/P1903离子导电，P0959/P1050/P1599混合导电，P1359电子极化子DC，P1964明确离子DC。电子电导、离子电导、两者总和及DC条件不互为严格同义；higher/high/enhanced状态分离。未明载流机制与分量回指保留待定。,False,independent member evidence and explicit group definitions; targeted secondary rationale comparison,False
pair:dd645be31e0365e169ce,1,iTE:P0377:n3,iTE:P1270:n2,broader_than,left 是未加限定的导电率，right 明确限定为直流电导率并给出其活化能，属更具体的下位概念。,reject,左：离子电导率；右：混合直流电导率。67成员逐一读取。完整摘要确认P0377/P0399/P0518/P1639/P1903离子导电，P0959/P1050/P1599混合导电，P1359电子极化子DC，P1964明确离子DC。电子电导、离子电导、两者总和及DC条件不互为严格同义；higher/high/enhanced状态分离。未明载流机制与分量回指保留待定。,True,independent member evidence and explicit group definitions; targeted secondary rationale comparison,False
pair:6f45ec017f99535a4641,1,iTE:P0377:n3,iTE:P1328:n2,related_to,left 是（被降低的）一般电导率，right 指两步掺杂聚合物薄膜中相对一步交换‘更高的电导率’，属不同体系中的电导率取值描述，不是同一概念表达。,reject,左：离子电导率；右：较高电子电导率。67成员逐一读取。完整摘要确认P0377/P0399/P0518/P1639/P1903离子导电，P0959/P1050/P1599混合导电，P1359电子极化子DC，P1964明确离子DC。电子电导、离子电导、两者总和及DC条件不互为严格同义；higher/high/enhanced状态分离。未明载流机制与分量回指保留待定。,False,independent member evidence and explicit group definitions; targeted secondary rationale comparison,False
pair:075eedb495b51497ec61,1,iTE:P0377:n3,iTE:P1359:n2,related_to,左侧含水产热体系中电荷载流子运动改变引起的 conductivity，右侧为玻璃的 dc conductivity（极化子跳跃），同属电导率范畴但条件与机制不同。,reject,左：离子电导率；右：电子直流电导率。67成员逐一读取。完整摘要确认P0377/P0399/P0518/P1639/P1903离子导电，P0959/P1050/P1599混合导电，P1359电子极化子DC，P1964明确离子DC。电子电导、离子电导、两者总和及DC条件不互为严格同义；higher/high/enhanced状态分离。未明载流机制与分量回指保留待定。,False,independent member evidence and explicit group definitions; targeted secondary rationale comparison,False
pair:259c88da205996b9a798,1,iTE:P0377:n3,iTE:P1772:n2,broader_than,左侧是未限定的 generic conductivity，右侧是施加直流电场下测得的 dc electric conductivity，属更受限定的具体量，故 left 更宽泛。,uncertain,原摘要未给该电导的载流子/总量与分量归属，或高值定义不足；不靠相同conductivity/DC词强行判定。；左：离子电导率；右：玻璃直流电导载流机制待定,True,independent member evidence and explicit group definitions; targeted secondary rationale comparison,False
pair:9d8a279bd583cb25f6cc,1,iTE:P0377:n3,iTE:P1903:n2,related_to,两侧都只是泛称 conductivity，但分属不同体系与机制（载流子维度转变 vs 水凝胶 Na+/Cl- 离子屏蔽），原文无同义表述，仅共享一般物理量名。,accept,共同定义：离子电导率。67成员逐一读取。完整摘要确认P0377/P0399/P0518/P1639/P1903离子导电，P0959/P1050/P1599混合导电，P1359电子极化子DC，P1964明确离子DC。电子电导、离子电导、两者总和及DC条件不互为严格同义；higher/high/enhanced状态分离。未明载流机制与分量回指保留待定。,True,independent member evidence and explicit group definitions; targeted secondary rationale comparison,False
pair:7f3f03a40062a3875288,1,iTE:P0377:n3,iTE:P1952:n2,related_to,左侧为电荷载流子维度转变语境下未限定类型的电导率，右侧为玻璃中明确以CBH机制描述的直流电导率，同属电导量但测量/机制限定不同。,uncertain,原摘要未给该电导的载流子/总量与分量归属，或高值定义不足；不靠相同conductivity/DC词强行判定。；左：离子电导率；右：CBH直流电导载流类型待定,False,independent member evidence and explicit group definitions; targeted secondary rationale comparison,False
pair:d085e909e81c8b8e65f9,1,iTE:P0377:n3,iTE:P1964:n2,broader_than,右侧 DC conductivity 是限定在直流条件（并表现为离子导电）的电导，属左侧泛指 conductivity 的受限具体类型。,reject,左：离子电导率；右：离子直流电导率。67成员逐一读取。完整摘要确认P0377/P0399/P0518/P1639/P1903离子导电，P0959/P1050/P1599混合导电，P1359电子极化子DC，P1964明确离子DC。电子电导、离子电导、两者总和及DC条件不互为严格同义；higher/high/enhanced状态分离。未明载流机制与分量回指保留待定。,True,independent member evidence and explicit group definitions; targeted secondary rationale comparison,False
pair:58dd4e6c980079d274f5,7,iTE:P0378:n3,iTE:P0478:n3,broader_than,左侧指功率因子这一性能量本身，右侧加限定词指其峰值（maximum），是带极值限定的更具体表述，非同一测量对象，故为上位对下位。,reject,左：离子功率因子；右：最大功率因子。2明确PF=alpha²sigma支持电子PF共同定义；0/3/13为离子PF，4混合地聚物、10混合凝胶PF未分离载流贡献；1最大值，15/24/25为增强事件，不并入普通PF。,True,independent member evidence and explicit group definitions; targeted secondary rationale comparison,False
pair:f1d5d5dc117739452990,7,iTE:P0378:n3,iTE:P1876:n2,related_to,左侧是被改善的功率因子量，右侧是该量增强这一过程/结果，属机制性关联而非同一概念。,reject,左：离子功率因子；右：功率因子增强。2明确PF=alpha²sigma支持电子PF共同定义；0/3/13为离子PF，4混合地聚物、10混合凝胶PF未分离载流贡献；1最大值，15/24/25为增强事件，不并入普通PF。,False,independent member evidence and explicit group definitions; targeted secondary rationale comparison,False
pair:430442da0c8c19fb6b69,0,iTE:P0379:n3,iTE:P0399:n2,broader_than,左侧为未限定的总称“Seebeck coefficient”，右侧由“ionic”限定为离子热扩散贡献的 Seebeck 系数，属更具体的子类概念，故左宽右窄。,accept,共同定义：离子热扩散热电势系数。130成员及661既有建议全部逐组读取并按定义划分。thermopower/TEP/Seebeck/S通常同义，但仅在同一载流范围及测量定义下；原摘要证明P0660/P1024/P1210/P1520/P1614是红氧系数，P0595是电子SWCNT，P0547是电动学等效系数，P0804是Kelvin近似，P1676为质子加空穴的总响应。电子、离子、红氧、混合、符号幅值、加权贡献、非线性有限温差系数不可整体传递合并。节点属性及原始数值保留，未确定定义者不跨组接受。,True,independent member evidence and explicit group definitions; targeted secondary rationale comparison,False
pair:c27039835ef40677171e,0,iTE:P0379:n3,iTE:P0408:n5,broader_than,左侧为无限定词的“Seebeck coefficient”，可涵盖电子/离子贡献；右侧明确限定为离子体系的 Seebeck 系数，是其更具体的种类，构成 IS-A 上下位。,accept,共同定义：离子热扩散热电势系数。130成员及661既有建议全部逐组读取并按定义划分。thermopower/TEP/Seebeck/S通常同义，但仅在同一载流范围及测量定义下；原摘要证明P0660/P1024/P1210/P1520/P1614是红氧系数，P0595是电子SWCNT，P0547是电动学等效系数，P0804是Kelvin近似，P1676为质子加空穴的总响应。电子、离子、红氧、混合、符号幅值、加权贡献、非线性有限温差系数不可整体传递合并。节点属性及原始数值保留，未确定定义者不跨组接受。,True,independent member evidence and explicit group definitions; targeted secondary rationale comparison,False
pair:6844803a198f03e20ecc,0,iTE:P0379:n3,iTE:P0600:n2,related_to,左侧给出水凝胶塞贝克系数数值本身，右侧讨论离子塞贝克系数的符号与大小这一属性侧面，二者为量与其属性描述的关系。,reject,左：离子热扩散热电势系数；右：离子Seebeck系数符号和幅值属性。130成员及661既有建议全部逐组读取并按定义划分。thermopower/TEP/Seebeck/S通常同义，但仅在同一载流范围及测量定义下；原摘要证明P0660/P1024/P1210/P1520/P1614是红氧系数，P0595是电子SWCNT，P0547是电动学等效系数，P0804是Kelvin近似，P1676为质子加空穴的总响应。电子、离子、红氧、混合、符号幅值、加权贡献、非线性有限温差系数不可整体传递合并。节点属性及原始数值保留，未确定定义者不跨组接受。,False,independent member evidence and explicit group definitions; targeted secondary rationale comparison,False
pair:3afe61c6553c0f48219e,0,iTE:P0379:n3,iTE:P0611:n3,broader_than,左侧为未限定的通用 Seebeck coefficient，右侧明确限定为离子载流子贡献的 ionic Seebeck coefficient，后者是前者的一个子类。,accept,共同定义：离子热扩散热电势系数。130成员及661既有建议全部逐组读取并按定义划分。thermopower/TEP/Seebeck/S通常同义，但仅在同一载流范围及测量定义下；原摘要证明P0660/P1024/P1210/P1520/P1614是红氧系数，P0595是电子SWCNT，P0547是电动学等效系数，P0804是Kelvin近似，P1676为质子加空穴的总响应。电子、离子、红氧、混合、符号幅值、加权贡献、非线性有限温差系数不可整体传递合并。节点属性及原始数值保留，未确定定义者不跨组接受。,True,independent member evidence and explicit group definitions; targeted secondary rationale comparison,False
pair:8525e2fcd04f4a409047,0,iTE:P0379:n3,iTE:P1544:n3,related_to,两侧同指 Seebeck 系数这一热电性能量，但右侧被量级限定词 large 限定了语义范围（且分属不同材料体系），范围不同，不构成等价。,reject,左：离子热扩散热电势系数；右：高电子Seebeck系数。130成员及661既有建议全部逐组读取并按定义划分。thermopower/TEP/Seebeck/S通常同义，但仅在同一载流范围及测量定义下；原摘要证明P0660/P1024/P1210/P1520/P1614是红氧系数，P0595是电子SWCNT，P0547是电动学等效系数，P0804是Kelvin近似，P1676为质子加空穴的总响应。电子、离子、红氧、混合、符号幅值、加权贡献、非线性有限温差系数不可整体传递合并。节点属性及原始数值保留，未确定定义者不跨组接受。,False,independent member evidence and explicit group definitions; targeted secondary rationale comparison,False
pair:fdce020fe55ad86742b3,0,iTE:P0379:n3,iTE:P1958:n2,broader_than,left 泛指 Seebeck coefficient，right 限定为 large 的 Seebeck coefficient，right 是 left 的更具体种类。,reject,左：离子热扩散热电势系数；右：高电子Seebeck系数。130成员及661既有建议全部逐组读取并按定义划分。thermopower/TEP/Seebeck/S通常同义，但仅在同一载流范围及测量定义下；原摘要证明P0660/P1024/P1210/P1520/P1614是红氧系数，P0595是电子SWCNT，P0547是电动学等效系数，P0804是Kelvin近似，P1676为质子加空穴的总响应。电子、离子、红氧、混合、符号幅值、加权贡献、非线性有限温差系数不可整体传递合并。节点属性及原始数值保留，未确定定义者不跨组接受。,True,independent member evidence and explicit group definitions; targeted secondary rationale comparison,False
pair:1b27579d57d303fd354b,12,iTE:P0380:n1,iTE:P0535:n3,narrower_than,left 限定为 ions 的 thermodiffusion，是 right 泛称 thermodiffusion 的更具体种类；右侧原文只泛称 thermodiffusion。,accept,共同定义：离子Soret热扩散。十八个成员逐一均在离子导体/电解质中指温度梯度驱动的离子扩散；3和13直接定义，10直接展开同义。11虽否定其主导作用但概念仍同一机制，不能以否定句误判不同概念。,True,independent member evidence and explicit group definitions; targeted secondary rationale comparison,False
pair:81baaa35bd307b443f25,12,iTE:P0380:n1,iTE:P0645:n3,narrower_than,右侧为不加限定的热扩散（thermodiffusion）总称，左侧限定为离子的热扩散，是前者的一种具体类型。,accept,共同定义：离子Soret热扩散。十八个成员逐一均在离子导体/电解质中指温度梯度驱动的离子扩散；3和13直接定义，10直接展开同义。11虽否定其主导作用但概念仍同一机制，不能以否定句误判不同概念。,True,independent member evidence and explicit group definitions; targeted secondary rationale comparison,False
pair:dacce213586934f48701,67,iTE:P0380:n2,iTE:P1564:n1,broader_than,左侧为泛指电场，右侧特指热处理过程中施加的外加电场（external electric field），是电场的一种受限定的具体类型，left 更宽泛。,reject,左：热扩散内生电场；右：外加电场。0/1均离子热扩散产生内场，2/3明确externally applied场；物理量同类但驱动条件不同且节点有external限定。,True,independent member evidence and explicit group definitions; targeted secondary rationale comparison,False
pair:3bdd04a70950809d3b90,24,iTE:P0384:n1,iTE:P0815:n1,broader_than,左侧泛指离子液体，右侧限定为用作添加剂的离子液体，后者是前者的角色限定子类。,uncertain,左：IL；右：ionic liquid additives。完整摘要证实0=EMIM:TFSI、1=MMIM:DCA、3=EMIM乙基硫酸盐、9=EMIM:TCB；2还比较EMIM/Li TFSI，其他未给明确化学身份。不能把所有IL短称当同一材料。已知不同物种逐对拒绝，其余保留待定。,True,independent member evidence and explicit group definitions; targeted secondary rationale comparison,False
pair:bfa44ddbe1795afd5a78,24,iTE:P0384:n1,iTE:P0858:n1,related_to,两侧均为作为添加物使用的离子液体，但 left 明确为 [EMIM][TFSI] 掺入 PVDF-TrFE，right 未指明具体离子液体且用于 SWCNT/PEDOT:PSS，无法认定同义。,uncertain,左：IL；右：IL additive。完整摘要证实0=EMIM:TFSI、1=MMIM:DCA、3=EMIM乙基硫酸盐、9=EMIM:TCB；2还比较EMIM/Li TFSI，其他未给明确化学身份。不能把所有IL短称当同一材料。已知不同物种逐对拒绝，其余保留待定。,False,independent member evidence and explicit group definitions; targeted secondary rationale comparison,False
pair:9b975269113f8a6d48c1,0,iTE:P0385:n3,iTE:P0542:n2,distinct_from,左侧为正值 Seebeck 系数（+14.5 mV/K，质子迁移主导），右侧明确为负值（-3.72 mV/K，载流子方向相反），符号相反的量不可视为同一概念。,accept,共同定义：离子热扩散热电势系数。130成员及661既有建议全部逐组读取并按定义划分。thermopower/TEP/Seebeck/S通常同义，但仅在同一载流范围及测量定义下；原摘要证明P0660/P1024/P1210/P1520/P1614是红氧系数，P0595是电子SWCNT，P0547是电动学等效系数，P0804是Kelvin近似，P1676为质子加空穴的总响应。电子、离子、红氧、混合、符号幅值、加权贡献、非线性有限温差系数不可整体传递合并。节点属性及原始数值保留，未确定定义者不跨组接受。,True,independent member evidence and explicit group definitions; targeted secondary rationale comparison,False
pair:02d676a217fa190632f0,0,iTE:P0385:n3,iTE:P0757:n2,broader_than,左侧为未限定的 Seebeck coefficient，右侧明确限定为 ionic Seebeck coefficient，后者是前者的具体子类。,accept,共同定义：离子热扩散热电势系数。130成员及661既有建议全部逐组读取并按定义划分。thermopower/TEP/Seebeck/S通常同义，但仅在同一载流范围及测量定义下；原摘要证明P0660/P1024/P1210/P1520/P1614是红氧系数，P0595是电子SWCNT，P0547是电动学等效系数，P0804是Kelvin近似，P1676为质子加空穴的总响应。电子、离子、红氧、混合、符号幅值、加权贡献、非线性有限温差系数不可整体传递合并。节点属性及原始数值保留，未确定定义者不跨组接受。,True,independent member evidence and explicit group definitions; targeted secondary rationale comparison,False
pair:80dcfcbb811afc505252,1,iTE:P0389:n2,iTE:P1257:n2,related_to,electric conductivity 与 electrical conductivity 为同一物理量，但右侧是特定 PEDOT:PSS 体系中被增强的电导率，加了限定条件，不能直接判为同义。,reject,左：离子电导率；右：电子电导增强。67成员逐一读取。完整摘要确认P0377/P0399/P0518/P1639/P1903离子导电，P0959/P1050/P1599混合导电，P1359电子极化子DC，P1964明确离子DC。电子电导、离子电导、两者总和及DC条件不互为严格同义；higher/high/enhanced状态分离。未明载流机制与分量回指保留待定。,False,independent member evidence and explicit group definitions; targeted secondary rationale comparison,False
pair:119fef0ed93b20c01a40,1,iTE:P0389:n2,iTE:P1270:n2,broader_than,left 为无测量条件限定的电导率，right 是限定为直流（dc）条件下测得的电导率，后者是前者的具体限定形式（right IS-A left）。,reject,左：离子电导率；右：混合直流电导率。67成员逐一读取。完整摘要确认P0377/P0399/P0518/P1639/P1903离子导电，P0959/P1050/P1599混合导电，P1359电子极化子DC，P1964明确离子DC。电子电导、离子电导、两者总和及DC条件不互为严格同义；higher/high/enhanced状态分离。未明载流机制与分量回指保留待定。,True,independent member evidence and explicit group definitions; targeted secondary rationale comparison,False
pair:c80fba3d3c695117daef,1,iTE:P0389:n2,iTE:P1772:n2,narrower_than,评估对象写反了——left 为 electric conductivity（宽），right 为 dc electric conductivity（直流限定，窄），故 left 比 right 更宽泛。,uncertain,原摘要未给该电导的载流子/总量与分量归属，或高值定义不足；不靠相同conductivity/DC词强行判定。；左：离子电导率；右：玻璃直流电导载流机制待定,True,independent member evidence and explicit group definitions; targeted secondary rationale comparison,False
pair:05c21a8ad0ec16999efc,0,iTE:P0392:n4,iTE:P0436:n3,broader_than,"两者同为 ionic thermopower，右侧加了 ""large"" 高值限定构成更具体概念，左侧为更宽泛的一般表述。",reject,左：离子热扩散热电势系数；右：大离子热电势系数。130成员及661既有建议全部逐组读取并按定义划分。thermopower/TEP/Seebeck/S通常同义，但仅在同一载流范围及测量定义下；原摘要证明P0660/P1024/P1210/P1520/P1614是红氧系数，P0595是电子SWCNT，P0547是电动学等效系数，P0804是Kelvin近似，P1676为质子加空穴的总响应。电子、离子、红氧、混合、符号幅值、加权贡献、非线性有限温差系数不可整体传递合并。节点属性及原始数值保留，未确定定义者不跨组接受。,True,independent member evidence and explicit group definitions; targeted secondary rationale comparison,False
pair:bc9842c89723a104febb,49,iTE:P0394:n1,iTE:P0537:n4,related_to,左侧是离子Eastman熵，右侧是Eastman熵的变化量，量本身与变化量属不同概念，仅存在语义联系。,uncertain,左：离子Eastman熵；右：Eastman熵变化。0/1为离子Eastman熵；2/3/4为Eastman entropy change，可能指两种离子差或状态变化，缺少数学定义不跨两类合并。,False,independent member evidence and explicit group definitions; targeted secondary rationale comparison,False
pair:e5ba90a47d00ff08ea64,49,iTE:P0394:n1,iTE:P0560:n1,related_to,左侧为离子Eastman熵，右侧为Eastman熵变化，名称与所指量不同，不能认定等价。,uncertain,左：离子Eastman熵；右：Eastman熵变化。0/1为离子Eastman熵；2/3/4为Eastman entropy change，可能指两种离子差或状态变化，缺少数学定义不跨两类合并。,False,independent member evidence and explicit group definitions; targeted secondary rationale comparison,False
pair:262d2e6e35e421ab021d,0,iTE:P0394:n2,iTE:P0636:n3,narrower_than,离子塞贝克系数是塞贝克系数在离子导体中的特定类型，left IS-A right。,reject,左：离子热扩散热电势系数；右：电子Seebeck系数。130成员及661既有建议全部逐组读取并按定义划分。thermopower/TEP/Seebeck/S通常同义，但仅在同一载流范围及测量定义下；原摘要证明P0660/P1024/P1210/P1520/P1614是红氧系数，P0595是电子SWCNT，P0547是电动学等效系数，P0804是Kelvin近似，P1676为质子加空穴的总响应。电子、离子、红氧、混合、符号幅值、加权贡献、非线性有限温差系数不可整体传递合并。节点属性及原始数值保留，未确定定义者不跨组接受。,True,independent member evidence and explicit group definitions; targeted secondary rationale comparison,False
pair:868c5619c82111ec9abb,0,iTE:P0394:n2,iTE:P0718:n3,narrower_than,左侧被限定为离子 Seebeck 系数（仅由 ionic Eastman entropies 决定），右侧原文未作离子限定，只笼统称 Seebeck coefficient，前者是后者受限定的更具体种类。,reject,左：离子热扩散热电势系数；右：电子Seebeck系数。130成员及661既有建议全部逐组读取并按定义划分。thermopower/TEP/Seebeck/S通常同义，但仅在同一载流范围及测量定义下；原摘要证明P0660/P1024/P1210/P1520/P1614是红氧系数，P0595是电子SWCNT，P0547是电动学等效系数，P0804是Kelvin近似，P1676为质子加空穴的总响应。电子、离子、红氧、混合、符号幅值、加权贡献、非线性有限温差系数不可整体传递合并。节点属性及原始数值保留，未确定定义者不跨组接受。,True,independent member evidence and explicit group definitions; targeted secondary rationale comparison,False
pair:7a631f82e5441f73ccdb,26,iTE:P0397:n3,iTE:P0403:n2,broader_than,left 泛指热生电压（无幅值限定），right 是带“高”限定的热电压，是前者的受限具体情形。,reject,左：离子热电压；右：高热电压。0/1/2/4/5/6/8/9均离子热驱动装置电压，界面/体相贡献是成因；3明确高值，7为p-n结内部电势差不能直接当端输出。,True,independent member evidence and explicit group definitions; targeted secondary rationale comparison,False
pair:cab47ae3fda3a07d3cfe,0,iTE:P0399:n2,iTE:P0446:n2,narrower_than,左侧限定为离子贡献的 Seebeck 系数，右侧为未加限定的通用 Seebeck 系数，前者是后者的具体类型（受限定概念）。,accept,共同定义：离子热扩散热电势系数。130成员及661既有建议全部逐组读取并按定义划分。thermopower/TEP/Seebeck/S通常同义，但仅在同一载流范围及测量定义下；原摘要证明P0660/P1024/P1210/P1520/P1614是红氧系数，P0595是电子SWCNT，P0547是电动学等效系数，P0804是Kelvin近似，P1676为质子加空穴的总响应。电子、离子、红氧、混合、符号幅值、加权贡献、非线性有限温差系数不可整体传递合并。节点属性及原始数值保留，未确定定义者不跨组接受。,True,independent member evidence and explicit group definitions; targeted secondary rationale comparison,False
pair:80bce8fbd23f47ec1a32,0,iTE:P0399:n2,iTE:P0600:n2,related_to,左侧指具体数值的离子Seebeck系数，右侧指其符号与大小这一受调控的属性，限定范围不同，非等价。,reject,左：离子热扩散热电势系数；右：离子Seebeck系数符号和幅值属性。130成员及661既有建议全部逐组读取并按定义划分。thermopower/TEP/Seebeck/S通常同义，但仅在同一载流范围及测量定义下；原摘要证明P0660/P1024/P1210/P1520/P1614是红氧系数，P0595是电子SWCNT，P0547是电动学等效系数，P0804是Kelvin近似，P1676为质子加空穴的总响应。电子、离子、红氧、混合、符号幅值、加权贡献、非线性有限温差系数不可整体传递合并。节点属性及原始数值保留，未确定定义者不跨组接受。,False,independent member evidence and explicit group definitions; targeted secondary rationale comparison,False
pair:02c72c666fb032600610,0,iTE:P0399:n2,iTE:P0617:n2,narrower_than,右侧为不限定载流子类型的通用 Seebeck coefficient，左侧特指离子贡献的 Seebeck 系数，属于其更具体的子类。,accept,共同定义：离子热扩散热电势系数。130成员及661既有建议全部逐组读取并按定义划分。thermopower/TEP/Seebeck/S通常同义，但仅在同一载流范围及测量定义下；原摘要证明P0660/P1024/P1210/P1520/P1614是红氧系数，P0595是电子SWCNT，P0547是电动学等效系数，P0804是Kelvin近似，P1676为质子加空穴的总响应。电子、离子、红氧、混合、符号幅值、加权贡献、非线性有限温差系数不可整体传递合并。节点属性及原始数值保留，未确定定义者不跨组接受。,True,independent member evidence and explicit group definitions; targeted secondary rationale comparison,False
pair:54578384c358655904f0,0,iTE:P0399:n2,iTE:P0753:n4,narrower_than,ionic Seebeck coefficients 是离子型热电体系中的 Seebeck 系数，是在载流子类型上受限的更具体概念，IS-A Seebeck coefficients。,reject,左：离子热扩散热电势系数；右：电子Seebeck系数。130成员及661既有建议全部逐组读取并按定义划分。thermopower/TEP/Seebeck/S通常同义，但仅在同一载流范围及测量定义下；原摘要证明P0660/P1024/P1210/P1520/P1614是红氧系数，P0595是电子SWCNT，P0547是电动学等效系数，P0804是Kelvin近似，P1676为质子加空穴的总响应。电子、离子、红氧、混合、符号幅值、加权贡献、非线性有限温差系数不可整体传递合并。节点属性及原始数值保留，未确定定义者不跨组接受。,True,independent member evidence and explicit group definitions; targeted secondary rationale comparison,False
pair:107f40081aeb9033629d,0,iTE:P0399:n2,iTE:P0764:n4,related_to,左侧指材料测得的离子Seebeck系数，右侧被表述为混合离子-电子导体中可被抑制的“离子Seebeck分量”，限定条件（混合导体中的贡献项）构成概念定义差别，非同一表述。,reject,左：离子热扩散热电势系数；右：混合导体中加权离子Seebeck贡献。130成员及661既有建议全部逐组读取并按定义划分。thermopower/TEP/Seebeck/S通常同义，但仅在同一载流范围及测量定义下；原摘要证明P0660/P1024/P1210/P1520/P1614是红氧系数，P0595是电子SWCNT，P0547是电动学等效系数，P0804是Kelvin近似，P1676为质子加空穴的总响应。电子、离子、红氧、混合、符号幅值、加权贡献、非线性有限温差系数不可整体传递合并。节点属性及原始数值保留，未确定定义者不跨组接受。,False,independent member evidence and explicit group definitions; targeted secondary rationale comparison,False
pair:bd66d3a7ce9f4c56ccb3,0,iTE:P0399:n2,iTE:P0833:n2,narrower_than,左侧限定为离子型 Seebeck 系数（离子热扩散贡献），是右侧一般 Seebeck 系数 S 的一个具体类型，语义范围更窄。,reject,左：离子热扩散热电势系数；右：电子Seebeck系数。130成员及661既有建议全部逐组读取并按定义划分。thermopower/TEP/Seebeck/S通常同义，但仅在同一载流范围及测量定义下；原摘要证明P0660/P1024/P1210/P1520/P1614是红氧系数，P0595是电子SWCNT，P0547是电动学等效系数，P0804是Kelvin近似，P1676为质子加空穴的总响应。电子、离子、红氧、混合、符号幅值、加权贡献、非线性有限温差系数不可整体传递合并。节点属性及原始数值保留，未确定定义者不跨组接受。,True,independent member evidence and explicit group definitions; targeted secondary rationale comparison,False
pair:2092af5927245cdaf4a6,0,iTE:P0399:n2,iTE:P0941:n2,related_to,左侧是离子热扩散主导的离子 Seebeck 系数，右侧是半导体价带高态密度导致的电子 Seebeck 系数，载流子机制不同，仅同属 Seebeck 系数家族，非同一概念。,reject,左：离子热扩散热电势系数；右：高电子Seebeck系数。130成员及661既有建议全部逐组读取并按定义划分。thermopower/TEP/Seebeck/S通常同义，但仅在同一载流范围及测量定义下；原摘要证明P0660/P1024/P1210/P1520/P1614是红氧系数，P0595是电子SWCNT，P0547是电动学等效系数，P0804是Kelvin近似，P1676为质子加空穴的总响应。电子、离子、红氧、混合、符号幅值、加权贡献、非线性有限温差系数不可整体传递合并。节点属性及原始数值保留，未确定定义者不跨组接受。,False,independent member evidence and explicit group definitions; targeted secondary rationale comparison,False
pair:9691c1b855a24c161a92,0,iTE:P0399:n2,iTE:P0993:n2,narrower_than,右侧为材料 Seebeck 系数 S 的泛指，左侧特指离子（离子热扩散）贡献的塞贝克系数，是前者的具体类型。,reject,左：离子热扩散热电势系数；右：电子Seebeck系数。130成员及661既有建议全部逐组读取并按定义划分。thermopower/TEP/Seebeck/S通常同义，但仅在同一载流范围及测量定义下；原摘要证明P0660/P1024/P1210/P1520/P1614是红氧系数，P0595是电子SWCNT，P0547是电动学等效系数，P0804是Kelvin近似，P1676为质子加空穴的总响应。电子、离子、红氧、混合、符号幅值、加权贡献、非线性有限温差系数不可整体传递合并。节点属性及原始数值保留，未确定定义者不跨组接受。,True,independent member evidence and explicit group definitions; targeted secondary rationale comparison,False
pair:536b6e7a1722b4136041,0,iTE:P0399:n2,iTE:P0994:n1,narrower_than,右侧指 InGeX3 的 Seebeck 系数（以 high 描述其数值），左侧限定为离子塞贝克系数，范围更窄。,reject,左：离子热扩散热电势系数；右：高电子Seebeck系数。130成员及661既有建议全部逐组读取并按定义划分。thermopower/TEP/Seebeck/S通常同义，但仅在同一载流范围及测量定义下；原摘要证明P0660/P1024/P1210/P1520/P1614是红氧系数，P0595是电子SWCNT，P0547是电动学等效系数，P0804是Kelvin近似，P1676为质子加空穴的总响应。电子、离子、红氧、混合、符号幅值、加权贡献、非线性有限温差系数不可整体传递合并。节点属性及原始数值保留，未确定定义者不跨组接受。,True,independent member evidence and explicit group definitions; targeted secondary rationale comparison,False
pair:e0a3296447008260d124,0,iTE:P0399:n2,iTE:P1444:n1,narrower_than,右侧泛指用于判定 X2MnB 载流子类型的 Seebeck 系数，左侧为离子塞贝克系数这一具体类型。,reject,左：离子热扩散热电势系数；右：电子Seebeck系数。130成员及661既有建议全部逐组读取并按定义划分。thermopower/TEP/Seebeck/S通常同义，但仅在同一载流范围及测量定义下；原摘要证明P0660/P1024/P1210/P1520/P1614是红氧系数，P0595是电子SWCNT，P0547是电动学等效系数，P0804是Kelvin近似，P1676为质子加空穴的总响应。电子、离子、红氧、混合、符号幅值、加权贡献、非线性有限温差系数不可整体传递合并。节点属性及原始数值保留，未确定定义者不跨组接受。,True,independent member evidence and explicit group definitions; targeted secondary rationale comparison,False
pair:171b18c73769a65b69f1,0,iTE:P0399:n2,iTE:P1472:n2,narrower_than,右侧为器件层面泛指的 Seebeck 系数，左侧限定为离子塞贝克系数，属其具体子类。,uncertain,需要确认水流/电极反应/磁贡献或载流分量的系数定义；现有摘要不足以证明与另一节点范围一致。；P1472器件级系数尚缺归一化和单位核实。；左：离子热扩散热电势系数；右：Mg2Si器件级Seebeck系数，材料级归一化和原文单位待核,True,independent member evidence and explicit group definitions; targeted secondary rationale comparison,False
pair:eb99ad24c53bfb54547f,0,iTE:P0399:n2,iTE:P1544:n3,related_to,左侧明确为离子热扩散贡献的 ionic Seebeck coefficient，右侧是由能带结构（重带、Cu-Se 键）决定的电子 Seebeck coefficient；同属 Seebeck 系数但机制不同，不等价。,reject,左：离子热扩散热电势系数；右：高电子Seebeck系数。130成员及661既有建议全部逐组读取并按定义划分。thermopower/TEP/Seebeck/S通常同义，但仅在同一载流范围及测量定义下；原摘要证明P0660/P1024/P1210/P1520/P1614是红氧系数，P0595是电子SWCNT，P0547是电动学等效系数，P0804是Kelvin近似，P1676为质子加空穴的总响应。电子、离子、红氧、混合、符号幅值、加权贡献、非线性有限温差系数不可整体传递合并。节点属性及原始数值保留，未确定定义者不跨组接受。,False,independent member evidence and explicit group definitions; targeted secondary rationale comparison,False
pair:4d3929c218ae8a48fae7,1,iTE:P0399:n3,iTE:P0414:n2,related_to,left 只是未限定的 conductivity（木质素水凝胶中 5.87 S m-1），right 明确为 electrical conductivity，原文未给出二者指同一概念的表述。,accept,共同定义：离子电导率。67成员逐一读取。完整摘要确认P0377/P0399/P0518/P1639/P1903离子导电，P0959/P1050/P1599混合导电，P1359电子极化子DC，P1964明确离子DC。电子电导、离子电导、两者总和及DC条件不互为严格同义；higher/high/enhanced状态分离。未明载流机制与分量回指保留待定。,True,independent member evidence and explicit group definitions; targeted secondary rationale comparison,False
pair:bbe9ed86c9aff790317d,1,iTE:P0399:n3,iTE:P0462:n4,related_to,左侧为木质素水凝胶中的离子导电（离子热电体系），右侧为 PEDOT:PSS 的电子电导，载流机制不同，虽同称 conductivity 但非同一限定概念。,reject,左：离子电导率；右：电子电导率。67成员逐一读取。完整摘要确认P0377/P0399/P0518/P1639/P1903离子导电，P0959/P1050/P1599混合导电，P1359电子极化子DC，P1964明确离子DC。电子电导、离子电导、两者总和及DC条件不互为严格同义；higher/high/enhanced状态分离。未明载流机制与分量回指保留待定。,False,independent member evidence and explicit group definitions; targeted secondary rationale comparison,False
pair:8036f25746cc8d4fd7ae,1,iTE:P0399:n3,iTE:P0618:n3,related_to,左侧语境为离子导电水凝胶的 conductivity，右侧明确为 TE 材料的 electrical conductivity；载体与体系不同，未支持同义。,reject,左：离子电导率；右：电子电导率。67成员逐一读取。完整摘要确认P0377/P0399/P0518/P1639/P1903离子导电，P0959/P1050/P1599混合导电，P1359电子极化子DC，P1964明确离子DC。电子电导、离子电导、两者总和及DC条件不互为严格同义；higher/high/enhanced状态分离。未明载流机制与分量回指保留待定。,False,independent member evidence and explicit group definitions; targeted secondary rationale comparison,False
pair:dfbfece02b653665ec25,1,iTE:P0399:n3,iTE:P0632:n2,related_to,两侧虽都写作 conductivity，但左侧是离子热电水凝胶的电导率，右侧上下文为 RCoO3 的 electrical conductivity；机制与对象不同，不能等价。,reject,左：离子电导率；右：电子电导率。67成员逐一读取。完整摘要确认P0377/P0399/P0518/P1639/P1903离子导电，P0959/P1050/P1599混合导电，P1359电子极化子DC，P1964明确离子DC。电子电导、离子电导、两者总和及DC条件不互为严格同义；higher/high/enhanced状态分离。未明载流机制与分量回指保留待定。,False,independent member evidence and explicit group definitions; targeted secondary rationale comparison,False
pair:7e56cb6dbf6c8342023a,1,iTE:P0399:n3,iTE:P0899:n2,related_to,左侧是木质素水凝胶体系（伴随 ionic Seebeck）的电导率，右侧是 Fe 掺杂 ZnO 由能带调整改善的电子电导率，材料体系与载流子类型不同，非同一概念。,reject,左：离子电导率；右：电子电导率。67成员逐一读取。完整摘要确认P0377/P0399/P0518/P1639/P1903离子导电，P0959/P1050/P1599混合导电，P1359电子极化子DC，P1964明确离子DC。电子电导、离子电导、两者总和及DC条件不互为严格同义；higher/high/enhanced状态分离。未明载流机制与分量回指保留待定。,False,independent member evidence and explicit group definitions; targeted secondary rationale comparison,False
pair:3f16c7b4f7bc60c73e9b,1,iTE:P0399:n3,iTE:P0944:n2,related_to,两侧都写作 conductivity，但左侧是水凝胶体系的离子型电导（伴随 ionic Seebeck），右侧是界面相互作用增强的电导，材料与机制不同，原文无同义表述。,reject,左：离子电导率；右：电子电导率。67成员逐一读取。完整摘要确认P0377/P0399/P0518/P1639/P1903离子导电，P0959/P1050/P1599混合导电，P1359电子极化子DC，P1964明确离子DC。电子电导、离子电导、两者总和及DC条件不互为严格同义；higher/high/enhanced状态分离。未明载流机制与分量回指保留待定。,False,independent member evidence and explicit group definitions; targeted secondary rationale comparison,False
pair:3f0629cc7094568ce43f,1,iTE:P0399:n3,iTE:P0994:n2,related_to,左侧语境为离子热电水凝胶的（离子）导电性，右侧为半导体中的电子电导率，二者相关但机制与载流子类型不同，不能判为同义。,reject,左：离子电导率；右：电子电导率。67成员逐一读取。完整摘要确认P0377/P0399/P0518/P1639/P1903离子导电，P0959/P1050/P1599混合导电，P1359电子极化子DC，P1964明确离子DC。电子电导、离子电导、两者总和及DC条件不互为严格同义；higher/high/enhanced状态分离。未明载流机制与分量回指保留待定。,False,independent member evidence and explicit group definitions; targeted secondary rationale comparison,False
pair:35cfb94258720e406c1c,1,iTE:P0399:n3,iTE:P1050:n2,related_to,左侧处于离子热电水凝胶语境（ionic Seebeck 对应的导电性），右侧为 TiO2 中电子/离子混合的电导率，载体与体系限定不同，同属导电性范畴但非同一概念。,reject,左：离子电导率；右：混合离子电子总电导率。67成员逐一读取。完整摘要确认P0377/P0399/P0518/P1639/P1903离子导电，P0959/P1050/P1599混合导电，P1359电子极化子DC，P1964明确离子DC。电子电导、离子电导、两者总和及DC条件不互为严格同义；higher/high/enhanced状态分离。未明载流机制与分量回指保留待定。,False,independent member evidence and explicit group definitions; targeted secondary rationale comparison,False
pair:4d0bf6767e3caf735ff2,1,iTE:P0399:n3,iTE:P1356:n1,related_to,左侧是木质素基水凝胶体系中的（离子）电导率，右侧是PEDOT:PSS水凝胶的高电导率，同属电导率量但体系与数值尺度不同，只能算相关而非同义。,uncertain,原摘要未给该电导的载流子/总量与分量归属，或高值定义不足；不靠相同conductivity/DC词强行判定。；左：离子电导率；右：高电导率载流类型待定,False,independent member evidence and explicit group definitions; targeted secondary rationale comparison,False
pair:a511d80bf3877aa86ac0,1,iTE:P0399:n3,iTE:P1359:n2,related_to,左侧为水凝胶的通用 conductivity，右侧特指硫系钒磷酸盐玻璃中由 V4+/V5+ 离子对 hopping 产生的 dc conductivity，测量条件与载流子机制不同，非同一概念。,reject,左：离子电导率；右：电子直流电导率。67成员逐一读取。完整摘要确认P0377/P0399/P0518/P1639/P1903离子导电，P0959/P1050/P1599混合导电，P1359电子极化子DC，P1964明确离子DC。电子电导、离子电导、两者总和及DC条件不互为严格同义；higher/high/enhanced状态分离。未明载流机制与分量回指保留待定。,False,independent member evidence and explicit group definitions; targeted secondary rationale comparison,False
pair:293cef2027f6d03e3f07,1,iTE:P0399:n3,iTE:P1635:n3,related_to,左侧为木质素水凝胶中的离子电导，右侧为金属性 SrReN3 的电子电导，载流子类型与机制不同，属相关而非等价。,reject,左：离子电导率；右：电子电导率。67成员逐一读取。完整摘要确认P0377/P0399/P0518/P1639/P1903离子导电，P0959/P1050/P1599混合导电，P1359电子极化子DC，P1964明确离子DC。电子电导、离子电导、两者总和及DC条件不互为严格同义；higher/high/enhanced状态分离。未明载流机制与分量回指保留待定。,False,independent member evidence and explicit group definitions; targeted secondary rationale comparison,False
pair:40baec0f542cfae33179,1,iTE:P0399:n3,iTE:P1754:n2,related_to,左侧是离子热电势水凝胶体系中以 S m-1 报告的 conductivity，右侧是与 thermopower 并列的 electrical conductivity，载体与体系条件不同，属相关而非同义。,uncertain,原摘要未给该电导的载流子/总量与分量归属，或高值定义不足；不靠相同conductivity/DC词强行判定。；左：离子电导率；右：电导分量回指待定,False,independent member evidence and explicit group definitions; targeted secondary rationale comparison,False
pair:1828f853662422014fad,1,iTE:P0399:n3,iTE:P1903:n2,related_to,两侧都称 conductivity，但左侧指木质素水凝胶的离子热电电导，右侧指PNIPAM双网络水凝胶经Na+/Cl-离子屏蔽增强的电导，原文无同义表述，只能算语义相关。,accept,共同定义：离子电导率。67成员逐一读取。完整摘要确认P0377/P0399/P0518/P1639/P1903离子导电，P0959/P1050/P1599混合导电，P1359电子极化子DC，P1964明确离子DC。电子电导、离子电导、两者总和及DC条件不互为严格同义；higher/high/enhanced状态分离。未明载流机制与分量回指保留待定。,True,independent member evidence and explicit group definitions; targeted secondary rationale comparison,False
pair:263e0ef8b64e5d38cf78,0,iTE:P0401:n4,iTE:P0436:n3,broader_than,"左侧 thermopower 为一般概念，右侧限定为离子型且高值的 ""large ionic thermopower""，属其受限子情形，左侧更宽泛。",reject,左：离子热扩散热电势系数；右：大离子热电势系数。130成员及661既有建议全部逐组读取并按定义划分。thermopower/TEP/Seebeck/S通常同义，但仅在同一载流范围及测量定义下；原摘要证明P0660/P1024/P1210/P1520/P1614是红氧系数，P0595是电子SWCNT，P0547是电动学等效系数，P0804是Kelvin近似，P1676为质子加空穴的总响应。电子、离子、红氧、混合、符号幅值、加权贡献、非线性有限温差系数不可整体传递合并。节点属性及原始数值保留，未确定定义者不跨组接受。,True,independent member evidence and explicit group definitions; targeted secondary rationale comparison,False
pair:c07917250bdc6e848ddb,0,iTE:P0401:n4,iTE:P0643:n2,related_to,右侧 thermopower 同时包含离子与电子两个分量并涉及氧化物气相/固相反应，左侧仅是水凝胶的离子热电势，为整体与其离子分量的关系，非等价或简单上下位。,reject,左：离子热扩散热电势系数；右：混合离子电子总热电势系数。130成员及661既有建议全部逐组读取并按定义划分。thermopower/TEP/Seebeck/S通常同义，但仅在同一载流范围及测量定义下；原摘要证明P0660/P1024/P1210/P1520/P1614是红氧系数，P0595是电子SWCNT，P0547是电动学等效系数，P0804是Kelvin近似，P1676为质子加空穴的总响应。电子、离子、红氧、混合、符号幅值、加权贡献、非线性有限温差系数不可整体传递合并。节点属性及原始数值保留，未确定定义者不跨组接受。,False,independent member evidence and explicit group definitions; targeted secondary rationale comparison,False
pair:2daf34c58d5186cd3b23,0,iTE:P0401:n4,iTE:P0696:n4,broader_than,左侧为不加限定的一般 thermopower，右侧是符号被限定为负的 thermopower（-28.4 mV K-1），是 thermopower 的受限特例。,accept,共同定义：离子热扩散热电势系数。130成员及661既有建议全部逐组读取并按定义划分。thermopower/TEP/Seebeck/S通常同义，但仅在同一载流范围及测量定义下；原摘要证明P0660/P1024/P1210/P1520/P1614是红氧系数，P0595是电子SWCNT，P0547是电动学等效系数，P0804是Kelvin近似，P1676为质子加空穴的总响应。电子、离子、红氧、混合、符号幅值、加权贡献、非线性有限温差系数不可整体传递合并。节点属性及原始数值保留，未确定定义者不跨组接受。,True,independent member evidence and explicit group definitions; targeted secondary rationale comparison,False
pair:b94b9de2b98f404013f0,53,iTE:P0402:n3,iTE:P0548:n1,broader_than,left 泛指离子-聚合物相互作用，right 限定为离子液体与聚合物链之间的相互作用，是 left 更具体的一类，故 left 更宽泛。,reject,左：离子-聚合物作用；右：离子液体-聚合物作用。0/1/2/4都一般离子与聚合物相互作用；3特指离子液体与聚合物链，属于材料范围受限子类。,True,independent member evidence and explicit group definitions; targeted secondary rationale comparison,False
pair:1d29ec5f146bebe9f2a1,26,iTE:P0403:n2,iTE:P0629:n2,narrower_than,“high thermovoltage”是对同一物理量附加高幅值限定后的受限概念，是 thermovoltage 的具体化，故 left 为下位。,reject,左：高热电压；右：离子热电压。0/1/2/4/5/6/8/9均离子热驱动装置电压，界面/体相贡献是成因；3明确高值，7为p-n结内部电势差不能直接当端输出。,True,independent member evidence and explicit group definitions; targeted secondary rationale comparison,False
pair:4821b37c3c180f0441a7,8,iTE:P0403:n3,iTE:P0650:n3,broader_than,左侧为未加限定的通用离子电导率量，右侧明确限定为 IGs（离子凝胶）的离子电导率，右侧是左侧的受限子概念。,reject,左：离子电导率；右：离子凝胶电导率。除12/23外各成员均一般离子电导率，包括被否定存在的21/24仍是该物理量；12明确ionogel、23明确SPE材料限定，不删除这些范围。,True,independent member evidence and explicit group definitions; targeted secondary rationale comparison,False
pair:2ce7cbe327d10362e1b5,53,iTE:P0406:n1,iTE:P0548:n1,broader_than,左侧泛指离子与聚合物的相互作用，右侧特指离子液体与聚合物链之间的相互作用，后者是前者的一种具体类型。,reject,左：离子-聚合物作用；右：离子液体-聚合物作用。0/1/2/4都一般离子与聚合物相互作用；3特指离子液体与聚合物链，属于材料范围受限子类。,True,independent member evidence and explicit group definitions; targeted secondary rationale comparison,False
pair:95687c70a438d585a065,0,iTE:P0406:n3,iTE:P0451:n3,broader_than,左侧为未加限定的统称 Seebeck coefficient，右侧特指 ionic Seebeck coefficient 这一特定类型，右侧 IS-A 左侧。,accept,共同定义：离子热扩散热电势系数。130成员及661既有建议全部逐组读取并按定义划分。thermopower/TEP/Seebeck/S通常同义，但仅在同一载流范围及测量定义下；原摘要证明P0660/P1024/P1210/P1520/P1614是红氧系数，P0595是电子SWCNT，P0547是电动学等效系数，P0804是Kelvin近似，P1676为质子加空穴的总响应。电子、离子、红氧、混合、符号幅值、加权贡献、非线性有限温差系数不可整体传递合并。节点属性及原始数值保留，未确定定义者不跨组接受。,True,independent member evidence and explicit group definitions; targeted secondary rationale comparison,False
pair:9ea162dc12f2bd9f4c71,0,iTE:P0406:n3,iTE:P0559:n2,broader_than,右侧以 ionic 限定，专指离子贡献的 Seebeck 系数，属左侧一般 Seebeck 系数的受限子类。,accept,共同定义：离子热扩散热电势系数。130成员及661既有建议全部逐组读取并按定义划分。thermopower/TEP/Seebeck/S通常同义，但仅在同一载流范围及测量定义下；原摘要证明P0660/P1024/P1210/P1520/P1614是红氧系数，P0595是电子SWCNT，P0547是电动学等效系数，P0804是Kelvin近似，P1676为质子加空穴的总响应。电子、离子、红氧、混合、符号幅值、加权贡献、非线性有限温差系数不可整体传递合并。节点属性及原始数值保留，未确定定义者不跨组接受。,True,independent member evidence and explicit group definitions; targeted secondary rationale comparison,False
pair:8152dbfa4f20ba2179c0,0,iTE:P0406:n3,iTE:P0994:n1,related_to,右侧“high Seebeck”指 Seebeck 系数的高数值表述，是属性取值描述，而非另一概念种类，与 Seebeck 系数本身相关但不等价。,reject,左：离子热扩散热电势系数；右：高电子Seebeck系数。130成员及661既有建议全部逐组读取并按定义划分。thermopower/TEP/Seebeck/S通常同义，但仅在同一载流范围及测量定义下；原摘要证明P0660/P1024/P1210/P1520/P1614是红氧系数，P0595是电子SWCNT，P0547是电动学等效系数，P0804是Kelvin近似，P1676为质子加空穴的总响应。电子、离子、红氧、混合、符号幅值、加权贡献、非线性有限温差系数不可整体传递合并。节点属性及原始数值保留，未确定定义者不跨组接受。,False,independent member evidence and explicit group definitions; targeted secondary rationale comparison,False
pair:e2f77a443bfab817385a,0,iTE:P0408:n5,iTE:P0600:n2,related_to,right 是“离子 Seebeck 系数的符号与大小”这一复合属性描述，left 是该系数本身，属同一量的属性与其量之间的关系，非等价。,reject,左：离子热扩散热电势系数；右：离子Seebeck系数符号和幅值属性。130成员及661既有建议全部逐组读取并按定义划分。thermopower/TEP/Seebeck/S通常同义，但仅在同一载流范围及测量定义下；原摘要证明P0660/P1024/P1210/P1520/P1614是红氧系数，P0595是电子SWCNT，P0547是电动学等效系数，P0804是Kelvin近似，P1676为质子加空穴的总响应。电子、离子、红氧、混合、符号幅值、加权贡献、非线性有限温差系数不可整体传递合并。节点属性及原始数值保留，未确定定义者不跨组接受。,False,independent member evidence and explicit group definitions; targeted secondary rationale comparison,False
pair:47da7104bcf77c149670,0,iTE:P0408:n5,iTE:P0615:n2,distinct_from,两侧同名量但符号相反（+19.02 mV K-1 与 -3021 µV K-1），按相反符号的量应判为不同概念。,accept,共同定义：离子热扩散热电势系数。130成员及661既有建议全部逐组读取并按定义划分。thermopower/TEP/Seebeck/S通常同义，但仅在同一载流范围及测量定义下；原摘要证明P0660/P1024/P1210/P1520/P1614是红氧系数，P0595是电子SWCNT，P0547是电动学等效系数，P0804是Kelvin近似，P1676为质子加空穴的总响应。电子、离子、红氧、混合、符号幅值、加权贡献、非线性有限温差系数不可整体传递合并。节点属性及原始数值保留，未确定定义者不跨组接受。,True,independent member evidence and explicit group definitions; targeted secondary rationale comparison,False
pair:676d255e3fd2b668d026,24,iTE:P0409:n2,iTE:P0815:n1,broader_than,右侧是作为添加剂使用的离子液体（受角色限定），属于离子液体大类下的受限概念，左侧更宽泛。,uncertain,左：ILs；右：ionic liquid additives。完整摘要证实0=EMIM:TFSI、1=MMIM:DCA、3=EMIM乙基硫酸盐、9=EMIM:TCB；2还比较EMIM/Li TFSI，其他未给明确化学身份。不能把所有IL短称当同一材料。已知不同物种逐对拒绝，其余保留待定。,True,independent member evidence and explicit group definitions; targeted secondary rationale comparison,False
pair:92c45d6c574b2d7536f6,1,iTE:P0409:n4,iTE:P1257:n2,broader_than,左侧为未加限定的电导率量，右侧特指被显著提升后的电导率状态（“enhanced”构成限定），右侧是左侧的一个受限实例，故左侧更宽泛。,reject,左：电子电导率；右：电子电导增强。67成员逐一读取。完整摘要确认P0377/P0399/P0518/P1639/P1903离子导电，P0959/P1050/P1599混合导电，P1359电子极化子DC，P1964明确离子DC。电子电导、离子电导、两者总和及DC条件不互为严格同义；higher/high/enhanced状态分离。未明载流机制与分量回指保留待定。,True,independent member evidence and explicit group definitions; targeted secondary rationale comparison,False
pair:0a6266550e53fd95a18c,1,iTE:P0409:n4,iTE:P1356:n1,broader_than,左侧为未加限定的电导率（quantity），右侧是带“高”这一量级限定的电导率，属于对同一物理量加了限定条件，右侧范围更窄。,uncertain,原摘要未给该电导的载流子/总量与分量归属，或高值定义不足；不靠相同conductivity/DC词强行判定。；左：电子电导率；右：高电导率载流类型待定,True,independent member evidence and explicit group definitions; targeted secondary rationale comparison,False
pair:57f29043dbef8561c44e,1,iTE:P0409:n4,iTE:P1435:n2,broader_than,右侧原文限定为 DC electrical conductivity，是 electrical conductivity 的直流子类；左侧未限定，故左侧更宽泛。,reject,左：电子电导率；右：混合直流电导率。67成员逐一读取。完整摘要确认P0377/P0399/P0518/P1639/P1903离子导电，P0959/P1050/P1599混合导电，P1359电子极化子DC，P1964明确离子DC。电子电导、离子电导、两者总和及DC条件不互为严格同义；higher/high/enhanced状态分离。未明载流机制与分量回指保留待定。,True,independent member evidence and explicit group definitions; targeted secondary rationale comparison,False
pair:056ed55a6b1aac4adef5,1,iTE:P0409:n4,iTE:P1772:n2,broader_than,左侧为泛称 electrical conductivity，右侧限定为直流条件下的 dc electric conductivity，后者是前者的具体限定形式。,uncertain,原摘要未给该电导的载流子/总量与分量归属，或高值定义不足；不靠相同conductivity/DC词强行判定。；左：电子电导率；右：玻璃直流电导载流机制待定,True,independent member evidence and explicit group definitions; targeted secondary rationale comparison,False
pair:0231d48e65ad960232f9,66,iTE:P0412:n2,iTE:P1924:n2,broader_than,left 为一般 crystallinity，right 限定为薄膜的结晶度，left 更宽泛。,accept,共同定义：结晶度。四处都指样品结晶度属性，薄膜与聚合物的材料载体差异不改结晶程度定义，不合并晶体材料本身。,True,independent member evidence and explicit group definitions; targeted secondary rationale comparison,False
pair:d19bb7a78d98655dc9ae,84,iTE:P0412:n5,iTE:P0536:n3,related_to,两侧都指热电与力学两方面性能的组合，但右侧额外限定为“ultrahigh thermoelectric performances”且用 mechanical properties 表述，语义范围不完全相同，故判为相关而非等价。,reject,左：热电与力学性能；右：力学性质与超高热电性能。0/2一般组合性能，1两个性能均高，3力学性质加超高热电性能，程度条件不同。,False,independent member evidence and explicit group definitions; targeted secondary rationale comparison,False
pair:e7f02c865986650aa994,1,iTE:P0414:n2,iTE:P1013:n1,broader_than,"right 带比较级 ""higher"" 且仅指该薄膜的偏高电导表现，是 left 通用电导率的受限具体情形。",reject,左：离子电导率；右：较高电子电导率。67成员逐一读取。完整摘要确认P0377/P0399/P0518/P1639/P1903离子导电，P0959/P1050/P1599混合导电，P1359电子极化子DC，P1964明确离子DC。电子电导、离子电导、两者总和及DC条件不互为严格同义；higher/high/enhanced状态分离。未明载流机制与分量回指保留待定。,True,independent member evidence and explicit group definitions; targeted secondary rationale comparison,False
pair:9c036ac9db7e8f7726fb,1,iTE:P0414:n2,iTE:P1257:n2,broader_than,右侧为“增强的电导率”这一受限定的具体状态，左侧为通用电导率量，左侧更宽泛。,reject,左：离子电导率；右：电子电导增强。67成员逐一读取。完整摘要确认P0377/P0399/P0518/P1639/P1903离子导电，P0959/P1050/P1599混合导电，P1359电子极化子DC，P1964明确离子DC。电子电导、离子电导、两者总和及DC条件不互为严格同义；higher/high/enhanced状态分离。未明载流机制与分量回指保留待定。,True,independent member evidence and explicit group definitions; targeted secondary rationale comparison,False
pair:d9c48e503672d8c316d5,1,iTE:P0414:n2,iTE:P1356:n1,broader_than,左侧为一般意义上的电导率，右侧为带“high”限定的高电导率特例，范围更窄。,uncertain,原摘要未给该电导的载流子/总量与分量归属，或高值定义不足；不靠相同conductivity/DC词强行判定。；左：离子电导率；右：高电导率载流类型待定,True,independent member evidence and explicit group definitions; targeted secondary rationale comparison,False
pair:918c0d71a48960ca8ed0,1,iTE:P0414:n2,iTE:P1813:n2,broader_than,左侧为无限定的电导率，右侧特指“高电导率”这一受限状态，右侧 IS-A 左侧。,reject,左：离子电导率；右：高电子电导率。67成员逐一读取。完整摘要确认P0377/P0399/P0518/P1639/P1903离子导电，P0959/P1050/P1599混合导电，P1359电子极化子DC，P1964明确离子DC。电子电导、离子电导、两者总和及DC条件不互为严格同义；higher/high/enhanced状态分离。未明载流机制与分量回指保留待定。,True,independent member evidence and explicit group definitions; targeted secondary rationale comparison,False
pair:cb4cfcf76da620bf1c9a,2,iTE:P0420:n3,iTE:P0773:n2,related_to,右侧 'better performance' 在原文中泛称性能改进，未明确限定为 thermoelectric performance，但与左侧热电性能主题相关，不能判定等价。,uncertain,左：热电化学转换整体性能；右：较好性能。38成员中properties为性质集合、performance为综合评价，不能默认互换；载流机制和指标范围又不一致。对明确定义同一层级的子组接受；跨层级缺少评价函数，保留uncertain，高/最高等明确限定另拒绝。P0687摘要表明14实际以Seebeck为预测目标，P1454为CuI电子热电纺织品。,False,independent member evidence and explicit group definitions; targeted secondary rationale comparison,False
pair:1a69bf253de66458ce39,2,iTE:P0420:n3,iTE:P1327:n2,broader_than,right 被限定为聚合物系列中“最高”的热电性能，是受限定的更具体概念，left 为泛指的 thermoelectric performance，故 left 更宽。,uncertain,左：热电化学转换整体性能；右：最高性能。38成员中properties为性质集合、performance为综合评价，不能默认互换；载流机制和指标范围又不一致。对明确定义同一层级的子组接受；跨层级缺少评价函数，保留uncertain，高/最高等明确限定另拒绝。P0687摘要表明14实际以Seebeck为预测目标，P1454为CuI电子热电纺织品。,True,independent member evidence and explicit group definitions; targeted secondary rationale comparison,False
pair:d73098744f7d06d79866,0,iTE:P0436:n3,iTE:P0503:n2,narrower_than,两侧指同一物理量 ionic thermopower，但左侧附加了“large”的量值限定，语义范围更窄。,reject,左：大离子热电势系数；右：离子热扩散热电势系数。130成员及661既有建议全部逐组读取并按定义划分。thermopower/TEP/Seebeck/S通常同义，但仅在同一载流范围及测量定义下；原摘要证明P0660/P1024/P1210/P1520/P1614是红氧系数，P0595是电子SWCNT，P0547是电动学等效系数，P0804是Kelvin近似，P1676为质子加空穴的总响应。电子、离子、红氧、混合、符号幅值、加权贡献、非线性有限温差系数不可整体传递合并。节点属性及原始数值保留，未确定定义者不跨组接受。,True,independent member evidence and explicit group definitions; targeted secondary rationale comparison,False
pair:0b6ccb2a912af5a7a497,0,iTE:P0436:n3,iTE:P0616:n2,narrower_than,左侧“large ionic thermopower”是右侧“ionic thermopower”的一种高值状态，左侧更具体。,reject,左：大离子热电势系数；右：离子热扩散热电势系数。130成员及661既有建议全部逐组读取并按定义划分。thermopower/TEP/Seebeck/S通常同义，但仅在同一载流范围及测量定义下；原摘要证明P0660/P1024/P1210/P1520/P1614是红氧系数，P0595是电子SWCNT，P0547是电动学等效系数，P0804是Kelvin近似，P1676为质子加空穴的总响应。电子、离子、红氧、混合、符号幅值、加权贡献、非线性有限温差系数不可整体传递合并。节点属性及原始数值保留，未确定定义者不跨组接受。,True,independent member evidence and explicit group definitions; targeted secondary rationale comparison,False
pair:18f06fc92bd8e23aca53,0,iTE:P0436:n3,iTE:P0683:n3,narrower_than,左侧是带幅度限定的“大离子热电势”，右侧为通用 thermopower（原文同时覆盖 2.45 mV/K 的低值与 8.13 mV/K 的提升），左侧是右侧的受限具体情形。,reject,左：大离子热电势系数；右：离子热扩散热电势系数。130成员及661既有建议全部逐组读取并按定义划分。thermopower/TEP/Seebeck/S通常同义，但仅在同一载流范围及测量定义下；原摘要证明P0660/P1024/P1210/P1520/P1614是红氧系数，P0595是电子SWCNT，P0547是电动学等效系数，P0804是Kelvin近似，P1676为质子加空穴的总响应。电子、离子、红氧、混合、符号幅值、加权贡献、非线性有限温差系数不可整体传递合并。节点属性及原始数值保留，未确定定义者不跨组接受。,True,independent member evidence and explicit group definitions; targeted secondary rationale comparison,False
pair:dffbe2235e4ca7654c69,0,iTE:P0436:n3,iTE:P0786:n2,related_to,左侧为 PVA/IP6/ChCl 凝胶的 ionic thermopower，右侧为聚电解质模型中受限于温度梯度垂直方向的 thermo-power 增强条件，未给出同义依据。,reject,左：大离子热电势系数；右：离子热扩散热电势系数。130成员及661既有建议全部逐组读取并按定义划分。thermopower/TEP/Seebeck/S通常同义，但仅在同一载流范围及测量定义下；原摘要证明P0660/P1024/P1210/P1520/P1614是红氧系数，P0595是电子SWCNT，P0547是电动学等效系数，P0804是Kelvin近似，P1676为质子加空穴的总响应。电子、离子、红氧、混合、符号幅值、加权贡献、非线性有限温差系数不可整体传递合并。节点属性及原始数值保留，未确定定义者不跨组接受。,False,independent member evidence and explicit group definitions; targeted secondary rationale comparison,False
pair:783a84e86c064edee831,0,iTE:P0436:n3,iTE:P1248:n2,narrower_than,左侧限定为离子来源的热电势（离子热电势并给出数值大小），是笼统 thermopower 中由离子贡献的更具体一类，属 IS-A 关系。,reject,左：大离子热电势系数；右：离子热扩散热电势系数。130成员及661既有建议全部逐组读取并按定义划分。thermopower/TEP/Seebeck/S通常同义，但仅在同一载流范围及测量定义下；原摘要证明P0660/P1024/P1210/P1520/P1614是红氧系数，P0595是电子SWCNT，P0547是电动学等效系数，P0804是Kelvin近似，P1676为质子加空穴的总响应。电子、离子、红氧、混合、符号幅值、加权贡献、非线性有限温差系数不可整体传递合并。节点属性及原始数值保留，未确定定义者不跨组接受。,True,independent member evidence and explicit group definitions; targeted secondary rationale comparison,False
pair:c8f53847e1fe00a07c8a,0,iTE:P0436:n3,iTE:P1487:n3,narrower_than,left 限定为“ionic”的 thermopower，是泛指 thermopower 的一个更具体种类（并由“large”进一步限定幅值）。,reject,左：大离子热电势系数；右：电子Seebeck系数。130成员及661既有建议全部逐组读取并按定义划分。thermopower/TEP/Seebeck/S通常同义，但仅在同一载流范围及测量定义下；原摘要证明P0660/P1024/P1210/P1520/P1614是红氧系数，P0595是电子SWCNT，P0547是电动学等效系数，P0804是Kelvin近似，P1676为质子加空穴的总响应。电子、离子、红氧、混合、符号幅值、加权贡献、非线性有限温差系数不可整体传递合并。节点属性及原始数值保留，未确定定义者不跨组接受。,True,independent member evidence and explicit group definitions; targeted secondary rationale comparison,False
pair:a06c80fa80de6a5c99e4,0,iTE:P0436:n3,iTE:P1488:n2,narrower_than,两者同为 ionic thermopower，但 left 用“large”把范围限制在大幅值情形，是受限定的更具体概念。,reject,左：大离子热电势系数；右：离子热扩散热电势系数。130成员及661既有建议全部逐组读取并按定义划分。thermopower/TEP/Seebeck/S通常同义，但仅在同一载流范围及测量定义下；原摘要证明P0660/P1024/P1210/P1520/P1614是红氧系数，P0595是电子SWCNT，P0547是电动学等效系数，P0804是Kelvin近似，P1676为质子加空穴的总响应。电子、离子、红氧、混合、符号幅值、加权贡献、非线性有限温差系数不可整体传递合并。节点属性及原始数值保留，未确定定义者不跨组接受。,True,independent member evidence and explicit group definitions; targeted secondary rationale comparison,False
pair:b281f5634049d2db7ba1,22,iTE:P0439:n5,iTE:P1215:n2,related_to,左侧是n型热电响应（性能表现），右侧是n型输运（过程），概念范畴不同，仅相关。,reject,左：离子负热电响应；右：电子n型导电。0/1/2/3/4为离子迁移或界面极化造成负热电响应，完整摘要核实2/3/4；5/6/7/8/9/10为电子为主的半导体n型导电，不可因n-type同名合并。,False,independent member evidence and explicit group definitions; targeted secondary rationale comparison,False
pair:77eb358ffe21ae0ab1ac,2,iTE:P0440:n2,iTE:P0862:n2,related_to,右侧原文仅在 i-TE 语境中使用泛称 performance，未明确等同 thermoelectric performance；二者有性能语义关联但范围不同。,uncertain,左：离子热电整体性能；右：Soret主导性能未定。38成员中properties为性质集合、performance为综合评价，不能默认互换；载流机制和指标范围又不一致。对明确定义同一层级的子组接受；跨层级缺少评价函数，保留uncertain，高/最高等明确限定另拒绝。P0687摘要表明14实际以Seebeck为预测目标，P1454为CuI电子热电纺织品。,False,independent member evidence and explicit group definitions; targeted secondary rationale comparison,False
pair:914eaee4310f380f316c,2,iTE:P0440:n2,iTE:P1327:n2,broader_than,右侧带最高级限定的“highest thermoelectric performance”是热电性能的一个特定（最大值）实例，左侧为未限定的更宽概念。,uncertain,左：离子热电整体性能；右：最高性能。38成员中properties为性质集合、performance为综合评价，不能默认互换；载流机制和指标范围又不一致。对明确定义同一层级的子组接受；跨层级缺少评价函数，保留uncertain，高/最高等明确限定另拒绝。P0687摘要表明14实际以Seebeck为预测目标，P1454为CuI电子热电纺织品。,True,independent member evidence and explicit group definitions; targeted secondary rationale comparison,False
pair:bf88b1b9bb3b3772cea2,0,iTE:P0446:n2,iTE:P0559:n2,broader_than,左侧为未加限定的 Seebeck 系数，右侧限定为离子型 Seebeck 系数，后者是前者的受限具体种类。,accept,共同定义：离子热扩散热电势系数。130成员及661既有建议全部逐组读取并按定义划分。thermopower/TEP/Seebeck/S通常同义，但仅在同一载流范围及测量定义下；原摘要证明P0660/P1024/P1210/P1520/P1614是红氧系数，P0595是电子SWCNT，P0547是电动学等效系数，P0804是Kelvin近似，P1676为质子加空穴的总响应。电子、离子、红氧、混合、符号幅值、加权贡献、非线性有限温差系数不可整体传递合并。节点属性及原始数值保留，未确定定义者不跨组接受。,True,independent member evidence and explicit group definitions; targeted secondary rationale comparison,False
pair:923348a0f83bdfb4c3c4,0,iTE:P0446:n2,iTE:P0677:n2,broader_than,左侧泛指 Seebeck 系数，右侧明确限定为离子 Seebeck 系数 (Si)，属于更具体的受限概念。,accept,共同定义：离子热扩散热电势系数。130成员及661既有建议全部逐组读取并按定义划分。thermopower/TEP/Seebeck/S通常同义，但仅在同一载流范围及测量定义下；原摘要证明P0660/P1024/P1210/P1520/P1614是红氧系数，P0595是电子SWCNT，P0547是电动学等效系数，P0804是Kelvin近似，P1676为质子加空穴的总响应。电子、离子、红氧、混合、符号幅值、加权贡献、非线性有限温差系数不可整体传递合并。节点属性及原始数值保留，未确定定义者不跨组接受。,True,independent member evidence and explicit group definitions; targeted secondary rationale comparison,False
pair:92791db77dd1b4547de7,12,iTE:P0447:n1,iTE:P0494:n1,narrower_than,左侧用“ionic”限定，专指离子的 Soret 效应，是右侧泛指的 Soret 效应（温度梯度下组分热扩散）的一个受限定具体种类。,accept,共同定义：离子Soret热扩散。十八个成员逐一均在离子导体/电解质中指温度梯度驱动的离子扩散；3和13直接定义，10直接展开同义。11虽否定其主导作用但概念仍同一机制，不能以否定句误判不同概念。,True,independent member evidence and explicit group definitions; targeted secondary rationale comparison,False
pair:7db7e8ba4cccf9c7c12a,12,iTE:P0447:n1,iTE:P0828:n1,narrower_than,左侧特指离子（聚合物电解质中离子）的 Soret 效应，右侧是总称 Soret 效应（热扩散），离子情形是其中一类，故左侧更窄。,accept,共同定义：离子Soret热扩散。十八个成员逐一均在离子导体/电解质中指温度梯度驱动的离子扩散；3和13直接定义，10直接展开同义。11虽否定其主导作用但概念仍同一机制，不能以否定句误判不同概念。,True,independent member evidence and explicit group definitions; targeted secondary rationale comparison,False
pair:fc9fc8baef9bb5f77d82,12,iTE:P0447:n1,iTE:P0938:n5,narrower_than,左侧带ionic限定，是右侧一般Soret效应在离子体系中的具体类型，故left窄于right。,accept,共同定义：离子Soret热扩散。十八个成员逐一均在离子导体/电解质中指温度梯度驱动的离子扩散；3和13直接定义，10直接展开同义。11虽否定其主导作用但概念仍同一机制，不能以否定句误判不同概念。,True,independent member evidence and explicit group definitions; targeted secondary rationale comparison,False
pair:a07b00b4700cef5d586f,12,iTE:P0447:n1,iTE:P1180:n1,narrower_than,左侧为离子体系中的Soret效应，右侧为一般Soret效应，左侧是右侧的具体受限类型。,accept,共同定义：离子Soret热扩散。十八个成员逐一均在离子导体/电解质中指温度梯度驱动的离子扩散；3和13直接定义，10直接展开同义。11虽否定其主导作用但概念仍同一机制，不能以否定句误判不同概念。,True,independent member evidence and explicit group definitions; targeted secondary rationale comparison,False
pair:2603a9ecd42fc0f6025f,34,iTE:P0448:n3,iTE:P1356:n2,related_to,左侧是经温度梯度平方归一化的输出功率密度，右侧是面积归一化输出功率，二者均为输出功率类指标但归一化方式与限定不同，不等价。,reject,左：温差平方归一化面积功率密度；右：面积输出功率密度。0/4/5/7为W/m²面积功率，4虽名output power但单位纠正其量纲；1/2/6为再除温差平方的功率密度；3为总输出功率。不能跨量纲合并。,False,independent member evidence and explicit group definitions; targeted secondary rationale comparison,False
pair:846c06ccb376d04ff22f,34,iTE:P0448:n3,iTE:P1730:n3,related_to,左侧指功率输出，右侧特指输出功率密度；功率与功率密度是不同定义/量纲的量，属于相关但不等价。,reject,左：温差平方归一化面积功率密度；右：面积输出功率密度。0/4/5/7为W/m²面积功率，4虽名output power但单位纠正其量纲；1/2/6为再除温差平方的功率密度；3为总输出功率。不能跨量纲合并。,False,independent member evidence and explicit group definitions; targeted secondary rationale comparison,False
pair:59da914dbff3803ea0e4,0,iTE:P0451:n3,iTE:P0542:n2,related_to,左侧明确限定为离子Seebeck系数，右侧节点术语为更一般的“Seebeck coefficient”（虽同段亦出现 ionic 表述），未提供跨文同义的确证，只能判为相关。,accept,共同定义：离子热扩散热电势系数。130成员及661既有建议全部逐组读取并按定义划分。thermopower/TEP/Seebeck/S通常同义，但仅在同一载流范围及测量定义下；原摘要证明P0660/P1024/P1210/P1520/P1614是红氧系数，P0595是电子SWCNT，P0547是电动学等效系数，P0804是Kelvin近似，P1676为质子加空穴的总响应。电子、离子、红氧、混合、符号幅值、加权贡献、非线性有限温差系数不可整体传递合并。节点属性及原始数值保留，未确定定义者不跨组接受。,True,independent member evidence and explicit group definitions; targeted secondary rationale comparison,False
pair:d12b9bd8be6da73fbfb0,0,iTE:P0451:n3,iTE:P0704:n2,narrower_than,离子塞贝克系数是塞贝克系数中由离子贡献限定的更具体种类，left IS-A right。,accept,共同定义：离子热扩散热电势系数。130成员及661既有建议全部逐组读取并按定义划分。thermopower/TEP/Seebeck/S通常同义，但仅在同一载流范围及测量定义下；原摘要证明P0660/P1024/P1210/P1520/P1614是红氧系数，P0595是电子SWCNT，P0547是电动学等效系数，P0804是Kelvin近似，P1676为质子加空穴的总响应。电子、离子、红氧、混合、符号幅值、加权贡献、非线性有限温差系数不可整体传递合并。节点属性及原始数值保留，未确定定义者不跨组接受。,True,independent member evidence and explicit group definitions; targeted secondary rationale comparison,False
pair:515b38043ade6fb336a3,2,iTE:P0452:n2,iTE:P0773:n2,related_to,左侧为热电性能这一量，右侧为“更好的性能/性能提升”的比较状态，二者语义范围不同但同属热电性能话题。,uncertain,左：电子热电整体性能；右：较好性能。38成员中properties为性质集合、performance为综合评价，不能默认互换；载流机制和指标范围又不一致。对明确定义同一层级的子组接受；跨层级缺少评价函数，保留uncertain，高/最高等明确限定另拒绝。P0687摘要表明14实际以Seebeck为预测目标，P1454为CuI电子热电纺织品。,False,independent member evidence and explicit group definitions; targeted secondary rationale comparison,False
pair:30e00e09b4de3da3eccc,2,iTE:P0452:n2,iTE:P0862:n2,related_to,左侧是掺杂PDPP-EDOT的热电性能，右侧泛指i-TE材料/转换的性能，二者均指热电性能但分属不同体系且右侧更泛化，无同义表述支持。,uncertain,左：电子热电整体性能；右：Soret主导性能未定。38成员中properties为性质集合、performance为综合评价，不能默认互换；载流机制和指标范围又不一致。对明确定义同一层级的子组接受；跨层级缺少评价函数，保留uncertain，高/最高等明确限定另拒绝。P0687摘要表明14实际以Seebeck为预测目标，P1454为CuI电子热电纺织品。,False,independent member evidence and explicit group definitions; targeted secondary rationale comparison,False
pair:a51659f9c450b331c794,2,iTE:P0452:n2,iTE:P1163:n2,related_to,left 是材料的热电性能表现，right 是被计算的热电性质（含 ZT 等具体量），属材料属性与性能评价的联系，但不等价。,uncertain,左：电子热电整体性能；右：电子热电性质集合。38成员中properties为性质集合、performance为综合评价，不能默认互换；载流机制和指标范围又不一致。对明确定义同一层级的子组接受；跨层级缺少评价函数，保留uncertain，高/最高等明确限定另拒绝。P0687摘要表明14实际以Seebeck为预测目标，P1454为CuI电子热电纺织品。,False,independent member evidence and explicit group definitions; targeted secondary rationale comparison,False
pair:96f71ee0a765cb2cc3f9,2,iTE:P0452:n2,iTE:P1327:n2,broader_than,左侧泛指热电性能，右侧指该系列聚合物中观察到的最高热电性能，后者是前者的一个具体实例，范围更窄。,uncertain,左：电子热电整体性能；右：最高性能。38成员中properties为性质集合、performance为综合评价，不能默认互换；载流机制和指标范围又不一致。对明确定义同一层级的子组接受；跨层级缺少评价函数，保留uncertain，高/最高等明确限定另拒绝。P0687摘要表明14实际以Seebeck为预测目标，P1454为CuI电子热电纺织品。,True,independent member evidence and explicit group definitions; targeted secondary rationale comparison,False
pair:91d23d4e7ecff1f9d923,2,iTE:P0452:n2,iTE:P1393:n2,related_to,left是掺杂PDPP-EDOT的TE性能，right是BaM2Ge4X6化合物的TE性能，材料体系不同，不构成同义或上下位关系。,uncertain,左：电子热电整体性能；右：良好性能。38成员中properties为性质集合、performance为综合评价，不能默认互换；载流机制和指标范围又不一致。对明确定义同一层级的子组接受；跨层级缺少评价函数，保留uncertain，高/最高等明确限定另拒绝。P0687摘要表明14实际以Seebeck为预测目标，P1454为CuI电子热电纺织品。,False,independent member evidence and explicit group definitions; targeted secondary rationale comparison,False
pair:0d31f35aa03f94802d50,68,iTE:P0454:n1,iTE:P1292:n1,related_to,两者都指 PEDOT:PSS 与 IL 之间的离子交换，但 right 以“自发性”及随后的纳米相分离为定义条件，两侧原文均未给出同义表述，只能算相关。,reject,左：离子交换；右：自发离子交换。0/1/2均离子交换一般过程，3明确自发发生，保留热力学条件。,False,independent member evidence and explicit group definitions; targeted secondary rationale comparison,False
pair:60839f49bafcae219197,55,iTE:P0456:n2,iTE:P0560:n2,related_to,两者都指导电类型由 p 向 n 的转变，但左侧是离子液体添加剂触发的复合材料切换，右侧是全固态离子热电聚合物的离子热电势 p-n 转换，体系与机制不同，只能判为相关。,reject,左：电子热电p到n转换；右：离子热电p到n转换。0/3为电子热电p到n转换，1/2是离子热电极性p到n，4特指2D空穴气到2D电子气；不能把热迁移极性当电子载流子类型。,False,independent member evidence and explicit group definitions; targeted secondary rationale comparison,False
pair:b1e6234e2eec2d42aaaf,54,iTE:P0457:n1,iTE:P0575:n1,related_to,两侧均涉及PVDF-HFP与离子液体的离子-偶极相互作用，但左侧还包含FS组分并限定为dynamic，右侧没有这些限定，不能判为等价。,reject,左：动态离子偶极作用；右：PVDF-HFP与IL离子偶极作用。0/2/4一般离子偶极作用；1明确动态且涉及IL/PVDF-HFP/FS，3特指PVDF-HFP与IL；机制同类不足以抹除动态和材料限定。,False,independent member evidence and explicit group definitions; targeted secondary rationale comparison,False
pair:8687668ebab73b0994d4,12,iTE:P0458:n1,iTE:P0561:n2,broader_than,左侧为泛指的热扩散（Soret）效应，右侧以“ionic”限定为离子体系中的 Soret 效应，是左侧的受限子类。,accept,共同定义：离子Soret热扩散。十八个成员逐一均在离子导体/电解质中指温度梯度驱动的离子扩散；3和13直接定义，10直接展开同义。11虽否定其主导作用但概念仍同一机制，不能以否定句误判不同概念。,True,independent member evidence and explicit group definitions; targeted secondary rationale comparison,False
pair:ae42e39465a840e09186,26,iTE:P0458:n2,iTE:P0629:n2,related_to,左侧泛指电极间电压，右侧是特指由热致离子极化产生的 thermovoltage，热起源这一限定使右侧更具体，非同义。,accept,共同定义：离子热电压。0/1/2/4/5/6/8/9均离子热驱动装置电压，界面/体相贡献是成因；3明确高值，7为p-n结内部电势差不能直接当端输出。,True,independent member evidence and explicit group definitions; targeted secondary rationale comparison,False
pair:fc9931fbc64f9dca91f7,0,iTE:P0461:n2,iTE:P0616:n2,broader_than,右侧“ionic thermopower”是左侧“thermopower”的一种具体类型，左侧更宽泛。,accept,共同定义：离子热扩散热电势系数。130成员及661既有建议全部逐组读取并按定义划分。thermopower/TEP/Seebeck/S通常同义，但仅在同一载流范围及测量定义下；原摘要证明P0660/P1024/P1210/P1520/P1614是红氧系数，P0595是电子SWCNT，P0547是电动学等效系数，P0804是Kelvin近似，P1676为质子加空穴的总响应。电子、离子、红氧、混合、符号幅值、加权贡献、非线性有限温差系数不可整体传递合并。节点属性及原始数值保留，未确定定义者不跨组接受。,True,independent member evidence and explicit group definitions; targeted secondary rationale comparison,False
pair:b0a133dc0ec3d19a86af,0,iTE:P0461:n2,iTE:P0696:n4,broader_than,右侧明确限定为负热电势（thermopower of -28.4 mV K-1），是 thermopower 的一个具体取值情形，左侧为未限定符号的 thermopower，故左侧更宽泛。,accept,共同定义：离子热扩散热电势系数。130成员及661既有建议全部逐组读取并按定义划分。thermopower/TEP/Seebeck/S通常同义，但仅在同一载流范围及测量定义下；原摘要证明P0660/P1024/P1210/P1520/P1614是红氧系数，P0595是电子SWCNT，P0547是电动学等效系数，P0804是Kelvin近似，P1676为质子加空穴的总响应。电子、离子、红氧、混合、符号幅值、加权贡献、非线性有限温差系数不可整体传递合并。节点属性及原始数值保留，未确定定义者不跨组接受。,True,independent member evidence and explicit group definitions; targeted secondary rationale comparison,False
pair:d133d943694695c600cc,0,iTE:P0462:n3,iTE:P0764:n4,related_to,right 的离子 Seebeck 分量是总 Seebeck 系数的组成部分（离子贡献），整体与部分属相关而非同义或上下位。,reject,左：电子Seebeck系数；右：混合导体中加权离子Seebeck贡献。130成员及661既有建议全部逐组读取并按定义划分。thermopower/TEP/Seebeck/S通常同义，但仅在同一载流范围及测量定义下；原摘要证明P0660/P1024/P1210/P1520/P1614是红氧系数，P0595是电子SWCNT，P0547是电动学等效系数，P0804是Kelvin近似，P1676为质子加空穴的总响应。电子、离子、红氧、混合、符号幅值、加权贡献、非线性有限温差系数不可整体传递合并。节点属性及原始数值保留，未确定定义者不跨组接受。,False,independent member evidence and explicit group definitions; targeted secondary rationale comparison,False
pair:045ea17628884b043722,1,iTE:P0462:n4,iTE:P0518:n4,related_to,两者都写作 conductivity，但左侧为共轭聚合物 PEDOT:PSS 的电子电导，右侧为水凝胶中依赖离子输运通道的电导，载流子机制与体系不同，只能判为相关。,reject,左：电子电导率；右：离子电导率。67成员逐一读取。完整摘要确认P0377/P0399/P0518/P1639/P1903离子导电，P0959/P1050/P1599混合导电，P1359电子极化子DC，P1964明确离子DC。电子电导、离子电导、两者总和及DC条件不互为严格同义；higher/high/enhanced状态分离。未明载流机制与分量回指保留待定。,False,independent member evidence and explicit group definitions; targeted secondary rationale comparison,False
pair:e66d44f8bc383be815d3,1,iTE:P0462:n4,iTE:P1257:n2,broader_than,left 是未加限定的电导率（conductivity），right 是被增强后的具体电导率，范围更窄，故 left 更宽泛。,reject,左：电子电导率；右：电子电导增强。67成员逐一读取。完整摘要确认P0377/P0399/P0518/P1639/P1903离子导电，P0959/P1050/P1599混合导电，P1359电子极化子DC，P1964明确离子DC。电子电导、离子电导、两者总和及DC条件不互为严格同义；higher/high/enhanced状态分离。未明载流机制与分量回指保留待定。,True,independent member evidence and explicit group definitions; targeted secondary rationale comparison,False
pair:ea302f427f974d9a8dec,1,iTE:P0462:n4,iTE:P1686:n2,related_to,左侧为 PEDOT:PSS/离子液体薄膜的电导率，右侧为掺氮样品的电导率，均属电导率量但体系与调控因素不同，仅构成相关。,accept,共同定义：电子电导率。67成员逐一读取。完整摘要确认P0377/P0399/P0518/P1639/P1903离子导电，P0959/P1050/P1599混合导电，P1359电子极化子DC，P1964明确离子DC。电子电导、离子电导、两者总和及DC条件不互为严格同义；higher/high/enhanced状态分离。未明载流机制与分量回指保留待定。,True,independent member evidence and explicit group definitions; targeted secondary rationale comparison,False
pair:04ed919622a131f22b95,1,iTE:P0462:n4,iTE:P1903:n2,related_to,两侧均写作 conductivity，但分别指PEDOT:PSS薄膜的电导提升与PNIPAM水凝胶的离子屏蔽增强电导，属不同体系的同一物理量名，缺乏同义限定，判为相关。,reject,左：电子电导率；右：离子电导率。67成员逐一读取。完整摘要确认P0377/P0399/P0518/P1639/P1903离子导电，P0959/P1050/P1599混合导电，P1359电子极化子DC，P1964明确离子DC。电子电导、离子电导、两者总和及DC条件不互为严格同义；higher/high/enhanced状态分离。未明载流机制与分量回指保留待定。,False,independent member evidence and explicit group definitions; targeted secondary rationale comparison,False
pair:8f03b92387b83c2304f1,31,iTE:P0467:n3,iTE:P0572:n2,related_to,迁移率差与扩散速率差对应不同物理量，虽同指阴阳离子输运不对称，但原文无同义表述。,reject,左：阴阳离子迁移率差；右：阴阳离子扩散速率差。1/2/3/6为阴阳离子迁移率不对称；0/5为热迁移速率差；4为扩散速率差；7进一步限定Li+/Cl-。速度或扩散率不能仅凭关联当迁移率。,False,independent member evidence and explicit group definitions; targeted secondary rationale comparison,False
pair:2d282f4af4b01ef50d20,4,iTE:P0468:n2,iTE:P1249:n2,broader_than,右侧明确限定为「总热导率」（total），是热导率的受限定表述，左侧为未限定的热导率，故左侧更宽泛。,accept,共同定义：材料总体热导率。除6/16/28外29个节点均材料总体热导率κ，total/overall为同量展开；30说明声子主导但仍总κ。16明确phonon thermal conductivity是分量；6明确large高值；28为晶界局部热导属性，不能直接当均匀体相热导率。,True,independent member evidence and explicit group definitions; targeted secondary rationale comparison,False
pair:38a78a53e41c61695169,4,iTE:P0468:n2,iTE:P1296:n2,related_to,两侧同属热导率这一物理量类型，但左侧是聚吡咯复合材料的整体热导率，右侧被限定为Ca3Co4O9的 overall 热导率，原文未给出二者同义的表述，仅为同一物理量的相关实例。,accept,共同定义：材料总体热导率。除6/16/28外29个节点均材料总体热导率κ，total/overall为同量展开；30说明声子主导但仍总κ。16明确phonon thermal conductivity是分量；6明确large高值；28为晶界局部热导属性，不能直接当均匀体相热导率。,True,independent member evidence and explicit group definitions; targeted secondary rationale comparison,False
pair:3514ebe333da98b63432,13,iTE:P0471:n2,iTE:P0484:n2,broader_than,左侧泛指电荷载流子迁移率，右侧限定为电子电荷迁移率，后者是前者的具体类型。,accept,共同定义：电子载流子迁移率。0/1/2/3/4/6/12/13/15/16为通常电子载流子迁移率；5/10/11为高值；7相对较高；8明确增强的Hall迁移率；9为电子比空穴更好；14为OECT提取的器件有效迁移率，不能用同词跨定义闭包。,True,independent member evidence and explicit group definitions; targeted secondary rationale comparison,False
pair:28f92bdd4d59a9f46f81,1,iTE:P0471:n3,iTE:P1013:n1,broader_than,左侧为一般电导率概念，右侧是带“higher”比较限定、针对 SnSe 薄膜的电导率，属于受限定的更具体表达。,reject,左：电子电导率；右：较高电子电导率。67成员逐一读取。完整摘要确认P0377/P0399/P0518/P1639/P1903离子导电，P0959/P1050/P1599混合导电，P1359电子极化子DC，P1964明确离子DC。电子电导、离子电导、两者总和及DC条件不互为严格同义；higher/high/enhanced状态分离。未明载流机制与分量回指保留待定。,True,independent member evidence and explicit group definitions; targeted secondary rationale comparison,False
pair:1d4d15652c4dbee2bc51,1,iTE:P0471:n3,iTE:P1257:n2,broader_than,右侧是被“enhanced”限定的电导率状态（IS-A 电导率），左侧为不带限定的通用电导率量，故左侧更宽泛。,reject,左：电子电导率；右：电子电导增强。67成员逐一读取。完整摘要确认P0377/P0399/P0518/P1639/P1903离子导电，P0959/P1050/P1599混合导电，P1359电子极化子DC，P1964明确离子DC。电子电导、离子电导、两者总和及DC条件不互为严格同义；higher/high/enhanced状态分离。未明载流机制与分量回指保留待定。,True,independent member evidence and explicit group definitions; targeted secondary rationale comparison,False
pair:21a433f273c8bfa3dc9e,1,iTE:P0471:n3,iTE:P1813:n2,broader_than,左侧为通用的电导率量，右侧限定为“高电导率”，范围更窄，属左侧的下位。,reject,左：电子电导率；右：高电子电导率。67成员逐一读取。完整摘要确认P0377/P0399/P0518/P1639/P1903离子导电，P0959/P1050/P1599混合导电，P1359电子极化子DC，P1964明确离子DC。电子电导、离子电导、两者总和及DC条件不互为严格同义；higher/high/enhanced状态分离。未明载流机制与分量回指保留待定。,True,independent member evidence and explicit group definitions; targeted secondary rationale comparison,False
pair:cc7011d077d4e5690f07,1,iTE:P0471:n3,iTE:P1964:n2,broader_than,left 泛指 electrical conductivity，right 特指 DC conductivities（直流电导率），DC 电导率是电导率的受限子类，因此 left 更宽泛。,reject,左：电子电导率；右：离子直流电导率。67成员逐一读取。完整摘要确认P0377/P0399/P0518/P1639/P1903离子导电，P0959/P1050/P1599混合导电，P1359电子极化子DC，P1964明确离子DC。电子电导、离子电导、两者总和及DC条件不互为严格同义；higher/high/enhanced状态分离。未明载流机制与分量回指保留待定。,True,independent member evidence and explicit group definitions; targeted secondary rationale comparison,False
pair:55505d23890cf2d06862,57,iTE:P0477:n2,iTE:P1449:n3,broader_than,左侧是泛指的可拉伸性，右侧限定为薄膜体系并以裂纹起始应变度量，是受限定的更具体概念。,reject,左：可拉伸性；右：薄膜裂纹起始拉伸性。0/1/2/4一般拉伸能力/最大拉伸应变；3明确以裂纹起始应变衡量，不等同极限延伸率。,True,independent member evidence and explicit group definitions; targeted secondary rationale comparison,False
pair:dc234007ab607dec4bfb,7,iTE:P0478:n3,iTE:P0502:n2,narrower_than,同为功率因子量，左侧 'maximum power factor' 是加了最大限定的峰值取值，属于功率因子的受限子概念。,reject,左：最大功率因子；右：离子功率因子。2明确PF=alpha²sigma支持电子PF共同定义；0/3/13为离子PF，4混合地聚物、10混合凝胶PF未分离载流贡献；1最大值，15/24/25为增强事件，不并入普通PF。,True,independent member evidence and explicit group definitions; targeted secondary rationale comparison,False
pair:fc43cbd36e09f864609f,7,iTE:P0478:n3,iTE:P0515:n2,narrower_than,右侧 TE power factor 是泛指的性能量，左侧为其中取最大值的受限情形，故 left 更具体。,reject,左：最大功率因子；右：混合地聚物功率因子。2明确PF=alpha²sigma支持电子PF共同定义；0/3/13为离子PF，4混合地聚物、10混合凝胶PF未分离载流贡献；1最大值，15/24/25为增强事件，不并入普通PF。,True,independent member evidence and explicit group definitions; targeted secondary rationale comparison,False
pair:f2398fb2dc488d880fd0,7,iTE:P0478:n3,iTE:P0562:n2,narrower_than,左侧限定为功率因子的最大值（maximum），是右侧一般功率因子在“取极大”条件下的受限概念，语义范围更窄。,reject,左：最大功率因子；右：电子功率因子。2明确PF=alpha²sigma支持电子PF共同定义；0/3/13为离子PF，4混合地聚物、10混合凝胶PF未分离载流贡献；1最大值，15/24/25为增强事件，不并入普通PF。,True,independent member evidence and explicit group definitions; targeted secondary rationale comparison,False
pair:640196ce8c6893852b0c,7,iTE:P0478:n3,iTE:P0582:n3,narrower_than,左侧为具体达到的最大功率因子取值，是功率因子的受限/极限取值概念，属于右侧一般功率因子的更具体形式。,reject,左：最大功率因子；右：电子功率因子。2明确PF=alpha²sigma支持电子PF共同定义；0/3/13为离子PF，4混合地聚物、10混合凝胶PF未分离载流贡献；1最大值，15/24/25为增强事件，不并入普通PF。,True,independent member evidence and explicit group definitions; targeted secondary rationale comparison,False
pair:a8f4b479cc207584ec3d,7,iTE:P0478:n3,iTE:P0628:n4,narrower_than,两者为同一物理量（热功率因子，单位一致），但左侧带 'maximum' 限定，指该量的峰值取值，是受限定的更具体表述。,reject,左：最大功率因子；右：电子功率因子。2明确PF=alpha²sigma支持电子PF共同定义；0/3/13为离子PF，4混合地聚物、10混合凝胶PF未分离载流贡献；1最大值，15/24/25为增强事件，不并入普通PF。,True,independent member evidence and explicit group definitions; targeted secondary rationale comparison,False
pair:dc742884ca1cfe2864fd,7,iTE:P0478:n3,iTE:P0674:n2,narrower_than,左侧 maximum power factor 是功率因子在特定条件下取得的极大值，是右侧泛指 power factors 的受限定的更具体概念。,reject,左：最大功率因子；右：电子功率因子。2明确PF=alpha²sigma支持电子PF共同定义；0/3/13为离子PF，4混合地聚物、10混合凝胶PF未分离载流贡献；1最大值，15/24/25为增强事件，不并入普通PF。,True,independent member evidence and explicit group definitions; targeted secondary rationale comparison,False
pair:093b2fe5ba37b2c62f2d,7,iTE:P0478:n3,iTE:P0738:n2,narrower_than,左侧为功率因子的最大值，右侧为功率因子的一般取值，左侧是右侧加了“maximum”限定的更具体概念。,reject,左：最大功率因子；右：混合凝胶功率因子。2明确PF=alpha²sigma支持电子PF共同定义；0/3/13为离子PF，4混合地聚物、10混合凝胶PF未分离载流贡献；1最大值，15/24/25为增强事件，不并入普通PF。,True,independent member evidence and explicit group definitions; targeted secondary rationale comparison,False
pair:c52741b779fa34f2034a,7,iTE:P0478:n3,iTE:P0779:n2,narrower_than,右侧即热电功率因子（PF）本身，左侧是其最大值形式，属加限定后的更窄概念，而非同一语义范围。,reject,左：最大功率因子；右：电子功率因子。2明确PF=alpha²sigma支持电子PF共同定义；0/3/13为离子PF，4混合地聚物、10混合凝胶PF未分离载流贡献；1最大值，15/24/25为增强事件，不并入普通PF。,True,independent member evidence and explicit group definitions; targeted secondary rationale comparison,False
pair:70bafb2586937c4db931,7,iTE:P0478:n3,iTE:P1510:n2,narrower_than,两者同指 power factor，left 加了 maximum 限定，是该量的最大值特定形式，属受限概念。,reject,左：最大功率因子；右：电子功率因子。2明确PF=alpha²sigma支持电子PF共同定义；0/3/13为离子PF，4混合地聚物、10混合凝胶PF未分离载流贡献；1最大值，15/24/25为增强事件，不并入普通PF。,True,independent member evidence and explicit group definitions; targeted secondary rationale comparison,False
pair:f675d294665d5c2939fa,7,iTE:P0478:n3,iTE:P1876:n2,related_to,左侧是功率因子的极大值（数值量），右侧是功率因子提升这一变化，同为功率因子相关但语义角色不同，非等价。,reject,左：最大功率因子；右：功率因子增强。2明确PF=alpha²sigma支持电子PF共同定义；0/3/13为离子PF，4混合地聚物、10混合凝胶PF未分离载流贡献；1最大值，15/24/25为增强事件，不并入普通PF。,False,independent member evidence and explicit group definitions; targeted secondary rationale comparison,False
pair:03b8a510ff8b9de3b95c,12,iTE:P0479:n2,iTE:P0519:n1,broader_than,左侧为一般性的 Soret 效应，右侧限定为离子的 Soret 效应，是左侧的更具体种类，故左侧更宽泛。,accept,共同定义：离子Soret热扩散。十八个成员逐一均在离子导体/电解质中指温度梯度驱动的离子扩散；3和13直接定义，10直接展开同义。11虽否定其主导作用但概念仍同一机制，不能以否定句误判不同概念。,True,independent member evidence and explicit group definitions; targeted secondary rationale comparison,False
pair:73e77b82d0fc23be3fba,12,iTE:P0479:n2,iTE:P0561:n2,broader_than,left 为未限定的通用 Soret 效应，right 限定为离子体系的 Soret 效应，是 left 的更具体种类。,accept,共同定义：离子Soret热扩散。十八个成员逐一均在离子导体/电解质中指温度梯度驱动的离子扩散；3和13直接定义，10直接展开同义。11虽否定其主导作用但概念仍同一机制，不能以否定句误判不同概念。,True,independent member evidence and explicit group definitions; targeted secondary rationale comparison,False
pair:f45a45e511b4cadf32ae,2,iTE:P0480:n2,iTE:P0675:n2,related_to,两侧分别用“thermoelectric properties”与“thermoelectric performance”，前者指性质集合（Seebeck、电导、功率因子、ZT），后者指综合性能，语义相关但未给出同义表达，属 related_to。,uncertain,左：混合水泥热电性质；右：电子热电整体性能。38成员中properties为性质集合、performance为综合评价，不能默认互换；载流机制和指标范围又不一致。对明确定义同一层级的子组接受；跨层级缺少评价函数，保留uncertain，高/最高等明确限定另拒绝。P0687摘要表明14实际以Seebeck为预测目标，P1454为CuI电子热电纺织品。,False,independent member evidence and explicit group definitions; targeted secondary rationale comparison,False
pair:f76a23693a649d96e6da,2,iTE:P0480:n2,iTE:P0882:n2,related_to,左侧是材料的热电性质，右侧是（被增强的）热电性能/效能，二者语义相关但范围与抽象层级不同，原文无同义表述。,uncertain,左：混合水泥热电性质；右：离子热电整体性能。38成员中properties为性质集合、performance为综合评价，不能默认互换；载流机制和指标范围又不一致。对明确定义同一层级的子组接受；跨层级缺少评价函数，保留uncertain，高/最高等明确限定另拒绝。P0687摘要表明14实际以Seebeck为预测目标，P1454为CuI电子热电纺织品。,False,independent member evidence and explicit group definitions; targeted secondary rationale comparison,False
pair:a14ab0ff48780f23e841,2,iTE:P0480:n2,iTE:P1180:n2,related_to,两侧都指材料的热电性能（均以 Seebeck 系数等表征），但左侧为泛指的“thermoelectric properties”，右侧限定为“thermoelectric conversion properties”，原文未给出同义表述，故属相关而非等价。,uncertain,左：混合水泥热电性质；右：离子热电性质集合。38成员中properties为性质集合、performance为综合评价，不能默认互换；载流机制和指标范围又不一致。对明确定义同一层级的子组接受；跨层级缺少评价函数，保留uncertain，高/最高等明确限定另拒绝。P0687摘要表明14实际以Seebeck为预测目标，P1454为CuI电子热电纺织品。,False,independent member evidence and explicit group definitions; targeted secondary rationale comparison,False
pair:9d6e19c92b542483f413,22,iTE:P0481:n3,iTE:P0512:n3,related_to,左侧特指热电电压响应为 n 型，右侧泛指薄膜的 n 型特性，范围与限定不同，不能认定为同义。,accept,共同定义：离子负热电响应。0/1/2/3/4为离子迁移或界面极化造成负热电响应，完整摘要核实2/3/4；5/6/7/8/9/10为电子为主的半导体n型导电，不可因n-type同名合并。,True,independent member evidence and explicit group definitions; targeted secondary rationale comparison,False
pair:3256c227d68fd8e5f6cc,22,iTE:P0481:n3,iTE:P0711:n2,related_to,left 是界面极化导致的 n 型热电电压响应，right 是还原气氛下的 n 型导电，同为 n 型载流子相关但测量对象与机制不同。,reject,左：离子负热电响应；右：电子n型导电。0/1/2/3/4为离子迁移或界面极化造成负热电响应，完整摘要核实2/3/4；5/6/7/8/9/10为电子为主的半导体n型导电，不可因n-type同名合并。,False,independent member evidence and explicit group definitions; targeted secondary rationale comparison,False
pair:5f4ff7357094eb44d0ae,22,iTE:P0481:n3,iTE:P1215:n2,related_to,左侧为n型TE响应，右侧为n型输运，响应与过程不同，仅相关。,reject,左：离子负热电响应；右：电子n型导电。0/1/2/3/4为离子迁移或界面极化造成负热电响应，完整摘要核实2/3/4；5/6/7/8/9/10为电子为主的半导体n型导电，不可因n-type同名合并。,False,independent member evidence and explicit group definitions; targeted secondary rationale comparison,False
pair:a6d6d6a2d5ee90ba4e34,22,iTE:P0481:n3,iTE:P1530:n2,related_to,两者同为 n 型但对象不同：左侧是界面极化导致的 n 型热电（电压）响应，右侧是 Mg2Si 中的 n 型导电行为。,reject,左：离子负热电响应；右：电子n型导电。0/1/2/3/4为离子迁移或界面极化造成负热电响应，完整摘要核实2/3/4；5/6/7/8/9/10为电子为主的半导体n型导电，不可因n-type同名合并。,False,independent member evidence and explicit group definitions; targeted secondary rationale comparison,False
pair:d514acb39429ab9e8b10,13,iTE:P0484:n2,iTE:P1354:n2,narrower_than,left 明确限定为 electronic charge 的迁移率，right 仅泛言 mobility，未限定载流子类型，left 是 right 的更具体种类。,accept,共同定义：电子载流子迁移率。0/1/2/3/4/6/12/13/15/16为通常电子载流子迁移率；5/10/11为高值；7相对较高；8明确增强的Hall迁移率；9为电子比空穴更好；14为OECT提取的器件有效迁移率，不能用同词跨定义闭包。,True,independent member evidence and explicit group definitions; targeted secondary rationale comparison,False
pair:d343e31aa4ded5f2d80c,13,iTE:P0484:n2,iTE:P1528:n2,narrower_than,左侧限定为“电子”电荷迁移率，右侧为未限定载流子类型的普适 charge mobility，左侧是右侧的受限子类。,reject,左：电子载流子迁移率；右：OECT器件有效迁移率。0/1/2/3/4/6/12/13/15/16为通常电子载流子迁移率；5/10/11为高值；7相对较高；8明确增强的Hall迁移率；9为电子比空穴更好；14为OECT提取的器件有效迁移率，不能用同词跨定义闭包。,True,independent member evidence and explicit group definitions; targeted secondary rationale comparison,False
pair:d863d2bc991a0941c978,7,iTE:P0484:n3,iTE:P1823:n2,related_to,左侧给出 PF=α²σ 的量值定义，右侧强调该量的提升，属同一性能量的不同表述侧重，判为相关。,reject,左：电子功率因子；右：功率因子增强。2明确PF=alpha²sigma支持电子PF共同定义；0/3/13为离子PF，4混合地聚物、10混合凝胶PF未分离载流贡献；1最大值，15/24/25为增强事件，不并入普通PF。,False,independent member evidence and explicit group definitions; targeted secondary rationale comparison,False
pair:3a101c189726ddc185fc,2,iTE:P0486:n3,iTE:P1180:n2,related_to,两侧都涉及热电性能，但右侧特指以Seebeck系数表征的热电转换性能，左侧为泛指的热电性能异常，证据不足以判定语义范围完全相同。,uncertain,左：电子热电性质集合；右：离子热电性质集合。38成员中properties为性质集合、performance为综合评价，不能默认互换；载流机制和指标范围又不一致。对明确定义同一层级的子组接受；跨层级缺少评价函数，保留uncertain，高/最高等明确限定另拒绝。P0687摘要表明14实际以Seebeck为预测目标，P1454为CuI电子热电纺织品。,False,independent member evidence and explicit group definitions; targeted secondary rationale comparison,False
pair:80374921864c5fd89afa,118,iTE:P0490:n2,iTE:P1500:n3,related_to,left 指增加的有序结构，right 指高度结构有序，均涉及结构有序，但一个强调增加/有序结构，一个强调高度有序，语义相关但不完全等同。,reject,左：有序性增加；右：高有序性。0/1均有序性相对改善，2为高有序状态，不保证经历同一增加过程。,False,independent member evidence and explicit group definitions; targeted secondary rationale comparison,False
pair:3309a260d24ec2c3a265,84,iTE:P0490:n3,iTE:P0536:n3,related_to,两侧都并提热电与力学性能，但限定词与指称不同（thermoelectric and mechanical performances 对 mechanical properties and ultrahigh thermoelectric performances），无明示同义表达，故不作等价。,reject,左：热电与力学性能；右：力学性质与超高热电性能。0/2一般组合性能，1两个性能均高，3力学性质加超高热电性能，程度条件不同。,False,independent member evidence and explicit group definitions; targeted secondary rationale comparison,False
pair:4c3fba0d46ea36867f31,4,iTE:P0491:n2,iTE:P1296:n2,related_to,左侧泛称材料热导率，右侧限定为“overall”总热导率（CoO2与RS两层合计），范围表述不同，原文无同义替换证据。,accept,共同定义：材料总体热导率。除6/16/28外29个节点均材料总体热导率κ，total/overall为同量展开；30说明声子主导但仍总κ。16明确phonon thermal conductivity是分量；6明确large高值；28为晶界局部热导属性，不能直接当均匀体相热导率。,True,independent member evidence and explicit group definitions; targeted secondary rationale comparison,False
pair:06422c118500e2afd5b0,4,iTE:P0491:n2,iTE:P1658:n3,broader_than,左侧是笼统的热导率，右侧明确限定为总（各贡献之和）热导率，属更具体种类，方向为左侧更宽。,accept,共同定义：材料总体热导率。除6/16/28外29个节点均材料总体热导率κ，total/overall为同量展开；30说明声子主导但仍总κ。16明确phonon thermal conductivity是分量；6明确large高值；28为晶界局部热导属性，不能直接当均匀体相热导率。,True,independent member evidence and explicit group definitions; targeted secondary rationale comparison,False
pair:73a672271ad15e179036,12,iTE:P0494:n1,iTE:P0519:n1,broader_than,左侧为未限定载流子种类的泛称 Soret effect，右侧限定为离子的 Soret 效应，是前者的具体受限情形。,accept,共同定义：离子Soret热扩散。十八个成员逐一均在离子导体/电解质中指温度梯度驱动的离子扩散；3和13直接定义，10直接展开同义。11虽否定其主导作用但概念仍同一机制，不能以否定句误判不同概念。,True,independent member evidence and explicit group definitions; targeted secondary rationale comparison,False
pair:01846ccbbdf5e3cb3412,12,iTE:P0494:n1,iTE:P0561:n2,broader_than,左侧为未限定的泛称 Soret effect，右侧为限定为离子型（ionic）的 Soret 效应，后者是前者的受限具体概念。,accept,共同定义：离子Soret热扩散。十八个成员逐一均在离子导体/电解质中指温度梯度驱动的离子扩散；3和13直接定义，10直接展开同义。11虽否定其主导作用但概念仍同一机制，不能以否定句误判不同概念。,True,independent member evidence and explicit group definitions; targeted secondary rationale comparison,False
pair:ab5314cb8b26cbf465b1,12,iTE:P0494:n1,iTE:P1029:n2,broader_than,left 是泛指的 Soret effect，right 特指离子在温度梯度下的 Soret 效应，left 更宽泛。,accept,共同定义：离子Soret热扩散。十八个成员逐一均在离子导体/电解质中指温度梯度驱动的离子扩散；3和13直接定义，10直接展开同义。11虽否定其主导作用但概念仍同一机制，不能以否定句误判不同概念。,True,independent member evidence and explicit group definitions; targeted secondary rationale comparison,False
pair:90e9d98bb029cb085dc3,5,iTE:P0494:n3,iTE:P0750:n3,related_to,两侧虽同称 zT/ZT 优值，但左侧是离子凝胶中基于 Soret 效应与热膨胀效应的（离子）无量纲优值，右侧是掺杂半导体中抑制双极输运获得的传统热电 zT，物理定义与体系不同，仅语义相关。,reject,左：离子热电ZT；右：电子热电无量纲ZT。一般电子材料ZT=热电优值同义缩写；0为离子电解质ZT，12为液体红氧转换ZT；2限定高温，10限定接近1，16/22限定高ZT，23原文为自旋分辨ZT。不能把性能同类当同定义。,False,independent member evidence and explicit group definitions; targeted secondary rationale comparison,False
pair:1dbc0753d5597bf14ffc,31,iTE:P0497:n5,iTE:P0572:n2,related_to,迁移率与扩散速率经爱因斯坦关系相联系，但属不同的物理量，原文未给出二者同义的表述。,reject,左：阴阳离子迁移率差；右：阴阳离子扩散速率差。1/2/3/6为阴阳离子迁移率不对称；0/5为热迁移速率差；4为扩散速率差；7进一步限定Li+/Cl-。速度或扩散率不能仅凭关联当迁移率。,False,independent member evidence and explicit group definitions; targeted secondary rationale comparison,False
pair:b0b19b15c2dd2bc8089b,31,iTE:P0497:n5,iTE:P0579:n2,related_to,左侧为迁移率（mobility）之差，右侧为迁移速率（migration rate）之差，对象相近但物理量不同，属相关而非等价。,reject,左：阴阳离子迁移率差；右：阴阳离子热迁移速率差。1/2/3/6为阴阳离子迁移率不对称；0/5为热迁移速率差；4为扩散速率差；7进一步限定Li+/Cl-。速度或扩散率不能仅凭关联当迁移率。,False,independent member evidence and explicit group definitions; targeted secondary rationale comparison,False
pair:89be56bcdd948dfa2680,7,iTE:P0502:n2,iTE:P1823:n2,related_to,左侧是功率因子数值，右侧带“enhanced”限定表示相对提升，二者共享物理量但附加了变化/比较限定，不构成同义。,reject,左：离子功率因子；右：功率因子增强。2明确PF=alpha²sigma支持电子PF共同定义；0/3/13为离子PF，4混合地聚物、10混合凝胶PF未分离载流贡献；1最大值，15/24/25为增强事件，不并入普通PF。,False,independent member evidence and explicit group definitions; targeted secondary rationale comparison,False
pair:4e077050771be56c5d46,7,iTE:P0502:n2,iTE:P1876:n2,related_to,左侧给出功率因子的具体数值，右侧描述功率因子的提升，属同一物理量的值与其变化量，非同一概念。,reject,左：离子功率因子；右：功率因子增强。2明确PF=alpha²sigma支持电子PF共同定义；0/3/13为离子PF，4混合地聚物、10混合凝胶PF未分离载流贡献；1最大值，15/24/25为增强事件，不并入普通PF。,False,independent member evidence and explicit group definitions; targeted secondary rationale comparison,False
pair:8e46c852d135d6944fa9,0,iTE:P0503:n2,iTE:P0553:n3,narrower_than,左侧明确限定为“ionic”热电势（离子贡献），右侧泛指 thermopower，前者的限定条件使其成为更具体的概念。,accept,共同定义：离子热扩散热电势系数。130成员及661既有建议全部逐组读取并按定义划分。thermopower/TEP/Seebeck/S通常同义，但仅在同一载流范围及测量定义下；原摘要证明P0660/P1024/P1210/P1520/P1614是红氧系数，P0595是电子SWCNT，P0547是电动学等效系数，P0804是Kelvin近似，P1676为质子加空穴的总响应。电子、离子、红氧、混合、符号幅值、加权贡献、非线性有限温差系数不可整体传递合并。节点属性及原始数值保留，未确定定义者不跨组接受。,True,independent member evidence and explicit group definitions; targeted secondary rationale comparison,False
pair:f77e596a6921c32d5978,0,iTE:P0503:n2,iTE:P0683:n3,narrower_than,左侧为离子热电势这一受限概念，右侧节点为泛称 thermopower，构成其受限子类。,accept,共同定义：离子热扩散热电势系数。130成员及661既有建议全部逐组读取并按定义划分。thermopower/TEP/Seebeck/S通常同义，但仅在同一载流范围及测量定义下；原摘要证明P0660/P1024/P1210/P1520/P1614是红氧系数，P0595是电子SWCNT，P0547是电动学等效系数，P0804是Kelvin近似，P1676为质子加空穴的总响应。电子、离子、红氧、混合、符号幅值、加权贡献、非线性有限温差系数不可整体传递合并。节点属性及原始数值保留，未确定定义者不跨组接受。,True,independent member evidence and explicit group definitions; targeted secondary rationale comparison,False
pair:5be390400b3d36a5901d,0,iTE:P0503:n2,iTE:P0696:n4,narrower_than,左侧限定为离子热电势（离子迁移贡献），右侧节点标签为泛称 thermopower，左侧更具体。,accept,共同定义：离子热扩散热电势系数。130成员及661既有建议全部逐组读取并按定义划分。thermopower/TEP/Seebeck/S通常同义，但仅在同一载流范围及测量定义下；原摘要证明P0660/P1024/P1210/P1520/P1614是红氧系数，P0595是电子SWCNT，P0547是电动学等效系数，P0804是Kelvin近似，P1676为质子加空穴的总响应。电子、离子、红氧、混合、符号幅值、加权贡献、非线性有限温差系数不可整体传递合并。节点属性及原始数值保留，未确定定义者不跨组接受。,True,independent member evidence and explicit group definitions; targeted secondary rationale comparison,False
pair:677c9912c4d35c475192,8,iTE:P0503:n3,iTE:P1557:n2,broader_than,两侧均为离子电导这一物理量，但右侧被限定为特定材料 SPE 的离子电导，是左侧一般离子电导的具体受限情形。,reject,左：离子电导率；右：固体聚合物电解质电导率。除12/23外各成员均一般离子电导率，包括被否定存在的21/24仍是该物理量；12明确ionogel、23明确SPE材料限定，不删除这些范围。,True,independent member evidence and explicit group definitions; targeted secondary rationale comparison,False
pair:d0990f3bbc9a8f0c4ed7,0,iTE:P0506:n2,iTE:P0542:n2,distinct_from,左侧为正值 9.31 mV/K，右侧为负值 -3.72 mV/K，正负号相反，不属同一符号概念。,accept,共同定义：离子热扩散热电势系数。130成员及661既有建议全部逐组读取并按定义划分。thermopower/TEP/Seebeck/S通常同义，但仅在同一载流范围及测量定义下；原摘要证明P0660/P1024/P1210/P1520/P1614是红氧系数，P0595是电子SWCNT，P0547是电动学等效系数，P0804是Kelvin近似，P1676为质子加空穴的总响应。电子、离子、红氧、混合、符号幅值、加权贡献、非线性有限温差系数不可整体传递合并。节点属性及原始数值保留，未确定定义者不跨组接受。,True,independent member evidence and explicit group definitions; targeted secondary rationale comparison,False
pair:15a32e9cbbeba1cfb237,0,iTE:P0506:n2,iTE:P1197:n2,related_to,两侧分别为水凝胶与 SnSe-Cu-O 薄膜的 Seebeck 系数，材料与数值不同，属同一物理量的不同实例。,reject,左：离子热扩散热电势系数；右：电子Seebeck系数。130成员及661既有建议全部逐组读取并按定义划分。thermopower/TEP/Seebeck/S通常同义，但仅在同一载流范围及测量定义下；原摘要证明P0660/P1024/P1210/P1520/P1614是红氧系数，P0595是电子SWCNT，P0547是电动学等效系数，P0804是Kelvin近似，P1676为质子加空穴的总响应。电子、离子、红氧、混合、符号幅值、加权贡献、非线性有限温差系数不可整体传递合并。节点属性及原始数值保留，未确定定义者不跨组接受。,False,independent member evidence and explicit group definitions; targeted secondary rationale comparison,False
pair:0cb782c5e5a19e776882,0,iTE:P0506:n2,iTE:P1347:n2,related_to,左侧为 CPG-L2 水凝胶的 9.31 mV/K，右侧为 P(EDT-E5-EDT) 薄膜的 35.9 μV/K，材料与量值均不同，仅共享 Seebeck 系数这一物理量。,reject,左：离子热扩散热电势系数；右：电子Seebeck系数。130成员及661既有建议全部逐组读取并按定义划分。thermopower/TEP/Seebeck/S通常同义，但仅在同一载流范围及测量定义下；原摘要证明P0660/P1024/P1210/P1520/P1614是红氧系数，P0595是电子SWCNT，P0547是电动学等效系数，P0804是Kelvin近似，P1676为质子加空穴的总响应。电子、离子、红氧、混合、符号幅值、加权贡献、非线性有限温差系数不可整体传递合并。节点属性及原始数值保留，未确定定义者不跨组接受。,False,independent member evidence and explicit group definitions; targeted secondary rationale comparison,False
pair:76d4fa4d9f869ca5462d,34,iTE:P0507:n2,iTE:P0642:n2,related_to,两者都是输出功率类性能量，但对象分别是发电机与单臂热电腿、条件与量纲不同，无同义表述支持等价。,reject,左：输出功率；右：面积输出功率密度。0/4/5/7为W/m²面积功率，4虽名output power但单位纠正其量纲；1/2/6为再除温差平方的功率密度；3为总输出功率。不能跨量纲合并。,False,independent member evidence and explicit group definitions; targeted secondary rationale comparison,False
pair:1cf70d72110e80fa404c,34,iTE:P0507:n2,iTE:P1356:n2,related_to,左侧为发电机输出功率，右侧为水凝胶器件的面积热电输出功率；均为输出功率但限定条件与对象不同，不能等价。,reject,左：输出功率；右：面积输出功率密度。0/4/5/7为W/m²面积功率，4虽名output power但单位纠正其量纲；1/2/6为再除温差平方的功率密度；3为总输出功率。不能跨量纲合并。,False,independent member evidence and explicit group definitions; targeted secondary rationale comparison,False
pair:542eb2244a8cdb1b632e,34,iTE:P0507:n2,iTE:P1730:n3,related_to,左侧为器件总输出功率，右侧为按面积归一的输出功率密度（W m⁻²），量纲与定义不同，仅相关而非等价。,reject,左：输出功率；右：面积输出功率密度。0/4/5/7为W/m²面积功率，4虽名output power但单位纠正其量纲；1/2/6为再除温差平方的功率密度；3为总输出功率。不能跨量纲合并。,False,independent member evidence and explicit group definitions; targeted secondary rationale comparison,False
pair:a318abed44a466dde649,24,iTE:P0508:n1,iTE:P0815:n1,related_to,两侧都是用于热电体系的离子液体，但左侧以化学掺杂剂角色赋予聚苯胺 n 型导电性，右侧以纺丝添加剂角色改善电学与力学性能，角色与语境不同，不能判为等价。,uncertain,左：ionic liquid；右：ionic liquid additives。完整摘要证实0=EMIM:TFSI、1=MMIM:DCA、3=EMIM乙基硫酸盐、9=EMIM:TCB；2还比较EMIM/Li TFSI，其他未给明确化学身份。不能把所有IL短称当同一材料。已知不同物种逐对拒绝，其余保留待定。,False,independent member evidence and explicit group definitions; targeted secondary rationale comparison,False
pair:a1326bd371884670966f,22,iTE:P0512:n3,iTE:P0711:n2,related_to,左侧是对薄膜 n 型特性的功能性描述，右侧是具体的 n 型导电机理，二者相关但概念范围与所指对象（柔性薄膜 vs 氧化物陶瓷）不同。,reject,左：离子负热电响应；右：电子n型导电。0/1/2/3/4为离子迁移或界面极化造成负热电响应，完整摘要核实2/3/4；5/6/7/8/9/10为电子为主的半导体n型导电，不可因n-type同名合并。,False,independent member evidence and explicit group definitions; targeted secondary rationale comparison,False
pair:d2b0684dafbbe8467c41,22,iTE:P0512:n3,iTE:P1215:n2,related_to,两侧都指材料的 n 型导电行为，但左侧是薄膜的泛指“n-type characteristics”（与拉伸、自愈特性并列），右侧明确限定为化合物的载流子输运，范围与所指不完全等同。,reject,左：离子负热电响应；右：电子n型导电。0/1/2/3/4为离子迁移或界面极化造成负热电响应，完整摘要核实2/3/4；5/6/7/8/9/10为电子为主的半导体n型导电，不可因n-type同名合并。,False,independent member evidence and explicit group definitions; targeted secondary rationale comparison,False
pair:e11e23235710099c8a53,22,iTE:P0512:n3,iTE:P1530:n2,related_to,二者同为 n 型极性描述，但 left 是离子薄膜的 n 型特性，right 是无机半导体中由间隙 Mg 引起的 n 型电子导电，机制与载体类型不同。,reject,左：离子负热电响应；右：电子n型导电。0/1/2/3/4为离子迁移或界面极化造成负热电响应，完整摘要核实2/3/4；5/6/7/8/9/10为电子为主的半导体n型导电，不可因n-type同名合并。,False,independent member evidence and explicit group definitions; targeted secondary rationale comparison,False
pair:4ff0be36cceb15a45bf2,22,iTE:P0512:n3,iTE:P1558:n2,related_to,左侧是笼统的n型特性描述，右侧是明确的n型电导，二者指同一导电类型的相关表述但范围不同，非严格同义。,reject,左：离子负热电响应；右：电子n型导电。0/1/2/3/4为离子迁移或界面极化造成负热电响应，完整摘要核实2/3/4；5/6/7/8/9/10为电子为主的半导体n型导电，不可因n-type同名合并。,False,independent member evidence and explicit group definitions; targeted secondary rationale comparison,False
pair:c3b96d4ed9b1d2bcbdf6,22,iTE:P0512:n3,iTE:P1578:n2,related_to,左侧为材料表现出的n型特性（宽泛的导电类型描述），右侧为具体n型导电机制，两者语义范围与限定不同，不能判为同义。,reject,左：离子负热电响应；右：电子n型导电。0/1/2/3/4为离子迁移或界面极化造成负热电响应，完整摘要核实2/3/4；5/6/7/8/9/10为电子为主的半导体n型导电，不可因n-type同名合并。,False,independent member evidence and explicit group definitions; targeted secondary rationale comparison,False
pair:16b6b4ac04c64bc963ee,33,iTE:P0513:n2,iTE:P0712:n2,narrower_than,左侧是限定在CaGeO3的Ge-O键这一具体对象上的同种键性描述，右侧是InSb中的一般性“离子与共价混合特征”，左侧更具体。,reject,左：Ge-O混合离子共价键合；右：混合离子共价键合。1/2/3/4/5/6/7均键合同时含离子/共价特性的一般类别；0明确Ge-O键限定，不与所有混合键合无条件合并。,True,independent member evidence and explicit group definitions; targeted secondary rationale comparison,False
pair:e3aaf230615f4a900e5f,33,iTE:P0513:n2,iTE:P0933:n1,narrower_than,左侧限定于 Ge-O linkages 的混合离子-共价键，是右侧一般混合离子-共价键的具体实例。,reject,左：Ge-O混合离子共价键合；右：混合离子共价键合。1/2/3/4/5/6/7均键合同时含离子/共价特性的一般类别；0明确Ge-O键限定，不与所有混合键合无条件合并。,True,independent member evidence and explicit group definitions; targeted secondary rationale comparison,False
pair:fd86a62032a016a87924,33,iTE:P0513:n2,iTE:P1058:n2,narrower_than,左侧是特定于 Ge-O linkages 的混合离子-共价键，右侧是 PbTe 中一般的混合离子和共价特征，左侧更具体。,reject,左：Ge-O混合离子共价键合；右：混合离子共价键合。1/2/3/4/5/6/7均键合同时含离子/共价特性的一般类别；0明确Ge-O键限定，不与所有混合键合无条件合并。,True,independent member evidence and explicit group definitions; targeted secondary rationale comparison,False
pair:fe16409d74b33da1893e,7,iTE:P0515:n2,iTE:P1876:n2,related_to,左侧为 TE 功率因子的具体取值，右侧为该量的提升，是性能量与其变化的关系，不等价。,reject,左：混合地聚物功率因子；右：功率因子增强。2明确PF=alpha²sigma支持电子PF共同定义；0/3/13为离子PF，4混合地聚物、10混合凝胶PF未分离载流贡献；1最大值，15/24/25为增强事件，不并入普通PF。,False,independent member evidence and explicit group definitions; targeted secondary rationale comparison,False
pair:3c197080e253a9c719ac,1,iTE:P0518:n4,iTE:P0632:n2,related_to,左侧为离子热电水凝胶的离子导电性，右侧为 RCoO3 的电子电导率，传导机制不同，故为 related_to。,reject,左：离子电导率；右：电子电导率。67成员逐一读取。完整摘要确认P0377/P0399/P0518/P1639/P1903离子导电，P0959/P1050/P1599混合导电，P1359电子极化子DC，P1964明确离子DC。电子电导、离子电导、两者总和及DC条件不互为严格同义；higher/high/enhanced状态分离。未明载流机制与分量回指保留待定。,False,independent member evidence and explicit group definitions; targeted secondary rationale comparison,False
pair:364f668c3924800c343a,1,iTE:P0518:n4,iTE:P1356:n1,broader_than,左侧仅给出未加限定的“conductivity”，右侧限定为“high electrical conductivity”，后者是前者受限定的具体形式，故左侧更宽泛。,uncertain,原摘要未给该电导的载流子/总量与分量归属，或高值定义不足；不靠相同conductivity/DC词强行判定。；左：离子电导率；右：高电导率载流类型待定,True,independent member evidence and explicit group definitions; targeted secondary rationale comparison,False
pair:7b3c5dbf5e0cc6aab8bd,1,iTE:P0518:n4,iTE:P1599:n2,related_to,两者都是“conductivity”量，但左侧指水凝胶离子电导，右侧指低氧分压 H-2/H2O 气氛下样品的电导，材料与测试条件不同，无同义依据。,reject,左：离子电导率；右：混合离子电子总电导率。67成员逐一读取。完整摘要确认P0377/P0399/P0518/P1639/P1903离子导电，P0959/P1050/P1599混合导电，P1359电子极化子DC，P1964明确离子DC。电子电导、离子电导、两者总和及DC条件不互为严格同义；higher/high/enhanced状态分离。未明载流机制与分量回指保留待定。,False,independent member evidence and explicit group definitions; targeted secondary rationale comparison,False
pair:0064741ee5c89cfb061b,1,iTE:P0518:n4,iTE:P1686:n2,related_to,两侧均为电导率量，但分别对应水凝胶与氮含量变化样品，载体机制与体系不同，属同类物理量的相关而非同一概念。,reject,左：离子电导率；右：电子电导率。67成员逐一读取。完整摘要确认P0377/P0399/P0518/P1639/P1903离子导电，P0959/P1050/P1599混合导电，P1359电子极化子DC，P1964明确离子DC。电子电导、离子电导、两者总和及DC条件不互为严格同义；higher/high/enhanced状态分离。未明载流机制与分量回指保留待定。,False,independent member evidence and explicit group definitions; targeted secondary rationale comparison,False
pair:cc7c31c0dedae3f272bd,31,iTE:P0520:n2,iTE:P0572:n2,related_to,两者都指阴阳离子输运能力之差，但一侧为mobility（迁移率）之差、另一侧为diffusion rate（扩散速率）之差，物理量与测量定义不同，只能判为相关。,reject,左：阴阳离子迁移率差；右：阴阳离子扩散速率差。1/2/3/6为阴阳离子迁移率不对称；0/5为热迁移速率差；4为扩散速率差；7进一步限定Li+/Cl-。速度或扩散率不能仅凭关联当迁移率。,False,independent member evidence and explicit group definitions; targeted secondary rationale comparison,False
pair:833a1ffc6a5ce76c05e6,31,iTE:P0520:n2,iTE:P0579:n2,related_to,left为迁移率差、right为迁移速率差，两者方向与对象一致但量名与定义不同，属同一机制下的相关量而非明确同义。,reject,左：阴阳离子迁移率差；右：阴阳离子热迁移速率差。1/2/3/6为阴阳离子迁移率不对称；0/5为热迁移速率差；4为扩散速率差；7进一步限定Li+/Cl-。速度或扩散率不能仅凭关联当迁移率。,False,independent member evidence and explicit group definitions; targeted secondary rationale comparison,False
pair:988226f22447a89d615d,2,iTE:P0521:n2,iTE:P1180:n2,related_to,left 为泛指的 thermoelectric properties，right 限定为 thermoelectric conversion properties（能量转换方面），原文均未给出二者同义的表述，只能判为相关。,uncertain,左：电子热电性质集合；右：离子热电性质集合。38成员中properties为性质集合、performance为综合评价，不能默认互换；载流机制和指标范围又不一致。对明确定义同一层级的子组接受；跨层级缺少评价函数，保留uncertain，高/最高等明确限定另拒绝。P0687摘要表明14实际以Seebeck为预测目标，P1454为CuI电子热电纺织品。,False,independent member evidence and explicit group definitions; targeted secondary rationale comparison,False
pair:485476fe2d47ff1815cf,2,iTE:P0526:n3,iTE:P1074:n2,related_to,左侧为 CNF 凝胶-辐射冷却体系，右侧限定为 ZnO 表面 2DEG 区，对象不同，无同义依据。,uncertain,左：热电化学转换整体性能；右：电子热电整体性能。38成员中properties为性质集合、performance为综合评价，不能默认互换；载流机制和指标范围又不一致。对明确定义同一层级的子组接受；跨层级缺少评价函数，保留uncertain，高/最高等明确限定另拒绝。P0687摘要表明14实际以Seebeck为预测目标，P1454为CuI电子热电纺织品。,False,independent member evidence and explicit group definitions; targeted secondary rationale comparison,False
pair:3c2bfe475b93db477ec2,2,iTE:P0526:n3,iTE:P1327:n2,related_to,左侧是 CNF 辐射冷却体系的 thermoelectric performance，右侧是 p(g(7)NC(4)N) 掺杂后的 thermoelectric performance，对象与限定条件不同，仅共享概念词。,uncertain,左：热电化学转换整体性能；右：最高性能。38成员中properties为性质集合、performance为综合评价，不能默认互换；载流机制和指标范围又不一致。对明确定义同一层级的子组接受；跨层级缺少评价函数，保留uncertain，高/最高等明确限定另拒绝。P0687摘要表明14实际以Seebeck为预测目标，P1454为CuI电子热电纺织品。,False,independent member evidence and explicit group definitions; targeted secondary rationale comparison,False
pair:8d1726104f0935271d7f,2,iTE:P0526:n3,iTE:P1450:n3,related_to,左侧指 CNF 体系的性能提升，右侧指零带隙电子结构对 thermoelectric performance 的增益，机制与对象均不同。,uncertain,左：热电化学转换整体性能；右：电子热电整体性能。38成员中properties为性质集合、performance为综合评价，不能默认互换；载流机制和指标范围又不一致。对明确定义同一层级的子组接受；跨层级缺少评价函数，保留uncertain，高/最高等明确限定另拒绝。P0687摘要表明14实际以Seebeck为预测目标，P1454为CuI电子热电纺织品。,False,independent member evidence and explicit group definitions; targeted secondary rationale comparison,False
pair:f7b74c4ccc1ec3e7e09d,2,iTE:P0526:n3,iTE:P1454:n2,related_to,两侧分别针对 CNF 辐射冷却体系和稀释 NC 水凝胶 TE 织物，同一指标词但材料与条件不同。,uncertain,左：热电化学转换整体性能；右：电子热电整体性能。38成员中properties为性质集合、performance为综合评价，不能默认互换；载流机制和指标范围又不一致。对明确定义同一层级的子组接受；跨层级缺少评价函数，保留uncertain，高/最高等明确限定另拒绝。P0687摘要表明14实际以Seebeck为预测目标，P1454为CuI电子热电纺织品。,False,independent member evidence and explicit group definitions; targeted secondary rationale comparison,False
pair:d1c20cd42ca0c4ee20e4,38,iTE:P0529:n2,iTE:P1020:n2,related_to,两侧都是 n 型向 p 型的转变，但分别发生在离子液体（氧化还原离子螯合诱导）与 Cu 铁氧体（四价离子取代）两种不同体系，机制与对象不同。,reject,左：离子热电n到p转换；右：电子n到p转换。0/1为离子热电负到正极性；2/4/5/6为电子n到p转换；3仅载流子符号反转且无固定方向，不能删除起止条件。,False,independent member evidence and explicit group definitions; targeted secondary rationale comparison,False
pair:bf22258f47c01cfb6bde,1,iTE:P0533:n2,iTE:P0944:n2,uncertain,右侧仅写 conductivity，原文未指明是电子电导、离子电导还是总电导，无法确定是否与左侧的电导率同一。,accept,共同定义：电子电导率。67成员逐一读取。完整摘要确认P0377/P0399/P0518/P1639/P1903离子导电，P0959/P1050/P1599混合导电，P1359电子极化子DC，P1964明确离子DC。电子电导、离子电导、两者总和及DC条件不互为严格同义；higher/high/enhanced状态分离。未明载流机制与分量回指保留待定。,True,independent member evidence and explicit group definitions; targeted secondary rationale comparison,False
pair:dfcf20cd9526c6054157,1,iTE:P0533:n2,iTE:P1013:n1,broader_than,"左侧为一般电导率量；右侧带程度限定词""higher""，原文专指被提高后的电导率水平，是电导率的一个受限具体表述，故左侧更宽泛。",reject,左：电子电导率；右：较高电子电导率。67成员逐一读取。完整摘要确认P0377/P0399/P0518/P1639/P1903离子导电，P0959/P1050/P1599混合导电，P1359电子极化子DC，P1964明确离子DC。电子电导、离子电导、两者总和及DC条件不互为严格同义；higher/high/enhanced状态分离。未明载流机制与分量回指保留待定。,True,independent member evidence and explicit group definitions; targeted secondary rationale comparison,False
pair:a6184bf8cbb8294ccfd6,1,iTE:P0533:n2,iTE:P1257:n2,related_to,两侧指同一物理量电导率，但右侧以 enhanced 限定为被提升后的取值状态，原文无同义定义表述，故为相关而非等价。,reject,左：电子电导率；右：电子电导增强。67成员逐一读取。完整摘要确认P0377/P0399/P0518/P1639/P1903离子导电，P0959/P1050/P1599混合导电，P1359电子极化子DC，P1964明确离子DC。电子电导、离子电导、两者总和及DC条件不互为严格同义；higher/high/enhanced状态分离。未明载流机制与分量回指保留待定。,False,independent member evidence and explicit group definitions; targeted secondary rationale comparison,False
pair:5c364e043b5959c84a53,32,iTE:P0534:n2,iTE:P0998:n2,narrower_than,两者都指低热导率现象，但 left 被限定在 Cu7PSe6 这一具体材料中，right 指 NaZnX 单层的低热导率，left 是更具体、受限定的概念。,reject,左：Cu7PSe6低热导率；右：超低热导率。0/1均Cu7PSe6低热导率，2原文明确ultra-low而非通常low；3/4/5/6/7仅一般低热导率状态，严格不消去材料限定及超低程度。；P1819的low thermal conductivity回指晶格分量，单独保留。,True,independent member evidence and explicit group definitions; targeted secondary rationale comparison,False
pair:1133816ab53c4c823c64,32,iTE:P0534:n2,iTE:P1010:n1,narrower_than,left 是绑定 Cu7PSe6 的低热导率，right 是 Li0.11Cu1.89S 中泛指的低热导率，left 受材料限定、语义范围更窄。,reject,左：Cu7PSe6低热导率；右：低热导率。0/1均Cu7PSe6低热导率，2原文明确ultra-low而非通常low；3/4/5/6/7仅一般低热导率状态，严格不消去材料限定及超低程度。；P1819的low thermal conductivity回指晶格分量，单独保留。,True,independent member evidence and explicit group definitions; targeted secondary rationale comparison,False
pair:1692ae63416264201f1a,32,iTE:P0534:n2,iTE:P1290:n2,related_to,同为“低热导率”属性，但分别归属 Cu7PSe6 与 Na3PS4 两种不同材料，且成因机制不同（结构复杂/强非谐 vs 扩散子输运），只是同类属性而非同一概念。,reject,左：Cu7PSe6低热导率；右：低热导率。0/1均Cu7PSe6低热导率，2原文明确ultra-low而非通常low；3/4/5/6/7仅一般低热导率状态，严格不消去材料限定及超低程度。；P1819的low thermal conductivity回指晶格分量，单独保留。,False,independent member evidence and explicit group definitions; targeted secondary rationale comparison,False
pair:dcda5bfc31846b66bff3,32,iTE:P0534:n2,iTE:P1749:n2,narrower_than,left 是特定化合物 Cu7PSe6 的低热导率实例，right 是泛指的低热导率，left 是 right 的更具体限定情形。,reject,左：Cu7PSe6低热导率；右：低热导率。0/1均Cu7PSe6低热导率，2原文明确ultra-low而非通常low；3/4/5/6/7仅一般低热导率状态，严格不消去材料限定及超低程度。；P1819的low thermal conductivity回指晶格分量，单独保留。,True,independent member evidence and explicit group definitions; targeted secondary rationale comparison,False
pair:f294bc94bce141e25fdc,32,iTE:P0534:n2,iTE:P1819:n2,related_to,左侧为 Cu7PSe6 的低热导率，右侧为 Yb2-xCaxCdSb2 的晶格热导率极低（0.3-0.4 W/m·K），材料不同且右侧限定为晶格分量。,reject,左：Cu7PSe6低热导率；右：低晶格热导率（P1819明确晶格分量）。0/1均Cu7PSe6低热导率，2原文明确ultra-low而非通常low；3/4/5/6/7仅一般低热导率状态，严格不消去材料限定及超低程度。；P1819的low thermal conductivity回指晶格分量，单独保留。,False,independent member evidence and explicit group definitions; targeted secondary rationale comparison,False
pair:af4c758d53c90530a823,32,iTE:P0534:n2,iTE:P1897:n2,related_to,分属 Cu7PSe6 与 Cu2-xSe 两种材料，且右侧对低热导率成因（液态状 Cu 亚结构）持有争议结论，机制来源不同，仅属同类热输运属性。,reject,左：Cu7PSe6低热导率；右：低热导率。0/1均Cu7PSe6低热导率，2原文明确ultra-low而非通常low；3/4/5/6/7仅一般低热导率状态，严格不消去材料限定及超低程度。；P1819的low thermal conductivity回指晶格分量，单独保留。,False,independent member evidence and explicit group definitions; targeted secondary rationale comparison,False
pair:87419f1e1520030d622a,116,iTE:P0535:n1,iTE:P0670:n2,related_to,两侧均指氢键网络结构基元，但分属不同材料体系且 left 带 strong 限定、right 与光聚合协同出现，原文无同义表述支撑等价。,reject,左：强氢键网络；右：氢键网络。0/2一般氢键网络，1有强度限定；共同网络不足以合并强网络子类。,False,independent member evidence and explicit group definitions; targeted secondary rationale comparison,False
pair:74d246b7913a7dba7b62,1,iTE:P0539:n2,iTE:P1257:n2,related_to,左侧为电导率本身，右侧为带 enhanced 限定、描述被提升后状态的电导率，属同一物理量的修饰形式而非同义概念。,reject,左：电子电导率；右：电子电导增强。67成员逐一读取。完整摘要确认P0377/P0399/P0518/P1639/P1903离子导电，P0959/P1050/P1599混合导电，P1359电子极化子DC，P1964明确离子DC。电子电导、离子电导、两者总和及DC条件不互为严格同义；higher/high/enhanced状态分离。未明载流机制与分量回指保留待定。,False,independent member evidence and explicit group definitions; targeted secondary rationale comparison,False
pair:7b92601149d7b3aea340,0,iTE:P0542:n2,iTE:P0559:n2,related_to,左侧为未限定“ionic”的一般Seebeck系数表述，右侧限定为离子Seebeck系数，限定条件与范围不同，不宜判等价。,accept,共同定义：离子热扩散热电势系数。130成员及661既有建议全部逐组读取并按定义划分。thermopower/TEP/Seebeck/S通常同义，但仅在同一载流范围及测量定义下；原摘要证明P0660/P1024/P1210/P1520/P1614是红氧系数，P0595是电子SWCNT，P0547是电动学等效系数，P0804是Kelvin近似，P1676为质子加空穴的总响应。电子、离子、红氧、混合、符号幅值、加权贡献、非线性有限温差系数不可整体传递合并。节点属性及原始数值保留，未确定定义者不跨组接受。,True,independent member evidence and explicit group definitions; targeted secondary rationale comparison,False
pair:591c3738242270562513,0,iTE:P0542:n2,iTE:P0704:n2,distinct_from,两侧分别是显式负值（-3.72 mV K-1）与显式正值（35.7 mV/K）的 Seebeck 系数，符号相反，按规则判为不同概念。,accept,共同定义：离子热扩散热电势系数。130成员及661既有建议全部逐组读取并按定义划分。thermopower/TEP/Seebeck/S通常同义，但仅在同一载流范围及测量定义下；原摘要证明P0660/P1024/P1210/P1520/P1614是红氧系数，P0595是电子SWCNT，P0547是电动学等效系数，P0804是Kelvin近似，P1676为质子加空穴的总响应。电子、离子、红氧、混合、符号幅值、加权贡献、非线性有限温差系数不可整体传递合并。节点属性及原始数值保留，未确定定义者不跨组接受。,True,independent member evidence and explicit group definitions; targeted secondary rationale comparison,False
pair:5b5f0cc702d8035da01a,0,iTE:P0542:n2,iTE:P0994:n1,related_to,左侧是Seebeck系数这一物理量本身，右侧是带'高'值限定的性能描述，属量与量值限定的联系，不是同一概念。,reject,左：离子热扩散热电势系数；右：高电子Seebeck系数。130成员及661既有建议全部逐组读取并按定义划分。thermopower/TEP/Seebeck/S通常同义，但仅在同一载流范围及测量定义下；原摘要证明P0660/P1024/P1210/P1520/P1614是红氧系数，P0595是电子SWCNT，P0547是电动学等效系数，P0804是Kelvin近似，P1676为质子加空穴的总响应。电子、离子、红氧、混合、符号幅值、加权贡献、非线性有限温差系数不可整体传递合并。节点属性及原始数值保留，未确定定义者不跨组接受。,False,independent member evidence and explicit group definitions; targeted secondary rationale comparison,False
pair:c30392dbe5d535e0f96a,0,iTE:P0547:n3,iTE:P0704:n2,related_to,左侧为器件层面的等效 Seebeck 系数，右侧为钙钛矿材料本身的离子 Seebeck 系数，二者相关但所指层次不同。,reject,左：电动学等效Seebeck系数；右：离子热扩散热电势系数。130成员及661既有建议全部逐组读取并按定义划分。thermopower/TEP/Seebeck/S通常同义，但仅在同一载流范围及测量定义下；原摘要证明P0660/P1024/P1210/P1520/P1614是红氧系数，P0595是电子SWCNT，P0547是电动学等效系数，P0804是Kelvin近似，P1676为质子加空穴的总响应。电子、离子、红氧、混合、符号幅值、加权贡献、非线性有限温差系数不可整体传递合并。节点属性及原始数值保留，未确定定义者不跨组接受。,False,independent member evidence and explicit group definitions; targeted secondary rationale comparison,False
pair:54dddd9875dbd98dbef3,0,iTE:P0547:n3,iTE:P0757:n2,broader_than,左侧只写 Seebeck 系数（纳米通道中电动力学离子输运相关），右侧明确限定为离子 Seebeck 系数，是前者在离子输运分支下的更具体种类。,reject,左：电动学等效Seebeck系数；右：离子热扩散热电势系数。130成员及661既有建议全部逐组读取并按定义划分。thermopower/TEP/Seebeck/S通常同义，但仅在同一载流范围及测量定义下；原摘要证明P0660/P1024/P1210/P1520/P1614是红氧系数，P0595是电子SWCNT，P0547是电动学等效系数，P0804是Kelvin近似，P1676为质子加空穴的总响应。电子、离子、红氧、混合、符号幅值、加权贡献、非线性有限温差系数不可整体传递合并。节点属性及原始数值保留，未确定定义者不跨组接受。,True,independent member evidence and explicit group definitions; targeted secondary rationale comparison,False
pair:fbd95314d1f3f7e24788,0,iTE:P0547:n3,iTE:P0785:n2,narrower_than,"左侧是限定为器件""等效""Seebeck系数的受限概念，右侧为未限定的通用Seebeck系数，左侧IS-A右侧。",reject,左：电动学等效Seebeck系数；右：电子Seebeck系数。130成员及661既有建议全部逐组读取并按定义划分。thermopower/TEP/Seebeck/S通常同义，但仅在同一载流范围及测量定义下；原摘要证明P0660/P1024/P1210/P1520/P1614是红氧系数，P0595是电子SWCNT，P0547是电动学等效系数，P0804是Kelvin近似，P1676为质子加空穴的总响应。电子、离子、红氧、混合、符号幅值、加权贡献、非线性有限温差系数不可整体传递合并。节点属性及原始数值保留，未确定定义者不跨组接受。,True,independent member evidence and explicit group definitions; targeted secondary rationale comparison,False
pair:e326af8420d28f1e3d8b,0,iTE:P0547:n3,iTE:P0817:n2,narrower_than,"左侧为限定""equivalent""的Seebeck系数，右侧为水凝胶材料普适的Seebeck系数，左侧是更具体的受限概念。",reject,左：电动学等效Seebeck系数；右：离子热扩散热电势系数。130成员及661既有建议全部逐组读取并按定义划分。thermopower/TEP/Seebeck/S通常同义，但仅在同一载流范围及测量定义下；原摘要证明P0660/P1024/P1210/P1520/P1614是红氧系数，P0595是电子SWCNT，P0547是电动学等效系数，P0804是Kelvin近似，P1676为质子加空穴的总响应。电子、离子、红氧、混合、符号幅值、加权贡献、非线性有限温差系数不可整体传递合并。节点属性及原始数值保留，未确定定义者不跨组接受。,True,independent member evidence and explicit group definitions; targeted secondary rationale comparison,False
pair:008e14036893b9febbde,0,iTE:P0547:n3,iTE:P1475:n2,related_to,左侧是石墨烯纳米通道中由电泳离子输运与滑移决定的等效（离子）Seebeck 系数，右侧是固体氧化物中电子能带输运的 Seebeck 系数，机制与载体不同，仅共享同名参量。,reject,左：电动学等效Seebeck系数；右：电子Seebeck系数。130成员及661既有建议全部逐组读取并按定义划分。thermopower/TEP/Seebeck/S通常同义，但仅在同一载流范围及测量定义下；原摘要证明P0660/P1024/P1210/P1520/P1614是红氧系数，P0595是电子SWCNT，P0547是电动学等效系数，P0804是Kelvin近似，P1676为质子加空穴的总响应。电子、离子、红氧、混合、符号幅值、加权贡献、非线性有限温差系数不可整体传递合并。节点属性及原始数值保留，未确定定义者不跨组接受。,False,independent member evidence and explicit group definitions; targeted secondary rationale comparison,False
pair:6d3fe8e7df2d27109851,8,iTE:P0548:n3,iTE:P0650:n3,broader_than,left 为泛指的一般离子电导率，right 限定为离子凝胶(IGs)的离子电导率，right 是 left 的具体受限情形。,reject,左：离子电导率；右：离子凝胶电导率。除12/23外各成员均一般离子电导率，包括被否定存在的21/24仍是该物理量；12明确ionogel、23明确SPE材料限定，不删除这些范围。,True,independent member evidence and explicit group definitions; targeted secondary rationale comparison,False
pair:38516a5bce68a059ac46,17,iTE:P0550:n1,iTE:P0717:n2,related_to,left 是载流子产生的激活能，right 是 Ag+ 离子迁移的激活能，机制与迁移对象不同，不构成同义。,reject,左：载流子生成活化能；右：Ag+电导迁移表观活化能。0载流子生成能，1/2/3由电导提取Ag+迁移活化能；4复合电导和热电势活化能；5Cu迁移NEB势垒；6Cu离子传导活化能；7含空位生成贡献；8Ag+微观势垒；9/10电子电导活化能；11Na导电活化能。共同energy词不保证同量。,False,independent member evidence and explicit group definitions; targeted secondary rationale comparison,False
pair:1873ed9c04aafa2f9cc6,17,iTE:P0550:n1,iTE:P0842:n2,related_to,left 为支配载流子产生的激活能，right 为（Ag+ 导电）由电导率得到的激活能，输运对象不同，仅同属激活能类量。,reject,左：载流子生成活化能；右：Ag+电导迁移表观活化能。0载流子生成能，1/2/3由电导提取Ag+迁移活化能；4复合电导和热电势活化能；5Cu迁移NEB势垒；6Cu离子传导活化能；7含空位生成贡献；8Ag+微观势垒；9/10电子电导活化能；11Na导电活化能。共同energy词不保证同量。,False,independent member evidence and explicit group definitions; targeted secondary rationale comparison,False
pair:ba26c8c296b6353af0e3,17,iTE:P0550:n1,iTE:P0876:n2,related_to,左侧是载流子产生过程的活化能，右侧是离子导电（移动离子通道）活化能随溴浓度的变化，机制与对象不同。,reject,左：载流子生成活化能；右：Ag+电导迁移表观活化能。0载流子生成能，1/2/3由电导提取Ag+迁移活化能；4复合电导和热电势活化能；5Cu迁移NEB势垒；6Cu离子传导活化能；7含空位生成贡献；8Ag+微观势垒；9/10电子电导活化能；11Na导电活化能。共同energy词不保证同量。,False,independent member evidence and explicit group definitions; targeted secondary rationale comparison,False
pair:e3ca4a3bb1004f5a63d8,17,iTE:P0550:n1,iTE:P1209:n2,related_to,名称同为活化能，但左侧指载流子产生的活化能，右侧指超离子导体中铜离子迁移的活化能，所描述的机制不同，非同一概念。,reject,左：载流子生成活化能；右：Cu迁移微观势垒。0载流子生成能，1/2/3由电导提取Ag+迁移活化能；4复合电导和热电势活化能；5Cu迁移NEB势垒；6Cu离子传导活化能；7含空位生成贡献；8Ag+微观势垒；9/10电子电导活化能；11Na导电活化能。共同energy词不保证同量。,False,independent member evidence and explicit group definitions; targeted secondary rationale comparison,False
pair:62b88fd9b99a7185a306,17,iTE:P0550:n1,iTE:P1250:n2,related_to,同属活化能范畴但对象与机制不同：左侧是产生电荷载流子的活化能，右侧是Cu离子迁移的离子活化能，不构成同义，也非严格上下位。,reject,左：载流子生成活化能；右：Cu离子电导活化能。0载流子生成能，1/2/3由电导提取Ag+迁移活化能；4复合电导和热电势活化能；5Cu迁移NEB势垒；6Cu离子传导活化能；7含空位生成贡献；8Ag+微观势垒；9/10电子电导活化能；11Na导电活化能。共同energy词不保证同量。,False,independent member evidence and explicit group definitions; targeted secondary rationale comparison,False
pair:be1e584f1a5202c716b7,17,iTE:P0550:n1,iTE:P1548:n2,related_to,left 限定为支配载流子产生的激活能，right 为离子输运的激活能，对象与机制不同，仅共享“激活能”这一量类。,reject,左：载流子生成活化能；右：含空位生成的离子输运活化能。0载流子生成能，1/2/3由电导提取Ag+迁移活化能；4复合电导和热电势活化能；5Cu迁移NEB势垒；6Cu离子传导活化能；7含空位生成贡献；8Ag+微观势垒；9/10电子电导活化能；11Na导电活化能。共同energy词不保证同量。,False,independent member evidence and explicit group definitions; targeted secondary rationale comparison,False
pair:6f9d2f1be4ac9db6cb54,17,iTE:P0550:n1,iTE:P1563:n3,related_to,左侧限定为“governs the generation of charge carriers”的活化能，右侧限定为“for the electrical conductivity”的活化能，限定条件构成不同定义，证据不足以判定同义。,reject,左：载流子生成活化能；右：电子电导活化能。0载流子生成能，1/2/3由电导提取Ag+迁移活化能；4复合电导和热电势活化能；5Cu迁移NEB势垒；6Cu离子传导活化能；7含空位生成贡献；8Ag+微观势垒；9/10电子电导活化能；11Na导电活化能。共同energy词不保证同量。,False,independent member evidence and explicit group definitions; targeted secondary rationale comparison,False
pair:1cef5e864ab63243e0e8,0,iTE:P0553:n3,iTE:P0643:n2,related_to,两侧名称相同但右侧明确讨论离子与电子两个分量（thermocell 反应），左侧仅指离子热电材料的离子热电势，范围不同。,reject,左：离子热扩散热电势系数；右：混合离子电子总热电势系数。130成员及661既有建议全部逐组读取并按定义划分。thermopower/TEP/Seebeck/S通常同义，但仅在同一载流范围及测量定义下；原摘要证明P0660/P1024/P1210/P1520/P1614是红氧系数，P0595是电子SWCNT，P0547是电动学等效系数，P0804是Kelvin近似，P1676为质子加空穴的总响应。电子、离子、红氧、混合、符号幅值、加权贡献、非线性有限温差系数不可整体传递合并。节点属性及原始数值保留，未确定定义者不跨组接受。,False,independent member evidence and explicit group definitions; targeted secondary rationale comparison,False
pair:af2969e84fd0ec9381df,0,iTE:P0553:n3,iTE:P0696:n4,distinct_from,右侧原文明确限定为 negative thermopower 并给出 -28.4 mV·K-1，左侧只述 thermopower 的增强而未出现负号限定，符号极性不同，按规则8不判为同一概念。,accept,共同定义：离子热扩散热电势系数。130成员及661既有建议全部逐组读取并按定义划分。thermopower/TEP/Seebeck/S通常同义，但仅在同一载流范围及测量定义下；原摘要证明P0660/P1024/P1210/P1520/P1614是红氧系数，P0595是电子SWCNT，P0547是电动学等效系数，P0804是Kelvin近似，P1676为质子加空穴的总响应。电子、离子、红氧、混合、符号幅值、加权贡献、非线性有限温差系数不可整体传递合并。节点属性及原始数值保留，未确定定义者不跨组接受。,True,independent member evidence and explicit group definitions; targeted secondary rationale comparison,False
pair:74dea9c339bd7abcb88f,0,iTE:P0553:n3,iTE:P1487:n3,related_to,左侧是离子热电势（由 EMIM+/DCA- 迁移率差贡献，配 ZT(i)），右侧是电子热电势（仅由载流子浓度决定）；名称相同但机制与对象不同，不能判为等价。,reject,左：离子热扩散热电势系数；右：电子Seebeck系数。130成员及661既有建议全部逐组读取并按定义划分。thermopower/TEP/Seebeck/S通常同义，但仅在同一载流范围及测量定义下；原摘要证明P0660/P1024/P1210/P1520/P1614是红氧系数，P0595是电子SWCNT，P0547是电动学等效系数，P0804是Kelvin近似，P1676为质子加空穴的总响应。电子、离子、红氧、混合、符号幅值、加权贡献、非线性有限温差系数不可整体传递合并。节点属性及原始数值保留，未确定定义者不跨组接受。,False,independent member evidence and explicit group definitions; targeted secondary rationale comparison,False
pair:a4bbe7bc934404111a1e,2,iTE:P0557:n3,iTE:P1327:n2,related_to,左侧是水凝胶中 Soret+PCET 机制提升的 thermoelectric performances，右侧是掺杂 polylactam 聚合物的最高值，机制与体系均不同。,uncertain,左：热扩散-PCET组合性能；右：最高性能。38成员中properties为性质集合、performance为综合评价，不能默认互换；载流机制和指标范围又不一致。对明确定义同一层级的子组接受；跨层级缺少评价函数，保留uncertain，高/最高等明确限定另拒绝。P0687摘要表明14实际以Seebeck为预测目标，P1454为CuI电子热电纺织品。,False,independent member evidence and explicit group definitions; targeted secondary rationale comparison,False
pair:c006962e54b6c3e350a7,0,iTE:P0559:n2,iTE:P0577:n2,narrower_than,left 明确限定为离子热电材料中的离子 Seebeck 系数，是 right 泛称 Seebeck 系数的一种特定形式，故 left 更具体。,accept,共同定义：离子热扩散热电势系数。130成员及661既有建议全部逐组读取并按定义划分。thermopower/TEP/Seebeck/S通常同义，但仅在同一载流范围及测量定义下；原摘要证明P0660/P1024/P1210/P1520/P1614是红氧系数，P0595是电子SWCNT，P0547是电动学等效系数，P0804是Kelvin近似，P1676为质子加空穴的总响应。电子、离子、红氧、混合、符号幅值、加权贡献、非线性有限温差系数不可整体传递合并。节点属性及原始数值保留，未确定定义者不跨组接受。,True,independent member evidence and explicit group definitions; targeted secondary rationale comparison,False
pair:2c9394945bd519f6c34a,0,iTE:P0559:n2,iTE:P0704:n2,narrower_than,左侧带 ionic 限定，为右侧未限定的 Seebeck 系数的更具体类型。,accept,共同定义：离子热扩散热电势系数。130成员及661既有建议全部逐组读取并按定义划分。thermopower/TEP/Seebeck/S通常同义，但仅在同一载流范围及测量定义下；原摘要证明P0660/P1024/P1210/P1520/P1614是红氧系数，P0595是电子SWCNT，P0547是电动学等效系数，P0804是Kelvin近似，P1676为质子加空穴的总响应。电子、离子、红氧、混合、符号幅值、加权贡献、非线性有限温差系数不可整体传递合并。节点属性及原始数值保留，未确定定义者不跨组接受。,True,independent member evidence and explicit group definitions; targeted secondary rationale comparison,False
pair:6e42a69d0bdeedb296b4,12,iTE:P0561:n2,iTE:P1180:n1,narrower_than,左侧限定为ionic Soret effect，右侧仅称Soret effect；后者未明确离子限定，左侧是更具体的种类。,accept,共同定义：离子Soret热扩散。十八个成员逐一均在离子导体/电解质中指温度梯度驱动的离子扩散；3和13直接定义，10直接展开同义。11虽否定其主导作用但概念仍同一机制，不能以否定句误判不同概念。,True,independent member evidence and explicit group definitions; targeted secondary rationale comparison,False
pair:64f1e35e2d4b9b191932,7,iTE:P0562:n2,iTE:P1876:n2,related_to,左侧指功率因子参数本身，右侧指功率因子的提升，是参数与参数变化/增强的关系，不能判为同一概念。,reject,左：电子功率因子；右：功率因子增强。2明确PF=alpha²sigma支持电子PF共同定义；0/3/13为离子PF，4混合地聚物、10混合凝胶PF未分离载流贡献；1最大值，15/24/25为增强事件，不并入普通PF。,False,independent member evidence and explicit group definitions; targeted secondary rationale comparison,False
pair:592c7f917be2bb4b9bdf,32,iTE:P0563:n3,iTE:P1290:n2,related_to,两侧虽同为“低热导率”的定性表述，但对象分别是 Cu7PSe6 与 Na3PS4，且 right 附有可媲美热电材料与热障涂层的比较限定，不能认定为同一概念。,reject,左：Cu7PSe6低热导率；右：低热导率。0/1均Cu7PSe6低热导率，2原文明确ultra-low而非通常low；3/4/5/6/7仅一般低热导率状态，严格不消去材料限定及超低程度。；P1819的low thermal conductivity回指晶格分量，单独保留。,False,independent member evidence and explicit group definitions; targeted secondary rationale comparison,False
pair:ef96fd3d81099fc861f4,54,iTE:P0575:n1,iTE:P0772:n3,narrower_than,右侧泛指非晶聚合物链与离子液体间的离子—偶极相互作用，左侧限定为PVDF-HFP与离子液体体系，是前者的更具体情形。,reject,左：PVDF-HFP与IL离子偶极作用；右：离子偶极作用。0/2/4一般离子偶极作用；1明确动态且涉及IL/PVDF-HFP/FS，3特指PVDF-HFP与IL；机制同类不足以抹除动态和材料限定。,True,independent member evidence and explicit group definitions; targeted secondary rationale comparison,False
pair:28d54dd408c4ed978d38,2,iTE:P0578:n2,iTE:P0861:n2,related_to,左侧指热电性能，右侧指热电性质/物性，二者相关但不等价，原文未提供同义替换。,uncertain,左：离子热电整体性能；右：电子热电性质集合。38成员中properties为性质集合、performance为综合评价，不能默认互换；载流机制和指标范围又不一致。对明确定义同一层级的子组接受；跨层级缺少评价函数，保留uncertain，高/最高等明确限定另拒绝。P0687摘要表明14实际以Seebeck为预测目标，P1454为CuI电子热电纺织品。,False,independent member evidence and explicit group definitions; targeted secondary rationale comparison,False
pair:0f51e0c2d3a14d06dc7e,2,iTE:P0578:n2,iTE:P0862:n2,narrower_than,左侧限定为“thermoelectric performance”，右侧仅为一般“performance”（文中 i-TE 性能），左侧是更具体的性能类型。,uncertain,左：离子热电整体性能；右：Soret主导性能未定。38成员中properties为性质集合、performance为综合评价，不能默认互换；载流机制和指标范围又不一致。对明确定义同一层级的子组接受；跨层级缺少评价函数，保留uncertain，高/最高等明确限定另拒绝。P0687摘要表明14实际以Seebeck为预测目标，P1454为CuI电子热电纺织品。,True,independent member evidence and explicit group definitions; targeted secondary rationale comparison,False
pair:589408467a7249f7b960,2,iTE:P0578:n2,iTE:P1327:n2,broader_than,右侧是带“最高”限定的热电性能实例（特定聚合物），从属于左侧泛指的 thermoelectric performance，故 left 更宽泛。,uncertain,左：离子热电整体性能；右：最高性能。38成员中properties为性质集合、performance为综合评价，不能默认互换；载流机制和指标范围又不一致。对明确定义同一层级的子组接受；跨层级缺少评价函数，保留uncertain，高/最高等明确限定另拒绝。P0687摘要表明14实际以Seebeck为预测目标，P1454为CuI电子热电纺织品。,True,independent member evidence and explicit group definitions; targeted secondary rationale comparison,False
pair:8c27d09da7bda289320c,7,iTE:P0582:n3,iTE:P1823:n2,related_to,左侧是功率因子参数本身，右侧是增强后的功率因子，属同一参数的增强状态，不是等价概念。,reject,左：电子功率因子；右：功率因子增强。2明确PF=alpha²sigma支持电子PF共同定义；0/3/13为离子PF，4混合地聚物、10混合凝胶PF未分离载流贡献；1最大值，15/24/25为增强事件，不并入普通PF。,False,independent member evidence and explicit group definitions; targeted secondary rationale comparison,False
pair:8c25a0fbef6e6cef9c57,7,iTE:P0582:n3,iTE:P1876:n2,related_to,左侧节点标签为功率因子参数，右侧为功率因子的增强，二者虽同属热电性能语境，但语义范围不同。,reject,左：电子功率因子；右：功率因子增强。2明确PF=alpha²sigma支持电子PF共同定义；0/3/13为离子PF，4混合地聚物、10混合凝胶PF未分离载流贡献；1最大值，15/24/25为增强事件，不并入普通PF。,False,independent member evidence and explicit group definitions; targeted secondary rationale comparison,False
pair:91ef5ed8146845814082,2,iTE:P0587:n3,iTE:P1180:n2,related_to,左侧泛指热电性能，右侧特指凝胶的热电转换性能，二者均为性能表述但对象、机制不同，无同义依据。,accept,共同定义：离子热电性质集合。38成员中properties为性质集合、performance为综合评价，不能默认互换；载流机制和指标范围又不一致。对明确定义同一层级的子组接受；跨层级缺少评价函数，保留uncertain，高/最高等明确限定另拒绝。P0687摘要表明14实际以Seebeck为预测目标，P1454为CuI电子热电纺织品。,True,independent member evidence and explicit group definitions; targeted secondary rationale comparison,False
pair:47d3bb4dc43a7aadb795,103,iTE:P0588:n2,iTE:P1120:n2,broader_than,left 为层间离子扩散的迁移势垒（未限定离子种类），right 特指阳离子迁移势垒，阳离子是离子的一类。,uncertain,左：barriers；右：cation migration barrier。0是层间绝热迁移势垒，1是阳离子热扩散方向势垒，2为纳米径向离子跳跃势垒；现有证据不能判定统一能垒定义，均不合并。,True,independent member evidence and explicit group definitions; targeted secondary rationale comparison,False
pair:a10b9bcf671b377bbc11,11,iTE:P0593:n3,iTE:P0610:n2,related_to,两者都指低值的晶格热导，但 'ultralow' 与 'low' 的限定程度不同、分属不同材料体系，只能算相关而非同义。,uncertain,左：低值状态阈值待核实:0；右：低值状态阈值待核实:1。11/14/15/20明确相对降低，可接受同一变化过程；其余低、超低、本征低和异常低各有不同材料温区阈值，缺少统一适用范围，不强制裁定同义。；reduced状态与reduction/decrease过程不可等价。,False,independent member evidence and explicit group definitions; targeted secondary rationale comparison,False
pair:188a36fae63f631567ed,11,iTE:P0593:n3,iTE:P0638:n2,narrower_than,左侧“ultralow”是对晶格热导率更强限定的概念，属右侧一般“low lattice thermal conductivity”的受限情形，二者限定程度不同。,uncertain,左：低值状态阈值待核实:0；右：低值状态阈值待核实:3。11/14/15/20明确相对降低，可接受同一变化过程；其余低、超低、本征低和异常低各有不同材料温区阈值，缺少统一适用范围，不强制裁定同义。；reduced状态与reduction/decrease过程不可等价。,True,independent member evidence and explicit group definitions; targeted secondary rationale comparison,False
pair:377eec9014a61cfb2ea6,11,iTE:P0593:n3,iTE:P1098:n2,related_to,"同为晶格热导率，但 left 限定为 ""ultralow""（由非晶化导致），right 限定为 ""intrinsically low""（由本征低频局域振动导致），限定条件构成不同的概念内涵，不能判等价。",uncertain,左：低值状态阈值待核实:0；右：低值状态阈值待核实:6。11/14/15/20明确相对降低，可接受同一变化过程；其余低、超低、本征低和异常低各有不同材料温区阈值，缺少统一适用范围，不强制裁定同义。；reduced状态与reduction/decrease过程不可等价。,False,independent member evidence and explicit group definitions; targeted secondary rationale comparison,False
pair:89dddc88ae18b615360d,11,iTE:P0593:n3,iTE:P1137:n2,narrower_than,“ultralow”是对“low”程度的进一步限定，极低晶格热导率是低晶格热导率的更具体（更受限）情形。,uncertain,左：低值状态阈值待核实:0；右：低值状态阈值待核实:9。11/14/15/20明确相对降低，可接受同一变化过程；其余低、超低、本征低和异常低各有不同材料温区阈值，缺少统一适用范围，不强制裁定同义。；reduced状态与reduction/decrease过程不可等价。,True,independent member evidence and explicit group definitions; targeted secondary rationale comparison,False
pair:55c33930bae621d151d2,11,iTE:P0593:n3,iTE:P1480:n3,related_to,同属晶格热导率降低，但左侧强调非晶/晶共存导致的“超低”量级，右侧仅描述与功率因子相平衡的“降低”，程度与语境不同，不能认定为同一概念。,uncertain,左：低值状态阈值待核实:0；右：降低后的晶格热导率状态。11/14/15/20明确相对降低，可接受同一变化过程；其余低、超低、本征低和异常低各有不同材料温区阈值，缺少统一适用范围，不强制裁定同义。；reduced状态与reduction/decrease过程不可等价。,False,independent member evidence and explicit group definitions; targeted secondary rationale comparison,False
pair:8e8835ef8ea196255411,11,iTE:P0593:n3,iTE:P1697:n3,related_to,左侧为全称，右侧为符号 kappa(L)，原文未展开定义且材料不同，只能判定为相关。,uncertain,左：低值状态阈值待核实:0；右：低值状态阈值待核实:17。11/14/15/20明确相对降低，可接受同一变化过程；其余低、超低、本征低和异常低各有不同材料温区阈值，缺少统一适用范围，不强制裁定同义。；reduced状态与reduction/decrease过程不可等价。,False,independent member evidence and explicit group definitions; targeted secondary rationale comparison,False
pair:c08ca2db360926b541ac,11,iTE:P0593:n3,iTE:P1778:n2,related_to,左侧为 Ag2Te1-xSx 的非晶化超低晶格热导率，右侧为 s-A2B 的异常低晶格热导率，材料与机制不同，非同一概念。,uncertain,左：低值状态阈值待核实:0；右：低值状态阈值待核实:18。11/14/15/20明确相对降低，可接受同一变化过程；其余低、超低、本征低和异常低各有不同材料温区阈值，缺少统一适用范围，不强制裁定同义。；reduced状态与reduction/decrease过程不可等价。,False,independent member evidence and explicit group definitions; targeted secondary rationale comparison,False
pair:b1ea2834f393d92e3d03,11,iTE:P0593:n3,iTE:P1970:n2,related_to,左侧描述材料处于“极低晶格热导率”的状态量，右侧描述的是热导率下降这一变化过程，语义角色不同，不构成同义。,uncertain,左：低值状态阈值待核实:0；右：晶格热导率下降过程。11/14/15/20明确相对降低，可接受同一变化过程；其余低、超低、本征低和异常低各有不同材料温区阈值，缺少统一适用范围，不强制裁定同义。；reduced状态与reduction/decrease过程不可等价。,False,independent member evidence and explicit group definitions; targeted secondary rationale comparison,False
pair:073cc697f14ab22f1089,0,iTE:P0600:n2,iTE:P0764:n4,related_to,两处均讨论离子Seebeck的来源/贡献及其调控，但一侧为“符号与大小”属性、一侧为混合导体中的“分量”，名称与限定不同。,reject,左：离子Seebeck系数符号和幅值属性；右：混合导体中加权离子Seebeck贡献。130成员及661既有建议全部逐组读取并按定义划分。thermopower/TEP/Seebeck/S通常同义，但仅在同一载流范围及测量定义下；原摘要证明P0660/P1024/P1210/P1520/P1614是红氧系数，P0595是电子SWCNT，P0547是电动学等效系数，P0804是Kelvin近似，P1676为质子加空穴的总响应。电子、离子、红氧、混合、符号幅值、加权贡献、非线性有限温差系数不可整体传递合并。节点属性及原始数值保留，未确定定义者不跨组接受。,False,independent member evidence and explicit group definitions; targeted secondary rationale comparison,False
pair:76e7b47f384dafa4625d,0,iTE:P0600:n2,iTE:P0833:n2,related_to,左侧是离子热扩散产生的离子 Seebeck 系数（含符号与量值），右侧是 CuI/NC 中 p 型半导体的电子 Seebeck 系数 S≈228 μV K-1，载流子机制与对象不同，不属同一量。,reject,左：离子Seebeck系数符号和幅值属性；右：电子Seebeck系数。130成员及661既有建议全部逐组读取并按定义划分。thermopower/TEP/Seebeck/S通常同义，但仅在同一载流范围及测量定义下；原摘要证明P0660/P1024/P1210/P1520/P1614是红氧系数，P0595是电子SWCNT，P0547是电动学等效系数，P0804是Kelvin近似，P1676为质子加空穴的总响应。电子、离子、红氧、混合、符号幅值、加权贡献、非线性有限温差系数不可整体传递合并。节点属性及原始数值保留，未确定定义者不跨组接受。,False,independent member evidence and explicit group definitions; targeted secondary rationale comparison,False
pair:d777e090f78846d62f53,0,iTE:P0600:n2,iTE:P1544:n3,related_to,左侧是离子Seebeck系数的符号与大小，右侧是化合物的大Seebeck系数；二者都涉及Seebeck系数，但体系与限定不同，不构成同义。,reject,左：离子Seebeck系数符号和幅值属性；右：高电子Seebeck系数。130成员及661既有建议全部逐组读取并按定义划分。thermopower/TEP/Seebeck/S通常同义，但仅在同一载流范围及测量定义下；原摘要证明P0660/P1024/P1210/P1520/P1614是红氧系数，P0595是电子SWCNT，P0547是电动学等效系数，P0804是Kelvin近似，P1676为质子加空穴的总响应。电子、离子、红氧、混合、符号幅值、加权贡献、非线性有限温差系数不可整体传递合并。节点属性及原始数值保留，未确定定义者不跨组接受。,False,independent member evidence and explicit group definitions; targeted secondary rationale comparison,False
pair:7a5d60773f176c335900,52,iTE:P0604:n3,iTE:P1379:n2,related_to,左侧为功率（能量转换速率，来自温差与温度波动双机制），右侧为常温下产生电（电能），物理量与驱动条件均不同，仅同属能量收集相关。,reject,左：热驱动发电；右：环境下渗透自发发电。1/2/3明确温差/温度波动产生电；0为多环境发电未明确唯一热源；4环境下渗透自发产生电，不可默认为热到电转换。,False,independent member evidence and explicit group definitions; targeted secondary rationale comparison,False
pair:b4342a2abea3b8997bb4,13,iTE:P0606:n3,iTE:P0939:n2,broader_than,"右侧""higher carrier mobility""是加了比较限定（更高）的迁移率，左侧为不加限定的泛指载流子迁移率，范围更宽。",reject,左：电子载流子迁移率；右：较高载流子迁移率。0/1/2/3/4/6/12/13/15/16为通常电子载流子迁移率；5/10/11为高值；7相对较高；8明确增强的Hall迁移率；9为电子比空穴更好；14为OECT提取的器件有效迁移率，不能用同词跨定义闭包。,True,independent member evidence and explicit group definitions; targeted secondary rationale comparison,False
pair:221660cdda7942bf92a2,13,iTE:P0606:n3,iTE:P1168:n3,broader_than,左侧泛指载流子迁移率，右侧特指被增强的载流子迁移率，后者是前者的受限状态。,reject,左：电子载流子迁移率；右：增强的Hall迁移率。0/1/2/3/4/6/12/13/15/16为通常电子载流子迁移率；5/10/11为高值；7相对较高；8明确增强的Hall迁移率；9为电子比空穴更好；14为OECT提取的器件有效迁移率，不能用同词跨定义闭包。,True,independent member evidence and explicit group definitions; targeted secondary rationale comparison,False
pair:08aac0542eb85352b7c2,13,iTE:P0606:n3,iTE:P1203:n2,broader_than,左侧泛指载流子迁移率，右侧特指电子相对空穴的更好迁移率，后者是前者的具体情形。,reject,左：电子载流子迁移率；右：电子相对空穴更高迁移率。0/1/2/3/4/6/12/13/15/16为通常电子载流子迁移率；5/10/11为高值；7相对较高；8明确增强的Hall迁移率；9为电子比空穴更好；14为OECT提取的器件有效迁移率，不能用同词跨定义闭包。,True,independent member evidence and explicit group definitions; targeted secondary rationale comparison,False
pair:4bf1d9bb0bcebc5c7e95,13,iTE:P0606:n3,iTE:P1222:n2,broader_than,左侧泛指载流子迁移率，右侧特指高载流子迁移率，后者是前者的受限状态。,reject,左：电子载流子迁移率；右：高载流子迁移率。0/1/2/3/4/6/12/13/15/16为通常电子载流子迁移率；5/10/11为高值；7相对较高；8明确增强的Hall迁移率；9为电子比空穴更好；14为OECT提取的器件有效迁移率，不能用同词跨定义闭包。,True,independent member evidence and explicit group definitions; targeted secondary rationale comparison,False
pair:5476babfcbb6d72fcde2,13,iTE:P0606:n3,iTE:P1294:n1,broader_than,左侧为一般意义上的“载流子迁移率”，右侧限定为“高载流子迁移率”，后者是前者的受限子概念（right IS-A left）。,reject,左：电子载流子迁移率；右：高载流子迁移率。0/1/2/3/4/6/12/13/15/16为通常电子载流子迁移率；5/10/11为高值；7相对较高；8明确增强的Hall迁移率；9为电子比空穴更好；14为OECT提取的器件有效迁移率，不能用同词跨定义闭包。,True,independent member evidence and explicit group definitions; targeted secondary rationale comparison,False
pair:0547988a1e1f3995c91b,11,iTE:P0610:n2,iTE:P1266:n2,broader_than,两侧都指晶格热导率低，但右侧用 extremely 限定为 0.24 W m-1 K-1 的极端低值，范围更窄，故左侧更宽泛。,uncertain,左：低值状态阈值待核实:1；右：低值状态阈值待核实:12。11/14/15/20明确相对降低，可接受同一变化过程；其余低、超低、本征低和异常低各有不同材料温区阈值，缺少统一适用范围，不强制裁定同义。；reduced状态与reduction/decrease过程不可等价。,True,independent member evidence and explicit group definitions; targeted secondary rationale comparison,False
pair:64b5a8f72a323b47b3f0,11,iTE:P0610:n2,iTE:P1322:n2,related_to,left 是“低晶格电导率”这一状态/结果，right 是“晶格热导率的降低”这一变化，二者相关但语义对象不同。,uncertain,左：低值状态阈值待核实:1；右：晶格热导率下降过程。11/14/15/20明确相对降低，可接受同一变化过程；其余低、超低、本征低和异常低各有不同材料温区阈值，缺少统一适用范围，不强制裁定同义。；reduced状态与reduction/decrease过程不可等价。,False,independent member evidence and explicit group definitions; targeted secondary rationale comparison,False
pair:0e62e8502a0aa50e08e0,0,iTE:P0615:n2,iTE:P1457:n2,narrower_than,“ionic Seebeck coefficient”是限定为离子贡献的 Seebeck 系数，属于更宽泛的 Seebeck 系数的一种。,accept,共同定义：离子热扩散热电势系数。130成员及661既有建议全部逐组读取并按定义划分。thermopower/TEP/Seebeck/S通常同义，但仅在同一载流范围及测量定义下；原摘要证明P0660/P1024/P1210/P1520/P1614是红氧系数，P0595是电子SWCNT，P0547是电动学等效系数，P0804是Kelvin近似，P1676为质子加空穴的总响应。电子、离子、红氧、混合、符号幅值、加权贡献、非线性有限温差系数不可整体传递合并。节点属性及原始数值保留，未确定定义者不跨组接受。,True,independent member evidence and explicit group definitions; targeted secondary rationale comparison,False
pair:454884f6f48078972495,0,iTE:P0616:n2,iTE:P0696:n4,broader_than,"右侧原文语境由负号限定（giant negative thermopower, -28.4 mV K-1），是符号受限的更具体概念；左侧为未限定的 ionic thermopower，范围更宽。",accept,共同定义：离子热扩散热电势系数。130成员及661既有建议全部逐组读取并按定义划分。thermopower/TEP/Seebeck/S通常同义，但仅在同一载流范围及测量定义下；原摘要证明P0660/P1024/P1210/P1520/P1614是红氧系数，P0595是电子SWCNT，P0547是电动学等效系数，P0804是Kelvin近似，P1676为质子加空穴的总响应。电子、离子、红氧、混合、符号幅值、加权贡献、非线性有限温差系数不可整体传递合并。节点属性及原始数值保留，未确定定义者不跨组接受。,True,independent member evidence and explicit group definitions; targeted secondary rationale comparison,False
pair:7e443ea8c58d9f6099ae,1,iTE:P0618:n3,iTE:P1013:n1,related_to,左侧为 TE 材料电导率的一般指称，右侧为某一薄膜“更高的”电导率比较表述，属同一物理量的不同具体限定，不构成同义。,reject,左：电子电导率；右：较高电子电导率。67成员逐一读取。完整摘要确认P0377/P0399/P0518/P1639/P1903离子导电，P0959/P1050/P1599混合导电，P1359电子极化子DC，P1964明确离子DC。电子电导、离子电导、两者总和及DC条件不互为严格同义；higher/high/enhanced状态分离。未明载流机制与分量回指保留待定。,False,independent member evidence and explicit group definitions; targeted secondary rationale comparison,False
pair:f6b4458d31913d17bcb4,52,iTE:P0622:n3,iTE:P0708:n3,related_to,两者都指由热得到电能，但 left 由温度波动的离子扩散（Soret 效应）驱动，right 由温度梯度下的 Seebeck 效应驱动，机制与条件不同，不足以判为同一概念。,accept,共同定义：热驱动发电。1/2/3明确温差/温度波动产生电；0为多环境发电未明确唯一热源；4环境下渗透自发产生电，不可默认为热到电转换。,True,independent member evidence and explicit group definitions; targeted secondary rationale comparison,False
pair:ba4bcbf7206605ac55a5,24,iTE:P0626:n1,iTE:P0815:n1,related_to,两侧虽都指离子液体，但左侧限定为作热绝缘栅介质，右侧限定为作纺丝添加剂，功能角色与限定条件不同，无同义表达支持等价。,uncertain,左：ionic liquids；右：ionic liquid additives。完整摘要证实0=EMIM:TFSI、1=MMIM:DCA、3=EMIM乙基硫酸盐、9=EMIM:TCB；2还比较EMIM/Li TFSI，其他未给明确化学身份。不能把所有IL短称当同一材料。已知不同物种逐对拒绝，其余保留待定。,False,independent member evidence and explicit group definitions; targeted secondary rationale comparison,False
pair:edc14c4faa761e233ff3,7,iTE:P0628:n4,iTE:P1876:n2,related_to,左侧指热电功率因子这一物理量本身，右侧指该量的提升（变化/过程），是量与量的变化的关系，不等价。,reject,左：电子功率因子；右：功率因子增强。2明确PF=alpha²sigma支持电子PF共同定义；0/3/13为离子PF，4混合地聚物、10混合凝胶PF未分离载流贡献；1最大值，15/24/25为增强事件，不并入普通PF。,False,independent member evidence and explicit group definitions; targeted secondary rationale comparison,False
pair:1320182a6eeb40540742,11,iTE:P0631:n2,iTE:P0638:n2,narrower_than,左侧带有“ultra-low”这一更强限定词，是右侧一般“low lattice thermal conductivity”的受限子情形。,uncertain,左：低值状态阈值待核实:2；右：低值状态阈值待核实:3。11/14/15/20明确相对降低，可接受同一变化过程；其余低、超低、本征低和异常低各有不同材料温区阈值，缺少统一适用范围，不强制裁定同义。；reduced状态与reduction/decrease过程不可等价。,True,independent member evidence and explicit group definitions; targeted secondary rationale comparison,False
pair:d0f6a5b3c3889fd1b463,11,iTE:P0631:n2,iTE:P1137:n2,narrower_than,两者同为低晶格热导率，但“ultra-low”比“low”限定更强、范围更窄，属于对同一量更极端的受限情形。,uncertain,左：低值状态阈值待核实:2；右：低值状态阈值待核实:9。11/14/15/20明确相对降低，可接受同一变化过程；其余低、超低、本征低和异常低各有不同材料温区阈值，缺少统一适用范围，不强制裁定同义。；reduced状态与reduction/decrease过程不可等价。,True,independent member evidence and explicit group definitions; targeted secondary rationale comparison,False
pair:7e33dc063c68c357110b,11,iTE:P0631:n2,iTE:P1149:n2,related_to,两者同为晶格热导率但分属不同材料（BaAgSb 与 SnTe-GeTe），程度修饰 ultra-low 与 low 及数值不同，不构成同一概念。,uncertain,左：低值状态阈值待核实:2；右：低值状态阈值待核实:10。11/14/15/20明确相对降低，可接受同一变化过程；其余低、超低、本征低和异常低各有不同材料温区阈值，缺少统一适用范围，不强制裁定同义。；reduced状态与reduction/decrease过程不可等价。,False,independent member evidence and explicit group definitions; targeted secondary rationale comparison,False
pair:11a5eaae63d048a4e6d5,11,iTE:P0631:n2,iTE:P1266:n2,related_to,同属晶格热导率性质，但材料（BaAgSb 与 Ag0.5CdBi4.5Se8）与数值（0.59 与 0.24 W m-1 K-1）不同，为不同材料的同类性质描述。,uncertain,左：低值状态阈值待核实:2；右：低值状态阈值待核实:12。11/14/15/20明确相对降低，可接受同一变化过程；其余低、超低、本征低和异常低各有不同材料温区阈值，缺少统一适用范围，不强制裁定同义。；reduced状态与reduction/decrease过程不可等价。,False,independent member evidence and explicit group definitions; targeted secondary rationale comparison,False
pair:86b91e57243a819016cf,11,iTE:P0631:n2,iTE:P1297:n2,related_to,同为晶格热导率性质，但一方为 BaAgSb 的 ultra-low 值、另一方为 Ag8TS6 系列的 low 值，限定条件不同故非等价。,uncertain,左：低值状态阈值待核实:2；右：低值状态阈值待核实:13。11/14/15/20明确相对降低，可接受同一变化过程；其余低、超低、本征低和异常低各有不同材料温区阈值，缺少统一适用范围，不强制裁定同义。；reduced状态与reduction/decrease过程不可等价。,False,independent member evidence and explicit group definitions; targeted secondary rationale comparison,False
pair:8c1117d87a2a5d35ea97,11,iTE:P0631:n2,iTE:P1671:n3,narrower_than,左侧限定为“ultra-low”，比右侧的“low”程度更强、范围更窄，是更具体的低晶格热导率表述。,uncertain,左：低值状态阈值待核实:2；右：低值状态阈值待核实:16。11/14/15/20明确相对降低，可接受同一变化过程；其余低、超低、本征低和异常低各有不同材料温区阈值，缺少统一适用范围，不强制裁定同义。；reduced状态与reduction/decrease过程不可等价。,True,independent member evidence and explicit group definitions; targeted secondary rationale comparison,False
pair:c6d6b6bbb8f8901c2c1b,11,iTE:P0631:n2,iTE:P1778:n2,related_to,两者分别描述 BaAgSb 和 s-A2B 的低晶格热导率，修饰词不同且材料不同，仅相关而不等价。,uncertain,左：低值状态阈值待核实:2；右：低值状态阈值待核实:18。11/14/15/20明确相对降低，可接受同一变化过程；其余低、超低、本征低和异常低各有不同材料温区阈值，缺少统一适用范围，不强制裁定同义。；reduced状态与reduction/decrease过程不可等价。,False,independent member evidence and explicit group definitions; targeted secondary rationale comparison,False
pair:ee86526831ee7e957005,10,iTE:P0632:n1,iTE:P1565:n2,narrower_than,left 限定为稀土阳离子的离子半径，right 泛指离子半径，故 left 更具体。,reject,左：三价稀土阳离子半径；右：填充原子离子半径。0/1/2/3/4/7/8/9/10/11/12/14/19/20均三价稀土阳离子半径；5为碱金属占位半径，6摘要确认为碱土A位半径；13填充原子半径含Li，15一般半径描述符，16含Sc/Cr的M3+；17/18明确稀土半径减小事件。；P1332明确R含Bi，单独保留该对象集合。,True,independent member evidence and explicit group definitions; targeted secondary rationale comparison,False
pair:1ac70294afa58bea75f1,10,iTE:P0632:n1,iTE:P1644:n1,narrower_than,left 限定为稀土阳离子的离子半径，right 泛指离子半径描述符，故 left 更具体。,reject,左：三价稀土阳离子半径；右：一般离子半径描述符。0/1/2/3/4/7/8/9/10/11/12/14/19/20均三价稀土阳离子半径；5为碱金属占位半径，6摘要确认为碱土A位半径；13填充原子半径含Li，15一般半径描述符，16含Sc/Cr的M3+；17/18明确稀土半径减小事件。；P1332明确R含Bi，单独保留该对象集合。,True,independent member evidence and explicit group definitions; targeted secondary rationale comparison,False
pair:0941acd5b06f85bafc6b,1,iTE:P0632:n2,iTE:P1270:n2,broader_than,左侧为未加限定的电导率（泛指），右侧特指直流（dc）电导率，是电导率的一种受限测量形式。,reject,左：电子电导率；右：混合直流电导率。67成员逐一读取。完整摘要确认P0377/P0399/P0518/P1639/P1903离子导电，P0959/P1050/P1599混合导电，P1359电子极化子DC，P1964明确离子DC。电子电导、离子电导、两者总和及DC条件不互为严格同义；higher/high/enhanced状态分离。未明载流机制与分量回指保留待定。,True,independent member evidence and explicit group definitions; targeted secondary rationale comparison,False
pair:7c573baf783bdc5721f3,21,iTE:P0633:n2,iTE:P0929:n1,narrower_than,左侧“high anharmonicity”是在右侧“anharmonicity”上加了程度限定的受限概念，属其具体形式。,reject,左：强晶格非谐性；右：晶格非谐性。1/5/8/9为晶格/声子非谐性一般属性；0/3/4/6/7/10明确高/强晶格非谐性；2为比较greater，未定义达到高值。；动力学现象与非谐性性质拆开。,True,independent member evidence and explicit group definitions; targeted secondary rationale comparison,False
pair:fd6e84d32131ad80ae61,21,iTE:P0633:n2,iTE:P1101:n2,related_to,左侧为该材料固有的高非谐性（绝对描述），右侧为Se基化合物相对S基化合物的比较级描述，限定条件不同，只能判为相关。,reject,左：强晶格非谐性；右：较大非谐性。1/5/8/9为晶格/声子非谐性一般属性；0/3/4/6/7/10明确高/强晶格非谐性；2为比较greater，未定义达到高值。；动力学现象与非谐性性质拆开。,False,independent member evidence and explicit group definitions; targeted secondary rationale comparison,False
pair:b56810a846288fc22e4b,21,iTE:P0633:n2,iTE:P1478:n2,related_to,两侧都涉及材料非谐性，但一侧限定程度（high）、一侧限定归属（lattice），语义范围（程度 vs 类型）不同，只能判为相关而非严格等价。,reject,左：强晶格非谐性；右：晶格非谐性。1/5/8/9为晶格/声子非谐性一般属性；0/3/4/6/7/10明确高/强晶格非谐性；2为比较greater，未定义达到高值。；动力学现象与非谐性性质拆开。,False,independent member evidence and explicit group definitions; targeted secondary rationale comparison,False
pair:5113884eece33a1b5557,10,iTE:P0636:n1,iTE:P0731:n1,related_to,均为离子半径这一物理量，但左侧明确限定为稀土元素离子半径并给出 Ho3+…Pr3+ 序列，右侧仅称取代的 R 离子，原文未证明 R 即为稀土，不能判定等价或严格上下位。,accept,共同定义：三价稀土阳离子半径。0/1/2/3/4/7/8/9/10/11/12/14/19/20均三价稀土阳离子半径；5为碱金属占位半径，6摘要确认为碱土A位半径；13填充原子半径含Li，15一般半径描述符，16含Sc/Cr的M3+；17/18明确稀土半径减小事件。；P1332明确R含Bi，单独保留该对象集合。,True,independent member evidence and explicit group definitions; targeted secondary rationale comparison,False
pair:16f9968ac6afb4e65d14,10,iTE:P0636:n1,iTE:P1090:n1,related_to,同属离子半径量，但左侧对象是稀土元素（Ho/Dy/Gd/Sm/Nd/Pr），右侧对象是 ACu3TlSe4 的碱土 A 位阳离子（Mg/Ca/Sr/Ba），对象不同且无同义表述。,reject,左：三价稀土阳离子半径；右：碱土A位阳离子半径。0/1/2/3/4/7/8/9/10/11/12/14/19/20均三价稀土阳离子半径；5为碱金属占位半径，6摘要确认为碱土A位半径；13填充原子半径含Li，15一般半径描述符，16含Sc/Cr的M3+；17/18明确稀土半径减小事件。；P1332明确R含Bi，单独保留该对象集合。,False,independent member evidence and explicit group definitions; targeted secondary rationale comparison,False
pair:ee14c157716c6d01e242,10,iTE:P0636:n1,iTE:P1907:n1,related_to,left 为稀土元素离子半径随组成变化的静态性质，right 为 R3+ 半径的递减趋势（镧系收缩），语义类型不同，仅属同一性质的关联。,reject,左：三价稀土阳离子半径；右：三价稀土离子半径减小。0/1/2/3/4/7/8/9/10/11/12/14/19/20均三价稀土阳离子半径；5为碱金属占位半径，6摘要确认为碱土A位半径；13填充原子半径含Li，15一般半径描述符，16含Sc/Cr的M3+；17/18明确稀土半径减小事件。；P1332明确R含Bi，单独保留该对象集合。,False,independent member evidence and explicit group definitions; targeted secondary rationale comparison,False
pair:19ebb295fc2afab45407,10,iTE:P0636:n1,iTE:P1952:n1,related_to,左侧为稀土离子半径这一量（并给出半径排序），右侧为“半径减小”的趋势表述，二者语义范围不同，不可判定等价。,reject,左：三价稀土阳离子半径；右：三价稀土离子半径减小。0/1/2/3/4/7/8/9/10/11/12/14/19/20均三价稀土阳离子半径；5为碱金属占位半径，6摘要确认为碱土A位半径；13填充原子半径含Li，15一般半径描述符，16含Sc/Cr的M3+；17/18明确稀土半径减小事件。；P1332明确R含Bi，单独保留该对象集合。,False,independent member evidence and explicit group definitions; targeted secondary rationale comparison,False
pair:df5170742582f987204c,1,iTE:P0636:n2,iTE:P1013:n1,broader_than,"left 是无取向限定的通用电导率，right 以 ""higher"" 限定了电导率取值方向与对象，范围更窄。",reject,左：电子电导率；右：较高电子电导率。67成员逐一读取。完整摘要确认P0377/P0399/P0518/P1639/P1903离子导电，P0959/P1050/P1599混合导电，P1359电子极化子DC，P1964明确离子DC。电子电导、离子电导、两者总和及DC条件不互为严格同义；higher/high/enhanced状态分离。未明载流机制与分量回指保留待定。,True,independent member evidence and explicit group definitions; targeted secondary rationale comparison,False
pair:ca55f310ded96e1888f4,1,iTE:P0636:n2,iTE:P1257:n2,related_to,两侧都指电导率这一物理量，但右侧被限定为特定体系中被“增强”的电导率（enhanced），是带修饰的表述而非同义术语，故为相关而非等价。,reject,左：电子电导率；右：电子电导增强。67成员逐一读取。完整摘要确认P0377/P0399/P0518/P1639/P1903离子导电，P0959/P1050/P1599混合导电，P1359电子极化子DC，P1964明确离子DC。电子电导、离子电导、两者总和及DC条件不互为严格同义；higher/high/enhanced状态分离。未明载流机制与分量回指保留待定。,False,independent member evidence and explicit group definitions; targeted secondary rationale comparison,False
pair:43edebbd21d279a3db78,1,iTE:P0636:n2,iTE:P1356:n1,broader_than,左侧是不加限定的电导率量，右侧特指水凝胶中高达约305 S cm(-1)的高电导率，属带幅度限定的更具体概念。,uncertain,原摘要未给该电导的载流子/总量与分量归属，或高值定义不足；不靠相同conductivity/DC词强行判定。；左：电子电导率；右：高电导率载流类型待定,True,independent member evidence and explicit group definitions; targeted secondary rationale comparison,False
pair:3bcd4d3fb27b491ab927,1,iTE:P0636:n2,iTE:P1772:n2,broader_than,右侧明确限定为直流（dc）条件下的电导率，是左侧通用 electrical conductivity 的受限具体形式，故左侧更宽泛。,uncertain,原摘要未给该电导的载流子/总量与分量归属，或高值定义不足；不靠相同conductivity/DC词强行判定。；左：电子电导率；右：玻璃直流电导载流机制待定,True,independent member evidence and explicit group definitions; targeted secondary rationale comparison,False
pair:396f54e425003e7d138f,1,iTE:P0636:n2,iTE:P1952:n2,broader_than,左侧为未限定测量类型的电导率（总称），右侧特指直流电导率，是前者的受限子类（dc conductivity IS-A electrical conductivity）。,uncertain,原摘要未给该电导的载流子/总量与分量归属，或高值定义不足；不靠相同conductivity/DC词强行判定。；左：电子电导率；右：CBH直流电导载流类型待定,True,independent member evidence and explicit group definitions; targeted secondary rationale comparison,False
pair:1e4ca09e11d0f8498238,11,iTE:P0638:n2,iTE:P1098:n2,broader_than,右侧在“低晶格热导率”之上加了“intrinsically”（本征来源）这一限定，是左侧一般性 low lattice thermal conductivity 的受限子类。,uncertain,左：低值状态阈值待核实:3；右：低值状态阈值待核实:6。11/14/15/20明确相对降低，可接受同一变化过程；其余低、超低、本征低和异常低各有不同材料温区阈值，缺少统一适用范围，不强制裁定同义。；reduced状态与reduction/decrease过程不可等价。,True,independent member evidence and explicit group definitions; targeted secondary rationale comparison,False
pair:de25efd7daa0d422e154,11,iTE:P0638:n2,iTE:P1266:n2,broader_than,同为晶格热导率低的性质，但右侧附加 extremely 并给出 0.24 W m-1 K-1（823 K）的极端数值限定，比左侧泛称的 low 更受限。,uncertain,左：低值状态阈值待核实:3；右：低值状态阈值待核实:12。11/14/15/20明确相对降低，可接受同一变化过程；其余低、超低、本征低和异常低各有不同材料温区阈值，缺少统一适用范围，不强制裁定同义。；reduced状态与reduction/decrease过程不可等价。,True,independent member evidence and explicit group definitions; targeted secondary rationale comparison,False
pair:b1875594c07b275fdbda,11,iTE:P0638:n2,iTE:P1322:n2,related_to,"左侧描述Ag2S本身""低""的晶格热导率状态/数值，右侧描述晶格热导率被降低的减小过程，一为状态属性一为变化过程，非等价。",uncertain,左：低值状态阈值待核实:3；右：晶格热导率下降过程。11/14/15/20明确相对降低，可接受同一变化过程；其余低、超低、本征低和异常低各有不同材料温区阈值，缺少统一适用范围，不强制裁定同义。；reduced状态与reduction/decrease过程不可等价。,False,independent member evidence and explicit group definitions; targeted secondary rationale comparison,False
pair:cc43b9b1877aeaec04d3,11,iTE:P0638:n2,iTE:P1480:n3,related_to,left 为 Ag2S 的“低”晶格热导率（绝对低值），right 为 K2IrI6 中被“降低的”晶格热导率，材料与限定语义（low 与 reduced）均不同，仅同属晶格热导率范畴。,uncertain,左：低值状态阈值待核实:3；右：降低后的晶格热导率状态。11/14/15/20明确相对降低，可接受同一变化过程；其余低、超低、本征低和异常低各有不同材料温区阈值，缺少统一适用范围，不强制裁定同义。；reduced状态与reduction/decrease过程不可等价。,False,independent member evidence and explicit group definitions; targeted secondary rationale comparison,False
pair:0a5251f954464be867f9,11,iTE:P0638:n2,iTE:P1671:n3,related_to,名称相同但对象不同：left 指 Ag2S 的晶格热导率，right 指 ACrX2 化合物的晶格热导率，属同一物理量在不同材料体系中的实例，非同一概念。,uncertain,左：低值状态阈值待核实:3；右：低值状态阈值待核实:16。11/14/15/20明确相对降低，可接受同一变化过程；其余低、超低、本征低和异常低各有不同材料温区阈值，缺少统一适用范围，不强制裁定同义。；reduced状态与reduction/decrease过程不可等价。,False,independent member evidence and explicit group definitions; targeted secondary rationale comparison,False
pair:a732412ade8f35f1cf9a,11,iTE:P0638:n2,iTE:P1778:n2,related_to,左侧是单斜 Ag2S 的固有低晶格热导率（<0.6 W m-1 K-1），右侧是 2D s-A(2)B 的低晶格热导率（低至 1.5 W m-1 K-1）；对象材料与数值条件不同，属同类性质的不同实例，非同一概念。,uncertain,左：低值状态阈值待核实:3；右：低值状态阈值待核实:18。11/14/15/20明确相对降低，可接受同一变化过程；其余低、超低、本征低和异常低各有不同材料温区阈值，缺少统一适用范围，不强制裁定同义。；reduced状态与reduction/decrease过程不可等价。,False,independent member evidence and explicit group definitions; targeted secondary rationale comparison,False
pair:abdb79f01248779fccfa,11,iTE:P0638:n2,iTE:P1970:n2,related_to,左侧指材料本身具有的低晶格热导率（状态/属性），右侧指随温度升高发生的晶格热导率下降过程，二者为属性与其变化的关系。,uncertain,左：低值状态阈值待核实:3；右：晶格热导率下降过程。11/14/15/20明确相对降低，可接受同一变化过程；其余低、超低、本征低和异常低各有不同材料温区阈值，缺少统一适用范围，不强制裁定同义。；reduced状态与reduction/decrease过程不可等价。,False,independent member evidence and explicit group definitions; targeted secondary rationale comparison,False
pair:5917134957eebb5d1d53,34,iTE:P0642:n2,iTE:P1356:n2,broader_than,right 增加了 areal 与 thermoelectric 限定，是面积归一的热电输出功率，为 left 通用 output power 的受限具体种类。,accept,共同定义：面积输出功率密度。0/4/5/7为W/m²面积功率，4虽名output power但单位纠正其量纲；1/2/6为再除温差平方的功率密度；3为总输出功率。不能跨量纲合并。,True,independent member evidence and explicit group definitions; targeted secondary rationale comparison,False
pair:d06ac92da0efec9f7cd8,34,iTE:P0642:n2,iTE:P1730:n3,related_to,左侧是输出功率，右侧是输出功率密度（单位面积功率）；量纲与定义不同，仅相关不等价。,accept,共同定义：面积输出功率密度。0/4/5/7为W/m²面积功率，4虽名output power但单位纠正其量纲；1/2/6为再除温差平方的功率密度；3为总输出功率。不能跨量纲合并。,True,independent member evidence and explicit group definitions; targeted secondary rationale comparison,False
pair:1e5cf4883eeaaf4149c9,0,iTE:P0643:n2,iTE:P0683:n3,related_to,右侧是纤维素水凝胶体系中经通道调控的离子热电势，左侧是涵盖离子与电子两个分量、以 thermocell 反应形式化描述的 thermopower，限定条件与范围不同，仅存在语义联系。,reject,左：混合离子电子总热电势系数；右：离子热扩散热电势系数。130成员及661既有建议全部逐组读取并按定义划分。thermopower/TEP/Seebeck/S通常同义，但仅在同一载流范围及测量定义下；原摘要证明P0660/P1024/P1210/P1520/P1614是红氧系数，P0595是电子SWCNT，P0547是电动学等效系数，P0804是Kelvin近似，P1676为质子加空穴的总响应。电子、离子、红氧、混合、符号幅值、加权贡献、非线性有限温差系数不可整体传递合并。节点属性及原始数值保留，未确定定义者不跨组接受。,False,independent member evidence and explicit group definitions; targeted secondary rationale comparison,False
pair:324a47ceefdab5bf15c8,0,iTE:P0643:n2,iTE:P0696:n4,distinct_from,右侧限定为负号的大热电势（giant negative thermopower），左侧是氧化物 n-p 转变区的一般 thermopower 表达式，符号/取值方向不同，不属同一概念。,reject,左：混合离子电子总热电势系数；右：离子热扩散热电势系数。130成员及661既有建议全部逐组读取并按定义划分。thermopower/TEP/Seebeck/S通常同义，但仅在同一载流范围及测量定义下；原摘要证明P0660/P1024/P1210/P1520/P1614是红氧系数，P0595是电子SWCNT，P0547是电动学等效系数，P0804是Kelvin近似，P1676为质子加空穴的总响应。电子、离子、红氧、混合、符号幅值、加权贡献、非线性有限温差系数不可整体传递合并。节点属性及原始数值保留，未确定定义者不跨组接受。,False,independent member evidence and explicit group definitions; targeted secondary rationale comparison,False
pair:d026333a5f8f54d5c4df,8,iTE:P0650:n3,iTE:P1557:n2,related_to,两者同为“离子电导率”这一物理量，但分属不同材料体系（IGs 与 SPE），原文未给出可判定同一概念的同义表述。,reject,左：离子凝胶电导率；右：固体聚合物电解质电导率。除12/23外各成员均一般离子电导率，包括被否定存在的21/24仍是该物理量；12明确ionogel、23明确SPE材料限定，不删除这些范围。,False,independent member evidence and explicit group definitions; targeted secondary rationale comparison,False
pair:2871188693d1287a46f4,1,iTE:P0651:n2,iTE:P1257:n2,broader_than,左侧为未加限定的“电导率”量，右侧是带限定条件的“被增强的电导率”，后者是前者的具体情形（IS-A）。,reject,左：电子电导率；右：电子电导增强。67成员逐一读取。完整摘要确认P0377/P0399/P0518/P1639/P1903离子导电，P0959/P1050/P1599混合导电，P1359电子极化子DC，P1964明确离子DC。电子电导、离子电导、两者总和及DC条件不互为严格同义；higher/high/enhanced状态分离。未明载流机制与分量回指保留待定。,True,independent member evidence and explicit group definitions; targeted secondary rationale comparison,False
pair:60ef6f4a8d636dac8697,4,iTE:P0654:n2,iTE:P1249:n2,related_to,左侧是未限定的热导率，右侧明确限定为包含全部声子/电子贡献的“总热导率”，限定词构成概念范围差别，不能判定为同义或简单上下位。,accept,共同定义：材料总体热导率。除6/16/28外29个节点均材料总体热导率κ，total/overall为同量展开；30说明声子主导但仍总κ。16明确phonon thermal conductivity是分量；6明确large高值；28为晶界局部热导属性，不能直接当均匀体相热导率。,True,independent member evidence and explicit group definitions; targeted secondary rationale comparison,False
pair:d011e87d5193f668d4a5,30,iTE:P0661:n2,iTE:P1127:n2,related_to,左侧是电阻率这一物理量本身，右侧是电阻率的升高（变化量），是量与其变化的关系，不等价。,reject,左：电阻率；右：电阻率增加。0/3/5/7为电阻率量；1/2为相对基准较高状态；4/6明确增加变化，不混合物理量和状态事件。,False,independent member evidence and explicit group definitions; targeted secondary rationale comparison,False
pair:00eb2fac82374c8cd6ce,30,iTE:P0661:n2,iTE:P1283:n2,related_to,左侧为电阻率量本身，右侧为其升高，属属性与其变化的关系，非等价。,reject,左：电阻率；右：电阻率增加。0/3/5/7为电阻率量；1/2为相对基准较高状态；4/6明确增加变化，不混合物理量和状态事件。,False,independent member evidence and explicit group definitions; targeted secondary rationale comparison,False
pair:a706fc3e3cd302970cc2,72,iTE:P0662:n1,iTE:P0842:n1,broader_than,右侧是特定 Ag+ 离子的离子迁移热，是左侧“离子迁移热”这一泛称的具体种类，故左侧更宽泛。,reject,左：离子输运热；右：Ag+输运热。0/3一般离子输运热，1原文和2均明确银离子输运热；两种记号对应该银离子量，但不可泛化所有离子。,True,independent member evidence and explicit group definitions; targeted secondary rationale comparison,False
pair:4ea76242102177f735ec,7,iTE:P0674:n2,iTE:P1876:n2,related_to,左侧指功率因子这一物理量本身，右侧指该量的提升（变化方向/幅度），是量与量之变化的关系，不等价。,reject,左：电子功率因子；右：功率因子增强。2明确PF=alpha²sigma支持电子PF共同定义；0/3/13为离子PF，4混合地聚物、10混合凝胶PF未分离载流贡献；1最大值，15/24/25为增强事件，不并入普通PF。,False,independent member evidence and explicit group definitions; targeted secondary rationale comparison,False
pair:c5dd95d8b553a53b5598,4,iTE:P0674:n4,iTE:P0921:n4,broader_than,左侧为未区分的热导率，右侧被 total 限定为总热导率（区别于晶格/电子分量），限定条件构成概念定义，左宽右窄。,accept,共同定义：材料总体热导率。除6/16/28外29个节点均材料总体热导率κ，total/overall为同量展开；30说明声子主导但仍总κ。16明确phonon thermal conductivity是分量；6明确large高值；28为晶界局部热导属性，不能直接当均匀体相热导率。,True,independent member evidence and explicit group definitions; targeted secondary rationale comparison,False
pair:167f9521e69b95cdb592,2,iTE:P0675:n2,iTE:P0861:n2,related_to,两侧分别强调材料的功能性热电性能与材料热电物性，原文无同义表述，performance 偏器件/功能指标而 properties 偏材料属性，只能判为相关。,uncertain,左：电子热电整体性能；右：电子热电性质集合。38成员中properties为性质集合、performance为综合评价，不能默认互换；载流机制和指标范围又不一致。对明确定义同一层级的子组接受；跨层级缺少评价函数，保留uncertain，高/最高等明确限定另拒绝。P0687摘要表明14实际以Seebeck为预测目标，P1454为CuI电子热电纺织品。,False,independent member evidence and explicit group definitions; targeted secondary rationale comparison,False
pair:2ed3999b837c2c0d5c1f,2,iTE:P0675:n2,iTE:P1327:n2,related_to,左侧为泛指的热电性能范畴，右侧特指某聚合物掺杂后达到的最高热电性能，限定条件（材料、掺杂、最高值）不同，属同一属性但非同义。,uncertain,左：电子热电整体性能；右：最高性能。38成员中properties为性质集合、performance为综合评价，不能默认互换；载流机制和指标范围又不一致。对明确定义同一层级的子组接受；跨层级缺少评价函数，保留uncertain，高/最高等明确限定另拒绝。P0687摘要表明14实际以Seebeck为预测目标，P1454为CuI电子热电纺织品。,False,independent member evidence and explicit group definitions; targeted secondary rationale comparison,False
pair:dde5adf6939b6b12397c,2,iTE:P0675:n2,iTE:P1393:n2,broader_than,left 泛指热电性能这一指标，right 加了限定词 good，是性能取值良好这一受限的具体情形，right IS-A left，两者不等价。,uncertain,左：电子热电整体性能；右：良好性能。38成员中properties为性质集合、performance为综合评价，不能默认互换；载流机制和指标范围又不一致。对明确定义同一层级的子组接受；跨层级缺少评价函数，保留uncertain，高/最高等明确限定另拒绝。P0687摘要表明14实际以Seebeck为预测目标，P1454为CuI电子热电纺织品。,True,independent member evidence and explicit group definitions; targeted secondary rationale comparison,False
pair:7cb53a5c8fd9cd1d6136,0,iTE:P0677:n2,iTE:P0764:n4,related_to,左侧是量纲为 mV K-1 的离子 Seebeck 系数，右侧是被抑制的离子 Seebeck 分量（热电电压的组成部分），对象不同，原文无同义表述。,reject,左：离子热扩散热电势系数；右：混合导体中加权离子Seebeck贡献。130成员及661既有建议全部逐组读取并按定义划分。thermopower/TEP/Seebeck/S通常同义，但仅在同一载流范围及测量定义下；原摘要证明P0660/P1024/P1210/P1520/P1614是红氧系数，P0595是电子SWCNT，P0547是电动学等效系数，P0804是Kelvin近似，P1676为质子加空穴的总响应。电子、离子、红氧、混合、符号幅值、加权贡献、非线性有限温差系数不可整体传递合并。节点属性及原始数值保留，未确定定义者不跨组接受。,False,independent member evidence and explicit group definitions; targeted secondary rationale comparison,False
pair:d9cf35e39075d66c33a5,0,iTE:P0677:n2,iTE:P0833:n2,related_to,左侧是离子载流子贡献的 ionic Seebeck coefficient（水凝胶，-32.6~31.7 mV K-1），右侧是 p 型半导体 CuI 的电子 Seebeck 系数 S（~228 mu V K-1），载流子机制与对象不同，非同一概念。,reject,左：离子热扩散热电势系数；右：电子Seebeck系数。130成员及661既有建议全部逐组读取并按定义划分。thermopower/TEP/Seebeck/S通常同义，但仅在同一载流范围及测量定义下；原摘要证明P0660/P1024/P1210/P1520/P1614是红氧系数，P0595是电子SWCNT，P0547是电动学等效系数，P0804是Kelvin近似，P1676为质子加空穴的总响应。电子、离子、红氧、混合、符号幅值、加权贡献、非线性有限温差系数不可整体传递合并。节点属性及原始数值保留，未确定定义者不跨组接受。,False,independent member evidence and explicit group definitions; targeted secondary rationale comparison,False
pair:05e18b6c48d531daf3f6,0,iTE:P0677:n2,iTE:P0941:n2,related_to,左侧特指离子热扩散的 Seebeck 系数，右侧是半导体中高载流子浓度下的高 Seebeck 系数，载流子类型与限定条件不同。,reject,左：离子热扩散热电势系数；右：高电子Seebeck系数。130成员及661既有建议全部逐组读取并按定义划分。thermopower/TEP/Seebeck/S通常同义，但仅在同一载流范围及测量定义下；原摘要证明P0660/P1024/P1210/P1520/P1614是红氧系数，P0595是电子SWCNT，P0547是电动学等效系数，P0804是Kelvin近似，P1676为质子加空穴的总响应。电子、离子、红氧、混合、符号幅值、加权贡献、非线性有限温差系数不可整体传递合并。节点属性及原始数值保留，未确定定义者不跨组接受。,False,independent member evidence and explicit group definitions; targeted secondary rationale comparison,False
pair:0411b09db144149f3c89,0,iTE:P0677:n2,iTE:P1544:n3,related_to,左侧为离子 Seebeck 系数（可正可负，由 pH 调控离子迁移），右侧为电子能带结构决定的电子 Seebeck 系数，机制与载流子不同。,reject,左：离子热扩散热电势系数；右：高电子Seebeck系数。130成员及661既有建议全部逐组读取并按定义划分。thermopower/TEP/Seebeck/S通常同义，但仅在同一载流范围及测量定义下；原摘要证明P0660/P1024/P1210/P1520/P1614是红氧系数，P0595是电子SWCNT，P0547是电动学等效系数，P0804是Kelvin近似，P1676为质子加空穴的总响应。电子、离子、红氧、混合、符号幅值、加权贡献、非线性有限温差系数不可整体传递合并。节点属性及原始数值保留，未确定定义者不跨组接受。,False,independent member evidence and explicit group definitions; targeted secondary rationale comparison,False
pair:6249d3fd9e5cce3fec13,0,iTE:P0683:n3,iTE:P0696:n4,distinct_from,左侧 thermopower 为正值（2.45 → 8.13 mV·K-1），右侧为负热电势（-28.4 mV·K-1），符号相反，属相反极性的量。,accept,共同定义：离子热扩散热电势系数。130成员及661既有建议全部逐组读取并按定义划分。thermopower/TEP/Seebeck/S通常同义，但仅在同一载流范围及测量定义下；原摘要证明P0660/P1024/P1210/P1520/P1614是红氧系数，P0595是电子SWCNT，P0547是电动学等效系数，P0804是Kelvin近似，P1676为质子加空穴的总响应。电子、离子、红氧、混合、符号幅值、加权贡献、非线性有限温差系数不可整体传递合并。节点属性及原始数值保留，未确定定义者不跨组接受。,True,independent member evidence and explicit group definitions; targeted secondary rationale comparison,False
pair:4778ceb45313d08a78b5,0,iTE:P0683:n3,iTE:P0811:n2,related_to,左侧是离子热电势，右侧是 Kondo 相互作用增强的电子热电势，载流子与机制不同，不是同义概念。,reject,左：离子热扩散热电势系数；右：电子Seebeck系数。130成员及661既有建议全部逐组读取并按定义划分。thermopower/TEP/Seebeck/S通常同义，但仅在同一载流范围及测量定义下；原摘要证明P0660/P1024/P1210/P1520/P1614是红氧系数，P0595是电子SWCNT，P0547是电动学等效系数，P0804是Kelvin近似，P1676为质子加空穴的总响应。电子、离子、红氧、混合、符号幅值、加权贡献、非线性有限温差系数不可整体传递合并。节点属性及原始数值保留，未确定定义者不跨组接受。,False,independent member evidence and explicit group definitions; targeted secondary rationale comparison,False
pair:73a14aa7604b158cbf94,0,iTE:P0683:n3,iTE:P1488:n2,broader_than,左侧节点为泛称 thermopower，右侧明确限定为 ionic thermopower（离子贡献），右侧是左侧的更具体种类。,accept,共同定义：离子热扩散热电势系数。130成员及661既有建议全部逐组读取并按定义划分。thermopower/TEP/Seebeck/S通常同义，但仅在同一载流范围及测量定义下；原摘要证明P0660/P1024/P1210/P1520/P1614是红氧系数，P0595是电子SWCNT，P0547是电动学等效系数，P0804是Kelvin近似，P1676为质子加空穴的总响应。电子、离子、红氧、混合、符号幅值、加权贡献、非线性有限温差系数不可整体传递合并。节点属性及原始数值保留，未确定定义者不跨组接受。,True,independent member evidence and explicit group definitions; targeted secondary rationale comparison,False
pair:eeefd26ccdc3bd04ab93,0,iTE:P0683:n3,iTE:P1520:n4,distinct_from,左侧 thermopower 为正值，右侧 thermopower 为负值，正负号相反，按规则判为 distinct_from。,reject,左：离子热扩散热电势系数；右：红氧电化学Seebeck系数。130成员及661既有建议全部逐组读取并按定义划分。thermopower/TEP/Seebeck/S通常同义，但仅在同一载流范围及测量定义下；原摘要证明P0660/P1024/P1210/P1520/P1614是红氧系数，P0595是电子SWCNT，P0547是电动学等效系数，P0804是Kelvin近似，P1676为质子加空穴的总响应。电子、离子、红氧、混合、符号幅值、加权贡献、非线性有限温差系数不可整体传递合并。节点属性及原始数值保留，未确定定义者不跨组接受。,False,independent member evidence and explicit group definitions; targeted secondary rationale comparison,False
pair:87f70fda96d23aca9925,0,iTE:P0696:n4,iTE:P1711:n3,distinct_from,左侧原文为负热电势（-28.4 mV K-1），右侧为正值热电势（12.34 mV K-1），符号相反的量按规则判为不同概念。,reject,左：离子热扩散热电势系数；右：热扩散与NH4热脱嵌混合系数。130成员及661既有建议全部逐组读取并按定义划分。thermopower/TEP/Seebeck/S通常同义，但仅在同一载流范围及测量定义下；原摘要证明P0660/P1024/P1210/P1520/P1614是红氧系数，P0595是电子SWCNT，P0547是电动学等效系数，P0804是Kelvin近似，P1676为质子加空穴的总响应。电子、离子、红氧、混合、符号幅值、加权贡献、非线性有限温差系数不可整体传递合并。节点属性及原始数值保留，未确定定义者不跨组接受。,False,independent member evidence and explicit group definitions; targeted secondary rationale comparison,False
pair:0f2a8b93eb407a24ae65,2,iTE:P0700:n2,iTE:P1074:n2,related_to,左侧泛指热电性质集合，右侧指热电性能（效能高低的比较），二者相关但语义范围不同，不构成同义。,uncertain,左：电子热电性质集合；右：电子热电整体性能。38成员中properties为性质集合、performance为综合评价，不能默认互换；载流机制和指标范围又不一致。对明确定义同一层级的子组接受；跨层级缺少评价函数，保留uncertain，高/最高等明确限定另拒绝。P0687摘要表明14实际以Seebeck为预测目标，P1454为CuI电子热电纺织品。,False,independent member evidence and explicit group definitions; targeted secondary rationale comparison,False
pair:ff84d54696b53f26a103,5,iTE:P0703:n2,iTE:P0716:n3,narrower_than,左侧被“High temperature”限定，是热电优值在高温区间的受限特例，语义范围窄于右侧未限定的热电优值。,reject,左：高温热电ZT；右：电子热电无量纲ZT。一般电子材料ZT=热电优值同义缩写；0为离子电解质ZT，12为液体红氧转换ZT；2限定高温，10限定接近1，16/22限定高ZT，23原文为自旋分辨ZT。不能把性能同类当同定义。,True,independent member evidence and explicit group definitions; targeted secondary rationale comparison,False
pair:e3ee65364fc72931f2d9,5,iTE:P0703:n2,iTE:P0726:n2,narrower_than,两者同为热电优值 ZT，但左侧被明确限定为“高温”（并绑定 Ca 掺杂稀土钴氧化物），是右侧通用热电优值的受限情形。,reject,左：高温热电ZT；右：电子热电无量纲ZT。一般电子材料ZT=热电优值同义缩写；0为离子电解质ZT，12为液体红氧转换ZT；2限定高温，10限定接近1，16/22限定高ZT，23原文为自旋分辨ZT。不能把性能同类当同定义。,True,independent member evidence and explicit group definitions; targeted secondary rationale comparison,False
pair:c95a96221d41aecc1185,5,iTE:P0703:n2,iTE:P0774:n2,related_to,两侧虽都称热电优值，但左侧限定于高温 Ca 掺杂稀土钴氧化物，右侧指分子结模型中的 ZT，材料/尺度/机制均不同。,reject,左：高温热电ZT；右：电子热电无量纲ZT。一般电子材料ZT=热电优值同义缩写；0为离子电解质ZT，12为液体红氧转换ZT；2限定高温，10限定接近1，16/22限定高ZT，23原文为自旋分辨ZT。不能把性能同类当同定义。,False,independent member evidence and explicit group definitions; targeted secondary rationale comparison,False
pair:50f778902c30bc15816b,5,iTE:P0703:n2,iTE:P0798:n2,narrower_than,两侧同一物理量zT，但左侧附加“High temperature”温度区间限定，构成右侧通用热电优值的受限特例。,reject,左：高温热电ZT；右：电子热电无量纲ZT。一般电子材料ZT=热电优值同义缩写；0为离子电解质ZT，12为液体红氧转换ZT；2限定高温，10限定接近1，16/22限定高ZT，23原文为自旋分辨ZT。不能把性能同类当同定义。,True,independent member evidence and explicit group definitions; targeted secondary rationale comparison,False
pair:da3ec5ae9eda2bd90d43,5,iTE:P0703:n2,iTE:P0903:n2,narrower_than,左侧限定为高温下的热电品质因子，右侧为未加温度限定的热电品质因子 ZT，前者是后者的具体受限种类。,reject,左：高温热电ZT；右：电子热电无量纲ZT。一般电子材料ZT=热电优值同义缩写；0为离子电解质ZT，12为液体红氧转换ZT；2限定高温，10限定接近1，16/22限定高ZT，23原文为自旋分辨ZT。不能把性能同类当同定义。,True,independent member evidence and explicit group definitions; targeted secondary rationale comparison,False
pair:ee12db7251cfc22f5b2c,5,iTE:P0703:n2,iTE:P1135:n2,related_to,两侧都指热电优值 ZT，但左侧限定为高温区、右侧限定在室温及以下温区，材料体系也不同，限定条件不同故不判等价，仅判相关。,reject,左：高温热电ZT；右：高热电ZT。一般电子材料ZT=热电优值同义缩写；0为离子电解质ZT，12为液体红氧转换ZT；2限定高温，10限定接近1，16/22限定高ZT，23原文为自旋分辨ZT。不能把性能同类当同定义。,False,independent member evidence and explicit group definitions; targeted secondary rationale comparison,False
pair:a2bce07d38b635515f95,5,iTE:P0703:n2,iTE:P1206:n2,narrower_than,左侧被“High temperature”限定，是高温条件下的热电品质因子，属右侧一般“thermoelectric figure of merit”的受限特例。,reject,左：高温热电ZT；右：自旋分辨ZT。一般电子材料ZT=热电优值同义缩写；0为离子电解质ZT，12为液体红氧转换ZT；2限定高温，10限定接近1，16/22限定高ZT，23原文为自旋分辨ZT。不能把性能同类当同定义。,True,independent member evidence and explicit group definitions; targeted secondary rationale comparison,False
pair:d870017a0530e824980c,0,iTE:P0704:n2,iTE:P0757:n2,broader_than,左侧只称 Seebeck coefficient（未加离子限定），右侧明确限定为离子贡献的 Seebeck 系数，后者是前者在离子热电体系中的受限子类，故左宽右窄。,accept,共同定义：离子热扩散热电势系数。130成员及661既有建议全部逐组读取并按定义划分。thermopower/TEP/Seebeck/S通常同义，但仅在同一载流范围及测量定义下；原摘要证明P0660/P1024/P1210/P1520/P1614是红氧系数，P0595是电子SWCNT，P0547是电动学等效系数，P0804是Kelvin近似，P1676为质子加空穴的总响应。电子、离子、红氧、混合、符号幅值、加权贡献、非线性有限温差系数不可整体传递合并。节点属性及原始数值保留，未确定定义者不跨组接受。,True,independent member evidence and explicit group definitions; targeted secondary rationale comparison,False
pair:2eb80f27a3a65a0d4272,0,iTE:P0704:n2,iTE:P0994:n1,related_to,左侧是塞贝克系数这一物理量本身，右侧是其高数值的定性表述（high Seebeck），不是同一语义单位，仅存在属性-数值联系。,reject,左：离子热扩散热电势系数；右：高电子Seebeck系数。130成员及661既有建议全部逐组读取并按定义划分。thermopower/TEP/Seebeck/S通常同义，但仅在同一载流范围及测量定义下；原摘要证明P0660/P1024/P1210/P1520/P1614是红氧系数，P0595是电子SWCNT，P0547是电动学等效系数，P0804是Kelvin近似，P1676为质子加空穴的总响应。电子、离子、红氧、混合、符号幅值、加权贡献、非线性有限温差系数不可整体传递合并。节点属性及原始数值保留，未确定定义者不跨组接受。,False,independent member evidence and explicit group definitions; targeted secondary rationale comparison,False
pair:a2e2ef7eb0ff8d9a9ca8,52,iTE:P0708:n3,iTE:P1379:n2,narrower_than,“将热直接转化为电”是“发电”的一种具体实现方式，左侧概念受“热能输入”限定而更窄，右侧为一般性发电。,reject,左：热驱动发电；右：环境下渗透自发发电。1/2/3明确温差/温度波动产生电；0为多环境发电未明确唯一热源；4环境下渗透自发产生电，不可默认为热到电转换。,True,independent member evidence and explicit group definitions; targeted secondary rationale comparison,False
pair:ef06e56ffa87309a02bc,22,iTE:P0711:n2,iTE:P1558:n2,related_to,左侧指n型导电这一传输过程（mechanism_process），右侧指由TEP测得的n型导电性这一量/属性（quantity），属过程与测量量的关系，不等价。,accept,共同定义：电子n型导电。0/1/2/3/4为离子迁移或界面极化造成负热电响应，完整摘要核实2/3/4；5/6/7/8/9/10为电子为主的半导体n型导电，不可因n-type同名合并。,True,independent member evidence and explicit group definitions; targeted secondary rationale comparison,False
pair:b0e8a43423e5d4d95a29,2,iTE:P0715:n3,iTE:P1180:n2,broader_than,左侧泛指热电性质，右侧专指热电转换性能，后者是前者的更具体类别。,uncertain,左：电子热电性质集合；右：离子热电性质集合。38成员中properties为性质集合、performance为综合评价，不能默认互换；载流机制和指标范围又不一致。对明确定义同一层级的子组接受；跨层级缺少评价函数，保留uncertain，高/最高等明确限定另拒绝。P0687摘要表明14实际以Seebeck为预测目标，P1454为CuI电子热电纺织品。,True,independent member evidence and explicit group definitions; targeted secondary rationale comparison,False
pair:68593f8554729b71bded,5,iTE:P0716:n3,iTE:P0994:n3,related_to,右侧是带“高”值评价限定的优值表述，强调优值高这一取值状态，与左侧泛指的优值量不是同一受限概念。,reject,左：电子热电无量纲ZT；右：高热电ZT。一般电子材料ZT=热电优值同义缩写；0为离子电解质ZT，12为液体红氧转换ZT；2限定高温，10限定接近1，16/22限定高ZT，23原文为自旋分辨ZT。不能把性能同类当同定义。,False,independent member evidence and explicit group definitions; targeted secondary rationale comparison,False
pair:31a9f8b347068bca6016,72,iTE:P0717:n1,iTE:P1457:n1,broader_than,left 是未限定载流子类型的通用 heat of transport，right 明确限定为 ionic（离子）的热输运量，后者是前者的子类。,reject,左：Ag+输运热；右：离子输运热。0/3一般离子输运热，1原文和2均明确银离子输运热；两种记号对应该银离子量，但不可泛化所有离子。,True,independent member evidence and explicit group definitions; targeted secondary rationale comparison,False
pair:946528f14a68542f9a4d,17,iTE:P0717:n2,iTE:P0876:n2,narrower_than,左侧限定为Ag+离子迁移的激活能，是右侧泛称“activation energies”的一个具体受限实例（IS-A）。,accept,共同定义：Ag+电导迁移表观活化能。0载流子生成能，1/2/3由电导提取Ag+迁移活化能；4复合电导和热电势活化能；5Cu迁移NEB势垒；6Cu离子传导活化能；7含空位生成贡献；8Ag+微观势垒；9/10电子电导活化能；11Na导电活化能。共同energy词不保证同量。,True,independent member evidence and explicit group definitions; targeted secondary rationale comparison,False
pair:5289b5c8f1cab9b43c59,17,iTE:P0717:n2,iTE:P1209:n2,related_to,虽同为离子迁移活化能这一物理量，但 left 限定 Ag+ 迁移体系，right 指 Cu1.99Se 中 Cu 离子迁移的活化能，体系不同。,reject,左：Ag+电导迁移表观活化能；右：Cu迁移微观势垒。0载流子生成能，1/2/3由电导提取Ag+迁移活化能；4复合电导和热电势活化能；5Cu迁移NEB势垒；6Cu离子传导活化能；7含空位生成贡献；8Ag+微观势垒；9/10电子电导活化能；11Na导电活化能。共同energy词不保证同量。,False,independent member evidence and explicit group definitions; targeted secondary rationale comparison,False
pair:b520b12b1ffcdd0cac90,17,iTE:P0717:n2,iTE:P1250:n2,related_to,同为离子迁移活化能，但 left 针对 Ag+ 体系，right 针对 Li 掺杂 Cu2S 中的 Cu 离子，离子种类与材料不同。,reject,左：Ag+电导迁移表观活化能；右：Cu离子电导活化能。0载流子生成能，1/2/3由电导提取Ag+迁移活化能；4复合电导和热电势活化能；5Cu迁移NEB势垒；6Cu离子传导活化能；7含空位生成贡献；8Ag+微观势垒；9/10电子电导活化能；11Na导电活化能。共同energy词不保证同量。,False,independent member evidence and explicit group definitions; targeted secondary rationale comparison,False
pair:15c48d51679b8053e696,17,iTE:P0717:n2,iTE:P1548:n2,narrower_than,left 被限定为 Ag+ 离子迁移的激活能，是 right 所泛指“离子输运激活能”的受限特例。,reject,左：Ag+电导迁移表观活化能；右：含空位生成的离子输运活化能。0载流子生成能，1/2/3由电导提取Ag+迁移活化能；4复合电导和热电势活化能；5Cu迁移NEB势垒；6Cu离子传导活化能；7含空位生成贡献；8Ag+微观势垒；9/10电子电导活化能；11Na导电活化能。共同energy词不保证同量。,True,independent member evidence and explicit group definitions; targeted secondary rationale comparison,False
pair:dc59e1acc36793a9a7d1,17,iTE:P0717:n2,iTE:P1563:n3,related_to,两者都是活化能，但 left 描述 Ag+ 离子迁移的势垒，right 描述（聚合物中）电导的活化能，机制与对象不同。,reject,左：Ag+电导迁移表观活化能；右：电子电导活化能。0载流子生成能，1/2/3由电导提取Ag+迁移活化能；4复合电导和热电势活化能；5Cu迁移NEB势垒；6Cu离子传导活化能；7含空位生成贡献；8Ag+微观势垒；9/10电子电导活化能；11Na导电活化能。共同energy词不保证同量。,False,independent member evidence and explicit group definitions; targeted secondary rationale comparison,False
pair:49af26199f6b5a9e4dcc,10,iTE:P0718:n1,iTE:P0731:n1,narrower_than,left 限定为稀土元素离子的半径，是 right 泛指“ionic radius”的一个具体受限情形。,accept,共同定义：三价稀土阳离子半径。0/1/2/3/4/7/8/9/10/11/12/14/19/20均三价稀土阳离子半径；5为碱金属占位半径，6摘要确认为碱土A位半径；13填充原子半径含Li，15一般半径描述符，16含Sc/Cr的M3+；17/18明确稀土半径减小事件。；P1332明确R含Bi，单独保留该对象集合。,True,independent member evidence and explicit group definitions; targeted secondary rationale comparison,False
pair:626a3bb48f1ad03bc01a,1,iTE:P0718:n2,iTE:P1952:n2,broader_than,右侧 dc conductivity 是在直流条件下的电导，属受测量条件限定的更具体概念，左侧 electrical conductivity 为更宽泛的一般电导概念，故 left 比 right 宽。,uncertain,原摘要未给该电导的载流子/总量与分量归属，或高值定义不足；不靠相同conductivity/DC词强行判定。；左：电子电导率；右：CBH直流电导载流类型待定,True,independent member evidence and explicit group definitions; targeted secondary rationale comparison,False
pair:57b65d89b1ba372fc692,67,iTE:P0723:n2,iTE:P1564:n1,broader_than,external electric field 是外加的、作为热处理条件的电场，属于 generally 的 electric field 的一个受限种类，左侧为上位概念。,reject,左：热扩散内生电场；右：外加电场。0/1均离子热扩散产生内场，2/3明确externally applied场；物理量同类但驱动条件不同且节点有external限定。,True,independent member evidence and explicit group definitions; targeted secondary rationale comparison,False
pair:9b9ae2204ab67455c39a,67,iTE:P0723:n2,iTE:P1889:n1,related_to,左侧电场由阴阳离子 Soret 系数差自发产生，右侧为外部施加的电场，产生方式与被施加对象不同，仅为同领域相关概念。,reject,左：热扩散内生电场；右：外加电场。0/1均离子热扩散产生内场，2/3明确externally applied场；物理量同类但驱动条件不同且节点有external限定。,False,independent member evidence and explicit group definitions; targeted secondary rationale comparison,False
pair:6e173a31be407f7ecacd,28,iTE:P0724:n3,iTE:P1279:n2,related_to,左侧指碳纳米管的 p 型载流子类型（材料/状态），右侧指高取代下的 p 型导电行为（过程），机制相关但一为属性一为过程，不等价。,accept,共同定义：p型电子导电特征。0/1/2/3/4/5/8均电子空穴占优p型特征；6明确Cs2CdZnCl6材料限制；7要求全测温区保持p型，不能去掉稳定区间。,True,independent member evidence and explicit group definitions; targeted secondary rationale comparison,False
pair:f721b0998e126f46f49e,28,iTE:P0724:n3,iTE:P1490:n2,broader_than,右侧是特定化合物 Cs2CdZnCl6 的 p 型性质，属于左侧一般性 p 型概念的具体实例，故左侧更宽泛。,reject,左：p型电子导电特征；右：Cs2CdZnCl6的p型特征。0/1/2/3/4/5/8均电子空穴占优p型特征；6明确Cs2CdZnCl6材料限制；7要求全测温区保持p型，不能去掉稳定区间。,True,independent member evidence and explicit group definitions; targeted secondary rationale comparison,False
pair:52cf3ee9e5f7b51e1feb,28,iTE:P0724:n3,iTE:P1571:n2,broader_than,右侧描述 AgCuS 在测量温区内保持 p 型这一具体状态，是左侧一般性 p 型概念的一个实例，左侧更宽泛。,reject,左：p型电子导电特征；右：测量温区持续p型。0/1/2/3/4/5/8均电子空穴占优p型特征；6明确Cs2CdZnCl6材料限制；7要求全测温区保持p型，不能去掉稳定区间。,True,independent member evidence and explicit group definitions; targeted secondary rationale comparison,False
pair:445a3330ab88cd8c4384,28,iTE:P0724:n3,iTE:P1795:n2,related_to,左侧指被表面活性剂掺杂形成的 p 型碳纳米管（材料实体），右侧指 Mg3Sb2 中的 p 型导电机制，仅有 p 型极性这一共同点。,accept,共同定义：p型电子导电特征。0/1/2/3/4/5/8均电子空穴占优p型特征；6明确Cs2CdZnCl6材料限制；7要求全测温区保持p型，不能去掉稳定区间。,True,independent member evidence and explicit group definitions; targeted secondary rationale comparison,False
pair:241dd5179f18f6b1bc45,4,iTE:P0725:n2,iTE:P1041:n2,related_to,左侧是 CNT 基体结构的热导率，右侧是 Li(x)CoO2/Na(x)CoO2/K(x)CoO2 的热导率及其对碱金属空位浓度的依赖，对象与研究条件不同，仅共享同一物理量名。,reject,左：材料总体热导率；右：声子热导率。除6/16/28外29个节点均材料总体热导率κ，total/overall为同量展开；30说明声子主导但仍总κ。16明确phonon thermal conductivity是分量；6明确large高值；28为晶界局部热导属性，不能直接当均匀体相热导率。,False,independent member evidence and explicit group definitions; targeted secondary rationale comparison,False
pair:515646b464ca5746f591,4,iTE:P0725:n2,iTE:P1047:n2,related_to,"左侧为 CNT 基体结构热导率，右侧为双填充分方钴矿 (Sm,Gd)y(FexNi1-x)4Sb12 的热导率，材料对象不同，不构成同义或上下位关系。",accept,共同定义：材料总体热导率。除6/16/28外29个节点均材料总体热导率κ，total/overall为同量展开；30说明声子主导但仍总κ。16明确phonon thermal conductivity是分量；6明确large高值；28为晶界局部热导属性，不能直接当均匀体相热导率。,True,independent member evidence and explicit group definitions; targeted secondary rationale comparison,False
pair:54892b0866820a0dc27f,4,iTE:P0725:n2,iTE:P1128:n2,related_to,左侧为 CNT 基体结构热导率，右侧为 CuFeSe2-ySy 固溶体形成过程中的热导率下降，材料体系与描述对象均不同。,accept,共同定义：材料总体热导率。除6/16/28外29个节点均材料总体热导率κ，total/overall为同量展开；30说明声子主导但仍总κ。16明确phonon thermal conductivity是分量；6明确large高值；28为晶界局部热导属性，不能直接当均匀体相热导率。,True,independent member evidence and explicit group definitions; targeted secondary rationale comparison,False
pair:72f7fd9903f9b7163df9,4,iTE:P0725:n2,iTE:P1158:n2,related_to,左侧为 CNT 基体结构热导率，右侧为 i-Al-Pd-Re-Co 准晶在 373 K 的热导率及其降低，对象、温度条件不同，不构成同义。,accept,共同定义：材料总体热导率。除6/16/28外29个节点均材料总体热导率κ，total/overall为同量展开；30说明声子主导但仍总κ。16明确phonon thermal conductivity是分量；6明确large高值；28为晶界局部热导属性，不能直接当均匀体相热导率。,True,independent member evidence and explicit group definitions; targeted secondary rationale comparison,False
pair:8bde3202af38fa71f820,4,iTE:P0725:n2,iTE:P1296:n2,related_to,右侧以 overall 限定为总热导率，左侧为未限定的热导率，限定词构成量的范围界定，原文无同义表述，只能判为语义相关。,accept,共同定义：材料总体热导率。除6/16/28外29个节点均材料总体热导率κ，total/overall为同量展开；30说明声子主导但仍总κ。16明确phonon thermal conductivity是分量；6明确large高值；28为晶界局部热导属性，不能直接当均匀体相热导率。,True,independent member evidence and explicit group definitions; targeted secondary rationale comparison,False
pair:8e45f91254c5d5d14b81,5,iTE:P0726:n2,iTE:P0994:n3,broader_than,左侧是通用热电品质因子 ZT，右侧为“high figure of merit”这一带取值限定的窄化表达，限定语构成概念收窄。,reject,左：电子热电无量纲ZT；右：高热电ZT。一般电子材料ZT=热电优值同义缩写；0为离子电解质ZT，12为液体红氧转换ZT；2限定高温，10限定接近1，16/22限定高ZT，23原文为自旋分辨ZT。不能把性能同类当同定义。,True,independent member evidence and explicit group definitions; targeted secondary rationale comparison,False
pair:f4093becf9c72caea499,5,iTE:P0726:n2,iTE:P1570:n2,related_to,两侧都指 ZT 这一无量纲优值，但分别对应 Na0.2Cu1.8S 与 n 型掺杂 AgMgF3 的具体取值，未给出支持同一指称的同义表述，不能判等价。,accept,共同定义：电子热电无量纲ZT。一般电子材料ZT=热电优值同义缩写；0为离子电解质ZT，12为液体红氧转换ZT；2限定高温，10限定接近1，16/22限定高ZT，23原文为自旋分辨ZT。不能把性能同类当同定义。,True,independent member evidence and explicit group definitions; targeted secondary rationale comparison,False
pair:7e49fa17ec91bf4fb648,0,iTE:P0729:n2,iTE:P1748:n2,related_to,左侧 thermoelectric power 指离子热电势（Ionic Seebeck coefficients、离子输运热），右侧的热电势中离子贡献可忽略、以空穴为主导载流子，载流子机制与对象不同，仅同属 thermoelectric power 这一量。,reject,左：离子热扩散热电势系数；右：电子Seebeck系数。130成员及661既有建议全部逐组读取并按定义划分。thermopower/TEP/Seebeck/S通常同义，但仅在同一载流范围及测量定义下；原摘要证明P0660/P1024/P1210/P1520/P1614是红氧系数，P0595是电子SWCNT，P0547是电动学等效系数，P0804是Kelvin近似，P1676为质子加空穴的总响应。电子、离子、红氧、混合、符号幅值、加权贡献、非线性有限温差系数不可整体传递合并。节点属性及原始数值保留，未确定定义者不跨组接受。,False,independent member evidence and explicit group definitions; targeted secondary rationale comparison,False
pair:c658a42783cc90de67e2,10,iTE:P0731:n1,iTE:P0957:n1,broader_than,左侧是泛指的离子半径概念，右侧特指 Ln(3+) 离子的离子半径，后者是前者的具体限定情形，故左比右宽泛。,accept,共同定义：三价稀土阳离子半径。0/1/2/3/4/7/8/9/10/11/12/14/19/20均三价稀土阳离子半径；5为碱金属占位半径，6摘要确认为碱土A位半径；13填充原子半径含Li，15一般半径描述符，16含Sc/Cr的M3+；17/18明确稀土半径减小事件。；P1332明确R含Bi，单独保留该对象集合。,True,independent member evidence and explicit group definitions; targeted secondary rationale comparison,False
pair:30f289472189b5e0eee7,10,iTE:P0731:n1,iTE:P0977:n1,broader_than,左侧是一般意义的离子半径，右侧把该量限定为 A 位离子半径，属于前者的受限具体情形（right IS-A left），故为上下位而非等价。,reject,左：三价稀土阳离子半径；右：碱金属占位半径。0/1/2/3/4/7/8/9/10/11/12/14/19/20均三价稀土阳离子半径；5为碱金属占位半径，6摘要确认为碱土A位半径；13填充原子半径含Li，15一般半径描述符，16含Sc/Cr的M3+；17/18明确稀土半径减小事件。；P1332明确R含Bi，单独保留该对象集合。,True,independent member evidence and explicit group definitions; targeted secondary rationale comparison,False
pair:ebba4c080990003a8334,10,iTE:P0731:n1,iTE:P1090:n1,related_to,两侧都是 A 位取代阳离子的 ionic radius 这一同类物理量，但左侧限定为取代的 R 离子、右侧限定为 A 位阳离子（ACu3TlSe4 中为 Mg/Ca/Sr/Ba），原文没有任何同义表述，属同一性质的不同对象实例，故不是等价。,reject,左：三价稀土阳离子半径；右：碱土A位阳离子半径。0/1/2/3/4/7/8/9/10/11/12/14/19/20均三价稀土阳离子半径；5为碱金属占位半径，6摘要确认为碱土A位半径；13填充原子半径含Li，15一般半径描述符，16含Sc/Cr的M3+；17/18明确稀土半径减小事件。；P1332明确R含Bi，单独保留该对象集合。,False,independent member evidence and explicit group definitions; targeted secondary rationale comparison,False
pair:0229ce04e39e95e33f2a,10,iTE:P0731:n1,iTE:P1308:n1,broader_than,left 是泛指的离子半径概念，right 明确限定为稀土离子半径；right 是 left 的更具体种类，故 left 更宽泛。,accept,共同定义：三价稀土阳离子半径。0/1/2/3/4/7/8/9/10/11/12/14/19/20均三价稀土阳离子半径；5为碱金属占位半径，6摘要确认为碱土A位半径；13填充原子半径含Li，15一般半径描述符，16含Sc/Cr的M3+；17/18明确稀土半径减小事件。；P1332明确R含Bi，单独保留该对象集合。,True,independent member evidence and explicit group definitions; targeted secondary rationale comparison,False
pair:4987c69bdf51302d134b,10,iTE:P0731:n1,iTE:P1332:n1,broader_than,右侧把离子半径限定为 R3+ 阳离子的半径，是左侧一般“离子半径”概念的具体受限情形（right IS-A left）。,reject,左：三价稀土阳离子半径；右：Yb/Dy/Sm/Bi三价取代阳离子半径（含非稀土Bi）。0/1/2/3/4/7/8/9/10/11/12/14/19/20均三价稀土阳离子半径；5为碱金属占位半径，6摘要确认为碱土A位半径；13填充原子半径含Li，15一般半径描述符，16含Sc/Cr的M3+；17/18明确稀土半径减小事件。；P1332明确R含Bi，单独保留该对象集合。,True,independent member evidence and explicit group definitions; targeted secondary rationale comparison,False
pair:249fba095b06560383da,10,iTE:P0731:n1,iTE:P1362:n1,broader_than,右侧将离子半径限定为稀土元素的离子半径，是左侧一般“离子半径”的更具体情形（right IS-A left），故为 narrower 而非等价。,accept,共同定义：三价稀土阳离子半径。0/1/2/3/4/7/8/9/10/11/12/14/19/20均三价稀土阳离子半径；5为碱金属占位半径，6摘要确认为碱土A位半径；13填充原子半径含Li，15一般半径描述符，16含Sc/Cr的M3+；17/18明确稀土半径减小事件。；P1332明确R含Bi，单独保留该对象集合。,True,independent member evidence and explicit group definitions; targeted secondary rationale comparison,False
pair:0b9bfdb1d0a344ee7fc2,10,iTE:P0731:n1,iTE:P1385:n1,broader_than,右侧把离子半径限定为稀土元素的离子半径，是左侧一般“离子半径”的受限定子类，故左比右宽泛。,accept,共同定义：三价稀土阳离子半径。0/1/2/3/4/7/8/9/10/11/12/14/19/20均三价稀土阳离子半径；5为碱金属占位半径，6摘要确认为碱土A位半径；13填充原子半径含Li，15一般半径描述符，16含Sc/Cr的M3+；17/18明确稀土半径减小事件。；P1332明确R含Bi，单独保留该对象集合。,True,independent member evidence and explicit group definitions; targeted secondary rationale comparison,False
pair:66ecaa038fc80089dc99,10,iTE:P0731:n1,iTE:P1508:n1,broader_than,右侧为 Ln(3+)（三价镧系）离子半径，是左侧一般离子半径概念受元素/价态限定的子类。,accept,共同定义：三价稀土阳离子半径。0/1/2/3/4/7/8/9/10/11/12/14/19/20均三价稀土阳离子半径；5为碱金属占位半径，6摘要确认为碱土A位半径；13填充原子半径含Li，15一般半径描述符，16含Sc/Cr的M3+；17/18明确稀土半径减小事件。；P1332明确R含Bi，单独保留该对象集合。,True,independent member evidence and explicit group definitions; targeted secondary rationale comparison,False
pair:ef3a9aa2f3eb294468ed,10,iTE:P0731:n1,iTE:P1573:n1,broader_than,left 未限定元素种类，right 将离子半径限定为稀土元素，故 left 更宽泛。,accept,共同定义：三价稀土阳离子半径。0/1/2/3/4/7/8/9/10/11/12/14/19/20均三价稀土阳离子半径；5为碱金属占位半径，6摘要确认为碱土A位半径；13填充原子半径含Li，15一般半径描述符，16含Sc/Cr的M3+；17/18明确稀土半径减小事件。；P1332明确R含Bi，单独保留该对象集合。,True,independent member evidence and explicit group definitions; targeted secondary rationale comparison,False
pair:f621013ad3ce1fc78821,10,iTE:P0731:n1,iTE:P1907:n1,related_to,left 只给出 R 离子半径这一静态量，right 附加了“递减”的方向性趋势，二者不等价，仅共享离子半径这一性质。,reject,左：三价稀土阳离子半径；右：三价稀土离子半径减小。0/1/2/3/4/7/8/9/10/11/12/14/19/20均三价稀土阳离子半径；5为碱金属占位半径，6摘要确认为碱土A位半径；13填充原子半径含Li，15一般半径描述符，16含Sc/Cr的M3+；17/18明确稀土半径减小事件。；P1332明确R含Bi，单独保留该对象集合。,False,independent member evidence and explicit group definitions; targeted secondary rationale comparison,False
pair:f8a4288707a8151d6da8,10,iTE:P0731:n1,iTE:P1952:n1,related_to,左侧是无方向性的“离子半径”量，右侧特指“半径减小”的变化趋势，限定条件不同，不构成同义，仅共享同一物理量对电导的影响机制。,reject,左：三价稀土阳离子半径；右：三价稀土离子半径减小。0/1/2/3/4/7/8/9/10/11/12/14/19/20均三价稀土阳离子半径；5为碱金属占位半径，6摘要确认为碱土A位半径；13填充原子半径含Li，15一般半径描述符，16含Sc/Cr的M3+；17/18明确稀土半径减小事件。；P1332明确R含Bi，单独保留该对象集合。,False,independent member evidence and explicit group definitions; targeted secondary rationale comparison,False
pair:3e83a6834aaada492b3f,7,iTE:P0738:n2,iTE:P1876:n2,related_to,left 是 power factor 本身（具体数值），right 是 power factor 的增强（相对变化），对象为量与变化趋势，不等价。,reject,左：混合凝胶功率因子；右：功率因子增强。2明确PF=alpha²sigma支持电子PF共同定义；0/3/13为离子PF，4混合地聚物、10混合凝胶PF未分离载流贡献；1最大值，15/24/25为增强事件，不并入普通PF。,False,independent member evidence and explicit group definitions; targeted secondary rationale comparison,False
pair:2869372738000b113fce,2,iTE:P0745:n2,iTE:P0933:n3,related_to,两侧均指热电功能范畴（properties 与 performance），但各自原文未给出可证明同义的表述，仅语义高度相关。,uncertain,左：电子热电性质集合；右：电子热电整体性能。38成员中properties为性质集合、performance为综合评价，不能默认互换；载流机制和指标范围又不一致。对明确定义同一层级的子组接受；跨层级缺少评价函数，保留uncertain，高/最高等明确限定另拒绝。P0687摘要表明14实际以Seebeck为预测目标，P1454为CuI电子热电纺织品。,False,independent member evidence and explicit group definitions; targeted secondary rationale comparison,False
pair:a7d81ed21faf5e771a96,2,iTE:P0745:n2,iTE:P1566:n3,related_to,左侧指一组热电物性（properties），右侧指材料的热电性能（performance）指标，二者语义范围不完全重合，属相关而非同义。,uncertain,左：电子热电性质集合；右：电子热电整体性能。38成员中properties为性质集合、performance为综合评价，不能默认互换；载流机制和指标范围又不一致。对明确定义同一层级的子组接受；跨层级缺少评价函数，保留uncertain，高/最高等明确限定另拒绝。P0687摘要表明14实际以Seebeck为预测目标，P1454为CuI电子热电纺织品。,False,independent member evidence and explicit group definitions; targeted secondary rationale comparison,False
pair:831c347a74a432433541,55,iTE:P0747:n2,iTE:P1807:n2,related_to,方向同为 p→n，但左侧改变的是热电性能（Fe2VAl 中），右侧切换的是载流子类型（STO 界面的 2DHG/2DEG），观测对象不同，不能视为同一概念。,reject,左：电子热电p到n转换；右：2DHG到2DEG转换。0/3为电子热电p到n转换，1/2是离子热电极性p到n，4特指2D空穴气到2D电子气；不能把热迁移极性当电子载流子类型。,False,independent member evidence and explicit group definitions; targeted secondary rationale comparison,False
pair:77d108d4c87737946c1c,13,iTE:P0752:n3,iTE:P0939:n2,broader_than,left 是未限定数值的载流子迁移率，right 是“更高的载流子迁移率”，right 比 left 更受限。,reject,左：电子载流子迁移率；右：较高载流子迁移率。0/1/2/3/4/6/12/13/15/16为通常电子载流子迁移率；5/10/11为高值；7相对较高；8明确增强的Hall迁移率；9为电子比空穴更好；14为OECT提取的器件有效迁移率，不能用同词跨定义闭包。,True,independent member evidence and explicit group definitions; targeted secondary rationale comparison,False
pair:4d6a50a3c044f1d29767,13,iTE:P0752:n3,iTE:P1168:n3,broader_than,left 是未限定状态的载流子迁移率，right 特指被增强的高迁移率状态，right 比 left 更受限。,reject,左：电子载流子迁移率；右：增强的Hall迁移率。0/1/2/3/4/6/12/13/15/16为通常电子载流子迁移率；5/10/11为高值；7相对较高；8明确增强的Hall迁移率；9为电子比空穴更好；14为OECT提取的器件有效迁移率，不能用同词跨定义闭包。,True,independent member evidence and explicit group definitions; targeted secondary rationale comparison,False
pair:d54144591717e51d56f3,13,iTE:P0752:n3,iTE:P1222:n2,broader_than,左侧为未加限定的载流子迁移率（被降低），右侧特指“高”载流子迁移率，是前者的受限子情形。,reject,左：电子载流子迁移率；右：高载流子迁移率。0/1/2/3/4/6/12/13/15/16为通常电子载流子迁移率；5/10/11为高值；7相对较高；8明确增强的Hall迁移率；9为电子比空穴更好；14为OECT提取的器件有效迁移率，不能用同词跨定义闭包。,True,independent member evidence and explicit group definitions; targeted secondary rationale comparison,False
pair:5e4aae07ad83a0673333,13,iTE:P0752:n3,iTE:P1294:n1,broader_than,左侧为泛指的载流子迁移率（被降低），右侧特指“高”载流子迁移率，是前者的受限子情形。,reject,左：电子载流子迁移率；右：高载流子迁移率。0/1/2/3/4/6/12/13/15/16为通常电子载流子迁移率；5/10/11为高值；7相对较高；8明确增强的Hall迁移率；9为电子比空穴更好；14为OECT提取的器件有效迁移率，不能用同词跨定义闭包。,True,independent member evidence and explicit group definitions; targeted secondary rationale comparison,False
pair:047ca35900e06fceed00,0,iTE:P0753:n4,iTE:P0941:n2,broader_than,右侧是加了“高”这一取值限定的 Seebeck 系数（受限子集），左侧为不加限定的通用 Seebeck 系数，故左侧更宽泛。,reject,左：电子Seebeck系数；右：高电子Seebeck系数。130成员及661既有建议全部逐组读取并按定义划分。thermopower/TEP/Seebeck/S通常同义，但仅在同一载流范围及测量定义下；原摘要证明P0660/P1024/P1210/P1520/P1614是红氧系数，P0595是电子SWCNT，P0547是电动学等效系数，P0804是Kelvin近似，P1676为质子加空穴的总响应。电子、离子、红氧、混合、符号幅值、加权贡献、非线性有限温差系数不可整体传递合并。节点属性及原始数值保留，未确定定义者不跨组接受。,True,independent member evidence and explicit group definitions; targeted secondary rationale comparison,False
pair:41b1d45a05c2913ef85e,13,iTE:P0758:n3,iTE:P0939:n2,related_to,两者都涉及高迁移率，但 left 未限定载流子且为“高迁移率”，right 是“更高的载流子迁移率”，限定与比较级不同，无同义证据。,reject,左：高载流子迁移率；右：较高载流子迁移率。0/1/2/3/4/6/12/13/15/16为通常电子载流子迁移率；5/10/11为高值；7相对较高；8明确增强的Hall迁移率；9为电子比空穴更好；14为OECT提取的器件有效迁移率，不能用同词跨定义闭包。,False,independent member evidence and explicit group definitions; targeted secondary rationale comparison,False
pair:726d0fbdf450522b3c26,13,iTE:P0758:n3,iTE:P1354:n2,narrower_than,left 是“高迁移率”这一受限状态，right 是未限定数值的“迁移率”，left 比 right 更具体。,reject,左：高载流子迁移率；右：电子载流子迁移率。0/1/2/3/4/6/12/13/15/16为通常电子载流子迁移率；5/10/11为高值；7相对较高；8明确增强的Hall迁移率；9为电子比空穴更好；14为OECT提取的器件有效迁移率，不能用同词跨定义闭包。,True,independent member evidence and explicit group definitions; targeted secondary rationale comparison,False
pair:3455680e420d724faed0,0,iTE:P0764:n4,iTE:P0994:n1,related_to,左侧指由离子输运贡献的 Seebeck 分量，右侧指高的 Seebeck 系数数值，同属 Seebeck 效应但对象与限定不同，不等价。,reject,左：混合导体中加权离子Seebeck贡献；右：高电子Seebeck系数。130成员及661既有建议全部逐组读取并按定义划分。thermopower/TEP/Seebeck/S通常同义，但仅在同一载流范围及测量定义下；原摘要证明P0660/P1024/P1210/P1520/P1614是红氧系数，P0595是电子SWCNT，P0547是电动学等效系数，P0804是Kelvin近似，P1676为质子加空穴的总响应。电子、离子、红氧、混合、符号幅值、加权贡献、非线性有限温差系数不可整体传递合并。节点属性及原始数值保留，未确定定义者不跨组接受。,False,independent member evidence and explicit group definitions; targeted secondary rationale comparison,False
pair:bbca2680b9e5f38ab075,0,iTE:P0764:n4,iTE:P1544:n3,related_to,左侧是混合离子-电子导体中 Seebeck 的离子贡献分量，右侧是某化合物的整体大 Seebeck 系数，二者为部分与整体/贡献与总量关系，不等价。,reject,左：混合导体中加权离子Seebeck贡献；右：高电子Seebeck系数。130成员及661既有建议全部逐组读取并按定义划分。thermopower/TEP/Seebeck/S通常同义，但仅在同一载流范围及测量定义下；原摘要证明P0660/P1024/P1210/P1520/P1614是红氧系数，P0595是电子SWCNT，P0547是电动学等效系数，P0804是Kelvin近似，P1676为质子加空穴的总响应。电子、离子、红氧、混合、符号幅值、加权贡献、非线性有限温差系数不可整体传递合并。节点属性及原始数值保留，未确定定义者不跨组接受。,False,independent member evidence and explicit group definitions; targeted secondary rationale comparison,False
pair:37e8c4e1df162402fa91,4,iTE:P0771:n2,iTE:P0902:n3,narrower_than,左侧是受“large”限定的高热导率，右侧为一般热导率；left 是 right 的限定/更具体概念。,reject,左：高热导率；右：材料总体热导率。除6/16/28外29个节点均材料总体热导率κ，total/overall为同量展开；30说明声子主导但仍总κ。16明确phonon thermal conductivity是分量；6明确large高值；28为晶界局部热导属性，不能直接当均匀体相热导率。,True,independent member evidence and explicit group definitions; targeted secondary rationale comparison,False
pair:c95d086688957febfda4,4,iTE:P0771:n2,iTE:P1062:n2,related_to,左侧指热电材料中（很大）的热导率，含大小限定；右侧为热导率这一物理量本身，二者是同一物理量的限定/取值关系，语义范围不同，非等价。,reject,左：高热导率；右：材料总体热导率。除6/16/28外29个节点均材料总体热导率κ，total/overall为同量展开；30说明声子主导但仍总κ。16明确phonon thermal conductivity是分量；6明确large高值；28为晶界局部热导属性，不能直接当均匀体相热导率。,False,independent member evidence and explicit group definitions; targeted secondary rationale comparison,False
pair:9ea4f5a8ecc524d40678,4,iTE:P0771:n2,iTE:P1418:n2,related_to,left 只是对热电材料“热导率大”的定性描述，未指明为总量，也未限定材料与温度；right 是具体体系的总热导率量，证据不足以认定二者语义范围相同。,reject,左：高热导率；右：材料总体热导率。除6/16/28外29个节点均材料总体热导率κ，total/overall为同量展开；30说明声子主导但仍总κ。16明确phonon thermal conductivity是分量；6明确large高值；28为晶界局部热导属性，不能直接当均匀体相热导率。,False,independent member evidence and explicit group definitions; targeted secondary rationale comparison,False
pair:a101feae8af7b616cf0f,2,iTE:P0773:n2,iTE:P0862:n2,related_to,左侧是相对块体半导体的性能提升（better performance），右侧是 i-TE 模型中的性能（输出功率等），均为性能概念但一侧为比较性提升、一侧为被描述量，语义范围不同。,uncertain,左：较好性能；右：Soret主导性能未定。38成员中properties为性质集合、performance为综合评价，不能默认互换；载流机制和指标范围又不一致。对明确定义同一层级的子组接受；跨层级缺少评价函数，保留uncertain，高/最高等明确限定另拒绝。P0687摘要表明14实际以Seebeck为预测目标，P1454为CuI电子热电纺织品。,False,independent member evidence and explicit group definitions; targeted secondary rationale comparison,False
pair:6022d789894276dbed17,5,iTE:P0774:n2,iTE:P0897:n2,narrower_than,右侧在“热电优值”上附加了“接近1”的取值限定，语义范围比左侧的通用优值概念更窄。,reject,左：电子热电无量纲ZT；右：接近1的ZT。一般电子材料ZT=热电优值同义缩写；0为离子电解质ZT，12为液体红氧转换ZT；2限定高温，10限定接近1，16/22限定高ZT，23原文为自旋分辨ZT。不能把性能同类当同定义。,True,independent member evidence and explicit group definitions; targeted secondary rationale comparison,False
pair:f511ddaea7be8c8e2978,5,iTE:P0774:n2,iTE:P0994:n3,broader_than,左侧为泛指的热电品质因子 ZT，右侧加了取值限定“high”，是受限定的更窄概念，故左侧更宽泛。,reject,左：电子热电无量纲ZT；右：高热电ZT。一般电子材料ZT=热电优值同义缩写；0为离子电解质ZT，12为液体红氧转换ZT；2限定高温，10限定接近1，16/22限定高ZT，23原文为自旋分辨ZT。不能把性能同类当同定义。,True,independent member evidence and explicit group definitions; targeted secondary rationale comparison,False
pair:5d0c35ac5f6974000a92,5,iTE:P0774:n2,iTE:P1135:n2,related_to,左侧是未限定的优值量，右侧带有“高”这一数值限定并附加温度条件，属同一量的高值表述，非等价也不是严格的种类包含。,reject,左：电子热电无量纲ZT；右：高热电ZT。一般电子材料ZT=热电优值同义缩写；0为离子电解质ZT，12为液体红氧转换ZT；2限定高温，10限定接近1，16/22限定高ZT，23原文为自旋分辨ZT。不能把性能同类当同定义。,False,independent member evidence and explicit group definitions; targeted secondary rationale comparison,False
pair:c5d3cc5cdd3363271292,7,iTE:P0779:n2,iTE:P1876:n2,related_to,左侧指功率因子这一物理量，右侧指该量的“增强”这一变化/效应，是量的变化而非同一个概念，不能等价。,reject,左：电子功率因子；右：功率因子增强。2明确PF=alpha²sigma支持电子PF共同定义；0/3/13为离子PF，4混合地聚物、10混合凝胶PF未分离载流贡献；1最大值，15/24/25为增强事件，不并入普通PF。,False,independent member evidence and explicit group definitions; targeted secondary rationale comparison,False
pair:086af782b0b0a62b31e2,104,iTE:P0781:n2,iTE:P1420:n1,related_to,两侧都指电子与空穴共同参与输运的物理现象，但一处称 bipolar transport、一处称 bipolar conduction，原文未给出同义表述，只能判为相关。,accept,共同定义：电子空穴双极输运。三段均为半导体电子与空穴共同输运，compensated Seebeck证据确认bipolar conduction同义；缺失0外的边不影响共同机制定义。,True,independent member evidence and explicit group definitions; targeted secondary rationale comparison,False
pair:ba4aef84e3fb72cb431d,127,iTE:P0783:n2,iTE:P1201:n2,broader_than,左侧为一般声子群速度，右侧加上 small 限定后为其受限概念，右 IS-A 左，因此左更宽泛。,reject,左：声子群速度；右：低声子群速度。0/2是群速度量，1为small群速度状态；不能抹去小值限定。,True,independent member evidence and explicit group definitions; targeted secondary rationale comparison,False
pair:618aeb45b60e3d63e379,0,iTE:P0804:n2,iTE:P1457:n2,related_to,左侧语境是熵导数形式的 Seebeck 系数，右侧明确是由离子热输运得到的 Seebeck 系数，来源机制不同，只能判定为相关。,reject,左：Kelvin近似系数；右：离子热扩散热电势系数。130成员及661既有建议全部逐组读取并按定义划分。thermopower/TEP/Seebeck/S通常同义，但仅在同一载流范围及测量定义下；原摘要证明P0660/P1024/P1210/P1520/P1614是红氧系数，P0595是电子SWCNT，P0547是电动学等效系数，P0804是Kelvin近似，P1676为质子加空穴的总响应。电子、离子、红氧、混合、符号幅值、加权贡献、非线性有限温差系数不可整体传递合并。节点属性及原始数值保留，未确定定义者不跨组接受。,False,independent member evidence and explicit group definitions; targeted secondary rationale comparison,False
pair:e855d8ceb78b15fbdb5b,1,iTE:P0823:n2,iTE:P1013:n1,related_to,两侧同指电导率这一物理量，但左侧是超离子材料的电导率数值区间，右侧是 SnSe 薄膜相对“更高”的比较性表述，限定对象与量级条件不同，无同义依据。,reject,左：离子电导率；右：较高电子电导率。67成员逐一读取。完整摘要确认P0377/P0399/P0518/P1639/P1903离子导电，P0959/P1050/P1599混合导电，P1359电子极化子DC，P1964明确离子DC。电子电导、离子电导、两者总和及DC条件不互为严格同义；higher/high/enhanced状态分离。未明载流机制与分量回指保留待定。,False,independent member evidence and explicit group definitions; targeted secondary rationale comparison,False
pair:2ef0072dd0aa3a85ecce,1,iTE:P0823:n2,iTE:P1257:n2,broader_than,左侧指一般电导率量，右侧指 PEDOT:PSS 中增强后的特定电导率，是更受限的下位概念。,reject,左：离子电导率；右：电子电导增强。67成员逐一读取。完整摘要确认P0377/P0399/P0518/P1639/P1903离子导电，P0959/P1050/P1599混合导电，P1359电子极化子DC，P1964明确离子DC。电子电导、离子电导、两者总和及DC条件不互为严格同义；higher/high/enhanced状态分离。未明载流机制与分量回指保留待定。,True,independent member evidence and explicit group definitions; targeted secondary rationale comparison,False
pair:7560967a8f7c7470117a,1,iTE:P0823:n2,iTE:P1356:n1,related_to,两侧都是电导率量，但左侧是超离子材料的电导率（10^-4–10^-3 S cm^-1），右侧是水凝胶的高电导率，材料体系与量级不同，不是同一概念。,uncertain,原摘要未给该电导的载流子/总量与分量归属，或高值定义不足；不靠相同conductivity/DC词强行判定。；左：离子电导率；右：高电导率载流类型待定,False,independent member evidence and explicit group definitions; targeted secondary rationale comparison,False
pair:38f009174c1b026e59f0,1,iTE:P0823:n2,iTE:P1813:n2,broader_than,left 是未加限定的电导率量值，right 是带 magnitude 限定词 high 的电导率，属于电导率的受限子类，故 left 更宽泛。,reject,左：离子电导率；右：高电子电导率。67成员逐一读取。完整摘要确认P0377/P0399/P0518/P1639/P1903离子导电，P0959/P1050/P1599混合导电，P1359电子极化子DC，P1964明确离子DC。电子电导、离子电导、两者总和及DC条件不互为严格同义；higher/high/enhanced状态分离。未明载流机制与分量回指保留待定。,True,independent member evidence and explicit group definitions; targeted secondary rationale comparison,False
pair:ab3398df70f8ed303c3d,1,iTE:P0823:n2,iTE:P1964:n2,broader_than,左侧泛指电导率（未限定测量方式），右侧特指直流（DC）电导率，是电导率的一种受限具体类型，故左侧更宽泛。,reject,左：离子电导率；右：离子直流电导率。67成员逐一读取。完整摘要确认P0377/P0399/P0518/P1639/P1903离子导电，P0959/P1050/P1599混合导电，P1359电子极化子DC，P1964明确离子DC。电子电导、离子电导、两者总和及DC条件不互为严格同义；higher/high/enhanced状态分离。未明载流机制与分量回指保留待定。,True,independent member evidence and explicit group definitions; targeted secondary rationale comparison,False
pair:f7b4d46f9ced03269374,0,iTE:P0824:n2,iTE:P1958:n2,broader_than,左侧节点为未加限定的一般 Seebeck 系数概念（原文只说明其数值大），右侧为带 large 限定的具体表述，右侧 IS-A 左侧。,reject,左：电子Seebeck系数；右：高电子Seebeck系数。130成员及661既有建议全部逐组读取并按定义划分。thermopower/TEP/Seebeck/S通常同义，但仅在同一载流范围及测量定义下；原摘要证明P0660/P1024/P1210/P1520/P1614是红氧系数，P0595是电子SWCNT，P0547是电动学等效系数，P0804是Kelvin近似，P1676为质子加空穴的总响应。电子、离子、红氧、混合、符号幅值、加权贡献、非线性有限温差系数不可整体传递合并。节点属性及原始数值保留，未确定定义者不跨组接受。,True,independent member evidence and explicit group definitions; targeted secondary rationale comparison,False
pair:2a2275f58159698b25b4,19,iTE:P0829:n2,iTE:P0894:n2,broader_than,左侧为无限定的一般声子散射，右侧额外限定为“of various wavelengths”，是声子散射的更具体情形，故左侧更宽泛。,reject,左：声子散射；右：多波长声子散射。0/2/3/4/5/6/7/10一般声子散射过程；1多波长覆盖；8强散射状态；9/11散射增强变化。区分强度状态与变化，不能闭包消除。,True,independent member evidence and explicit group definitions; targeted secondary rationale comparison,False
pair:1f43f8caf1e20574f84b,19,iTE:P0829:n2,iTE:P1481:n1,broader_than,左侧泛指“散射声子”这一过程，右侧加了强度限定“enhanced”（增强的声子散射），是受限定的具体形式，故左侧更宽泛。,reject,左：声子散射；右：声子散射增强。0/2/3/4/5/6/7/10一般声子散射过程；1多波长覆盖；8强散射状态；9/11散射增强变化。区分强度状态与变化，不能闭包消除。,True,independent member evidence and explicit group definitions; targeted secondary rationale comparison,False
pair:ac573f6fb417487ab861,19,iTE:P0829:n2,iTE:P1970:n1,broader_than,两侧同指声子散射，但 right 额外限定为“增大”的方向性表述，left 为未限定的一般过程，left 更宽泛。,reject,左：声子散射；右：声子散射增强。0/2/3/4/5/6/7/10一般声子散射过程；1多波长覆盖；8强散射状态；9/11散射增强变化。区分强度状态与变化，不能闭包消除。,True,independent member evidence and explicit group definitions; targeted secondary rationale comparison,False
pair:cea8b9db0d9d9a8d9f9f,5,iTE:P0830:n3,iTE:P1135:n2,related_to,同一物理量（品质因子）在两侧分别对应低值（ZT = 0.14）与高值语境，取值限定不同，不能直接判为等价。,reject,左：电子热电无量纲ZT；右：高热电ZT。一般电子材料ZT=热电优值同义缩写；0为离子电解质ZT，12为液体红氧转换ZT；2限定高温，10限定接近1，16/22限定高ZT，23原文为自旋分辨ZT。不能把性能同类当同定义。,False,independent member evidence and explicit group definitions; targeted secondary rationale comparison,False
pair:27b690b0c49bef2a9cab,0,iTE:P0833:n2,iTE:P0941:n2,related_to,左侧是 CuI/NC 中测得的确定 Seebeck 系数值（约 228 μV K-1，290-335 K 恒定），右侧是另一材料因高态密度导致的“高 Seebeck 系数”定性表述，指称对象与量值不同，仅共享同一物理量概念。,reject,左：电子Seebeck系数；右：高电子Seebeck系数。130成员及661既有建议全部逐组读取并按定义划分。thermopower/TEP/Seebeck/S通常同义，但仅在同一载流范围及测量定义下；原摘要证明P0660/P1024/P1210/P1520/P1614是红氧系数，P0595是电子SWCNT，P0547是电动学等效系数，P0804是Kelvin近似，P1676为质子加空穴的总响应。电子、离子、红氧、混合、符号幅值、加权贡献、非线性有限温差系数不可整体传递合并。节点属性及原始数值保留，未确定定义者不跨组接受。,False,independent member evidence and explicit group definitions; targeted secondary rationale comparison,False
pair:7ba006e521ffaf836d77,0,iTE:P0833:n2,iTE:P1457:n2,related_to,左侧是p型半导体CuI/NC的（电子）Seebeck系数测量值，右侧明确“obtained from the ionic heats of transport”即由离子热输运导出的离子Seebeck系数，机制不同，仅同属Seebeck系数范畴。,reject,左：电子Seebeck系数；右：离子热扩散热电势系数。130成员及661既有建议全部逐组读取并按定义划分。thermopower/TEP/Seebeck/S通常同义，但仅在同一载流范围及测量定义下；原摘要证明P0660/P1024/P1210/P1520/P1614是红氧系数，P0595是电子SWCNT，P0547是电动学等效系数，P0804是Kelvin近似，P1676为质子加空穴的总响应。电子、离子、红氧、混合、符号幅值、加权贡献、非线性有限温差系数不可整体传递合并。节点属性及原始数值保留，未确定定义者不跨组接受。,False,independent member evidence and explicit group definitions; targeted secondary rationale comparison,False
pair:99984ccb2cc2375bfbe8,0,iTE:P0833:n2,iTE:P1544:n3,broader_than,"左侧是无量词限定的物理量""Seebeck coefficient S""，右侧加了""large""这一量值限定，构成受限子类，故左比右宽泛。",reject,左：电子Seebeck系数；右：高电子Seebeck系数。130成员及661既有建议全部逐组读取并按定义划分。thermopower/TEP/Seebeck/S通常同义，但仅在同一载流范围及测量定义下；原摘要证明P0660/P1024/P1210/P1520/P1614是红氧系数，P0595是电子SWCNT，P0547是电动学等效系数，P0804是Kelvin近似，P1676为质子加空穴的总响应。电子、离子、红氧、混合、符号幅值、加权贡献、非线性有限温差系数不可整体传递合并。节点属性及原始数值保留，未确定定义者不跨组接受。,True,independent member evidence and explicit group definitions; targeted secondary rationale comparison,False
pair:94b1b2e2afb84510c74b,72,iTE:P0842:n1,iTE:P1457:n1,narrower_than,左侧是 Ag+ 离子的热输运量，右侧泛指 ionic heats of transport；前者是后者的一种具体离子实例，属 narrower。,reject,左：Ag+输运热；右：离子输运热。0/3一般离子输运热，1原文和2均明确银离子输运热；两种记号对应该银离子量，但不可泛化所有离子。,True,independent member evidence and explicit group definitions; targeted secondary rationale comparison,False
pair:6fe9bbfbe69cf884e908,17,iTE:P0842:n2,iTE:P0876:n2,related_to,两侧均涉及活化能，但左侧特指E_sigma，右侧为随Br浓度变化的活化能，具体对象和材料不同，不能等价。,accept,共同定义：Ag+电导迁移表观活化能。0载流子生成能，1/2/3由电导提取Ag+迁移活化能；4复合电导和热电势活化能；5Cu迁移NEB势垒；6Cu离子传导活化能；7含空位生成贡献；8Ag+微观势垒；9/10电子电导活化能；11Na导电活化能。共同energy词不保证同量。,True,independent member evidence and explicit group definitions; targeted secondary rationale comparison,False
pair:1426eb008b404ead9974,17,iTE:P0842:n2,iTE:P1033:n2,related_to,左侧是E_sigma活化能，右侧包含由E_sigma和E_s两种方式得到的活化能，右侧为更广的组合量，按组成关系并非IS-A。,reject,左：Ag+电导迁移表观活化能；右：电导与热电势活化能组合。0载流子生成能，1/2/3由电导提取Ag+迁移活化能；4复合电导和热电势活化能；5Cu迁移NEB势垒；6Cu离子传导活化能；7含空位生成贡献；8Ag+微观势垒；9/10电子电导活化能；11Na导电活化能。共同energy词不保证同量。,False,independent member evidence and explicit group definitions; targeted secondary rationale comparison,False
pair:28733d7fdad8c503100a,17,iTE:P0842:n2,iTE:P1209:n2,related_to,左侧是电导率测量（E sigma）得到的活化能，右侧是Cu1.99Se中限制离子迁移的活化能；同属超离子导体离子输运能垒范畴，但材料与测量定义不同，未构成明确同义。,reject,左：Ag+电导迁移表观活化能；右：Cu迁移微观势垒。0载流子生成能，1/2/3由电导提取Ag+迁移活化能；4复合电导和热电势活化能；5Cu迁移NEB势垒；6Cu离子传导活化能；7含空位生成贡献；8Ag+微观势垒；9/10电子电导活化能；11Na导电活化能。共同energy词不保证同量。,False,independent member evidence and explicit group definitions; targeted secondary rationale comparison,False
pair:da6e252eaafa4463f111,17,iTE:P0842:n2,iTE:P1250:n2,related_to,左侧是由电导率σ得到的活化能（E sigma，与Ag+离子输运热比较），右侧明确限定为Cu2S的“ionic activation energy”，限定条件与测量来源不同，不能认定同一概念。,reject,左：Ag+电导迁移表观活化能；右：Cu离子电导活化能。0载流子生成能，1/2/3由电导提取Ag+迁移活化能；4复合电导和热电势活化能；5Cu迁移NEB势垒；6Cu离子传导活化能；7含空位生成贡献；8Ag+微观势垒；9/10电子电导活化能；11Na导电活化能。共同energy词不保证同量。,False,independent member evidence and explicit group definitions; targeted secondary rationale comparison,False
pair:f403460e1ce2f2059b21,17,iTE:P0842:n2,iTE:P1548:n2,narrower_than,left 在原文语境中是 Ag+ 离子迁移的激活能，被限定于特定载流离子，是 right 泛指的离子输运激活能的受限特例。,reject,左：Ag+电导迁移表观活化能；右：含空位生成的离子输运活化能。0载流子生成能，1/2/3由电导提取Ag+迁移活化能；4复合电导和热电势活化能；5Cu迁移NEB势垒；6Cu离子传导活化能；7含空位生成贡献；8Ag+微观势垒；9/10电子电导活化能；11Na导电活化能。共同energy词不保证同量。,True,independent member evidence and explicit group definitions; targeted secondary rationale comparison,False
pair:72fe889792ca8455d7af,17,iTE:P0842:n2,iTE:P1556:n4,related_to,左侧是电导率活化能E sigma，右侧是Ag+离子输运的活化能垒，二者虽都是离子输运能量量，但定义来源（σ拟合 vs 迁移势垒）与被影响对象不同。,reject,左：Ag+电导迁移表观活化能；右：Ag+微观迁移势垒。0载流子生成能，1/2/3由电导提取Ag+迁移活化能；4复合电导和热电势活化能；5Cu迁移NEB势垒；6Cu离子传导活化能；7含空位生成贡献；8Ag+微观势垒；9/10电子电导活化能；11Na导电活化能。共同energy词不保证同量。,False,independent member evidence and explicit group definitions; targeted secondary rationale comparison,False
pair:d2b1776be28b86c69ffe,17,iTE:P0842:n2,iTE:P1563:n3,related_to,左侧符号Eσ暗示电导活化能，但原文未明示与右侧电导活化能同一定义，证据不足只能判为相关。,reject,左：Ag+电导迁移表观活化能；右：电子电导活化能。0载流子生成能，1/2/3由电导提取Ag+迁移活化能；4复合电导和热电势活化能；5Cu迁移NEB势垒；6Cu离子传导活化能；7含空位生成贡献；8Ag+微观势垒；9/10电子电导活化能；11Na导电活化能。共同energy词不保证同量。,False,independent member evidence and explicit group definitions; targeted secondary rationale comparison,False
pair:f9541334e1300d84ec07,13,iTE:P0845:n4,iTE:P1168:n3,broader_than,left 泛指载流子迁移率，right 是被增强/高值的载流子迁移率，right 是 left 的限定子类。,reject,左：电子载流子迁移率；右：增强的Hall迁移率。0/1/2/3/4/6/12/13/15/16为通常电子载流子迁移率；5/10/11为高值；7相对较高；8明确增强的Hall迁移率；9为电子比空穴更好；14为OECT提取的器件有效迁移率，不能用同词跨定义闭包。,True,independent member evidence and explicit group definitions; targeted secondary rationale comparison,False
pair:3c3f6bdfbe8fc235f3f9,13,iTE:P0845:n4,iTE:P1222:n2,broader_than,同指迁移率这一物理量，但右侧带“高”这一限定，是左侧载流子迁移率的受限子概念，故左侧更宽泛。,reject,左：电子载流子迁移率；右：高载流子迁移率。0/1/2/3/4/6/12/13/15/16为通常电子载流子迁移率；5/10/11为高值；7相对较高；8明确增强的Hall迁移率；9为电子比空穴更好；14为OECT提取的器件有效迁移率，不能用同词跨定义闭包。,True,independent member evidence and explicit group definitions; targeted secondary rationale comparison,False
pair:e3d82c32d77e0f952eb9,24,iTE:P0858:n1,iTE:P1666:n1,narrower_than,left是在PEDOT:PSS体系中充当添加剂的离子液体（受限角色），right是泛指离子液体，left IS-A right。,uncertain,左：IL additive；右：IL。完整摘要证实0=EMIM:TFSI、1=MMIM:DCA、3=EMIM乙基硫酸盐、9=EMIM:TCB；2还比较EMIM/Li TFSI，其他未给明确化学身份。不能把所有IL短称当同一材料。已知不同物种逐对拒绝，其余保留待定。,True,independent member evidence and explicit group definitions; targeted secondary rationale comparison,False
pair:b2a2bbe5daf99dd565a2,43,iTE:P0858:n2,iTE:P0932:n1,related_to,左为PEDOT:PSS整体相分离，右为其中PSS从PEDOT分离的具体过程，属整体-部分/机制关联，非IS-A或同义。,accept,共同定义：PEDOT/PSS相分离。0/1/5指两相分离不必移出材料；2限定纳米分相；4是移除PSS；3又限定大量移除。不存在通过相分离连接移除的严格同义。,True,independent member evidence and explicit group definitions; targeted secondary rationale comparison,False
pair:34ac2f958175cf78c2a8,43,iTE:P0858:n2,iTE:P1447:n1,related_to,相分离（PEDOT/PSS 富集域形成）与大量去除 PSS 是两个不同过程，均涉及 PSS 的重新分布，属机制关联。,reject,左：PEDOT/PSS相分离；右：大量移除PSS。0/1/5指两相分离不必移出材料；2限定纳米分相；4是移除PSS；3又限定大量移除。不存在通过相分离连接移除的严格同义。,False,independent member evidence and explicit group definitions; targeted secondary rationale comparison,False
pair:8cf79ebfb99d970752bb,125,iTE:P0860:n1,iTE:P0870:n2,related_to,左指材料所处的金属态（一种状态），右指表现出的金属型性质，状态与属性属相关而非同义。,reject,左：金属态性质；右：类金属性。0/2明确金属态/metallic nature；1为metallic-type properties，类金属性证据不确证实际金属态。,False,independent member evidence and explicit group definitions; targeted secondary rationale comparison,False
pair:f0e7ddc4a9613488f783,18,iTE:P0861:n1,iTE:P1742:n1,broader_than,左侧为一般键离子性，右侧限定为 Rb 和 Fr 的离子性；右侧是左侧在具体元素/体系上的实例。,reject,左：键合的离子性；右：Rb/Fr离子性。0/2/3/4/7为键合离子性属性；1/6/8/9/10/11为离子键/键合类型；5特指Rb和Fr原子的离子性。键合类型与离子性程度相关但不严格同义。,True,independent member evidence and explicit group definitions; targeted secondary rationale comparison,False
pair:475658e2d2a8e8710f39,2,iTE:P0861:n2,iTE:P0933:n3,related_to,'thermoelectric properties' 泛指热电物性集合，'thermoelectric performance' 指性能优劣，二者语义相关但范围不同，原文无明确同义表述。,uncertain,左：电子热电性质集合；右：电子热电整体性能。38成员中properties为性质集合、performance为综合评价，不能默认互换；载流机制和指标范围又不一致。对明确定义同一层级的子组接受；跨层级缺少评价函数，保留uncertain，高/最高等明确限定另拒绝。P0687摘要表明14实际以Seebeck为预测目标，P1454为CuI电子热电纺织品。,False,independent member evidence and explicit group definitions; targeted secondary rationale comparison,False
pair:c5ca2eef8a0a9b5c3a1d,2,iTE:P0862:n2,iTE:P1393:n2,related_to,左侧是 i-TE 能量转换过程的一般性能，右侧是特定化合物带正面评价的 TE 性能，语境与限定不同，仅同域相关而非同义。,uncertain,左：Soret主导性能未定；右：良好性能。38成员中properties为性质集合、performance为综合评价，不能默认互换；载流机制和指标范围又不一致。对明确定义同一层级的子组接受；跨层级缺少评价函数，保留uncertain，高/最高等明确限定另拒绝。P0687摘要表明14实际以Seebeck为预测目标，P1454为CuI电子热电纺织品。,False,independent member evidence and explicit group definitions; targeted secondary rationale comparison,False
pair:3c735fa1e1b491fb6b43,48,iTE:P0865:n2,iTE:P1300:n2,related_to,两侧都是铜离子在晶格中的迁移/扩散过程，但分属不同材料体系（BaCu2Te2 的 Cu migration 与 β-Cu2Se 的 Cu diffusion），原文未给出同义表述，只能判定为同类机制的联系。,reject,左：Cu迁移；右：Cu离子扩散。0/2为Cu迁移及析出/异质界面抑制；1/3/4明确扩散，定向迁移与扩散不可仅因同物种相等。,False,independent member evidence and explicit group definitions; targeted secondary rationale comparison,False
pair:077f9d53161b8821065f,17,iTE:P0876:n2,iTE:P1033:n2,related_to,两侧均叫活化能，但左侧指随Br浓度变化的活化能，右侧包含E_sigma和E_s两种活化能，测量对象不同，不能等价。,reject,左：Ag+电导迁移表观活化能；右：电导与热电势活化能组合。0载流子生成能，1/2/3由电导提取Ag+迁移活化能；4复合电导和热电势活化能；5Cu迁移NEB势垒；6Cu离子传导活化能；7含空位生成贡献；8Ag+微观势垒；9/10电子电导活化能；11Na导电活化能。共同energy词不保证同量。,False,independent member evidence and explicit group definitions; targeted secondary rationale comparison,False
pair:c987fde1f5f724fa6e14,17,iTE:P0876:n2,iTE:P1548:n2,related_to,两侧均涉及离子输运活化能，但左侧未标出“ionic transport”限定，原文不足以证明同一测量对象，只能判为相关。,reject,左：Ag+电导迁移表观活化能；右：含空位生成的离子输运活化能。0载流子生成能，1/2/3由电导提取Ag+迁移活化能；4复合电导和热电势活化能；5Cu迁移NEB势垒；6Cu离子传导活化能；7含空位生成贡献；8Ag+微观势垒；9/10电子电导活化能；11Na导电活化能。共同energy词不保证同量。,False,independent member evidence and explicit group definitions; targeted secondary rationale comparison,False
pair:dd5fcef4cbe5e33acfae,17,iTE:P0876:n2,iTE:P1556:n4,related_to,两侧都是活化能类量，但左侧未限定输运对象、右侧明确为Ag+输运势垒，原文无同义表述。,reject,左：Ag+电导迁移表观活化能；右：Ag+微观迁移势垒。0载流子生成能，1/2/3由电导提取Ag+迁移活化能；4复合电导和热电势活化能；5Cu迁移NEB势垒；6Cu离子传导活化能；7含空位生成贡献；8Ag+微观势垒；9/10电子电导活化能；11Na导电活化能。共同energy词不保证同量。,False,independent member evidence and explicit group definitions; targeted secondary rationale comparison,False
pair:c6a90e926657d8d34857,17,iTE:P0876:n2,iTE:P1563:n3,related_to,左侧为离子导电路径的活化能，右侧明确为电子电导的活化能，输运机制/载流子不同，仅同属活化能量。,reject,左：Ag+电导迁移表观活化能；右：电子电导活化能。0载流子生成能，1/2/3由电导提取Ag+迁移活化能；4复合电导和热电势活化能；5Cu迁移NEB势垒；6Cu离子传导活化能；7含空位生成贡献；8Ag+微观势垒；9/10电子电导活化能；11Na导电活化能。共同energy词不保证同量。,False,independent member evidence and explicit group definitions; targeted secondary rationale comparison,False
pair:87dec9523f1861e46d9b,19,iTE:P0894:n2,iTE:P0904:n3,related_to,左侧强调晶格缺陷对多波长声子的宽带散射，右侧是 Yb 掺杂中应变场主导的声子散射机制，机制来源不同，不构成同义。,reject,左：多波长声子散射；右：声子散射。0/2/3/4/5/6/7/10一般声子散射过程；1多波长覆盖；8强散射状态；9/11散射增强变化。区分强度状态与变化，不能闭包消除。,False,independent member evidence and explicit group definitions; targeted secondary rationale comparison,False
pair:803bdff207c6f8eda6ca,19,iTE:P0894:n2,iTE:P1170:n2,narrower_than,左侧加了“of various wavelengths”这一限定，属于右侧一般声子散射的更具体种类，故左侧更窄。,reject,左：多波长声子散射；右：声子散射。0/2/3/4/5/6/7/10一般声子散射过程；1多波长覆盖；8强散射状态；9/11散射增强变化。区分强度状态与变化，不能闭包消除。,True,independent member evidence and explicit group definitions; targeted secondary rationale comparison,False
pair:d4049f8018dd275fb7ef,19,iTE:P0894:n2,iTE:P1198:n2,related_to,均为声子散射过程，但左侧限定为多波长声子散射（Ag2Te/Ag2S 晶格缺陷），右侧为 Ba3BO 中弱离子键导致的强声子散射，对象与限定条件不同。,reject,左：多波长声子散射；右：强声子散射。0/2/3/4/5/6/7/10一般声子散射过程；1多波长覆盖；8强散射状态；9/11散射增强变化。区分强度状态与变化，不能闭包消除。,False,independent member evidence and explicit group definitions; targeted secondary rationale comparison,False
pair:470905c487fbbc47fc90,19,iTE:P0894:n2,iTE:P1481:n1,related_to,左侧强调散射对象覆盖多种波长，右侧强调散射被增强，限定条件不同且无同义表述，只能算相关。,reject,左：多波长声子散射；右：声子散射增强。0/2/3/4/5/6/7/10一般声子散射过程；1多波长覆盖；8强散射状态；9/11散射增强变化。区分强度状态与变化，不能闭包消除。,False,independent member evidence and explicit group definitions; targeted secondary rationale comparison,False
pair:4b3ad79e3cff0f3824e2,28,iTE:P0896:n3,iTE:P1279:n2,related_to,左侧是材料的 p 型半导体特性（状态），右侧是 p 型导电过程，属性与过程相关但不等价。,accept,共同定义：p型电子导电特征。0/1/2/3/4/5/8均电子空穴占优p型特征；6明确Cs2CdZnCl6材料限制；7要求全测温区保持p型，不能去掉稳定区间。,True,independent member evidence and explicit group definitions; targeted secondary rationale comparison,False
pair:28d48dc1eab070981bd0,28,iTE:P0896:n3,iTE:P1795:n2,related_to,左侧是复合材料所表现出的 p 型导电特性（测量特征），右侧是 Mg3Sb2 中的 p 型导电机制，属性与机制相关但不等价。,accept,共同定义：p型电子导电特征。0/1/2/3/4/5/8均电子空穴占优p型特征；6明确Cs2CdZnCl6材料限制；7要求全测温区保持p型，不能去掉稳定区间。,True,independent member evidence and explicit group definitions; targeted secondary rationale comparison,False
pair:93670a87535ccc51fbaf,5,iTE:P0897:n2,iTE:P0994:n3,narrower_than,左侧把热电优值限定为“接近 1”的取值区间，是右侧泛指“高热电优值”的受限具体情形，语义范围更窄。,reject,左：接近1的ZT；右：高热电ZT。一般电子材料ZT=热电优值同义缩写；0为离子电解质ZT，12为液体红氧转换ZT；2限定高温，10限定接近1，16/22限定高ZT，23原文为自旋分辨ZT。不能把性能同类当同定义。,True,independent member evidence and explicit group definitions; targeted secondary rationale comparison,False
pair:30b15f70cb63a27b135c,5,iTE:P0897:n2,iTE:P1135:n2,related_to,两侧都指 ZT，但左侧限定为“close to unity”、右侧限定为“high（室温及以下）”，限定取值与温区不同，互不包含，只能算相关。,reject,左：接近1的ZT；右：高热电ZT。一般电子材料ZT=热电优值同义缩写；0为离子电解质ZT，12为液体红氧转换ZT；2限定高温，10限定接近1，16/22限定高ZT，23原文为自旋分辨ZT。不能把性能同类当同定义。,False,independent member evidence and explicit group definitions; targeted secondary rationale comparison,False
pair:1aba1ff00b2543bfbfad,5,iTE:P0897:n2,iTE:P1206:n2,narrower_than,两侧都是同一个热电优值 ZT，但左侧附加了取值限定“close to unity”，是受限定的更具体表述，属于右侧一般性 thermoelectric figure of merit 的下位。,reject,左：接近1的ZT；右：自旋分辨ZT。一般电子材料ZT=热电优值同义缩写；0为离子电解质ZT，12为液体红氧转换ZT；2限定高温，10限定接近1，16/22限定高ZT，23原文为自旋分辨ZT。不能把性能同类当同定义。,True,independent member evidence and explicit group definitions; targeted secondary rationale comparison,False
pair:fb66d943f7cc318884df,4,iTE:P0902:n3,iTE:P1418:n2,related_to,右侧明确为含电子贡献的“total”热导率并受电子热导率趋势支配，左侧未加限定，无法确证两者范围相同，只能判为相关。,accept,共同定义：材料总体热导率。除6/16/28外29个节点均材料总体热导率κ，total/overall为同量展开；30说明声子主导但仍总κ。16明确phonon thermal conductivity是分量；6明确large高值；28为晶界局部热导属性，不能直接当均匀体相热导率。,True,independent member evidence and explicit group definitions; targeted secondary rationale comparison,False
pair:9a57e8d62beed7626404,19,iTE:P0904:n3,iTE:P1198:n2,broader_than,left 泛指声子散射机制，right 加“strong”限定为强散射，右者是左者的受限特例，left 更宽泛。,reject,左：声子散射；右：强声子散射。0/2/3/4/5/6/7/10一般声子散射过程；1多波长覆盖；8强散射状态；9/11散射增强变化。区分强度状态与变化，不能闭包消除。,True,independent member evidence and explicit group definitions; targeted secondary rationale comparison,False
pair:3bf6234e761ab0f11aa6,19,iTE:P0904:n3,iTE:P1481:n1,broader_than,left 指一般性的 phonon scattering 机制，right 是被强度限定（enhanced）的具体形式，right IS-A left，故 left 更宽泛。,reject,左：声子散射；右：声子散射增强。0/2/3/4/5/6/7/10一般声子散射过程；1多波长覆盖；8强散射状态；9/11散射增强变化。区分强度状态与变化，不能闭包消除。,True,independent member evidence and explicit group definitions; targeted secondary rationale comparison,False
pair:b592e426b57e194aee62,19,iTE:P0904:n3,iTE:P1970:n1,broader_than,left 泛指声子散射机制，right 是加了“increase”限定后的具体表述（散射增强这一具体情形），因此 left 更宽泛。,reject,左：声子散射；右：声子散射增强。0/2/3/4/5/6/7/10一般声子散射过程；1多波长覆盖；8强散射状态；9/11散射增强变化。区分强度状态与变化，不能闭包消除。,True,independent member evidence and explicit group definitions; targeted secondary rationale comparison,False
pair:f56d70e09ffab5f37017,28,iTE:P0914:n3,iTE:P1279:n2,related_to,二者都涉及p型行为，但“p型特性”侧重材料状态/属性，“p型导电”侧重空穴导电过程，未提供同义表述，判 related_to。,accept,共同定义：p型电子导电特征。0/1/2/3/4/5/8均电子空穴占优p型特征；6明确Cs2CdZnCl6材料限制；7要求全测温区保持p型，不能去掉稳定区间。,True,independent member evidence and explicit group definitions; targeted secondary rationale comparison,False
pair:3eef3970a31535d78c75,28,iTE:P0914:n3,iTE:P1571:n2,related_to,两者都指材料呈p型导电，但左为p型特性/行为，右强调在整个温区保持p型，范围限定不同，不能直接等同。,reject,左：p型电子导电特征；右：测量温区持续p型。0/1/2/3/4/5/8均电子空穴占优p型特征；6明确Cs2CdZnCl6材料限制；7要求全测温区保持p型，不能去掉稳定区间。,False,independent member evidence and explicit group definitions; targeted secondary rationale comparison,False
pair:e7dfb9b591805e15088e,19,iTE:P0917:n2,iTE:P1198:n2,broader_than,left 是不加限定的“声子散射”机制，right 特指带强度限定的“强声子散射”，right IS-A left。,reject,左：声子散射；右：强声子散射。0/2/3/4/5/6/7/10一般声子散射过程；1多波长覆盖；8强散射状态；9/11散射增强变化。区分强度状态与变化，不能闭包消除。,True,independent member evidence and explicit group definitions; targeted secondary rationale comparison,False
pair:0a19150ec56ef1bdc11a,19,iTE:P0917:n2,iTE:P1481:n1,broader_than,左侧节点为泛指的“声子散射”，右侧为加了“enhanced”限定的具体情形，后者 IS-A 前者，左侧更宽泛。,reject,左：声子散射；右：声子散射增强。0/2/3/4/5/6/7/10一般声子散射过程；1多波长覆盖；8强散射状态；9/11散射增强变化。区分强度状态与变化，不能闭包消除。,True,independent member evidence and explicit group definitions; targeted secondary rationale comparison,False
pair:78a39e5ee02016e64888,19,iTE:P0917:n2,iTE:P1970:n1,broader_than,left 泛指声子散射这一过程，right 特指其随晶格振动增强的方向性变化，right 是 left 的受限/方向化形式，故 left 更宽泛。,reject,左：声子散射；右：声子散射增强。0/2/3/4/5/6/7/10一般声子散射过程；1多波长覆盖；8强散射状态；9/11散射增强变化。区分强度状态与变化，不能闭包消除。,True,independent member evidence and explicit group definitions; targeted secondary rationale comparison,False
pair:23e88aab74f9a6259b51,19,iTE:P0921:n2,iTE:P1198:n2,related_to,两侧机制同为声子散射，但右侧附加“strong”强度限定且来源不同，语义范围不等同。,reject,左：声子散射；右：强声子散射。0/2/3/4/5/6/7/10一般声子散射过程；1多波长覆盖；8强散射状态；9/11散射增强变化。区分强度状态与变化，不能闭包消除。,False,independent member evidence and explicit group definitions; targeted secondary rationale comparison,False
pair:58d34e9dec00d32cc1ac,19,iTE:P0921:n2,iTE:P1481:n1,broader_than,"left 为一般“声子散射”机制，right 是由 ""enhanced"" 限定的强化型声子散射，right IS-A left，属更窄概念。",reject,左：声子散射；右：声子散射增强。0/2/3/4/5/6/7/10一般声子散射过程；1多波长覆盖；8强散射状态；9/11散射增强变化。区分强度状态与变化，不能闭包消除。,True,independent member evidence and explicit group definitions; targeted secondary rationale comparison,False
pair:df6fb08846fb2fdda413,19,iTE:P0921:n2,iTE:P1970:n1,related_to,left 是泛指声子散射机制，right 特指随温度升高而“增加”的声子散射，后者带有方向性变化，二者是同一机制的泛指与特定情形，非等价。,reject,左：声子散射；右：声子散射增强。0/2/3/4/5/6/7/10一般声子散射过程；1多波长覆盖；8强散射状态；9/11散射增强变化。区分强度状态与变化，不能闭包消除。,False,independent member evidence and explicit group definitions; targeted secondary rationale comparison,False
pair:b6e4b3a98d6f3e22c660,4,iTE:P0921:n4,iTE:P1062:n2,narrower_than,左侧带 total 限定，指总热导率（相对晶格/电子等分量），是右侧泛指热导率的更具体种类，非同一概念。,accept,共同定义：材料总体热导率。除6/16/28外29个节点均材料总体热导率κ，total/overall为同量展开；30说明声子主导但仍总κ。16明确phonon thermal conductivity是分量；6明确large高值；28为晶界局部热导属性，不能直接当均匀体相热导率。,True,independent member evidence and explicit group definitions; targeted secondary rationale comparison,False
pair:05d70194bd571f8bead8,4,iTE:P0921:n4,iTE:P1783:n2,related_to,左侧为包含所有贡献的“总热导率”，右侧(kappa)明确只来自声子晶格振动（晶格热导），是总热导的组成分量，非等价。,accept,共同定义：材料总体热导率。除6/16/28外29个节点均材料总体热导率κ，total/overall为同量展开；30说明声子主导但仍总κ。16明确phonon thermal conductivity是分量；6明确large高值；28为晶界局部热导属性，不能直接当均匀体相热导率。,True,independent member evidence and explicit group definitions; targeted secondary rationale comparison,False
pair:7af8875cd484fcbdf4c5,2,iTE:P0924:n3,iTE:P1327:n2,broader_than,右侧是加以“highest”最高值限定的热电性能，是左侧一般热电性能概念的受限特例，故左侧更宽泛。,uncertain,左：热电化学转换整体性能；右：最高性能。38成员中properties为性质集合、performance为综合评价，不能默认互换；载流机制和指标范围又不一致。对明确定义同一层级的子组接受；跨层级缺少评价函数，保留uncertain，高/最高等明确限定另拒绝。P0687摘要表明14实际以Seebeck为预测目标，P1454为CuI电子热电纺织品。,True,independent member evidence and explicit group definitions; targeted secondary rationale comparison,False
pair:131dd8337f5b6548311b,19,iTE:P0928:n4,iTE:P1198:n2,related_to,两侧都是声子散射这一机制类别，但分别由 POSS 笼的异质分散与 Ba3BO 的畸变 O-Ba6 八面体框架引起，属不同材料体系的具体实例，非同一概念。,reject,左：声子散射；右：强声子散射。0/2/3/4/5/6/7/10一般声子散射过程；1多波长覆盖；8强散射状态；9/11散射增强变化。区分强度状态与变化，不能闭包消除。,False,independent member evidence and explicit group definitions; targeted secondary rationale comparison,False
pair:af2a5606efb53515ccc6,19,iTE:P0928:n4,iTE:P1481:n1,broader_than,左侧为泛指“散射声子”过程，右侧带“enhanced”强度限定，是受限定的具体形式，故左侧更宽泛。,reject,左：声子散射；右：声子散射增强。0/2/3/4/5/6/7/10一般声子散射过程；1多波长覆盖；8强散射状态；9/11散射增强变化。区分强度状态与变化，不能闭包消除。,True,independent member evidence and explicit group definitions; targeted secondary rationale comparison,False
pair:e08f3cac2a6557d17565,19,iTE:P0928:n4,iTE:P1970:n1,related_to,左侧是对声子起散射作用的机制动作，右侧是声子散射随温度增强这一变化量，二者机制上相连但一为过程一为变化，不是同一概念。,reject,左：声子散射；右：声子散射增强。0/2/3/4/5/6/7/10一般声子散射过程；1多波长覆盖；8强散射状态；9/11散射增强变化。区分强度状态与变化，不能闭包消除。,False,independent member evidence and explicit group definitions; targeted secondary rationale comparison,False
pair:fba0e9feaea16dc4da50,21,iTE:P0929:n1,iTE:P1183:n2,related_to,左侧为泛指的非谐性，右侧限定为源自弱且异质化学键的强非谐晶格动力学，后者带有具体来源限定，非同一表述，仅语义机制相关。,reject,左：晶格非谐性；右：强非谐晶格动力学现象。1/5/8/9为晶格/声子非谐性一般属性；0/3/4/6/7/10明确高/强晶格非谐性；2为比较greater，未定义达到高值。；动力学现象与非谐性性质拆开。,False,independent member evidence and explicit group definitions; targeted secondary rationale comparison,False
pair:4bc63c12efd7ebdd54bc,21,iTE:P0929:n1,iTE:P1297:n1,related_to,左侧是未加限定的 anharmonicity，右侧为带强度限定并含 Grüneisen 参数等具体表现的 strong anharmonicity，语义范围与限定条件不同，不构成等价。,reject,左：晶格非谐性；右：强晶格非谐性。1/5/8/9为晶格/声子非谐性一般属性；0/3/4/6/7/10明确高/强晶格非谐性；2为比较greater，未定义达到高值。；动力学现象与非谐性性质拆开。,False,independent member evidence and explicit group definitions; targeted secondary rationale comparison,False
pair:de57f4d08c34308d0049,21,iTE:P0929:n1,iTE:P1428:n1,broader_than,左侧泛指非谐性，右侧特指“强声子非谐性”，限定更窄，属上下位关系。,reject,左：晶格非谐性；右：强晶格非谐性。1/5/8/9为晶格/声子非谐性一般属性；0/3/4/6/7/10明确高/强晶格非谐性；2为比较greater，未定义达到高值。；动力学现象与非谐性性质拆开。,True,independent member evidence and explicit group definitions; targeted secondary rationale comparison,False
pair:f94896013dfe343badb0,21,iTE:P0929:n1,iTE:P1478:n2,broader_than,左侧为未加限定的 anharmonicity，右侧限定为晶格（声子）非谐性，后者是前者的更具体种类。,accept,共同定义：晶格非谐性。1/5/8/9为晶格/声子非谐性一般属性；0/3/4/6/7/10明确高/强晶格非谐性；2为比较greater，未定义达到高值。；动力学现象与非谐性性质拆开。,True,independent member evidence and explicit group definitions; targeted secondary rationale comparison,False
pair:df3bdf9d964b2ba6654c,21,iTE:P0929:n1,iTE:P1522:n3,broader_than,左侧泛指 anharmonicity，右侧限定为声子非谐性，后者是前者的更具体种类。,accept,共同定义：晶格非谐性。1/5/8/9为晶格/声子非谐性一般属性；0/3/4/6/7/10明确高/强晶格非谐性；2为比较greater，未定义达到高值。；动力学现象与非谐性性质拆开。,True,independent member evidence and explicit group definitions; targeted secondary rationale comparison,False
pair:94e8cb522d1c4482e193,21,iTE:P0929:n1,iTE:P1860:n1,broader_than,左侧为未加限定的一般“非谐性”，右侧是带强度限定的“强非谐性”，是受限于强非谐区间的更具体概念，属 left 包容 right。,reject,左：晶格非谐性；右：强晶格非谐性。1/5/8/9为晶格/声子非谐性一般属性；0/3/4/6/7/10明确高/强晶格非谐性；2为比较greater，未定义达到高值。；动力学现象与非谐性性质拆开。,True,independent member evidence and explicit group definitions; targeted secondary rationale comparison,False
pair:3a9c6f0179a535b0bf9b,58,iTE:P0929:n2,iTE:P0947:n2,related_to,ultralow 与 very low 都是对热导率的极端幅值描述，机制均指向非谐性/无序，但分属不同材料与不同原文语境，无法认定同一概念。,uncertain,左：ultralow thermal conductivity；右：very low thermal conductivity。相同ultralow名称却含<0.5与1.9-2.58 W/mK等不同温度/材料参照，very low亦无共同阈值；按本轮严格范围要求不强行确定统一极低状态。,False,independent member evidence and explicit group definitions; targeted secondary rationale comparison,False
pair:ce4633897833302737f8,43,iTE:P0932:n1,iTE:P1292:n2,related_to,两者都涉及 PEDOT 与 PSS 的解耦，但左为 PSS 从 PEDOT 分离的导电增强机制，右为离子交换后形成的纳米相分离（含 PEDOT 聚集体），机制描述不同，非同义。,reject,左：PEDOT/PSS相分离；右：PEDOT/PSS纳米相分离。0/1/5指两相分离不必移出材料；2限定纳米分相；4是移除PSS；3又限定大量移除。不存在通过相分离连接移除的严格同义。,False,independent member evidence and explicit group definitions; targeted secondary rationale comparison,False
pair:1f4f2a8123fab9f56cc0,0,iTE:P0932:n5,iTE:P1958:n2,broader_than,left 是未加限定的 Seebeck 系数属性；right 特指“大”Seebeck 系数这一带数值限定的子类，right IS-A left，故 left 更宽泛。,reject,左：电子Seebeck系数；右：高电子Seebeck系数。130成员及661既有建议全部逐组读取并按定义划分。thermopower/TEP/Seebeck/S通常同义，但仅在同一载流范围及测量定义下；原摘要证明P0660/P1024/P1210/P1520/P1614是红氧系数，P0595是电子SWCNT，P0547是电动学等效系数，P0804是Kelvin近似，P1676为质子加空穴的总响应。电子、离子、红氧、混合、符号幅值、加权贡献、非线性有限温差系数不可整体传递合并。节点属性及原始数值保留，未确定定义者不跨组接受。,True,independent member evidence and explicit group definitions; targeted secondary rationale comparison,False
pair:b37152c3ad912e94c6a2,2,iTE:P0933:n3,iTE:P1619:n3,related_to,thermoelectric performance 指器件/材料的转换效能，thermoelectric properties 指可测的输运性质集合，两者常并提但语义范围不同，未找到同义表述，故为相关。,uncertain,左：电子热电整体性能；右：电子热电性质集合。38成员中properties为性质集合、performance为综合评价，不能默认互换；载流机制和指标范围又不一致。对明确定义同一层级的子组接受；跨层级缺少评价函数，保留uncertain，高/最高等明确限定另拒绝。P0687摘要表明14实际以Seebeck为预测目标，P1454为CuI电子热电纺织品。,False,independent member evidence and explicit group definitions; targeted secondary rationale comparison,False
pair:edef17f337751b74e468,13,iTE:P0939:n2,iTE:P1222:n2,related_to,同一物理量（载流子迁移率）但限定不同：left 为比较级 higher，right 为绝对 high，未找到同义表述，故判相关。,reject,左：较高载流子迁移率；右：高载流子迁移率。0/1/2/3/4/6/12/13/15/16为通常电子载流子迁移率；5/10/11为高值；7相对较高；8明确增强的Hall迁移率；9为电子比空穴更好；14为OECT提取的器件有效迁移率，不能用同词跨定义闭包。,False,independent member evidence and explicit group definitions; targeted secondary rationale comparison,False
pair:ca3870d89f7c8f7dae9a,13,iTE:P0939:n2,iTE:P1294:n1,related_to,两侧都涉及载流子迁移率高，但 left 用比较级 higher（相对参照系升高），right 用绝对限定 high，限定条件不同，只能判相关。,reject,左：较高载流子迁移率；右：高载流子迁移率。0/1/2/3/4/6/12/13/15/16为通常电子载流子迁移率；5/10/11为高值；7相对较高；8明确增强的Hall迁移率；9为电子比空穴更好；14为OECT提取的器件有效迁移率，不能用同词跨定义闭包。,False,independent member evidence and explicit group definitions; targeted secondary rationale comparison,False
pair:902f1d38a8b4e62b899a,13,iTE:P0939:n2,iTE:P1514:n2,narrower_than,right 为泛指量“carrier mobility”，left 是在其上加“更高”限定的更具体概念（left IS-A 载流子迁移率）。,reject,左：较高载流子迁移率；右：电子载流子迁移率。0/1/2/3/4/6/12/13/15/16为通常电子载流子迁移率；5/10/11为高值；7相对较高；8明确增强的Hall迁移率；9为电子比空穴更好；14为OECT提取的器件有效迁移率，不能用同词跨定义闭包。,True,independent member evidence and explicit group definitions; targeted secondary rationale comparison,False
pair:c9785c0c1589c520ba72,13,iTE:P0939:n2,iTE:P1632:n2,narrower_than,左侧是带有“更高”量值限定的载流子迁移率，是右侧一般概念“carrier mobility”的受限特例。,reject,左：较高载流子迁移率；右：电子载流子迁移率。0/1/2/3/4/6/12/13/15/16为通常电子载流子迁移率；5/10/11为高值；7相对较高；8明确增强的Hall迁移率；9为电子比空穴更好；14为OECT提取的器件有效迁移率，不能用同词跨定义闭包。,True,independent member evidence and explicit group definitions; targeted secondary rationale comparison,False
pair:b94cbf0707c9a1816f86,68,iTE:P0940:n1,iTE:P1224:n1,related_to,名称相近（ion exchange/ionic exchange），但一为PEDOT:PSS与IL之间的交换以提升电导率，一为前驱体膜向PbSe转变的交换，对象与目的不同。,accept,共同定义：离子交换。0/1/2均离子交换一般过程，3明确自发发生，保留热力学条件。,True,independent member evidence and explicit group definitions; targeted secondary rationale comparison,False
pair:d65b271dedd56367fe6f,0,iTE:P0941:n2,iTE:P0993:n2,narrower_than,左侧是带高值限定的Seebeck系数，属右侧泛指Seebeck系数的更具体/受限形式。,reject,左：高电子Seebeck系数；右：电子Seebeck系数。130成员及661既有建议全部逐组读取并按定义划分。thermopower/TEP/Seebeck/S通常同义，但仅在同一载流范围及测量定义下；原摘要证明P0660/P1024/P1210/P1520/P1614是红氧系数，P0595是电子SWCNT，P0547是电动学等效系数，P0804是Kelvin近似，P1676为质子加空穴的总响应。电子、离子、红氧、混合、符号幅值、加权贡献、非线性有限温差系数不可整体传递合并。节点属性及原始数值保留，未确定定义者不跨组接受。,True,independent member evidence and explicit group definitions; targeted secondary rationale comparison,False
pair:7fa5168283a477cb547b,0,iTE:P0941:n2,iTE:P1444:n1,narrower_than,左侧是带有'高'这一限定条件的Seebeck系数，是右侧一般Seebeck系数概念的具体受限形式。,reject,左：高电子Seebeck系数；右：电子Seebeck系数。130成员及661既有建议全部逐组读取并按定义划分。thermopower/TEP/Seebeck/S通常同义，但仅在同一载流范围及测量定义下；原摘要证明P0660/P1024/P1210/P1520/P1614是红氧系数，P0595是电子SWCNT，P0547是电动学等效系数，P0804是Kelvin近似，P1676为质子加空穴的总响应。电子、离子、红氧、混合、符号幅值、加权贡献、非线性有限温差系数不可整体传递合并。节点属性及原始数值保留，未确定定义者不跨组接受。,True,independent member evidence and explicit group definitions; targeted secondary rationale comparison,False
pair:1ed1c1212918b9297711,0,iTE:P0941:n2,iTE:P1472:n2,narrower_than,left 是带有“high”限定的 Seebeck 系数，属于 right 所指一般 Seebeck 系数（器件测得值）的高值特例，故为下位概念。,uncertain,需要确认水流/电极反应/磁贡献或载流分量的系数定义；现有摘要不足以证明与另一节点范围一致。；P1472器件级系数尚缺归一化和单位核实。；左：高电子Seebeck系数；右：Mg2Si器件级Seebeck系数，材料级归一化和原文单位待核,True,independent member evidence and explicit group definitions; targeted secondary rationale comparison,False
pair:33072bd5cca0cdcc2c3d,0,iTE:P0941:n2,iTE:P1490:n1,narrower_than,left 为限定后的“high Seebeck coefficients”，right 为未加幅度限定的 Seebeck 系数，前者是后者的一类高值情形。,reject,左：高电子Seebeck系数；右：电子Seebeck系数。130成员及661既有建议全部逐组读取并按定义划分。thermopower/TEP/Seebeck/S通常同义，但仅在同一载流范围及测量定义下；原摘要证明P0660/P1024/P1210/P1520/P1614是红氧系数，P0595是电子SWCNT，P0547是电动学等效系数，P0804是Kelvin近似，P1676为质子加空穴的总响应。电子、离子、红氧、混合、符号幅值、加权贡献、非线性有限温差系数不可整体传递合并。节点属性及原始数值保留，未确定定义者不跨组接受。,True,independent member evidence and explicit group definitions; targeted secondary rationale comparison,False
pair:68cb518154250c8d3636,0,iTE:P0941:n2,iTE:P1492:n4,narrower_than,左侧带 high 限定，特指高数值的 Seebeck 系数，是右侧一般 Seebeck 系数概念的受限子类。,reject,左：高电子Seebeck系数；右：电子Seebeck系数。130成员及661既有建议全部逐组读取并按定义划分。thermopower/TEP/Seebeck/S通常同义，但仅在同一载流范围及测量定义下；原摘要证明P0660/P1024/P1210/P1520/P1614是红氧系数，P0595是电子SWCNT，P0547是电动学等效系数，P0804是Kelvin近似，P1676为质子加空穴的总响应。电子、离子、红氧、混合、符号幅值、加权贡献、非线性有限温差系数不可整体传递合并。节点属性及原始数值保留，未确定定义者不跨组接受。,True,independent member evidence and explicit group definitions; targeted secondary rationale comparison,False
pair:eb7dcdb34362cffa382a,58,iTE:P0947:n2,iTE:P1628:n2,related_to,两侧都指低热导率，但 very low 与 ultralow 用词不同且各自机制语境不同，不能确认同义或包含关系。,uncertain,左：very low thermal conductivity；右：ultralow thermal conductivity。相同ultralow名称却含<0.5与1.9-2.58 W/mK等不同温度/材料参照，very low亦无共同阈值；按本轮严格范围要求不强行确定统一极低状态。,False,independent member evidence and explicit group definitions; targeted secondary rationale comparison,False
pair:1005c106572f78dff355,10,iTE:P0957:n1,iTE:P1090:n1,related_to,二者都是钙钛矿类 A 位阳离子半径类参量，但左侧特指 Ln(3+) 镧系离子、右侧是 Mg/Ca/Sr/Ba 等碱土 A 位阳离子，离子种类与体系不同，非同一概念。,reject,左：三价稀土阳离子半径；右：碱土A位阳离子半径。0/1/2/3/4/7/8/9/10/11/12/14/19/20均三价稀土阳离子半径；5为碱金属占位半径，6摘要确认为碱土A位半径；13填充原子半径含Li，15一般半径描述符，16含Sc/Cr的M3+；17/18明确稀土半径减小事件。；P1332明确R含Bi，单独保留该对象集合。,False,independent member evidence and explicit group definitions; targeted secondary rationale comparison,False
pair:4bf138c883f985f07c06,10,iTE:P0957:n1,iTE:P1308:n1,related_to,两侧都指稀土离子半径，但左侧限定Ln(3+)、右侧为笼统的RE离子半径并带临界值限定，原文无同义表达，只能判为相关。,accept,共同定义：三价稀土阳离子半径。0/1/2/3/4/7/8/9/10/11/12/14/19/20均三价稀土阳离子半径；5为碱金属占位半径，6摘要确认为碱土A位半径；13填充原子半径含Li，15一般半径描述符，16含Sc/Cr的M3+；17/18明确稀土半径减小事件。；P1332明确R含Bi，单独保留该对象集合。,True,independent member evidence and explicit group definitions; targeted secondary rationale comparison,False
pair:52938da0d67b900f312f,10,iTE:P0957:n1,iTE:P1332:n1,related_to,左侧限三价镧系Ln(3+)，右侧R含Yb/Dy/Sm/Bi（含非稀土Bi3+）且为掺杂R3+，对象范围不同，不足以免等价。,reject,左：三价稀土阳离子半径；右：Yb/Dy/Sm/Bi三价取代阳离子半径（含非稀土Bi）。0/1/2/3/4/7/8/9/10/11/12/14/19/20均三价稀土阳离子半径；5为碱金属占位半径，6摘要确认为碱土A位半径；13填充原子半径含Li，15一般半径描述符，16含Sc/Cr的M3+；17/18明确稀土半径减小事件。；P1332明确R含Bi，单独保留该对象集合。,True,independent member evidence and explicit group definitions; targeted secondary rationale comparison,False
pair:4befcba88fa68ad7f627,10,iTE:P0957:n1,iTE:P1362:n1,related_to,同为三价稀土离子半径，语义范围高度接近，但两侧分属不同体系（Ln(3+) vs R=Gd/Sm/Nd/Pr）且原文无同义表述，仅能判为同类量关联。,accept,共同定义：三价稀土阳离子半径。0/1/2/3/4/7/8/9/10/11/12/14/19/20均三价稀土阳离子半径；5为碱金属占位半径，6摘要确认为碱土A位半径；13填充原子半径含Li，15一般半径描述符，16含Sc/Cr的M3+；17/18明确稀土半径减小事件。；P1332明确R含Bi，单独保留该对象集合。,True,independent member evidence and explicit group definitions; targeted secondary rationale comparison,False
pair:5da4af9f8e260f2ba641,5,iTE:P0974:n2,iTE:P1135:n2,related_to,左侧为通用的品质因子 ZT，右侧被“high”这一数值限定修饰，属同一物理量的高值表述，严格语义范围不同。,reject,左：电子热电无量纲ZT；右：高热电ZT。一般电子材料ZT=热电优值同义缩写；0为离子电解质ZT，12为液体红氧转换ZT；2限定高温，10限定接近1，16/22限定高ZT，23原文为自旋分辨ZT。不能把性能同类当同定义。,False,independent member evidence and explicit group definitions; targeted secondary rationale comparison,False
pair:559e76a42b1ea7e0b0c2,10,iTE:P0977:n1,iTE:P1308:n1,related_to,LEFT 是双钙钛矿 A 位阳离子半径（含单价 Li+/Rb+/Cs+），RIGHT 是稀土 RE 离子半径并带临界值限定，对象与条件不同，非同一概念。,reject,左：碱金属占位半径；右：三价稀土阳离子半径。0/1/2/3/4/7/8/9/10/11/12/14/19/20均三价稀土阳离子半径；5为碱金属占位半径，6摘要确认为碱土A位半径；13填充原子半径含Li，15一般半径描述符，16含Sc/Cr的M3+；17/18明确稀土半径减小事件。；P1332明确R含Bi，单独保留该对象集合。,False,independent member evidence and explicit group definitions; targeted secondary rationale comparison,False
pair:c9adeab161f403887b34,10,iTE:P0977:n1,iTE:P1508:n1,related_to,左侧为 A 位离子半径，右侧为 Ln3+ 离子半径，指不同化合物的不同离子，非同一概念。,reject,左：碱金属占位半径；右：三价稀土阳离子半径。0/1/2/3/4/7/8/9/10/11/12/14/19/20均三价稀土阳离子半径；5为碱金属占位半径，6摘要确认为碱土A位半径；13填充原子半径含Li，15一般半径描述符，16含Sc/Cr的M3+；17/18明确稀土半径减小事件。；P1332明确R含Bi，单独保留该对象集合。,False,independent member evidence and explicit group definitions; targeted secondary rationale comparison,False
pair:18de00289d9de5f0545f,10,iTE:P0977:n1,iTE:P1565:n2,related_to,左侧为特定 A 位离子半径，右侧原文指 rattling fillers 的离子半径，限定对象不同，非上下位或同义。,reject,左：碱金属占位半径；右：填充原子离子半径。0/1/2/3/4/7/8/9/10/11/12/14/19/20均三价稀土阳离子半径；5为碱金属占位半径，6摘要确认为碱土A位半径；13填充原子半径含Li，15一般半径描述符，16含Sc/Cr的M3+；17/18明确稀土半径减小事件。；P1332明确R含Bi，单独保留该对象集合。,False,independent member evidence and explicit group definitions; targeted secondary rationale comparison,False
pair:6fc7692e8c037831e05a,10,iTE:P0977:n1,iTE:P1952:n1,related_to,均为离子半径相关量，但左侧是Ba2XReO6中A位阳离子半径，右侧是硼酸盐玻璃中稀土离子半径递减趋势，体系与对象不同。,reject,左：碱金属占位半径；右：三价稀土离子半径减小。0/1/2/3/4/7/8/9/10/11/12/14/19/20均三价稀土阳离子半径；5为碱金属占位半径，6摘要确认为碱土A位半径；13填充原子半径含Li，15一般半径描述符，16含Sc/Cr的M3+；17/18明确稀土半径减小事件。；P1332明确R含Bi，单独保留该对象集合。,False,independent member evidence and explicit group definitions; targeted secondary rationale comparison,False
pair:f31e6d103f0ad1ed066e,10,iTE:P0977:n1,iTE:P1960:n1,related_to,LEFT 是双钙钛矿中 A 位阳离子（Li+/Rb+/Cs+ 等）的半径，RIGHT 特指三价 R3+ 的半径，对象与限定（价态、体系）不同，仅同属钙钛矿 A 位离子尺寸这一量类。,reject,左：碱金属占位半径；右：三价稀土阳离子半径。0/1/2/3/4/7/8/9/10/11/12/14/19/20均三价稀土阳离子半径；5为碱金属占位半径，6摘要确认为碱土A位半径；13填充原子半径含Li，15一般半径描述符，16含Sc/Cr的M3+；17/18明确稀土半径减小事件。；P1332明确R含Bi，单独保留该对象集合。,False,independent member evidence and explicit group definitions; targeted secondary rationale comparison,False
pair:f9a70dae404e4de8b51a,0,iTE:P0994:n1,iTE:P1210:n2,narrower_than,左侧是加了“高”这一幅值限定的塞贝克系数，是右侧一般意义上塞贝克系数（S-e）的受限具体表述，二者非同一语义范围。,reject,左：高电子Seebeck系数；右：红氧电化学Seebeck系数。130成员及661既有建议全部逐组读取并按定义划分。thermopower/TEP/Seebeck/S通常同义，但仅在同一载流范围及测量定义下；原摘要证明P0660/P1024/P1210/P1520/P1614是红氧系数，P0595是电子SWCNT，P0547是电动学等效系数，P0804是Kelvin近似，P1676为质子加空穴的总响应。电子、离子、红氧、混合、符号幅值、加权贡献、非线性有限温差系数不可整体传递合并。节点属性及原始数值保留，未确定定义者不跨组接受。,True,independent member evidence and explicit group definitions; targeted secondary rationale comparison,False
pair:d9800605090b5ed9b562,0,iTE:P0994:n1,iTE:P1544:n3,related_to,两侧均描述Seebeck系数值大，但用词（high Seebeck / large Seebeck coefficient）与该属性所在材料不同，原文未给出可互替的同义依据。,accept,共同定义：高电子Seebeck系数。130成员及661既有建议全部逐组读取并按定义划分。thermopower/TEP/Seebeck/S通常同义，但仅在同一载流范围及测量定义下；原摘要证明P0660/P1024/P1210/P1520/P1614是红氧系数，P0595是电子SWCNT，P0547是电动学等效系数，P0804是Kelvin近似，P1676为质子加空穴的总响应。电子、离子、红氧、混合、符号幅值、加权贡献、非线性有限温差系数不可整体传递合并。节点属性及原始数值保留，未确定定义者不跨组接受。,True,independent member evidence and explicit group definitions; targeted secondary rationale comparison,False
pair:8475fc0d29ebf34b3968,1,iTE:P0994:n2,iTE:P1359:n2,related_to,左侧为泛称的电导率（玻尔兹曼输运系数，未限定频率），右侧明确限定为 dc 电导率；二者属同一类输运量但受限条件不同，原文未支持完全同义。,reject,左：电子电导率；右：电子直流电导率。67成员逐一读取。完整摘要确认P0377/P0399/P0518/P1639/P1903离子导电，P0959/P1050/P1599混合导电，P1359电子极化子DC，P1964明确离子DC。电子电导、离子电导、两者总和及DC条件不互为严格同义；higher/high/enhanced状态分离。未明载流机制与分量回指保留待定。,False,independent member evidence and explicit group definitions; targeted secondary rationale comparison,False
pair:0befe0a3722a89f84d2a,5,iTE:P0994:n3,iTE:P1009:n2,related_to,左侧是被限定为“高”的优值（性能状态描述），右侧是被计算的具体优值量（0.79/接近 1.0），限定条件不同，属相关而非等价或严格上下位。,reject,左：高热电ZT；右：电子热电无量纲ZT。一般电子材料ZT=热电优值同义缩写；0为离子电解质ZT，12为液体红氧转换ZT；2限定高温，10限定接近1，16/22限定高ZT，23原文为自旋分辨ZT。不能把性能同类当同定义。,False,independent member evidence and explicit group definitions; targeted secondary rationale comparison,False
pair:c30f660374bc053968bd,5,iTE:P0994:n3,iTE:P1570:n2,narrower_than,左侧“高优值”是被“高”这一取值条件限定的性能情形，右侧是通用的热电优值ZT量，前者为后者的受限特例。,reject,左：高热电ZT；右：电子热电无量纲ZT。一般电子材料ZT=热电优值同义缩写；0为离子电解质ZT，12为液体红氧转换ZT；2限定高温，10限定接近1，16/22限定高ZT，23原文为自旋分辨ZT。不能把性能同类当同定义。,True,independent member evidence and explicit group definitions; targeted secondary rationale comparison,False
pair:8d795b6925d25725f950,30,iTE:P1000:n2,iTE:P1099:n2,related_to,左侧为“更高的电阻率”这一限定状态，右侧为无方向限定的电阻率量，属于同一物理量的不同限定表述，非等价。,reject,左：较高电阻率；右：电阻率。0/3/5/7为电阻率量；1/2为相对基准较高状态；4/6明确增加变化，不混合物理量和状态事件。,False,independent member evidence and explicit group definitions; targeted secondary rationale comparison,False
pair:38acc69da88c747e763b,30,iTE:P1000:n2,iTE:P1164:n2,related_to,左侧是被限定为“更高”的电阻率状态，右侧是未加限定的电阻率物理量，限定词构成语义差别，不属同一概念。,reject,左：较高电阻率；右：电阻率。0/3/5/7为电阻率量；1/2为相对基准较高状态；4/6明确增加变化，不混合物理量和状态事件。,False,independent member evidence and explicit group definitions; targeted secondary rationale comparison,False
pair:62e9071207a559e9230c,30,iTE:P1000:n2,iTE:P1632:n3,narrower_than,left 特指被提高（higher）的电阻率状态，是 right 一般电阻率概念的受限具体形态，非等价。,reject,左：较高电阻率；右：电阻率。0/3/5/7为电阻率量；1/2为相对基准较高状态；4/6明确增加变化，不混合物理量和状态事件。,True,independent member evidence and explicit group definitions; targeted secondary rationale comparison,False
pair:39a80f85e4b1d31b1809,30,iTE:P1005:n2,iTE:P1164:n2,related_to,left 是电阻率升高的比较结果，right 是电电阻率这一物理量（此处呈降低），为具体变化与基础量之间的关系。,reject,左：较高电阻率；右：电阻率。0/3/5/7为电阻率量；1/2为相对基准较高状态；4/6明确增加变化，不混合物理量和状态事件。,False,independent member evidence and explicit group definitions; targeted secondary rationale comparison,False
pair:42bdbbdb01ee412ce6b6,30,iTE:P1005:n2,iTE:P1632:n3,narrower_than,左侧是加“更高”限定（相对端元组分）的电阻率表述，是右侧一般电阻率量的受限具体形式，属IS-A。,reject,左：较高电阻率；右：电阻率。0/3/5/7为电阻率量；1/2为相对基准较高状态；4/6明确增加变化，不混合物理量和状态事件。,True,independent member evidence and explicit group definitions; targeted secondary rationale comparison,False
pair:1130807279dc8bb07381,2,iTE:P1011:n2,iTE:P1074:n2,related_to,两侧分别为不同论文中的 thermoelectric properties 与 thermoelectric performance，原文未给出二者同义的表述，且范围不完全重合，故降级为 related_to。,uncertain,左：电子热电性质集合；右：电子热电整体性能。38成员中properties为性质集合、performance为综合评价，不能默认互换；载流机制和指标范围又不一致。对明确定义同一层级的子组接受；跨层级缺少评价函数，保留uncertain，高/最高等明确限定另拒绝。P0687摘要表明14实际以Seebeck为预测目标，P1454为CuI电子热电纺织品。,False,independent member evidence and explicit group definitions; targeted secondary rationale comparison,False
pair:efc798a9b9858e3da1d5,1,iTE:P1013:n1,iTE:P1257:n2,related_to,两者都指电导率升高这一同类物性，但分别属于 SnSe 薄膜与 PEDOT:PSS 两个不同材料体系、不同机制，非同一概念实例，故为相关而非等价。,reject,左：较高电子电导率；右：电子电导增强。67成员逐一读取。完整摘要确认P0377/P0399/P0518/P1639/P1903离子导电，P0959/P1050/P1599混合导电，P1359电子极化子DC，P1964明确离子DC。电子电导、离子电导、两者总和及DC条件不互为严格同义；higher/high/enhanced状态分离。未明载流机制与分量回指保留待定。,False,independent member evidence and explicit group definitions; targeted secondary rationale comparison,False
pair:af9e81a4e1bbb500941e,1,iTE:P1013:n1,iTE:P1356:n1,related_to,两者均涉及电导率大小，但左侧是 SnSe 薄膜的相对较高电导率，右侧是 PEDOT:PSS 水凝胶的高电导率，材料与对象不同，不构成同一概念。,uncertain,原摘要未给该电导的载流子/总量与分量归属，或高值定义不足；不靠相同conductivity/DC词强行判定。；左：较高电子电导率；右：高电导率载流类型待定,False,independent member evidence and explicit group definitions; targeted secondary rationale comparison,False
pair:8584593bea287d1ea1eb,1,iTE:P1013:n1,iTE:P1430:n2,narrower_than,右侧为未限定的 electrical conductivity，左侧为受 higher 限定的更高电导率，是更具体/受限的概念。,reject,左：较高电子电导率；右：电子电导率。67成员逐一读取。完整摘要确认P0377/P0399/P0518/P1639/P1903离子导电，P0959/P1050/P1599混合导电，P1359电子极化子DC，P1964明确离子DC。电子电导、离子电导、两者总和及DC条件不互为严格同义；higher/high/enhanced状态分离。未明载流机制与分量回指保留待定。,True,independent member evidence and explicit group definitions; targeted secondary rationale comparison,False
pair:4335e5163fbbeff0c8e4,1,iTE:P1013:n1,iTE:P1574:n1,narrower_than,左侧是带有“更高”限定的具体电导率取值（thin film 的高于文献值），右侧为未限定的通用电导率量，左侧是右侧的受限具体概念。,reject,左：较高电子电导率；右：电子电导率。67成员逐一读取。完整摘要确认P0377/P0399/P0518/P1639/P1903离子导电，P0959/P1050/P1599混合导电，P1359电子极化子DC，P1964明确离子DC。电子电导、离子电导、两者总和及DC条件不互为严格同义；higher/high/enhanced状态分离。未明载流机制与分量回指保留待定。,True,independent member evidence and explicit group definitions; targeted secondary rationale comparison,False
pair:859247d979d9e818232a,1,iTE:P1013:n1,iTE:P1670:n2,narrower_than,两侧指同一物理量电导率，但左侧被限定为“更高”的取值（受限的具体情形），属该量的更具体表述，不是独立概念。,reject,左：较高电子电导率；右：电子电导率。67成员逐一读取。完整摘要确认P0377/P0399/P0518/P1639/P1903离子导电，P0959/P1050/P1599混合导电，P1359电子极化子DC，P1964明确离子DC。电子电导、离子电导、两者总和及DC条件不互为严格同义；higher/high/enhanced状态分离。未明载流机制与分量回指保留待定。,True,independent member evidence and explicit group definitions; targeted secondary rationale comparison,False
pair:7368f2845a43be5db1db,7,iTE:P1013:n2,iTE:P1510:n2,related_to,两侧都指热电功率因子这一性能量，但左侧强调“enhanced”这一提升结果，右侧是泛指并被n型掺杂改善，未找到同义改写证据，故为相关而非等价。,reject,左：功率因子增强；右：电子功率因子。2明确PF=alpha²sigma支持电子PF共同定义；0/3/13为离子PF，4混合地聚物、10混合凝胶PF未分离载流贡献；1最大值，15/24/25为增强事件，不并入普通PF。,False,independent member evidence and explicit group definitions; targeted secondary rationale comparison,False
pair:4811c0fcb3db31afbfbc,7,iTE:P1013:n2,iTE:P1568:n3,related_to,同为功率因子这一性能量，但左侧描述提升、右侧描述因电导下降而降低，方向相反且各自绑定不同材料体系，属相关而非同一表述。,reject,左：功率因子增强；右：电子功率因子。2明确PF=alpha²sigma支持电子PF共同定义；0/3/13为离子PF，4混合地聚物、10混合凝胶PF未分离载流贡献；1最大值，15/24/25为增强事件，不并入普通PF。,False,independent member evidence and explicit group definitions; targeted secondary rationale comparison,False
pair:d4eb1fc6b420e3891dce,7,iTE:P1013:n2,iTE:P1574:n2,narrower_than,左侧是被限定为“enhanced（提升）”状态下的功率因子，是右侧功率因子的受限更具体表述。,reject,左：功率因子增强；右：电子功率因子。2明确PF=alpha²sigma支持电子PF共同定义；0/3/13为离子PF，4混合地聚物、10混合凝胶PF未分离载流贡献；1最大值，15/24/25为增强事件，不并入普通PF。,True,independent member evidence and explicit group definitions; targeted secondary rationale comparison,False
pair:76bb2029b56cb731f100,2,iTE:P1029:n3,iTE:P1089:n2,related_to,left 指混合离子-电子导体器件的整体热电性能（热电势 13.87 mV K-1），right 指 DFT 计算的具体材料热电性质（Seebeck 系数、电导率、功率因子、ZT 等），对象与限定条件不同，属相关而非同义。,uncertain,左：离子电子混合性能；右：电子热电性质集合。38成员中properties为性质集合、performance为综合评价，不能默认互换；载流机制和指标范围又不一致。对明确定义同一层级的子组接受；跨层级缺少评价函数，保留uncertain，高/最高等明确限定另拒绝。P0687摘要表明14实际以Seebeck为预测目标，P1454为CuI电子热电纺织品。,False,independent member evidence and explicit group definitions; targeted secondary rationale comparison,False
pair:36626fbd35aca117d0d5,2,iTE:P1029:n3,iTE:P1163:n2,related_to,left 为混合离子-电子导体的热电性能表现，right 为 Cu-N 化合物的热电性质计算结果，同属热电范畴但对象与语义层次不同，非同一概念。,uncertain,左：离子电子混合性能；右：电子热电性质集合。38成员中properties为性质集合、performance为综合评价，不能默认互换；载流机制和指标范围又不一致。对明确定义同一层级的子组接受；跨层级缺少评价函数，保留uncertain，高/最高等明确限定另拒绝。P0687摘要表明14实际以Seebeck为预测目标，P1454为CuI电子热电纺织品。,False,independent member evidence and explicit group definitions; targeted secondary rationale comparison,False
pair:6839836ad2b07b07dd07,2,iTE:P1029:n3,iTE:P1393:n2,broader_than,左侧为泛指的热电性能，右侧是其评价性限定的“良好热电性能”，语义范围被收窄，故左侧更宽泛。,uncertain,左：离子电子混合性能；右：良好性能。38成员中properties为性质集合、performance为综合评价，不能默认互换；载流机制和指标范围又不一致。对明确定义同一层级的子组接受；跨层级缺少评价函数，保留uncertain，高/最高等明确限定另拒绝。P0687摘要表明14实际以Seebeck为预测目标，P1454为CuI电子热电纺织品。,True,independent member evidence and explicit group definitions; targeted secondary rationale comparison,False
pair:2b8cdd26d0538b192341,19,iTE:P1031:n3,iTE:P1198:n2,broader_than,左为未限定的 phonon scattering 泛指过程，右侧同一过程被强度限定词 'strong' 限定量级，是其更具体的限定形式，故 left 更宽泛。,reject,左：声子散射；右：强声子散射。0/2/3/4/5/6/7/10一般声子散射过程；1多波长覆盖；8强散射状态；9/11散射增强变化。区分强度状态与变化，不能闭包消除。,True,independent member evidence and explicit group definitions; targeted secondary rationale comparison,False
pair:ef533e3c59ea1ba00b34,19,iTE:P1031:n3,iTE:P1481:n1,broader_than,左侧是笼统的“声子散射”机制，右侧是带“增强”限定的声子散射，指同一机制被强化的情形，属于左侧的一个受限特例，因此左比右宽泛。,reject,左：声子散射；右：声子散射增强。0/2/3/4/5/6/7/10一般声子散射过程；1多波长覆盖；8强散射状态；9/11散射增强变化。区分强度状态与变化，不能闭包消除。,True,independent member evidence and explicit group definitions; targeted secondary rationale comparison,False
pair:cd0a804be855e002df82,19,iTE:P1031:n3,iTE:P1970:n1,related_to,左侧泛指声子散射机制，右侧是“声子散射的增强”（含方向与幅度变化并导致晶格热导率下降），二者不等价，仅共享散射机制这一物理基础。,reject,左：声子散射；右：声子散射增强。0/2/3/4/5/6/7/10一般声子散射过程；1多波长覆盖；8强散射状态；9/11散射增强变化。区分强度状态与变化，不能闭包消除。,False,independent member evidence and explicit group definitions; targeted secondary rationale comparison,False
pair:17de148f8f6a6aa91252,17,iTE:P1033:n2,iTE:P1563:n3,broader_than,左侧泛指从电导率和热电势得到的活化能，右侧特指电导活化能这一具体种类，右者是左者的一个具体情形，故左比右宽泛。,reject,左：电导与热电势活化能组合；右：电子电导活化能。0载流子生成能，1/2/3由电导提取Ag+迁移活化能；4复合电导和热电势活化能；5Cu迁移NEB势垒；6Cu离子传导活化能；7含空位生成贡献；8Ag+微观势垒；9/10电子电导活化能；11Na导电活化能。共同energy词不保证同量。,True,independent member evidence and explicit group definitions; targeted secondary rationale comparison,False
pair:40b4baf5d9ccea20df37,17,iTE:P1033:n2,iTE:P1708:n3,related_to,左侧由电导与热电势求得的电子型活化能并随组分变化，右侧是离子导电的活化能，机制与对象不同，非等价概念。,reject,左：电导与热电势活化能组合；右：Na离子电导活化能。0载流子生成能，1/2/3由电导提取Ag+迁移活化能；4复合电导和热电势活化能；5Cu迁移NEB势垒；6Cu离子传导活化能；7含空位生成贡献；8Ag+微观势垒；9/10电子电导活化能；11Na导电活化能。共同energy词不保证同量。,False,independent member evidence and explicit group definitions; targeted secondary rationale comparison,False
pair:0defbe932635f81f3d8e,1,iTE:P1048:n2,iTE:P1813:n2,broader_than,左侧是未加限定的电导率量，右侧特指被限定为“高”的电导率状态，左侧比右侧宽泛。,reject,左：电子电导率；右：高电子电导率。67成员逐一读取。完整摘要确认P0377/P0399/P0518/P1639/P1903离子导电，P0959/P1050/P1599混合导电，P1359电子极化子DC，P1964明确离子DC。电子电导、离子电导、两者总和及DC条件不互为严格同义；higher/high/enhanced状态分离。未明载流机制与分量回指保留待定。,True,independent member evidence and explicit group definitions; targeted secondary rationale comparison,False
pair:ca91a6d87da48f0ae449,1,iTE:P1060:n2,iTE:P1964:n2,broader_than,左侧是未加频域限定的一般电导率，右侧明确为 DC 电导率；后者是前者的受限定子类，对象同为电导率但范围不同。,reject,左：电子电导率；右：离子直流电导率。67成员逐一读取。完整摘要确认P0377/P0399/P0518/P1639/P1903离子导电，P0959/P1050/P1599混合导电，P1359电子极化子DC，P1964明确离子DC。电子电导、离子电导、两者总和及DC条件不互为严格同义；higher/high/enhanced状态分离。未明载流机制与分量回指保留待定。,True,independent member evidence and explicit group definitions; targeted secondary rationale comparison,False
pair:7b1af1c2e31f01d3cc5e,4,iTE:P1062:n2,iTE:P1249:n2,broader_than,left 是一般的 thermal conductivity，right 明确为 total thermal conductivity；后者是前者的更具体量，故 left 更宽泛。,accept,共同定义：材料总体热导率。除6/16/28外29个节点均材料总体热导率κ，total/overall为同量展开；30说明声子主导但仍总κ。16明确phonon thermal conductivity是分量；6明确large高值；28为晶界局部热导属性，不能直接当均匀体相热导率。,True,independent member evidence and explicit group definitions; targeted secondary rationale comparison,False
pair:55cddfe385d96d6f303c,4,iTE:P1062:n2,iTE:P1658:n3,broader_than,左侧为未加限定的热导率，右侧特指“总热导率”这一受限定的具体量，右侧 IS-A 左侧，故左侧更宽泛。,accept,共同定义：材料总体热导率。除6/16/28外29个节点均材料总体热导率κ，total/overall为同量展开；30说明声子主导但仍总κ。16明确phonon thermal conductivity是分量；6明确large高值；28为晶界局部热导属性，不能直接当均匀体相热导率。,True,independent member evidence and explicit group definitions; targeted secondary rationale comparison,False
pair:56db3ea95acfd8c1beb5,10,iTE:P1090:n1,iTE:P1308:n1,related_to,两者都是同一种物理量“离子半径”，但左侧指 ACu3TlSe4 中碱土 A 位阳离子半径，右侧指 W 型六角铁氧体中稀土离子半径，对象与体系不同，故非同一概念，仅语义相关。,reject,左：碱土A位阳离子半径；右：三价稀土阳离子半径。0/1/2/3/4/7/8/9/10/11/12/14/19/20均三价稀土阳离子半径；5为碱金属占位半径，6摘要确认为碱土A位半径；13填充原子半径含Li，15一般半径描述符，16含Sc/Cr的M3+；17/18明确稀土半径减小事件。；P1332明确R含Bi，单独保留该对象集合。,False,independent member evidence and explicit group definitions; targeted secondary rationale comparison,False
pair:56df227d96be2e5ae6d7,10,iTE:P1090:n1,iTE:P1332:n1,related_to,两者都是钙钛矿/相关结构中替代阳离子的离子半径这一物理量，但左侧指 ACu3TlSe4 的 A 位（Mg、Ca、Sr、Ba），右侧指 Ca0.9R0.1MnO3 的 R3+ 位（Yb、Dy、Sm、Bi），对象与体系不同，非同一概念。,reject,左：碱土A位阳离子半径；右：Yb/Dy/Sm/Bi三价取代阳离子半径（含非稀土Bi）。0/1/2/3/4/7/8/9/10/11/12/14/19/20均三价稀土阳离子半径；5为碱金属占位半径，6摘要确认为碱土A位半径；13填充原子半径含Li，15一般半径描述符，16含Sc/Cr的M3+；17/18明确稀土半径减小事件。；P1332明确R含Bi，单独保留该对象集合。,False,independent member evidence and explicit group definitions; targeted secondary rationale comparison,False
pair:bcbef7f31df8eac74d1d,10,iTE:P1090:n1,iTE:P1362:n1,related_to,两者都是钙钛矿A位阳离子半径这一同类物理量，但左侧指Mg/Ca/Sr/Ba等碱土A位离子，右侧指Gd/Sm/Nd/Pr稀土离子，对象不同，不构成同义。,reject,左：碱土A位阳离子半径；右：三价稀土阳离子半径。0/1/2/3/4/7/8/9/10/11/12/14/19/20均三价稀土阳离子半径；5为碱金属占位半径，6摘要确认为碱土A位半径；13填充原子半径含Li，15一般半径描述符，16含Sc/Cr的M3+；17/18明确稀土半径减小事件。；P1332明确R含Bi，单独保留该对象集合。,False,independent member evidence and explicit group definitions; targeted secondary rationale comparison,False
pair:3fe7973bd92377655ba8,10,iTE:P1090:n1,iTE:P1565:n2,narrower_than,left 明确限定为 A 位阳离子的离子半径，是 right 泛称 ionic radii 的一个受限具体实例，属下位概念。,reject,左：碱土A位阳离子半径；右：填充原子离子半径。0/1/2/3/4/7/8/9/10/11/12/14/19/20均三价稀土阳离子半径；5为碱金属占位半径，6摘要确认为碱土A位半径；13填充原子半径含Li，15一般半径描述符，16含Sc/Cr的M3+；17/18明确稀土半径减小事件。；P1332明确R含Bi，单独保留该对象集合。,True,independent member evidence and explicit group definitions; targeted secondary rationale comparison,False
pair:16c63a33db6bfe2ab375,10,iTE:P1090:n1,iTE:P1573:n1,related_to,左侧为碱土 A 位阳离子半径，右侧为稀土元素离子半径；对象不同，仅共有“阳离子半径影响材料性质”的语义联系。,reject,左：碱土A位阳离子半径；右：三价稀土阳离子半径。0/1/2/3/4/7/8/9/10/11/12/14/19/20均三价稀土阳离子半径；5为碱金属占位半径，6摘要确认为碱土A位半径；13填充原子半径含Li，15一般半径描述符，16含Sc/Cr的M3+；17/18明确稀土半径减小事件。；P1332明确R含Bi，单独保留该对象集合。,False,independent member evidence and explicit group definitions; targeted secondary rationale comparison,False
pair:58b43063419fb4c7a63a,10,iTE:P1090:n1,iTE:P1907:n1,related_to,两侧都涉及阳离子离子半径这一物理量，但分属不同化合物（ACu3TlSe4 的 A 位阳离子 vs Sr2RNbO6 的 R3+），且右侧带“decreasing”趋势限定，不构成同义概念。,reject,左：碱土A位阳离子半径；右：三价稀土离子半径减小。0/1/2/3/4/7/8/9/10/11/12/14/19/20均三价稀土阳离子半径；5为碱金属占位半径，6摘要确认为碱土A位半径；13填充原子半径含Li，15一般半径描述符，16含Sc/Cr的M3+；17/18明确稀土半径减小事件。；P1332明确R含Bi，单独保留该对象集合。,False,independent member evidence and explicit group definitions; targeted secondary rationale comparison,False
pair:70bfd7fbe2a2c76d2654,10,iTE:P1090:n1,iTE:P1960:n1,related_to,左侧指碱土 A 位阳离子（Mg–Ba）的离子半径，右侧指钙钛矿中三价稀土 R3+（La–Ho）的离子半径；对象与价态不同，但同属影响材料性质的阳离子半径，故为相关而非等价。,reject,左：碱土A位阳离子半径；右：三价稀土阳离子半径。0/1/2/3/4/7/8/9/10/11/12/14/19/20均三价稀土阳离子半径；5为碱金属占位半径，6摘要确认为碱土A位半径；13填充原子半径含Li，15一般半径描述符，16含Sc/Cr的M3+；17/18明确稀土半径减小事件。；P1332明确R含Bi，单独保留该对象集合。,False,independent member evidence and explicit group definitions; targeted secondary rationale comparison,False
pair:57dbbec647e119df62e9,11,iTE:P1094:n2,iTE:P1168:n2,related_to,两者都指晶格热导率 kappa(L)，但一侧限定为 ultralow（极低），另一侧仅为 reduced（被降低），程度限定不同，语义范围不完全相同，只能算相关。,uncertain,左：低值状态阈值待核实:5；右：降低后的晶格热导率状态。11/14/15/20明确相对降低，可接受同一变化过程；其余低、超低、本征低和异常低各有不同材料温区阈值，缺少统一适用范围，不强制裁定同义。；reduced状态与reduction/decrease过程不可等价。,False,independent member evidence and explicit group definitions; targeted secondary rationale comparison,False
pair:925d259f31c5626bdb63,11,iTE:P1098:n2,iTE:P1137:n2,narrower_than,左侧多出“intrinsically”限定，指本征低晶格热导率，是右侧一般低晶格热导率的具体类型。,uncertain,左：低值状态阈值待核实:6；右：低值状态阈值待核实:9。11/14/15/20明确相对降低，可接受同一变化过程；其余低、超低、本征低和异常低各有不同材料温区阈值，缺少统一适用范围，不强制裁定同义。；reduced状态与reduction/decrease过程不可等价。,True,independent member evidence and explicit group definitions; targeted secondary rationale comparison,False
pair:3f0972d1d5bda23ef78e,11,iTE:P1098:n2,iTE:P1149:n2,related_to,两侧都指低晶格热导率，但left限定为“本征”且机制为Cu离子迁移/Cu空位，right机制为声子软化，材料体系不同，原文无同义表述。,uncertain,左：低值状态阈值待核实:6；右：低值状态阈值待核实:10。11/14/15/20明确相对降低，可接受同一变化过程；其余低、超低、本征低和异常低各有不同材料温区阈值，缺少统一适用范围，不强制裁定同义。；reduced状态与reduction/decrease过程不可等价。,False,independent member evidence and explicit group definitions; targeted secondary rationale comparison,False
pair:3497466e2716fe79f5a3,11,iTE:P1098:n2,iTE:P1266:n2,related_to,两侧都指晶格热导率这一物理量，但限定语不同（intrinsically low 起源性 vs extremely low 数值性），分属不同材料的描述，非同一概念。,uncertain,左：低值状态阈值待核实:6；右：低值状态阈值待核实:12。11/14/15/20明确相对降低，可接受同一变化过程；其余低、超低、本征低和异常低各有不同材料温区阈值，缺少统一适用范围，不强制裁定同义。；reduced状态与reduction/decrease过程不可等价。,False,independent member evidence and explicit group definitions; targeted secondary rationale comparison,False
pair:57cf30dd7d710c287722,11,iTE:P1098:n2,iTE:P1297:n2,narrower_than,左侧加了“intrinsically”限定，特指本征低晶格热导率，右侧为未加该限定的一般低晶格热导率。,uncertain,左：低值状态阈值待核实:6；右：低值状态阈值待核实:13。11/14/15/20明确相对降低，可接受同一变化过程；其余低、超低、本征低和异常低各有不同材料温区阈值，缺少统一适用范围，不强制裁定同义。；reduced状态与reduction/decrease过程不可等价。,True,independent member evidence and explicit group definitions; targeted secondary rationale comparison,False
pair:7fce1e0bc4d7d638cefd,11,iTE:P1098:n2,iTE:P1671:n3,narrower_than,左侧加“intrinsically”限定了本征来源，是右侧一般“low lattice thermal conductivity”的受限概念。,uncertain,左：低值状态阈值待核实:6；右：低值状态阈值待核实:16。11/14/15/20明确相对降低，可接受同一变化过程；其余低、超低、本征低和异常低各有不同材料温区阈值，缺少统一适用范围，不强制裁定同义。；reduced状态与reduction/decrease过程不可等价。,True,independent member evidence and explicit group definitions; targeted secondary rationale comparison,False
pair:c64178e5e3788f504b6a,11,iTE:P1098:n2,iTE:P1778:n2,related_to,"两侧都是低晶格热导率，但对象不同（Cu1.8S 与 2D s-A2B），机制也不同（Cu 离子迁移/空位引起的低频局域振动 vs 离子键性），且限定语 ""intrinsically"" 与 ""unusually"" 各异，故只属同一物理属性的相关而非同义。",uncertain,左：低值状态阈值待核实:6；右：低值状态阈值待核实:18。11/14/15/20明确相对降低，可接受同一变化过程；其余低、超低、本征低和异常低各有不同材料温区阈值，缺少统一适用范围，不强制裁定同义。；reduced状态与reduction/decrease过程不可等价。,False,independent member evidence and explicit group definitions; targeted secondary rationale comparison,False
pair:c96305bb0bb1ffed47ae,30,iTE:P1099:n2,iTE:P1127:n2,related_to,左侧指电阻率这一属性，右侧指电阻率增加这一变化/趋势；变化不是属性本身，不能等价或视为上下位。,reject,左：电阻率；右：电阻率增加。0/3/5/7为电阻率量；1/2为相对基准较高状态；4/6明确增加变化，不混合物理量和状态事件。,False,independent member evidence and explicit group definitions; targeted secondary rationale comparison,False
pair:aac00372d306cbecc993,30,iTE:P1099:n2,iTE:P1164:n2,related_to,左侧仅称“resistivity”，右侧为“electrical resistivity”，虽同处热电语境且均由PF=S²/ρ关系界定，但原文未出现明确同义表述，按谨慎原则不判等价。,accept,共同定义：电阻率。0/3/5/7为电阻率量；1/2为相对基准较高状态；4/6明确增加变化，不混合物理量和状态事件。,True,independent member evidence and explicit group definitions; targeted secondary rationale comparison,False
pair:bfdb24f161d3bb8c2eb8,30,iTE:P1099:n2,iTE:P1283:n2,broader_than,left 是电阻率这一物理量本身，right 是带方向性限定的“升高的电阻率”（更受限的具体形态），二者为上下位而非同义。,reject,左：电阻率；右：电阻率增加。0/3/5/7为电阻率量；1/2为相对基准较高状态；4/6明确增加变化，不混合物理量和状态事件。,True,independent member evidence and explicit group definitions; targeted secondary rationale comparison,False
pair:81528db175e616738eec,21,iTE:P1101:n2,iTE:P1297:n1,related_to,“greater”是族内相对比较得出的强弱排序，“strong anharmonicity”是绝对强度描述，二者不等价。,reject,左：较大非谐性；右：强晶格非谐性。1/5/8/9为晶格/声子非谐性一般属性；0/3/4/6/7/10明确高/强晶格非谐性；2为比较greater，未定义达到高值。；动力学现象与非谐性性质拆开。,False,independent member evidence and explicit group definitions; targeted secondary rationale comparison,False
pair:aae008c345385607583b,21,iTE:P1101:n2,iTE:P1428:n1,related_to,左侧为 Se 基化合物非谐性更大的比较表述，右侧为导致大 Grüneisen 参数的强声子非谐性，均为非谐性但限定与表述不同，无同义证据。,reject,左：较大非谐性；右：强晶格非谐性。1/5/8/9为晶格/声子非谐性一般属性；0/3/4/6/7/10明确高/强晶格非谐性；2为比较greater，未定义达到高值。；动力学现象与非谐性性质拆开。,False,independent member evidence and explicit group definitions; targeted secondary rationale comparison,False
pair:c7a212e6e1c9f73af865,21,iTE:P1101:n2,iTE:P1478:n2,related_to,左侧是比较级的非谐性更大的状态描述，右侧是随原子序数增大晶格非谐性被抬升的过程/趋势，限定条件不同，非同一概念表述。,reject,左：较大非谐性；右：晶格非谐性。1/5/8/9为晶格/声子非谐性一般属性；0/3/4/6/7/10明确高/强晶格非谐性；2为比较greater，未定义达到高值。；动力学现象与非谐性性质拆开。,False,independent member evidence and explicit group definitions; targeted secondary rationale comparison,False
pair:2d3c64ea79e7708c75c4,21,iTE:P1101:n2,iTE:P1860:n1,related_to,两侧都描述非谐性幅度大，但分属不同材料体系且均为比较/程度表述，原文没有可支撑同义的等价说法。,reject,左：较大非谐性；右：强晶格非谐性。1/5/8/9为晶格/声子非谐性一般属性；0/3/4/6/7/10明确高/强晶格非谐性；2为比较greater，未定义达到高值。；动力学现象与非谐性性质拆开。,False,independent member evidence and explicit group definitions; targeted secondary rationale comparison,False
pair:16359ef48e65b3c0dde9,130,iTE:P1111:n2,iTE:P1660:n3,related_to,两侧都涉及超离子态的高导电行为，但左侧为 NaCu5S3 中铜离子迁移导致的超离子导电，右侧为质子跳跃导致的超离子相电导率，原文未给出同义表述，材料与载流子机制不同。,accept,共同定义：超离子电导率。0/1明确superionic conductivity，2明确超离子相中质子跳跃导致电导，补足其离子属性。,True,independent member evidence and explicit group definitions; targeted secondary rationale comparison,False
pair:b429ffb222cdcaac9257,59,iTE:P1116:n1,iTE:P1174:n1,related_to,左侧是泛指溶液的黏度量，右侧是该电解质（离子液体）相对水介质更高的黏度这一具体情形的比较陈述，为一般量与其具体实例的关联，不宜判为等价或直接上下位。,reject,左：黏度；右：相对水溶液更高黏度。0/1/3/4均黏度eta参数，2特指相对水溶液更高的黏度，保留比较条件。,False,independent member evidence and explicit group definitions; targeted secondary rationale comparison,False
pair:36203801bd1abb1ce664,56,iTE:P1125:n1,iTE:P1142:n1,broader_than,左侧仅泛称“pressure”（未限定为外部施加），右侧明确为“external pressure”，外部压力是压力的一种，故左侧更宽泛。,accept,共同定义：施加于材料的压力。五段均外部压力调节电子结构，1明确静水压但节点为pressure；共同压力变量不等同压力诱发的结果。,True,independent member evidence and explicit group definitions; targeted secondary rationale comparison,False
pair:50ab7e04dbb4d2eab079,56,iTE:P1125:n1,iTE:P1761:n1,related_to,两侧都指把压力作为外部条件变量，但左侧泛指研究压力范围，右侧限定为 induced pressure，原文无同义表述，只能判为相关。,accept,共同定义：施加于材料的压力。五段均外部压力调节电子结构，1明确静水压但节点为pressure；共同压力变量不等同压力诱发的结果。,True,independent member evidence and explicit group definitions; targeted secondary rationale comparison,False
pair:f552e3999f4a34123fb4,51,iTE:P1129:n2,iTE:P1821:n2,related_to,两者都是 direct band gap，但分属不同材料体系且数值不同（left 2.113/2.026 eV，right 1.07/1.22 eV），不是同一概念实例。,accept,共同定义：直接带隙。五段都明确direct bandgap；3的具体eV数值为该量的实例值，不构成不同带隙类型，数值保留原文而非合并值。,True,independent member evidence and explicit group definitions; targeted secondary rationale comparison,False
pair:7acce98a380e2fdc3a69,11,iTE:P1135:n1,iTE:P1149:n2,related_to,两侧都描述低的晶格热导率，但程度限定（ultralow 与 low）与材料体系不同，原文无二者指同一量的依据。,uncertain,左：低值状态阈值待核实:8；右：低值状态阈值待核实:10。11/14/15/20明确相对降低，可接受同一变化过程；其余低、超低、本征低和异常低各有不同材料温区阈值，缺少统一适用范围，不强制裁定同义。；reduced状态与reduction/decrease过程不可等价。,False,independent member evidence and explicit group definitions; targeted secondary rationale comparison,False
pair:aad0e17bf72198e6ca95,11,iTE:P1137:n2,iTE:P1266:n2,broader_than,右侧“extremely low”是比左侧“low”更强限定的程度表达，属于左侧一般“低晶格热导率”的子情形。,uncertain,左：低值状态阈值待核实:9；右：低值状态阈值待核实:12。11/14/15/20明确相对降低，可接受同一变化过程；其余低、超低、本征低和异常低各有不同材料温区阈值，缺少统一适用范围，不强制裁定同义。；reduced状态与reduction/decrease过程不可等价。,True,independent member evidence and explicit group definitions; targeted secondary rationale comparison,False
pair:da2e8ebf8dd32a20a53d,56,iTE:P1140:n1,iTE:P1142:n1,related_to,左侧用未限定来源的 pressure，右侧限定为外加压力（0–100 GPa），是同类物理量的不同表述，但限定条件与对象材料不同，不足以判定等价。,accept,共同定义：施加于材料的压力。五段均外部压力调节电子结构，1明确静水压但节点为pressure；共同压力变量不等同压力诱发的结果。,True,independent member evidence and explicit group definitions; targeted secondary rationale comparison,False
pair:ded81aed8da5dd2185ab,56,iTE:P1140:n1,iTE:P1761:n1,related_to,两侧都指作为外变量的压力，但左侧明确为 hydrostatic pressure，右侧为 induced pressure，原文未给出二者产生方式的对应证据，只能判为同一领域下的相关条件。,accept,共同定义：施加于材料的压力。五段均外部压力调节电子结构，1明确静水压但节点为pressure；共同压力变量不等同压力诱发的结果。,True,independent member evidence and explicit group definitions; targeted secondary rationale comparison,False
pair:ec2a892fd66064ea4dff,25,iTE:P1140:n2,iTE:P1901:n2,related_to,两侧都是带隙这一物理量，但分别属于 CsVO3 与 Cs2InAgX6，且一侧关注压力依赖、一侧关注卤素电负性依赖，非同义。,accept,共同定义：电子带隙。0-7/9均为电子价导带能隙，直接间接描述是材料背景；8段混合讨论18电子半导体隙及单自旋隙，不能确认该节点具体对象。,True,independent member evidence and explicit group definitions; targeted secondary rationale comparison,False
pair:008e73eb97800b7e617a,56,iTE:P1142:n1,iTE:P1761:n1,related_to,两侧均为压力条件，但一侧限定为 external 外压（0-100 GPa），另一侧为 induced pressure，限定词不同且右侧证据仅一句，不足以判定同义。,accept,共同定义：施加于材料的压力。五段均外部压力调节电子结构，1明确静水压但节点为pressure；共同压力变量不等同压力诱发的结果。,True,independent member evidence and explicit group definitions; targeted secondary rationale comparison,False
pair:0192f139b30ef9146b3d,1,iTE:P1146:n2,iTE:P1257:n2,related_to,两侧同指电导率这一物理量，但右侧带“enhanced/remarkably enhanced”修饰，强调经DES处理后的提升状态及其来源机制，语义范围不完全等同，属相关而非等价。,reject,左：电子电导率；右：电子电导增强。67成员逐一读取。完整摘要确认P0377/P0399/P0518/P1639/P1903离子导电，P0959/P1050/P1599混合导电，P1359电子极化子DC，P1964明确离子DC。电子电导、离子电导、两者总和及DC条件不互为严格同义；higher/high/enhanced状态分离。未明载流机制与分量回指保留待定。,False,independent member evidence and explicit group definitions; targeted secondary rationale comparison,False
pair:04ec70cdf9940fea6e4d,11,iTE:P1149:n2,iTE:P1266:n2,related_to,分别为 SnTe-GeTe 与 Ag0.5CdBi4.5Se8 的晶格热导率，材料、合成机制与程度修饰均不同，仅为同类物理性质的关联。,uncertain,左：低值状态阈值待核实:10；右：低值状态阈值待核实:12。11/14/15/20明确相对降低，可接受同一变化过程；其余低、超低、本征低和异常低各有不同材料温区阈值，缺少统一适用范围，不强制裁定同义。；reduced状态与reduction/decrease过程不可等价。,False,independent member evidence and explicit group definitions; targeted secondary rationale comparison,False
pair:7253da567f223397003a,11,iTE:P1149:n2,iTE:P1860:n2,broader_than,“ultralow”是比“low”更强的幅值限定，右侧是左侧受限更严的具体情形，故左侧更宽泛。,uncertain,左：低值状态阈值待核实:10；右：低值状态阈值待核实:19。11/14/15/20明确相对降低，可接受同一变化过程；其余低、超低、本征低和异常低各有不同材料温区阈值，缺少统一适用范围，不强制裁定同义。；reduced状态与reduction/decrease过程不可等价。,True,independent member evidence and explicit group definitions; targeted secondary rationale comparison,False
pair:788acf68d13ecf878b3d,77,iTE:P1152:n1,iTE:P1755:n3,broader_than,左侧仅统称点缺陷散射（未限定载流子类型），右侧明确限定为声子的点缺陷散射，后者是前者的受限子类。,accept,共同定义：点缺陷声子散射。补充上下文逐一显示0/1/2均影响晶格热导或明确phonon scattering；因此3的phonon不是新增子类限定，风险提示可解除。,True,independent member evidence and explicit group definitions; targeted secondary rationale comparison,False
pair:37e37a8df80a8cafb6aa,30,iTE:P1164:n2,iTE:P1283:n2,related_to,左侧是电阻率量本身，右侧是其升高，二者是量与变化的关系，不是同一概念。,reject,左：电阻率；右：电阻率增加。0/3/5/7为电阻率量；1/2为相对基准较高状态；4/6明确增加变化，不混合物理量和状态事件。,False,independent member evidence and explicit group definitions; targeted secondary rationale comparison,False
pair:d6fbff76454b2220b6e3,11,iTE:P1168:n2,iTE:P1697:n3,related_to,两者都描述低晶格热导率，但“reduced”与“ultralow”在程度和定义上不同，不构成同义或明确上下位。,uncertain,左：降低后的晶格热导率状态；右：低值状态阈值待核实:17。11/14/15/20明确相对降低，可接受同一变化过程；其余低、超低、本征低和异常低各有不同材料温区阈值，缺少统一适用范围，不强制裁定同义。；reduced状态与reduction/decrease过程不可等价。,False,independent member evidence and explicit group definitions; targeted secondary rationale comparison,False
pair:bb33a1cdd4d057df8d1d,13,iTE:P1168:n3,iTE:P1222:n2,related_to,两者均描述载流子迁移率提升，但“enhanced”强调相对提升，“high”强调绝对值高，语义不完全相同。,reject,左：增强的Hall迁移率；右：高载流子迁移率。0/1/2/3/4/6/12/13/15/16为通常电子载流子迁移率；5/10/11为高值；7相对较高；8明确增强的Hall迁移率；9为电子比空穴更好；14为OECT提取的器件有效迁移率，不能用同词跨定义闭包。,False,independent member evidence and explicit group definitions; targeted secondary rationale comparison,False
pair:9ebba52431fc27a8ca23,13,iTE:P1168:n3,iTE:P1294:n1,related_to,两侧都是定性的高迁移率表述，但分属不同材料体系（Cu 掺杂 Bi2Te3 与 ACoO3），机制与限定不同，属相关而非同义。,reject,左：增强的Hall迁移率；右：高载流子迁移率。0/1/2/3/4/6/12/13/15/16为通常电子载流子迁移率；5/10/11为高值；7相对较高；8明确增强的Hall迁移率；9为电子比空穴更好；14为OECT提取的器件有效迁移率，不能用同词跨定义闭包。,False,independent member evidence and explicit group definitions; targeted secondary rationale comparison,False
pair:8312e59154539219f444,13,iTE:P1168:n3,iTE:P1514:n2,narrower_than,左侧是加'增强'限定的迁移率状态，右侧是泛指载流子迁移率这一物理量本身，left IS-A right。,reject,左：增强的Hall迁移率；右：电子载流子迁移率。0/1/2/3/4/6/12/13/15/16为通常电子载流子迁移率；5/10/11为高值；7相对较高；8明确增强的Hall迁移率；9为电子比空穴更好；14为OECT提取的器件有效迁移率，不能用同词跨定义闭包。,True,independent member evidence and explicit group definitions; targeted secondary rationale comparison,False
pair:cf29b99bf25b62cf1007,13,iTE:P1168:n3,iTE:P1632:n2,narrower_than,左侧特指被增强的迁移率，右侧泛指载流子迁移率量本身，属限定更具体的概念。,reject,左：增强的Hall迁移率；右：电子载流子迁移率。0/1/2/3/4/6/12/13/15/16为通常电子载流子迁移率；5/10/11为高值；7相对较高；8明确增强的Hall迁移率；9为电子比空穴更好；14为OECT提取的器件有效迁移率，不能用同词跨定义闭包。,True,independent member evidence and explicit group definitions; targeted secondary rationale comparison,False
pair:845033c99aa2e9aee700,13,iTE:P1168:n3,iTE:P1965:n2,narrower_than,右侧是泛指的载流子迁移率量，左侧为其在高迁移率载流子条件下的具体受限情形（enhanced），属更具体的子类，故为 narrower_than。,reject,左：增强的Hall迁移率；右：电子载流子迁移率。0/1/2/3/4/6/12/13/15/16为通常电子载流子迁移率；5/10/11为高值；7相对较高；8明确增强的Hall迁移率；9为电子比空穴更好；14为OECT提取的器件有效迁移率，不能用同词跨定义闭包。,True,independent member evidence and explicit group definitions; targeted secondary rationale comparison,False
pair:c1074ca12ebab90fcacc,109,iTE:P1170:n1,iTE:P1177:n2,broader_than,right 带有 'large' 程度限定，是 left 所指晶格畸变的更具体/受限形式，因此 left 比 right 更宽泛。,reject,左：晶格畸变；右：大晶格畸变。0/1均一般晶格畸变，2明确大畸变；2并列的扭曲、位错也不是畸变同义词。,True,independent member evidence and explicit group definitions; targeted secondary rationale comparison,False
pair:3502274c7b1df93d85bf,19,iTE:P1170:n2,iTE:P1198:n2,broader_than,左侧为未限定的“phonon scattering”一般过程，右侧为带强度限定的“strong phonon scattering”，后者是前者的一种加强情形（IS-A），故左比右宽泛。,reject,左：声子散射；右：强声子散射。0/2/3/4/5/6/7/10一般声子散射过程；1多波长覆盖；8强散射状态；9/11散射增强变化。区分强度状态与变化，不能闭包消除。,True,independent member evidence and explicit group definitions; targeted secondary rationale comparison,False
pair:861b50fc2f5a0e3b8f55,19,iTE:P1170:n2,iTE:P1481:n1,broader_than,左侧为未加限定的“phonon scattering”一般机制，右侧是“enhanced phonon scattering”（散射增强后的情形），右侧是左侧的一种受限情形，故左侧更宽泛。,reject,左：声子散射；右：声子散射增强。0/2/3/4/5/6/7/10一般声子散射过程；1多波长覆盖；8强散射状态；9/11散射增强变化。区分强度状态与变化，不能闭包消除。,True,independent member evidence and explicit group definitions; targeted secondary rationale comparison,False
pair:df402b4cd3d0dd689bbc,19,iTE:P1170:n2,iTE:P1970:n1,broader_than,left 是泛指声子散射过程，right 是带方向限定的“声子散射增大”，属于对同一过程加限定后的更具体表述，故 left 更宽泛。,reject,左：声子散射；右：声子散射增强。0/2/3/4/5/6/7/10一般声子散射过程；1多波长覆盖；8强散射状态；9/11散射增强变化。区分强度状态与变化，不能闭包消除。,True,independent member evidence and explicit group definitions; targeted secondary rationale comparison,False
pair:049bc54bdd578ae40fd5,59,iTE:P1174:n1,iTE:P1503:n1,related_to,左侧是电解质相对于水介质的更高黏度，右侧是溶剂黏度变量；二者都涉及黏度，但对象（电解质 vs 溶剂）和比较/量纲语境不同，非等价。,reject,左：相对水溶液更高黏度；右：黏度。0/1/3/4均黏度eta参数，2特指相对水溶液更高的黏度，保留比较条件。,False,independent member evidence and explicit group definitions; targeted secondary rationale comparison,False
pair:864d2019fb88bc262fcc,21,iTE:P1183:n2,iTE:P1860:n1,related_to,anharmonicity 是晶格振动的性质/量，anharmonic lattice dynamics 是具该性质的动力学，属属性与现象的关联，而非同一概念。,reject,左：强非谐晶格动力学现象；右：强晶格非谐性。1/5/8/9为晶格/声子非谐性一般属性；0/3/4/6/7/10明确高/强晶格非谐性；2为比较greater，未定义达到高值。；动力学现象与非谐性性质拆开。,True,independent member evidence and explicit group definitions; targeted secondary rationale comparison,False
pair:a3b4f9d5e4be720c0513,25,iTE:P1193:n2,iTE:P1883:n2,broader_than,左侧为不限于特定材料的通用带隙概念，右侧限定为半导体性化合物中的能隙（semiconducting gap），是带隙的一个受限子类，故左侧更宽泛。,uncertain,左：电子带隙；右：半导体或自旋通道能隙待定。0-7/9均为电子价导带能隙，直接间接描述是材料背景；8段混合讨论18电子半导体隙及单自旋隙，不能确认该节点具体对象。,True,independent member evidence and explicit group definitions; targeted secondary rationale comparison,False
pair:6ddb459b74550b229da8,0,iTE:P1197:n2,iTE:P1347:n2,related_to,两侧分别为 SnSe-Cu-O 与 P(EDT-E5-EDT) 的 Seebeck 系数，材料与量值不同，不构成等价或上下位关系。,accept,共同定义：电子Seebeck系数。130成员及661既有建议全部逐组读取并按定义划分。thermopower/TEP/Seebeck/S通常同义，但仅在同一载流范围及测量定义下；原摘要证明P0660/P1024/P1210/P1520/P1614是红氧系数，P0595是电子SWCNT，P0547是电动学等效系数，P0804是Kelvin近似，P1676为质子加空穴的总响应。电子、离子、红氧、混合、符号幅值、加权贡献、非线性有限温差系数不可整体传递合并。节点属性及原始数值保留，未确定定义者不跨组接受。,True,independent member evidence and explicit group definitions; targeted secondary rationale comparison,False
pair:52ad7ae5fb6849e5f07b,19,iTE:P1198:n2,iTE:P1489:n3,narrower_than,左侧是带强度限定的“strong phonon scattering”，右侧为不加限定的“phonon scattering”一般过程，前者是后者的受限具体形态（IS-A）。,reject,左：强声子散射；右：声子散射。0/2/3/4/5/6/7/10一般声子散射过程；1多波长覆盖；8强散射状态；9/11散射增强变化。区分强度状态与变化，不能闭包消除。,True,independent member evidence and explicit group definitions; targeted secondary rationale comparison,False
pair:a27d12c91e75e7b57540,19,iTE:P1198:n2,iTE:P1970:n1,related_to,两侧都涉及声子散射增强，但左侧是材料固有的散射强度状态（strong），右侧是随温度上升的散射增量过程（increase），语义范围不同，属机制关联而非同义。,reject,左：强声子散射；右：声子散射增强。0/2/3/4/5/6/7/10一般声子散射过程；1多波长覆盖；8强散射状态；9/11散射增强变化。区分强度状态与变化，不能闭包消除。,False,independent member evidence and explicit group definitions; targeted secondary rationale comparison,False
pair:b7e5a09e1d1dda018f85,28,iTE:P1200:n2,iTE:P1279:n2,related_to,左侧是材料的 p 型半导体性质/态，右侧是高取代下的 p 型导电行为/过程；同属 p 型载流子类型但语义角色不同，不是同一概念。,accept,共同定义：p型电子导电特征。0/1/2/3/4/5/8均电子空穴占优p型特征；6明确Cs2CdZnCl6材料限制；7要求全测温区保持p型，不能去掉稳定区间。,True,independent member evidence and explicit group definitions; targeted secondary rationale comparison,False
pair:ab9f7eade6d6eb0be9c7,13,iTE:P1203:n2,iTE:P1222:n2,related_to,左侧是电子相对空穴的更好迁移率，右侧是材料整体的高载流子迁移率，二者相关但不等价。,reject,左：电子相对空穴更高迁移率；右：高载流子迁移率。0/1/2/3/4/6/12/13/15/16为通常电子载流子迁移率；5/10/11为高值；7相对较高；8明确增强的Hall迁移率；9为电子比空穴更好；14为OECT提取的器件有效迁移率，不能用同词跨定义闭包。,False,independent member evidence and explicit group definitions; targeted secondary rationale comparison,False
pair:3bcf0399710d5361688c,13,iTE:P1203:n2,iTE:P1354:n2,related_to,两侧都涉及电子载流子迁移率，但 left 是电子相对空穴的比较性表述，right 是取代调控下的载流子迁移率增强，限定条件不同，不构成同义。,reject,左：电子相对空穴更高迁移率；右：电子载流子迁移率。0/1/2/3/4/6/12/13/15/16为通常电子载流子迁移率；5/10/11为高值；7相对较高；8明确增强的Hall迁移率；9为电子比空穴更好；14为OECT提取的器件有效迁移率，不能用同词跨定义闭包。,False,independent member evidence and explicit group definitions; targeted secondary rationale comparison,False
pair:8a4c23fc42891f2950de,17,iTE:P1209:n2,iTE:P1563:n3,related_to,left 是限制离子迁移的活化能，right 是电导率的活化能，输运机制（离子迁移 vs 电导）不同。,reject,左：Cu迁移微观势垒；右：电子电导活化能。0载流子生成能，1/2/3由电导提取Ag+迁移活化能；4复合电导和热电势活化能；5Cu迁移NEB势垒；6Cu离子传导活化能；7含空位生成贡献；8Ag+微观势垒；9/10电子电导活化能；11Na导电活化能。共同energy词不保证同量。,False,independent member evidence and explicit group definitions; targeted secondary rationale comparison,False
pair:5900803d267561e374b2,17,iTE:P1209:n2,iTE:P1706:n3,related_to,左侧激活能限定为离子迁移的势垒，右侧激活能与电子电导变化相伴（电子输运激活能），载流子与过程不同，不能视为同一概念。,reject,左：Cu迁移微观势垒；右：电子电导活化能。0载流子生成能，1/2/3由电导提取Ag+迁移活化能；4复合电导和热电势活化能；5Cu迁移NEB势垒；6Cu离子传导活化能；7含空位生成贡献；8Ag+微观势垒；9/10电子电导活化能；11Na导电活化能。共同energy词不保证同量。,False,independent member evidence and explicit group definitions; targeted secondary rationale comparison,False
pair:eca248420b81a4eabc36,51,iTE:P1211:n2,iTE:P1821:n2,related_to,两侧都是“直接带隙”量，但分别属于Bi2Se3（0.47/0.21 eV）与Cs2KTlI6/Cs2RbTlI6（1.07/1.22 eV），材料与数值不同，非同一概念。,accept,共同定义：直接带隙。五段都明确direct bandgap；3的具体eV数值为该量的实例值，不构成不同带隙类型，数值保留原文而非合并值。,True,independent member evidence and explicit group definitions; targeted secondary rationale comparison,False
pair:2f620fedafe53fc89881,81,iTE:P1213:n2,iTE:P1696:n2,related_to,左侧为温差电动势的符号（Cu-CuTlTe2/Ag-AgTlTe2体系中的符号反转），右侧为Na-K混合物中归因于成分变化的符号改变，涉及体系与现象描述不同，只能判为相关。,reject,左：热电势符号；右：Seebeck符号反转。0/2/3均Seebeck正负号变化；1节点仅sign为符号属性，原句reverse可用于另外抽取但不能把属性与事件混合。,False,independent member evidence and explicit group definitions; targeted secondary rationale comparison,False
pair:f02035f836453846c0b6,22,iTE:P1215:n2,iTE:P1558:n2,related_to,两者都涉及电子主导的输运，但 left 用 transport（可涵盖热输运等），right 是具体的电导量，原文无同义表述，只存在属性上的关联。,accept,共同定义：电子n型导电。0/1/2/3/4为离子迁移或界面极化造成负热电响应，完整摘要核实2/3/4；5/6/7/8/9/10为电子为主的半导体n型导电，不可因n-type同名合并。,True,independent member evidence and explicit group definitions; targeted secondary rationale comparison,False
pair:8f3bc719c65359ba0fdf,13,iTE:P1222:n2,iTE:P1514:n2,narrower_than,left 是“高载流子迁移率”，right 是无高低限定的泛指“载流子迁移率”，left 是 right 的受限子类。,reject,左：高载流子迁移率；右：电子载流子迁移率。0/1/2/3/4/6/12/13/15/16为通常电子载流子迁移率；5/10/11为高值；7相对较高；8明确增强的Hall迁移率；9为电子比空穴更好；14为OECT提取的器件有效迁移率，不能用同词跨定义闭包。,True,independent member evidence and explicit group definitions; targeted secondary rationale comparison,False
pair:eb9471d424a840b8a085,13,iTE:P1222:n2,iTE:P1632:n2,narrower_than,右侧为无条件限定的“载流子迁移率”，左侧特指迁移率“高”的情形，是前者受限定的更具体表述，故为 narrower_than 而非等价。,reject,左：高载流子迁移率；右：电子载流子迁移率。0/1/2/3/4/6/12/13/15/16为通常电子载流子迁移率；5/10/11为高值；7相对较高；8明确增强的Hall迁移率；9为电子比空穴更好；14为OECT提取的器件有效迁移率，不能用同词跨定义闭包。,True,independent member evidence and explicit group definitions; targeted secondary rationale comparison,False
pair:5c3db08d8dbe3c0aa463,68,iTE:P1224:n1,iTE:P1292:n1,broader_than,右侧在离子交换上附加了“自发”这一限定条件，是离子交换的受限子类，左侧更宽。,reject,左：离子交换；右：自发离子交换。0/1/2均离子交换一般过程，3明确自发发生，保留热力学条件。,True,independent member evidence and explicit group definitions; targeted secondary rationale comparison,False
pair:5d9ba8eb70c2c4372630,4,iTE:P1247:n2,iTE:P1296:n2,related_to,右侧被 overall 限定为总热导率，左侧为未限定热导率，限定词构成范围界定且原文无同义证据，判为语义相关。,accept,共同定义：材料总体热导率。除6/16/28外29个节点均材料总体热导率κ，total/overall为同量展开；30说明声子主导但仍总κ。16明确phonon thermal conductivity是分量；6明确large高值；28为晶界局部热导属性，不能直接当均匀体相热导率。,True,independent member evidence and explicit group definitions; targeted secondary rationale comparison,False
pair:efcfe5c8bf853e7b2575,4,iTE:P1249:n2,iTE:P1573:n2,narrower_than,左侧限定为“总热导率”（相对晶格/电子分量而言），是右侧泛称“热导率”的一个受限变体，属更具体概念。,accept,共同定义：材料总体热导率。除6/16/28外29个节点均材料总体热导率κ，total/overall为同量展开；30说明声子主导但仍总κ。16明确phonon thermal conductivity是分量；6明确large高值；28为晶界局部热导属性，不能直接当均匀体相热导率。,True,independent member evidence and explicit group definitions; targeted secondary rationale comparison,False
pair:635ca2fea0db9c4d3323,4,iTE:P1249:n2,iTE:P1934:n2,narrower_than,“总热导率”是加了“总（合计各贡献）”限定的热导率，属于一般热导率的更具体概念（IS-A）。,accept,共同定义：材料总体热导率。除6/16/28外29个节点均材料总体热导率κ，total/overall为同量展开；30说明声子主导但仍总κ。16明确phonon thermal conductivity是分量；6明确large高值；28为晶界局部热导属性，不能直接当均匀体相热导率。,True,independent member evidence and explicit group definitions; targeted secondary rationale comparison,False
pair:1aad1ecefd99941d4c30,17,iTE:P1250:n2,iTE:P1556:n4,related_to,两侧都是离子迁移激活能类物理量，但一个指 Cu2S 中 Cu 离子迁移的 ionic activation energy，另一个指 Ag+ 输运的 activation energy barrier，材料体系与迁移离子不同，原文无同义表述，只能算机制相关。,reject,左：Cu离子电导活化能；右：Ag+微观迁移势垒。0载流子生成能，1/2/3由电导提取Ag+迁移活化能；4复合电导和热电势活化能；5Cu迁移NEB势垒；6Cu离子传导活化能；7含空位生成贡献；8Ag+微观势垒；9/10电子电导活化能；11Na导电活化能。共同energy词不保证同量。,False,independent member evidence and explicit group definitions; targeted secondary rationale comparison,False
pair:bbea5c689c9870eb45b2,17,iTE:P1250:n2,iTE:P1563:n3,related_to,left 为离子迁移活化能，right 为电导率活化能，二者机制与所描述的过程不同。,reject,左：Cu离子电导活化能；右：电子电导活化能。0载流子生成能，1/2/3由电导提取Ag+迁移活化能；4复合电导和热电势活化能；5Cu迁移NEB势垒；6Cu离子传导活化能；7含空位生成贡献；8Ag+微观势垒；9/10电子电导活化能；11Na导电活化能。共同energy词不保证同量。,False,independent member evidence and explicit group definitions; targeted secondary rationale comparison,False
pair:4b4d5d5824085db78be3,0,iTE:P1254:n2,iTE:P1457:n2,broader_than,左侧用“电压差每度温差”给出通用 S 定义并同时讨论电子与离子两种来源，右侧明确限定为“由离子热输运得到的 Seebeck 系数”，是离子型特例，故左侧更宽泛。,reject,左：通用Seebeck系数上层定义；右：离子热扩散热电势系数。130成员及661既有建议全部逐组读取并按定义划分。thermopower/TEP/Seebeck/S通常同义，但仅在同一载流范围及测量定义下；原摘要证明P0660/P1024/P1210/P1520/P1614是红氧系数，P0595是电子SWCNT，P0547是电动学等效系数，P0804是Kelvin近似，P1676为质子加空穴的总响应。电子、离子、红氧、混合、符号幅值、加权贡献、非线性有限温差系数不可整体传递合并。节点属性及原始数值保留，未确定定义者不跨组接受。,True,independent member evidence and explicit group definitions; targeted secondary rationale comparison,False
pair:6d4b1e984d590561d3b3,1,iTE:P1257:n2,iTE:P1356:n1,related_to,两侧都是电导率这一物理量且都表示其增大，但一个指DES处理PEDOT:PSS薄膜的电导率提升，一个指IL掺杂水凝胶的高电导率，材料体系与限定条件不同，属相关而非同一概念。,uncertain,原摘要未给该电导的载流子/总量与分量归属，或高值定义不足；不靠相同conductivity/DC词强行判定。；左：电子电导增强；右：高电导率载流类型待定,False,independent member evidence and explicit group definitions; targeted secondary rationale comparison,False
pair:84388359a1be3a973793,1,iTE:P1257:n2,iTE:P1449:n2,narrower_than,left 是带“enhanced”限定的电导率（被提升后的取值），是 right 所表示的通用电导率量的受限/更具体形式，二者非同一概念。,reject,左：电子电导增强；右：电子电导率。67成员逐一读取。完整摘要确认P0377/P0399/P0518/P1639/P1903离子导电，P0959/P1050/P1599混合导电，P1359电子极化子DC，P1964明确离子DC。电子电导、离子电导、两者总和及DC条件不互为严格同义；higher/high/enhanced状态分离。未明载流机制与分量回指保留待定。,True,independent member evidence and explicit group definitions; targeted secondary rationale comparison,False
pair:8ef76c734079a24c2a8d,1,iTE:P1257:n2,iTE:P1613:n3,narrower_than,left 是带“增强/升高”限定的电导率（特定体系被提高后的值），right 是未加限定的通用电导率量；left 属于 right 的一个受限子情形，故为 narrower_than 而非等价。,reject,左：电子电导增强；右：电子电导率。67成员逐一读取。完整摘要确认P0377/P0399/P0518/P1639/P1903离子导电，P0959/P1050/P1599混合导电，P1359电子极化子DC，P1964明确离子DC。电子电导、离子电导、两者总和及DC条件不互为严格同义；higher/high/enhanced状态分离。未明载流机制与分量回指保留待定。,True,independent member evidence and explicit group definitions; targeted secondary rationale comparison,False
pair:00e3aca537955da258a3,11,iTE:P1266:n2,iTE:P1297:n2,narrower_than,两侧同为低晶格热导率，但左侧“extremely low”程度限定强于右侧“low”，为更受限的表达。,uncertain,左：低值状态阈值待核实:12；右：低值状态阈值待核实:13。11/14/15/20明确相对降低，可接受同一变化过程；其余低、超低、本征低和异常低各有不同材料温区阈值，缺少统一适用范围，不强制裁定同义。；reduced状态与reduction/decrease过程不可等价。,True,independent member evidence and explicit group definitions; targeted secondary rationale comparison,False
pair:069d5bbd493e5dfa186c,11,iTE:P1266:n2,iTE:P1480:n3,related_to,两者都是所指材料的低晶格热导率这一物理量，但分属不同材料与论文，且限定词不同（extremely low 的绝对值 vs reduced 的相对降低），无同义表述支撑等价。,uncertain,左：低值状态阈值待核实:12；右：降低后的晶格热导率状态。11/14/15/20明确相对降低，可接受同一变化过程；其余低、超低、本征低和异常低各有不同材料温区阈值，缺少统一适用范围，不强制裁定同义。；reduced状态与reduction/decrease过程不可等价。,False,independent member evidence and explicit group definitions; targeted secondary rationale comparison,False
pair:0262cace042be0b21e70,11,iTE:P1266:n2,iTE:P1671:n3,narrower_than,同为低晶格热导率，左侧“extremely low”是比右侧“low”更严格的限定，构成更窄的概念。,uncertain,左：低值状态阈值待核实:12；右：低值状态阈值待核实:16。11/14/15/20明确相对降低，可接受同一变化过程；其余低、超低、本征低和异常低各有不同材料温区阈值，缺少统一适用范围，不强制裁定同义。；reduced状态与reduction/decrease过程不可等价。,True,independent member evidence and explicit group definitions; targeted secondary rationale comparison,False
pair:d7fead2d4a2c414429e8,11,iTE:P1266:n2,iTE:P1778:n2,related_to,两侧都指晶格热导率这一物理量，但分属不同材料体系（Ag0.5CdBi4.5Se8 的 0.24 W m-1 K-1@823 K 与二维 A2B 的 1.5 W m-1 K-1@300 K），对象与数值不同，不构成同义，仅为同一属性的不同实例。,uncertain,左：低值状态阈值待核实:12；右：低值状态阈值待核实:18。11/14/15/20明确相对降低，可接受同一变化过程；其余低、超低、本征低和异常低各有不同材料温区阈值，缺少统一适用范围，不强制裁定同义。；reduced状态与reduction/decrease过程不可等价。,False,independent member evidence and explicit group definitions; targeted secondary rationale comparison,False
pair:02547d2968bbaaacba30,1,iTE:P1270:n2,iTE:P1435:n2,related_to,右侧原文测的是 DC electrical conductivity，左侧为 dc conductivity，属同一类电导率，但一侧为泛称、一侧明确 DC 限定，证据不足以判定严格等价。,accept,共同定义：混合直流电导率。67成员逐一读取。完整摘要确认P0377/P0399/P0518/P1639/P1903离子导电，P0959/P1050/P1599混合导电，P1359电子极化子DC，P1964明确离子DC。电子电导、离子电导、两者总和及DC条件不互为严格同义；higher/high/enhanced状态分离。未明载流机制与分量回指保留待定。,True,independent member evidence and explicit group definitions; targeted secondary rationale comparison,False
pair:3b6b24b060a8e1ef9446,1,iTE:P1270:n2,iTE:P1459:n2,narrower_than,dc 电导率是电导率在直流测量条件下的具体限定形式，属电导率的更具体种类。,reject,左：混合直流电导率；右：电子电导率。67成员逐一读取。完整摘要确认P0377/P0399/P0518/P1639/P1903离子导电，P0959/P1050/P1599混合导电，P1359电子极化子DC，P1964明确离子DC。电子电导、离子电导、两者总和及DC条件不互为严格同义；higher/high/enhanced状态分离。未明载流机制与分量回指保留待定。,True,independent member evidence and explicit group definitions; targeted secondary rationale comparison,False
pair:21aab52bf3910ca544de,6,iTE:P1276:n2,iTE:P1363:n2,related_to,左侧是晶格热导率这一物理量（属性），右侧是晶格热输运这一过程，属性与过程相关但不等价。,accept,共同定义：晶格热导率。二十六节点均晶格热导率κL；9与20虽写lattice heat transport，但均给W m-1 K-1并以κL/极限值定量，明确为传导系数而非过程。所有成员定义一致，不是借连通性传递。,True,independent member evidence and explicit group definitions; targeted secondary rationale comparison,False
pair:f9f5e3797c953aaf044c,28,iTE:P1279:n2,iTE:P1571:n2,related_to,均涉及p型导电行为，但左侧是高取代时的p型导电，右侧是特定材料在温区内保持p型的状态，属于相关而非同义。,reject,左：p型电子导电特征；右：测量温区持续p型。0/1/2/3/4/5/8均电子空穴占优p型特征；6明确Cs2CdZnCl6材料限制；7要求全测温区保持p型，不能去掉稳定区间。,False,independent member evidence and explicit group definitions; targeted secondary rationale comparison,False
pair:f2b757ebe72abdbef214,30,iTE:P1283:n2,iTE:P1632:n3,narrower_than,left 是附加“升高”方向限定的电阻率形态，比 right 的一般电阻率概念更受限、更具体。,reject,左：电阻率增加；右：电阻率。0/3/5/7为电阻率量；1/2为相对基准较高状态；4/6明确增加变化，不混合物理量和状态事件。,True,independent member evidence and explicit group definitions; targeted secondary rationale comparison,False
pair:5cc6301f02aa4765e713,32,iTE:P1290:n2,iTE:P1819:n2,related_to,分别是 Na3PS4 的低热导率与 Yb2-xCaxCdSb2 的晶格热导率，材料不同且一为总热导率、一为晶格分量，非同一概念。,reject,左：低热导率；右：低晶格热导率（P1819明确晶格分量）。0/1均Cu7PSe6低热导率，2原文明确ultra-low而非通常low；3/4/5/6/7仅一般低热导率状态，严格不消去材料限定及超低程度。；P1819的low thermal conductivity回指晶格分量，单独保留。,True,independent member evidence and explicit group definitions; targeted secondary rationale comparison,False
pair:889271efcca9fd7d3cc0,32,iTE:P1290:n2,iTE:P1897:n2,related_to,同为“低热导率”属性描述，但材料（Na3PS4 / Cu2-xSe）与机制解释（扩散子输运 / 液态状 Cu 亚结构）不同，属相关而非同义。,accept,共同定义：低热导率。0/1均Cu7PSe6低热导率，2原文明确ultra-low而非通常low；3/4/5/6/7仅一般低热导率状态，严格不消去材料限定及超低程度。；P1819的low thermal conductivity回指晶格分量，单独保留。,True,independent member evidence and explicit group definitions; targeted secondary rationale comparison,False
pair:d16c998982f1f5221974,21,iTE:P1297:n1,iTE:P1421:n2,related_to,左侧限定为“强”非谐性并列举 Grüneisen 参数等表现，右侧为一般性 anharmonicity，强度限定与语境不同，非同一概念。,reject,左：强晶格非谐性；右：晶格非谐性。1/5/8/9为晶格/声子非谐性一般属性；0/3/4/6/7/10明确高/强晶格非谐性；2为比较greater，未定义达到高值。；动力学现象与非谐性性质拆开。,False,independent member evidence and explicit group definitions; targeted secondary rationale comparison,False
pair:a02f60bcb2437354431f,21,iTE:P1297:n1,iTE:P1478:n2,related_to,两侧都指晶格振动的非谐性（均以 Grüneisen 参数为表征），但左侧附加了强度限定“strong”、右侧限定为“lattice”，限定项不同，无同义表述，故非等价。,reject,左：强晶格非谐性；右：晶格非谐性。1/5/8/9为晶格/声子非谐性一般属性；0/3/4/6/7/10明确高/强晶格非谐性；2为比较greater，未定义达到高值。；动力学现象与非谐性性质拆开。,False,independent member evidence and explicit group definitions; targeted secondary rationale comparison,False
pair:764963a7834b0411f52f,21,iTE:P1297:n1,iTE:P1522:n3,related_to,两侧都涉及非谐性，但 left 以强度限定（strong，并列举Grüneisen参数与声速）描述材料属性，right 明确限定为声子非谐性，限定条件不同，不能认定同义。,reject,左：强晶格非谐性；右：晶格非谐性。1/5/8/9为晶格/声子非谐性一般属性；0/3/4/6/7/10明确高/强晶格非谐性；2为比较greater，未定义达到高值。；动力学现象与非谐性性质拆开。,False,independent member evidence and explicit group definitions; targeted secondary rationale comparison,False
pair:8d10024e210001785e12,1,iTE:P1298:n2,iTE:P1964:n2,broader_than,左侧泛指电导率（未限定频率），右侧特指直流（DC）条件下的电导，DC 是带频率限定的更具体子类。,reject,左：电子电导率；右：离子直流电导率。67成员逐一读取。完整摘要确认P0377/P0399/P0518/P1639/P1903离子导电，P0959/P1050/P1599混合导电，P1359电子极化子DC，P1964明确离子DC。电子电导、离子电导、两者总和及DC条件不互为严格同义；higher/high/enhanced状态分离。未明载流机制与分量回指保留待定。,True,independent member evidence and explicit group definitions; targeted secondary rationale comparison,False
pair:e4a269daf29110c86a59,10,iTE:P1308:n1,iTE:P1332:n1,related_to,左侧为稀土RE离子半径（含临界值1.04 Å条件），右侧为含Bi的R3+掺杂离子半径，离子集合与限定条件不同，不构成同义。,reject,左：三价稀土阳离子半径；右：Yb/Dy/Sm/Bi三价取代阳离子半径（含非稀土Bi）。0/1/2/3/4/7/8/9/10/11/12/14/19/20均三价稀土阳离子半径；5为碱金属占位半径，6摘要确认为碱土A位半径；13填充原子半径含Li，15一般半径描述符，16含Sc/Cr的M3+；17/18明确稀土半径减小事件。；P1332明确R含Bi，单独保留该对象集合。,True,independent member evidence and explicit group definitions; targeted secondary rationale comparison,False
pair:d0b06a3e4909d17f96b4,10,iTE:P1308:n1,iTE:P1565:n2,narrower_than,左侧限定为稀土离子的半径，是右侧泛指的“离子半径”（不同填充离子的半径）的一个具体受限情形，属于上下位关系。,reject,左：三价稀土阳离子半径；右：填充原子离子半径。0/1/2/3/4/7/8/9/10/11/12/14/19/20均三价稀土阳离子半径；5为碱金属占位半径，6摘要确认为碱土A位半径；13填充原子半径含Li，15一般半径描述符，16含Sc/Cr的M3+；17/18明确稀土半径减小事件。；P1332明确R含Bi，单独保留该对象集合。,True,independent member evidence and explicit group definitions; targeted secondary rationale comparison,False
pair:a78f3a92f02325101e01,10,iTE:P1308:n1,iTE:P1907:n1,related_to,两侧都涉及稀土离子半径这一物理量，但左侧是 Ba 六方铁氧体中 RE 半径的绝对量（临界值约 1.04 Å），右侧是 Sr2RNbO6 中随镧系收缩递减的 R3+ 半径趋势，对象体系与表述（量 vs 递减趋势）均不同，非同一概念。,reject,左：三价稀土阳离子半径；右：三价稀土离子半径减小。0/1/2/3/4/7/8/9/10/11/12/14/19/20均三价稀土阳离子半径；5为碱金属占位半径，6摘要确认为碱土A位半径；13填充原子半径含Li，15一般半径描述符，16含Sc/Cr的M3+；17/18明确稀土半径减小事件。；P1332明确R含Bi，单独保留该对象集合。,False,independent member evidence and explicit group definitions; targeted secondary rationale comparison,False
pair:05fc0a1b47071f8420b8,10,iTE:P1308:n1,iTE:P1952:n1,related_to,left 是 RE 离子半径这一物理量本身，right 是“离子半径减小”的变化趋势/条件，二者语义相关但不是同一概念（量 vs 变化方向）。,reject,左：三价稀土阳离子半径；右：三价稀土离子半径减小。0/1/2/3/4/7/8/9/10/11/12/14/19/20均三价稀土阳离子半径；5为碱金属占位半径，6摘要确认为碱土A位半径；13填充原子半径含Li，15一般半径描述符，16含Sc/Cr的M3+；17/18明确稀土半径减小事件。；P1332明确R含Bi，单独保留该对象集合。,False,independent member evidence and explicit group definitions; targeted secondary rationale comparison,False
pair:50d1d6d306e95c159d7c,11,iTE:P1322:n2,iTE:P1480:n3,related_to,左侧指晶格热导率的下降量（62% 降低这一变化过程/幅度），右侧指“被降低后的”晶格热导率这一状态值，语义相连但一为变化量一为受限定的属性值，不等价。,uncertain,左：晶格热导率下降过程；右：降低后的晶格热导率状态。11/14/15/20明确相对降低，可接受同一变化过程；其余低、超低、本征低和异常低各有不同材料温区阈值，缺少统一适用范围，不强制裁定同义。；reduced状态与reduction/decrease过程不可等价。,True,independent member evidence and explicit group definitions; targeted secondary rationale comparison,False
pair:084929ed14cc8f909763,2,iTE:P1327:n2,iTE:P1566:n3,related_to,两侧都指同一泛化性能指标，但分别绑定于不同材料体系（polylactam 聚合物掺杂 vs Mw = 68 kDa 体系），原文无同义表述，属语义相关而非等价。,uncertain,左：最高性能；右：电子热电整体性能。38成员中properties为性质集合、performance为综合评价，不能默认互换；载流机制和指标范围又不一致。对明确定义同一层级的子组接受；跨层级缺少评价函数，保留uncertain，高/最高等明确限定另拒绝。P0687摘要表明14实际以Seebeck为预测目标，P1454为CuI电子热电纺织品。,False,independent member evidence and explicit group definitions; targeted secondary rationale comparison,False
pair:14154c95fddfda540094,1,iTE:P1328:n2,iTE:P1356:n1,related_to,"两侧都是电导率类量，但left是PBTTTC14薄膜经两步掺杂后相对于一步法的""更高电导率""（达1103.8 S cm-1），right是PEDOT:PSS水凝胶的高电导率（约305 S cm-1），材料体系与比较基准不同，不构成同一概念。",uncertain,原摘要未给该电导的载流子/总量与分量归属，或高值定义不足；不靠相同conductivity/DC词强行判定。；左：较高电子电导率；右：高电导率载流类型待定,False,independent member evidence and explicit group definitions; targeted secondary rationale comparison,False
pair:b96c201e5bb3e641fcce,1,iTE:P1328:n2,iTE:P1500:n4,related_to,"左侧是掺杂方法比较中的电导率高低（含具体数值1,103.8 S cm-1），右侧是作为材料属性的电导率本身，二者为属性与其比较取值的关联，不是同一概念。",reject,左：较高电子电导率；右：电子电导率。67成员逐一读取。完整摘要确认P0377/P0399/P0518/P1639/P1903离子导电，P0959/P1050/P1599混合导电，P1359电子极化子DC，P1964明确离子DC。电子电导、离子电导、两者总和及DC条件不互为严格同义；higher/high/enhanced状态分离。未明载流机制与分量回指保留待定。,False,independent member evidence and explicit group definitions; targeted secondary rationale comparison,False
pair:4f262a0681e96b7a8413,10,iTE:P1332:n1,iTE:P1565:n2,related_to,两侧同为离子半径量，但对象不同（CaMnO3 中的 R3+ 阳离子 与 rattling fillers），原文无同义表述，仅属同一物理量的不同实例。,reject,左：Yb/Dy/Sm/Bi三价取代阳离子半径（含非稀土Bi）；右：填充原子离子半径。0/1/2/3/4/7/8/9/10/11/12/14/19/20均三价稀土阳离子半径；5为碱金属占位半径，6摘要确认为碱土A位半径；13填充原子半径含Li，15一般半径描述符，16含Sc/Cr的M3+；17/18明确稀土半径减小事件。；P1332明确R含Bi，单独保留该对象集合。,False,independent member evidence and explicit group definitions; targeted secondary rationale comparison,False
pair:c54614789c986effd615,10,iTE:P1332:n1,iTE:P1573:n1,related_to,"两侧对象分别是 CaMnO3 的 R3+ 阳离子（R = Yb, Dy, Sm, Bi）与稀土元素，物种范围不同，只是同为“离子半径”这一量。",reject,左：Yb/Dy/Sm/Bi三价取代阳离子半径（含非稀土Bi）；右：三价稀土阳离子半径。0/1/2/3/4/7/8/9/10/11/12/14/19/20均三价稀土阳离子半径；5为碱金属占位半径，6摘要确认为碱土A位半径；13填充原子半径含Li，15一般半径描述符，16含Sc/Cr的M3+；17/18明确稀土半径减小事件。；P1332明确R含Bi，单独保留该对象集合。,True,independent member evidence and explicit group definitions; targeted secondary rationale comparison,False
pair:89cba3c69e8021e998f9,10,iTE:P1332:n1,iTE:P1692:n1,related_to,left 明确为“离子半径”，right 用“cation size”（阳离子尺寸）且对象为 M3+，二者是相关量而原文未建立同义表述。,reject,左：Yb/Dy/Sm/Bi三价取代阳离子半径（含非稀土Bi）；右：M3+阳离子半径含Sc/Cr。0/1/2/3/4/7/8/9/10/11/12/14/19/20均三价稀土阳离子半径；5为碱金属占位半径，6摘要确认为碱土A位半径；13填充原子半径含Li，15一般半径描述符，16含Sc/Cr的M3+；17/18明确稀土半径减小事件。；P1332明确R含Bi，单独保留该对象集合。,False,independent member evidence and explicit group definitions; targeted secondary rationale comparison,False
pair:2d362ed08d22ce7af7ed,13,iTE:P1354:n2,iTE:P1965:n2,broader_than,左侧原文只说 mobility 而未限定载流子种类，右侧明确为载流子迁移率，右侧是更受限定的概念。,accept,共同定义：电子载流子迁移率。0/1/2/3/4/6/12/13/15/16为通常电子载流子迁移率；5/10/11为高值；7相对较高；8明确增强的Hall迁移率；9为电子比空穴更好；14为OECT提取的器件有效迁移率，不能用同词跨定义闭包。,True,independent member evidence and explicit group definitions; targeted secondary rationale comparison,False
pair:92d03363958d61edf288,1,iTE:P1356:n1,iTE:P1772:n2,related_to,左侧为高电导率的量值表述，右侧为直流电导率(sigma(dc))这一具体类型/测量量；同属电导率但限定不同，非等价。,uncertain,原摘要未给该电导的载流子/总量与分量归属，或高值定义不足；不靠相同conductivity/DC词强行判定。；左：高电导率载流类型待定；右：玻璃直流电导载流机制待定,False,independent member evidence and explicit group definitions; targeted secondary rationale comparison,False
pair:440cb23405ea1eca84a8,34,iTE:P1356:n2,iTE:P1472:n3,related_to,左侧为面积归一化的输出功率，右侧为（温度差归一化的）输出功率，归一化方式与限定条件不同，属相关而非等价。,reject,左：面积输出功率密度；右：温差平方归一化面积功率密度。0/4/5/7为W/m²面积功率，4虽名output power但单位纠正其量纲；1/2/6为再除温差平方的功率密度；3为总输出功率。不能跨量纲合并。,False,independent member evidence and explicit group definitions; targeted secondary rationale comparison,False
pair:5bb3212619bfba2635be,1,iTE:P1359:n2,iTE:P1435:n2,related_to,两侧分别用 dc conductivity 与 DC electrical conductivity 命名同一类电荷输运量，但名称宽窄与限定不同，原文未给出可判定同义的表述。,reject,左：电子直流电导率；右：混合直流电导率。67成员逐一读取。完整摘要确认P0377/P0399/P0518/P1639/P1903离子导电，P0959/P1050/P1599混合导电，P1359电子极化子DC，P1964明确离子DC。电子电导、离子电导、两者总和及DC条件不互为严格同义；higher/high/enhanced状态分离。未明载流机制与分量回指保留待定。,False,independent member evidence and explicit group definitions; targeted secondary rationale comparison,False
pair:46e7bd25ee7e86f409f6,1,iTE:P1359:n2,iTE:P1574:n1,related_to,left 限定为直流（dc）电导率，right 仅泛称 electrical conductivity 未限定直流条件，原文未给出等同表述，故非等价。,reject,左：电子直流电导率；右：电子电导率。67成员逐一读取。完整摘要确认P0377/P0399/P0518/P1639/P1903离子导电，P0959/P1050/P1599混合导电，P1359电子极化子DC，P1964明确离子DC。电子电导、离子电导、两者总和及DC条件不互为严格同义；higher/high/enhanced状态分离。未明载流机制与分量回指保留待定。,False,independent member evidence and explicit group definitions; targeted secondary rationale comparison,False
pair:0c1836ff87238b172f36,7,iTE:P1369:n2,iTE:P1823:n2,related_to,两侧均为功率因子（PF=S^2σ），但左侧是被 Dy 掺杂降低的功率因子，右侧是被掺杂提升的功率因子，语境与变化状态不同，不构成同义定义。,reject,左：电子功率因子；右：功率因子增强。2明确PF=alpha²sigma支持电子PF共同定义；0/3/13为离子PF，4混合地聚物、10混合凝胶PF未分离载流贡献；1最大值，15/24/25为增强事件，不并入普通PF。,False,independent member evidence and explicit group definitions; targeted secondary rationale comparison,False
pair:9a5f9c6f127216a8f343,40,iTE:P1376:n2,iTE:P1616:n1,related_to,两侧都涉及电导率与热导率这一对物理量，但左侧是特定 Cu3Sn/Cu 界面的具体数值，右侧是另一材料“高”的定性描述，限定条件与取值方向不同，非同一概念。,reject,左：电导率与热导率；右：高电导率与高热导率。0至4同为电导率和热导率两个量的组合；5明确high复合状态，不能去掉高值限定。,False,independent member evidence and explicit group definitions; targeted secondary rationale comparison,False
pair:727641babb06b9acfbcf,4,iTE:P1418:n2,iTE:P1526:n3,narrower_than,左侧限定为总热导（含电子贡献），右侧为未限定的热导率，前者是后者的具体化类型。,accept,共同定义：材料总体热导率。除6/16/28外29个节点均材料总体热导率κ，total/overall为同量展开；30说明声子主导但仍总κ。16明确phonon thermal conductivity是分量；6明确large高值；28为晶界局部热导属性，不能直接当均匀体相热导率。,True,independent member evidence and explicit group definitions; targeted secondary rationale comparison,False
pair:d5128961843fd0afdfbb,4,iTE:P1418:n2,iTE:P1573:n2,narrower_than,“total thermal conductivity”是包含电子与晶格贡献的全部热导，属热导率这一更宽概念的受限具体表述。,accept,共同定义：材料总体热导率。除6/16/28外29个节点均材料总体热导率κ，total/overall为同量展开；30说明声子主导但仍总κ。16明确phonon thermal conductivity是分量；6明确large高值；28为晶界局部热导属性，不能直接当均匀体相热导率。,True,independent member evidence and explicit group definitions; targeted secondary rationale comparison,False
pair:0752b497a09d36e7de5a,4,iTE:P1418:n2,iTE:P1934:n2,narrower_than,左侧明确为总热导率，右侧为一般热导率，前者是后者的受限具体概念。,accept,共同定义：材料总体热导率。除6/16/28外29个节点均材料总体热导率κ，total/overall为同量展开；30说明声子主导但仍总κ。16明确phonon thermal conductivity是分量；6明确large高值；28为晶界局部热导属性，不能直接当均匀体相热导率。,True,independent member evidence and explicit group definitions; targeted secondary rationale comparison,False
pair:1739994111175175c1c1,21,iTE:P1421:n2,iTE:P1860:n1,broader_than,left 为一般意义上的 anharmonicity，right 是加了强度限定的 strong anharmonicity，left 的范围更宽，right 可视为其受限子集。,reject,左：晶格非谐性；右：强晶格非谐性。1/5/8/9为晶格/声子非谐性一般属性；0/3/4/6/7/10明确高/强晶格非谐性；2为比较greater，未定义达到高值。；动力学现象与非谐性性质拆开。,True,independent member evidence and explicit group definitions; targeted secondary rationale comparison,False
pair:44ce52ecb94547ea52db,21,iTE:P1428:n1,iTE:P1478:n2,related_to,左侧带“strong”强度限定且措辞为声子非谐，右侧为一般晶格非谐（均由 Grüneisen 参数体现），原文无同义表述，不足以认定等价。,reject,左：强晶格非谐性；右：晶格非谐性。1/5/8/9为晶格/声子非谐性一般属性；0/3/4/6/7/10明确高/强晶格非谐性；2为比较greater，未定义达到高值。；动力学现象与非谐性性质拆开。,False,independent member evidence and explicit group definitions; targeted secondary rationale comparison,False
pair:249ac69d221473d7a585,21,iTE:P1439:n2,iTE:P1860:n1,narrower_than,left 明确限定为声子（phonon）非谐，是 right 所述的强非谐在声子通道上的更具体类型，left IS-A right。,accept,共同定义：强晶格非谐性。1/5/8/9为晶格/声子非谐性一般属性；0/3/4/6/7/10明确高/强晶格非谐性；2为比较greater，未定义达到高值。；动力学现象与非谐性性质拆开。,True,independent member evidence and explicit group definitions; targeted secondary rationale comparison,False
pair:7e1be5e26645ebb7eed8,57,iTE:P1449:n3,iTE:P1519:n4,narrower_than,左侧限定为“thin-film”的可拉伸性，是被限定的更具体概念；右侧为不加限定的通用stretchability。,reject,左：薄膜裂纹起始拉伸性；右：可拉伸性。0/1/2/4一般拉伸能力/最大拉伸应变；3明确以裂纹起始应变衡量，不等同极限延伸率。,True,independent member evidence and explicit group definitions; targeted secondary rationale comparison,False
pair:88d0c116e0366d69c07f,40,iTE:P1450:n2,iTE:P1616:n1,broader_than,两侧指同一对物理量（电导率与热导率），但右侧加了限定词 high，把概念限定在高数值区间，是左侧一般量的受限子类，故左侧更宽泛。,reject,左：电导率与热导率；右：高电导率与高热导率。0至4同为电导率和热导率两个量的组合；5明确high复合状态，不能去掉高值限定。,True,independent member evidence and explicit group definitions; targeted secondary rationale comparison,False
pair:93b5a1464c6ae74ba9d7,6,iTE:P1453:n3,iTE:P1648:n2,related_to,left 是被降低的物理量（晶格热导率），right 是被阻碍的输运过程，属测量量/属性与过程的关系，不等价。,accept,共同定义：晶格热导率。二十六节点均晶格热导率κL；9与20虽写lattice heat transport，但均给W m-1 K-1并以κL/极限值定量，明确为传导系数而非过程。所有成员定义一致，不是借连通性传递。,True,independent member evidence and explicit group definitions; targeted secondary rationale comparison,False
pair:10789a11ec0ab50d5cd1,0,iTE:P1472:n2,iTE:P1475:n2,related_to,两者均为 Seebeck 系数，但分别是器件级热电收集器的约 130 V K-1 与随 R3+ 离子尺寸变化并含符号反转的材料测量值，体系与限定条件不同，不构成等价。,uncertain,需要确认水流/电极反应/磁贡献或载流分量的系数定义；现有摘要不足以证明与另一节点范围一致。；P1472器件级系数尚缺归一化和单位核实。；左：Mg2Si器件级Seebeck系数，材料级归一化和原文单位待核；右：电子Seebeck系数,True,independent member evidence and explicit group definitions; targeted secondary rationale comparison,False
pair:c9ad95e4589e959a797a,0,iTE:P1472:n2,iTE:P1479:n1,related_to,left 为器件级约 130 V K-1 的 Seebeck 系数，right 为含正负号的具体数值（-0.65、-0.54、+0.25 mV K-1）；量值、符号与材料体系不同，不能视为同一概念。,uncertain,需要确认水流/电极反应/磁贡献或载流分量的系数定义；现有摘要不足以证明与另一节点范围一致。；P1472器件级系数尚缺归一化和单位核实。；左：Mg2Si器件级Seebeck系数，材料级归一化和原文单位待核；右：铁配合物载流机制待定的Seebeck系数,False,independent member evidence and explicit group definitions; targeted secondary rationale comparison,False
pair:341aecceee99bbe5915d,34,iTE:P1472:n3,iTE:P1730:n3,related_to,左侧为输出功率（且按 μW cm(-2) K-2 归一），右侧为输出功率密度（W m-2），归一方式与数值对象不同，属相关但不等价。,reject,左：温差平方归一化面积功率密度；右：面积输出功率密度。0/4/5/7为W/m²面积功率，4虽名output power但单位纠正其量纲；1/2/6为再除温差平方的功率密度；3为总输出功率。不能跨量纲合并。,False,independent member evidence and explicit group definitions; targeted secondary rationale comparison,False
pair:6edf19dc7b5276b4cf0c,10,iTE:P1475:n1,iTE:P1907:n1,related_to,两侧都指向稀土 R3+ 的离子半径这一物理量（ionic size 与 ionic radius 同指），但右侧限定为随镧系收缩的递减趋势且绑定 R-O 键长，缺乏逐字同义表述，故不判等价而取相关。,reject,左：三价稀土阳离子半径；右：三价稀土离子半径减小。0/1/2/3/4/7/8/9/10/11/12/14/19/20均三价稀土阳离子半径；5为碱金属占位半径，6摘要确认为碱土A位半径；13填充原子半径含Li，15一般半径描述符，16含Sc/Cr的M3+；17/18明确稀土半径减小事件。；P1332明确R含Bi，单独保留该对象集合。,False,independent member evidence and explicit group definitions; targeted secondary rationale comparison,False
pair:34f4ae3a4ea753ac391c,19,iTE:P1481:n1,iTE:P1489:n3,narrower_than,左侧是被限定为“增强”的声子散射（具体形态），右侧为不带强度限定的声子散射本身，左侧是右侧的受限子类。,reject,左：声子散射增强；右：声子散射。0/2/3/4/5/6/7/10一般声子散射过程；1多波长覆盖；8强散射状态；9/11散射增强变化。区分强度状态与变化，不能闭包消除。,True,independent member evidence and explicit group definitions; targeted secondary rationale comparison,False
pair:e850fde9cdc30d2094df,1,iTE:P1482:n4,iTE:P1964:n2,broader_than,左侧为一般电导率（该文同时讨论 AC 与 DC），右侧明确限定为 DC 电导率，DC 电导率是电导率在零频极限下的子类，故左侧更宽泛。,reject,左：电子电导率；右：离子直流电导率。67成员逐一读取。完整摘要确认P0377/P0399/P0518/P1639/P1903离子导电，P0959/P1050/P1599混合导电，P1359电子极化子DC，P1964明确离子DC。电子电导、离子电导、两者总和及DC条件不互为严格同义；higher/high/enhanced状态分离。未明载流机制与分量回指保留待定。,True,independent member evidence and explicit group definitions; targeted secondary rationale comparison,False
pair:4519762c8b5b264239c6,0,iTE:P1488:n2,iTE:P1676:n2,related_to,左侧限定为离子热电势，右侧是质子与空穴共同贡献的广义thermopower，二者是分量与整体/相关关系，不是同一概念。,reject,左：离子热扩散热电势系数；右：混合离子电子总热电势系数。130成员及661既有建议全部逐组读取并按定义划分。thermopower/TEP/Seebeck/S通常同义，但仅在同一载流范围及测量定义下；原摘要证明P0660/P1024/P1210/P1520/P1614是红氧系数，P0595是电子SWCNT，P0547是电动学等效系数，P0804是Kelvin近似，P1676为质子加空穴的总响应。电子、离子、红氧、混合、符号幅值、加权贡献、非线性有限温差系数不可整体传递合并。节点属性及原始数值保留，未确定定义者不跨组接受。,False,independent member evidence and explicit group definitions; targeted secondary rationale comparison,False
pair:f3007c0b6d5aabe10b85,0,iTE:P1488:n2,iTE:P1754:n1,related_to,左侧是离子热电势分量，右侧是广义thermopower，二者为分量与整体/相关关系，不能直接视为等价或简单IS-A。,uncertain,需要确认水流/电极反应/磁贡献或载流分量的系数定义；现有摘要不足以证明与另一节点范围一致。；P1472器件级系数尚缺归一化和单位核实。；左：离子热扩散热电势系数；右：TiO2总热电势与电子分量回指待定,False,independent member evidence and explicit group definitions; targeted secondary rationale comparison,False
pair:4e70a909434a951bb9d0,19,iTE:P1489:n3,iTE:P1970:n1,broader_than,left 是泛指声子散射机制，right 是带限定/定量方向的‘声子散射增加’，属于 left 的更具体情形，故 left 更宽泛。,reject,左：声子散射；右：声子散射增强。0/2/3/4/5/6/7/10一般声子散射过程；1多波长覆盖；8强散射状态；9/11散射增强变化。区分强度状态与变化，不能闭包消除。,True,independent member evidence and explicit group definitions; targeted secondary rationale comparison,False
pair:f7193a2a2a3ae585213f,6,iTE:P1489:n4,iTE:P1648:n2,related_to,左侧是热导率（测量量/性质），右侧是晶格热输运（过程），二者机制相关但分属量与过程，不构成同义。,accept,共同定义：晶格热导率。二十六节点均晶格热导率κL；9与20虽写lattice heat transport，但均给W m-1 K-1并以κL/极限值定量，明确为传导系数而非过程。所有成员定义一致，不是借连通性传递。,True,independent member evidence and explicit group definitions; targeted secondary rationale comparison,False
pair:c46f937d37da037dacc2,10,iTE:P1508:n1,iTE:P1565:n2,related_to,左侧是 Ln3+ 的离子半径，右侧是 rattling fillers 的离子半径，具体离子不同，仅同属离子半径量。,reject,左：三价稀土阳离子半径；右：填充原子离子半径。0/1/2/3/4/7/8/9/10/11/12/14/19/20均三价稀土阳离子半径；5为碱金属占位半径，6摘要确认为碱土A位半径；13填充原子半径含Li，15一般半径描述符，16含Sc/Cr的M3+；17/18明确稀土半径减小事件。；P1332明确R含Bi，单独保留该对象集合。,False,independent member evidence and explicit group definitions; targeted secondary rationale comparison,False
pair:c9cbf6d3c8b7c04b3d74,1,iTE:P1508:n2,iTE:P1952:n2,broader_than,dc conductivity 是限定为直流（零频）条件下的电导率，属于 electrical conductivity 的一种受限情形，故左侧更宽泛。,uncertain,原摘要未给该电导的载流子/总量与分量归属，或高值定义不足；不靠相同conductivity/DC词强行判定。；左：电子电导率；右：CBH直流电导载流类型待定,True,independent member evidence and explicit group definitions; targeted secondary rationale comparison,False
pair:ba0301d6637e95114b07,7,iTE:P1510:n2,iTE:P1823:n2,related_to,两侧都指热电功率因子这一物理量，但右侧特指经离子加合物/掺杂提升后的功率因子状态，属同一量的不同状态与语境，非严格同义。,reject,左：电子功率因子；右：功率因子增强。2明确PF=alpha²sigma支持电子PF共同定义；0/3/13为离子PF，4混合地聚物、10混合凝胶PF未分离载流贡献；1最大值，15/24/25为增强事件，不并入普通PF。,False,independent member evidence and explicit group definitions; targeted secondary rationale comparison,False
pair:3a334939eb78195a6066,7,iTE:P1510:n2,iTE:P1876:n2,related_to,左侧是功率因子这一物理量，右侧是对该量的提升（变化过程），属量与其变化的关系，非同一概念。,reject,左：电子功率因子；右：功率因子增强。2明确PF=alpha²sigma支持电子PF共同定义；0/3/13为离子PF，4混合地聚物、10混合凝胶PF未分离载流贡献；1最大值，15/24/25为增强事件，不并入普通PF。,False,independent member evidence and explicit group definitions; targeted secondary rationale comparison,False
pair:fdee7076336a7845396a,7,iTE:P1516:n2,iTE:P1823:n2,related_to,left 为通用热功率因子物理量，right 特指经掺杂提升后的功率因子，含 enhanced 限定，语义范围不同。,reject,左：电子功率因子；右：功率因子增强。2明确PF=alpha²sigma支持电子PF共同定义；0/3/13为离子PF，4混合地聚物、10混合凝胶PF未分离载流贡献；1最大值，15/24/25为增强事件，不并入普通PF。,False,independent member evidence and explicit group definitions; targeted secondary rationale comparison,False
pair:7c26beddd566e732b775,40,iTE:P1517:n3,iTE:P1616:n1,broader_than,两侧指同一对物理量（电导率与热导率），但右侧以 high 限定了量值范围，是受限定的概念，左侧未加限定，故 left 更宽泛。,reject,左：电导率与热导率；右：高电导率与高热导率。0至4同为电导率和热导率两个量的组合；5明确high复合状态，不能去掉高值限定。,True,independent member evidence and explicit group definitions; targeted secondary rationale comparison,False
pair:42ff120a2e3aa6bc76f6,0,iTE:P1520:n4,iTE:P1711:n3,distinct_from,二者名称均为 thermopower，但原文值分别为 -1.2 mV K-1 与 12.34 mV K-1，符号相反，按规则判为不同概念。,reject,左：红氧电化学Seebeck系数；右：热扩散与NH4热脱嵌混合系数。130成员及661既有建议全部逐组读取并按定义划分。thermopower/TEP/Seebeck/S通常同义，但仅在同一载流范围及测量定义下；原摘要证明P0660/P1024/P1210/P1520/P1614是红氧系数，P0595是电子SWCNT，P0547是电动学等效系数，P0804是Kelvin近似，P1676为质子加空穴的总响应。电子、离子、红氧、混合、符号幅值、加权贡献、非线性有限温差系数不可整体传递合并。节点属性及原始数值保留，未确定定义者不跨组接受。,False,independent member evidence and explicit group definitions; targeted secondary rationale comparison,False
pair:738e9a8b7a6a8c0974d1,0,iTE:P1525:n3,iTE:P1958:n2,broader_than,left 节点为一般 Seebeck 系数，right 为限定 large 幅值的 Seebeck 系数，right 范围更窄。,reject,左：电子Seebeck系数；右：高电子Seebeck系数。130成员及661既有建议全部逐组读取并按定义划分。thermopower/TEP/Seebeck/S通常同义，但仅在同一载流范围及测量定义下；原摘要证明P0660/P1024/P1210/P1520/P1614是红氧系数，P0595是电子SWCNT，P0547是电动学等效系数，P0804是Kelvin近似，P1676为质子加空穴的总响应。电子、离子、红氧、混合、符号幅值、加权贡献、非线性有限温差系数不可整体传递合并。节点属性及原始数值保留，未确定定义者不跨组接受。,True,independent member evidence and explicit group definitions; targeted secondary rationale comparison,False
pair:30fd5ea9a6a82dba413c,40,iTE:P1527:n2,iTE:P1616:n1,broader_than,右侧加了“high”这一数值限定，是左侧无特定数值电导率/热导率的受限特例，左侧更宽泛。,reject,左：电导率与热导率；右：高电导率与高热导率。0至4同为电导率和热导率两个量的组合；5明确high复合状态，不能去掉高值限定。,True,independent member evidence and explicit group definitions; targeted secondary rationale comparison,False
pair:50341d44dfa171ccbaac,22,iTE:P1530:n2,iTE:P1578:n2,related_to,左侧为导电属性（quantity），右侧为导电机理过程（conduction），二者是测量量/过程的联系，不能判定为严格同义。,accept,共同定义：电子n型导电。0/1/2/3/4为离子迁移或界面极化造成负热电响应，完整摘要核实2/3/4；5/6/7/8/9/10为电子为主的半导体n型导电，不可因n-type同名合并。,True,independent member evidence and explicit group definitions; targeted secondary rationale comparison,False
pair:76419f0aadcb0df80f50,17,iTE:P1548:n2,iTE:P1556:n4,related_to,两者都是离子输运活化势垒，但分别为不同体系的量且原文无同义表述，属相关概念。,reject,左：含空位生成的离子输运活化能；右：Ag+微观迁移势垒。0载流子生成能，1/2/3由电导提取Ag+迁移活化能；4复合电导和热电势活化能；5Cu迁移NEB势垒；6Cu离子传导活化能；7含空位生成贡献；8Ag+微观势垒；9/10电子电导活化能；11Na导电活化能。共同energy词不保证同量。,False,independent member evidence and explicit group definitions; targeted secondary rationale comparison,False
pair:3f1f93b9b1923a7bbdff,17,iTE:P1548:n2,iTE:P1563:n3,related_to,两者同属激活能量，但限定对象不同：一侧为离子输运激活能，另一侧为电导（电子）激活能，不可视为同一概念。,reject,左：含空位生成的离子输运活化能；右：电子电导活化能。0载流子生成能，1/2/3由电导提取Ag+迁移活化能；4复合电导和热电势活化能；5Cu迁移NEB势垒；6Cu离子传导活化能；7含空位生成贡献；8Ag+微观势垒；9/10电子电导活化能；11Na导电活化能。共同energy词不保证同量。,False,independent member evidence and explicit group definitions; targeted secondary rationale comparison,False
pair:35c788a202888a9ba3a2,17,iTE:P1556:n4,iTE:P1563:n3,related_to,左侧为Ag+离子输运势垒，右侧为电导（电子）活化能，对象与机制不同，不能视为同义。,reject,左：Ag+微观迁移势垒；右：电子电导活化能。0载流子生成能，1/2/3由电导提取Ag+迁移活化能；4复合电导和热电势活化能；5Cu迁移NEB势垒；6Cu离子传导活化能；7含空位生成贡献；8Ag+微观势垒；9/10电子电导活化能；11Na导电活化能。共同energy词不保证同量。,False,independent member evidence and explicit group definitions; targeted secondary rationale comparison,False
pair:f7201a20925b0c2067e1,10,iTE:P1565:n2,iTE:P1573:n1,broader_than,left 泛指离子半径，right 限定为稀土元素，故 left 更宽泛。,reject,左：填充原子离子半径；右：三价稀土阳离子半径。0/1/2/3/4/7/8/9/10/11/12/14/19/20均三价稀土阳离子半径；5为碱金属占位半径，6摘要确认为碱土A位半径；13填充原子半径含Li，15一般半径描述符，16含Sc/Cr的M3+；17/18明确稀土半径减小事件。；P1332明确R含Bi，单独保留该对象集合。,True,independent member evidence and explicit group definitions; targeted secondary rationale comparison,False
pair:f69d0c22e577073846bb,10,iTE:P1565:n2,iTE:P1952:n1,related_to,左侧是以离子半径为独立变量考察其与爱因斯坦温度的关系，右侧是“离子半径减小”这一趋势变量并与直流电导率下降相关联；同一物理量的量值与带方向的变化趋势并非同一概念。,reject,左：填充原子离子半径；右：三价稀土离子半径减小。0/1/2/3/4/7/8/9/10/11/12/14/19/20均三价稀土阳离子半径；5为碱金属占位半径，6摘要确认为碱土A位半径；13填充原子半径含Li，15一般半径描述符，16含Sc/Cr的M3+；17/18明确稀土半径减小事件。；P1332明确R含Bi，单独保留该对象集合。,False,independent member evidence and explicit group definitions; targeted secondary rationale comparison,False
pair:2909317b647bb43e3ce8,10,iTE:P1565:n2,iTE:P1960:n1,related_to,左侧是 rattling fillers 的离子半径，右侧是 R3+ 的离子半径，限定对象不同，不构成同义或直接上下位。,reject,左：填充原子离子半径；右：三价稀土阳离子半径。0/1/2/3/4/7/8/9/10/11/12/14/19/20均三价稀土阳离子半径；5为碱金属占位半径，6摘要确认为碱土A位半径；13填充原子半径含Li，15一般半径描述符，16含Sc/Cr的M3+；17/18明确稀土半径减小事件。；P1332明确R含Bi，单独保留该对象集合。,False,independent member evidence and explicit group definitions; targeted secondary rationale comparison,False
pair:365003c7e7fda3d7f4c8,1,iTE:P1599:n2,iTE:P1686:n2,related_to,两者名称同为 conductivity，但分别描述不同体系（H-2/H2O 气氛样品与掺氮样品）的电导行为，原文无同义表述可支持等价。,reject,左：混合离子电子总电导率；右：电子电导率。67成员逐一读取。完整摘要确认P0377/P0399/P0518/P1639/P1903离子导电，P0959/P1050/P1599混合导电，P1359电子极化子DC，P1964明确离子DC。电子电导、离子电导、两者总和及DC条件不互为严格同义；higher/high/enhanced状态分离。未明载流机制与分量回指保留待定。,False,independent member evidence and explicit group definitions; targeted secondary rationale comparison,False
pair:151c557df48322205b11,18,iTE:P1646:n2,iTE:P1699:n2,related_to,左侧指键的离子型（ionic bonding 这一键型），右侧指键具有的离子性程度（ionic character，由泊松比推断的属性量），为材料键性与键属性之间的关系，不等价。,reject,左：离子键合；右：键合的离子性。0/2/3/4/7为键合离子性属性；1/6/8/9/10/11为离子键/键合类型；5特指Rb和Fr原子的离子性。键合类型与离子性程度相关但不严格同义。,False,independent member evidence and explicit group definitions; targeted secondary rationale comparison,False
pair:a224c667ca66d962b318,18,iTE:P1678:n1,iTE:P1799:n2,related_to,左侧指原子间键具有的“离子性”（键的离子性程度/属性），右侧指具体的“离子键”这一键型，二者是键性与键型的关系，语义范围不同。,reject,左：键合的离子性；右：离子键合。0/2/3/4/7为键合离子性属性；1/6/8/9/10/11为离子键/键合类型；5特指Rb和Fr原子的离子性。键合类型与离子性程度相关但不严格同义。,False,independent member evidence and explicit group definitions; targeted secondary rationale comparison,False
pair:a8f75393f063686aa6a9,18,iTE:P1678:n1,iTE:P1898:n1,related_to,left 指键的“ionic character”（离子性程度，属属性），right 指“ionic bonding”（键型），二者语义相近但不等价。,reject,左：键合的离子性；右：离子键合。0/2/3/4/7为键合离子性属性；1/6/8/9/10/11为离子键/键合类型；5特指Rb和Fr原子的离子性。键合类型与离子性程度相关但不严格同义。,False,independent member evidence and explicit group definitions; targeted secondary rationale comparison,False
pair:b6524fd5421fcbd06bca,66,iTE:P1682:n2,iTE:P1924:n2,broader_than,left 为一般 crystallinity，right 限定为薄膜的结晶度，left 更宽泛。,accept,共同定义：结晶度。四处都指样品结晶度属性，薄膜与聚合物的材料载体差异不改结晶程度定义，不合并晶体材料本身。,True,independent member evidence and explicit group definitions; targeted secondary rationale comparison,False
pair:547cf779c4b9f68a936c,18,iTE:P1699:n2,iTE:P1742:n1,broader_than,左侧为一般离子性，右侧限定为 Rb 和 Fr 的离子性；左侧比右侧宽泛。,reject,左：键合的离子性；右：Rb/Fr离子性。0/2/3/4/7为键合离子性属性；1/6/8/9/10/11为离子键/键合类型；5特指Rb和Fr原子的离子性。键合类型与离子性程度相关但不严格同义。,True,independent member evidence and explicit group definitions; targeted secondary rationale comparison,False
pair:d217a5cc5b3462b424ae,18,iTE:P1699:n2,iTE:P1931:n1,related_to,左侧指键的离子性程度（属性/程度量），右侧指离子键这一键型（键合类型），二者有机制联系但不等价。,reject,左：键合的离子性；右：离子键合。0/2/3/4/7为键合离子性属性；1/6/8/9/10/11为离子键/键合类型；5特指Rb和Fr原子的离子性。键合类型与离子性程度相关但不严格同义。,False,independent member evidence and explicit group definitions; targeted secondary rationale comparison,False
pair:5afed2d50d286497d5a4,18,iTE:P1764:n2,iTE:P1778:n1,related_to,左侧指 La3Co29-xNixSi4B10 中 Co/Ni–B 之间形成的具体离子键，右侧指 s-A(2)B 结构的离子键性这一整体性质，材料体系与指称对象不同，仅共享“离子键”这一泛类。,reject,左：离子键合；右：键合的离子性。0/2/3/4/7为键合离子性属性；1/6/8/9/10/11为离子键/键合类型；5特指Rb和Fr原子的离子性。键合类型与离子性程度相关但不严格同义。,False,independent member evidence and explicit group definitions; targeted secondary rationale comparison,False
pair:b420187c59d0a72a93b1,18,iTE:P1778:n1,iTE:P1799:n2,related_to,左侧指材料整体的“离子键性质”（一种键合特征描述），右侧指Ba与Pnictogen之间具体的离子键，前者是性质描述、后者是具体键，属相关而非等价或上下位。,reject,左：键合的离子性；右：离子键合。0/2/3/4/7为键合离子性属性；1/6/8/9/10/11为离子键/键合类型；5特指Rb和Fr原子的离子性。键合类型与离子性程度相关但不严格同义。,False,independent member evidence and explicit group definitions; targeted secondary rationale comparison,False
pair:298dc9e364dddc1aaefb,32,iTE:P1819:n2,iTE:P1897:n2,related_to,同为“低热导率”概念，但归属不同材料（Yb2-xCaxCdSb2 与 Cu2-xSe）且成因机制不同，故不判等价，仅为语义相关。,reject,左：低晶格热导率（P1819明确晶格分量）；右：低热导率。0/1均Cu7PSe6低热导率，2原文明确ultra-low而非通常low；3/4/5/6/7仅一般低热导率状态，严格不消去材料限定及超低程度。；P1819的low thermal conductivity回指晶格分量，单独保留。,True,independent member evidence and explicit group definitions; targeted secondary rationale comparison,False
pair:5af58f14cd3dac2c4b2c,51,iTE:P1821:n2,iTE:P1839:n2,related_to,两侧都是“direct band gap”这一物理量，但分别属于 Cs2KTlI6/Cs2RbTlI6 与 CsBaPS4/RbBaPS4 等不同化合物，对象不同，不构成同义。,accept,共同定义：直接带隙。五段都明确direct bandgap；3的具体eV数值为该量的实例值，不构成不同带隙类型，数值保留原文而非合并值。,True,independent member evidence and explicit group definitions; targeted secondary rationale comparison,False
pair:f6804c81ee867f7b284a,10,iTE:P1907:n1,iTE:P1960:n1,related_to,对象同为 R3+ 的离子半径，但 left 描述半径的递减趋势（过程性表述），right 是该半径量本身，属性质与其变化趋势的关联而非同义。,reject,左：三价稀土离子半径减小；右：三价稀土阳离子半径。0/1/2/3/4/7/8/9/10/11/12/14/19/20均三价稀土阳离子半径；5为碱金属占位半径，6摘要确认为碱土A位半径；13填充原子半径含Li，15一般半径描述符，16含Sc/Cr的M3+；17/18明确稀土半径减小事件。；P1332明确R含Bi，单独保留该对象集合。,False,independent member evidence and explicit group definitions; targeted secondary rationale comparison,False
pair:c5fd97bbe6166e7cb622,10,iTE:P1907:n1,iTE:P1961:n1,related_to,left 是 r(R3+) 的递减趋势（方向性变化），right 是半径量本身；趋势依附于该量而非同义。,reject,左：三价稀土离子半径减小；右：三价稀土阳离子半径。0/1/2/3/4/7/8/9/10/11/12/14/19/20均三价稀土阳离子半径；5为碱金属占位半径，6摘要确认为碱土A位半径；13填充原子半径含Li，15一般半径描述符，16含Sc/Cr的M3+；17/18明确稀土半径减小事件。；P1332明确R含Bi，单独保留该对象集合。,False,independent member evidence and explicit group definitions; targeted secondary rationale comparison,False
pair:c5199d1fd010432bd0c3,10,iTE:P1952:n1,iTE:P1960:n1,related_to,左侧是带方向性的下降趋势（decreasing ionic radius），右侧是无方向性的物理量 r(R3+) 本身；二者指向同一属性但语义范围不同，属机制性关联而非同义。,reject,左：三价稀土离子半径减小；右：三价稀土阳离子半径。0/1/2/3/4/7/8/9/10/11/12/14/19/20均三价稀土阳离子半径；5为碱金属占位半径，6摘要确认为碱土A位半径；13填充原子半径含Li，15一般半径描述符，16含Sc/Cr的M3+；17/18明确稀土半径减小事件。；P1332明确R含Bi，单独保留该对象集合。,False,independent member evidence and explicit group definitions; targeted secondary rationale comparison,False
