entry_id,paper_id,year,title,doi,role,text,x,y
TG_0000_material,TG_0000,2026,A thermogalvanic cell dressing for smart wound monitoring and accelerated healing,10.1038/s41551-025-01440-6,material,Fe2+/Fe3+ cross-linked alginate hydrogel reinforced by nanofibres thermogalvanic cell dressing,15.688057,4.8926134
TG_0000_mechanism,TG_0000,2026,A thermogalvanic cell dressing for smart wound monitoring and accelerated healing,10.1038/s41551-025-01440-6,mechanism,"wound-dressing temperature gradient drives thermogalvanic voltage/electric field for stimulation, while hydrogel provides biocompatible antibacterial moist interface",12.275656,1.6907297
TG_0001_material,TG_0001,2025,Solvation entropy engineering of thermogalvanic electrolytes for efficient electrochemical refrigeration,10.1016/j.joule.2025.101822,material,"iron-based thermogalvanic electrolyte with Fe2+/Fe3+, ClO4-, nitrile solvents, binary solvent system",15.476582,4.705834
TG_0001_mechanism,TG_0001,2025,Solvation entropy engineering of thermogalvanic electrolytes for efficient electrochemical refrigeration,10.1016/j.joule.2025.101822,mechanism,weak Fe-ClO4 interactions and selective Fe2+-nitrile solvation enlarge redox entropy change and reduce heat capacity for electrochemical cooling,15.462556,1.6364512
TG_0002_material,TG_0002,2025,A n-Type ionic thermoelectric generator with high thermopower and energy density enabled by modulation of thermodiffusion and thermogalvanic effect,10.1016/j.cej.2025.161288,material,Fe2+/Fe3+ redox hydrogel Gel-Fe24 n-type ionic thermoelectric generator,15.691553,4.686266
TG_0002_mechanism,TG_0002,2025,A n-Type ionic thermoelectric generator with high thermopower and energy density enabled by modulation of thermodiffusion and thermogalvanic effect,10.1016/j.cej.2025.161288,mechanism,Fe2+/Fe3+-Cl- complexation balances thermodiffusion thermopower and thermogalvanic current by tuning redox concentration,13.668164,2.620083
TG_0003_material,TG_0003,2024,Deep-Learning-Assisted Thermogalvanic Hydrogel E-Skin for Self-Powered Signature Recognition and Biometric Authentication,10.1002/adfm.202314419,material,Li+(H2O)n thermogalvanic hydrogel,14.947855,5.553885
TG_0003_mechanism,TG_0003,2024,Deep-Learning-Assisted Thermogalvanic Hydrogel E-Skin for Self-Powered Signature Recognition and Biometric Authentication,10.1002/adfm.202314419,mechanism,Li hydration structure gives antifreezing/non-drying ion conduction while thermal gradients generate self-powered biometric e-skin signals,11.201574,1.8462473
TG_0004_material,TG_0004,2024,Chaotropic Effect-Boosted Thermogalvanic Ionogel Thermocells for All-Weather Power Generation,10.1002/adma.202312249,material,thermogalvanic ionogel thermocells with chaotropic ions and radiative-cooling structure,14.803954,2.363687
TG_0004_mechanism,TG_0004,2024,Chaotropic Effect-Boosted Thermogalvanic Ionogel Thermocells for All-Weather Power Generation,10.1002/adma.202312249,mechanism,chaotropic effect raises Seebeck coefficient and passive radiative cooling supplies sustained temperature difference for all-weather power,14.734145,2.072248
TG_0005_material,TG_0005,2024,"Ultrastrong, flexible thermogalvanic armor with a Carnot-relative efficiency over 8%",10.1038/s41467-024-51002-8,material,flexible thermogalvanic armor with ion-transport highway,14.310533,2.917781
TG_0005_mechanism,TG_0005,2024,"Ultrastrong, flexible thermogalvanic armor with a Carnot-relative efficiency over 8%",10.1038/s41467-024-51002-8,mechanism,thermosensitive crystallization and salting-out simultaneously increase thermogalvanic efficiency and mechanical toughness,13.013281,3.3967533
TG_0006_material,TG_0006,2025,Bionic Multimodal Augmented Somatosensory Receptor Enabled by Thermogalvanic Hydrogel,10.1002/advs.202505873,material,thermogalvanic hydrogel multimodal fingertip receptor,15.047531,5.5816684
TG_0006_mechanism,TG_0006,2025,Bionic Multimodal Augmented Somatosensory Receptor Enabled by Thermogalvanic Hydrogel,10.1002/advs.202505873,mechanism,static thermovoltage and dynamic interfacial heat-transfer signals enable pressure/temperature/material fingerprint sensing,11.700895,1.6233336
TG_0007_material,TG_0007,2024,Thermogalvanic hydrogel-based e-skin for self-powered on-body dual-modal temperature and strain sensing,10.1038/s41378-024-00693-6,material,PVA hydrogel with I-/I3- redox couple and zwitterions,15.450603,5.1577363
TG_0007_mechanism,TG_0007,2024,Thermogalvanic hydrogel-based e-skin for self-powered on-body dual-modal temperature and strain sensing,10.1038/s41378-024-00693-6,mechanism,thermogalvanic redox conversion plus piezoresistive gel response enables self-powered temperature and strain sensing; zwitterions improve dehydration/cold resistance,11.357807,1.5794674
TG_0008_material,TG_0008,2023,In situ photocatalytically enhanced thermogalvanic cells for electricity and hydrogen production,10.1126/science.adg0164,material,photocatalytically enhanced thermogalvanic redox system,12.993835,5.5678105
TG_0008_mechanism,TG_0008,2023,In situ photocatalytically enhanced thermogalvanic cells for electricity and hydrogen production,10.1126/science.adg0164,mechanism,"photocatalytic hydrogen/oxygen generation maintains redox-ion concentration gradient, coupling hydrogen production with thermogalvanic power",13.081183,1.8345543
TG_0009_material,TG_0009,2025,Water Evaporation-Enhanced Thermogalvanic Cell for Waste Steam Utilizing,10.1002/adfm.202503541,material,water evaporation-enhanced thermogalvanic cell electrolyte,13.538509,5.532921
TG_0009_mechanism,TG_0009,2025,Water Evaporation-Enhanced Thermogalvanic Cell for Waste Steam Utilizing,10.1002/adfm.202503541,mechanism,"ambient evaporation creates electrolyte concentration gradient and sub-ambient cold side, boosting thermopower and output from waste steam",13.245115,1.5955073
TG_0010_material,TG_0010,2025,Enhancing Thermogalvanic Efficiency through Electrostatic Interaction in Cationic Hydrogels,10.1021/acsaem.4c02835,material,cationic electroactive hydrogels with cationic redox pairs,13.995056,4.062554
TG_0010_mechanism,TG_0010,2025,Enhancing Thermogalvanic Efficiency through Electrostatic Interaction in Cationic Hydrogels,10.1021/acsaem.4c02835,mechanism,electrostatic compatibility between cationic network and redox pair facilitates redox-pair transport and increases current/power density,15.031855,1.6238626
TG_0011_material,TG_0011,2025,Self-powered versatile on-hand virtual interface enabled by thermogalvanic hydrogel,10.1016/j.cej.2025.167739,material,PVA/trehalose/glycerol/water thermogalvanic hydrogel virtual interface,15.518801,5.8198504
TG_0011_mechanism,TG_0011,2025,Self-powered versatile on-hand virtual interface enabled by thermogalvanic hydrogel,10.1016/j.cej.2025.167739,mechanism,body-heat thermoelectricity and active piezoresistive modulation transduce hand gestures into self-powered signals,11.230989,1.5924574
TG_0012_material,TG_0012,2025,Deep-learning-enabled breathable thermogalvanic hydrogel array for self-powered mental monitoring,10.1039/d5ta00253b,material,"thermogalvanic hydrogel/gelatin breathable array with phytic acid, glycerol, water",15.505413,5.7346754
TG_0012_mechanism,TG_0012,2025,Deep-learning-enabled breathable thermogalvanic hydrogel array for self-powered mental monitoring,10.1039/d5ta00253b,mechanism,through-hole breathable structure and hydrogen-bonded double network preserve ionic/electrical performance for facial-expression signals,13.081953,3.0092437
TG_0013_material,TG_0013,2025,Solid-state n-type thermodiffusion-assisted thermogalvanic cells with unprecedented thermal energy conversion,10.1039/d5ee01216c,material,PEDOT:PSS/Fe(ClO4)2/3 solid-state n-type thermogalvanic polymer complex,14.357905,3.7874644
TG_0013_mechanism,TG_0013,2025,Solid-state n-type thermodiffusion-assisted thermogalvanic cells with unprecedented thermal energy conversion,10.1039/d5ee01216c,mechanism,"PEDOT:PSS-Fe2+/Fe3+ electrostatic interactions liberate ClO4- ions, enhancing thermodiffusion and ionic conductivity for n-type output",13.541555,2.616052
TG_0014_material,TG_0014,2023,Strong Tough Thermogalvanic Hydrogel Thermocell With Extraordinarily High Thermoelectric Performance,10.1002/adma.202300696,material,stretchable PVA thermogalvanic thermocell,12.467634,3.1397765
TG_0014_mechanism,TG_0014,2023,Strong Tough Thermogalvanic Hydrogel Thermocell With Extraordinarily High Thermoelectric Performance,10.1002/adma.202300696,mechanism,"stretching-induced crystallization couples with thermogalvanic redox effect to combine high strength, toughness, stretchability, and thermopower",12.659136,3.2596822
TG_0015_material,TG_0015,2025,Self-Powered Machine-Learning-Assisted Material Identification Enabled by a Thermogalvanic Dual-Network Hydrogel with a High Thermopower,10.1002/smll.202405911,material,"dual-network hydrogel with [Fe(CN)6]3-/4-, lithium magnesium silicate, guanidinium, LiBr",15.454762,6.3779235
TG_0015_mechanism,TG_0015,2025,Self-Powered Machine-Learning-Assisted Material Identification Enabled by a Thermogalvanic Dual-Network Hydrogel with a High Thermopower,10.1002/smll.202405911,mechanism,porous ion network and redox thermogalvanic response convert material-dependent interfacial heat transfer into self-powered identification signals,11.3957815,1.4491543
TG_0016_material,TG_0016,2025,Deep-learning-assisted thermogalvanic hydrogel fiber sensor for self-powered in-nostril respiratory monitoring,10.1016/j.jcis.2024.09.132,material,PVA dual-network binary-solvent hydrogel fiber with Fe2+/Fe3+ redox ions,15.673257,4.8237042
TG_0016_mechanism,TG_0016,2025,Deep-learning-assisted thermogalvanic hydrogel fiber sensor for self-powered in-nostril respiratory monitoring,10.1016/j.jcis.2024.09.132,mechanism,nostril temperature swings from respiration generate thermogalvanic signals while strong solvent hydrogen bonding maintains moisture,11.573198,2.344645
TG_0017_material,TG_0017,2025,Solvent-assisted thermogalvanic cell for enhanced low-grade heat harvesting over an extended temperature range,10.1016/j.nanoen.2024.110515,material,sodium ferrocyanide/ferricyanide thermogalvanic electrolyte with ethanol solvent regulator,11.628852,4.125032
TG_0017_mechanism,TG_0017,2025,Solvent-assisted thermogalvanic cell for enhanced low-grade heat harvesting over an extended temperature range,10.1016/j.nanoen.2024.110515,mechanism,"ethanol modifies concentration gradient and solvation structure, raising temperature coefficient and extending low-temperature operating range",13.500253,1.5275563
TG_0018_material,TG_0018,2024,Coupling thermogalvanic and piezoresistive effects in a robust hydrogel for Deep-Learning-Assisted Self-Powered sign language and object recognition,10.1016/j.cej.2024.150816,material,dynamic crystalline ion-injected thermoelectric gel DCI-TEG,15.653538,4.195167
TG_0018_mechanism,TG_0018,2024,Coupling thermogalvanic and piezoresistive effects in a robust hydrogel for Deep-Learning-Assisted Self-Powered sign language and object recognition,10.1016/j.cej.2024.150816,mechanism,solvent-exchange salting-out creates robust ionic gel that couples thermogalvanic current with piezoresistive pressure sensing,11.736203,1.7803398
TG_0019_material,TG_0019,2025,On a Continuous Aqueous Thermogalvanic Redox Agent with Anomalous Thermopower,10.1021/acs.nanolett.5c02774,material,aqueous [Ni(bpy)3]2+/3+ thermogalvanic redox agent,14.343929,4.975133
TG_0019_mechanism,TG_0019,2025,On a Continuous Aqueous Thermogalvanic Redox Agent with Anomalous Thermopower,10.1021/acs.nanolett.5c02774,mechanism,different hydration-shell behavior between oxidant/reductant creates configurational entropy difference for stable high thermopower,15.598147,1.7698605
TG_0020_material,TG_0020,2025,Bioinspired double-layer thermogalvanic cells with engineered ionic gradients for high-efficiency waste heat recovery,10.1016/j.nanoen.2025.111189,material,double-layer gelatin K4[Fe(CN)6]/K3[Fe(CN)6] thermogalvanic cell,15.485947,7.039111
TG_0020_mechanism,TG_0020,2025,Bioinspired double-layer thermogalvanic cells with engineered ionic gradients for high-efficiency waste heat recovery,10.1016/j.nanoen.2025.111189,mechanism,spatially separated redox gel layers maintain ion concentration gradients and boost thermogalvanic voltage/efficiency,13.244788,1.5034832
TG_0021_material,TG_0021,2025,An N-Type Thermogalvanic Cell with a High Temperature Coefficient Based on the Cu/Cu(en)2 2+ Redox Couple,10.1021/acsami.5c03375,material,"Cu/Cu(en)2 2+ redox couple with ethylenediamine, Cu electrode, (NH4)2SO4 electrolyte",14.634686,5.0498943
TG_0021_mechanism,TG_0021,2025,An N-Type Thermogalvanic Cell with a High Temperature Coefficient Based on the Cu/Cu(en)2 2+ Redox Couple,10.1021/acsami.5c03375,mechanism,Cu/en chelation reaction creates large entropy change for high n-type thermogalvanic temperature coefficient,14.978451,2.2287579
TG_0022_material,TG_0022,2025,High-Thermopower Thermogalvanic Ionic Hydrogel for Efficient Low-Grade Heat Energy Harvesting in Electronic Devices,10.1021/acsapm.5c02573,material,"polyacrylamide hydrogel with Fe(CN)6 3-/4-, guanidine hydrochloride, sodium pyrrolidone carboxylate",15.465786,6.4400105
TG_0022_mechanism,TG_0022,2025,High-Thermopower Thermogalvanic Ionic Hydrogel for Efficient Low-Grade Heat Energy Harvesting in Electronic Devices,10.1021/acsapm.5c02573,mechanism,redox thermogalvanic effect harvests device waste heat; guanidine boosts thermopower and sodium PCA improves water retention/mechanics,13.167061,3.5765033
TG_0023_material,TG_0023,2026,Performance evaluation and optimal design of solar thermal liquid thermogalvanic generators without optical concentrator,10.1016/j.solener.2025.114122,material,solar liquid thermogalvanic generator with thermally sensitive TGCs and spectrally selective solar absorbers,13.771917,4.729134
TG_0023_mechanism,TG_0023,2026,Performance evaluation and optimal design of solar thermal liquid thermogalvanic generators without optical concentrator,10.1016/j.solener.2025.114122,mechanism,"solar absorber supplies heat directly to liquid TGCs, enabling full-spectrum solar-thermal-to-electric conversion without optical concentrator",13.71777,4.553581
TG_0024_material,TG_0024,2025,Unraveling Reaction Kinetics and Thermodynamics in Thermogalvanic Hydrogels: A Pathway to Efficient Thermal Energy Harvesting,10.1021/acs.chemmater.5c01558,material,formamide/water thermogalvanic hydrogels,14.651425,5.4527407
TG_0024_mechanism,TG_0024,2025,Unraveling Reaction Kinetics and Thermodynamics in Thermogalvanic Hydrogels: A Pathway to Efficient Thermal Energy Harvesting,10.1021/acs.chemmater.5c01558,mechanism,"formamide increases redox reaction entropy, promotes ion desolvation, lowers activation energy, and accelerates reaction kinetics",15.553855,1.2033652
TG_0025_material,TG_0025,2024,Recurrently gellable and thermochromic inorganic hydrogel thermogalvanic cells,10.1126/sciadv.adp4533,material,all-inorganic hydrogel TGC with Fe2+/Fe3+ redox couple and Fe(OH)3 transformation,15.688258,4.864258
TG_0025_mechanism,TG_0025,2024,Recurrently gellable and thermochromic inorganic hydrogel thermogalvanic cells,10.1126/sciadv.adp4533,mechanism,"hydrogen-bonded inorganic gel framework and temperature/pH-controlled Fe3+/Fe(OH)3 equilibrium enable recurrent gelation, thermopower, and thermochromism",14.070567,2.3304217
TG_0026_material,TG_0026,2024,Extremely large Seebeck coef fi cient of gelatin methacryloyl (GelMA) based thermogalvanic cells by the dual effect of ioninduced crystallization and nanochannel control-,10.1016/j.mtener.2024.101546,material,GelMA thermogalvanic cells with GdmCl and Fe(CN)6 3-/4-,15.282564,6.231306
TG_0026_mechanism,TG_0026,2024,Extremely large Seebeck coef fi cient of gelatin methacryloyl (GelMA) based thermogalvanic cells by the dual effect of ioninduced crystallization and nanochannel control-,10.1016/j.mtener.2024.101546,mechanism,guanidinium-induced ferricyanide/ferrocyanide crystallization and hydrogel nanochannel control greatly increase Seebeck coefficient,12.411124,3.6569057
TG_0027_material,TG_0027,2025,Fully Printed Thermogalvanic Modules for Low-Grade Energy Harvesting,10.1021/acsaem.5c02080,material,"fully printed TGM with hybrid current collectors, activated carbon electrodes, adhesive seal, laser-drilled spacer",13.171808,6.0328474
TG_0027_mechanism,TG_0027,2025,Fully Printed Thermogalvanic Modules for Low-Grade Energy Harvesting,10.1021/acsaem.5c02080,mechanism,additive printing integrates many thermogalvanic cells with aqueous redox electrolytes for scalable low-grade heat harvesting,15.55755,3.2048786
TG_0028_material,TG_0028,2025,AI-Informed Solvation Engineering for Thermogalvanic Electrolytes with High Thermopower,10.1021/acs.jpclett.5c02903,material,thermogalvanic electrolytes screened by AI/DFT ion-solvent interaction features,13.755357,3.753714
TG_0028_mechanism,TG_0028,2025,AI-Informed Solvation Engineering for Thermogalvanic Electrolytes with High Thermopower,10.1021/acs.jpclett.5c02903,mechanism,machine learning links solvation features and polarity to large redox solvation entropy differences and high thermopower,15.871344,1.4393716
TG_0029_material,TG_0029,2025,High-Performance Quasi-Solid Thermogalvanic Cells via Crown-Ether-Mediated Ion Migration,10.1021/acsnano.5c11865,material,quasi-solid K3Fe(CN)6/K4Fe(CN)6 thermogalvanic cell with 18-crown-6,16.215828,3.6971347
TG_0029_mechanism,TG_0029,2025,High-Performance Quasi-Solid Thermogalvanic Cells via Crown-Ether-Mediated Ion Migration,10.1021/acsnano.5c11865,mechanism,"18-crown-6 complexes K+ and amplifies cation thermodiffusion, adding Soret contribution to thermogalvanic voltage",13.522799,2.8974469
TG_0030_material,TG_0030,2025,Hydrogel incorporated with graphene oxide featuring enhanced thermosensitive crystallization for thermogalvanic cell,10.1016/j.colsurfa.2025.137971,material,graphene oxide-enhanced hydrogel with [Fe(CN)6]4-/3- and guanidine hydrochloride,15.407301,6.516962
TG_0030_mechanism,TG_0030,2025,Hydrogel incorporated with graphene oxide featuring enhanced thermosensitive crystallization for thermogalvanic cell,10.1016/j.colsurfa.2025.137971,mechanism,"GO adsorbs guanidinium and nucleates ferrocyanide crystallization, strengthening the thermogalvanic effect",12.684462,3.4643154
TG_0031_material,TG_0031,2026,Material recognition and spatial thermal sensation enabled by organic thermogalvanic hydrogels,10.1016/j.nanoen.2025.111686,material,organic thermogalvanic hydrogel with benzoquinone/hydroquinone redox pair and ethylene glycol,15.338812,5.145181
TG_0031_mechanism,TG_0031,2026,Material recognition and spatial thermal sensation enabled by organic thermogalvanic hydrogels,10.1016/j.nanoen.2025.111686,mechanism,"optimized BQ/H2BQ reversible electrode reaction and EG solvent exchange provide fast, stable thermal sensing",13.383514,2.321419
TG_0032_material,TG_0032,2025,A rapidly moldable thermogalvanic organohydrogel for self-powered water temperature and level monitoring,10.1016/j.sna.2025.116876,material,PVA/PEG/Fe3+/Fe2+ thermogalvanic organohydrogel with DMSO/H2O,15.223696,5.2756963
TG_0032_mechanism,TG_0032,2025,A rapidly moldable thermogalvanic organohydrogel for self-powered water temperature and level monitoring,10.1016/j.sna.2025.116876,mechanism,Hofmeister-assisted rapid gelation and strong DMSO-water hydrogen bonds give moldable antifreezing thermogalvanic temperature/level sensing,11.491891,2.5178733
TG_0033_material,TG_0033,2024,Realizing a high-performance n-type thermogalvanic cell by tailoring the thermodynamic equilibrium,10.1039/d4ee00768a,material,anionic polymer/hydroquinone-benzoquinone n-type thermogalvanic cell,14.531922,3.8366156
TG_0033_mechanism,TG_0033,2024,Realizing a high-performance n-type thermogalvanic cell by tailoring the thermodynamic equilibrium,10.1039/d4ee00768a,mechanism,"anionic polymer self-regulates pH and selectively transports HQ, shifting HQ/BQ equilibrium and creating high n-type thermopower",14.498611,3.0174382
TG_0034_material,TG_0034,2025,Unlocking enhanced thermogalvanic cell performance via molecular chaperone-assisted non-toxic redox couple for waste heat harvesting,10.1016/j.cej.2025.164170,material,"SO42-/SO32- redox couple with 3,6-bis(morpholin-4-ylethyl)-1,2,4,5-tetrazine molecular chaperone",16.133848,4.856667
TG_0034_mechanism,TG_0034,2025,Unlocking enhanced thermogalvanic cell performance via molecular chaperone-assisted non-toxic redox couple for waste heat harvesting,10.1016/j.cej.2025.164170,mechanism,molecular chaperone sustains redox concentration gradients and accelerates SO42-/SO32- thermogalvanic kinetics,16.168407,4.7528
TG_0035_material,TG_0035,2024,Machine Learning Assisted Self-Powered Identity Recognition Based on Thermogalvanic Hydrogel for Intelligent Security,10.1002/smll.202402700,material,PVA/agar H2O/glycerol hydrogel with [Fe(CN)6]3-/4- redox couple,15.573532,6.182489
TG_0035_mechanism,TG_0035,2024,Machine Learning Assisted Self-Powered Identity Recognition Based on Thermogalvanic Hydrogel for Intelligent Security,10.1002/smll.202402700,mechanism,finger/body temperature gradients generate thermogalvanic signatures for self-powered biometric recognition,11.246273,1.592869
TG_0036_material,TG_0036,2024,"Modeling, thermodynamic performance analysis, and parameter optimization of a hybrid power generation system coupling thermogalvanic cells with alkaline fuel cells",10.1016/j.energy.2024.130557,material,alkaline fuel cell coupled with thermogalvanic cells,13.2987585,5.4867706
TG_0036_mechanism,TG_0036,2024,"Modeling, thermodynamic performance analysis, and parameter optimization of a hybrid power generation system coupling thermogalvanic cells with alkaline fuel cells",10.1016/j.energy.2024.130557,mechanism,"AFC waste heat drives TGCs in a thermal-electric cascade, improving power density and conversion efficiency",14.336299,1.3900632
TG_0037_material,TG_0037,2023,"Low-grade waste heat recovery scenarios: Pyroelectric, thermomagnetic, and thermogalvanic thermal energy harvesting",10.1016/j.nanoen.2023.108596,material,"pyroelectric, thermomagnetic, and thermogalvanic thermal-energy harvesters",13.637073,1.9001713
TG_0037_mechanism,TG_0037,2023,"Low-grade waste heat recovery scenarios: Pyroelectric, thermomagnetic, and thermogalvanic thermal energy harvesting",10.1016/j.nanoen.2023.108596,mechanism,low-grade heat recovery depends on mechanism-specific thermal cycling/redox/magnetic parameters and materials/device structure,15.605359,3.1842363
TG_0038_material,TG_0038,2022,Stretchable thermogalvanic hydrogel thermocell with record-high specific output power density enabled by ion-induced crystallization,10.1039/d2ee00738j,material,stretchable thermogalvanic hydrogel thermocell with guanidine and [Fe(CN)6]4-/3-,12.531148,3.3212416
TG_0038_mechanism,TG_0038,2022,Stretchable thermogalvanic hydrogel thermocell with record-high specific output power density enabled by ion-induced crystallization,10.1039/d2ee00738j,mechanism,guanidine-induced ferrocyanide crystallization raises thermopower and power density while antifreezing hydrogel enables wearable heat harvesting,12.608209,3.3843834
TG_0039_material,TG_0039,2024,Edible temperature-responsive-adhesive thermogalvanic hydrogel for self-powered multi-sited fatigue monitoring,10.1039/d4tc01418a,material,edible gelatin/glycerol hydrogel with I-/I3- redox pair,15.478019,5.3492794
TG_0039_mechanism,TG_0039,2024,Edible temperature-responsive-adhesive thermogalvanic hydrogel for self-powered multi-sited fatigue monitoring,10.1039/d4tc01418a,mechanism,thermogalvanic and piezoresistive effects convert body temperature/mechanical physiological motions into self-powered fatigue-monitoring signals,11.267893,1.6194159
TG_0040_material,TG_0040,2024,Self-assembled monolayers for electrostatic electrocatalysis and enhanced electrode stability in thermogalvanic cells,10.1039/d3sc06766a,material,gold electrodes modified with (3-trimethylammonium bromide)thiopropane SAMs in K3/K4[Fe(CN)6] thermocells,15.394996,7.290547
TG_0040_mechanism,TG_0040,2024,Self-assembled monolayers for electrostatic electrocatalysis and enhanced electrode stability in thermogalvanic cells,10.1039/d3sc06766a,mechanism,electrostatically charged SAMs electrocatalyze ferri/ferrocyanide redox and suppress gold passivation,11.640785,3.2316666
TG_0041_material,TG_0041,2023,Thermogalvanic gel patch for self-powered human motion recognition enabled by photo-thermal-electric conversion,10.1016/j.cej.2023.145247,material,PVA-PDMS gel with Fe2+/Fe3+ redox pair and AuNPs@SiO2-PDMS photothermal film,15.750266,4.833117
TG_0041_mechanism,TG_0041,2023,Thermogalvanic gel patch for self-powered human motion recognition enabled by photo-thermal-electric conversion,10.1016/j.cej.2023.145247,mechanism,Au plasmonic photothermal heating creates local temperature gradients that drive thermogalvanic gel output for motion sensing,12.371476,1.857138
TG_0042_material,TG_0042,2023,Self-powered information conversion based on thermogalvanic hydrogel with interpenetrating networks for nursing aphasic patients,10.1016/j.nanoen.2023.108612,material,interpenetrating thermogalvanic hydrogel with [Fe(CN)6]3-/4- and KCl,15.397223,6.3377357
TG_0042_mechanism,TG_0042,2023,Self-powered information conversion based on thermogalvanic hydrogel with interpenetrating networks for nursing aphasic patients,10.1016/j.nanoen.2023.108612,mechanism,finger heat drives redox thermogalvanic current while KCl supports thermodiffusion for self-powered Morse-code information conversion,11.238252,1.5299027
TG_0043_material,TG_0043,2024,Boosted thermogalvanic thermopower upon solid-to-liquid phase transition,10.1039/d4ee01642d,material,Na-K alloy phase-transforming electrodes in thermogalvanic cells,13.721412,5.3355527
TG_0043_mechanism,TG_0043,2024,Boosted thermogalvanic thermopower upon solid-to-liquid phase transition,10.1039/d4ee01642d,mechanism,solid-to-liquid melting entropy and configurational entropy of alkali alloy electrodes sharply increase thermopower across transition,15.688395,1.6549461
TG_0044_material,TG_0044,2024,Thermogalvanic hydrogel with controllable ion confined transportation and its application for self-powered lactic acid sensor,10.1016/j.nanoen.2024.110329,material,thermogalvanic hydrogel with redox ions in micro/nanochannels for lactic acid sensor,14.804078,5.2644424
TG_0044_mechanism,TG_0044,2024,Thermogalvanic hydrogel with controllable ion confined transportation and its application for self-powered lactic acid sensor,10.1016/j.nanoen.2024.110329,mechanism,salting-out confined ion transport tunes thermoelectric performance and powers lactic acid sensing,14.288424,2.7808387
TG_0045_material,TG_0045,2025,High-Performance Quasi-Solid-State Thermogalvanic Cells with Metallized Fibril-Based Textile Electrodes and Structure-Breaking Salts,10.1002/aenm.202404151,material,quasi-solid thermogalvanic cells with Ni textile/Ni oxide electrodes and structure-breaking salts,16.075054,3.5966659
TG_0045_mechanism,TG_0045,2025,High-Performance Quasi-Solid-State Thermogalvanic Cells with Metallized Fibril-Based Textile Electrodes and Structure-Breaking Salts,10.1002/aenm.202404151,mechanism,oxidized Ni textile O-vacancy defects enhance redox reactions and structure-breaking salts improve ion diffusion,15.068301,3.0573967
TG_0046_material,TG_0046,2022,Regulating Thermogalvanic Effect and Mechanical Robustness via Redox Ions for Flexible Quasi-Solid-State Thermocells,10.1007/s40820-022-00824-6,material,flexible quasi-solid hydrogel thermocell with multivalent redox ions,16.255306,3.5929537
TG_0046_mechanism,TG_0046,2022,Regulating Thermogalvanic Effect and Mechanical Robustness via Redox Ions for Flexible Quasi-Solid-State Thermocells,10.1007/s40820-022-00824-6,mechanism,redox ions provide thermogalvanic conversion and reversible ionic crosslinks for mechanical robustness,13.117317,2.547606
TG_0047_material,TG_0047,2023,Robust and flexible bacterial cellulose-based thermogalvanic cells for low-grade heat harvesting in extreme environments,10.1016/j.cej.2023.141274,material,bacterial cellulose thermogalvanic cell with Fe(CN)6 3-/4- and LiBr hygroscopic salt,15.179385,6.2179236
TG_0047_mechanism,TG_0047,2023,Robust and flexible bacterial cellulose-based thermogalvanic cells for low-grade heat harvesting in extreme environments,10.1016/j.cej.2023.141274,mechanism,bacterial cellulose confines redox ions and LiBr prevents drying/freezing for wide-temperature heat harvesting,15.150197,6.1052437
TG_0048_material,TG_0048,2025,Boosting Thermogalvanic Cell Performance through Synergistic Redox and Thermogalvanic Corrosion,10.1002/cssc.202401749,material,quinone/hydroquinone organic thermogalvanic cell with HCl and copper electrode,14.626216,4.4928784
TG_0048_mechanism,TG_0048,2025,Boosting Thermogalvanic Cell Performance through Synergistic Redox and Thermogalvanic Corrosion,10.1002/cssc.202401749,mechanism,"HCl accelerates Q/HQ redox kinetics and induces thermogalvanic copper corrosion, synergistically boosting output",12.560714,0.49344242
TG_0049_material,TG_0049,2024,A novel solar-driven thermogalvanic cell with integrated heat storage capabilities,10.1016/j.solener.2024.112939,material,EG/SA/LA composite heat-storage electrodes in solar thermogalvanic cells,14.023925,4.9596124
TG_0049_mechanism,TG_0049,2024,A novel solar-driven thermogalvanic cell with integrated heat storage capabilities,10.1016/j.solener.2024.112939,mechanism,photothermal/phase-change heat storage smooths solar fluctuations and sustains temperature difference for longer discharge,14.009008,1.7569385
TG_0050_material,TG_0050,2024,Thermogalvanic organohydrogel-based non-contact self-powered electronics for advancing smart agriculture,10.1039/d3tc04133f,material,Cu/Cu2+ DMSO/water thermoelectric organohydrogel with PDMS/CuO/Cu electrodes,14.771173,5.154341
TG_0050_mechanism,TG_0050,2024,Thermogalvanic organohydrogel-based non-contact self-powered electronics for advancing smart agriculture,10.1039/d3tc04133f,mechanism,"photo-thermal-electric conversion creates a temperature difference across Cu/Cu2+ organohydrogel, generating self-powered non-contact sensing output",11.602973,1.4291377
TG_0051_material,TG_0051,2023,Highly Antifreezing Thermogalvanic Hydrogels for Human Heat Harvesting in Ultralow Temperature Environments,10.1021/acs.nanolett.3c03818,material,ethylene glycol/water antifreezing hydrogel with [Fe(CN)6]3-/4- redox ions,15.565688,6.1894474
TG_0051_mechanism,TG_0051,2023,Highly Antifreezing Thermogalvanic Hydrogels for Human Heat Harvesting in Ultralow Temperature Environments,10.1021/acs.nanolett.3c03818,mechanism,ethylene glycol-water hydrogen bonding suppresses freezing while ferri/ferrocyanide thermogalvanic redox converts human heat to electricity,11.597687,2.7155554
TG_0052_material,TG_0052,2024,Boosting Thermoelectric Performance of Thermogalvanic Hydrogels by Structure Engineering Induced by Liquid Nitrogen Quenching,10.1002/aenm.202303358,material,stretchable thermogalvanic hydrogel thread prepared by liquid-nitrogen quenching,12.5085335,3.166341
TG_0052_mechanism,TG_0052,2024,Boosting Thermoelectric Performance of Thermogalvanic Hydrogels by Structure Engineering Induced by Liquid Nitrogen Quenching,10.1002/aenm.202303358,mechanism,"ultrafast quenching refines grains and inhibits thermosensitive crystal precipitation, increasing ion utilization and promoting redox reactions",13.116054,3.3072202
TG_0053_material,TG_0053,2023,A self-powered thermogalvanic organohydrogel-based touch-to-speech Braille transmission interface with temperature resistance and stretchability,10.1016/j.compscitech.2023.110077,material,DMSO/water thermogalvanic organohydrogel electrolyte with Sn2+/Sn4+ and NaCl,14.742275,5.4798546
TG_0053_mechanism,TG_0053,2023,A self-powered thermogalvanic organohydrogel-based touch-to-speech Braille transmission interface with temperature resistance and stretchability,10.1016/j.compscitech.2023.110077,mechanism,Sn2+/Sn4+ thermogalvanic redox converts touch/temperature differences to signals while DMSO-water hydrogen bonding gives anti-freezing and anti-drying behavior,11.385414,2.3828213
TG_0054_material,TG_0054,2025,Thermogalvanic bricks: optimising large dimension thermocells for air and water valorisation,10.1039/d4se01498g,material,large-dimension gelled thermogalvanic thermocells using water-water or air-air thermal source/sink,14.190761,5.433805
TG_0054_mechanism,TG_0054,2025,Thermogalvanic bricks: optimising large dimension thermocells for air and water valorisation,10.1039/d4se01498g,mechanism,gelation thermally isolates electrodes and maintains larger temperature differences for entropy-driven thermogalvanic power generation,14.185304,1.684074
TG_0055_material,TG_0055,2023,Self-Assembled Asymmetric Electrodes for High-Efficiency Thermogalvanic Cells,10.1002/aenm.202302011,material,aqueous [Fe(CN)6]3-/[Fe(CN)6]4- thermogalvanic cell with CoO nanowire/carbon-cloth and Co2Fe(CN)6/CoO asymmetric electrodes,15.395054,6.805116
TG_0055_mechanism,TG_0055,2023,Self-Assembled Asymmetric Electrodes for High-Efficiency Thermogalvanic Cells,10.1002/aenm.202302011,mechanism,temperature-dependent CoO-ferrocyanide reaction self-assembles asymmetric catalytic electrodes that lower electronic activation energy at hot and cold sides,12.999536,0.8375772
TG_0056_material,TG_0056,2022,Transparent stretchable thermogalvanic PVA/gelation hydrogel electrolyte for harnessing solar energy enabled by a binary solvent strategy,10.1016/j.nanoen.2022.107449,material,cross-linked PVA/gelatin hydrogel in DMSO/water with PDMS solar absorber,14.933378,5.483339
TG_0056_mechanism,TG_0056,2022,Transparent stretchable thermogalvanic PVA/gelation hydrogel electrolyte for harnessing solar energy enabled by a binary solvent strategy,10.1016/j.nanoen.2022.107449,mechanism,binary solvent forms microcrystalline stretchable transparent gel while photothermal heating drives thermogalvanic voltage under sunlight,12.390883,2.8203158
TG_0057_material,TG_0057,2020,Thermogalvanic Hydrogel for Synchronous Evaporative Cooling and Low-Grade Heat Energy Harvesting,10.1021/acs.nanolett.0c00800,material,smart thermogalvanic hydrogel film with ions and water,14.729968,5.511707
TG_0057_mechanism,TG_0057,2020,Thermogalvanic Hydrogel for Synchronous Evaporative Cooling and Low-Grade Heat Energy Harvesting,10.1021/acs.nanolett.0c00800,mechanism,"ions undergo thermogalvanic redox conversion while water evaporation removes heat, enabling simultaneous evaporative cooling and electricity generation",12.401496,2.5017695
TG_0058_material,TG_0058,2023,Anhydrous Thermogalvanic Gel for Simultaneous Waste Heat Recovery and Thermal Management of Electronics,10.1021/acsapm.3c00481,material,anhydrous DMSO/ethylene glycol thermogalvanic gel with Fe3+/Fe2+,15.438463,5.2237287
TG_0058_mechanism,TG_0058,2023,Anhydrous Thermogalvanic Gel for Simultaneous Waste Heat Recovery and Thermal Management of Electronics,10.1021/acsapm.3c00481,mechanism,DMSO-EG hydrogen bonding prevents crystallization/evaporation and maintains flexible thermogalvanic conversion across wide temperatures,12.6481085,2.9431195
TG_0059_material,TG_0059,2023,"Seebeck, Peltier, and Soret effects: On different formalisms for transport equations in thermogalvanic cells",10.1063/5.0131731,material,thermogalvanic cell transport model with ionic/neutral-component formalisms,14.294557,2.70846
TG_0059_mechanism,TG_0059,2023,"Seebeck, Peltier, and Soret effects: On different formalisms for transport equations in thermogalvanic cells",10.1063/5.0131731,mechanism,"nonequilibrium thermodynamics relates Seebeck, Peltier, and Soret effects; heat-flux definition controls interpretation of interfacial heat and cell thermopower",14.233716,2.1180475
TG_0060_material,TG_0060,2022,Self-Powered Respiratory Monitoring Strategy Based on Adaptive Dual-Network Thermogalvanic Hydrogels,10.1021/acsami.2c14239,material,PVA/gelatin dual-network H2O/glycerin thermogalvanic gel with Fe(CN)6 3-/4-,15.558159,6.1582355
TG_0060_mechanism,TG_0060,2022,Self-Powered Respiratory Monitoring Strategy Based on Adaptive Dual-Network Thermogalvanic Hydrogels,10.1021/acsami.2c14239,mechanism,glycerin-water solvent limits water hydrogen bonding for antifreezing/antidrying durability while breath heat drives thermogalvanic respiratory signals,11.336856,2.4389806
TG_0061_material,TG_0061,2023,Thermogalvanic hydrogel electrolyte for harvesting biothermal energy enabled by a novel redox couple of SO4/3 2-ions,10.1016/j.nanoen.2022.108077,material,PVA-PEDOT:PSS hydrogel with SO42-/SO32- redox couple,16.043627,4.964626
TG_0061_mechanism,TG_0061,2023,Thermogalvanic hydrogel electrolyte for harvesting biothermal energy enabled by a novel redox couple of SO4/3 2-ions,10.1016/j.nanoen.2022.108077,mechanism,SO42-/SO32- provides non-toxic thermogalvanic redox and promotes PVA crosslinking/PEDOT:PSS hybrid structure for biothermal energy harvesting,16.095915,4.9122677
TG_0062_material,TG_0062,2022,Solvent effect on the Seebeck coefficient of Fe2+/Fe3+ hydrogel thermogalvanic cells,10.1039/d1ta10508f,material,Fe2+/Fe3+ hydrogel thermogalvanic cells with organic solvents including tetramethylene sulfone,15.606239,4.899245
TG_0062_mechanism,TG_0062,2022,Solvent effect on the Seebeck coefficient of Fe2+/Fe3+ hydrogel thermogalvanic cells,10.1039/d1ta10508f,mechanism,"organic solvent donor number changes Fe2+/Fe3+ solvation-shell entropy difference, tuning and boosting Seebeck coefficient",15.795688,1.5939307
TG_0063_material,TG_0063,2023,Self-powered physiological monitoring strategy enabled by adaptive dual-network thermogalvanic hydrogels,10.1016/j.sna.2023.114604,material,Fe2+/Fe3+ hydrogel thermogalvanic generator with MWCNT-based flexible electrodes,15.654431,4.798665
TG_0063_mechanism,TG_0063,2023,Self-powered physiological monitoring strategy enabled by adaptive dual-network thermogalvanic hydrogels,10.1016/j.sna.2023.114604,mechanism,body-ambient temperature gradients drive thermogalvanic voltage while flexible electrodes/gel patch enable self-powered temperature and pulse sensing,11.66399,1.51088
TG_0064_material,TG_0064,2023,"High Seebeck coefficient thermogalvanic cells via the solvent-sensitive charge additivity of cobalt 1,8-diaminosarcophagine",10.1039/d2cc05413b,material,"cobalt(ii/iii) sarcophagine [Co(SARH2)]4+/5+ in water, DMSO, and ionic-liquid solvents",12.100263,5.311409
TG_0064_mechanism,TG_0064,2023,"High Seebeck coefficient thermogalvanic cells via the solvent-sensitive charge additivity of cobalt 1,8-diaminosarcophagine",10.1039/d2cc05413b,mechanism,"low-dielectric bulky solvents enable pendant amine charge-additivity with Co2+/3+ core, increasing redox entropy and Seebeck coefficient",15.155021,1.7965083
TG_0065_material,TG_0065,2022,Thermogalvanic hydrogels for self-powered temperature monitoring in extreme environments,10.1039/d2tc00889k,material,binary-solvent thermogalvanic gel electrolyte with I-/I3- redox pair,15.210457,4.6922703
TG_0065_mechanism,TG_0065,2022,Thermogalvanic hydrogels for self-powered temperature monitoring in extreme environments,10.1039/d2tc00889k,mechanism,binary solvent weakens water-water hydrogen bonding for temperature tolerance and anti-drying while iodide/triiodide redox gives self-powered temperature monitoring,11.299467,2.3349345
TG_0066_material,TG_0066,2021,Wearable Electronics Based on the Gel Thermogalvanic Electrolyte for Self-Powered Human Health Monitoring,10.1021/acsami.1c12443,material,gel electrolyte thermogalvanic generator with Fe3+/Fe2+ and microporous PVDF diaphragm,15.293424,4.910131
TG_0066_mechanism,TG_0066,2021,Wearable Electronics Based on the Gel Thermogalvanic Electrolyte for Self-Powered Human Health Monitoring,10.1021/acsami.1c12443,mechanism,"PVDF thermal barrier reduces thermal conductivity between cell halves, improving Seebeck response for body-heat-powered monitoring and cooling",12.628589,2.328868
TG_0067_material,TG_0067,2023,"Self-Powered, Non-Toxic, Recyclable Thermogalvanic Hydrogel Sensor for Temperature Monitoring of Edibles",10.3390/mi14071327,material,gelatin thermoelectric gel with SO32-/SO42- redox pair,16.031055,4.778536
TG_0067_mechanism,TG_0067,2023,"Self-Powered, Non-Toxic, Recyclable Thermogalvanic Hydrogel Sensor for Temperature Monitoring of Edibles",10.3390/mi14071327,mechanism,non-toxic sulfite/sulfate thermogalvanic redox converts food temperature differences to self-powered sensing signals,11.25557,1.6788287
TG_0068_material,TG_0068,2023,A vertical stretchable self-powered light sensor based on thermogalvanic gel electrolyte via photo-thermal-electric conversion,10.1016/j.sna.2023.114305,material,thermogalvanic gel electrolyte with porous CNT/PDMS organic carbon sponge,14.214556,5.813042
TG_0068_mechanism,TG_0068,2023,A vertical stretchable self-powered light sensor based on thermogalvanic gel electrolyte via photo-thermal-electric conversion,10.1016/j.sna.2023.114305,mechanism,"photothermal carbon sponge converts light to heat, driving lower thermogalvanic gel voltage proportional to light intensity",12.572629,2.4706612
TG_0069_material,TG_0069,2023,A Quasisolid Electrolyte Thermogalvanic Cell by Using Sand Grains,10.1002/aelm.202300089,material,desert sand grains mixed with Cu(NO3)2 aqueous electrolyte quasi-solid Cu thermogalvanic cell,16.215588,3.6703296
TG_0069_mechanism,TG_0069,2023,A Quasisolid Electrolyte Thermogalvanic Cell by Using Sand Grains,10.1002/aelm.202300089,mechanism,sand-grain quasi-solid matrix with Cu2+ electrolyte gives high n-type Seebeck response and Carnot efficiency under a small temperature gradient,16.230167,3.589485
TG_0070_material,TG_0070,2023,p-n Conversion of Thermogalvanic Cells by Harnessing the Micellization of Thermoresponsive Diblock Copolymers,10.1021/acsaem.3c01907,material,I-/I3- thermogalvanic cell with thermoresponsive diblock copolymers,15.010403,4.4990454
TG_0070_mechanism,TG_0070,2023,p-n Conversion of Thermogalvanic Cells by Harnessing the Micellization of Thermoresponsive Diblock Copolymers,10.1021/acsaem.3c01907,mechanism,"anion-polymer interactions and thermally induced micellization redistribute ions, invert hot/cold redox reactions, and enable p-n conversion",13.408295,2.3418353
TG_0071_material,TG_0071,2026,Designing n-Type Thermogalvanic TEMPO-Substituted Polyacrylamide via Conformational Entropic Modulation,10.1021/acsmacrolett.5c00762,material,TEMPO-substituted polyacrylamide PTAm/ox-PTAm n-type thermogalvanic polymer,14.41646,3.7519782
TG_0071_mechanism,TG_0071,2026,Designing n-Type Thermogalvanic TEMPO-Substituted Polyacrylamide via Conformational Entropic Modulation,10.1021/acsmacrolett.5c00762,mechanism,redox-induced conformational entropy changes in TEMPO/oxoammonium polymer states generate n-type thermopower,14.505753,3.1368406
TG_0072_material,TG_0072,2026,A machine learning-enabled planar interdigitated thermogalvanic hydrogel for synergistic thermal and strain sensing,10.1039/d5ta08892e,material,planar interdigitated thermogalvanic hydrogel with MXene electrodes and PAAm-Fe(CN)6 3-/4- hydrogel,15.196683,5.9392886
TG_0072_mechanism,TG_0072,2026,A machine learning-enabled planar interdigitated thermogalvanic hydrogel for synergistic thermal and strain sensing,10.1039/d5ta08892e,mechanism,"strain modulates ferri/ferrocyanide hydrogel redox kinetics under a thermal gradient, producing coupled strain-voltage handwriting signals",11.76848,3.0939023
TG_0073_material,TG_0073,2021,All-Soft and Stretchable Thermogalvanic Gel Fabric for Antideformity Body Heat Harvesting Wearable,10.1002/aenm.202102219,material,soft stretchable thermogalvanic fabric woven from alternating p/n hydrogel-based fibers,12.426147,3.063641
TG_0073_mechanism,TG_0073,2021,All-Soft and Stretchable Thermogalvanic Gel Fabric for Antideformity Body Heat Harvesting Wearable,10.1002/aenm.202102219,mechanism,p/n thermogalvanic hydrogel fibers harvest body heat conformally while fabric geometry improves deformation tolerance and heat transfer,13.345157,3.785666
TG_0074_material,TG_0074,2022,Stretchable and Self-Powered Temperature-Pressure Dual Sensing Ionic Skins Based on Thermogalvanic Hydrogels,10.1021/acsami.2c11124,material,stretchable thermogalvanic hydrogel elastomer dual temperature-pressure ionic skin,12.441468,3.1193933
TG_0074_mechanism,TG_0074,2022,Stretchable and Self-Powered Temperature-Pressure Dual Sensing Ionic Skins Based on Thermogalvanic Hydrogels,10.1021/acsami.2c11124,mechanism,thermogalvanic voltage supplies temperature sensing and stable elastic modulus enables pressure sensing without signal interference during stretching,11.907396,1.904798
TG_0075_material,TG_0075,2023,Regenerable aerogel-based thermogalvanic cells for efficient low-grade heat harvesting from solar radiation and interfacial solar evaporation systems,10.1002/eom2.12302,material,"cellulose fiber porous aerogel thermogalvanic cell with liquid electrolyte, reduced graphene oxide absorber, and CNT electrodes",14.649291,6.7989697
TG_0075_mechanism,TG_0075,2023,Regenerable aerogel-based thermogalvanic cells for efficient low-grade heat harvesting from solar radiation and interfacial solar evaporation systems,10.1002/eom2.12302,mechanism,"porous cellulose aerogel limits heat transfer and rGO absorbs solar heat, maintaining electrode temperature difference for power generation",14.166027,1.6415514
TG_0076_material,TG_0076,2023,Performance evaluation and parametric analysis of nighttime electricity generation system integrating thermogalvanic cells with radiative sky cooling,10.1016/j.tsep.2023.102083,material,thermogalvanic cells integrated with radiative sky cooling nighttime generator,14.409537,2.3932106
TG_0076_mechanism,TG_0076,2023,Performance evaluation and parametric analysis of nighttime electricity generation system integrating thermogalvanic cells with radiative sky cooling,10.1016/j.tsep.2023.102083,mechanism,radiative cooling creates nighttime temperature gradients and optimized heat/mass transfer maximizes thermogalvanic power output,14.002206,1.9131585
TG_0077_material,TG_0077,2026,Configurational entropy change-driven enhancement of thermoelectric performance in PVA-based hydrogel thermogalvanic cells,10.1016/j.jpowsour.2025.239060,material,PVA hydrogel incorporating Fe2+/Fe3+ redox couple,15.614073,4.909264
TG_0077_mechanism,TG_0077,2026,Configurational entropy change-driven enhancement of thermoelectric performance in PVA-based hydrogel thermogalvanic cells,10.1016/j.jpowsour.2025.239060,mechanism,constrained PVA network perturbs Fe2+/Fe3+ solvation shells and increases configurational entropy contribution to ionic migration entropy,15.828622,1.5859671
TG_0078_material,TG_0078,2026,Thermogalvanic Sensor Array for Heat Flux Mapping and Radiative Sensing,10.1021/acsaem.6c01130,material,ferri/ferrocyanide thermogalvanic gel heat-flux sensor array,11.596934,3.1777532
TG_0078_mechanism,TG_0078,2026,Thermogalvanic Sensor Array for Heat Flux Mapping and Radiative Sensing,10.1021/acsaem.6c01130,mechanism,high Seebeck ferri/ferrocyanide gel transduces heat flux/radiative thermal input into voltage maps for spatial sensing,11.698502,3.0678196
TG_0079_material,TG_0079,2026,Synergy of thermodiffusion and thermogalvanic effect in n-type ionic hydrogel: self-signaled fire warning and enhanced heat harvesting,10.1016/j.cej.2026.175294,material,flame-retardant BmimH2PO4/water ionic hydrogel impregnated with FeCl3/FeCl2,14.656233,5.5572653
TG_0079_mechanism,TG_0079,2026,Synergy of thermodiffusion and thermogalvanic effect in n-type ionic hydrogel: self-signaled fire warning and enhanced heat harvesting,10.1016/j.cej.2026.175294,mechanism,Bmim+/H2PO4- thermodiffusion and Fe2+/Fe3+ thermogalvanic effect synergistically produce n-type voltage; phosphorus-iron char formation gives fire warning/flame retardancy,13.655282,2.8579268
TG_0080_material,TG_0080,2026,Thermally-driven chemical heterogeneity produces large thermopower and multiday operability in a thermogalvanic cell,10.1039/d5ta09239f,material,redox-split thermogalvanic cell with nickel-bipyridine complex and weakly coordinating anions,14.923791,4.401485
TG_0080_mechanism,TG_0080,2026,Thermally-driven chemical heterogeneity produces large thermopower and multiday operability in a thermogalvanic cell,10.1039/d5ta09239f,mechanism,temperature-gradient-driven localized hot-side oxidation creates chemical heterogeneity and concentration-gradient effects that augment thermopower,13.11179,1.5982678
TG_0081_material,TG_0081,2026,Ultra-sensitive self-powered thermogalvanic hydrogel wristband enabled by resistance-gated strategy,10.1016/j.cej.2026.178230,material,dual-layer self-powered thermogalvanic hydrogel wristband patches,11.160788,1.5637047
TG_0081_mechanism,TG_0081,2026,Ultra-sensitive self-powered thermogalvanic hydrogel wristband enabled by resistance-gated strategy,10.1016/j.cej.2026.178230,mechanism,body-ambient thermogalvanic harvesting couples with deformation-reduced interfacial resistance gating to amplify mechanical sensing current,11.729247,1.9050597
TG_0082_material,TG_0082,2026,Boosting Gel-Based Thermogalvanic Energy Harvesting via Metal Oxide Nanostructured Electrodes,10.1002/smll.202514359,material,"PVA/gelatin double-network hydrogel with Fe(CN)6 3-/4- and TiO2, WO3, ZnO modified carbon-cloth electrodes",15.403648,6.3869553
TG_0082_mechanism,TG_0082,2026,Boosting Gel-Based Thermogalvanic Energy Harvesting via Metal Oxide Nanostructured Electrodes,10.1002/smll.202514359,mechanism,metal oxide nanostructures enlarge electroactive area and oxygen vacancies; TiO2-ferrocyanide coordination facilitates interfacial charge transfer,15.319124,0.916143
TG_0083_material,TG_0083,2026,Self-powered thermogalvanic cells based on layered double hydroxides cross-linking hydrogel: Enhanced thermoelectric performance and mechanical stretchability for IoT wearable electronics,10.1016/j.nanoen.2026.111909,material,ZnAl-LDH cross-linked P(AM-ANA)/CMCS thermogalvanic hydrogel with Fe(CN)6 3-/4- in water-methanol,15.299562,6.0957427
TG_0083_mechanism,TG_0083,2026,Self-powered thermogalvanic cells based on layered double hydroxides cross-linking hydrogel: Enhanced thermoelectric performance and mechanical stretchability for IoT wearable electronics,10.1016/j.nanoen.2026.111909,mechanism,"ZnAl-LDH selectively binds ferrocyanide, increases redox entropy difference, and creates anion transport pathways while reinforcing hydrogel",15.568652,1.848901
TG_0084_material,TG_0084,2026,Polymer-Redox Interactions Enhance Ferro/Ferricyanide Thermogalvanic Cells,10.1002/adfm.76685,material,aqueous ferro/ferricyanide thermogalvanic electrolyte with potassium polyacrylate,11.690712,4.178364
TG_0084_mechanism,TG_0084,2026,Polymer-Redox Interactions Enhance Ferro/Ferricyanide Thermogalvanic Cells,10.1002/adfm.76685,mechanism,PAA-/K+ polyelectrolyte-redox interactions modify hydration shells and increase redox entropy difference despite higher viscosity,15.56029,1.939668
TG_0085_material,TG_0085,2026,Enhanced long-term discharge stability of aqueous thermogalvanic cells through thermal resistance network,10.1016/j.applthermaleng.2026.130371,material,liquid thermogalvanic cells modeled with thermal resistance network,14.411181,0.87418866
TG_0085_mechanism,TG_0085,2026,Enhanced long-term discharge stability of aqueous thermogalvanic cells through thermal resistance network,10.1016/j.applthermaleng.2026.130371,mechanism,"internal thermal resistance regulates electrode temperature changes and concentration overpotential, balancing heat transfer and mass transport for stable discharge",14.382507,0.8165528
TG_0086_material,TG_0086,2026,A Thermogalvanic Cell Microneedle Patch for Integrated Diagnosis and Treatment of UV-Induced Early Skin Cancer,10.1021/acs.analchem.5c08278,material,"thermogalvanic microneedle patch with LFIA, PtPB@PEG@hairpin aptamer nanoparticles, quercetin phase-transition microneedles",13.564058,5.371722
TG_0086_mechanism,TG_0086,2026,A Thermogalvanic Cell Microneedle Patch for Integrated Diagnosis and Treatment of UV-Induced Early Skin Cancer,10.1021/acs.analchem.5c08278,mechanism,"photothermal-thermoelectric coupling powers transdermal 8-OH-dG extraction; aptamer/nanozyme and SERS enable detection, NIR photothermal release enables therapy",14.522992,6.2303863
TG_0087_material,TG_0087,2023,Experimental and simulated thermal resistance of thermogalvanic cells with triply periodic minimal surface structures,10.1016/j.ijthermalsci.2023.108430,material,"thermogalvanic cells with Split P, Schwarz P, Gyroid, and IWP triply periodic minimal surface structures",14.2607155,4.3639402
TG_0087_mechanism,TG_0087,2023,Experimental and simulated thermal resistance of thermogalvanic cells with triply periodic minimal surface structures,10.1016/j.ijthermalsci.2023.108430,mechanism,"TPMS geometries alter thermal resistance and natural convection, controlling temperature difference across thermogalvanic cells",14.326699,1.0138725
TG_0088_material,TG_0088,2023,Rational Material Selection for Li-Ion-Based Thermogalvanic Harvesting Devices,10.1021/acs.chemmater.3c01129,material,"thin-film Li-ion TREC electrode materials LiMn2O4, Li4Ti5O12, LiFePO4, anatase TiO2, Cl-doped amorphous TiO2",13.778871,5.7153554
TG_0088_mechanism,TG_0088,2023,Rational Material Selection for Li-Ion-Based Thermogalvanic Harvesting Devices,10.1021/acs.chemmater.3c01129,mechanism,"thermogalvanic characterization links electrode thermogalvanic coefficient, lithiation-state dependence, and kinetics to TREC material selection",13.68893,1.6272771
TG_0089_material,TG_0089,2018,Aqueous thermogalvanic cells with a high Seebeck coefficient for low-grade heat harvest,10.1038/s41467-018-07625-9,material,aqueous ferri/ferrocyanide electrolyte with guanidinium and urea additives,11.664672,3.829136
TG_0089_mechanism,TG_0089,2018,Aqueous thermogalvanic cells with a high Seebeck coefficient for low-grade heat harvest,10.1038/s41467-018-07625-9,mechanism,guanidinium chaotropic cations and urea amide derivatives synergistically enlarge redox entropy difference and boost Seebeck coefficient,15.403753,1.917115
TG_0090_material,TG_0090,2024,Tracking Decomposition Layer Formation in Thin-Film Si Electrodes via Thermogalvanic Profiles,10.1002/smtd.202300857,material,thin-film Si Li-ion electrodes with LiPON coating,13.737291,5.7919126
TG_0090_mechanism,TG_0090,2024,Tracking Decomposition Layer Formation in Thin-Film Si Electrodes via Thermogalvanic Profiles,10.1002/smtd.202300857,mechanism,"thermogalvanic profiles reveal formation, passivation, and later degradation of electrolyte decomposition layers on Si electrodes",14.066542,4.8832846
TG_0091_material,TG_0091,2022,Direct measurement of the genuine efficiency of thermogalvanic heat-to-electricity conversion in thermocells,10.1039/d1sc06340e,material,thermocells with gelled/partially gelled electrolytes and heat-flux sensor measurement,11.648218,3.4192278
TG_0091_mechanism,TG_0091,2022,Direct measurement of the genuine efficiency of thermogalvanic heat-to-electricity conversion in thermocells,10.1039/d1sc06340e,mechanism,direct heat-flux measurement separates electrical output from actual heat flow; gelation suppresses convection/radiation losses and improves true efficiency,14.005527,1.2200013
TG_0092_material,TG_0092,2019,P-N conversion in thermogalvanic cells induced by thermo-sensitive nanogels for body heat harvesting,10.1016/j.nanoen.2018.12.073,material,I-/I3- thermogalvanic cell with PNIPAM thermosensitive nanogels,14.986402,4.48422
TG_0092_mechanism,TG_0092,2019,P-N conversion in thermogalvanic cells induced by thermo-sensitive nanogels for body heat harvesting,10.1016/j.nanoen.2018.12.073,mechanism,"PNIPAM nanogels selectively capture I3- at hot side and release at cold side, creating free-I3- concentration gradient and p-n Seebeck inversion",13.417398,1.4688157
TG_0093_material,TG_0093,2020,"A fundamental study of the thermoelectrochemistry of ferricyanide/ferrocyanide: cation, concentration, ratio, and heterogeneous and homogeneous electrocatalysis effects in thermogalvanic cells",10.1039/d0se00440e,material,K3[Fe(CN)6]/K4[Fe(CN)6] thermocells with alkali chloride/sulfate homogeneous electrocatalysts and Pt/graphite electrodes,15.389125,7.2549653
TG_0093_mechanism,TG_0093,2020,"A fundamental study of the thermoelectrochemistry of ferricyanide/ferrocyanide: cation, concentration, ratio, and heterogeneous and homogeneous electrocatalysis effects in thermogalvanic cells",10.1039/d0se00440e,mechanism,redox ratio/concentration follow Nernst and Butler-Volmer behavior; CsCl alters solvation and electrocatalyzes electron transfer to raise power,15.179981,1.1697216
TG_0094_material,TG_0094,2021,Thermogalvanic and Thermocapacitive Behavior of Superabsorbent Hydrogels for Combined Low-Temperature Thermal Energy Conversion and Harvesting,10.1021/acsaem.1c02060,material,superabsorbent polymer hydrogel matrices hosting [Fe(CN)6]3-/4- and Fe2+/3+ redox ions,15.461242,6.4136333
TG_0094_mechanism,TG_0094,2021,Thermogalvanic and Thermocapacitive Behavior of Superabsorbent Hydrogels for Combined Low-Temperature Thermal Energy Conversion and Harvesting,10.1021/acsaem.1c02060,mechanism,"highly charged monolithic hydrogels host concentrated redox ions, reducing leakage and supporting both thermogalvanic conversion and thermocapacitive storage",13.271499,2.6274905
TG_0095_material,TG_0095,2022,Quasi-solid n-type thermogalvanic thermocells with enhanced ionic conductivity for continuous low-grade heat harvesting,10.1063/5.0120728,material,n-type quasi-solid thermocells with hierarchically anisotropic networks from directional freeze-thawing,16.241982,3.6984646
TG_0095_mechanism,TG_0095,2022,Quasi-solid n-type thermogalvanic thermocells with enhanced ionic conductivity for continuous low-grade heat harvesting,10.1063/5.0120728,mechanism,"aligned crystalline network decouples n-type thermopower and ionic conductivity, improving power while maintaining mechanical stability",12.905696,2.7208574
TG_0096_material,TG_0096,2021,Developing iron-based anionic redox couples for thermogalvanic cells: towards the replacement of the ferricyanide/ferrocyanide redox couple,10.1039/d1gc02989d,material,iron chloride complexes with anionic polycarboxylate/polyaminocarboxylate ligands including NTA and DTPA/DEPTA,14.811035,3.61144
TG_0096_mechanism,TG_0096,2021,Developing iron-based anionic redox couples for thermogalvanic cells: towards the replacement of the ferricyanide/ferrocyanide redox couple,10.1039/d1gc02989d,mechanism,safer iron-ligand anionic redox couples tune thermodynamics and kinetics to replace ferri/ferrocyanide in thermogalvanic cells,11.709292,3.2282438
TG_0097_material,TG_0097,2021,Thermogalvanic cells demonstrate inherent physiochemical limitations in redox-active electrolytes at water-in-salt concentrations,10.1016/j.xcrp.2021.100510,material,concentrated aqueous ferricyanide/ferrocyanide water-in-salt electrolytes with Na+/K+ counterions,11.774143,4.2720184
TG_0097_mechanism,TG_0097,2021,Thermogalvanic cells demonstrate inherent physiochemical limitations in redox-active electrolytes at water-in-salt concentrations,10.1016/j.xcrp.2021.100510,mechanism,Na+/K+ synergy increases redox concentration but water-in-salt physicochemical limits impede proportional power gains,12.730331,4.660253
TG_0098_material,TG_0098,2022,Stimulating green energy potential in Sub-Saharan Africa: An analysis of copper-copper sulphate thermogalvanic cell architecture,10.1016/j.tsep.2022.101448,material,Cu/CuSO4 thermogalvanic cells with H2SO4 background electrolyte,14.323874,4.9134374
TG_0098_mechanism,TG_0098,2022,Stimulating green energy potential in Sub-Saharan Africa: An analysis of copper-copper sulphate thermogalvanic cell architecture,10.1016/j.tsep.2022.101448,mechanism,Cu/Cu2+ thermogalvanic redox under solar-attic temperature gradients converts low-grade heat to charge a battery,15.217461,3.0860863
TG_0099_material,TG_0099,2022,Development of a Method for Thermogalvanic Characterization of Li-Ion Electrodes: A Case Study in Thin-Film Anatase TiO2,10.1021/acs.chemmater.2c00904,material,thin-film anatase TiO2 Li-ion thermogalvanic electrode cell,13.70384,5.754075
TG_0099_mechanism,TG_0099,2022,Development of a Method for Thermogalvanic Characterization of Li-Ion Electrodes: A Case Study in Thin-Film Anatase TiO2,10.1021/acs.chemmater.2c00904,mechanism,iterative lithiation-state-controlled thermogalvanic profiling measures temperature-dependent equilibrium potential and nanoscale phase behavior for TREC design,13.210258,0.933419
TG_0100_material,TG_0100,2021,Thermogalvanic energy harvesting from forced convection cooling of 100-200 °C surfaces generating high power density,10.1039/d1se01264a,material,gamma-butyrolactone-based high-density thermogalvanic electrolyte in microchannel forced-convection cooling cell,14.550123,4.743994
TG_0100_mechanism,TG_0100,2021,Thermogalvanic energy harvesting from forced convection cooling of 100-200 °C surfaces generating high power density,10.1039/d1se01264a,mechanism,"microchannel flow forms thin thermal boundary layer on hot surface, maintaining large interelectrode temperature difference for redox thermogalvanic power during cooling",14.181327,1.742017
TG_0101_material,TG_0101,2018,Hybrid Photothermal Pyroelectric and Thermogalvanic Generator for Multisituation Low Grade Heat Harvesting,10.1002/aenm.201802397,material,carbon nanotube/cellulose nanocrystal photothermal nanocomposite with sponge-confined electrolyte hybrid pyroelectric/thermogalvanic generator,14.088739,6.1591506
TG_0101_mechanism,TG_0101,2018,Hybrid Photothermal Pyroelectric and Thermogalvanic Generator for Multisituation Low Grade Heat Harvesting,10.1002/aenm.201802397,mechanism,CNT/CNC photothermal/electrical conductivity and sponge heat localization enable simultaneous thermogalvanic and pyroelectric conversion across day/night conditions,12.721702,2.4018037
TG_0102_material,TG_0102,2020,Thermogalvanic cells: A side-by-side comparison of measurement methods,10.1016/j.jelechem.2020.114280,material,"thermogalvanic cells/electrolytes measured by load, current, potential, chronoamperometry, and LSV methods",13.778008,3.7251842
TG_0102_mechanism,TG_0102,2020,Thermogalvanic cells: A side-by-side comparison of measurement methods,10.1016/j.jelechem.2020.114280,mechanism,"measurement protocol, timescale, and electrode configuration strongly affect apparent current and power; normalized power by temperature difference is unreliable",14.217866,1.6352857
TG_0103_material,TG_0103,2018,The thermoelectrochemistry of the aqueous iron(ii)/iron(iii) redox couple: significance of the anion and pH in thermogalvanic thermal-to-electrical energy conversion,10.1039/c8se00416a,material,"aqueous Fe(ii)/Fe(iii) salts: ammonium iron sulfate, iron sulfate, iron triflate, iron nitrate",11.3227415,5.01668
TG_0103_mechanism,TG_0103,2018,The thermoelectrochemistry of the aqueous iron(ii)/iron(iii) redox couple: significance of the anion and pH in thermogalvanic thermal-to-electrical energy conversion,10.1039/c8se00416a,mechanism,"anion identity and pH control Fe(ii/iii) speciation/equilibria, changing Seebeck coefficient, current, and power output",14.725882,1.6766505
TG_0104_material,TG_0104,2020,Using iron sulphate to form both n-type and p-typepseudo-thermoelectrics: non-hazardous and 'second life' thermogalvanic cells,10.1039/d0gc01878c,material,aqueous iron(ii/iii) sulfate with sodium sulfate or sodium hydrogen sulfate,11.312072,4.9465303
TG_0104_mechanism,TG_0104,2020,Using iron sulphate to form both n-type and p-typepseudo-thermoelectrics: non-hazardous and 'second life' thermogalvanic cells,10.1039/d0gc01878c,mechanism,sulfate/bisulfate speciation forms n-type [Fe(SO4)2]-/2- or p-type [FeSO4]0/+ and [Fe(HSO4)]+/2+ thermocells safely,14.625853,3.6377718
TG_0105_material,TG_0105,2019,All-Day Thermogalvanic Cells for Environmental Thermal Energy Harvesting,10.34133/2019/2460953,material,"PPy broadband absorber/radiator, thermogalvanic cell, and Cu foam/PEG1000 thermal storage material",13.821269,4.7717566
TG_0105_mechanism,TG_0105,2019,All-Day Thermogalvanic Cells for Environmental Thermal Energy Harvesting,10.34133/2019/2460953,mechanism,"integrated heating, radiative cooling, and thermal storage maintain day/night temperature differences for continuous thermogalvanic output",14.082569,1.925678
TG_0106_material,TG_0106,2019,Success and failure in the incorporation of gold nanoparticles inside ferri/ferrocyanide thermogalvanic cells,10.1016/j.elecom.2019.03.007,material,gelled ferri/ferrocyanide thermogalvanic cells with gold nanoparticles at gel/electrode interface or throughout gel,11.559713,3.3628566
TG_0106_mechanism,TG_0106,2019,Success and failure in the incorporation of gold nanoparticles inside ferri/ferrocyanide thermogalvanic cells,10.1016/j.elecom.2019.03.007,mechanism,Au nanoparticles lower electron-transfer resistance initially but dissolve to passivating Prussian-blue analogues under ferri/ferrocyanide thermogalvanic conditions,11.597885,3.2401712
TG_0107_material,TG_0107,2020,Electrochemical Impedance Analysis of Thermogalvanic Cells,10.1007/s40242-020-0126-y,material,thermogalvanic cells with three electrode materials analyzed by electrochemical impedance,12.975133,4.642084
TG_0107_mechanism,TG_0107,2020,Electrochemical Impedance Analysis of Thermogalvanic Cells,10.1007/s40242-020-0126-y,mechanism,impedance model extracts kinetic rate constants and ion diffusion coefficients to diagnose electron-transfer and mass-transport limits,14.495436,0.73623
TG_0108_material,TG_0108,2019,Powerful Thermogalvanic Cells Based on a Reversible Hydrogen Electrode and Gas-Containing Electrolytes,10.1021/acsenergylett.9b00944,material,H2/H+ reversible hydrogen thermogalvanic cell with gas-containing electrolyte and 3D-printed H2/electrolyte microchannels,14.382489,5.4807997
TG_0108_mechanism,TG_0108,2019,Powerful Thermogalvanic Cells Based on a Reversible Hydrogen Electrode and Gas-Containing Electrolytes,10.1021/acsenergylett.9b00944,mechanism,internal gas/liquid transport and water-vapor entropy reduce heat convection and accelerate H2/H+ redox conversion,14.534131,1.2434013
TG_0109_material,TG_0109,2020,Sensitive and fast measurement of surface temperature with a thermogalvanic cell,10.1063/5.0002003,material,Au sheet in alkaline ferri-/ferrocyanide solution thermogalvanic temperature sensor,11.565129,3.0868077
TG_0109_mechanism,TG_0109,2020,Sensitive and fast measurement of surface temperature with a thermogalvanic cell,10.1063/5.0002003,mechanism,large Peltier coefficient at electrode-electrolyte junction enables microkelvin surface-temperature sensing limited by electrochemical thermal noise,12.913337,4.015015
TG_0110_material,TG_0110,2020,Thermogalvanic and local field effects in SiO2 structure,10.1007/s13204-020-01447-2,material,samarium(III) chloride inserted into mesoporous SiO2 hybrid structure,12.846069,5.9346414
TG_0110_mechanism,TG_0110,2020,Thermogalvanic and local field effects in SiO2 structure,10.1007/s13204-020-01447-2,mechanism,"thermostimulated depolarization shows thermogalvanic effect linked to dielectric permittivity, illumination, and magnetic-field-dependent local fields",13.583439,0.8481345
TG_0111_material,TG_0111,2018,Harnessing the thermogalvanic effect of the ferro/ferricyanide redox couple in a thermally chargeable supercapacitor,10.1016/j.electacta.2018.05.164,material,potassium ferrocyanide/ferricyanide gel electrolyte film with carbon cloth electrodes thermally chargeable supercapacitor,11.707544,4.2431674
TG_0111_mechanism,TG_0111,2018,Harnessing the thermogalvanic effect of the ferro/ferricyanide redox couple in a thermally chargeable supercapacitor,10.1016/j.electacta.2018.05.164,mechanism,ferri/ferrocyanide thermogalvanic Seebeck effect thermally charges redox pseudocapacitance for simultaneous energy conversion and storage,11.897656,2.984283
TG_0112_material,TG_0112,2017,"Poly(3,4-ethylenedioxythiophene)-tosylate (PEDOT-Tos) electrodes in thermogalvanic cells",10.1039/c7ta04891b,material,PEDOT-Tos conducting polymer electrodes with ferro/ferricyanide redox electrolyte,11.951037,4.299911
TG_0112_mechanism,TG_0112,2017,"Poly(3,4-ethylenedioxythiophene)-tosylate (PEDOT-Tos) electrodes in thermogalvanic cells",10.1039/c7ta04891b,mechanism,increased PEDOT-Tos thickness/multilayers improve electrode kinetics and approach platinum-like thermogalvanic power output,14.739457,1.0822107
TG_0113_material,TG_0113,2017,A solid state thermogalvanic cell harvesting low-grade thermal energy,10.1016/j.ijhydene.2017.08.111,material,proton-exchange-membrane hydrogen thermogalvanic cell with H2 in anode/cathode chambers,14.5526085,6.229547
TG_0113_mechanism,TG_0113,2017,A solid state thermogalvanic cell harvesting low-grade thermal energy,10.1016/j.ijhydene.2017.08.111,mechanism,"temperature gradient consumes H2 at cold side and regenerates it at hot side, circulating hydrogen for solid-state thermogalvanic conversion",13.158891,1.3754956
TG_0114_material,TG_0114,2018,Multi-cell thermogalvanic systems for harvesting energy from cyclic temperature changes,10.1016/j.jpowsour.2018.07.080,material,LiCoO2/Li battery stacks in dual-temperature and single-temperature thermogalvanic systems,12.1002245,1.42071
TG_0114_mechanism,TG_0114,2018,Multi-cell thermogalvanic systems for harvesting energy from cyclic temperature changes,10.1016/j.jpowsour.2018.07.080,mechanism,cyclic temperature changes charge/discharge lithium electrochemical stacks through temperature-dependent equilibrium potentials,13.084305,0.864494
TG_0115_material,TG_0115,2017,A hybrid of thermogalvanic and concentration galvanic cells as an effective device for converting low-potential heat energy into electricity,10.1016/j.ijheatmasstransfer.2017.01.069,material,"hybrid thermogalvanic/concentration galvanic cell with NaOH solutions, Ag/Ag2O or Fe/Fe(OH)2 electrodes, water-vapor chamber",13.036886,5.7169023
TG_0115_mechanism,TG_0115,2017,A hybrid of thermogalvanic and concentration galvanic cells as an effective device for converting low-potential heat energy into electricity,10.1016/j.ijheatmasstransfer.2017.01.069,mechanism,temperature-gradient distillation and NaOH hydrate solubility sustain concentration differences that add galvanic voltage to thermogalvanic conversion,13.000704,1.6109636
TG_0116_material,TG_0116,2016,Flexible organic photo-thermogalvanic cell for low power applications,10.1007/s10854-015-4043-7,material,flexible carbon/orange dye aqueous organic semiconductor/carbon thermogalvanic cell,13.920267,5.536621
TG_0116_mechanism,TG_0116,2016,Flexible organic photo-thermogalvanic cell for low power applications,10.1007/s10854-015-4043-7,mechanism,organic orange dye redox/semiconductor solution under heat or illumination temperature gradients produces negative thermogalvanic voltage,12.571467,1.3822342
TG_0117_material,TG_0117,2016,Thermogalvanic Currents in Steel Reinforced Concrete,10.1016/j.electacta.2015.11.138,material,steel-reinforced concrete and carbon steel/stainless steel couples in NaOH or chloride Ca(OH)2 solutions,11.536027,5.873025
TG_0117_mechanism,TG_0117,2016,Thermogalvanic Currents in Steel Reinforced Concrete,10.1016/j.electacta.2015.11.138,mechanism,temperature gradients reverse anodic/cathodic behavior near a 30 C critical point and drive thermogalvanic corrosion currents,12.177367,0.62686247
TG_0118_material,TG_0118,2015,Combining thermogalvanic corrosion and thermogalvanic redox couples for improved electrochemical waste heat harvesting,10.1016/j.elecom.2015.06.007,material,ferri/ferrocyanide and iodide/triiodide redox couples at platinum and stainless-steel electrodes,11.653159,5.557479
TG_0118_mechanism,TG_0118,2015,Combining thermogalvanic corrosion and thermogalvanic redox couples for improved electrochemical waste heat harvesting,10.1016/j.elecom.2015.06.007,mechanism,iodide/triiodide thermogalvanic redox combines with iodine-induced stainless-steel thermogalvanic corrosion to greatly increase apparent Seebeck coefficient,11.735879,5.427344
TG_0119_material,TG_0119,2016,High-Performance Thermogalvanic Cell Based on Organic Nanofluids,10.3866/PKU.WHXB201606281,material,CNT with glycerol/glycerin aqueous NaCl nanofluid and nanoporous carbon NaCl/glycerol mixtures,15.608298,5.829102
TG_0119_mechanism,TG_0119,2016,High-Performance Thermogalvanic Cell Based on Organic Nanofluids,10.3866/PKU.WHXB201606281,mechanism,temperature-dependent ion/molecule distribution and electric potential in confined nanofluid produce enhanced thermoelectric conversion,13.176645,0.9782028
TG_0120_material,TG_0120,2014,The amplifying effect of natural convection on power generation of thermogalvanic cells,10.1016/j.ijheatmasstransfer.2014.07.007,material,Cu/CuSO4 aqueous thermogalvanic cell with H2SO4 background electrolyte,14.402337,4.9778094
TG_0120_mechanism,TG_0120,2014,The amplifying effect of natural convection on power generation of thermogalvanic cells,10.1016/j.ijheatmasstransfer.2014.07.007,mechanism,natural convection governed by orientation and electrode spacing enhances Cu/Cu2+ mass transfer and power generation,14.592997,1.1925042
TG_0121_material,TG_0121,2013,Liquid Thermoelectrics: Review of Recent And Limited New Data of Thermogalvanic Cell Experiments,10.1080/15567265.2013.776149,material,aqueous and nonaqueous thermogalvanic redox cells including Cu/CuSO4,14.3064575,4.9574404
TG_0121_mechanism,TG_0121,2013,Liquid Thermoelectrics: Review of Recent And Limited New Data of Thermogalvanic Cell Experiments,10.1080/15567265.2013.776149,mechanism,reviewed thermogalvanic systems convert temperature gradients through redox entropy; Cu/CuSO4 follows characteristic Seebeck models,12.242586,1.3059944
TG_0122_material,TG_0122,2012,Thermogalvanic corrosion of Alloy 31 in different heavy brine LiBr solutions,10.1016/j.corsci.2011.10.001,material,Alloy 31 stainless steel electrodes in deaerated LiBr heavy brines,11.50175,5.8311553
TG_0122_mechanism,TG_0122,2012,Thermogalvanic corrosion of Alloy 31 in different heavy brine LiBr solutions,10.1016/j.corsci.2011.10.001,mechanism,"temperature gradient makes cold Alloy 31 anodic to hot electrode, but passive film evolution limits severe thermogalvanic corrosion",12.2081785,0.5853237
TG_0123_material,TG_0123,2012,Thermogalvanic corrosion and galvanic effects of copper and AISI 316L stainless steel pairs in heavy LiBr brines under hydrodynamic conditions,10.1016/j.corsci.2012.04.001,material,"copper/copper, AISI 316L/AISI 316L, and stainless-steel/copper pairs in LiBr brines",11.569142,5.9075165
TG_0123_mechanism,TG_0123,2012,Thermogalvanic corrosion and galvanic effects of copper and AISI 316L stainless steel pairs in heavy LiBr brines under hydrodynamic conditions,10.1016/j.corsci.2012.04.001,mechanism,"temperature-dependent electrode potentials create hot or cold cathodes and combined thermogalvanic/galvanic corrosion, especially for copper",12.814463,0.68588054
TG_0124_material,TG_0124,2011,Energy Harvesting and Storage with Lithium-Ion Thermogalvanic Cells,10.1149/1.3568820,material,symmetric Li-ion thermogalvanic cells with LixTiS2 or amorphous LixV2O5 electrodes and alkyl carbonate electrolytes,13.637572,5.7189403
TG_0124_mechanism,TG_0124,2011,Energy Harvesting and Storage with Lithium-Ion Thermogalvanic Cells,10.1149/1.3568820,mechanism,temperature-gradient charging and subsequent discharge arise from lithium-electrode thermogalvanic dE/dT near 1 mV/K,14.83155,3.0126898
TG_0125_material,TG_0125,2012,Thermogalvanic effects on the corrosion of copper in heavy brine LiBr solutions,10.1016/j.corsci.2012.06.012,material,copper electrodes in LiBr heavy brine solutions,11.485879,5.882343
TG_0125_mechanism,TG_0125,2012,Thermogalvanic effects on the corrosion of copper in heavy brine LiBr solutions,10.1016/j.corsci.2012.06.012,mechanism,temperature gradients form hot-anode Cu thermogalvanic cells; bromide-mediated copper electrodissolution causes sustained corrosion currents,12.184654,0.6989785
TG_0126_material,TG_0126,1996,"Power conversion efficiency, electrode separation, and overpotential in the ferricyanide/ferrocyonide thermogalvanic cell",10.1149/1.1837047,material,ferricyanide/ferrocyanide thermogalvanic cell with platinum electrodes and cold-above-hot configuration,11.769587,4.20469
TG_0126_mechanism,TG_0126,1996,"Power conversion efficiency, electrode separation, and overpotential in the ferricyanide/ferrocyonide thermogalvanic cell",10.1149/1.1837047,mechanism,larger electrode separation reduces current but improves efficiency plateau; ohmic overpotential dominates while convection prevents mass-transport limits,14.444375,1.1418278
TG_0127_material,TG_0127,1995,THE POWER CONVERSION EFFICIENCIES OF A THERMOGALVANIC CELL OPERATED IN 3 DIFFERENT ORIENTATIONS,10.1149/1.2048394,material,ferricyanide/ferrocyanide thermogalvanic cell in KCl with platinum electrodes,11.706698,4.166487
TG_0127_mechanism,TG_0127,1995,THE POWER CONVERSION EFFICIENCIES OF A THERMOGALVANIC CELL OPERATED IN 3 DIFFERENT ORIENTATIONS,10.1149/1.2048394,mechanism,"cell orientation controls convection, mass transport, and ohmic limitations, changing power conversion efficiency during continuous operation",14.476185,1.1984688
TG_0128_material,TG_0128,1994,THEORETICAL-STUDY OF THERMOGALVANIC CELLS IN STEADY-STATE,10.1016/0013-4686(94)80106-1,material,"steady-state thermogalvanic cells with diffusion, migration, and convection transport",14.423388,1.2061633
TG_0128_mechanism,TG_0128,1994,THEORETICAL-STUDY OF THERMOGALVANIC CELLS IN STEADY-STATE,10.1016/0013-4686(94)80106-1,mechanism,"mathematical transport/electrode-kinetics model predicts concentration profiles, current-voltage curves, and routes for improving thermogalvanic cells",14.326073,2.2448916
TG_0129_material,TG_0129,1994,THERMOELECTRIC EFFECTS IN ELECTROCHEMICAL SYSTEMS - NONCONVENTIONAL THERMOGALVANIC CELLS,10.1016/0378-7753(94)02015-9,material,"nonconventional electrochemical couples: macrocyclic metal complexes, molten-salt metal ions, lithium intercalates, semiconductor/molten-salt systems",13.211226,4.715508
TG_0129_mechanism,TG_0129,1994,THERMOELECTRIC EFFECTS IN ELECTROCHEMICAL SYSTEMS - NONCONVENTIONAL THERMOGALVANIC CELLS,10.1016/0378-7753(94)02015-9,mechanism,"thermoelectric ability depends on Seebeck coefficient, Z-factor, efficiency, and redox/electrode properties of alternative electrochemical systems",14.685667,1.5856767
TG_0130_material,TG_0130,2011,Effect of Temperature on Thermogalvanic Coupling of Alloy 31 in Libr Solutions Studied by Means of Imposed Potential Measurements,,material,"Alloy 31 stainless steel in 400, 700, and 992 g/L LiBr solutions",11.4887295,5.8756547
TG_0130_mechanism,TG_0130,2011,Effect of Temperature on Thermogalvanic Coupling of Alloy 31 in Libr Solutions Studied by Means of Imposed Potential Measurements,,mechanism,"higher temperature accelerates anodic/cathodic processes and shifts passive/pitting behavior, generally making the cold electrode the thermogalvanic anode",12.279724,0.60067385
TG_0131_material,TG_0131,2003,Thermoelectric power of M-H systems in molten salts and application to M-H thermogalvanic cell,10.1149/1.1580818,material,ZrH0.8 and TiH0.2 metal hydrides in LiCl-KCl eutectic melt containing hydride ion,14.16439,5.898934
TG_0131_mechanism,TG_0131,2003,Thermoelectric power of M-H systems in molten salts and application to M-H thermogalvanic cell,10.1149/1.1580818,mechanism,metal hydride/H- electrochemical reactions in molten salts produce thermoelectric power for M-H thermogalvanic cells,13.104775,4.7157655
TG_0132_material,TG_0132,1991,EXPERIMENTAL AND THEORETICAL-ANALYSIS OF A THERMOGALVANIC UNDIVIDED FLOW CELL WITH 2 AQUEOUS-ELECTROLYTES AT DIFFERENT TEMPERATURES,10.1007/BF01041456,material,undivided flow thermogalvanic cell with Fe(CN)6 3-/4- in NaOH and two aqueous electrolytes at different temperatures,14.685888,4.746394
TG_0132_mechanism,TG_0132,1991,EXPERIMENTAL AND THEORETICAL-ANALYSIS OF A THERMOGALVANIC UNDIVIDED FLOW CELL WITH 2 AQUEOUS-ELECTROLYTES AT DIFFERENT TEMPERATURES,10.1007/BF01041456,mechanism,separated hot/cold electrolyte streams maintain thermal boundary layers while Butler-Volmer kinetics and mass/charge transfer limit output,14.464508,0.95837855
TG_0133_material,TG_0133,2004,Hydrovoltaic cells. Part II: Thermogalvanic cells and numerical simulations of thermal diffusion potentials,10.1016/j.jelechem.2003.09.033,material,hydrovoltaic flow thermogalvanic cell with redox electrolyte solutions at different temperatures,14.658698,4.377957
TG_0133_mechanism,TG_0133,2004,Hydrovoltaic cells. Part II: Thermogalvanic cells and numerical simulations of thermal diffusion potentials,10.1016/j.jelechem.2003.09.033,mechanism,thermal diffusion potential plus temperature-dependent redox standard potential drives continuous current; finite-element model captures temperature distribution,13.143958,0.8381289
TG_0134_material,TG_0134,2025,MXene Hollow Microsphere-Boosted Nanocomposite Electrodes for Thermocells with Enhanced Thermal Energy Harvesting Capability,10.1021/acsnano.4c12294,material,Ti3C2Tx MXene hollow microsphere nanocomposite electrodes with Fe2+/3+ n-type thermocells,14.426147,5.043116
TG_0134_mechanism,TG_0134,2025,MXene Hollow Microsphere-Boosted Nanocomposite Electrodes for Thermocells with Enhanced Thermal Energy Harvesting Capability,10.1021/acsnano.4c12294,mechanism,"hollow MXene microspheres reduce restacking, increase active area, add oxygen terminations, and improve Fe2+/3+ redox kinetics",15.461839,1.0494163
TG_0135_material,TG_0135,2025,A Dual-Function Poly(vinyl alcohol) Hydrogel for Solar Water Production and Thermoelectric Energy Generation,10.1021/acssuschemeng.4c10855,material,PVA photothermal hydrogel with Ti2O3 nanoparticles/CNTs and PVA thermoelectric gels soaked with K3/K4[Fe(CN)6],15.412298,7.262216
TG_0135_mechanism,TG_0135,2025,A Dual-Function Poly(vinyl alcohol) Hydrogel for Solar Water Production and Thermoelectric Energy Generation,10.1021/acssuschemeng.4c10855,mechanism,"photothermal hydrogel generates temperature gradient for solar evaporation, while ferri/ferrocyanide thermogalvanic gels generate electricity",12.066292,2.3846714
TG_0136_material,TG_0136,2024,Double selective ionic gel with excellent thermopower and ultra-high energy density for low-quality thermal energy harvesting,10.1039/d3ee03759b,material,chitosan gel grafted with guanidinium salt ions and melamine containing FeCl3/FeCl2 electrolyte,14.654708,5.7984986
TG_0136_mechanism,TG_0136,2024,Double selective ionic gel with excellent thermopower and ultra-high energy density for low-quality thermal energy harvesting,10.1039/d3ee03759b,mechanism,"guanidinium promotes ion thermodiffusion and melamine selectively complexes/desorbs Fe3+, coupling thermodiffusion and thermogalvanic effects",13.634939,2.8085103
TG_0137_material,TG_0137,2026,A self-powered hydrogel electronic skin with decoupled multimodal sensing for closed-loop human-machine interactions,10.1038/s41467-026-69450-9,material,single-component PVA hydrogel e-skin with prismatic architecture,15.359305,5.2994566
TG_0137_mechanism,TG_0137,2026,A self-powered hydrogel electronic skin with decoupled multimodal sensing for closed-loop human-machine interactions,10.1038/s41467-026-69450-9,mechanism,"integrated thermogalvanic, piezoionic, and diffusion mechanisms decouple skin temperature, pulse, and sweat signals through temporal machine learning",11.910274,1.6281432
TG_0138_material,TG_0138,2025,High-performance p-n Thermocells by Interface Optimization Based on Liquid Metal for Powering Wearable Devices,10.1002/adfm.202417740,material,"p-type [Fe(CN)6]3-/4- and n-type Fe3+/Fe2+ hydrogel thermocells with chaotropic salts, Arrhenius acid, and liquid-metal electrodes",14.716705,3.6997287
TG_0138_mechanism,TG_0138,2025,High-performance p-n Thermocells by Interface Optimization Based on Liquid Metal for Powering Wearable Devices,10.1002/adfm.202417740,mechanism,salt-modified solvation and acid-stabilized Fe redox improve p/n thermopower while liquid metal lowers deformable electrode interface resistance,14.526523,0.7470968
TG_0139_material,TG_0139,2025,Large Temperature Dependence of Redox Potential Driven by Semiclathrate Hydrate Formation for Thermo-Electrochemical Conversion,10.1021/jacs.5c04430,material,ferro/ferricyanide and tetrabutylammonium fluoride electrolyte forming semiclathrate hydrate,11.738676,4.2171903
TG_0139_mechanism,TG_0139,2025,Large Temperature Dependence of Redox Potential Driven by Semiclathrate Hydrate Formation for Thermo-Electrochemical Conversion,10.1021/jacs.5c04430,mechanism,"semiclathrate hydrate formation/dissociation changes liquid-phase TBAF concentration and ferricyanide-cation ion pairing, boosting temperature coefficient",13.569641,1.804632
TG_0140_material,TG_0140,2024,Ionic thermoelectric materials: Innovations and challenges,10.1016/j.mtphys.2024.101375,material,ionic thermoelectric materials including thermodiffusive and thermogalvanic quasi-solid systems,16.006514,3.5846608
TG_0140_mechanism,TG_0140,2024,Ionic thermoelectric materials: Innovations and challenges,10.1016/j.mtphys.2024.101375,mechanism,"reviewed ion thermodiffusion, thermogalvanic redox, polymer networks, and electrode-electrolyte interactions govern ionic Seebeck and energy density",13.656463,2.5957747
TG_0141_material,TG_0141,2025,Solvent Replacement-Driven Ionic Liquid Thermoelectric Gel for Self-Powered Morse Code Communication Assisted by Machine Learning,10.1002/advs.202509400,material,PMAA-based ionic liquid thermoelectric gel with Fe2+/Fe3+ redox couples and carboxyl groups,15.684316,4.627438
TG_0141_mechanism,TG_0141,2025,Solvent Replacement-Driven Ionic Liquid Thermoelectric Gel for Self-Powered Morse Code Communication Assisted by Machine Learning,10.1002/advs.202509400,mechanism,Fe2+/Fe3+-COOH coordination and thermal-gradient ion migration couple redox reactions with polymer-chain motion for stable thermogalvanic voltage,15.154177,4.151138
TG_0142_material,TG_0142,2025,Pressure-enhanced thermopower of ionic thermoelectric gelatin for identifying materials with different thermal conductivities,10.1016/j.nanoen.2025.111156,material,ionic thermoelectric gelatin tactile sensor,15.9682455,4.3367352
TG_0142_mechanism,TG_0142,2025,Pressure-enhanced thermopower of ionic thermoelectric gelatin for identifying materials with different thermal conductivities,10.1016/j.nanoen.2025.111156,mechanism,pressure changes thermodiffusion/thermogalvanic thermopower and response-time differences decouple pressure and temperature signals,11.769139,1.6621537
TG_0143_material,TG_0143,2026,Modulating thermo-diffusion/galvanic coupling via ion speciation engineering enables high-performance ionic thermoelectric cells,10.1038/s41467-026-68721-9,material,binary PVA-CuCl2 gel with Cu2+/Cu+ stabilized by Cl- coordination species,15.003692,4.3165317
TG_0143_mechanism,TG_0143,2026,Modulating thermo-diffusion/galvanic coupling via ion speciation engineering enables high-performance ionic thermoelectric cells,10.1038/s41467-026-68721-9,mechanism,"Cu-Cl speciation tunes coupling between Cu2+/Cu+ thermogalvanic redox and thermodiffusion, producing giant n-type thermopower",13.702265,2.7419732
TG_0144_material,TG_0144,2020,Giant thermopower of ionic gelatin near room temperature,10.1126/science.aaz5045,material,"gelatin ionic thermoelectric matrix with KCl, NaCl, KNO3, and [Fe(CN)6]4-/3-",15.995067,5.3335414
TG_0144_mechanism,TG_0144,2020,Giant thermopower of ionic gelatin near room temperature,10.1126/science.aaz5045,mechanism,synergistic thermodiffusion of salt ions and ferri/ferrocyanide thermogalvanic effect creates giant positive thermopower,11.874121,3.0789754
TG_0145_material,TG_0145,2025,Improved Ionic Thermoelectric Performance of Adhesive and Self-Healing Cationic High-Entropy Gel Thermocell,10.1002/anie.202511293,material,cationic high-entropy gel G-FeCN4-/3--K+-Na+-Li+-Gdm+-Cs+,15.112076,2.278376
TG_0145_mechanism,TG_0145,2025,Improved Ionic Thermoelectric Performance of Adhesive and Self-Healing Cationic High-Entropy Gel Thermocell,10.1002/anie.202511293,mechanism,"multi-cation/anion interactions increase redox entropy change, exchange current density, and ionic conductivity for coupled thermogalvanic/thermodiffusion output",13.970462,2.3686829
TG_0146_material,TG_0146,2024,"Finger temperature-driven thermogalvainc gel-based smart pen: Utilized for identity recognition, stroke analysis, and grip posture assessment",10.1016/j.nanoen.2024.109366,material,PVA/gelatin thermogalvanic gel smart pen,15.570483,5.712883
TG_0146_mechanism,TG_0146,2024,"Finger temperature-driven thermogalvainc gel-based smart pen: Utilized for identity recognition, stroke analysis, and grip posture assessment",10.1016/j.nanoen.2024.109366,mechanism,"finger temperature drives thermogalvanic voltage and grip pressure changes resistance, enabling self-powered handwriting and posture recognition",11.385612,1.5384482
TG_0147_material,TG_0147,1993,THERMOGALVANIC BEHAVIOR OF ACIDIC CU-2+/CU SYSTEM INDUCED BY LASER IRRADIATION,10.1149/1.2220980,material,acidic Cu2+/Cu sulfate system under laser irradiation,11.316379,5.0286226
TG_0147_mechanism,TG_0147,1993,THERMOGALVANIC BEHAVIOR OF ACIDIC CU-2+/CU SYSTEM INDUCED BY LASER IRRADIATION,10.1149/1.2220980,mechanism,laser-induced local heating creates thermogalvanic copper deposition at moderate power; corrosion and incomplete Cu+ reduction dominate at high power,12.507482,0.59211594
TG_0148_material,TG_0148,2025,Thermo-electrochemical cells enable efficient and flexible power supplies: From materials to applications,10.1016/j.ensm.2024.103902,material,thermo-electrochemical cells across electrode and electrolyte materials,12.702941,4.568255
TG_0148_mechanism,TG_0148,2025,Thermo-electrochemical cells enable efficient and flexible power supplies: From materials to applications,10.1016/j.ensm.2024.103902,mechanism,"review summarizes thermocell redox thermodynamics, materials, operating parameters, and application limits for low-grade waste heat recovery",15.636105,3.1323519
TG_0149_material,TG_0149,2024,Highly conductive triple network hydrogel thermoelectrochemical cells with low-grade heat harvesting,10.1016/j.jpowsour.2024.234647,material,PAAm/PVA/cellulose nanofiber triple-network hydrogel soaked with Fe(CN)6 3-/4-,15.209819,6.227887
TG_0149_mechanism,TG_0149,2024,Highly conductive triple network hydrogel thermoelectrochemical cells with low-grade heat harvesting,10.1016/j.jpowsour.2024.234647,mechanism,fractal hydrogel microstructure gives high ionic conductivity while ferri/ferrocyanide thermogalvanic redox harvests low-grade heat,11.973417,2.8720264
TG_0150_material,TG_0150,1995,EXPERIMENTAL AND THEORETICAL SIMULATION OF THERMOGALVANIC CORROSION IN HEAT-EXCHANGERS,,material,iron plate in acid sulfate electrolyte under tangential temperature gradient,11.230886,5.0406837
TG_0150_mechanism,TG_0150,1995,EXPERIMENTAL AND THEORETICAL SIMULATION OF THERMOGALVANIC CORROSION IN HEAT-EXCHANGERS,,mechanism,nonisothermal temperature distribution drives thermogalvanic corrosion currents governed by electrochemical kinetics,12.334792,0.95481056
TG_0151_material,TG_0151,2001,Inhibition of thermogalvanic corrosion in sulfate media,10.1023/A:1004825315882,material,"iron plate in acid sulfate media with urotropine, benzotriazole, and thiocarbamide inhibitors",11.27253,5.0061154
TG_0151_mechanism,TG_0151,2001,Inhibition of thermogalvanic corrosion in sulfate media,10.1023/A:1004825315882,mechanism,acid-corrosion inhibitors suppress thermogalvanic currents and iron weight loss in the thermoelectric zone,12.118474,0.47487485
TG_0152_material,TG_0152,1999,Thermogalvanic effects in dissolution of an nonisothermic iron plate in acid media with various pH values,,material,nonisothermal iron plate in acid sulfate media at varied pH,11.259711,5.012897
TG_0152_mechanism,TG_0152,1999,Thermogalvanic effects in dissolution of an nonisothermic iron plate in acid media with various pH values,,mechanism,pH and temperature gradients jointly control current distribution and dissolution through electrochemical kinetic thermogalvanic effects,12.385727,1.0264978
TG_0153_material,TG_0153,2023,Constructing Flexible Film Electrode with Porous Layered Structure by MXene/SWCNTs/PANI Ternary Composite for Efficient Low-Grade Thermal Energy Harvest,10.1002/adfm.202209806,material,flexible Ti3C2Tx MXene/SWCNT/PANI ternary composite film electrodes,14.378362,5.0972004
TG_0153_mechanism,TG_0153,2023,Constructing Flexible Film Electrode with Porous Layered Structure by MXene/SWCNTs/PANI Ternary Composite for Efficient Low-Grade Thermal Energy Harvest,10.1002/adfm.202209806,mechanism,porous layered MXene/PANI/SWCNT structure increases electroactive area and synergistically improves mass and charge transport at electrolyte-electrode interface,15.144151,0.9225138
TG_0154_material,TG_0154,2026,3D printable shape-customized hydrogel thermocells,10.1093/nsr/nwaf518,material,3D-printed deep-eutectic-solvent eutogel hydrogel thermocells,14.506877,5.910589
TG_0154_mechanism,TG_0154,2026,3D printable shape-customized hydrogel thermocells,10.1093/nsr/nwaf518,mechanism,"DLP-printed eutogel networks enable shape-matched heat contact, improving thermal utilization, thermogalvanic output, and pressure sensitivity",12.844007,2.5703588
TG_0155_material,TG_0155,2025,Integrated Hydrogel-Based Photothermoelectric Device for Energy Harvesting,10.1021/acsami.5c07204,material,cotton/PPy photothermal layer with [Fe(CN)6]3-/4- thermoelectric hydrogel,14.999726,6.4521594
TG_0155_mechanism,TG_0155,2025,Integrated Hydrogel-Based Photothermoelectric Device for Energy Harvesting,10.1021/acsami.5c07204,mechanism,solar photothermal heating creates temperature gradients for ferri/ferrocyanide thermogalvanic output; body heat powers dark operation,12.114369,2.259975
TG_0156_material,TG_0156,2026,All-in-One Wearable Hydrogel Patch for Multimodal Visualized and Quantitative Heatstroke Monitoring,10.1021/acssensors.5c04692,material,dual-functional thermochromic thermogalvanic hydrogel patch with electrochemical Na+/K+ sweat interface,13.449005,4.889027
TG_0156_mechanism,TG_0156,2026,All-in-One Wearable Hydrogel Patch for Multimodal Visualized and Quantitative Heatstroke Monitoring,10.1021/acssensors.5c04692,mechanism,"hydrogel couples temperature visualization and thermoelectric sensing, while selective electrochemical module tracks sweat ions for heatstroke monitoring",12.957921,4.0903225
TG_0157_material,TG_0157,2025,Ultrathin Hydrogel e-Skin With High Resolution for Thermal and Tactile Haptics,10.1109/JSEN.2025.3578352,material,electrode-array/thermogalvanic hydrogel/electrode-array ultrathin e-skin with redox couple,15.384684,5.489493
TG_0157_mechanism,TG_0157,2025,Ultrathin Hydrogel e-Skin With High Resolution for Thermal and Tactile Haptics,10.1109/JSEN.2025.3578352,mechanism,horizontal thermogalvanic response maps temperature and vertical piezoresistive response maps pressure with reduced pixel crosstalk,11.63357,1.6529673
TG_0158_material,TG_0158,2025,Phase-Transitional Ionic Thermocells for the Enhanced Thermoelectric Efficiency,10.1021/acsami.5c04042,material,1-allyl-3-methylimidazolium chloride ionic-liquid thermogalvanic cell,12.203426,5.4451127
TG_0158_mechanism,TG_0158,2025,Phase-Transitional Ionic Thermocells for the Enhanced Thermoelectric Efficiency,10.1021/acsami.5c04042,mechanism,"solid-liquid phase transition between cold and hot regions increases Seebeck coefficient, power output, and thermoelectric figure of merit",14.762501,1.6280087
TG_0159_material,TG_0159,2025,A non-isothermal water formation cell for electrochemical heat recovery,10.1039/d5sc00892a,material,non-isothermal water-formation galvanic-thermogalvanic cell using net-zero hydrogen redox process,14.231754,5.454368
TG_0159_mechanism,TG_0159,2025,A non-isothermal water formation cell for electrochemical heat recovery,10.1039/d5sc00892a,mechanism,positive entropy water formation converts surrounding heat to electricity beyond conventional metal/halide redox thermogalvanic limits,12.548407,2.5377855
TG_0160_material,TG_0160,2025,Experimental investigations on thermally induced energy storage characteristics of hydrogel thermo-electrochemical cells for low-grade heat recovery,10.1016/j.energy.2025.138779,material,PAAm hydrogel with K3[Fe(CN)6]/K4[Fe(CN)6] and graphite electrodes,15.455691,7.16964
TG_0160_mechanism,TG_0160,2025,Experimental investigations on thermally induced energy storage characteristics of hydrogel thermo-electrochemical cells for low-grade heat recovery,10.1016/j.energy.2025.138779,mechanism,"temperature gradient aggregates ions near electrodes; gel hinders ion equilibration after gradient removal, enabling thermally induced charge storage",12.996781,1.9629387
TG_0161_material,TG_0161,2024,Liquid-flow thermocells with high hybrid entropy for low-grade heat harvesting,10.1016/j.nanoen.2024.109992,material,Y-shaped microchannel liquid-flow thermocell with separately injected equimolar oxidant/reductant electrolyte,14.772224,4.7601676
TG_0161_mechanism,TG_0161,2024,Liquid-flow thermocells with high hybrid entropy for low-grade heat harvesting,10.1016/j.nanoen.2024.109992,mechanism,"microchannel mixing induces redox-solvation interactions and hybrid entropy increase, enhancing thermogalvanic effect and mass transfer",15.684919,1.3384027
TG_0162_material,TG_0162,2024,A novel concentrated photovoltaic and ionic thermocells hybrid system for full-spectrum solar cascade utilization,10.1016/j.apenergy.2024.123033,material,"CPV-iTEC hybrid with pi-type multichannels, p/n redox electrolytes, and electrodes adhered to photovoltaic panel",13.131007,5.9543834
TG_0162_mechanism,TG_0162,2024,A novel concentrated photovoltaic and ionic thermocells hybrid system for full-spectrum solar cascade utilization,10.1016/j.apenergy.2024.123033,mechanism,ionic thermocell cools concentrated PV panel and harvests waste heat through high-Seebeck thermogalvanic electrolytes,13.404296,3.9683373
TG_0163_material,TG_0163,2025,Precipitation-Driven Thermoelectric Conversion and Energy Storage Integrated Device,10.1002/aenm.202502570,material,precipitation-driven thermogalvanic conversion and energy-storage integrated device,13.130776,2.6322255
TG_0163_mechanism,TG_0163,2025,Precipitation-Driven Thermoelectric Conversion and Energy Storage Integrated Device,10.1002/aenm.202502570,mechanism,"temperature-dependent precipitation changes redox/species distribution, coupling thermogalvanic conversion with electrochemical energy storage",12.864528,1.2228911
TG_0164_material,TG_0164,2026,Rational Design of Molybdenum Nitride Quantum Dot Engineered by Carbon Framework for Boosted Lithium-Ion Thermal Charging Cells,10.1002/adfm.202513969,material,molybdenum nitride quantum dots in carbon framework lithium-ion thermal charging cell,13.602264,4.3108435
TG_0164_mechanism,TG_0164,2026,Rational Design of Molybdenum Nitride Quantum Dot Engineered by Carbon Framework for Boosted Lithium-Ion Thermal Charging Cells,10.1002/adfm.202513969,mechanism,3D conductive carbon/Mo nitride quantum-dot electrode activates ion migration and redox kinetics for combined thermodiffusion/thermogalvanic thermal charging,13.62416,2.5735083
TG_0165_material,TG_0165,2024,Electrolyte Engineering of Quasi-Solid-State Thermocells for Low-Grade Heat Harvest at Sub-Zero Temperatures,10.1002/aenm.202402226,material,ethylene glycol/Ti3C2Tx MXene composite hydrogel thermocell electrolyte,15.188141,5.233035
TG_0165_mechanism,TG_0165,2024,Electrolyte Engineering of Quasi-Solid-State Thermocells for Low-Grade Heat Harvest at Sub-Zero Temperatures,10.1002/aenm.202402226,mechanism,EG increases redox solvation entropy and antifreezing ability; MXene reinforces gelation and water binding for subzero thermogalvanic operation,15.892837,1.4201525
TG_0166_material,TG_0166,2024,Wearable Device with High Thermoelectric Performance and Long-Lasting Usability Based on Gel-Thermocells for Body Heat Harvesting,10.1002/smll.202401427,material,BC/PAA/guanidinium chloride deep-eutectic-solvent gel with Fe(ClO4)2/3 and K3/4Fe(CN)6 p/n thermocells,14.689547,5.9983134
TG_0166_mechanism,TG_0166,2024,Wearable Device with High Thermoelectric Performance and Long-Lasting Usability Based on Gel-Thermocells for Body Heat Harvesting,10.1002/smll.202401427,mechanism,PAA-Fe3+ coordination and Gdm+-ferrocyanide crystallization improve n/p thermogalvanic performance while BC network prolongs usability,12.947388,3.2968073
TG_0167_material,TG_0167,2024,Thermoelectric Gel Enabling Self-Powered Facial Perception for Expression Recognition and Health Monitoring,10.1021/acssensors.4c03099,material,PVA-gellan gum-glycerol thermogalvanic gel facial patch,15.685956,5.856279
TG_0167_mechanism,TG_0167,2024,Thermoelectric Gel Enabling Self-Powered Facial Perception for Expression Recognition and Health Monitoring,10.1021/acssensors.4c03099,mechanism,"facial muscle-induced interfacial contact changes alter thermoelectric variation from face heat, enabling self-powered expression and health recognition",11.257497,1.5857625
TG_0168_material,TG_0168,2022,3D Hierarchical Electrodes Boosting Ultrahigh Power Output for Gelatin-KCl-FeCN4-/3- Ionic Thermoelectric Cells,10.1002/aenm.202103666,material,gelatin-KCl-FeCN4-/3- ionic thermoelectric cells with 3D hierarchical electrodes,16.031778,4.2794223
TG_0168_mechanism,TG_0168,2022,3D Hierarchical Electrodes Boosting Ultrahigh Power Output for Gelatin-KCl-FeCN4-/3- Ionic Thermoelectric Cells,10.1002/aenm.202103666,mechanism,hierarchical electrodes enlarge thermogalvanic reaction area and reduce charge-transfer resistance for high body-heat power output,14.576394,0.7166096
TG_0169_material,TG_0169,2026,"Ionic thermoelectrics based on Poly(3,4-ethylenedioxythiophene):Poly(styrenesulfonate): A mini-review",10.1016/j.synthmet.2026.118182,material,PEDOT:PSS-based ionic thermoelectric materials/devices,15.745004,3.6583145
TG_0169_mechanism,TG_0169,2026,"Ionic thermoelectrics based on Poly(3,4-ethylenedioxythiophene):Poly(styrenesulfonate): A mini-review",10.1016/j.synthmet.2026.118182,mechanism,"review compares thermodiffusion and thermogalvanic mechanisms; humidity, doping, morphology, and hybrid ionic-electronic transport govern performance",14.129549,2.6885788
TG_0170_material,TG_0170,2026,Multiple redox system for energy harvesting from ubiquitous temperature fluctuations,10.1016/j.cej.2026.177202,material,"multiple redox system with two thermogalvanic half-cells, opposite-entropy redox pairs, and cation-selective membrane",13.036562,5.579558
TG_0170_mechanism,TG_0170,2026,Multiple redox system for energy harvesting from ubiquitous temperature fluctuations,10.1016/j.cej.2026.177202,mechanism,temporal temperature fluctuations create alternating electromotive force from opposing temperature-dependent redox potentials,13.119142,0.75006837
TG_0171_material,TG_0171,2026,Engineering asymmetric solvation structures for synergistically boosted quasi-solid thermocells,10.1039/d6sc03942a,material,hydrogel thermocell electrolyte with trimethyl phosphate and ethylene glycol co-solvents,15.368899,5.2071123
TG_0171_mechanism,TG_0171,2026,Engineering asymmetric solvation structures for synergistically boosted quasi-solid thermocells,10.1039/d6sc03942a,mechanism,"co-solvent-engineered asymmetric solvation enlarges redox entropy difference, concentration gradient, and ion transport through hydrogel network",15.620325,1.8877438
TG_0172_material,TG_0172,2026,Heat-Triggered Self-Powered Thermal Cells for Autonomous Fire Sensing and Emergency Power Generation,10.1021/acsami.6c01028,material,asymmetric thermal cell with FeCl3/K4[Fe(CN)6] opposite-temperature-coefficient redox couples,15.45647,7.2294483
TG_0172_mechanism,TG_0172,2026,Heat-Triggered Self-Powered Thermal Cells for Autonomous Fire Sensing and Emergency Power Generation,10.1021/acsami.6c01028,mechanism,thermogalvanic effect plus electrochemical potential from high-entropy redox design generates heat-triggered voltage without spatial gradient,12.77487,1.5314548
TG_0173_material,TG_0173,2026,Enhanced thermoelectric response of liquid electrolytes confined in graphene oxide nanochannel membranes,10.1016/j.icheatmasstransfer.2026.111281,material,graphene oxide nanochannel membranes with KCl and Ag/AgCl electrodes,14.65327,6.784328
TG_0173_mechanism,TG_0173,2026,Enhanced thermoelectric response of liquid electrolytes confined in graphene oxide nanochannel membranes,10.1016/j.icheatmasstransfer.2026.111281,mechanism,nanoconfinement enhances ionic thermopower through competition between Soret thermodiffusion and temperature-dependent ion electrophoretic mobility,13.066136,0.95959216
TG_0174_material,TG_0174,2026,Thermal potential induced redox reaction enabled ionic thermoelectric generator,10.1016/j.nanoen.2025.111648,material,ionic thermoelectric generator with PEG clusters stabilized by alkoxide end groups,15.556527,4.4373503
TG_0174_mechanism,TG_0174,2026,Thermal potential induced redox reaction enabled ionic thermoelectric generator,10.1016/j.nanoen.2025.111648,mechanism,"ionic thermodiffusion-induced thermal potentials drive reversible redox reactions at electrode interfaces, enabling continuous current",13.572868,2.3179786
TG_0175_material,TG_0175,2026,Gutmann Donor Theory-Guided Design of Mononuclear Ionic Cluster for Exceptional N-Type Thermoelectric Ionogel,10.1002/advs.202520143,material,"ternary ionic-liquid ionogels with anion/cation clusters, polyacrylate elastomer, and cation dopants",12.382123,5.3400655
TG_0175_mechanism,TG_0175,2026,Gutmann Donor Theory-Guided Design of Mononuclear Ionic Cluster for Exceptional N-Type Thermoelectric Ionogel,10.1002/advs.202520143,mechanism,Gutmann-donor-guided anion doping reconfigures ionic clusters and increases anionic transport heat for high n-type thermopower,14.648829,2.8819427
TG_0176_material,TG_0176,2023,Solar-driven watersteam/brine production and brine-driven electricity generation by photothermal fabric coupled with osmotic membrane,10.1016/j.nanoen.2023.108844,material,cotton-carbon photothermal fabric hanging evaporator with cation-exchange membrane and Ag/AgCl osmotic generator,14.45007,6.3346286
TG_0176_mechanism,TG_0176,2023,Solar-driven watersteam/brine production and brine-driven electricity generation by photothermal fabric coupled with osmotic membrane,10.1016/j.nanoen.2023.108844,mechanism,"solar evaporation concentrates brine, and salinity gradient across membrane produces electricity via osmotic ion transport",12.738288,1.9673916
TG_0177_material,TG_0177,2016,Wearable Thermocells Based on Gel Electrolytes for the Utilization of Body Heat,10.1002/anie.201606314,material,positive and negative thermogalvanic gel electrolytes for wearable thermocells,13.67447,3.8928545
TG_0177_mechanism,TG_0177,2016,Wearable Thermocells Based on Gel Electrolytes for the Utilization of Body Heat,10.1002/anie.201606314,mechanism,p/n gel electrolytes with opposite thermo-electrochemical Seebeck coefficients connect in series to harvest body heat,12.747831,4.4412165
TG_0178_material,TG_0178,2022,High-thermopower polarized electrolytes enabled by methylcellulose for low-grade heat harvesting,10.1126/sciadv.abl5318,material,I-/I3- redox electrolyte with methylcellulose and KCl,15.126348,4.646601
TG_0178_mechanism,TG_0178,2022,High-thermopower polarized electrolytes enabled by methylcellulose for low-grade heat harvesting,10.1126/sciadv.abl5318,mechanism,thermoresponsive methylcellulose hydrophobic interaction with I3- switches polarization; gelation and KCl complexation enhance redox entropy/concentration difference,15.685003,2.151711
TG_0179_material,TG_0179,2023,Flexible hydrogel with a coupling enhanced thermoelectric effect for low-grade heat harvest,10.1016/j.mtsust.2022.100293,material,PAM/CMC double-network gel with Li2SO4 and [Fe(CN)6]4-/3-,15.48346,6.517714
TG_0179_mechanism,TG_0179,2023,Flexible hydrogel with a coupling enhanced thermoelectric effect for low-grade heat harvest,10.1016/j.mtsust.2022.100293,mechanism,Li2SO4 thermodiffusion and ferri/ferrocyanide thermogalvanic redox couple to produce high ionic Seebeck effect,11.829273,3.08657
TG_0180_material,TG_0180,2020,"Modular Deformable Steam Electricity Cogeneration System with Photothermal, Water, and Electrochemical Tunable Multilayers",10.1002/adfm.202002867,material,hydrogel/metal-oxide/polymer multilayer photothermal evaporator/thermogalvanic cell,14.488493,6.0513086
TG_0180_mechanism,TG_0180,2020,"Modular Deformable Steam Electricity Cogeneration System with Photothermal, Water, and Electrochemical Tunable Multilayers",10.1002/adfm.202002867,mechanism,"multilayer optical, water, thermal, and electrochemical management suppresses heat loss and couples solar steam generation with thermogalvanic power",13.22011,4.997385
TG_0181_material,TG_0181,2021,Stretchable and Freeze-Tolerant Organohydrogel Thermocells with Enhanced Thermoelectric Performance Continually Working at Subzero Temperatures,10.1002/adfm.202104071,material,organohydrogel thermocell with chaotropic comonomer and chaotropic cosolvent,15.181222,2.3933809
TG_0181_mechanism,TG_0181,2021,Stretchable and Freeze-Tolerant Organohydrogel Thermocells with Enhanced Thermoelectric Performance Continually Working at Subzero Temperatures,10.1002/adfm.202104071,mechanism,"chaotropic effect disrupts hydrogen bonding, increases polymer entropy elasticity, and enlarges entropy difference of thermogalvanic ions at subzero temperatures",15.507948,1.8922008
TG_0182_material,TG_0182,2023,Effect of solvation shell structure on thermopower of liquid redox pairs,10.1002/eom2.12385,material,Fe(CN)6 3-/4- and Fe3+/Fe2+ liquid redox pairs in water/acetone solvents,15.351685,6.1945043
TG_0182_mechanism,TG_0182,2023,Effect of solvation shell structure on thermopower of liquid redox pairs,10.1002/eom2.12385,mechanism,"acetone-rich solvation shells alter solvent dipole-orientation disorder around Fe ions, increasing redox thermopower",15.944757,1.4141613
TG_0183_material,TG_0183,2014,An electrochemical system for efficiently harvesting low-grade heat energy,10.1038/ncomms4942,material,copper hexacyanoferrate cathode and Cu/Cu2+ anode electrochemical thermal cycle,13.0458555,5.0263004
TG_0183_mechanism,TG_0183,2014,An electrochemical system for efficiently harvesting low-grade heat energy,10.1038/ncomms4942,mechanism,cell charges/discharges at different temperatures using thermogalvanic potential shifts to convert low-grade heat into electricity,15.206966,3.2412987
TG_0184_material,TG_0184,2022,Anti-Fatigue and Highly Conductive Thermocells for Continuous Electricity Generation,10.1002/adfm.202201021,material,"mechanically trained thermocells with hierarchical fibrils, aligned nanochannels, and thermogalvanic ions",16.063194,4.051165
TG_0184_mechanism,TG_0184,2022,Anti-Fatigue and Highly Conductive Thermocells for Continuous Electricity Generation,10.1002/adfm.202201021,mechanism,"bionic training aligns ion channels and toughens network, raising ionic conductivity, fatigue resistance, and continuous thermogalvanic output",12.941795,2.517683
TG_0185_material,TG_0185,2024,Self-assembled aerogel sheet electrodes of thermocells for low-grade heat harvest,10.1007/s11426-023-1912-8,material,self-assembled porous aerogel sheet electrodes for thermocells,14.060508,6.4290085
TG_0185_mechanism,TG_0185,2024,Self-assembled aerogel sheet electrodes of thermocells for low-grade heat harvest,10.1007/s11426-023-1912-8,mechanism,thin porous aerogel electrodes balance compactness and redox-active surface area to increase thermogalvanic output current,15.0183325,0.84588
TG_0186_material,TG_0186,2024,Nanostructured and porous antimony-doped tin oxide as electrode material for the heat-to-electricity energy conversion in thermo-electrochemical cells,10.1016/j.elecom.2024.107683,material,nanostructured porous Sb-doped SnO2 electrodes on FTO with potassium ferro/ferricyanide electrolyte,11.748168,4.2981415
TG_0186_mechanism,TG_0186,2024,Nanostructured and porous antimony-doped tin oxide as electrode material for the heat-to-electricity energy conversion in thermo-electrochemical cells,10.1016/j.elecom.2024.107683,mechanism,Sb:SnO2 provides Pt-like electron-transfer kinetics for ferri/ferrocyanide thermocells at lower electrode cost,11.586426,3.4190779
TG_0187_material,TG_0187,2025,Exploring Pyrazine-Based Organic Redox Couples for Enhanced Thermoelectric Performance in Wearable Energy Harvesters,10.1002/smll.202407622,material,"pyrazine organic redox couples, especially 2,5-pyrazinedicarboxylic acid dihydrate in PVA/PAAm hydrogel",15.377665,5.253749
TG_0187_mechanism,TG_0187,2025,Exploring Pyrazine-Based Organic Redox Couples for Enhanced Thermoelectric Performance in Wearable Energy Harvesters,10.1002/smll.202407622,mechanism,pyrazine functional groups tune redox entropy; PDCA hydrogel delivers high ionic Seebeck coefficient for wearable TEGs,15.049472,1.8892429
TG_0188_material,TG_0188,2025,Numerical study on heat and ion transport characteristics enables optimal design of aqueous thermocells for low-grade heat recovery,10.1016/j.applthermaleng.2024.124970,material,"aqueous thermocells modeled with diffusion, migration, convection, hot electrode temperature, spacing, and orientation",14.223956,1.3610324
TG_0188_mechanism,TG_0188,2025,Numerical study on heat and ion transport characteristics enables optimal design of aqueous thermocells for low-grade heat recovery,10.1016/j.applthermaleng.2024.124970,mechanism,"operating parameters alter natural convection, ion transport flux, and overpotentials, determining power density",14.489661,1.189762
TG_0189_material,TG_0189,2023,Ultra-stretchable hydrogel thermocouples for intelligent wearables,10.1007/s40843-022-2300-3,material,p-type and n-type dynamic-crosslinked thermogalvanic hydrogels in stretchable hydrogel thermocouple,14.469826,3.6123278
TG_0189_mechanism,TG_0189,2023,Ultra-stretchable hydrogel thermocouples for intelligent wearables,10.1007/s40843-022-2300-3,mechanism,"P/N thermogalvanic hydrogels maintain Seebeck sensitivity under strain, decoupling temperature sensing from stretching",11.958778,2.244967
TG_0190_material,TG_0190,2024,Photo-thermo-electric hydrogel with interlocking photothermal layer and hydrogel for enhancement of thermopower generation,10.1002/eom2.12428,material,Fe(CN)6 3-/4- thermoelectric hydrogel with polyphenol photothermal layer from pyrogallic acid oxidation,15.062467,6.329171
TG_0190_mechanism,TG_0190,2024,Photo-thermo-electric hydrogel with interlocking photothermal layer and hydrogel for enhancement of thermopower generation,10.1002/eom2.12428,mechanism,"photothermal layer converts light to heat, protects redox ions from UV, and interlocks with hydrogel to enhance photo-thermo-electric conversion",12.628229,2.4452646
TG_0191_material,TG_0191,2017,High thermopower of ferri/ferrocyanide redox couple in organic-water solutions,10.1016/j.nanoen.2016.11.014,material,ferri/ferrocyanide organic-water electrolyte with added organic solvent,11.535116,3.6535416
TG_0191_mechanism,TG_0191,2017,High thermopower of ferri/ferrocyanide redox couple in organic-water solutions,10.1016/j.nanoen.2016.11.014,mechanism,"organic solvent rearranges ferri/ferrocyanide solvation shell and increases redox entropy change, boosting thermopower",15.931053,1.4555923
TG_0192_material,TG_0192,2023,Aqueous eutectic hydrogel electrolytes enable flexible thermocells with a wide operating temperature range,10.1039/d2ta09385e,material,freeze-tolerant self-humidifying aqueous hydrogel electrolyte with low-concentration redox ions and Li+ hydration,14.312719,4.9167714
TG_0192_mechanism,TG_0192,2023,Aqueous eutectic hydrogel electrolytes enable flexible thermocells with a wide operating temperature range,10.1039/d2ta09385e,mechanism,Li+-water coordination and colligative effects suppress ice crystallization and preserve ion transport across wide temperatures,13.007352,3.2832017
TG_0193_material,TG_0193,2022,Vapor and heat dual-drive sustainable power for portable electronics in ambient environments,10.1039/d2ee00846g,material,"ternary aggregate of polyelectrolyte, conducting polymer, and redox couple vapor/heat dual-drive generator",14.08892,3.7365081
TG_0193_mechanism,TG_0193,2022,Vapor and heat dual-drive sustainable power for portable electronics in ambient environments,10.1039/d2ee00846g,mechanism,vapor-induced and heat-induced ion migration synergize with thermogalvanic redox to generate sustainable flexible power,13.085009,2.016384
TG_0194_material,TG_0194,2023,Tunable Electrochemical Entropy through Solvent Ordering by a Supramolecular Host,10.1021/jacs.3c10145,material,supramolecular host-guest redox entropy electrolyte for TREC,15.501917,2.3214247
TG_0194_mechanism,TG_0194,2023,Tunable Electrochemical Entropy through Solvent Ordering by a Supramolecular Host,10.1021/jacs.3c10145,mechanism,"electrochemical guest encapsulation displaces ordered cavity water, tuning solvent entropy rather than only redox-ion solvation",15.859851,1.4423112
TG_0195_material,TG_0195,2024,Zinc-iodine thermal charging cell engineered by cost-efficient electrolytes for low-grade heat harvesting,10.1016/j.jpowsour.2024.234325,material,zinc-iodine thermal charging cell with Zn(NO3)2/Zn(CH3COO)2/ZnSO4 electrolytes and I-/I3- redox species,15.009694,4.5843577
TG_0195_mechanism,TG_0195,2024,Zinc-iodine thermal charging cell engineered by cost-efficient electrolytes for low-grade heat harvesting,10.1016/j.jpowsour.2024.234325,mechanism,thermodiffusion of electrolyte ions plus I-/I3- conversion and Zn plating thermogalvanic processes generate high voltage and storage,13.236741,2.6343303
TG_0196_material,TG_0196,2024,Enhancing thermoelectric conversion efficiency of hydrogel-based supercapacitors by the three-dimensional ion channels hydration,10.1016/j.est.2024.110437,material,chitosan-polyacrylamide-SiO2 hydrogel supercapacitor with 3D ion-channel hydration,13.810879,5.221692
TG_0196_mechanism,TG_0196,2024,Enhancing thermoelectric conversion efficiency of hydrogel-based supercapacitors by the three-dimensional ion channels hydration,10.1016/j.est.2024.110437,mechanism,"functional groups confine water into polar corona, reduce thermally diffusing ion volume, and speed Li+ conduction for thermal charging",13.67363,3.4023068
TG_0197_material,TG_0197,2021,Simultaneous Solar Steam and Electricity Generation from Synergistic Salinity-Temperature Gradient,10.1002/aenm.202100481,material,solar interfacial evaporation system coupled with thermogalvanic cell and reverse electrodialysis,13.330027,5.475432
TG_0197_mechanism,TG_0197,2021,Simultaneous Solar Steam and Electricity Generation from Synergistic Salinity-Temperature Gradient,10.1002/aenm.202100481,mechanism,temperature and salinity gradients mutually enhance ion transport across TGC/RED composite electrodes for steam-electric cogeneration,13.748872,3.0393734
TG_0198_material,TG_0198,2024,Synergistic Anisotropic Network and Hierarchical Electrodes Endow Cost-Effective N-Type Quasi-Solid State Thermocell with Boosted Electricity Production,10.1002/smll.202310777,material,PVA-CuSO4-Cu n-type quasi-solid thermocell with anisotropic polymer network and hierarchical electrodes,16.217764,3.7212105
TG_0198_mechanism,TG_0198,2024,Synergistic Anisotropic Network and Hierarchical Electrodes Endow Cost-Effective N-Type Quasi-Solid State Thermocell with Boosted Electricity Production,10.1002/smll.202310777,mechanism,aligned ion transport pathways and optimized Cu/electrolyte interfaces improve thermogalvanic kinetics; salting-out strengthens mechanics,14.36664,2.5436563
TG_0199_material,TG_0199,2023,Stretchable and Durable Bacterial Cellulose-Based Thermocell with Improved Thermopower Density for Low-Grade Heat Harvesting,10.1021/acs.nanolett.3c02870,material,bacterial cellulose gel-state thermogalvanic cell nanofiber-macromolecular entanglement network,15.027874,6.0607204
TG_0199_mechanism,TG_0199,2023,Stretchable and Durable Bacterial Cellulose-Based Thermocell with Improved Thermopower Density for Low-Grade Heat Harvesting,10.1021/acs.nanolett.3c02870,mechanism,"BC nanofiber entanglement balances high ionic conductivity, mechanical durability, and redox thermogalvanic thermopower",12.887643,2.71846
TG_0200_material,TG_0200,2021,Ionic thermoelectric materials for near ambient temperature energy harvesting,10.1063/5.0032119,material,ionic thermoelectric materials using thermodiffusion/Soret and thermogalvanic effects,13.990663,3.0337782
TG_0200_mechanism,TG_0200,2021,Ionic thermoelectric materials for near ambient temperature energy harvesting,10.1063/5.0032119,mechanism,perspective compares ion-based Seebeck mechanisms and strategies for near-ambient heat harvesting in quasi-solid i-TE materials,16.047009,3.540795
TG_0201_material,TG_0201,2024,Large-area nanofiber membrane of NIR photothermal Cs0.32WO3 for flexible and all-weather solar thermoelectric generation,10.1016/j.cej.2023.147571,material,Cs0.32WO3 nanoparticle NIR photothermal nanofiber membrane coupled with thermogalvanic cell,14.253534,6.3334727
TG_0201_mechanism,TG_0201,2024,Large-area nanofiber membrane of NIR photothermal Cs0.32WO3 for flexible and all-weather solar thermoelectric generation,10.1016/j.cej.2023.147571,mechanism,NIR photothermal membrane concentrates solar heat to create large temperature gradient across p-n thermogalvanic module,12.620409,1.9416609
TG_0202_material,TG_0202,2017,Thermally Regenerative Electrochemical Cycle for Low-Grade Heat Harvesting,10.1021/acsenergylett.7b00568,material,thermally regenerative electrochemical cycle electrochemical cells,12.9517975,4.8857775
TG_0202_mechanism,TG_0202,2017,Thermally Regenerative Electrochemical Cycle for Low-Grade Heat Harvesting,10.1021/acsenergylett.7b00568,mechanism,TREC harvests low-grade heat by charging and discharging electrochemical cells at different temperatures using high temperature coefficients,15.249513,3.1930563
TG_0203_material,TG_0203,2019,Direct thermal charging cell for converting low-grade heat to electricity,10.1038/s41467-019-12144-2,material,"graphene oxide/platinum nanoparticle cathode, polyaniline anode, Fe2+/Fe3+ redox electrolyte direct thermal charging cell",14.666984,6.7327056
TG_0203_mechanism,TG_0203,2019,Direct thermal charging cell for converting low-grade heat to electricity,10.1038/s41467-019-12144-2,mechanism,"isothermal heating produces voltage through GO pseudocapacitance and Fe2+/Fe3+ thermogalvanic effect, then discharges by PANI oxidation/Fe3+ reduction",15.6748905,4.336139
TG_0204_material,TG_0204,2021,Thermally regenerative electrochemically cycled flow batteries with pH neutral electrolytes for harvesting low-grade heat,10.1039/d1cp01988k,material,pH-neutral TREC flow battery with KI/KI3 catholyte and K3/K4[Fe(CN)6] anolyte,15.388339,7.3112783
TG_0204_mechanism,TG_0204,2021,Thermally regenerative electrochemically cycled flow batteries with pH neutral electrolytes for harvesting low-grade heat,10.1039/d1cp01988k,mechanism,temperature-dependent redox potentials enable continuous low-grade heat harvesting; porous-electrode mass transfer and membrane resistance limit performance,13.303057,0.7316257
TG_0205_material,TG_0205,2022,Boosting solar-thermal-electric conversion of thermoelectrochemical cells by construction of a carboxymethylcellulose-interpenetrated polyacrylamide network,10.1039/d2ta00025c,material,CMC-interpenetrated PAAm hydrogel with thermogalvanic ions and CNT solar-thermal coating,14.754046,5.2942605
TG_0205_mechanism,TG_0205,2022,Boosting solar-thermal-electric conversion of thermoelectrochemical cells by construction of a carboxymethylcellulose-interpenetrated polyacrylamide network,10.1039/d2ta00025c,mechanism,"CMC interactions with water/polymer/redox ions improve mechanics, retention, and Seebeck response; CNT coating enables solar-thermal-electric conversion",13.268778,2.3899038
TG_0206_material,TG_0206,2019,Simultaneous energy harvesting and storage via solar-driven regenerative electrochemical cycles,10.1039/c9ee01930h,material,solar-driven regenerative electrochemical system with earth-abundant thermogalvanic redox species and bifunctional current collector/solar absorber,13.217883,5.078857
TG_0206_mechanism,TG_0206,2019,Simultaneous energy harvesting and storage via solar-driven regenerative electrochemical cycles,10.1039/c9ee01930h,mechanism,solar photothermal temperature gradient drives thermogalvanic conversion while electrochemical design stores harvested energy,12.387706,1.8119129
TG_0207_material,TG_0207,2017,Thermoelectrochemistry using conventional and novel gelled electrolytes in heat-to-current thermocells,10.1016/j.electacta.2016.12.152,material,gelled K3/K4[Fe(CN)6] thermocell electrolytes using agar agar/agarose or poly(sodium acrylate) beads,15.372292,7.335964
TG_0207_mechanism,TG_0207,2017,Thermoelectrochemistry using conventional and novel gelled electrolytes in heat-to-current thermocells,10.1016/j.electacta.2016.12.152,mechanism,"gelled electrolytes reduce spillage, stabilize output, and impede heat transfer relative to liquid ferri/ferrocyanide thermocells",11.5149,3.5271208
TG_0208_material,TG_0208,2021,Heat-triggered high-performance thermocells enable a self-powered forest fire alarm,10.1039/d1ta06793a,material,concentration-gradient thermocell with heat-triggered membrane start switch,12.869339,1.8150326
TG_0208_mechanism,TG_0208,2021,Heat-triggered high-performance thermocells enable a self-powered forest fire alarm,10.1039/d1ta06793a,mechanism,concentration gradients boost thermogalvanic output and membrane-triggered activation wakes device under fire heat,12.880758,1.6257346
TG_0209_material,TG_0209,2022,Thermally Chargeable Ammonium-Ion Capacitor for Energy Storage and Low-Grade Heat Harvesting,10.1002/batt.202200036,material,"thermally chargeable ammonium-ion capacitor with rGO-PI cold electrode, N-doped hollow carbon nanofiber hot electrode, and PAAm/PAA gel electrolyte",13.350824,5.8218527
TG_0209_mechanism,TG_0209,2022,Thermally Chargeable Ammonium-Ion Capacitor for Energy Storage and Low-Grade Heat Harvesting,10.1002/batt.202200036,mechanism,electrolyte thermodiffusion and C=O/C-O-NH4+ thermogalvanic redox combine to convert heat to stored electrical energy,13.522578,2.7495973
TG_0210_material,TG_0210,2023,Investigation of the Effective Voltage and Performance of Thermocells,10.1149/1945-7111/acd4ed,material,thermocells with thick porous/pin electrodes,13.957666,6.409218
TG_0210_mechanism,TG_0210,2023,Investigation of the Effective Voltage and Performance of Thermocells,10.1149/1945-7111/acd4ed,mechanism,internal electrode temperature gradients and cell resistances determine effective voltage and normalized power density in thermocells,14.002649,1.269465
TG_0211_material,TG_0211,2023,Reversible heat effects of lithium metal- and porous lithium iron phosphate electrodes,10.1016/j.electacta.2023.142739,material,lithium metal and near-fully-lithiated LFP thermogalvanic cells,13.386403,4.397967
TG_0211_mechanism,TG_0211,2023,Reversible heat effects of lithium metal- and porous lithium iron phosphate electrodes,10.1016/j.electacta.2023.142739,mechanism,Seebeck-derived Peltier heats reveal large LFP entropy changes near phase transition and reversible local heat effects,14.587337,2.0248663
TG_0212_material,TG_0212,2023,Thermoresponsive ionic liquid for electrochemical low-grade heat harvesting,10.1016/j.nanoen.2022.108022,material,thermoresponsive ionic liquid electrolyte in copper hexacyanoferrate TREC system,12.519407,5.6701975
TG_0212_mechanism,TG_0212,2023,Thermoresponsive ionic liquid for electrochemical low-grade heat harvesting,10.1016/j.nanoen.2022.108022,mechanism,"TRIL phase change alters ion solvation states during charge/discharge, increasing ultralow-grade heat harvesting efficiency",15.4667,3.1273842
TG_0213_material,TG_0213,2019,A CoHCF system with enhanced energy conversion efficiency for low-grade heat harvesting,10.1039/c9ta02426c,material,cobalt hexacyanoferrate and CoHCF/helical carbon nanotube TREC electrodes,13.195027,6.132315
TG_0213_mechanism,TG_0213,2019,A CoHCF system with enhanced energy conversion efficiency for low-grade heat harvesting,10.1039/c9ta02426c,mechanism,"HCNT complexing increases absolute temperature coefficient and lowers specific heat, improving TREC heat-to-electric conversion efficiency",14.366609,1.3141944
TG_0214_material,TG_0214,2017,Can charged colloidal particles increase the thermoelectric energy conversion efficiency?,10.1039/c7cp01023k,material,magnetic nanoparticle ferrofluids in aqueous potassium ferro/ferricyanide electrolytes,11.775011,4.362357
TG_0214_mechanism,TG_0214,2017,Can charged colloidal particles increase the thermoelectric energy conversion efficiency?,10.1039/c7cp01023k,mechanism,"charged colloids add nanoparticle/ion transfer entropy to thermogalvanic redox potential, modestly enhancing Seebeck coefficient under selected ionic conditions",15.002351,1.72303
TG_0215_material,TG_0215,2016,Harvesting Waste Heat in Unipolar Ion Conducting Polymers,10.1021/acsmacrolett.5b00829,material,unipolar ion-conducting solid-state polymer membranes,14.173092,3.6469536
TG_0215_mechanism,TG_0215,2016,Harvesting Waste Heat in Unipolar Ion Conducting Polymers,10.1021/acsmacrolett.5b00829,mechanism,thermogalvanic multicomponent transport in ion-conducting polymers creates high Seebeck voltage for flexible waste-heat devices,14.397091,3.025866
TG_0216_material,TG_0216,2016,Achieving pseudo-'n-type p-type' in-series and parallel liquid thermoelectrics using all-iron thermoelectrochemical cells with opposite Seebeck coefficients,10.1016/j.elecom.2016.10.001,material,potassium ferrocyanide/ferricyanide and iron(ii/iii) sulfate/sulfuric-acid thermocells,11.4053545,4.6028023
TG_0216_mechanism,TG_0216,2016,Achieving pseudo-'n-type p-type' in-series and parallel liquid thermoelectrics using all-iron thermoelectrochemical cells with opposite Seebeck coefficients,10.1016/j.elecom.2016.10.001,mechanism,opposite Seebeck signs allow pseudo n/p liquid thermoelectric cells connected in series or parallel without thermal short-circuit,15.429613,4.185764
TG_0217_material,TG_0217,2016,Substituted ferrocenes and iodine as synergistic thermoelectrochemical heat harvesting redox couples in ionic liquids,10.1039/c5cc05889a,material,"substituted ferrocenes, ferrocenium, iodine, triiodide in ionic liquids",12.002477,5.4357543
TG_0217_mechanism,TG_0217,2016,Substituted ferrocenes and iodine as synergistic thermoelectrochemical heat harvesting redox couples in ionic liquids,10.1039/c5cc05889a,mechanism,ferrocene-iodine charge-transfer complexes lower ferrocene electron density and synergistically enhance Seebeck coefficient and power,14.861632,1.5681252
TG_0218_material,TG_0218,2022,Nanostructuring Electrode Surfaces and Hydrogels for Enhanced Thermocapacitance,10.1021/acsanm.1c03273,material,[Fe(CN)6]3-/4- polyacrylate hydrogel with CNT and liquid-crystalline graphene oxide modified carbon cloth electrodes,15.237921,6.6845074
TG_0218_mechanism,TG_0218,2022,Nanostructuring Electrode Surfaces and Hydrogels for Enhanced Thermocapacitance,10.1021/acsanm.1c03273,mechanism,nanostructured electrodes increase electroactive area/rates while hydrogel neutralization controls redox mobility and thermocapacitance,15.166881,0.9170694
TG_0219_material,TG_0219,2022,Exploiting low-grade waste heat to produce electricity through supercapacitor containing carbon electrodes and ionic liquid electrolytes,10.1016/j.electacta.2021.139640,material,activated-carbon supercapacitors with EMIm TFSI or EMIm OAc ionic-liquid electrolytes,12.483385,5.4286084
TG_0219_mechanism,TG_0219,2022,Exploiting low-grade waste heat to produce electricity through supercapacitor containing carbon electrodes and ionic liquid electrolytes,10.1016/j.electacta.2021.139640,mechanism,homogeneous temperature changes create thermocapacitive voltage from asymmetric electrical-double-layer ion diffusivity without fixed gradient,12.712091,1.6335508
TG_0220_material,TG_0220,2016,Self-Powered Multimodal Temperature and Force Sensor Based-On a Liquid Droplet,10.1002/anie.201609088,material,liquid droplet self-powered sensor using reverse electrowetting and thermogalvanic effects,11.174727,1.6214956
TG_0220_mechanism,TG_0220,2016,Self-Powered Multimodal Temperature and Force Sensor Based-On a Liquid Droplet,10.1002/anie.201609088,mechanism,droplet deformation generates AC pulse voltage and temperature gradient generates DC thermogalvanic voltage for separated force/temperature sensing,12.435227,1.5690346
TG_0221_material,TG_0221,2020,The Soret effect in dry polymer electrolyte,10.1039/c9me00145j,material,dry PEO/LiTFSI polymer electrolyte with lithium metal electrodes,13.384195,4.407778
TG_0221_mechanism,TG_0221,2020,The Soret effect in dry polymer electrolyte,10.1039/c9me00145j,mechanism,thermogalvanic cell voltage measures Soret-induced Li salt concentration gradients and can also generate power,13.189286,1.658091
TG_0222_material,TG_0222,2021,Insight into the effect of the configuration entropy of additives on the Seebeck coefficient,10.1039/d1cp01153g,material,Fe(CN)6 4-/3- electrolyte with guanidinium or urea additives and membrane isolation,14.673989,6.0160427
TG_0222_mechanism,TG_0222,2021,Insight into the effect of the configuration entropy of additives on the Seebeck coefficient,10.1039/d1cp01153g,mechanism,additive coordination configuration entropy changes redox-pair entropy difference and Seebeck coefficient,15.520364,1.8204708
TG_0223_material,TG_0223,2018,Thermoelectricity and Thermodiffusion in Magnetic Nanofluids: Entropic Analysis,10.3390/e20060405,material,magnetic nanofluids with charged colloidal particles in liquid media,12.237094,4.9066577
TG_0223_mechanism,TG_0223,2018,Thermoelectricity and Thermodiffusion in Magnetic Nanofluids: Entropic Analysis,10.3390/e20060405,mechanism,thermogalvanic redox entropy and colloidal thermodiffusion entropy jointly determine thermoelectric potential under magnetic-field-dependent transport,13.609166,0.8029064
TG_0224_material,TG_0224,2021,Efficient Photo-Thermo-Electric Conversion Using Polyoxovanadate in Ionic Liquid for Low-Grade Heat Utilization,10.1002/cssc.202101532,material,polyoxovanadate NiV14 in ionic liquid,12.151714,5.462123
TG_0224_mechanism,TG_0224,2021,Efficient Photo-Thermo-Electric Conversion Using Polyoxovanadate in Ionic Liquid for Low-Grade Heat Utilization,10.1002/cssc.202101532,mechanism,NiV14 NIR photothermal conversion creates temperature gradients while multiple ions provide synergistic thermodiffusive and thermogalvanic voltage,12.376036,1.9042487
TG_0225_material,TG_0225,2018,Temperature effect upon the thermoelectrochemical potential generated between lithium metal and lithium ion intercalation electrodes in symmetric and asymmetric battery arrangements,10.1016/j.elecom.2017.12.005,material,lithium metal and solid lithium ferri/ferrocyanide intercalation electrodes in symmetric/asymmetric cells,13.371515,4.374738
TG_0225_mechanism,TG_0225,2018,Temperature effect upon the thermoelectrochemical potential generated between lithium metal and lithium ion intercalation electrodes in symmetric and asymmetric battery arrangements,10.1016/j.elecom.2017.12.005,mechanism,individual electrode thermogalvanic Seebeck coefficients combine nonlinearly in asymmetric battery assemblies under thermal gradients,14.100948,0.18499863
TG_0226_material,TG_0226,2014,Enhanced Thermoelectric Power in Ionic Liquids,10.1002/celc.201300074,material,McMT-/BMT thiolate/disulfide organic redox couple in EMIMBF4/acetonitrile ionic-liquid mixture,12.151271,5.3606434
TG_0226_mechanism,TG_0226,2014,Enhanced Thermoelectric Power in Ionic Liquids,10.1002/celc.201300074,mechanism,"ionic-liquid and redox-couple concentrations tune thermogalvanic reversibility, stability, and enhanced thermopower",12.22065,5.200405
TG_0227_material,TG_0227,2006,Thermodynamic description of heat and spin transport in magnetic nanostructures - art. no. 024419,10.1103/PhysRevB.73.024419,material,Co/Cu magnetic multilayers and related spin-dependent nanostructures,13.6221895,0.73125434
TG_0227_mechanism,TG_0227,2006,Thermodynamic description of heat and spin transport in magnetic nanostructures - art. no. 024419,10.1103/PhysRevB.73.024419,mechanism,temperature oscillation under dc current creates thermogalvanic voltage sensitive to spin-dependent Peltier coefficients and spin mixing,13.464947,0.85104924
TG_0228_material,TG_0228,2012,Novel carbon materials for thermal energy harvesting,10.1007/s10973-012-2311-9,material,reduced graphene oxide electrodes with K3/K4[Fe(CN)6] thermogalvanic electrolyte,15.264097,7.2144294
TG_0228_mechanism,TG_0228,2012,Novel carbon materials for thermal energy harvesting,10.1007/s10973-012-2311-9,mechanism,"higher ferri/ferrocyanide concentration lowers thermal conductivity and ohmic overpotential, while R-GO provides high mass-specific power",12.133522,2.78219
TG_0229_material,TG_0229,2013,Contribution of the flowing conditions to the galvanic corrosion of the copper/AISI 316L coupling in highly concentrated LiBr solutions,10.1016/j.corsci.2012.10.039,material,copper/AISI 316L stainless steel couples in concentrated LiBr brines,11.50702,5.851874
TG_0229_mechanism,TG_0229,2013,Contribution of the flowing conditions to the galvanic corrosion of the copper/AISI 316L coupling in highly concentrated LiBr solutions,10.1016/j.corsci.2012.10.039,mechanism,"temperature and flow rate increase galvanic and possible thermogalvanic corrosion currents, especially with cold copper anode",12.308199,0.57993394
TG_0230_material,TG_0230,2015,Thermobattery based on CNT Coated Carbon Textile and Thermoelectric Electrolyte,10.1007/s12541-015-0162-6,material,SWNT-coated carbon textile electrodes with Fe(CN)6 3-/4- thermoelectric electrolyte,15.0627,6.3168683
TG_0230_mechanism,TG_0230,2015,Thermobattery based on CNT Coated Carbon Textile and Thermoelectric Electrolyte,10.1007/s12541-015-0162-6,mechanism,SWNT coating lowers textile sheet resistance and increases redox reaction sites for thermogalvanic conversion,14.686738,0.7968234
TG_0231_material,TG_0231,1995,THERMOELECTRIC EFFECTS IN ELECTROCHEMICAL SYSTEMS,10.1021/ie00037a005,material,electrolytic solutions and electrode interfaces described by multicomponent transport equations,14.355116,2.5318956
TG_0231_mechanism,TG_0231,1995,THERMOELECTRIC EFFECTS IN ELECTROCHEMICAL SYSTEMS,10.1021/ie00037a005,mechanism,thermal diffusion and Dufour energy flux explain interfacial heat generation and temperature-dependent open-circuit potentials,12.999478,0.73436034
TG_0232_material,TG_0232,2004,The role of temperature gradients in residential copper pipe corrosion,10.1016/j.corsci.2003.11.001,material,residential copper pipes in simulated potable water under sustained temperature gradients,12.219324,0.7512551
TG_0232_mechanism,TG_0232,2004,The role of temperature gradients in residential copper pipe corrosion,10.1016/j.corsci.2003.11.001,mechanism,temperature gradients and convection generate sustained thermogalvanic currents affecting copper leaching and scale buildup,12.219581,0.89948374
TG_0233_material,TG_0233,2000,Some approaches to novel molten salt electrochemical processes,10.5796/electrochemistry.68.88,material,"molten-salt electrochemical systems including NaCl-ZnCl2, NaOH, LiCl-KCl-HCl, LiCl-KCl-LiH, LiCl-KCl-Li3N",13.139562,4.880005
TG_0233_mechanism,TG_0233,2000,Some approaches to novel molten salt electrochemical processes,10.5796/electrochemistry.68.88,mechanism,reviewed molten-salt processes include thermally regenerative fuel/thermogalvanic cells based on N2/N3- and other high-temperature electrochemical reactions,13.020437,4.8564277
TG_0234_material,TG_0234,2000,Thermoelectrochemical determination of standard entropy parameters for hydrogen ion in water-methanol solutions,10.1007/BF02757505,material,silver chloride thermogalvanic electrodes in HCl water-methanol solutions,10.681757,7.2894154
TG_0234_mechanism,TG_0234,2000,Thermoelectrochemical determination of standard entropy parameters for hydrogen ion in water-methanol solutions,10.1007/BF02757505,mechanism,temperature coefficients determine hydrogen-ion solvation/transfer entropies and entropy carried by H+/Cl- in mixed solvents,14.161531,0.08043329
TG_0235_material,TG_0235,2009,"Thermal diffusion of hydrogen chloride in aqueous solutions of N,N-dimethylformamide and acetone",10.1134/S0036024409070127,material,AgCl and quinhydrone thermogalvanic cells in HCl-water-DMF or HCl-water-acetone,10.6346655,7.3412247
TG_0235_mechanism,TG_0235,2009,"Thermal diffusion of hydrogen chloride in aqueous solutions of N,N-dimethylformamide and acetone",10.1134/S0036024409070127,mechanism,initial/stationary voltage temperature coefficients yield Soret coefficients and ion thermal-diffusion entropies,14.128559,0.08902346
TG_0236_material,TG_0236,2007,Spin mixing processes in magnetic nanostructures detected by thermoelectric measurements,10.1209/0295-5075/77/17002,material,"Co/Cu multilayered nanowires, Ni nanowires, and cobalt clusters in copper films",12.386947,5.805897
TG_0236_mechanism,TG_0236,2007,Spin mixing processes in magnetic nanostructures detected by thermoelectric measurements,10.1209/0295-5075/77/17002,mechanism,magneto-thermogalvanic voltage detects spin mixing and spin-channel-dependent heat/charge transport beyond magnetoresistance,13.587163,0.7350682
TG_0237_material,TG_0237,2005,The entropies of solvation and transfer of ions in the water-ethanol binary system at 298.15 K,,material,AgCl/quinhydrone thermogalvanic circuits in HCl-water-ethanol,10.637014,7.3384905
TG_0237_mechanism,TG_0237,2005,The entropies of solvation and transfer of ions in the water-ethanol binary system at 298.15 K,,mechanism,temperature-voltage coefficients determine ion solvation and transfer entropies in aqueous ethanol,14.132771,0.069431484
TG_0238_material,TG_0238,2006,Entropy characteristic of solvation and thermal diffusion of hydrogen chloride in water-1-propanol solutions: A thermoelectrochemical determination,10.1134/S1023193506090102,material,AgCl and quinhydrone electrodes in HCl-water-1-propanol,10.650419,7.3252707
TG_0238_mechanism,TG_0238,2006,Entropy characteristic of solvation and thermal diffusion of hydrogen chloride in water-1-propanol solutions: A thermoelectrochemical determination,10.1134/S1023193506090102,mechanism,thermogalvanic measurements calculate HCl Soret coefficients and mobile H+/Cl- entropies via De Bethune/Agar models,14.106492,0.030538237
TG_0239_material,TG_0239,2000,The behavior of higher manganese silicide single crystals under electrochemical treatment,10.1134/1.1307026,material,higher manganese silicide single crystals under electrochemical treatment,12.868707,4.7461267
TG_0239_mechanism,TG_0239,2000,The behavior of higher manganese silicide single crystals under electrochemical treatment,10.1134/1.1307026,mechanism,thermoelectric anisotropy and complex crystal structure may cause carrier redistribution or bulk thermogalvanic-like metallization,13.185724,3.4405708
TG_0240_material,TG_0240,1994,USE OF SOLID-ELECTROLYTE CELL AS AN ACTIVE LOW-TEMPERATURE SENSOR,10.1016/0924-4247(94)00778-0,material,solid-electrolyte thermogalvanic temperature sensor,11.822887,1.9870056
TG_0240_mechanism,TG_0240,1994,USE OF SOLID-ELECTROLYTE CELL AS AN ACTIVE LOW-TEMPERATURE SENSOR,10.1016/0924-4247(94)00778-0,mechanism,solid-electrolyte cell voltage changes linearly with low-temperature variation for active high-sensitivity sensing,12.122894,1.8553541
TG_0241_material,TG_0241,1996,Complex diagnostics of the corrosion of heat exchangers,,material,carbon steel and copper heat-exchanger models in hydrocarbonate and chloride media,11.592217,5.88539
TG_0241_mechanism,TG_0241,1996,Complex diagnostics of the corrosion of heat exchangers,,mechanism,thermogalvanic and heat-transfer corrosion can amplify total losses and local damage under heat-exchanger conditions,12.48197,0.6712996
TG_0242_material,TG_0242,2006,The thermal diffusion of hydrogen chloride in aqueous solutions of acetonitrile,10.1134/S0036024406090135,material,AgCl/quinhydrone thermogalvanic elements in HCl-water-acetonitrile,10.57948,7.3956966
TG_0242_mechanism,TG_0242,2006,The thermal diffusion of hydrogen chloride in aqueous solutions of acetonitrile,10.1134/S0036024406090135,mechanism,temperature-voltage coefficients determine Soret coefficients and H+/Cl- thermal diffusion entropies in acetonitrile-water,14.088043,0.05561109
TG_0243_material,TG_0243,2006,Standard characteristics of thermodiffusion of hydrogen chloride in the water-2-propanol system at 298.15 K,10.1134/S0036024406070259,material,Ag/AgCl and quinhydrone thermogalvanic cells in HCl-water-2-propanol,10.593452,7.381802
TG_0243_mechanism,TG_0243,2006,Standard characteristics of thermodiffusion of hydrogen chloride in the water-2-propanol system at 298.15 K,10.1134/S0036024406070259,mechanism,symmetric thermogalvanic cells determine thermodiffusion entropies and Soret coefficients of HCl in aqueous 2-propanol,14.078746,0.00092972623
TG_0244_material,TG_0244,2006,Electrochemical determination of standard thermal diffusion characteristics for chlorides of hydrogen and potassium in water-ethanol solutions,10.1134/S1023193506090047,material,AgCl/quinhydrone thermogalvanic cells in HCl-water-ethanol and KCl-water-ethanol,10.629865,7.347492
TG_0244_mechanism,TG_0244,2006,Electrochemical determination of standard thermal diffusion characteristics for chlorides of hydrogen and potassium in water-ethanol solutions,10.1134/S1023193506090047,mechanism,"temperature coefficients quantify H+, K+, and Cl- thermal diffusion transport and solvent-composition effects",14.238688,0.26531458
TG_0245_material,TG_0245,2025,High performance eutectogel-based thermocell with a wide operating temperature range through a water-containing deep eutectic solvent strategy,10.1016/j.cej.2025.159714,material,water-containing deep-eutectic-solvent double-network eutectogel with [Fe(CN)6]3-/4-,14.7817545,6.136577
TG_0245_mechanism,TG_0245,2025,High performance eutectogel-based thermocell with a wide operating temperature range through a water-containing deep eutectic solvent strategy,10.1016/j.cej.2025.159714,mechanism,"DES/water modulates redox solvent shells, improves ferri/ferrocyanide solubility, prevents freezing/evaporation, and widens operating range",11.638696,3.0037212
TG_0246_material,TG_0246,2025,Water-Thermal Self-Cycling Thermoelectric Hydrogel for Continuous Energy Harvesting from Body Heat,10.1002/aenm.202500540,material,self-cycling thermoelectric hydrogel for body heat harvesting,15.372631,3.612642
TG_0246_mechanism,TG_0246,2025,Water-Thermal Self-Cycling Thermoelectric Hydrogel for Continuous Energy Harvesting from Body Heat,10.1002/aenm.202500540,mechanism,"autonomous water-thermal cycling and optimized ionic interactions preserve hydration, enlarge temperature gradient, and raise Seebeck coefficient",14.646699,1.8359065
TG_0247_material,TG_0247,2025,Dual-modal hydrogels with synergistically enhanced mechanical-thermoelectric performance for intelligent wearable sensing and automotive temperature feedback systems,10.1016/j.nanoen.2025.111057,material,NIPAM/MEMSA/DMF hydrogel electrolyte with [Fe(CN)6]3-/4- and guanidine hydrochloride,15.4114895,6.4323907
TG_0247_mechanism,TG_0247,2025,Dual-modal hydrogels with synergistically enhanced mechanical-thermoelectric performance for intelligent wearable sensing and automotive temperature feedback systems,10.1016/j.nanoen.2025.111057,mechanism,Hofmeister/non-covalent interactions strengthen hydrogel while MEMSA/GdmCl tune ferricyanide solvation to enhance Seebeck coefficient,14.9573555,1.8481253
TG_0248_material,TG_0248,2026,Ion transport control in electrolytes via electrochemical doping,10.1073/pnas.2532302123,material,electroactive polymer-doped hydrogels using polyaniline emeraldine base/leucoemeraldine base and mobile counterions,14.141814,3.9260073
TG_0248_mechanism,TG_0248,2026,Ion transport control in electrolytes via electrochemical doping,10.1073/pnas.2532302123,mechanism,redox/binding interactions immobilize one ion type and create selective n/p unipolar ion transport for boosted thermoelectrochemical devices,14.3881035,2.898391
TG_0249_material,TG_0249,2025,Simultaneously Modulating Solvation and Water Structure for High-Performance Antifreezing n-Type Liquid Thermocells,10.1021/acsmaterialslett.4c02193,material,n-type liquid thermocell with acetonitrile/water cosolvent antifreezing electrolyte and reduced metal ion pair,14.751038,3.9193275
TG_0249_mechanism,TG_0249,2025,Simultaneously Modulating Solvation and Water Structure for High-Performance Antifreezing n-Type Liquid Thermocells,10.1021/acsmaterialslett.4c02193,mechanism,"acetonitrile selectively solvates reduced metal ion and disrupts water structure, enhancing n-type thermopower and subfreezing operation",14.691683,3.2348611
TG_0250_material,TG_0250,2026,Antisolvent engineering enhanced high-entropy liquid flow thermocells with giant power densities for low-grade heat harvesting,10.1039/d5ee04880j,material,K4Fe(CN)6/K3Fe(CN)6 aqueous liquid-flow thermocells with ethanol antisolvent in Y-shaped channel,14.84722,4.835283
TG_0250_mechanism,TG_0250,2026,Antisolvent engineering enhanced high-entropy liquid flow thermocells with giant power densities for low-grade heat harvesting,10.1039/d5ee04880j,mechanism,"ethanol intercalates into ferrocyanide solvation shell and increases solvation entropy/disorder, greatly boosting thermogalvanic power",15.908057,1.3880612
TG_0251_material,TG_0251,2025,"A Room-Temperature Excessively Concentrated Polyanionic Polymer Hydrogel Thermocell with High Absorbency, Retainability and Extensibility",10.1021/acsaem.5c00167,material,PANa-SA polyanionic hydrogel thermocell with concentrated K3/K4[Fe(CN)6],15.419983,7.289241
TG_0251_mechanism,TG_0251,2025,"A Room-Temperature Excessively Concentrated Polyanionic Polymer Hydrogel Thermocell with High Absorbency, Retainability and Extensibility",10.1021/acsaem.5c00167,mechanism,"carboxylate-rich sodium polyacrylate/sodium alginate lowers redox mass-transfer resistance and retains water, enabling high-concentration ferri/ferrocyanide output",14.616921,0.7023101
TG_0252_material,TG_0252,2026,Convection Effect on Resistance Components in Liquid Thermoelectric Converter,10.7566/JPSJ.95.044601,material,liquid thermoelectric converter analyzed with rotating disk electrode,15.479922,4.211284
TG_0252_mechanism,TG_0252,2026,Convection Effect on Resistance Components in Liquid Thermoelectric Converter,10.7566/JPSJ.95.044601,mechanism,convective mass transfer reduces diffusion resistance while solution and charge-transfer resistances remain largely unchanged,14.524788,0.67166674
TG_0253_material,TG_0253,2026,Role of strong electrolytes on resistivity components in a liquid themoelectronic converter,10.35848/1347-4065/ae2ec1,material,Fe(ClO4)2/Fe(ClO4)3 aqueous and methanol liquid thermoelectric converters with NaClO4 supporting electrolyte,14.787556,4.3185773
TG_0253_mechanism,TG_0253,2026,Role of strong electrolytes on resistivity components in a liquid themoelectronic converter,10.35848/1347-4065/ae2ec1,mechanism,supporting electrolyte lowers solution resistance but raises charge-transfer/diffusion resistance through viscosity and concentration effects,14.400263,0.7517228
TG_0254_material,TG_0254,2026,High-Performance Cu-Based Liquid Thermocells Enabled by Thermosensitive Crystallization and Etched Carbon Cloth Electrode,10.1007/s40820-025-01977-w,material,Cu+/Cu2+ liquid thermocells with thermosensitive crystallization and etched carbon cloth electrodes,13.114734,3.5240176
TG_0254_mechanism,TG_0254,2026,High-Performance Cu-Based Liquid Thermocells Enabled by Thermosensitive Crystallization and Etched Carbon Cloth Electrode,10.1007/s40820-025-01977-w,mechanism,Cu2+ crystallization sustains concentration gradient for higher thermopower; etched carbon cloth accelerates redox kinetics,13.079594,3.4162788
TG_0255_material,TG_0255,2026,Adiabatic Thermal Runaway Behaviors of Lithium-Ion Batteries With High-Capacity Cathodes (LiNi0.9Co0.05Mn0.05 O2 and LiFePO4) at the Cell Level: A Comparative Study,10.1115/1.4071375,material,129 Ah LiNi0.9Co0.05Mn0.05O2 and 107 Ah LiFePO4 lithium-ion cells,13.391097,4.3984876
TG_0255_mechanism,TG_0255,2026,Adiabatic Thermal Runaway Behaviors of Lithium-Ion Batteries With High-Capacity Cathodes (LiNi0.9Co0.05Mn0.05 O2 and LiFePO4) at the Cell Level: A Comparative Study,10.1115/1.4071375,mechanism,"different cathode chemistries and heat-generation kinetics produce distinct adiabatic thermal-runaway onset, warning time, and peak temperature",12.4906645,1.106094
TG_0256_material,TG_0256,2025,Giant and bidirectionally tunable ionic thermopower in Cu-based liquid flow thermocells enabled by solvation entropy for low-grade heat harvesting,10.1039/d5ta05193b,material,CuSO4/H2SO4 liquid-flow thermocell with Cu walls and foam Cu electrodes,14.676969,4.7695656
TG_0256_mechanism,TG_0256,2025,Giant and bidirectionally tunable ionic thermopower in Cu-based liquid flow thermocells enabled by solvation entropy for low-grade heat harvesting,10.1039/d5ta05193b,mechanism,Cu2+-H+/SO42- solvation entropy tuning enables n-p thermopower conversion and forced-flow power enhancement,15.856612,1.4476221
TG_0257_material,TG_0257,2025,Cost-effective n-type liquid flow thermocells with giant ionic thermopower and power density through solvation entropy engineering for low-grade heat harvesting,10.1016/j.cej.2025.168815,material,FeCl3/FeCl2 separate-flow n-type liquid-flow thermocell,14.751432,4.656361
TG_0257_mechanism,TG_0257,2025,Cost-effective n-type liquid flow thermocells with giant ionic thermopower and power density through solvation entropy engineering for low-grade heat harvesting,10.1016/j.cej.2025.168815,mechanism,mixing degrades Fe(H2O)5Cl2+ complexes and increases Fe3+-water redox solvation entropy and kinetics,15.853764,1.3167089
TG_0258_material,TG_0258,2024,Thermoelectric Hydrogel Electronic Skin for Passive Multimodal Physiological Perception,10.1021/acssensors.3c02172,material,"PVA/low-acyl gellan gum hydrogel with [Fe(CN)6]4-/3-, glycerol, and Li+",15.694691,6.11787
TG_0258_mechanism,TG_0258,2024,Thermoelectric Hydrogel Electronic Skin for Passive Multimodal Physiological Perception,10.1021/acssensors.3c02172,mechanism,ferri/ferrocyanide thermogalvanic hydrogel with glycerol/Li+ anti-drying/antifreezing enables passive multimodal physiological sensing,11.571608,2.8433168
TG_0259_material,TG_0259,2025,In Situ Hofmeister Effect in Polymer Solution by Hydrophobic I3 - for Multifunctional Hydrogel,10.1021/acs.nanolett.5c04372,material,I2/I--generated hydrophobic I3- multifunctional hydrogel,14.994885,5.486014
TG_0259_mechanism,TG_0259,2025,In Situ Hofmeister Effect in Polymer Solution by Hydrophobic I3 - for Multifunctional Hydrogel,10.1021/acs.nanolett.5c04372,mechanism,"in situ Hofmeister effect from I3- rapidly forms reconstructable, self-healing, redox-active hydrogel for self-powered temperature/strain sensing",11.224446,1.5936388
TG_0260_material,TG_0260,2026,Multi-material 3D printing of self-powered sensors based on ionic thermoelectric hydrogels,10.1080/17452759.2026.2638660,material,3D-printable gelatin/kappa-carrageenan hydrogel with SO42-/SO32- redox couple and silicone encapsulation,16.134169,4.969214
TG_0260_mechanism,TG_0260,2026,Multi-material 3D printing of self-powered sensors based on ionic thermoelectric hydrogels,10.1080/17452759.2026.2638660,mechanism,double-network porous printable hydrogel improves ion transport and deformation-stable thermogalvanic output,13.100361,3.0308678
TG_0261_material,TG_0261,2026,Programmable Electrochemical Thermopower via Cation Storage Mode and Structural Order,10.1002/cssc.202502685,material,anatase TiO2 Li+ and Na+ intercalation/EDL electrodes with 30 nm and 5 nm particles,13.714906,5.8160443
TG_0261_mechanism,TG_0261,2026,Programmable Electrochemical Thermopower via Cation Storage Mode and Structural Order,10.1002/cssc.202502685,mechanism,"cation storage mode, structural disorder, and interfacial entropy tune electrochemical thermopower within TiO2",15.489964,1.1859871
TG_0262_material,TG_0262,2026,Efficient seawater desalination enabled by temperature-regulated electrolyte gradient,10.1016/j.cej.2026.178256,material,ETRD system with LiFePO4/FePO4 solid mediator loops and thermocell,12.927393,5.647543
TG_0262_mechanism,TG_0262,2026,Efficient seawater desalination enabled by temperature-regulated electrolyte gradient,10.1016/j.cej.2026.178256,mechanism,temperature-regulated electrolyte gradient amplifies thermogalvanic output and drives continuous redox desalination,12.71304,1.5935405
TG_0263_material,TG_0263,2026,Robust thermocells based on deep eutectic solvent-tailored gel electrolytes for low-grade heat harvesting,10.1016/j.jechem.2026.05.024,material,DES/PVA gel electrolyte with [Fe(CN)6]3-/4-,15.160322,6.526328
TG_0263_mechanism,TG_0263,2026,Robust thermocells based on deep eutectic solvent-tailored gel electrolytes for low-grade heat harvesting,10.1016/j.jechem.2026.05.024,mechanism,"deep eutectic solvent densifies/crystallizes PVA network and asymmetrically solvates ferri/ferrocyanide, improving robustness and thermopower",14.544143,5.934857
TG_0264_material,TG_0264,2025,Sensitivity Factors of Thermally Regenerative Electrochemical Cycle Systems Using Fuel Cell's Waste Heat,10.3390/en18205422,material,TREC systems using fuel-cell waste heat and redox pairs,12.906166,5.4990144
TG_0264_mechanism,TG_0264,2025,Sensitivity Factors of Thermally Regenerative Electrochemical Cycle Systems Using Fuel Cell's Waste Heat,10.3390/en18205422,mechanism,sensitivity analysis shows redox thermal coefficients and membrane active area dominate TREC heat-recovery performance,13.432813,0.59335786
TG_0265_material,TG_0265,2025,Enhancing P-type and N-type thermocells performance with carboxylated chitosan additive,10.1016/j.jpowsour.2025.236165,material,P-type and N-type redox thermocells with carboxylated chitosan additive and MPC Metal/PET/carbon-felt packing,14.627562,3.6325867
TG_0265_mechanism,TG_0265,2025,Enhancing P-type and N-type thermocells performance with carboxylated chitosan additive,10.1016/j.jpowsour.2025.236165,mechanism,carboxylated chitosan enhances Seebeck coefficients for both p/n redox systems and lightweight sandwich packing lowers cost/resistance,14.685436,0.8344187
TG_0266_material,TG_0266,2025,A Multifunctional MXene/PVA Hydrogel as a Continuous Ionic Thermoelectric Generator and a Strain/Temperature Sensor,10.1002/smll.202407529,material,MXene/PVA hydrogel with Cu2+/Cl- ions and Cu electrodes,14.89045,5.25528
TG_0266_mechanism,TG_0266,2025,A Multifunctional MXene/PVA Hydrogel as a Continuous Ionic Thermoelectric Generator and a Strain/Temperature Sensor,10.1002/smll.202407529,mechanism,MXene tunes Cu2+/Cl- thermodiffusion while Cu/Cu2+ interfacial redox enables continuous current; gel also senses strain/temperature,13.73564,2.5814185
TG_0267_material,TG_0267,2024,Synergy between gelatin hydrogels and electrodes for adjustable and thermally stable ionic thermoelectric supercapacitors,10.1016/j.cej.2024.152734,material,gelatin-CsCl ionic hydrogel with carbon-based paper electrodes,15.253943,5.828297
TG_0267_mechanism,TG_0267,2024,Synergy between gelatin hydrogels and electrodes for adjustable and thermally stable ionic thermoelectric supercapacitors,10.1016/j.cej.2024.152734,mechanism,"CBP electrode infiltration restricts cations and facilitates anion thermodiffusion, switching thermopower and improving supercapacitor energy output",13.588533,2.684722
TG_0268_material,TG_0268,2024,Tough and elastic hydrogel thermocells for heat energy utilization,10.1016/j.cej.2024.152887,material,skin-like dense interwoven hydrogel thermocell,14.900416,5.6240478
TG_0268_mechanism,TG_0268,2024,Tough and elastic hydrogel thermocells for heat energy utilization,10.1016/j.cej.2024.152887,mechanism,dense network disperses stress and blocks cracks while redox thermogalvanic reactions provide stable stretchable heat-to-electric output,12.651474,3.001602
TG_0269_material,TG_0269,2024,Strong concentration gradient effect and weak solvation effect in thermopower enhancement in K 3 Fe(CN) 6 / K 4 Fe(CN) 6 aqueous electrolyte with ethanol addition,10.1016/j.cej.2024.152806,material,K3/K4Fe(CN)6 aqueous electrolyte with ethanol addition,14.7218,4.90828
TG_0269_mechanism,TG_0269,2024,Strong concentration gradient effect and weak solvation effect in thermopower enhancement in K 3 Fe(CN) 6 / K 4 Fe(CN) 6 aqueous electrolyte with ethanol addition,10.1016/j.cej.2024.152806,mechanism,ethanol-induced thermosensitive K4Fe(CN)6 solubility creates large ferrocyanide concentration gradient and suppresses heat convection,13.277112,1.7520709
TG_0270_material,TG_0270,2025,Mechanically Adaptable High-Performance p(SBMA-MMA) Copolymer Hydrogel with Iron (II/III) Perchlorate for Wearable Thermocell Applications,10.1002/adfm.202412524,material,p(SBMA-MMA) copolymer hydrogel immersed in Fe(ClO4)2/3,14.504258,4.0581565
TG_0270_mechanism,TG_0270,2025,Mechanically Adaptable High-Performance p(SBMA-MMA) Copolymer Hydrogel with Iron (II/III) Perchlorate for Wearable Thermocell Applications,10.1002/adfm.202412524,mechanism,"SBMA provides ionic conduction, MMA provides mechanical stability, and Fe2+/Fe3+ perchlorate supplies n-type thermogalvanic output",13.026486,2.7245314
TG_0271_material,TG_0271,2024,High-performance wood-based thermoelectric sponges for thermal energy harvesting and smart buildings,10.1007/s12274-024-6467-y,material,wood-based thermoelectric sponge with tellurium thermoelectric nanowires,15.606183,4.1554365
TG_0271_mechanism,TG_0271,2024,High-performance wood-based thermoelectric sponges for thermal energy harvesting and smart buildings,10.1007/s12274-024-6467-y,mechanism,"wood channels and compressive cycling improve Te nanowire contact, enhancing electronic thermoelectric Seebeck response for buildings",12.541887,2.209467
TG_0272_material,TG_0272,2025,Reversibly tuning thermopower enabled by phase-change electrolytes for low-grade heat harvesting,10.1039/d4ee03351e,material,moderate-concentration phase-change thermodiffusion electrolyte,13.589407,2.084159
TG_0272_mechanism,TG_0272,2025,Reversibly tuning thermopower enabled by phase-change electrolytes for low-grade heat harvesting,10.1039/d4ee03351e,mechanism,phase transition reversibly changes dominant ion transport and switches thermopower polarity from p-type to n-type,14.577353,3.1011932
TG_0273_material,TG_0273,2023,High-performance ionic thermoelectric materials and emerging applications of ionic thermoelectric devices,10.1016/j.mtener.2023.101342,material,high-performance ionic thermoelectric materials/devices,15.6952505,3.6018953
TG_0273_mechanism,TG_0273,2023,High-performance ionic thermoelectric materials and emerging applications of ionic thermoelectric devices,10.1016/j.mtener.2023.101342,mechanism,"review summarizes optimization of ionic thermoelectric materials and devices for low-grade, solar, and body heat harvesting",15.738793,3.4087932
TG_0274_material,TG_0274,2024,Significantly enhanced properties of micro-ionic thermocells through the microstructure interfacial effect,10.1039/d4ta03996c,material,micro-ionic thermocell with Fe(CN)6 4-/3- electrolyte and soft-lithography microstructures,14.652833,6.188248
TG_0274_mechanism,TG_0274,2024,Significantly enhanced properties of micro-ionic thermocells through the microstructure interfacial effect,10.1039/d4ta03996c,mechanism,"microstructure-electrolyte interfacial effects accelerate solvation entropy change, ion reaction, and mass transfer",15.439168,1.1644982
TG_0275_material,TG_0275,2023,Integrated Moist-Thermoelectric Generator for Efficient Waste Steam Energy Utilization,10.1002/advs.202206071,material,flexible moist-thermoelectric generator with polyelectrolyte membrane,15.456335,4.6115513
TG_0275_mechanism,TG_0275,2023,Integrated Moist-Thermoelectric Generator for Efficient Waste Steam Energy Utilization,10.1002/advs.202206071,mechanism,"water adsorption and heat induce Na+/H+ dissociation and diffusion, combining moist-electric and thermoelectric mechanisms",13.713305,2.9662097
TG_0276_material,TG_0276,2023,FeNC Electrocatalyst for Enhancing Fe(II)/Fe(III) Redox Kinetics in Thermo-Electrochemical Cells,10.1002/adfm.202304067,material,FeNC electrocatalyst with Fe2+/Fe3+ redox couple in thermo-electrochemical cells,12.818123,4.596257
TG_0276_mechanism,TG_0276,2023,FeNC Electrocatalyst for Enhancing Fe(II)/Fe(III) Redox Kinetics in Thermo-Electrochemical Cells,10.1002/adfm.202304067,mechanism,chaotropic counteranions increase Fe2+/3+ solvation disorder and FeNC accelerates inner-sphere redox kinetics at low cost,15.636222,1.1404074
TG_0277_material,TG_0277,2023,Aqueous biphase-boosted liquid-state thermocell for continuous low-grade heat harvesting,10.1016/j.cej.2023.142018,material,aqueous biphasic K3/K4[Fe(CN)6] liquid thermocell with porous graphite felt electrode,15.316791,7.32709
TG_0277_mechanism,TG_0277,2023,Aqueous biphase-boosted liquid-state thermocell for continuous low-grade heat harvesting,10.1016/j.cej.2023.142018,mechanism,"biphase solvent creates different electrode solvation environments and suppresses convection, improving Seebeck and reducing thermal conductivity",13.18041,2.1471608
TG_0278_material,TG_0278,2024,Self-powered sensors utilizing single-pillar thermocells with pyrolytic graphite sheet electrodes: harvesting body heat and solar thermal energy,10.1016/j.mtener.2024.101668,material,single-pillar thermocells with hydrophilic pyrolytic graphite sheet electrodes,14.08985,6.4870877
TG_0278_mechanism,TG_0278,2024,Self-powered sensors utilizing single-pillar thermocells with pyrolytic graphite sheet electrodes: harvesting body heat and solar thermal energy,10.1016/j.mtener.2024.101668,mechanism,compact thermocells harvest body/solar heat to power DC-DC converters and wireless sensors,13.401369,4.0199876
TG_0279_material,TG_0279,2024,Evaluation of in-plane architecture in a thermo-electrochemical cell with nanostructured and porous Sb:SnO2 electrodes,10.1016/j.elecom.2024.107750,material,planar Sb:SnO2 or Pt electrode thermo-electrochemical cells with ferro/ferricyanide electrolyte,12.258237,4.469718
TG_0279_mechanism,TG_0279,2024,Evaluation of in-plane architecture in a thermo-electrochemical cell with nanostructured and porous Sb:SnO2 electrodes,10.1016/j.elecom.2024.107750,mechanism,in-plane architecture and porous Sb:SnO2 electrodes increase temperature coefficient and maximum power output relative to standard layouts,14.868514,1.05097
TG_0280_material,TG_0280,2017,High Power Density Electrochemical Thermocells for Inexpensively Harvesting Low-Grade Thermal Energy,10.1002/adma.201605652,material,Pt-free electrochemical thermocells,12.954216,4.7438526
TG_0280_mechanism,TG_0280,2017,High Power Density Electrochemical Thermocells for Inexpensively Harvesting Low-Grade Thermal Energy,10.1002/adma.201605652,mechanism,low-cost electrode/cell design delivers high power density under large interelectrode temperature difference,14.184685,1.6351874
TG_0281_material,TG_0281,2022,"Thermocells-enabled low-grade heat harvesting: challenge, progress, and prospects",10.1016/j.mtener.2022.101032,material,p-type and n-type thermocells and redox-pair/device architectures,14.6139345,3.589019
TG_0281_mechanism,TG_0281,2022,"Thermocells-enabled low-grade heat harvesting: challenge, progress, and prospects",10.1016/j.mtener.2022.101032,mechanism,"review maps p/n redox thermodynamics, kinetics, electrolyte/electrode bottlenecks, and integrated low-grade heat harvesting strategies",15.575137,3.15762
TG_0282_material,TG_0282,2016,Supramolecular Thermo-Electrochemical Cells: Enhanced Thermoelectric Performance by Host-Guest Complexation and Salt-Induced Crystallization,10.1021/jacs.6b04923,material,I-/I3- thermo-electrochemical cell with alpha-cyclodextrin host,12.694283,4.4905486
TG_0282_mechanism,TG_0282,2016,Supramolecular Thermo-Electrochemical Cells: Enhanced Thermoelectric Performance by Host-Guest Complexation and Salt-Induced Crystallization,10.1021/jacs.6b04923,mechanism,temperature-dependent alpha-cyclodextrin-triiodide complexation creates redox-ion concentration gradient and enhanced Seebeck coefficient,13.566496,1.499013
TG_0283_material,TG_0283,2022,Cost-effective n-type thermocells enabled by thermosensitive crystallizations and 3D multi-structured electrodes,10.1016/j.nanoen.2021.106795,material,Cu/Cu2+ n-type thermocell with thermosensitive crystallization and 3D multi-structured electrodes,13.13656,3.5688615
TG_0283_mechanism,TG_0283,2022,Cost-effective n-type thermocells enabled by thermosensitive crystallizations and 3D multi-structured electrodes,10.1016/j.nanoen.2021.106795,mechanism,"Cu2+ crystallization boosts thermopower and 3D electrodes improve kinetics, enabling high-performance p-n thermocell integration",13.0282,3.3723075
TG_0284_material,TG_0284,2020,Unravelling ionic speciation and hydration structure of Fe(III/II) redox couples for thermoelectrochemical cells,10.1016/j.electacta.2020.135651,material,"Fe(III/II) perchlorate, chloride, and sulfate redox electrolytes",11.348053,4.9917903
TG_0284_mechanism,TG_0284,2020,Unravelling ionic speciation and hydration structure of Fe(III/II) redox couples for thermoelectrochemical cells,10.1016/j.electacta.2020.135651,mechanism,"non-coordinating perchlorate preserves Fe(H2O)6 3+/2+ hydration-number change, raising Seebeck coefficient and ionic conductivity",14.548059,1.9340496
TG_0285_material,TG_0285,2023,Biomass-Derived Sustainable Electrode Material for Low-Grade Heat Harvesting,10.3390/nano13091488,material,mandarin-peel-derived porous carbon thermocell electrodes,13.890911,6.2145762
TG_0285_mechanism,TG_0285,2023,Biomass-Derived Sustainable Electrode Material for Low-Grade Heat Harvesting,10.3390/nano13091488,mechanism,carbonization/nitrogen-doped porosity increases electrode active area for temperature-dependent redox thermocell output,13.21401,0.67477363
TG_0286_material,TG_0286,2014,Charging-free electrochemical system for harvesting low-grade thermal energy,10.1073/pnas.1415097111,material,charging-free TREC with soluble Fe(CN)6 3-/4- and Prussian blue particles,15.26225,6.246244
TG_0286_mechanism,TG_0286,2014,Charging-free electrochemical system for harvesting low-grade thermal energy,10.1073/pnas.1415097111,mechanism,"spontaneous full-cell reaction reverses direction between low and high temperature, allowing two discharge steps without external charging",15.043687,3.0045738
TG_0287_material,TG_0287,2016,Enhanced thermal energy harvesting performance of a cobalt redox couple in ionic liquid-solvent mixtures,10.1039/c5cp04305k,material,cobalt bipyridyl redox couple in mixed MPN/[C2mim][B(CN)4] ionic-liquid/molecular solvent electrolyte,12.174,5.380219
TG_0287_mechanism,TG_0287,2016,Enhanced thermal energy harvesting performance of a cobalt redox couple in ionic liquid-solvent mixtures,10.1039/c5cp04305k,mechanism,"mixed solvent improves ionic conductivity and diffusion of cobalt redox species, raising thermoelectrochemical power output",13.095566,2.5250578
TG_0288_material,TG_0288,2010,Harvesting Waste Thermal Energy Using Carbon-Nanotube-Based Thermo-Electrochemical Cell,10.1021/nl903267n,material,multiwalled carbon nanotube thermocell electrodes in practical cell formats,13.792524,6.1952634
TG_0288_mechanism,TG_0288,2010,Harvesting Waste Thermal Energy Using Carbon-Nanotube-Based Thermo-Electrochemical Cell,10.1021/nl903267n,mechanism,MWNT high surface area and fast redox-mediated electron transfer increase current and Carnot-relative efficiency,15.131527,0.8417142
TG_0289_material,TG_0289,2023,"Hierarchical heterostructure built on the basis of SiO2 dielectric matrix and supramolecular complex ?-cyclodextrin-ferrocene: Fabrication, physical properties and applications",10.1016/j.materresbull.2023.112220,material,SiO2 dielectric matrix with alpha-cyclodextrin-ferrocene supramolecular clathrate,15.457793,2.4559364
TG_0289_mechanism,TG_0289,2023,"Hierarchical heterostructure built on the basis of SiO2 dielectric matrix and supramolecular complex ?-cyclodextrin-ferrocene: Fabrication, physical properties and applications",10.1016/j.materresbull.2023.112220,mechanism,"ferrocene oxidation and hierarchical dielectric structure produce thermoEMF, spin EMF, photo-EMF, and quantum-capacitive effects",16.020506,4.058325
TG_0290_material,TG_0290,2018,Quasi-solid-State Electrolytes for Low-Grade Thermal Energy Harvesting using a Cobalt Redox Couple,10.1002/cssc.201800794,material,MPN cobalt bipyridyl redox electrolyte gelled with PVDF or PVDF-HFP,12.364575,5.418037
TG_0290_mechanism,TG_0290,2018,Quasi-solid-State Electrolytes for Low-Grade Thermal Energy Harvesting using a Cobalt Redox Couple,10.1002/cssc.201800794,mechanism,quasi-solid gel suppresses leakage while cobalt redox diffusivity/concentration and electrode spacing determine thermocell performance,16.247316,3.5703633
TG_0291_material,TG_0291,2023,Experimental Investigation of Coupled Transport Mechanisms in a PEM Based Thermoelectric Energy Converter,10.3390/en16145434,material,PEM-based TGC with two H2/H2O electrodes at different temperatures/gas compositions,14.639938,4.3967657
TG_0291_mechanism,TG_0291,2023,Experimental Investigation of Coupled Transport Mechanisms in a PEM Based Thermoelectric Energy Converter,10.3390/en16145434,mechanism,temperature and concentration gradients drive coupled proton transport and electrode potential differences described by nonequilibrium thermodynamics,14.1107235,2.020658
TG_0292_material,TG_0292,2018,Bulk electronic transport impacts on electron transfer at conducting polymer electrode-electrolyte interfaces,10.1073/pnas.1806087115,material,PEDOT conducting polymer electrode with ferro/ferricyanide electrolyte,11.868268,4.272455
TG_0292_mechanism,TG_0292,2018,Bulk electronic transport impacts on electron transfer at conducting polymer electrode-electrolyte interfaces,10.1073/pnas.1806087115,mechanism,percolation-based bulk electronic transport in PEDOT controls heterogeneous electron transfer and thermogalvanic power,14.90269,1.1813563
TG_0293_material,TG_0293,2013,Carbon Nanotube - Reduced Graphene Oxide Composites for Thermal Energy Harvesting Applications,10.1002/adma.201303295,material,CNT-reduced graphene oxide composite thermocell electrodes,14.638361,6.8298097
TG_0293_mechanism,TG_0293,2013,Carbon Nanotube - Reduced Graphene Oxide Composites for Thermal Energy Harvesting Applications,10.1002/adma.201303295,mechanism,abstract unavailable; title indicates CNT/rGO carbon composite electrodes for thermal energy harvesting thermocells,14.135066,5.535812
TG_0294_material,TG_0294,2023,Thermal Gradient Infrared Spectroscopy for Diffusion in Polymers,10.1021/acs.jpcb.3c04130,material,SEO block copolymer/LiTFSI polymer electrolyte studied by thermal-gradient FTIR-ATR,14.124942,3.9543252
TG_0294_mechanism,TG_0294,2023,Thermal Gradient Infrared Spectroscopy for Diffusion in Polymers,10.1021/acs.jpcb.3c04130,mechanism,temperature-gradient Soret effect creates salt concentration gradients used to measure diffusion in polymer electrolytes relevant to thermogalvanic cells,13.107444,1.6259494
TG_0295_material,TG_0295,2018,Exploiting the waste heat from an alkaline fuel cell via electrochemical cycles,10.1016/j.energy.2017.10.112,material,"AFC-TREC hybrid system with alkaline fuel cell, multiple TRECs, and regenerator",12.940132,5.6422467
TG_0295_mechanism,TG_0295,2018,Exploiting the waste heat from an alkaline fuel cell via electrochemical cycles,10.1016/j.energy.2017.10.112,mechanism,thermally regenerative electrochemical cycles harvest alkaline fuel-cell waste heat to raise hybrid power density,12.9302,5.2334843
TG_0296_material,TG_0296,2021,Ionic transport properties and their empirical correlations for thermal-to-electrical energy conversion,10.1016/j.mtphys.2021.100433,material,solid-state polyelectrolytes with ionic thermodiffusion/Soret effect,13.838427,2.8995588
TG_0296_mechanism,TG_0296,2021,Ionic transport properties and their empirical correlations for thermal-to-electrical energy conversion,10.1016/j.mtphys.2021.100433,mechanism,humidity-dependent ion conductivity and thermopower correlations guide thermal-to-electrical conversion by mobile ions,12.928246,2.3142111
TG_0297_material,TG_0297,2017,Using electrochemical cycles to efficiently exploit the waste heat from a proton exchange membrane fuel cell,10.1016/j.enconman.2017.04.058,material,PEMFC-TREC hybrid system,12.85555,5.706138
TG_0297_mechanism,TG_0297,2017,Using electrochemical cycles to efficiently exploit the waste heat from a proton exchange membrane fuel cell,10.1016/j.enconman.2017.04.058,mechanism,thermally regenerative electrochemical cycles exploit proton-exchange-membrane fuel-cell waste heat and increase system power output,13.003004,5.210836
TG_0298_material,TG_0298,2018,Thermo-electrochemical cells empowered by selective inclusion of redox-active ions by polysaccharides,10.1039/c7se00470b,material,I-/I3- thermo-electrochemical cells with starch or PVP polysaccharide/polymer hosts,12.821852,4.401316
TG_0298_mechanism,TG_0298,2018,Thermo-electrochemical cells empowered by selective inclusion of redox-active ions by polysaccharides,10.1039/c7se00470b,mechanism,selective polymer inclusion of I3- at cold side changes free triiodide concentration and increases Seebeck coefficient,13.797644,1.506933
TG_0299_material,TG_0299,2023,High-efficiency zinc thermal charging supercapacitors enabled by hierarchical porous carbon electrodes,10.1016/j.jpowsour.2022.232386,material,zinc-ion thermal charging supercapacitor with nitrogen-doped hierarchical porous carbon electrodes,13.604327,5.3378825
TG_0299_mechanism,TG_0299,2023,High-efficiency zinc thermal charging supercapacitors enabled by hierarchical porous carbon electrodes,10.1016/j.jpowsour.2022.232386,mechanism,"hierarchical porous carbon expands active surface and shortens ion diffusion, integrating thermocell heat conversion with Zn supercapacitor storage",13.718383,5.089551
TG_0300_material,TG_0300,2017,Maximal continuous power output and parametric optimum design of an electrochemical system driven by low-grade heat,10.1016/j.enconman.2017.01.045,material,multi-TREC electrochemical system operating in different states,12.927945,5.4114213
TG_0300_mechanism,TG_0300,2017,Maximal continuous power output and parametric optimum design of an electrochemical system driven by low-grade heat,10.1016/j.enconman.2017.01.045,mechanism,multiple thermally regenerative electrochemical cycles are staggered to convert low-grade heat into continuous power with optimized current/efficiency tradeoffs,12.953961,5.108327
TG_0301_material,TG_0301,2022,Take it to the Carnot limit: Perspectives and thermodynamics of dual-cell electrochemical heat engines,10.1016/j.enconman.2022.116315,material,dual-cell electrochemical heat engine with two electrochemical flow cells,12.957753,4.828903
TG_0301_mechanism,TG_0301,2022,Take it to the Carnot limit: Perspectives and thermodynamics of dual-cell electrochemical heat engines,10.1016/j.enconman.2022.116315,mechanism,separating heat and electrical conduction allows independent flow/current optimization and potential approach to Carnot efficiency,14.0029125,1.1265657
TG_0302_material,TG_0302,2014,Design and optimization of thermo-electrochemical cells,10.1007/s10800-013-0638-y,material,COMSOL-modeled thermocells with 0.4 M potassium ferri/ferrocyanide electrolyte,11.560257,3.7292595
TG_0302_mechanism,TG_0302,2014,Design and optimization of thermo-electrochemical cells,10.1007/s10800-013-0638-y,mechanism,"mass/heat transfer, fluid dynamics, electrokinetics, and natural convection determine optimal thermocell dimensions and series-stacking efficiency",14.636121,1.1383626
TG_0303_material,TG_0303,2015,Thermoelectric energy recovery at ionic-liquid/electrode interface,10.1063/1.4923199,material,EMIm TFSI/acetonitrile thermally chargeable capacitor with platinum foil or nanoporous carbon electrodes,13.314854,5.7416897
TG_0303_mechanism,TG_0303,2015,Thermoelectric energy recovery at ionic-liquid/electrode interface,10.1063/1.4923199,mechanism,"temperature gradient charges ionic-liquid/electrode double layers without Faradaic electron exchange, storing recoverable electrical energy",12.846114,1.9126549
TG_0304_material,TG_0304,2011,Seebeck coefficients in ionic liquids -prospects for thermo-electrochemical cells,10.1039/c1cc11501d,material,ionic-liquid electrolytes for thermo-electrochemical cells,12.629409,4.678349
TG_0304_mechanism,TG_0304,2011,Seebeck coefficients in ionic liquids -prospects for thermo-electrochemical cells,10.1039/c1cc11501d,mechanism,ionic liquids show Seebeck coefficients suitable for low-grade heat thermoelectric devices at 100-150 C,15.586193,3.1879847
TG_0305_material,TG_0305,2018,Flexible and non-volatile redox active quasi-solid state ionic liquid based electrolytes for thermal energy harvesting,10.1039/c8se00224j,material,[Co(bpy)3]2+/3+ in [C2mim][NTf2] ionic liquid gelled with PVDF or PVDF-HFP,12.319631,5.3790073
TG_0305_mechanism,TG_0305,2018,Flexible and non-volatile redox active quasi-solid state ionic liquid based electrolytes for thermal energy harvesting,10.1039/c8se00224j,mechanism,polymer gelation creates flexible nonvolatile quasi-solid electrolytes while retaining high Seebeck coefficient and allowing thinner cells,16.268654,3.5254455
TG_0306_material,TG_0306,2016,Temperature dependence of the electrode potential of a cobalt-based redox couple in ionic liquid electrolytes for thermal energy harvesting,10.1039/c5fd00238a,material,cobalt redox couple in multiple ionic liquids and propylene-carbonate-diluted ionic liquids,12.119993,5.4420047
TG_0306_mechanism,TG_0306,2016,Temperature dependence of the electrode potential of a cobalt-based redox couple in ionic liquid electrolytes for thermal energy harvesting,10.1039/c5fd00238a,mechanism,ionic-liquid identity controls redox thermodynamics/Seebeck coefficient; dilution improves output power and current density,14.725804,1.6929222
TG_0307_material,TG_0307,2022,Organic solvent-based thermo-electrochemical cells with an iron(ii/iii) triflate redox couple for use in harvesting low-grade waste heat at 100-200 °C,10.1039/d1se01893k,material,Fe(CF3SO3)2/Fe(CF3SO3)3 iron(ii/iii) triflate redox couple in organic solvents such as DMF,11.708339,5.0670686
TG_0307_mechanism,TG_0307,2022,Organic solvent-based thermo-electrochemical cells with an iron(ii/iii) triflate redox couple for use in harvesting low-grade waste heat at 100-200 °C,10.1039/d1se01893k,mechanism,organic solvent stability and iron triflate redox thermodynamics enable high-temperature low-grade heat harvesting at 100-200 C,15.629413,3.153557
TG_0308_material,TG_0308,2022,Quantitative visualization of ion and thermal distributions in electrolytes during operation of electrochemical devices by Operando phase-contrast X-ray imaging,10.1557/s43578-022-00581-7,material,"electrolytes in lithium-ion, lead-acid, and thermo-electrochemical cells imaged by operando phase-contrast X-ray",12.755506,4.541343
TG_0308_mechanism,TG_0308,2022,Quantitative visualization of ion and thermal distributions in electrolytes during operation of electrochemical devices by Operando phase-contrast X-ray imaging,10.1557/s43578-022-00581-7,mechanism,operando X-ray imaging quantifies ion concentration and thermal distributions during electrochemical and thermocell operation,12.874403,4.205177
TG_0309_material,TG_0309,2022,Polymer Gel with Tunable Conductive Properties: A Material for Thermal Energy Harvesting,10.1021/acsomega.2c05301,material,poly(4-vinyl pyridine)/pyridine proton-conducting gel,14.078162,3.5621939
TG_0309_mechanism,TG_0309,2022,Polymer Gel with Tunable Conductive Properties: A Material for Thermal Energy Harvesting,10.1021/acsomega.2c05301,mechanism,self-protonated hydrogen-bonded polymer complexes enable heat-controlled proton diffusion and thermogalvanic H+ redox charge storage,13.792367,3.0465844
TG_0310_material,TG_0310,2016,The thermoelectrochemistry of lithium-glyme solvate ionic liquids: towards waste heat harvesting,10.1039/c6cp02255c,material,lithium-glyme solvate ionic liquids: Li[NTf2]/tetraglyme mixtures with lithium electrodes,13.349198,4.410066
TG_0310_mechanism,TG_0310,2016,The thermoelectrochemistry of lithium-glyme solvate ionic liquids: towards waste heat harvesting,10.1039/c6cp02255c,mechanism,"hot-side lithium electrodeposition releases glyme from Li-glyme complex cation, producing entropy-driven thermoelectrochemical voltage",13.3428135,4.339257
TG_0311_material,TG_0311,2020,Gas electrodes with nickel based current collectors for molten carbonate electrolyte thermo-electrochemical cells,10.1016/j.jechem.2019.05.001,material,"molten carbonate eutectic (Li,Na)2CO3/MgO electrolyte with CO2/O2 gas electrodes and Ni/NiO/LixNi1-xO current collectors",13.796179,6.02044
TG_0311_mechanism,TG_0311,2020,Gas electrodes with nickel based current collectors for molten carbonate electrolyte thermo-electrochemical cells,10.1016/j.jechem.2019.05.001,mechanism,molten carbonate gas-electrode thermocell converts high-temperature waste heat; NiO provides stable low-cost current collection,13.792483,6.055661
TG_0312_material,TG_0312,2021,Multivoltaic GaSe<SmCl3> clathrate as new hybrid functional nanostructure,10.24425/bpasts.2021.136726,material,GaSe<SmCl3> clathrate hybrid nanostructure,12.904839,5.9349027
TG_0312_mechanism,TG_0312,2021,Multivoltaic GaSe<SmCl3> clathrate as new hybrid functional nanostructure,10.24425/bpasts.2021.136726,mechanism,"magnetic, thermal, and electric fields drive quantum-level energy generation/accumulation without Faradaic reactions",13.603312,1.3510789
TG_0313_material,TG_0313,2016,The study of electrical conductivity and diffusion behavior of water-based and ferro/ferricyanide-electrolyte-based alumina nanofluids,10.1016/j.jcis.2016.02.001,material,water-based alumina nanofluid mixed with potassium ferro/ferricyanide electrolyte and SDS,11.781908,4.32007
TG_0313_mechanism,TG_0313,2016,The study of electrical conductivity and diffusion behavior of water-based and ferro/ferricyanide-electrolyte-based alumina nanofluids,10.1016/j.jcis.2016.02.001,mechanism,alumina nanofluid raises electrical conductivity and shear-induced diffusion while keeping thermal conductivity controlled for thermogalvanic use,12.910664,2.5000274
TG_0314_material,TG_0314,2018,A supramolecular thermocell consisting of ferrocenecarboxylate and β-cyclodextrin that has a negative Seebeck coefficient,10.1038/s41428-018-0061-7,material,ferrocenecarboxylate/ferroceniumcarboxylate supramolecular thermocell with beta-cyclodextrin,15.405313,2.4765873
TG_0314_mechanism,TG_0314,2018,A supramolecular thermocell consisting of ferrocenecarboxylate and β-cyclodextrin that has a negative Seebeck coefficient,10.1038/s41428-018-0061-7,mechanism,beta-cyclodextrin host-guest interaction changes redox entropy and increases negative Seebeck coefficient,15.35736,1.9735819
TG_0315_material,TG_0315,2012,Nitrogen- and Boron-Doped Carbon Nanotube Electrodes in a Thermo-Electrochemical Cell,10.1149/2.043205jes,material,nitrogen- and boron-doped CNT buckypaper electrodes with potassium ferri/ferrocyanide electrolyte,11.545558,3.9066544
TG_0315_mechanism,TG_0315,2012,Nitrogen- and Boron-Doped Carbon Nanotube Electrodes in a Thermo-Electrochemical Cell,10.1149/2.043205jes,mechanism,heteroatom doping increases active surface but potassium-ion accumulation can reduce thermocell short-circuit current,15.126613,0.77836317
TG_0316_material,TG_0316,2018,Modeling a thermocell with proton exchange membrane and hydrogen electrodes,10.1016/j.ijhydene.2018.09.007,material,PEM thermocell with hydrogen gas electrodes,14.000184,6.279172
TG_0316_mechanism,TG_0316,2018,Modeling a thermocell with proton exchange membrane and hydrogen electrodes,10.1016/j.ijhydene.2018.09.007,mechanism,non-equilibrium thermodynamic model predicts proton/electrode transport-driven Seebeck voltage in H2 PEM thermocell,14.283933,2.362184
TG_0317_material,TG_0317,2018,Electrochemical way of converting low-grade heat energy into electricity based on crystalline hydrate melting and crystallization,10.1016/j.ijheatmasstransfer.2018.01.126,material,concentration galvanic cell driven by crystalline hydrate melting/crystallization,13.052023,3.4517288
TG_0317_mechanism,TG_0317,2018,Electrochemical way of converting low-grade heat energy into electricity based on crystalline hydrate melting and crystallization,10.1016/j.ijheatmasstransfer.2018.01.126,mechanism,temperature-dependent hydrate phase change creates concentration differences that are converted to electricity in a galvanic cell,13.089665,1.2151647
TG_0318_material,TG_0318,2017,Influence of Electrode Gas Flow Rate and Solid Oxide Ratio in Electrolyte on the Seebeck Coefficient of Molten Carbonate Thermocell,10.1149/2.0391708jes,material,"molten carbonate eutectic (Li,Na)2CO3 with MgO and CO2/O2 gas electrodes",13.823164,6.0685844
TG_0318_mechanism,TG_0318,2017,Influence of Electrode Gas Flow Rate and Solid Oxide Ratio in Electrolyte on the Seebeck Coefficient of Molten Carbonate Thermocell,10.1149/2.0391708jes,mechanism,solid oxide ratio and gas flow tune electrode-interface chemistry and Seebeck coefficient of molten carbonate thermocells,14.814151,1.9401487
TG_0319_material,TG_0319,2017,Analytical Study and Experimental Validation of Copper II Sulfate and Potassium Ferri/Ferrocyanide Thermocells Using Onsager Flux Equations,10.1115/1.4036045,material,aqueous CuSO4 and potassium ferri/ferrocyanide thermocells with multiple electrode materials,11.501864,3.7872453
TG_0319_mechanism,TG_0319,2017,Analytical Study and Experimental Validation of Copper II Sulfate and Potassium Ferri/Ferrocyanide Thermocells Using Onsager Flux Equations,10.1115/1.4036045,mechanism,"Onsager flux transport matrices predict Seebeck coefficient, current, power, and efficiency across electrolyte/electrode/spacing conditions",14.718009,1.5694449
TG_0320_material,TG_0320,2018,High Efficiency Graphene Coated Copper Based Thermocells Connected in Series,10.3389/fphy.2018.00035,material,graphene-coated copper thermocells connected in series,14.199497,6.718599
TG_0320_mechanism,TG_0320,2018,High Efficiency Graphene Coated Copper Based Thermocells Connected in Series,10.3389/fphy.2018.00035,mechanism,"graphene-coated Cu electrodes reduce mass/ion transfer resistance, raising thermal energy harvesting efficiency but mild Cu corrosion occurs",14.563851,0.5455802
TG_0321_material,TG_0321,2018,Effect of a Time-Dependent Magnetic Field on the Corrosion of Nickel-Aluminum Bronze,10.5006/2604,material,nickel-aluminum bronze in 3.5 wt% NaCl under time-dependent magnetic field,13.56264,0.7528908
TG_0321_mechanism,TG_0321,2018,Effect of a Time-Dependent Magnetic Field on the Corrosion of Nickel-Aluminum Bronze,10.5006/2604,mechanism,eddy-current Joule heating raises local temperature and accelerates anodic corrosion in chloride media,12.286512,0.51230824
TG_0322_material,TG_0322,2018,Potential-pH Diagrams of Iron in Concentrated Aqueous LiBr Solutions at 25°C,10.5006/2865,material,iron in concentrated aqueous LiBr solutions,11.460858,5.598733
TG_0322_mechanism,TG_0322,2018,Potential-pH Diagrams of Iron in Concentrated Aqueous LiBr Solutions at 25°C,10.5006/2865,mechanism,LiBr concentration stabilizes FeBr2/FeBr3 aqueous species and expands iron corrosion region in potential-pH space,11.538609,5.3484907
TG_0323_material,TG_0323,2017,Sub-zero temperature thermo-electrochemical energy harvesting system using a self-heating negative temperature coefficient CNT-vanadium oxide cathode,10.1007/s10800-016-1010-9,material,CNT-vanadium oxide negative-temperature-coefficient self-heating cathode thermo-electrochemical cell,12.663434,4.5013847
TG_0323_mechanism,TG_0323,2017,Sub-zero temperature thermo-electrochemical energy harvesting system using a self-heating negative temperature coefficient CNT-vanadium oxide cathode,10.1007/s10800-016-1010-9,mechanism,Joule self-heating creates in situ subzero temperature difference and Faradaic redox conversion,12.505,1.3162589
TG_0324_material,TG_0324,2016,Flexible thermo-electrochemical cells using Iodolyte HI-30 for conversion of low-grade heat to electrical energy,10.1039/c6ra15884f,material,flexible carbon/Iodolyte HI-30/carbon thermo-electrochemical cell with iodide/triiodide in acetonitrile,12.338036,5.038986
TG_0324_mechanism,TG_0324,2016,Flexible thermo-electrochemical cells using Iodolyte HI-30 for conversion of low-grade heat to electrical energy,10.1039/c6ra15884f,mechanism,I-/I3- redox in flexible polymer tube converts low-grade heat gradients into voltage/current,15.340206,3.2339587
TG_0325_material,TG_0325,2013,Corrosion of carbon steel in concentrated LiNO3 solution at high temperature,10.1016/j.corsci.2013.05.001,material,carbon steel in concentrated LiNO3 with Li2CrO4 inhibitor,11.560284,5.6581864
TG_0325_mechanism,TG_0325,2013,Corrosion of carbon steel in concentrated LiNO3 solution at high temperature,10.1016/j.corsci.2013.05.001,mechanism,temperature/pH increase corrosion while Li2CrO4 forms Cr2O3/Fe oxide passive layer suppressing corrosion,12.196539,0.52678275
TG_0326_material,TG_0326,2015,Corrosion of Aluminium in Concentrated LiNO3 Solution at High Temperature,,material,aluminium in concentrated LiNO3 with Li2CrO4 inhibitor,11.47939,5.45639
TG_0326_mechanism,TG_0326,2015,Corrosion of Aluminium in Concentrated LiNO3 Solution at High Temperature,,mechanism,temperature and pH accelerate aluminium corrosion; Li2CrO4 promotes compact Al(OH)3/Cr2O3 passive film,12.191085,0.54208946
TG_0327_material,TG_0327,1998,Effect of non-graphitized carbon electrodes on the electrochemical characteristics of a thermocell with a Br2/Br- redox couple,10.1016/S0378-7753(97)02676-1,material,Br2/Br- thermocell with KBr electrolyte and Maxsorb non-graphitized carbon electrodes,13.854841,6.2667584
TG_0327_mechanism,TG_0327,1998,Effect of non-graphitized carbon electrodes on the electrochemical characteristics of a thermocell with a Br2/Br- redox couple,10.1016/S0378-7753(97)02676-1,mechanism,"high-surface-area Maxsorb improves bromine/bromide thermocell voltage, current density, and long-term electrode polarization",14.996893,0.9194302
TG_0328_material,TG_0328,1998,Study of the Cu|Cu(NO3)2•H2O|Cu electrochemical thermocouple at low temperatures,10.1016/S0022-0728(98)00113-2,material,nonisothermal Cu/Cu(NO3)2.H2O/Cu electrochemical thermocouple,13.417347,4.909225
TG_0328_mechanism,TG_0328,1998,Study of the Cu|Cu(NO3)2•H2O|Cu electrochemical thermocouple at low temperatures,10.1016/S0022-0728(98)00113-2,mechanism,temperature and freezing-induced cupric nitrate concentration changes jointly determine thermo-emf and concentration potential,13.689376,1.4762931
TG_0329_material,TG_0329,2008,Near-Surface External-Casing Corrosion in Alaska: Cause and Mitigation,10.2118/100432-PA,material,Alaska external casing steel/cement/water corrosion cell with oxygenated water and cement-leached salts,14.341073,5.5217
TG_0329_mechanism,TG_0329,2008,Near-Surface External-Casing Corrosion in Alaska: Cause and Mitigation,10.2118/100432-PA,mechanism,"low-resistance electrolyte, oxygen replenishment, elevated casing temperature, and temperature gradient create electrochemical/thermogalvanic corrosion",12.385193,1.107142
TG_0330_material,TG_0330,1994,GENERATING PERFORMANCE OF THERMOCHARGEABLE GALVANIC CELL USING A REDOX COUPLE OF [FE(CN)(6)](4-/3-),,material,thermochargeable galvanic cell with [Fe(CN)6]3-/4- redox couple and ion-exchange membrane,14.881939,6.448938
TG_0330_mechanism,TG_0330,1994,GENERATING PERFORMANCE OF THERMOCHARGEABLE GALVANIC CELL USING A REDOX COUPLE OF [FE(CN)(6)](4-/3-),,mechanism,"temperature-gradient redox reactions build ferri/ferrocyanide concentration differences across membrane, storing energy for discharge after cooling",12.723699,1.9513447
TG_0331_material,TG_0331,1994,THE INTRODUCTION AND VERIFICATION OF THERMOCHARGEABLE GALVANIC CELL,,material,thermochargeable galvanic cell with [Fe(CN)6]3-/4- separated by ion-exchange membrane,14.9159975,6.473351
TG_0331_mechanism,TG_0331,1994,THE INTRODUCTION AND VERIFICATION OF THERMOCHARGEABLE GALVANIC CELL,,mechanism,heating charges cell by thermogalvanic redox separation; Nernst equation with thermoelectric term explains discharge capacity,14.993683,3.1685667
TG_0332_material,TG_0332,2001,"Electrochemical studies at low temperatures, XVIII. Study of the Ag/AgNO3/Ag thermocouple",,material,nonisothermal Ag/AgNO3/Ag thermocouple with optional saturated KNO3 salt bridge,13.471214,4.992646
TG_0332_mechanism,TG_0332,2001,"Electrochemical studies at low temperatures, XVIII. Study of the Ag/AgNO3/Ag thermocouple",,mechanism,thermo-emf and thermal-diffusion potentials reveal Ag+ entropy/activity effects above and below solution freezing,13.747746,1.2638571
