文章名,期刊名,DOI,年份,摘要,材料,机制,source,source_family,source_record_id,source_file,source_row,paper_id,clean_assignment,record_action,representative_record_id
A n-Type ionic thermoelectric generator with high thermopower and energy density enabled by modulation of thermodiffusion and thermogalvanic effect,CHEMICAL ENGINEERING JOURNAL,10.1016/j.cej.2025.161288,2025,"Ionic thermoelectric generators (i-TEGs), capable of generating several tens of millivolts per Kelvin, have emerged as a promising technology for powering mu W or mW-level electric devices by recovering low-grade heat energy. However, the development of n-type i-TE materials still fall behind. In this work, a n-type i-TEG with both high thermopower and energy density was achieved by balancing thermodiffusion effect and thermogalvanic effect in the hydrogel with the Fe2+/3+ redox couple. It's found that the thermopower generated by the hydrogels show a significant dependence on Fe2+/3+ concentration due to the complexation interaction between Fe2+/3+and Cl- species. On the other hand, the increase in Fe2+/3+ concentration also leads to the decrease in electron transfer resistance, thus resulting in the ISC value increase in the device. Consequently, the device based on gel Gel-Fe24 exhibits a balanced and high VOC and ISC, delivering a maximum Pmax/(Delta T)2 of 2.78 mW m-2 K-2 at Delta T = 10 K. In i-TE generator mode, the i-TEG with gel Gel-Fe24 can output a maximum energy density of 456J m-2 within the 1-hour discharging, and exhibit relatively good cyclic stability. A thermoelectric module consisting of seven thermoelectric cells in series was demonstrated to output a thermovoltage of -2.75 V and an instantaneous power of 0.278 mW, capable of continuously powering low-power electronic devices. This study illustrates the impact of Fe2+/3+ concentration on the thermopower and output performance of the i-TEG, providing an optimization route for the preparation of high-performance n-type ionic thermoelectric devices.",n-type ionic thermoelectric hydrogel with Fe2+/Fe3+ redox couple; Gel-Fe24,Fe2+/Fe3+ concentration modulates thermodiffusion and thermogalvanic effects; Fe2+/Fe3+ complexation with Cl- affects thermopower and electron transfer resistance,iTE1,iTE,iTE1_0004,source_tables/iTE1_first1000_material_mechanism.csv,6,P0003,TG,removed_from_iTE_retained_in_TG,TG_0002
Pressure-enhanced thermopower of ionic thermoelectric gelatin for identifying materials with different thermal conductivities,NANO ENERGY,10.1016/j.nanoen.2025.111156,2025,"As the human body's most vital environmental interface, the skin integrates diverse sensory receptors enabling simultaneous perception of multiple stimuli through multisensory processing. However, the realization of multifunctional sensing system on robots or prosthetics remains a huge challenge. Here we report a multifunctional tactile sensor fabricated from ionic thermoelectric gelatin that achieves simultaneous pressure and temperature detection. The thermoelectric effect of this ionic thermoelectric gelatin is mainly achieved through the synergy of the thermodiffusion effects and the thermogalvanic effect of ions. In addition, by applying pressure, the thermoelectric effect of this ionic thermoelectric gelatin can be changed (the thermopower of the ionic thermoelectric gelatin increases from 1.21 mV/K to 1.67 mV/K, representing a 38 % increase), so as to enable the sensor to sense external forces. By comparing the thermoelectric effect driven by temperature difference and the thermoelectric effect driven by pressure-temperature difference, there is a difference in the voltage response time. This allows for the decoupling of signals at the backend with only a simple algorithm. Using this sensor, we achieved a 95.31 % accuracy rate in identifying different materials. The multifunctional tactile sensor can promote the development of robots and better assist the disabled in restoring their sensory abilities.",ionic thermoelectric gelatin tactile sensor,"thermoelectric response arises from synergy between ion thermodiffusion and thermogalvanic effects; applied pressure changes thermopower, enabling force-temperature decoupling",iTE1,iTE,iTE1_0012,source_tables/iTE1_first1000_material_mechanism.csv,14,P0143,TG,removed_from_iTE_retained_in_TG,TG_0142
Improved Ionic Thermoelectric Performance of Adhesive and Self-Healing Cationic High-Entropy Gel Thermocell,ANGEWANDTE CHEMIE-INTERNATIONAL EDITION,10.1002/anie.202511293,2025,"Gel thermocell can directly convert heat into electricity by ions as energy carriers, capable of low-grade heat harvesting. However, ionic thermoelectric performance, including ionic thermopower, output power density, and energy density, needs to be significantly improved to meet practical applications. To date, it still lacks an effective strategy to focus on gels to achieve the overall high performance. Herein, an adhesive and self-healing cationic high-entropy gel (CHEG) G-FeCN4-/3--K+-Na+-Li+-Gdm+-Cs+ in a multi-ion cooperative chemical environment has been designed by the interaction between multications and anions, improving the entropy change of redox reaction, exchange current density, and ionic conductivity, thereby achieving an overall high ionic thermoelectric performance. The CHEG thermocell using the synergy of thermogalvanic and thermodiffusion effects showed a total ionic thermopower of 41 mV K-1 with 2.3 mV K-1 for the former, and delivered a maximum output power density of 14.3 mW m-2 K-2 and an energy density of 4.5 J m-2 K-2. In addition, an ultrahigh maximum output power density of 4.13 mW m-2 K-2 was obtained in the CHEG device that was assembled by connecting four thermocells in series, which could realize electrocatalytic degradation of rhodamine B. This work demonstrates a feasible way to design high-performance ionic thermoelectric gels and provides a new application in water pollution treatments.",adhesive self-healing cationic high-entropy gel G-FeCN4-/3--K+-Na+-Li+-Gdm+-Cs+,"multication-anion interactions in a high-entropy gel improve redox reaction entropy change, exchange current density, and ionic conductivity; thermogalvanic and thermodiffusion effects jointly contribute",iTE1,iTE,iTE1_0013,source_tables/iTE1_first1000_material_mechanism.csv,15,P0146,TG,removed_from_iTE_retained_in_TG,TG_0145
Ionic thermoelectric materials: Innovations and challenges,MATERIALS TODAY PHYSICS,10.1016/j.mtphys.2024.101375,2024,"As innovative energy materials, ionic thermoelectric materials (i-TEs) possess a distinctive combination of a high Seebeck coefficient and low thermal conductivity. This unique feature positions them as ideal candidates for efficiently harvesting low-grade heat. This review categorizes i-TEs into thermally diffusive type and thermogalvanic type, with a focus on the former due to its higher Seebeck coefficient. Notably, quasi-solid state materials within this category are explored in the most detailed way for their safety, flexibility, and versatile polymer network design. Strategies to enhance i -TE performance, such as improving the Seebeck coefficient, electrical conductivity, and reducing thermal conductivity, are discussed. Within this context, the proposal of hybridizing electron-type and ion-type materials emerges as an innovative approach aimed at enhancing performance. The future prospects underscore the critical necessity for challenge of establishing a systematic theoretical framework for i-TEs and emphasize the potential of electrode-electrolyte interactions in improving device performance to tackle the challenge of low energy density in diverse applications. In essence, i-TEs play a pivotal role in the effective harvesting of waste heat, making significant contributions to global sustainability and facilitating progress in green energy practices.",ionic thermoelectric materials; review of thermally diffusive and thermogalvanic i-TEs,"performance strategies include increasing Seebeck coefficient and electrical conductivity, reducing thermal conductivity, hybridizing electron-type and ion-type materials, and tuning electrode-electrolyte interactions",iTE1,iTE,iTE1_0022,source_tables/iTE1_first1000_material_mechanism.csv,24,P0141,TG,removed_from_iTE_retained_in_TG,TG_0140
Synergy between gelatin hydrogels and electrodes for adjustable and thermally stable ionic thermoelectric supercapacitors,CHEMICAL ENGINEERING JOURNAL,10.1016/j.cej.2024.152734,2024,"Gelatin-based ionic hydrogels are flexible, bio-compatible, and abundant materials, showing immense potential as quasi -solid -state electrolytes in energy conversion and storage applications. Recent studies highlighted the critical synergy between hydrogel electrolytes and electrodes on the thermopower and energy density in emerging ionic thermoelectric (i -TE) devices. In this work, the significant impact from electrodes to the thermoelectric response of gelatin hydrogels is explored and explained at the molecular level. A universal negative offset in the thermopower is observed when substituting the conventional Cu foil by carbon-based paper (CBP) electrodes. This is attributed to the electrolyte infiltration and strong cation restriction on the CBP electrodes, which facilitates anion thermodiffusion. The thermopowers of Gelatin-CsCl change from p- (0.1-0.5 mV K - 1 ) to n -type (up to -2.89 +/- 0.34 mV K - 1 ) and remain thermally stable at a large temperature difference of -36.8 K. The power factor and average power density in the ionic thermoelectric supercapacitors (ITESCs) made from Gelatin -0.02 M CsCl and CBP electrodes reach 2.13 +/- 0.50 mu W m - 1 K -2 and 145.37 mu W m - 2 at a small temperature difference of -7.7 K. Furthermore, the highest normalized instantaneous power density achieved during the quasi-continuous charge-discharge cycles is 39.42 mu W m - 2 K -2 , among the best ITESCs. This work provides fundamental insights into the previously overlooked synergy between gelatin hydrogels and electrodes for adjustable and thermally stable i -TE conversion and energy storage devices.",gelatin-CsCl hydrogel with carbon-based paper electrodes,"carbon-based paper electrodes infiltrate electrolyte and restrict cations, facilitating anion thermodiffusion and shifting gelatin-CsCl thermopower toward n-type behavior",iTE1,iTE,iTE1_0024,source_tables/iTE1_first1000_material_mechanism.csv,26,P0268,TG,removed_from_iTE_retained_in_TG,TG_0267
A Multifunctional MXene/PVA Hydrogel as a Continuous Ionic Thermoelectric Generator and a Strain/Temperature Sensor,SMALL,10.1002/smll.202407529,2025,"This research reports a continuous output ionic thermoelectric (i-TE) system based on MXene/PVA (polyvinyl alcohol) hydrogel, by utilizing thermo-diffusion of Cu2+ and Cl- ions and the redox reaction involving Cu/Cu2+ at the electrode interfaces. The thermopower of the i-TE system can be independently tuned to a value of -3.13 mVK-1 by adjusting the ion diffusivity via MXene (Ti3C2Tx). The i-TE system demonstrates a rapid response time of less than 100 s, outperforming any other polyelectrolyte-based system. Crucially, the i-TE system achieves continuous current output when equipped with copper electrodes, facilitated by the redox reaction involving Cu/Cu2+, and maintains stable long-term outputs across a range of resistances from 1 k Omega to 1 M Omega. A three-serial-connected i-TE module demonstrates an output voltage of 26 mV with 6 degrees C temperature difference, confirming the feasibility of creating an array of i-TE devices for substantial energy output. Beyond energy harvesting, the MXene/PVA hydrogel serves as multifunctional strain/temperature sensors, capable of detecting mechanical strains via the piezoresistive effect and locating finger contact points via the ionic thermoelectric effect.",MXene/PVA hydrogel ionic thermoelectric system with Cu2+/Cl- ions and copper electrodes,MXene (Ti3C2Tx) tunes ion diffusivity for negative thermopower; Cu/Cu2+ redox reaction at copper electrodes enables continuous current output,iTE1,iTE,iTE1_0027,source_tables/iTE1_first1000_material_mechanism.csv,29,P0267,TG,removed_from_iTE_retained_in_TG,TG_0266
Thermal potential induced redox reaction enabled ionic thermoelectric generator,NANO ENERGY,10.1016/j.nanoen.2025.111648,2026,"We report an ionic thermoelectric generator (iTEG) capable of delivering continuous power and large thermal voltages under a temperature gradient. Unlike conventional thermogalvanic cells, the current in our system arises from a reversible redox reaction driven by ionic thermodiffusion-induced thermal potentials. By systematically studying electrolytes with varying thermoelectric properties, we identified that self-assembled polyethylene glycol (PEG) clusters, stabilized by alkoxide end groups, are key to enable the output current. The iTEG achieved a maximum power density of 4.2 mW m-2 with an output voltage of 100 mV under a 20 K temperature difference. These findings establish a new design principle for ionic thermoelectric devices and provide insights into charge transfer process and redox reactions at electrode interfaces, with implications for energy technologies such as ion batteries and related electrochemical systems.",ionic thermoelectric generator with self-assembled polyethylene glycol (PEG) clusters stabilized by alkoxide end groups,ionic thermodiffusion-induced thermal potentials drive reversible redox reactions; PEG clusters enable output current and charge transfer at electrode interfaces,iTE1,iTE,iTE1_0038,source_tables/iTE1_first1000_material_mechanism.csv,40,P0175,TG,removed_from_iTE_retained_in_TG,TG_0174
High-performance ionic thermoelectric materials and emerging applications of ionic thermoelectric devices,MATERIALS TODAY ENERGY,10.1016/j.mtener.2023.101342,2023,"The recovery of low-level thermal energy, the conversion of solar thermal energy and the reuse of human thermal energy determine that thermoelectric materials are extremely attractive in terms of energy conversion and reuse. In recent years, as candidate materials for green energy conversion, ionic ther-moelectric materials have gradually become research hotspots due to their excellent thermoelectric conversion performance, cost-effective energy efficiency and eco-friendliness. Although ionic thermo-electric materials and devices have developed rapidly in recent years, there are still gaps in the detailed summary of material performance optimization measures and device application scenarios. Therefore, this review compares and summarizes the performance of ionic thermoelectric materials and related influencing factors. After that, the application of ionic thermoelectric materials and the assembly of their devices are highlighted. Finally, the prospects for future development trends are put forward as well as the suggestions of related research efforts are presented.& COPY; 2023 Elsevier Ltd. All rights reserved.",ionic thermoelectric materials and devices; review,summarizes factors governing ionic thermoelectric performance and device assembly; no single material mechanism is extracted,iTE1,iTE,iTE1_0053,source_tables/iTE1_first1000_material_mechanism.csv,55,P0274,TG,removed_from_iTE_retained_in_TG,TG_0273
Ionic thermoelectric materials for near ambient temperature energy harvesting,APPLIED PHYSICS LETTERS,10.1063/5.0032119,2021,"Ionic thermoelectric (i-TE) materials, using ions as the energy carrier, can generate a voltage under a temperature difference, bearing similarities to the Seebeck effect of electrons and holes in solid-state materials. Recent experiments have demonstrated large thermopower of quasi-solid-state i-TE materials, which are attractive for harvesting ambient heat as large enough voltage can be generated under a small temperature difference to match the voltage input needs of sensors for internet-of-things applications. In this perspective article, we discuss similarities and differences of i-TE materials from electronic-based thermoelectric materials and also different i-TE thermoelectric effects including the thermodiffusion (Soret) effect and the thermogalvanic effect, in which the latter includes redox reaction entropy and the Soret effect. Strategies to improve performances of materials and devices are elaborated, together with needs for future research in understanding microscopic origins of different effects.",quasi-solid-state ionic thermoelectric materials; perspective/review,compares thermodiffusion/Soret and thermogalvanic effects and summarizes performance-improvement strategies for near-ambient i-TE materials,iTE1,iTE,iTE1_0069,source_tables/iTE1_first1000_material_mechanism.csv,71,P0201,TG,removed_from_iTE_retained_in_TG,TG_0200
Solvent Replacement-Driven Ionic Liquid Thermoelectric Gel for Self-Powered Morse Code Communication Assisted by Machine Learning,ADVANCED SCIENCE,10.1002/advs.202509400,2025,"The development of ionic liquid gels (IL gels) with both high thermoelectric performance and mechanical flexibility is essential for advancing low-grade heat energy harvesting in next-generation flexible electronics and self-powered systems. Herein, a poly(methacrylic acid) (PMAA)-based IL gel is reported, fabricated via a solvent replacement strategy. By tailoring the synergistic coordination between Fe2+/Fe3+ redox couples and carboxyl (& horbar;COOH) groups in the polymer network, the gel functions as a thermogalvanic electrolyte, and its voltage generation is driven by temperature-dependent redox reactions of Fe2+/Fe3+. The resulting gel demonstrates excellent thermoelectric stability over a broad temperature range, achieving a high ionic conductivity (sigma) of 13.45 Sm-1 and the Seebeck coefficient (Si) of -4.67 mVK-1. In situ Raman spectroscopy and low-field solid-state nuclear magnetic resonance (NMR) analysis reveal the directional migration behavior of Fe2+/Fe3+ ions under a thermal gradient and their dynamic coupling with polymer chain motion. Furthermore, a self-powered Morse-code communication system is developed using a machine learning (ML)-assisted framework. A logistic regression model achieved 100% accuracy on an independent test set, indicating a strict monotonic mapping between voltage signals and encoded characters. This work provides new insights into the molecular design and thermoelectric regulation mechanisms of flexible thermoelectric gel, paving the way for their practical application in wearable self-powered communication devices.",PMAA-based ionic-liquid gel with Fe2+/Fe3+ redox couples,coordination between Fe2+/Fe3+ and carboxyl groups forms thermogalvanic electrolyte; temperature-dependent Fe2+/Fe3+ redox reactions drive voltage,iTE1,iTE,iTE1_0077,source_tables/iTE1_first1000_material_mechanism.csv,79,P0142,TG,removed_from_iTE_retained_in_TG,TG_0141
Phase-Transitional Ionic Thermocells for the Enhanced Thermoelectric Efficiency,ACS APPLIED MATERIALS & INTERFACES,10.1021/acsami.5c04042,2025,"With advancement in soft and wearable electronics, the demand for efficient and adaptable power sources has increased significantly. Ionic thermoelectrics, which converts wasted low-grade heat (<100 degrees C) into electrical energy, is a promising alternative due to its low cost, eco-friendliness, and conformability. To achieve practical implementation of ionic thermocells, innovative strategies that enhance voltage and power generation must be developed. Here, we present an ionic thermogalvanic cell using an ionic liquid, 1-allyl-3-methylimidazolium chloride. The ionic liquid undergoes a phase transition from solid to liquid in cold and hot regions, significantly improving performance without requiring additional components or complex processing. Compared to a homogeneous liquid-state cell, the phase-transitional system exhibits a 2.2-fold increase in the Seebeck coefficient (from 1.79 to 3.89 mV/K), a 3.66-fold enhancement in the power output (from 4.3 to 15.9 nW), and 3.47-fold improvement in the figure of merit (from 0.15 to 0.52) under the same temperature difference of 20 degrees C. Furthermore, the improvement was consistently observed across various electrolytes that undergo phase transitions, confirming the broad applicability of this strategy. This approach provides valuable direction into the advancement of ionic thermoelectric cells for efficient energy harvesting from low-grade heat, paving the way for practical and scalable applications in sustainable energy technologies.",1-allyl-3-methylimidazolium chloride ionic thermogalvanic cell,solid-liquid phase transition between cold and hot regions enhances Seebeck coefficient and power output without extra components,iTE1,iTE,iTE1_0120,source_tables/iTE1_first1000_material_mechanism.csv,122,P0159,TG,removed_from_iTE_retained_in_TG,TG_0158
Gutmann Donor Theory-Guided Design of Mononuclear Ionic Cluster for Exceptional N-Type Thermoelectric Ionogel,ADVANCED SCIENCE,10.1002/advs.202520143,2026,"Quasi-solid-state, ionic liquid-based thermogalvanic gels offer a significant solution for designing ultrasensitive ionic thermopiles due to their exceptional thermopower, superior thermal stability, and high flexibility. Constructing ternary ionogels through ionic doping-induced ionic aggregates and modulation of ionic transport heat have been proved to be an effective strategy for achieving further enhancement of ionic thermopower. However, the theoretical basis and systematic optimization of ion-selective doping have not been effectively verified. This study, grounded in the Gutmann donor theory for anion doping, demonstrates four universal configurations of structural reconfiguration in anion/cation clusters within ternary ionogels to progressively enhance anionic transport heat. At 80% relative humidity, this approach achieves a remarkably high negative thermopower of -25.85 mV K-1 and a high ionic conductivity of 3.21 mS cm-1. Furthermore, this work synergistically complements the Gutmann donor anion-doping strategy by tailoring the structure of the polyacrylate elastomer matrix and the type of cationic dopant. Ultimately, a wearable device prototype integrating 10 n-type ion thermoelectric capacitors is demonastrated. This device yields a thermally responsive voltage of 0.774 V (Delta T = 3K), demonstrating promise for designing high-thermopower ionic thermopiles and harvesting low-grade thermal energy.",ternary ionic-liquid ionogel with anion/cation clusters in polyacrylate elastomer,Gutmann donor-guided anion doping reconfigures ion clusters and increases anionic transport heat for high n-type thermopower,iTE1,iTE,iTE1_0125,source_tables/iTE1_first1000_material_mechanism.csv,127,P0176,TG,removed_from_iTE_retained_in_TG,TG_0175
Water-Thermal Self-Cycling Thermoelectric Hydrogel for Continuous Energy Harvesting from Body Heat,ADVANCED ENERGY MATERIALS,10.1002/aenm.202500540,2025,"The ability to continuously harvest energy from the human body has immense potential for powering wearable devices and biomedical systems, yet current thermoelectric hydrogels are constrained by rapid dehydration, limiting operational lifespans to less than 120 m and achieving temperature gradients of only approximate to 5 degrees C. Here, a self-cycling thermoelectric hydrogel is presented that addresses these challenges by autonomously regulating water-thermal cycling. This strategy achieves a maximum temperature gradient of 13 degrees C-more than 2.6 times the state-of-the-art-and maintains stable thermoelectric output for over 1500 min, the longest lifespan reported for such materials. Additionally, the hydrogel fully recovers hydration within 5 h, enabling robust reusability. Mechanistic studies reveal that optimized ionic interactions enhance thermal diffusion and elevate the Seebeck coefficient to 4.1 mV K-1. This study introduces a scalable design for wearable thermoelectric materials, paving the way for advancements in health monitoring, environmental sensing, and wearable electronics.",water-thermal self-cycling thermoelectric hydrogel,autonomous water-thermal cycling maintains hydration and temperature gradient; optimized ionic interactions enhance thermal diffusion and Seebeck coefficient,iTE1,iTE,iTE1_0176,source_tables/iTE1_first1000_material_mechanism.csv,178,P0247,TG,removed_from_iTE_retained_in_TG,TG_0246
A novel concentrated photovoltaic and ionic thermocells hybrid system for full-spectrum solar cascade utilization,APPLIED ENERGY,10.1016/j.apenergy.2024.123033,2024,"Concentrated photovoltaic-thermoelectric generator (CPV-TEG) hybrid system can harvest the low-grade waste heat derived from photovoltaic cells to generate more electric energy. However, it is economically unfeasible due to the expensive cost of thermoelectric generators and higher photovoltaics temperature. Ionic thermocell based on thermogalvanic effect has a more inexpensive cost and ionic Seebeck coefficient of 1- 2 orders of magnitude higher than thermoelectric generators, which is promising for full-spectrum solar cascade utilization. In present work, a novel concentrated photovoltaic and ionic thermocells hybrid system (CPV-iTEC) is reported, aiming to comprehensively evaluate its feasibility. The ionic thermocell adhered directly to the photovoltaic panel consists the pi-type multi-channels, electrodes and p/n-type redox electrolytes flowing in multi-channels, which can simultaneously cool photovoltaic panel and output electric energy for waste heat harvesting. A threedimensional numerical model is proposed and validated by preliminary experiment to investigate the effects of structural and operating parameters on the performance of CPV-iTEC during energy, exergy and economic analyses. Results show that the optimal structural parameters of ionic thermocell are the 2 mm channel height and 1 mm width, showing a 7.18% higher energy efficiency than that of CPV-TEG at 10 concentration ratios. The presence of ionic thermocell can significantly decrease the photovoltaic panel temperature from 351.30 K to 325.14 K, and thus broaden the available concentration ratio from 1- 21 to 1- 39 compared with CPV-TEG, reaching a higher output power of 16.61 W. During the optimization of advanced redox electrolytes/electrodes, the energy efficiency can reach 49.63% at 21 concentration ratios, which is 5.06% higher than that of CPV-TEG, and show a 22.65% lower overall cost. The application of ionic thermocell in the full-spectrum solar cascade utilization of concentrated photovoltaic system is proved to be feasible with significant advantages of low cost, high performance, and flexible operation.",concentrated photovoltaic-ionic thermocell hybrid with p/n redox electrolytes,ionic thermocell cools photovoltaic panel and harvests waste heat through thermogalvanic redox electrolytes in multichannels,iTE1,iTE,iTE1_0221,source_tables/iTE1_first1000_material_mechanism.csv,223,P0163,TG,removed_from_iTE_retained_in_TG,TG_0162
Enhancing thermoelectric conversion efficiency of hydrogel-based supercapacitors by the three-dimensional ion channels hydration,JOURNAL OF ENERGY STORAGE,10.1016/j.est.2024.110437,2024,"Ionic thermoelectric (i-TE) supercapacitors are capable of converting low-grade heat directly into electricity, which has enormous potential for wearable power sources and the Internet of Things. However, the low thermoelectric conversion efficiency limits their applications. Here, we report a method for forming polar corona in a three-dimensional (3D) network based on chitosan-polyacrylamide-silicon dioxide (PACS) hydrogel, significantly increasing the maximum thermogalvanic power density of 187.2 mW m(-2) at a temperature difference (Delta T) of 5 K. The abundant functional groups on PACS confine free H2O molecules to the polymer network, forming polar corona, reducing the volume of thermally diffused ions, and enabling rapid conduction of lithium ions (Li+) in unsaturated coordination. In addition, demonstrating an impressive ionic conductivity of 50.2 mS cm(-1) as well as a maximum thermal charging voltage of 200 mV (Delta T of 8 K), this work provides a new strategy for broadening applications of ionic thermally chargeable supercapacitors in harvesting low-grade heat and wearable devices.",chitosan-polyacrylamide-silicon dioxide hydrogel (PACS),"functional groups confine water into polar corona, reducing thermally diffused ion volume and enabling rapid Li+ conduction in 3D channels",iTE1,iTE,iTE1_0224,source_tables/iTE1_first1000_material_mechanism.csv,226,P0197,TG,removed_from_iTE_retained_in_TG,TG_0196
Exploring Pyrazine-Based Organic Redox Couples for Enhanced Thermoelectric Performance in Wearable Energy Harvesters,SMALL,10.1002/smll.202407622,2025,"Thermoelectric generators (TEGs) based on thermogalvanic cells can convert low-temperature waste heat into electricity. Organic redox couples are well-suited for wearable devices due to their nontoxicity and the potential to enhance the ionic Seebeck coefficient through functional-group modifications. Pyrazine-based organic redox couples with different functional groups is comparatively analyzed through cyclic voltammetry under varying temperatures. The results reveal substantial differences in entropy changes with temperature and highlight 2,5-pyrazinedicarboxylic acid dihydrate (PDCA) as the optimal candidate. How the functional groups of the pyrazine compounds impact the ionic Seebeck coefficient is examined, by calculating the electrostatic potential based on density functional theory. To evaluate the thermoelectric properties, PDCA is integrated in different concentrations into a double-network hydrogel comprising poly(vinyl alcohol) and polyacrylamide. The resulting champion device exhibits an impressive ionic Seebeck coefficient (Si) of 2.99 mV K-1, with ionic and thermal conductivities of approximate to 67.6 mu S cm-1 and approximate to 0.49 W m-1 K-1, respectively. Finally, a TEG is constructed by connecting 36 pieces of 20 x 10-3 m PDCA-soaked hydrogel in series. It achieves a maximum power output of approximate to 0.28 mu W under a temperature gradient of 28.3 degrees C and can power a small light-emitting diode. These findings highlight the significant potential of TEGs for wearable devices. Four types of pyrazine-based organic redox couples are compared, and the best-performing one, 2,5-pyrazinedicarboxylic acid dihydrate (PDCA), is subsequently incorporated into a poly(vinyl alcohol)/ polyacrylamide hydrogel at varying concentrations to evaluate its thermoelectric properties. To demonstrate practical applications, nine pieces of the 20 x 10-3 m PDCA-soaked hydrogel are connected in series to form a thermoelectric generator (TEG), showcasing its potential for wearable power generation. image",PDCA-soaked PVA/PAAm double-network hydrogel,pyrazine functional groups tune redox entropy and ionic Seebeck coefficient; PDCA redox couple gives best thermogalvanic performance,iTE1,iTE,iTE1_0225,source_tables/iTE1_first1000_material_mechanism.csv,227,P0188,TG,removed_from_iTE_retained_in_TG,TG_0187
Flexible hydrogel with a coupling enhanced thermoelectric effect for low-grade heat harvest,MATERIALS TODAY SUSTAINABILITY,10.1016/j.mtsust.2022.100293,2023,"Harvesting abundant and ubiquitous low-grade thermal energy and simultaneously converting it into electrical energy hold the potential of solving the existing energy crisis. Advances in thermoelectric materials now allow thermoelectric ionogel electrolyte to enhance the energy conversion and storage capacities under a thermal gradient. Here, we report an ionic thermoelectric (i-TE) material based on polyacrylamide (PAM) carboxymethyl cellulose (CMC) double network gel substrate with flexible and high thermal-electrical conversion properties. By combining the thermodiffusion effect of lithium sulfate (Li2SO4) ions and the thermogalvanic effect of [Fe(CN)64-/Fe(CN)63-], which achieved a coupled ionic Seebeck effect of up to 11.58 mV/K, exhibiting a high ionic conductivity (18.4 mS cm-1) and low thermal conductivity (0.47 W m-1/K), resulting in a high ionic power factor (198.2 mW m-1K-2) at room tem-perature. It exhibited an excellent tensile property (634%) and adhesion, and avoids electrolyte leakage to a large extent. Moreover, the application in ionic capacitors also demonstrates the superior thermo-electric conversion capability of i-TE gels. We believe that i-TE materials will pave a new pathway for low-grade thermal harvesting and self-driven flexible wearable electronics.(c) 2022 Elsevier Ltd. All rights reserved.",PAM/CMC/Li2SO4/[Fe(CN)6]4-/3- double-network hydrogel,Li2SO4 thermodiffusion and ferro/ferricyanide thermogalvanic effect couple to raise ionic Seebeck coefficient,iTE1,iTE,iTE1_0231,source_tables/iTE1_first1000_material_mechanism.csv,233,P0180,TG,removed_from_iTE_retained_in_TG,TG_0179
Giant thermopower of ionic gelatin near room temperature,SCIENCE,10.1126/science.aaz5045,2020,"Harvesting heat from the environment into electricity has the potential to power Internet-of-things (IoT) sensors, freeing them from cables or batteries and thus making them especially useful for wearable devices. We demonstrate a giant positive thermopower of 17.0 millivolts per degree Kelvin in a flexible, quasi-solid-state, ionic thermoelectric material using synergistic thermodiffusion and thermogalvanic effects. The ionic thermoelectric material is a gelatin matrix modulated with ion providers (KCl, NaCl, and KNO3) for thermodiffusion effect and a redox couple [Fe(CN)(6)(4-)/Fe(CN)(6)(3-)] for thermogalvanic effect. A proof-of-concept wearable device consisting of 25 unipolar elements generated more than 2 volts and a peak power of 5 microwatts using body heat. This ionic gelatin shows promise for environmental heat-to-electric energy conversion using ions as energy carriers.","gelatin matrix with KCl, NaCl, KNO3, and [Fe(CN)6]4-/3- redox couple","ion salts provide thermodiffusion and ferro/ferricyanide provides thermogalvanic effect, synergistically producing giant thermopower",iTE1,iTE,iTE1_0232,source_tables/iTE1_first1000_material_mechanism.csv,234,P0145,TG,removed_from_iTE_retained_in_TG,TG_0144
Enhanced Thermoelectric Power in Ionic Liquids,CHEMELECTROCHEM,10.1002/celc.201300074,2014,"The thiolate/disulfide organic redox couple (McMT (-) /BMT), derived from 2-mercapto-5-methyl-1,3,4-thiadiazole (McMT), recently proposed as an alternative to usual inorganic couples in dye-sensitized solar cells, exhibits a remarkable reversibility and stability in a thermogalvanic cell containing a 1-ethyl-3methyimidazolium tetrafluoroborate/acetonitrile (EMIMBF4/AN) mixture. The thermoelectric power depends strongly on concentrations of both the ionic liquid and the redox couple. It is enhanced by a factor of six at high ionic-liquid concentrations. The control of these parameters can be used to enhance the thermopower and the thermoelectric efficiency of future ionicliquid thermocells.",EMIMBF4/acetonitrile ionic liquid with McMT-/BMT thiolate/disulfide redox couple,ionic-liquid and redox-couple concentrations tune thermogalvanic redox entropy and enhance thermoelectric power,iTE1,iTE,iTE1_0252,source_tables/iTE1_first1000_material_mechanism.csv,254,P0227,TG,removed_from_iTE_retained_in_TG,TG_0226
Enhanced thermoelectric response of liquid electrolytes confined in graphene oxide nanochannel membranes,INTERNATIONAL COMMUNICATIONS IN HEAT AND MASS TRANSFER,10.1016/j.icheatmasstransfer.2026.111281,2026,"Nanoconfinement of liquid electrolytes has been shown to exhibit an enhanced ionic Seebeck coefficient compared with bulk systems. However, experimental understanding of the underlying mechanisms remains limited, particularly for electrolytes confined within sub-nanometer nanochannels reconstructed from twodimensional (2D) layered materials. In this study, we experimentally and numerically investigate the thermoelectric response of both monovalent and multivalent liquid electrolytes in graphene oxide (GO) nanochannel membranes, using KCl as a representative system, to elucidate the governing mechanisms. An ionic Seebeck coefficient exceeding -1.2 mV/K is achieved in GO nanochannels integrated with Ag/AgCl electrodes. By isolating the thermogalvanic contribution of the electrodes, the results reveal that the observed ionic Seebeck coefficient of GO nanochannels is governed by a competition between Soret-type ion thermodiffusion and ion diffusion driven by temperature-dependent ion electrophoretic mobility (TDIEM). In the low-concentration regime, where the electrical double layer (EDL) overlap becomes significant, the TDIEM effect dominates, leading to a large negative ionic Seebeck coefficient. Continuum-based numerical simulations show qualitative agreement with experimental trends. The ionic Seebeck coefficient increases with decreasing electrolyte concentration and increasing temperature difference, accompanied by enhanced surface charge density, and reaches a maximum value of -0.400 +/- 0.038 mV/K at a KCl concentration of 0.1 mM under a temperature difference of 24 K. Moreover, monovalent electrolytes exhibit higher ionic Seebeck coefficients than multivalent electrolytes due to their higher cation mobility and lower ionic heat of transport. These findings provide new insights into nanoconfinement-enhanced ionic thermoelectricity and support the development of nanofluidic-based thermoelectric generators for low-grade heat recovery.",GO nanochannel membrane with KCl and Ag/AgCl electrodes,nanoconfinement thermopower results from competition between Soret ion thermodiffusion and temperature-dependent ion electrophoretic mobility,iTE1,iTE,iTE1_0267,source_tables/iTE1_first1000_material_mechanism.csv,269,P0174,TG,removed_from_iTE_retained_in_TG,TG_0173
"Ionic thermoelectrics based on Poly(3,4-ethylenedioxythiophene):Poly(styrenesulfonate): A mini-review",SYNTHETIC METALS,10.1016/j.synthmet.2026.118182,2026,"Ionic thermoelectric (iTE) materials facilitate the efficient conversion of low-grade heat into electrical energy through ion diffusion, typically exhibiting Seebeck coefficients several orders of magnitude higher than conventional electronic thermoelectric materials. Among various iTE candidates, the mixed ionic-electronic conductor poly(3,4-ethylenedioxythiophene):poly(styrenesulfonate) (PEDOT:PSS) has emerged as a prominent material for flexible thermal energy harvesting applications. This mini-review provides an overview of recent advancements in PEDOT:PSS-based iTE materials and devices. Initially, we compared the thermodiffusion and thermogalvanic mechanisms responsible for ionic thermopower generation. A systematic analysis is presented for both p-type and n-type PEDOT:PSS-based ionic thermoelectric materials. In addition, recent advances in device implementations are highlighted, including thermocapacitive sensors, wearable energy harvesters, and thermogalvanic systems. Key factors affecting performance such as humidity, doping level, morphological characteristics are thoroughly examined, while persistent challenges in stability and scalability are critically assessed. In particular, hybrid ionic-electronic designs are highlighted as a promising strategy to enable continuous power output. Overall, PEDOT:PSS is identified as a viable platform for sustainable and flexible thermoelectric energy harvesting.",PEDOT:PSS-based ionic thermoelectric materials; mini-review,"reviews thermodiffusion and thermogalvanic mechanisms, p/n PEDOT:PSS iTEs, humidity, doping, morphology, and hybrid ionic-electronic designs",iTE1,iTE,iTE1_0275,source_tables/iTE1_first1000_material_mechanism.csv,277,P0170,TG,removed_from_iTE_retained_in_TG,TG_0169
Quasi-solid n-type thermogalvanic thermocells with enhanced ionic conductivity for continuous low-grade heat harvesting,APPLIED PHYSICS LETTERS,10.1063/5.0120728,2022,"Quasi-solid thermocells show great potential to save power terminals from periodic charging but still face the grand challenge of low thermoelectric efficiency. Despite many efforts devoted to improve thermopower, few studies have been reported to address the trade-off between thermopower and ionic conductivity encountered by n-type quasi-solid thermocells. Herein, a directional freeze-thawing method is developed to fabricate high-performance n-type quasi-solid thermocells with hierarchically anisotropic networks, enabling the decoupling of thermopower and ionic conductivity. The n-type thermopower is up to 0.74 mV/K, and the ionic conductivity is independently improved to be about 9.3 S/m. Thus, the output power density reaches similar to 200 mW/m(2), which is the same level among the quasi-solid n-type thermocells. Meanwhile, benefiting from the crystalline domains and alignment structures of the solid network, the thermocells achieve the strength of similar to 380 kPa and an elongation at break of similar to 320%. Moreover, the thermocells work stably when being pressed, bent, and stretched in practical uses. We believe this work not only demonstrates a particularly important example for fabricating high-performance n-type quasi-solid thermocells but also inspires the development of thermocell devices to achieve large-scale low-grade heat harvesting in wearable systems. Published under an exclusive license by AIP Publishing.",directionally freeze-thawed n-type quasi-solid thermocell with anisotropic network,hierarchical aligned network decouples thermopower and ionic conductivity while crystalline domains improve mechanical stability,iTE1,iTE,iTE1_0311,source_tables/iTE1_first1000_material_mechanism.csv,313,P0096,TG,removed_from_iTE_retained_in_TG,TG_0095
Ionic transport properties and their empirical correlations for thermal-to-electrical energy conversion,MATERIALS TODAY PHYSICS,10.1016/j.mtphys.2021.100433,2021,"Thermal-to-electrical energy conversion due to the thermo-diffusion of ions is an emerging field of study, which has attracted significant research efforts over the past several years due to unprecedentedly large thermopower over several mV/K compared to 10(-2)-10(-1) mV/K from conventional electronic thermoelectric materials. Nevertheless, key enabling principles and general rules for achieving the extraordinary properties have yet to be fully unveiled due to the complexity in establishing consolidated theories unlike crystalline solids. Here we suggest empirical relationships between ionic conductivity and ionic thermopower as well as their dependency on relative humidity (RH). It is very intriguing to see both ionic electrical conductivity and ionic thermopower are simultaneously improved as RH is raised, in contrast to their adverse correlation in conventional electronic thermoelectrics, offering potential breakthroughs for large performance enhancement. This paper mainly focuses on the thermo-diffusion of ions called the Soret effect in solid-state polyelectrolytes due to their large thermopower, and their transport properties were described in comparison to electronic Seebeck effects. Representative materials and their device applications are introduced along with underlying physics and perspectives. We anticipate that this work serves as a guide for exercising their outstanding properties as well as opening up new strategies for thermal-to-electrical energy conversion. (C) 2021 Elsevier Ltd. All rights reserved.",solid-state polyelectrolytes for ionic thermoelectrics; review/modeling,relative humidity can simultaneously improve ionic conductivity and ionic thermopower via Soret-effect ion thermodiffusion,iTE1,iTE,iTE1_0324,source_tables/iTE1_first1000_material_mechanism.csv,326,P0297,TG,removed_from_iTE_retained_in_TG,TG_0296
Can charged colloidal particles increase the thermoelectric energy conversion efficiency?,PHYSICAL CHEMISTRY CHEMICAL PHYSICS,10.1039/c7cp01023k,2017,"Currently, liquid thermocells are receiving increasing attention as an inexpensive alternative to conventional solid-state thermoelectrics for low-grade waste heat recovery applications. Here we present a novel path to increase the Seebeck coefficient of liquid thermoelectric materials using charged colloidal suspensions; namely, ionically stabilized magnetic nanoparticles (ferrofluids) dispersed in aqueous potassium ferro-/ferri-cyanide electrolytes. The dependency of thermoelectric potential on experimental parameters such as nanoparticle concentration and types of solute ions (lithium citrate and tetrabutylammonium citrate) is examined to reveal the relative contributions from the thermogalvanic potential of redox couples and the entropy of transfer of nanoparticles and ions. The results show that under specific ionic conditions, the inclusion of magnetic nanoparticles can lead to an enhancement of the ferrofluid's initial Seebeck coefficient by 15% (at a nanoparticle volume fraction of similar to 1%). Based on these observations, some practical directions are given on which ionic and colloidal parameters to adjust for improving the Seebeck coefficients of liquid thermoelectric materials.",ferrofluid of ionically stabilized magnetic nanoparticles in ferro/ferricyanide electrolyte,"charged nanoparticles and electrolyte ions add entropy-of-transfer contributions to redox thermogalvanic potential, increasing Seebeck coefficient under selected conditions",iTE1,iTE,iTE1_0337,source_tables/iTE1_first1000_material_mechanism.csv,339,P0215,TG,removed_from_iTE_retained_in_TG,TG_0214
Highly conductive triple network hydrogel thermoelectrochemical cells with low-grade heat harvesting,JOURNAL OF POWER SOURCES,10.1016/j.jpowsour.2024.234647,2024,"Quasi-solid thermoelectrochemical cells (TECs) are promising candidates for wearable energy harvesting devices as they enable the continuous conversion of low-grade heat into electricity. However, the TEC performance remains limited by inadequate ionic conductivity. Herein, a triple-network hydrogel consisting of polyacrylamide/poly(vinyl alcohol)/cellulose nanofiber (PAAM/PVA/CNF) is synthesized via a freeze-thaw method, and soaked in the thermogalvanic redox couple Fe(CN)(6)(3-/4-) as the electrolyte. By optimizing the polymer composition and soaking time, a superior ionic conductivity of 168 mS cm(-1) is achieved while maintaining a thermopower of similar to 1.69 mV K-1 . The high ionic conductivity is provided by the fractal microstructure of the hydrogel, as revealed by small-angle X-ray scattering (SAXS). Moreover, the as-fabricated thermoelectric generator array exhibits an exceptional power output of 28.7 mu W at a temperature difference of 11.9 K. This work provides insights on the development of wearable thermoelectric materials for practical and reliable energy harvesting applications.",PAAm/PVA/CNF triple-network hydrogel soaked with Fe(CN)6 3-/4-,fractal hydrogel microstructure gives high ionic conductivity while redox couple provides thermogalvanic thermopower,iTE1,iTE,iTE1_0370,source_tables/iTE1_first1000_material_mechanism.csv,372,P0150,TG,removed_from_iTE_retained_in_TG,TG_0149
Seebeck coefficients in ionic liquids -prospects for thermo-electrochemical cells,CHEMICAL COMMUNICATIONS,10.1039/c1cc11501d,2011,Measurement of Seebeck coefficients in a range of ionic liquids (ILs) suggests that these electrolytes could enable the development of thermoelectric devices to generate electrical energy from low-grade heat in the 100-150 degrees C range.,ionic liquids for thermo-electrochemical cells,ionic-liquid Seebeck coefficients indicate suitability for low-grade heat conversion around 100-150 C,iTE1,iTE,iTE1_0382,source_tables/iTE1_first1000_material_mechanism.csv,384,P0305,TG,removed_from_iTE_retained_in_TG,TG_0304
A Dual-Function Poly(vinyl alcohol) Hydrogel for Solar Water Production and Thermoelectric Energy Generation,ACS SUSTAINABLE CHEMISTRY & ENGINEERING,10.1021/acssuschemeng.4c10855,2025,"This work addresses the dual challenges of seawater purification and converting low-grade waste heat into electricity, both of which are crucial for sustainable resource management. It presents a combined approach that solves both problems using a self-fabricated device. The device generates a temperature gradient through efficient photothermal conversion by placing thermoelectric hydrogels on top of a photothermal hydrogel. Poly(vinyl alcohol) (PVA) is used as the matrix for the photothermal hydrogel and was selected for its biocompatibility and ease of processing. In order to enhance both the solar-driven water evaporation and photothermal conversion efficiency, ball-milled dititanium trioxide (Ti2O3) nanoparticles and carbon nanotubes (CNTs) are incorporated within the PVA matrix. This approach enables a water evaporation rate as high as 3.22 kg m-2 h-1. Additionally, PVA also serves as the matrix for thermoelectric gels, which are soaked with a K3[Fe(CN)6]/K4[Fe(CN)6] redox pair solution to exploit the thermogalvanic acid (TGC) effect. This arrangement enables voltage generation through redox reactions at the hot and cold ends. The obtained excellent thermoelectric properties can be characterized by the ionic Seebeck coefficient (S i ) of 1.48 mV K-1 and a power density of 9.6 mW m-2 after nine thermoelectric hydrogels were connected in series. As a result, this dual-functional device simultaneously and effectively purifies seawater and generates electricity. Outdoor testing shows a daily water production of 9.2 kg m-2 and a stable voltage generation of 130 mV from the thermoelectric hydrogels. This approach advances water purification and energy generation technologies and opens new avenues for innovative applications in renewable energy.",PVA photothermal hydrogel with Ti2O3 nanoparticles and CNTs plus PVA/K3[Fe(CN)6]/K4[Fe(CN)6] thermoelectric gels,photothermal hydrogel creates temperature gradient while ferri/ferrocyanide thermogalvanic redox reactions generate voltage,iTE1,iTE,iTE1_0634,source_tables/iTE1_first1000_material_mechanism.csv,636,P0136,TG,removed_from_iTE_retained_in_TG,TG_0135
Thermogalvanic hydrogel electrolyte for harvesting biothermal energy enabled by a novel redox couple of SO4/3 2-ions,NANO ENERGY,10.1016/j.nanoen.2022.108077,2023,"Thermoelectric hydrogels can be used as energy conversion devices to convert low-grade heat into practical electricity for sustainable energy supply. However, current redox couple-based thermogalvanic gel electrolytes contain toxic metal elements, limiting their non-toxic and environmentally sustainable development. Here, a stretchable, flexible gel thermoelectric device is created by introducing a novel non-toxic redox couple of SO42-/ SO32-for the first time, which exhibits a high Seebeck coefficient (Se) of 1.63 mV K-1 at the optimal redox couple concentration of 0.1 M. The tensile/compressive stress and deformation at break of the hydrogel electrolyte achieves a superior index due to the hybrid structure formed between PEDOT: PSS and SO42-/SO32-ion-promoted crosslinking PVA network. By subtly doping additional electrolyte ions, the gel affords a favorable ionic con-ductivity and thermoelectric performance. Furthermore, this PVA-SO4/3 2-hydrogel shows the capacity of har-vesting biothermal energy for operating small electronics at body temperature. This work breaks with conventional redox couples and represents a step towards green sustainable self-powered wearables using a new redox couple with a favorable thermoelectric performance.",PVA-SO4/SO3 hydrogel with PEDOT:PSS and SO4 2-/SO3 2- redox couple,non-toxic sulfate/sulfite redox couple and ion-promoted PVA crosslinking enable thermogalvanic biothermal harvesting,iTE1,iTE,iTE1_0638,source_tables/iTE1_first1000_material_mechanism.csv,640,P0062,TG,removed_from_iTE_retained_in_TG,TG_0061
Synergy of thermodiffusion and thermogalvanic effect in n-type ionic hydrogel: self-signaled fire warning and enhanced heat harvesting,CHEMICAL ENGINEERING JOURNAL,10.1016/j.cej.2026.175294,2026,"Despite the significant demand for harvesting low-grade thermal energy and providing timely fire warning, conventional thermoelectric materials face limitations in efficiency, stability, and multifunctionality. Moreover, the advancement of ionic p-n junction devices is impeded by the scarcity of high-performance n-type ionic hydrogels. Herein, we present a flame-retardant n-type ionic thermoelectric hydrogel (RTIG) that synergistically combines thermodiffusion and thermogalvanic effect to achieve self-signaled fire warning alongside enhanced heat harvesting. Fabricated via UV-polymerization in a BmimH2PO4/water solvent followed by FeCl3/FeCl2 impregnation, RTIG demonstrated robust mechanical flexibility (1389% elongation, 0.48 MPa strength) and high ionic conductivity (0.3 S m- 1). The synergistic interplay of ion thermodiffusion (Bmim+/H2PO4- ) and thermogalvanic effect (Fe2+/Fe3+) yielded a high n-type Seebeck coefficient of -6.50 mV center dot K- 1, enabling efficient heatto-electric conversion (76.1 mV, 144.3 nW at Delta T = 12 K). Remarkably, RTIG enabled self-signaled fire alarm activation within 2 s triggered by a rapid voltage surge (74.65 mV) and exhibited exceptional flame retardancy (LOI = 59%, 26.5% reduction of PHRR) attributed to phosphorus-iron synergistic char formation. Additionally, it functioned as a stable supercapacitor (52.4 F center dot g- 1). This work provides a versatile multifunctional platform for next-generation wearable and Internet-of-Things applications.",BmimH2PO4/water/FeCl3/FeCl2 n-type ionic hydrogel (RTIG),Bmim+/H2PO4- thermodiffusion and Fe2+/Fe3+ thermogalvanic redox synergistically produce n-type Seebeck response and fire-warning voltage,iTE1,iTE,iTE1_0645,source_tables/iTE1_first1000_material_mechanism.csv,647,P0080,TG,removed_from_iTE_retained_in_TG,TG_0079
Double selective ionic gel with excellent thermopower and ultra-high energy density for low-quality thermal energy harvesting,ENERGY & ENVIRONMENTAL SCIENCE,10.1039/d3ee03759b,2024,"The high thermopower characteristics of ionic thermoelectric cells (ITECs) significantly improve the efficiency of environmental heat and energy collection and utilization. Herein, based on the low thermal conductivity of biomass materials, we propose a novel strategy on structural design and component modulation for full component utilization and synergistic enhancement of thermodiffusion and thermogalvanic effects of single electrolytes to achieve high thermopower and output energy density. Grafting guanidinium salt ions in the chitosan gel can facilitate the selective separation of positive and negative ions of the FeCl3/2 electrolyte and enhance the thermodiffusion effect. Meanwhile, introduction of melamine in the chitosan gel enables the selective complexation/desorption of Fe3+ at cold and hot ends, which enlarges the concentration and entropy difference of redox pairs in electrolyte ions. Significant magnification of the thermocouple effect is observed, resulting in 700% increase in thermopower (-1.04 to -7.24 mV K-1). Particularly, the 90-min output energy density of the ITECs reaches 17.93 kJ m-2 at Delta T of 25 K, which is a record-breaking result among the reported quasi-solid-state ITECs. This study provides a new design pathway for development and application of high-performance ITECs. Thermodiffusion and thermogalvanic effects of single redox electrolytes are synergistically utilized and enhanced by double selective gel design of ionic thermoelectric cells, generating remarkable thermopower and energy output in a long-cycle mode.",chitosan gel grafted with guanidinium ions and melamine using FeCl3/FeCl2 electrolyte,"guanidinium enhances ion separation/thermodiffusion while melamine selectively complexes Fe3+, amplifying thermogalvanic entropy difference",iTE1,iTE,iTE1_0662,source_tables/iTE1_first1000_material_mechanism.csv,664,P0137,TG,removed_from_iTE_retained_in_TG,TG_0136
Thermoelectric energy recovery at ionic-liquid/electrode interface,JOURNAL OF CHEMICAL PHYSICS,10.1063/1.4923199,2015,"A thermally chargeable capacitor containing a binary solution of 1-ethyl-3-methylimidazolium bis(trifluoromethylsulfonyl)-imide in acetonitrile is electrically charged by applying a temperature gradient to two ideally polarisable electrodes. The corresponding thermoelectric coefficient is -1.7 mV/K for platinum foil electrodes and -0.3 mV/K for nanoporous carbon electrodes. Stored electrical energy is extracted by discharging the capacitor through a resistor. The measured capacitance of the electrode/ionic-liquid interface is 5 mu F for each platinum electrode while it becomes four orders of magnitude larger, approximate to 36 mF, for a single nanoporous carbon electrode. Reproducibility of the effect through repeated charging-discharging cycles under a steady-state temperature gradient demonstrates the robustness of the electrical charging process at the liquid/electrode interface. The acceleration of the charging by convective flows is also observed. This offers the possibility to convert waste-heat into electric energy without exchanging electrons between ions and electrodes, in contrast to what occurs in most thermogalvanic cells. (C) 2015 AIP Publishing LLC.",EMIM:TFSI in acetonitrile thermally chargeable capacitor with Pt or nanoporous carbon electrodes,temperature gradient charges ionic-liquid/electrode electric double layers without redox electron exchange; nanoporous carbon boosts capacitance,iTE1,iTE,iTE1_0664,source_tables/iTE1_first1000_material_mechanism.csv,666,P0304,TG,removed_from_iTE_retained_in_TG,TG_0303
Multi-material 3D printing of self-powered sensors based on ionic thermoelectric hydrogels,VIRTUAL AND PHYSICAL PROTOTYPING,10.1080/17452759.2026.2638660,2026,"The development of self-powered wearable electronics is hindered by the mismatch between rigid thermoelectric generators and deformable body contours in conventional manufacturing methods. Here, we present a 3D-printable ionic hydrogel based on a gelatin and kappa-carrageenan matrix that meets the flow, recovery, and structural requirements of multi-material direct ink writing. Our ink design consists of gelatin and kappa-carrageenan, where the latter modulates the viscoelasticity of the precursor and enables the formation of a double-network porous structure, thereby enhancing mechanical robustness and facilitating ion transport. High-fidelity 3D architectures can be printed, and an in-situ silicone encapsulation effectively suppresses dehydration, extending operational lifetime. Geometry-optimised features such as wavy structures further improve strain responsiveness by increasing ion-migration pathways. With an SO4 & sup2;(-)/SO3 & sup2;(-) redox couple, the hydrogel reaches a Seebeck coefficient of 3.96 mV K-& sup1; and maintains stable thermoelectric output during deformation. Demonstrations of temperature sensing, motion detection, and encoded signal output validate the capability of this integrated printing strategy to produce monolithic, long-lasting, and form-adaptive self-powered wearable devices.",gelatin/kappa-carrageenan ionic hydrogel with SO4 2-/SO3 2- redox couple,double-network porous hydrogel promotes ion transport; sulfate/sulfite redox couple provides stable thermoelectric output during deformation,iTE1,iTE,iTE1_0673,source_tables/iTE1_first1000_material_mechanism.csv,675,P0261,TG,removed_from_iTE_retained_in_TG,TG_0260
Role of strong electrolytes on resistivity components in a liquid themoelectronic converter,JAPANESE JOURNAL OF APPLIED PHYSICS,10.35848/1347-4065/ae2ec1,2026,"A liquid thermoelectric converter (LTE) converts environmental heat into electric power via the electrochemical Seebeck coefficient alpha. To enhance the maximum ( Wmax = alpha 2 Delta T24R , where Delta T and R are the temperature difference and device resistance, respectively) power, we should reduce R. Here, we systematically investigated the effect of a strong (supporting) electrolyte (NaClO4) on R and its components, i.e., solution (Rs), charge-transfer (Rct), and diffusion (Rdif) resistances, in aqueous and methanol (MeOH) LTEs containing mFe moles of Fe(ClO4)2 and Fe(ClO4)3. The addition of NaClO4 instead of Fe(ClO4)2/Fe(ClO4)3 decreases Rs while increasing Rct and Rdif. We proposed empirical equations for Rs, Rct, and Rdif as functions of viscosity (eta) of electrolyte and concentrations of redox electrolyte (mFe) and added NaClO4 (mNa).",aqueous or methanol liquid thermoelectric converters with Fe(ClO4)2/Fe(ClO4)3 and NaClO4 supporting electrolyte,"NaClO4 lowers solution resistance but raises charge-transfer/diffusion resistance, changing total device resistance",iTE1,iTE,iTE1_0717,source_tables/iTE1_first1000_material_mechanism.csv,719,P0254,TG,removed_from_iTE_retained_in_TG,TG_0253
Convection Effect on Resistance Components in Liquid Thermoelectric Converter,JOURNAL OF THE PHYSICAL SOCIETY OF JAPAN,10.7566/JPSJ.95.044601,2026,"Device resistance R of liquid thermoelectric convertor (LTE) is composed not only of solution resistance Rs and charge-transfer resistance Rct, but also of diffusion resistance Rdif due to mass transfer of reactants. Here, we applied the rotating disk electrode (RDE) method to investigate the effect of convective mass transfer on Rs, Rct, and Rdif. We found that Rdif decreases rapidly as the angular velocity w increased, while Rs and Rct were independent on w. This is basically because the convective mass transfer complements the diffusive mass transfer. Observed w dependence of Rdif is quantitatively reproduced by incorporating w dependence of the diffusion layer thickness S.",liquid thermoelectric converter with redox electrolyte under rotating disk convection,convective mass transfer decreases diffusion resistance while solution and charge-transfer resistances remain largely unchanged,iTE1,iTE,iTE1_0766,source_tables/iTE1_first1000_material_mechanism.csv,768,P0253,TG,removed_from_iTE_retained_in_TG,TG_0252
Exploiting low-grade waste heat to produce electricity through supercapacitor containing carbon electrodes and ionic liquid electrolytes,ELECTROCHIMICA ACTA,10.1016/j.electacta.2021.139640,2022,"Low-grade thermal energy harvesting presents great challenges to traditional thermoelectric systems based on the Seebeck effect, the thermogalvanic effect, and the Soret effect due to fixed temperature gradient and low voltage output. In this study, we report an ionic thermoelectric system, essentially a su-percapacitor (SC) containing an ionic liquid (IL) electrolyte and activated carbon electrodes, which works on the thermocapacitive effect and does not require any fixed temperature gradient, rather it works in a homogeneously changing temperature. A systematic investigation is carried out on SCs containing two different ILs, 1-Ethyl-3-methylimidazolium bis (trifluoromethylsulfonyl), EMIm TFSI, and 1-Ethyl-3-methylimidazolium acetate, EMIm OAc. A high voltage output of 176 mV is achieved for EMIm TFSI con-taining SC by exposing just to 60 degrees C environment. Moreover, a large voltage of 502 mV is recovered from the SC upon subjecting to heat after one electrical charge/discharge cycle. A system containing two SCs in series demonstrates a significant voltage of 947 mV. The observed performance difference between the two ILs is rationalized in terms of the extent of asymmetry in the interfaces of the electrical double layer that essentially originates from different diffusivity of individual ions. The mechanism can be applied to a plethora of ILs to exploit low-grade heat to store electricity without a fixed temperature gradient, opening up the possibility to merge different scientific communities and enrich this rising research field.(c) 2021 The Authors. Published by Elsevier Ltd. This is an open access article under the CC BY license ( http://creativecommons.org/licenses/by/4.0/ )",supercapacitor with EMIM TFSI or EMIM OAc ionic liquid electrolyte and activated carbon electrodes,thermocapacitive effect and asymmetric electric double layers harvest homogeneous temperature changes without fixed gradient,iTE1,iTE,iTE1_0767,source_tables/iTE1_first1000_material_mechanism.csv,769,P0220,TG,removed_from_iTE_retained_in_TG,TG_0219
Thermoelectricity and Thermodiffusion in Magnetic Nanofluids: Entropic Analysis,ENTROPY,10.3390/e20060405,2018,"An analytical model describing the thermoelectric potential production in magnetic nanofluids (dispersions of magnetic and charged colloidal particles in liquid media) is presented. The two major entropy sources, the thermogalvanic and thermodiffusion processes are considered. The thermodiffusion term is described in terms of three physical parameters; the diffusion coefficient, the Eastman entropy of transfer and the electrophoretic charge number of colloidal particles, which all depend on the particle concentration and the applied magnetic field strength and direction. The results are combined with well-known formulation of thermoelectric potential in thermogalvanic cells and compared to the recent observation of Seebeck coefficient enhancement/diminution in magnetic nanofluids in polar media.",magnetic nanofluids with charged magnetic colloids,"thermogalvanic and thermodiffusion entropy terms, particle charge, and magnetic field control thermoelectric potential",iTE1,iTE,iTE1_0772,source_tables/iTE1_first1000_material_mechanism.csv,774,P0224,TG,removed_from_iTE_retained_in_TG,TG_0223
High-Thermopower Thermogalvanic Ionic Hydrogel for Efficient Low-Grade Heat Energy Harvesting in Electronic Devices,ACS APPLIED POLYMER MATERIALS,10.1021/acsapm.5c02573,2025,"Energy is fundamental to human survival and development and also serves as a crucial driving force for sustainable economic growth. Due to the limited efficiency of energy conversion, electronic devices operating at high loads generate substantial amounts of low-grade waste heat. Recycling and reusing of this waste heat can lead to significant energy savings. The present thermoelectric materials typically exhibit low thermopower (or Seebeck coefficient), making it challenging to efficiently recover low-grade waste heat. This study rapidly fabricated polyacrylamide hydrogels via aqueous polymerization and then introduced the Fe(CN)6 3-/4- redox couple and guanidine hydrochloride through solvent exchange to produce the thermogalvanic ionic hydrogel (TGIH). Subsequently, the water retention and mechanical properties of TGIH were enhanced by introducing the natural moisturizing factor sodium pyrrolidone carboxylate. The TGIH exhibited a high Seebeck coefficient of 5.49 mV/K, a high specific power density of 1213.29 mu W/m2K2, a high water retention rate of 62.7%, a great tensile fracture rate of 523.65%, and a toughness of 0.167 MJ/m3. In addition, an application case is carried on using smartphones; this work demonstrated the TGIH's capability to efficiently dissipate heat from electronic devices while simultaneously recovering low-grade waste heat. The TGIH can promote the recovery and utilization of low-grade thermal energy and holds significant application potential in sustainable wearable electronics.","polyacrylamide hydrogel with Fe(CN)6 3-/4-, guanidine hydrochloride, and sodium pyrrolidone carboxylate",thermogalvanic Fe(CN)6 redox chemistry gives high Seebeck coefficient while additives improve mechanics and water retention,iTE1,iTE,iTE1_0804,source_tables/iTE1_first1000_material_mechanism.csv,806,P0023,TG,removed_from_iTE_retained_in_TG,TG_0022
Antisolvent engineering enhanced high-entropy liquid flow thermocells with giant power densities for low-grade heat harvesting,ENERGY & ENVIRONMENTAL SCIENCE,10.1039/d5ee04880j,2026,"Liquid-flow ionic thermocells (LiTCs) with high thermoelectric performance are promising candidates for low-grade waste heat harvesting. However, they are significantly hindered by the low normalized maximum power density (P-max/Delta T-2) due to the limited solvation entropy increase of redox ions. Herein, a cost-effective and facile strategy for enhancing the solvation entropy increase of redox ions is proposed through antisolvent engineering, which significantly improved the ionic thermoelectric performance of LiTCs. An antisolvent (ethanol) of redox ions was introduced into the equimolar aqueous solutions of reductant and oxidant (K4Fe(CN)(6)/K3Fe(CN)(6)) flowed separately within the Y-shaped channel of LiTCs. The presence of the antisolvent would induce the agglomeration of Fe(CN)(6)(4-) ions due to the competitive effect of antisolvent molecules with low polarity parameters, thereby reducing the interfacial free energy with water molecules and increasing the disorder within its solvation shell. This process would enhance the solvation entropy increase of redox ions through the intercalation of an ethanol molecule into the first solvation shell of Fe(CN)(6)(4-) at certain ethanol content, thus significantly promoting the thermogalvanic effect. As a result, antisolvent engineering can achieve the giant ionic thermopower of -58.8 mV K-1 and P-max/Delta T-2 of 64.5 mW m(-2) K-2, which is ca. 100 times that of conventional ionic thermocells. Consequently, the Carnot-relative efficiency had the highest value of 11.8% until now, and significantly exceeded the predicted commercialization threshold (similar to 5%). The high-entropy LiTCs with competitive cost-performance metric (1.01 $ W-1) and low temperature resistance (<-10 degrees C) would have enormous potential for commercial application.",aqueous K4Fe(CN)6/K3Fe(CN)6 liquid-flow ionic thermocell with ethanol antisolvent,"ethanol antisolvent alters Fe(CN)6 4- solvation shell and entropy, strongly enhancing thermogalvanic ionic thermopower",iTE1,iTE,iTE1_0837,source_tables/iTE1_first1000_material_mechanism.csv,839,P0251,TG,removed_from_iTE_retained_in_TG,TG_0250
3D Hierarchical Electrodes Boosting Ultrahigh Power Output for Gelatin-KCl-FeCN4-/3- Ionic Thermoelectric Cells,ADVANCED ENERGY MATERIALS,10.1002/aenm.202103666,2022,"Ionic thermoelectric (i-TE) cells, using ions as energy carriers, have the advantage of achieving a high voltage of 1-5 V at approximately ambient temperature, showing a promise as a technology for powering Internet-of-Things (IoT) sensors. However, the low output power of i-TE cells restricts their applications. Here, a 3D hierarchical structure electrode is designed to enlarge the electroactive surface area, significantly increasing the thermogalvanic reaction sites and decreasing the interface charge transfer resistance. The quasi-solid-state gelatin-KCl-FeCN4-/3- i-TE cells achieve a record instantaneous output power density (8.9 mW m(-2) K-2) and an ultrahigh 2 h output energy density (E-2h) (80 J m(-2)) under an optimal temperature range. An average E-2h value of 59.4 J m(-2) is obtained over the course of a week of operation. A wearable device consisting of 24 i-TE cells can generate a high voltage of 2.8 V and an instantaneous output power of 68 mu W by harvesting body heat. A simple and easy-to-operate electrode optimization strategy is provided here to increase the long-term output power performance of i-TE cells. This work represents a promising approach to develop reliable and green power sources for IoT sensors near room temperature.",gelatin-KCl-Fe(CN)6 4-/3- ionic thermoelectric cells with 3D hierarchical electrodes,"3D electrodes enlarge electroactive area and reduce charge-transfer resistance, boosting thermogalvanic power output",iTE1,iTE,iTE1_0851,source_tables/iTE1_first1000_material_mechanism.csv,853,P0169,TG,removed_from_iTE_retained_in_TG,TG_0168
Coupling thermogalvanic and piezoresistive effects in a robust hydrogel for Deep-Learning-Assisted Self-Powered sign language and object recognition,CHEMICAL ENGINEERING JOURNAL,10.1016/j.cej.2024.150816,2024,"The human hand provides rich sensory information for proper interaction with the environment. However, designing passive hand -sensing arrays with robust mechanical properties, high conductivity, ease of integration and reliability remains a long-term challenge. Here, we develop a robust dynamic crystalline ion -injected thermoelectric gel (DCI-TEG) via a simple solvent -exchange salt -out strategy. The resultant DCI-TEG exhibits high tensile strength (3.8 MPa), toughness (7.5 MJ m -3 ), and ionic conductivity of 1.84 S m -1 . Benefiting from non -covalent crosslinking, the gel electrolyte and electrodes can be fully integrated into modules with tight physical and electrical contact, facilitating a stable and reliable signal output. By coupling thermogalvanic and piezoresistive effects, the DCI-TEG permits self -powered timely sensing of pressure using current signals. By implanting ionic thermoelectric module arrays on a glove, a wearable pressure sensing route is demonstrated with the merits of self -power, low cost and simple preparation. With the help of deep learning algorithms, a selfpowered recognition for sign language and objects is realized in wearable/portable scenarios by active highaccuracy pressure detection. This work gives people a new direction toward barrier -free passive communication and human - machine interaction in the next -generation artificial intelligence.",dynamic crystalline ion-injected thermoelectric hydrogel,thermogalvanic effect and piezoresistive effect couple to provide self-powered pressure sensing in robust ionic gel,iTE1,iTE,iTE1_0857,source_tables/iTE1_first1000_material_mechanism.csv,859,P0019,TG,removed_from_iTE_retained_in_TG,TG_0018
Zinc-iodine thermal charging cell engineered by cost-efficient electrolytes for low-grade heat harvesting,JOURNAL OF POWER SOURCES,10.1016/j.jpowsour.2024.234325,2024,"Emerging ionic thermoelectric devices (i-TEs), with synergistic effect of thermogalvanic effect and thermo-diffusion effect, are promising devices to achieve heat to electricity. We report a zinc-iodine thermal charging cell (ZITCC) enabled by cost-efficient electrolytes for low-grade heat harvesting. Efficient functional electrolytes are obtained through optimization from Zn(NO3)(2), Zn(CH3COO)(2) and ZnSO4 electrolytes and introducing redox species (I-/I-3(-)). The ZITCCs generate electricity through thermo-diffusion effect of electrolyte ions, as well as the thermogalvanic effect involving I- to I-3(-) conversion and Zn plating, enabling efficient heat-to-electricity conversion. The Seebeck coefficient of 19.2 mV K-1, a high output voltage of similar to 1 V and superior normalized maximum power density of 0.44 mW m(-2) K-2 is obtained at temperature difference of 15 K. Meanwhile, ZITCCs have good energy storage capacity. In addition, a quasi-solid-state device delivers an 8.5 mW m(-2) output power and impressive performance at temperature difference of 8 K can be acquired. This work provides a good strategy for the design of high-Seebeck coefficient, cost-effective i-TEs for low-grade heat harvesting.",zinc-iodine thermal charging cell with Zn(NO3)2/Zn(CH3COO)2/ZnSO4 and I-/I3- redox species,thermodiffusion of electrolyte ions plus thermogalvanic I-/I3- conversion and Zn plating generate heat-to-electricity output,iTE1,iTE,iTE1_0877,source_tables/iTE1_first1000_material_mechanism.csv,879,P0196,TG,removed_from_iTE_retained_in_TG,TG_0195
Liquid-flow thermocells with high hybrid entropy for low-grade heat harvesting,NANO ENERGY,10.1016/j.nanoen.2024.109992,2024,"Liquid-state thermocells (LITCs) have a promising for efficient low-grade waste heat harvesting. However, its practical application is restricted by low ionic thermopower and normalized maximum power density ( P max / Delta T 2 ) due to the limits of ionic reaction and transport processes. Here, we demonstrate a liquid-flow thermocell (LFTC) with giant thermoelectric performance by inducing hybrid entropy increasing. The LFTCs consists of a Y-shaped microchannel and the flowing equimolar oxidant/reductant electrolyte injected separately from the Y-shaped inlet, respectively. During mixing of oxidant and reductant in microchannel, it can induce the interaction of redox ions and surrounding solvation, and thus increase its entropy difference of solvation structure, synergistically enhancing the thermogalvanic effect and mass transfer of redox ions. This can effectively break through the limits of ionic reaction/transport dynamics and thermodynamics processes, and reach a giant ionic thermopower of-21.5 mV K-1 , which is 13 times larger than that of pristine LITCs. The high hybrid entropy change can boost the P max / Delta T 2 of LFTCs into the highest value of 16.5 mW m- 2 K-2 until now, much higher than the previous records of LITCs. LFTCs with cost effectiveness have a great potential to realize efficient heat-toelectricity conversion.",Y-channel liquid-flow thermocell with equimolar oxidant/reductant electrolytes,"mixing flow increases redox-ion solvation entropy and mass transfer, synergistically enhancing thermogalvanic effect",iTE1,iTE,iTE1_0895,source_tables/iTE1_first1000_material_mechanism.csv,897,P0162,TG,removed_from_iTE_retained_in_TG,TG_0161
Significantly enhanced properties of micro-ionic thermocells through the microstructure interfacial effect,JOURNAL OF MATERIALS CHEMISTRY A,10.1039/d4ta03996c,2024,"Liquid-state ionic thermocells (LITCs) can effectively convert low-grade waste heat to electricity. However, the larger structural dimensions and lower power density of LITCs restrict their large-scale practical application in scenarios with limited operating space such as photovoltaics, automotive applications, data centers, etc. In the present work, we demonstrate a micro-ionic thermocell (MiTC) with micrometer-scale structural dimensions prepared by soft lithography, which can synergistically promote the entropy change of the solvation structure and mass transfer of redox ions, and thus ionic thermoelectric properties. The effects of electrolyte concentration, scale effect and interface charge of the microstructure, and electrode gap on the ionic thermopower and Pmax/Delta T2 of MiTCs were comprehensively investigated to reveal the enhancement mechanisms using UV-vis/FTIR/in situ Raman analyses. The interfacial effect of microstructure-electrolyte solution can boost ionic reactions and transport processes at the microscale. It can increase the ionic thermopower and conductivity of 0.4 mol L-1 Fe(CN)64-/Fe(CN)63- electrolytes in MiTCs from -1.4 mV K-1 and 147.6 mS cm-1 to -2.5 mV K-1 and 254.2 mS cm-1, thus reaching a high Pmax/Delta T2 value of 15.4 mW m-2 K-2 at a 2 mm electrode gap and 50 mu m microstructure width, respectively, showing a significant enhancement. Combined with microfabrication technology, MiTCs can facilely achieve large-scale integrated stacking and output considerable electricity within limited structural dimensions to meet the practical requirements for the integration and miniaturization of low-grade heat harvesting. A micro-ionic thermocell with a high Pmax/Delta T2 (15.4 mW m-2 K-2) was reported through the interfacial effect of microstructure-electrolyte solution at the microscale.",micro-ionic thermocell with Fe(CN)6 4-/3- electrolyte and soft-lithography microstructures,"microstructure-electrolyte interfacial effects enhance redox-ion solvation entropy and mass transfer, raising ionic thermopower and conductivity",iTE1,iTE,iTE1_0922,source_tables/iTE1_first1000_material_mechanism.csv,924,P0275,TG,removed_from_iTE_retained_in_TG,TG_0274
Thermogalvanic Sensor Array for Heat Flux Mapping and Radiative Sensing,ACS APPLIED ENERGY MATERIALS,10.1021/acsaem.6c01130,2026,"The Seebeck coefficients of thermogalvanic (ionic thermoelectric) materials are several orders of magnitude greater than those of conventional thermoelectrics, making them highly suitable for sensing applications besides power generation. In this study, a ferri-/ferrocyanide thermogalvanic gel with a Seebeck coefficient of 1.3 mV K-1 was used to fabricate a heat flux sensor with fivefold higher sensitivity than the commercial FHF05 sensor. This device detected a human finger at distances of up to 8 cm using thermal radiation, a capability particularly relevant to human safety in collaborative robot environments. Coupled radiation-natural convection simulations in COMSOL closely matched experimental data, validating the proposed sensing mechanism. The high Seebeck coefficient of the material enabled sensitive heat-flux transduction, extending its functionality beyond single-point detection to spatially resolved thermal mapping. Capitalizing on this advantage, 16 gels were integrated into a compact 3 cm-scale 4 & times; 4 sensor array. Upon human finger contact, the array generated a heat flux map capturing both the intensity and spatial distribution of the thermal input. Overall, this capability allows the identification of nonuniform heat flux and enhances radiation detection.",ferri-/ferrocyanide thermogalvanic gel sensor array with Fe(CN)6 3-/4- redox couple,high thermogalvanic Seebeck coefficient enables sensitive heat-flux and radiative transduction for spatial thermal mapping,iTE1,iTE,iTE1_0936,source_tables/iTE1_first1000_material_mechanism.csv,938,P0079,TG,removed_from_iTE_retained_in_TG,TG_0078
Bioinspired double-layer thermogalvanic cells with engineered ionic gradients for high-efficiency waste heat recovery,NANO ENERGY,10.1016/j.nanoen.2025.111189,2025,"Thermogalvanic cells (TGCs) have emerged as a promising technology for harvesting low-grade thermal energy, but their widespread application has been hindered by limited conversion efficiencies. A critical factor in enhancing TGC performance lies in establishing substantial ion concentration gradients, which remains challenging due to the inherent tendency of ion pairing. Here, we present a double-layer thermogalvanic cell (DTGC) architecture that spatially segregates redox pairs into two distinct gel layers, enabling unprecedented control over ion concentration gradients. This innovative design yields a single p-type gelatin-K-4[Fe(CN)(6)]/K-3[Fe(CN)(6)] DTGC unit with remarkable performance metrics of an open-circuit voltage of 220 mV, a power density of 1.73 mW m(-2) K-2, and a relative Carnot efficiency (eta(r)) of 1.34 % at Delta T = 10 K, representing a tenfold improvement over conventional TGCs. Scaling up this technology, we demonstrate a modular thermoelectric generator comprising a 4 x 12 array of alternating p-type and n-type DTGCs, capable of delivering an output voltage exceeding 11.3 V at Delta T = 20 K, sufficient to directly power commercial LED lights and electronic displays. This work establishes a new paradigm for efficient low-grade thermal energy conversion, offering a scalable and practical solution for waste heat recovery applications.",double-layer thermogalvanic cell with gelatin-K4[Fe(CN)6]/K3[Fe(CN)6] p-type gel layers and alternating p/n DTGC arrays,"spatial segregation of redox pairs creates large ion concentration gradients, reducing ion pairing and increasing thermogalvanic voltage, power density, and efficiency",iTE1,iTE,iTE1_0941,source_tables/iTE1_first1000_material_mechanism.csv,943,P0021,TG,removed_from_iTE_retained_in_TG,TG_0020
Strong Tough Thermogalvanic Hydrogel Thermocell With Extraordinarily High Thermoelectric Performance,ADVANCED MATERIALS,10.1002/adma.202300696,2023,"Thermocells can continuously convert heat into electricity, and they are widely used to power wearable electronic devices. However, they have a risk of leakage and poor mechanical properties. Although quasi-solid ionic thermocells can overcome the issue of electrolyte leakage, the trade-off between their excellent mechanical properties and high thermopower remains a major challenge. In this study, stretching-induced crystallization and the thermoelectric effect are combined to propose a high-strength quasi-solid stretchable polyvinyl alcohol thermogalvanic thermocell (SPTC) with a large tensile strength of 19 MPa and high thermopower of 6.5 mV K-1. The SPTC exhibits a high stretchability of 1300%, ultrahigh toughness of 163.4 MJ m(-3), and high specific output power density of 1969 & mu;W m(-2) K-2. These comprehensive properties are superior to those of previously reported quasi-solid stretchable thermogalvanic thermocells. The use of SPTC-based systems in wearable devices for energy-autonomous strain sensors and health monitoring is demonstrated. This can facilitate the rapid implementation of sustainable wearable electronics in the Internet of Things era.",stretching-induced-crystallized polyvinyl alcohol quasi-solid thermogalvanic thermocell (SPTC),PVA crystallization strengthens the gel while thermogalvanic ionic redox conversion produces high thermopower and wearable self-powered sensing,iTE1,iTE,iTE1_0952,source_tables/iTE1_first1000_material_mechanism.csv,954,P0015,TG,removed_from_iTE_retained_in_TG,TG_0014
Efficient Photo-Thermo-Electric Conversion Using Polyoxovanadate in Ionic Liquid for Low-Grade Heat Utilization,CHEMSUSCHEM,10.1002/cssc.202101532,2021,"A large fraction of energy, including solar energy, is dissipated into ambient atmosphere as low-grade waste heat. Efficient utilization of such energy is critical to address the current energy crisis and global warming issue. Herein, the efficient near-IR (NIR)-photothermal, thermoelectric, and thus photo-thermo-electric conversion of polyoxovanadate compound {[Ni(1,10-phenanthroline)(3)][V14O34Cl]Cl, NiV14} in ionic liquid was achieved. The solution displayed a NIR-photothermal efficiency of 16.04 and 23.43 % at 808 and 1064 nm, respectively. Taking advantage of the synergetic thermodiffusive and thermogalvanic effects of various ion species in NiV14 solution, an open circuit voltage of approximately 0.45 V was obtained at Delta T=70 K generated by physical heating or NIR irradiation, indicating a large Seebeck coefficient of 6.38 mV K-1 and an optimized thermal power at 1.2 W m(-2). The polyoxovanadate-ionic liquid system offers a new platform for efficiently utilizing not only low-grade thermal energy but also solar energy for electricity generation.","polyoxovanadate {[Ni(1,10-phenanthroline)3][V14O34Cl]Cl, NiV14} in ionic liquid",near-IR photothermal heating plus synergistic thermodiffusive and thermogalvanic effects of multiple ions generate high photo-thermo-electric voltage,iTE1,iTE,iTE1_0953,source_tables/iTE1_first1000_material_mechanism.csv,955,P0225,TG,removed_from_iTE_retained_in_TG,TG_0224
Modulating thermo-diffusion/galvanic coupling via ion speciation engineering enables high-performance ionic thermoelectric cells,NATURE COMMUNICATIONS,10.1038/s41467-026-68721-9,2026,"Ionic thermoelectric (i-TE) materials have demonstrated a high thermopower in harvesting low-grade heat, emerging as superior candidates for self-powered electronics. However, coupling two i-TE effects in n-type materials is scarce, which restricts the development of high-performance systems. Herein, we uncover an overlooked thermogalvanic redox reaction between Cu2+ and Cu+ stabilized by Cl- and quantitatively track the progressive reaction process by operando characterization. In binary polyvinyl alcohol (PVA)-CuCl2 gels, an interactive i-TE coupling effect driven by ion speciation is validated, which exhibits an enhanced thermogalvanic redox as CuCl2 concentrations increase while suppressing the thermodiffusion contribution. By distinguishing and quantifying coordination species, we reveal the impact of [Cu-Cl] speciation on the i-TE effect contributions. Correspondingly, a giant thermopower of -30.6 mV K-1 and a remarkable power density of 0.6 mW m-2 K-2 are achieved, respectively, by tuning ion coordination speciation. The long-term power generation exhibits a reversible and sustainable heat-to-electricity conversion. High output voltage of 3.5 V and power of 22 & micro;W are produced in 16-cell i-TE modules when harvesting 15 K. Our findings reveal an interactive thermo-diffusion/galvanic coupling effect based on coordination chemistry, offering a potential design principle for high-performance i-TE materials.",binary PVA-CuCl2 ionic thermoelectric gels with Cu2+/Cu+ stabilized by Cl- and [Cu-Cl] coordination species,ion speciation tunes coupled thermodiffusion and thermogalvanic redox; higher CuCl2 enhances redox contribution while suppressing thermodiffusion,iTE1,iTE,iTE1_0970,source_tables/iTE1_first1000_material_mechanism.csv,972,P0144,TG,removed_from_iTE_retained_in_TG,TG_0143
On a Continuous Aqueous Thermogalvanic Redox Agent with Anomalous Thermopower,NANO LETTERS,10.1021/acs.nanolett.5c02774,2025,"Achieving stable and sustained power output remains a major challenge in the development of ionic thermoelectric devices (such as thermogalvanic cells and thermoionic capacitors) for low-grade heat harvesting. Many such systems exhibit strong performance in the initial throes of operation but degrade rapidly over time, limiting their utility. Here, we report an aqueous thermogalvanic redox agent ([Ni(bpy)3]2+/3+) with a Seebeck coefficient approximately double that of the canonical [Fe(CN)6]4-/3-, which can be utilized continuously for multiple hours under large temperature gradients (Delta T >= 60 K) without significant change in electrical performance. Molecular dynamics simulations suggest that significant differences in hydration shell behavior between the oxidant and reductant, which in turn provide a significant (here configurational) entropy difference, drive the observed thermopower. This new redox pair demonstrates stability, cyclability, and tunability in both liquid- and gel-based electrolytes, and provides a novel redox platform from which to build next-generation high-thermopower waste-heat recovery cells.",aqueous [Ni(bpy)3]2+/3+ thermogalvanic redox agent in liquid and gel electrolytes,"different oxidant/reductant hydration-shell behavior creates configurational entropy difference, producing anomalous stable high thermopower",iTE1,iTE,iTE1_0989,source_tables/iTE1_first1000_material_mechanism.csv,991,P0020,TG,removed_from_iTE_retained_in_TG,TG_0019
Cost-effective n-type liquid flow thermocells with giant ionic thermopower and power density through solvation entropy engineering for low-grade heat harvesting,CHEMICAL ENGINEERING JOURNAL,10.1016/j.cej.2025.168815,2025,"Ionic thermocells (iTCs) with high ionic thermopower are promising for low-grade waste heat harvesting. The integration of p-n type iTCs in series would be inevitably required for sufficient voltage output. However, ionic thermopower (Si) and power density (P-max/Delta T-2) of n-type iTCs are fairly lower due to the limitation of redox reaction kinetics and ionic transport processes, and cannot match with the advanced p-type iTCs, significantly restricting their amplification. Herein, we demonstrated a cost-effective n-type liquid flow thermocells (LiTCs) with giant ionic thermopower and power density through solvation entropy engineering. The n-type LiTCs consisted of a Y-shaped channel with the separate oxidant and reductant flow alone. During the mixing process of separate FeCl3 and FeCl2 electrolytes flow alone, it can significantly degrade the complexes of Fe(H2O)5Cl(2)(+), and thus increase ionic kinetics and redox solvation entropy induced by the interaction of Fe3+ and water molecules. The Siof LiTCs can be dramatically boosted from +1 to +50.5 mV K-1 at the separate 0.01 mol L-1 FeCl3 and FeCl2 electrolytes flow, which is 38.8 times larger than that of typical n-type iTCs. The Pmax/Delta T-2 and Carnotrelative efficiency can reach the highest of 16.4 mW m(-2) K-2 and 4.4 %, much larger than the previous records. As a consequence, the ionic thermoelectric device comprised of 6 n-p type LiTCs is constructed and can output a continuous and reliable voltage of 1.7 V at 20 K temperature difference. The n-type LiTCs with a competitive cost-performance metric (1.06 $ W-1) present a promising for the practical application.",n-type Y-channel liquid-flow thermocells with separate FeCl3 and FeCl2 electrolytes,"mixing degrades Fe(H2O)5Cl2+ complexes and increases Fe3+-water redox solvation entropy/ionic kinetics, boosting n-type ionic thermopower and power density",iTE2,iTE,iTE2_0019,source_tables/iTE2_first711_material_mechanism.csv,21,P0258,TG,removed_from_iTE_retained_in_TG,TG_0257
Stretchable and Freeze-Tolerant Organohydrogel Thermocells with Enhanced Thermoelectric Performance Continually Working at Subzero Temperatures,ADVANCED FUNCTIONAL MATERIALS,10.1002/adfm.202104071,2021,"Aqueous thermocells that are eco-friendly and capable of converting low-grade heat into electricity continuously are promising candidates to power flexible and wearable devices in various application scenarios. However, challenges remain in their limited working temperatures, mechanical fragility, and poor thermoelectric performance, mainly due to the reduced entropy of both polymer chains and thermogalvanic ions at low temperatures. In this work, the challenges are addressed by introducing a synergistic chaotropic effect to destruct strong hydrogen bonds, increase polymers' entropic elasticity, and enlarge the entropy difference of thermogalvanic ions. An organohydrogel thermocell is designed with a chaotropic comonomer and a chaotropic cosolvent. The maximum normalized power density of the thermocell achieves 0.1 mW m(-2) K-2, which is in the same order of magnitude as the highest record in current quasi-solid thermocells. Even at -30 degrees C, the thermocell maintains the elongation at a break of more than 100% and a relatively high power density of 0.012 mW m(-2) K-2. Furthermore, the thermocell shows the potential to light up a light-emitting diode and stably works when compressed, bent, and stretched in a wide temperature range. This work provides insights on developing reliable power sources to drive flexible electronics continually in extremely cold environments.",stretchable freeze-tolerant organohydrogel thermocell with chaotropic comonomer/cosolvent and thermogalvanic ions,"chaotropic effects disrupt hydrogen bonding, increase polymer entropy elasticity, and enlarge redox-ion entropy difference for subzero thermocell output",iTE2,iTE,iTE2_0116,source_tables/iTE2_first711_material_mechanism.csv,118,P0182,TG,removed_from_iTE_retained_in_TG,TG_0181
Simultaneously Modulating Solvation and Water Structure for High-Performance Antifreezing n-Type Liquid Thermocells,ACS MATERIALS LETTERS,10.1021/acsmaterialslett.4c02193,2025,"Emerging ionic thermoelectric (i-TE) modules consisting of p-n liquid thermocell arrays provide compact and cost-effective ways to achieve low-grade heat harvesting. Despite exciting progress in p-type thermocells, high-performance n-type thermocells remain underdeveloped. Here we present an n-type liquid thermocell with a cosolvent antifreezing electrolyte showing enhanced thermopower, record-high efficiency and power density, and the capability to harness both low-grade heat and subfreezing coldness. Acetonitrile is used as the cosolvent molecule with water that can selectively pair with the reduced metal ion only and simultaneously disrupts the water structure. By tailoring these molecular interactions, we achieved a record-high Carnot-relative efficiency of 1.9% among reported n-type thermocells, and a power density of 5.5 W/m2 at the hot/cold temperatures of 69.8 degrees C and -19.5 degrees C, respectively. Our work marks an important advancement in i-TE technology in terms of both molecular insights and the preparation of high-performance n-type liquid thermocells for low-grade heat harvesting.",n-type liquid thermocell electrolyte of water/acetonitrile cosolvent with redox metal ions,"acetonitrile selectively pairs with reduced metal ion and disrupts water structure, enhancing solvation entropy, antifreezing behavior, and n-type thermopower",iTE2,iTE,iTE2_0127,source_tables/iTE2_first711_material_mechanism.csv,129,P0250,TG,removed_from_iTE_retained_in_TG,TG_0249
Configurational entropy change-driven enhancement of thermoelectric performance in PVA-based hydrogel thermogalvanic cells,JOURNAL OF POWER SOURCES,10.1016/j.jpowsour.2025.239060,2026,"Thermogalvanic cells provide an efficient pathway for converting low-grade heat into electricity. Their performance is governed by the Seebeck coefficient, which dictates voltage output and thermoelectric efficiency. Previous efforts to enhance the Seebeck coefficient have focused on entropy contributions from solvent-induced solvation effects, while the impact of configurational entropy in quasi-solid-state networks has received limited attention. Here, we demonstrate that configurational entropy serves as an additional factor modulating the thermoelectric behavior of thermogalvanic hydrogels. Using the PVA hydrogel incorporating the Fe2+/Fe3+ redox couple as a model system, we elucidate how constrained polymer networks alter redox thermodynamics. When a Fe2+/Fe3+ concentration of 0.1 mol L-1, the Seebeck coefficient in the hydrogel reaches 1.32 mV K-1, significantly higher than that in aqueous solution (0.75 mV K-1). Complementary molecular dynamics simula-tions further demonstrate that hydrogel chains disturb the first solvation shell, broaden the radial distribution of coordinating water molecules, and increase dipole orientation disorder, thereby amplifying the configurational disparity between oxidized and reduced species. This leads to an enhanced role of configurational entropy in the ionic migration entropy. Our findings therefore highlight rational design ideas for optimizing high-performance quasi-solid-state thermogalvanic cells by quantifying the actual contribution of configurational entropy in the nano-network structure.",PVA hydrogel thermogalvanic cell with Fe2+/Fe3+ redox couple,"polymer network alters redox solvation shells and dipole disorder, increasing configurational entropy difference and Seebeck coefficient",iTE2,iTE,iTE2_0145,source_tables/iTE2_first711_material_mechanism.csv,147,P0078,TG,removed_from_iTE_retained_in_TG,TG_0077
Ultra-sensitive self-powered thermogalvanic hydrogel wristband enabled by resistance-gated strategy,CHEMICAL ENGINEERING JOURNAL,10.1016/j.cej.2026.178230,2026,"Next-generation human-machine interfaces require energy-sustainable and highly responsive sensing systems. However, most wearable sensors rely on external power supplies and complex signal processing, limiting longterm stability and portability. Here, we propose a self-powered thermogalvanic hydrogel wristband that simultaneously harvests energy from the body-ambient temperature gradient and transduces mechanical deformation into readable electrical signals. The wristband integrates six dual-layer hydrogel patches, each exhibiting high extensibility (534.5%), adaptable modulus (638 kPa), lightweight portability, tunable ionic conductivity, and anti-drying stability for prolonged use. Enhanced sensing is achieved through thermoelectric-mechanical coupling governed by interfacial resistance gating, wherein deformation reduces the resistance barrier and enhances the intrinsic thermoelectric current. This coupling ensures high sensitivity with a response time of merely 40 ms. By integrating deep learning algorithms, the wristband achieves real-time sign language recognition and object authentication with an accuracy exceeding 95%. This work introduces a hybrid strategy for intelligent motion recognition, providing a new insight for sustainable wearable human-machine interaction.",self-powered thermogalvanic hydrogel wristband with six dual-layer hydrogel patches,"deformation lowers interfacial resistance barriers and enhances intrinsic thermoelectric current, coupling body-heat harvesting with motion sensing",iTE2,iTE,iTE2_0191,source_tables/iTE2_first711_material_mechanism.csv,193,P0082,TG,removed_from_iTE_retained_in_TG,TG_0081
High-performance p-n Thermocells by Interface Optimization Based on Liquid Metal for Powering Wearable Devices,ADVANCED FUNCTIONAL MATERIALS,10.1002/adfm.202417740,2025,"Using body heat as a sustainable energy source through the thermoelectric effect to power wearable electronics is promising. Ionic thermoelectric materials based on the thermogalvanic effect can generate stable voltage under low-temperature differences, but their low thermopower and poor contact interface with electrodes hinder practical use. In this study, strong chaotropic salts are utilized to modify the solvation shells of ions, increasing the thermopower of the p-type redox couple [Fe(CN)(6)]3(-)/[Fe(CN)(6)]4(-) to 3.98 mV K-1. Additionally, Arrhenius acid is introduced to inhibit the deprotonation of the n-type redox couple Fe3+/Fe2+, enhancing the thermopower to -2.29 mV K-1. Liquid metal electrodes, with excellent deformability and hydrogen bonding with hydrogel surfaces, effectively reduce the resistance of thermocells. Thus, a pair of p-n thermocells achieve a voltage output of 118 mV and a current density of 4.5 A m-2, with a maximum power density of 0.11 W m-2 (Delta T = 5 K). A wearable device integrated with 18 p-n pairs can generate a voltage of 2.2 V from body heat and continuously power portable electronic devices. This work demonstrates the promising potential of wearable self-powered devices for practical daily applications.","p-n thermocells with [Fe(CN)6]3-/4-, Fe3+/Fe2+, chaotropic salts, Arrhenius acid, hydrogel electrolyte, and liquid metal electrodes","chaotropic salts modify solvation shells and acid inhibits Fe3+/Fe2+ deprotonation, while liquid-metal/hydrogel interfaces reduce resistance for wearable output",iTE2,iTE,iTE2_0202,source_tables/iTE2_first711_material_mechanism.csv,204,P0139,TG,removed_from_iTE_retained_in_TG,TG_0138
Material recognition and spatial thermal sensation enabled by organic thermogalvanic hydrogels,NANO ENERGY,10.1016/j.nanoen.2025.111686,2026,"Integrating thermal sensation into intelligent robotics is essential for advanced environmental perception and adaptive interaction. Ionic thermoelectric hydrogels represent a promising avenue for next-generation thermal sensors, yet further improvements in sensitivity, structural design, and integration are needed. Here, we present flexible, high-performance thermal sensor arrays based on organic thermogalvanic hydrogels, achieving a high sensitivity of 1.57 mV K-1 and a rapid response time of 0.4 s. The enhanced sensing performance stems from the optimized thermopower in benzoquinone/hydroquinone (BQ/H(2)BQ) redox pairs and the highly reversible electrode reaction process. The adopted hydrogel exhibits outstanding thermopower retention and wide operational temperature range (>50 degrees C), facilitated by ethylene glycol solvent exchange. Leveraging integrated heating and sensing functionalities, the hydrogel thermal sensor arrays enable material recognition through machine learning analysis of thermal signatures. Moreover, we demonstrate a high-density sensor array for mapping spatial temperature distributions generated by diverse heat sources. This work establishes organic thermogalvanic hydrogels as a scalable platform for thermal sensing in next-generation robotics and wearable devices.",organic thermogalvanic hydrogels with benzoquinone/hydroquinone redox pairs and ethylene glycol solvent exchange,"optimized BQ/H2BQ thermopower and reversible electrode reactions enable fast thermal sensing, material recognition, and spatial thermal mapping",iTE2,iTE,iTE2_0209,source_tables/iTE2_first711_material_mechanism.csv,211,P0032,TG,removed_from_iTE_retained_in_TG,TG_0031
High performance eutectogel-based thermocell with a wide operating temperature range through a water-containing deep eutectic solvent strategy,CHEMICAL ENGINEERING JOURNAL,10.1016/j.cej.2025.159714,2025,"Flexible ionic thermoelectric (i-TE) quasi-solid cells provide an electrolyte leak free, easy-operation and mechanically adaptable route to low-grade heat harvest. However, limited by freezing and evaporation, the hydrogel-based thermocell exhibits environmental instability and has difficulty functioning at low temperatures. Herein, we develop a high-performance cryo-temperature i-TE eutectogel using a water-containing deep eutectic solvent (DES) strategy. The water containing DES is intentionally utilized to modulate the solvent shell structure of redox couple and expand the operation temperature range of i-TE eutectogel cell. Moreover, appropriate amount of water can increase the solubility of [Fe(CN)6]3-/4- , while maintaining the eutectic properties of DES. Subsequently, a double-network polymer gel is constructed to prevent liquid electrolyte leakage and provide the flexibility and operability of the i-TE cell. After synergistic optimization of the solvent and the polymer network, the Seebeck coefficient of the fabricated i-TE eutectogel cell reaches 2.06 mV/K. In a 20-cell prototype module, the current and voltage at Delta T = 8.3 K are 0.033 mA and 0.33 V, respectively. The DES endows this cell wide operable temperature ranging from-60 degrees C to 80 degrees C. The anti-freezing capability of this eutectogel cell offer a new strategy for fabricating gel-based thermocell required in frigid regions.",water-containing DES double-network eutectogel thermocell with [Fe(CN)6]3-/4-,water-containing DES modulates redox solvation shells and prevents freezing/evaporation while polymer network prevents leakage,iTE2,iTE,iTE2_0260,source_tables/iTE2_first711_material_mechanism.csv,262,P0246,TG,removed_from_iTE_retained_in_TG,TG_0245
"Poly(3,4-ethylenedioxythiophene)-tosylate (PEDOT-Tos) electrodes in thermogalvanic cells",JOURNAL OF MATERIALS CHEMISTRY A,10.1039/c7ta04891b,2017,"The interest in thermogalvanic cells (TGCs) has grown because it is a candidate technology for harvesting electricity from natural and waste heat. However, the cost of TGCs has a major component due to the use of the platinum electrode. Here, we investigate new alternative electrode material based on conducting polymers, more especially poly(3,4-ethylenedioxythiophene)-to sylate (PEDOT-Tos) together with the ferro/ferricyanide redox electrolyte. The power generated by the PEDOT-Tos based TGCs increases with the conducting polymer thickness/multilayer and reaches values similar to the flat platinum electrode based TGCs. The physics and chemistry behind this exciting result as well as the identification of the limiting phenomena are investigated by various electrochemical techniques. Furthermore, a preliminary study is provided for the stability of the PEDOT-Tos based TGCs.",PEDOT-Tos electrodes with ferro/ferricyanide redox electrolyte thermogalvanic cells,conducting-polymer thickness/multilayers increase electrode activity toward Pt-like thermogalvanic output while electrochemical limits determine performance,iTE2,iTE,iTE2_0270,source_tables/iTE2_first711_material_mechanism.csv,272,P0113,TG,removed_from_iTE_retained_in_TG,TG_0112
Aqueous thermogalvanic cells with a high Seebeck coefficient for low-grade heat harvest,NATURE COMMUNICATIONS,10.1038/s41467-018-07625-9,2018,"Thermogalvanic cells offer a cheap, flexible and scalable route for directly converting heat into electricity. However, achieving a high output voltage and power performance simultaneously from low-grade thermal energy remains challenging. Here, we introduce strong chaotropic cations (guanidinium) and highly soluble amide derivatives (urea) into aqueous ferri/ferrocyanide ([Fe(CN)(6)](4-)/[Fe(CN)(6])(3-)) electrolytes to significantly boost their thermopowers. The corresponding Seebeck coefficient and temperature-insensitive power density simultaneously increase from 1.4 to 4.2 mV K-1 and from 0.4 to 1.1 mW K-2 m(-2), respectively. The results reveal that guanidinium and urea synergistically enlarge the entropy difference of the redox couple and significantly increase the Seebeck effect. As a demonstration, we design a prototype module that generates a high open-circuit voltage of 3.4 V at a small temperature difference of 18 K. This thermogalvanic cell system, which features high Seebeck coefficient and low cost, holds promise for the efficient harvest of low-grade thermal energy.",aqueous ferri/ferrocyanide thermogalvanic electrolyte with guanidinium and urea,"chaotropic cations and amide derivatives enlarge redox entropy difference, boosting Seebeck coefficient and power density",iTE2,iTE,iTE2_0315,source_tables/iTE2_first711_material_mechanism.csv,317,P0090,TG,removed_from_iTE_retained_in_TG,TG_0089
Achieving pseudo-'n-type p-type' in-series and parallel liquid thermoelectrics using all-iron thermoelectrochemical cells with opposite Seebeck coefficients,ELECTROCHEMISTRY COMMUNICATIONS,10.1016/j.elecom.2016.10.001,2016,"The low potentials generated by individual thermoelectric and thermogalvanic 'heat to electricity' elements necessitate that numerous cells be placed electrically in series to generate useful voltages. The thermoelectrochemistry of two redox couples with opposite signs for their Seebeck coefficients have therefore been evaluated and combined, in order to generate the first thermoelectrochemical (or thermocell) assembly that is electrically in series without a hot-to-cold thermal short-circuit. This was achieved using potassium ferrocyanide(II)/ferricyanide(III) and iron(II)/iron(III) sulphate (plus sulphuric acid) thermocells. Quantitative evaluation of thermocells electrically parallel and/or in series demonstrated relatively simple additive behaviour for current and potential (and thus power density) over a very wide range of concentrations of the redox species. (C) 2016 Elsevier B.V. All rights reserved.",all-iron thermoelectrochemical cells with K4Fe(CN)6/K3Fe(CN)6 and FeSO4/Fe2(SO4)3 in H2SO4,opposite Seebeck coefficients enable pseudo n/p liquid thermocells connected in series/parallel without thermal short-circuiting,iTE2,iTE,iTE2_0349,source_tables/iTE2_first711_material_mechanism.csv,351,P0217,TG,removed_from_iTE_retained_in_TG,TG_0216
Multi-cell thermogalvanic systems for harvesting energy from cyclic temperature changes,JOURNAL OF POWER SOURCES,10.1016/j.jpowsour.2018.07.080,2018,"Two types of electrochemical systems for harvesting energy from cyclic changes in environmental temperature using the thermogalvanic effect are demonstrated. Both systems are based on two battery stacks which function in either a dual-temperature or single-temperature configuration. In the dual-temperature configuration, two LiCoO2/Li cells were separately cycled between two temperatures to achieve an energy conversion with an efficiency of 0.22%, free of heat recuperation, and a peak output power of 0.4 mu W when cycled between 20 degrees C and 50 degrees C. This energy conversion efficiency is comparable to other proposed systems for thermal energy harvesting such as charge-free thermally regenerative electrochemical cycle (TREC) devices, thermocapacitive devices and ionic thermoelectric supercapacitors. However, this system can function with a broader range of materials, which will likely allow further increases in efficiency and power. A single-temperature configuration in which two stacks of cells were cycled together between two temperatures was also demonstrated. Both systems are attractive for harvesting thermal energy for self-powered sensor networks, especially in remote areas.",LiCoO2/Li battery stacks in dual-temperature and single-temperature thermogalvanic systems,cyclic temperature changes create thermogalvanic energy conversion in battery stacks for thermal harvesting,iTE2,iTE,iTE2_0439,source_tables/iTE2_first711_material_mechanism.csv,441,P0115,TG,removed_from_iTE_retained_in_TG,TG_0114
Ion transport control in electrolytes via electrochemical doping,PROCEEDINGS OF THE NATIONAL ACADEMY OF SCIENCES OF THE UNITED STATES OF AMERICA,10.1073/pnas.2532302123,2026,"Doping to control carrier (electron or hole) transport is foundational to modulate the properties of semiconductors, enabling the development of homojunctions and heterodominance, both cations and anions in electrolytes are mobile, which is undesirable for many applications. Here, we report a universal strategy to dope electrolytes such that the ion transport can be unipolar by incorporating electroactive polymers within hydrogels that interact discriminately with one type of ion via redox and binding mechanisms, leaving the counterions mobile. This transforms the system into an active, selective conductor that directs ion flow with high precision. We demonstrate the generality of this strategy using a wide range of electroactive polymers and ions. Particularly, we use emeraldine base and leucoemeraldine base, derived from polyaniline to create both n-type and p-type conductors with high ion selectivity. This electrolyte doping strategy has significant implications beyond the developed thermoelectrochemical devices with boosted performance, with potential applications in supercapacitors, batteries, and electrochemical sensors.",hydrogel electrolytes doped with electroactive polymers including polyaniline emeraldine/leucoemeraldine bases,"redox/binding-selective polymer doping immobilizes one ion type and leaves counterions mobile, creating unipolar ion transport",iTE2,iTE,iTE2_0445,source_tables/iTE2_first711_material_mechanism.csv,447,P0249,TG,removed_from_iTE_retained_in_TG,TG_0248
Regulating Thermogalvanic Effect and Mechanical Robustness via Redox Ions for Flexible Quasi-Solid-State Thermocells,NANO-MICRO LETTERS,10.1007/s40820-022-00824-6,2022,"The design of power supply systems for wearable applications requires both flexibility and durability. Thermoelectrochemical cells (TECs) with large Seebeck coefficient can efficiently convert low-grade heat into electricity, thus having attracted considerable attention in recent years. Utilizing hydrogel electrolyte essentially addresses the electrolyte leakage and complicated packaging issues existing in conventional liquid-based TECs, which well satisfies the need for flexibility. Whereas, the concern of mechanical robustness to ensure stable energy output remains yet to be addressed. Herein, a flexible quasi-solid-state TEC is proposed based on the rational design of a hydrogel electrolyte, of which the thermogalvanic effect and mechanical robustness are simultaneously regulated via the multivalent ions of a redox couple. The introduced redox ions not only endow the hydrogel with excellent heat-to-electricity conversion capability, but also act as ionic crosslinks to afford a dual-crosslinked structure, resulting in reversible bonds for effective energy dissipation. The optimized TEC exhibits a high Seebeck coefficient of 1.43 mV K-1 and a significantly improved fracture toughness of 3555 J m(-2), thereby can maintain a stable thermoelectrochemical performance against various harsh mechanical stimuli. This study reveals the high potential of the quasi-solid-state TEC as a flexible and durable energy supply system for wearable applications.",quasi-solid-state hydrogel thermocell with multivalent redox ions,redox ions simultaneously provide thermogalvanic heat-to-electric conversion and ionic crosslinks for dual-network mechanical toughness,iTE2,iTE,iTE2_0464,source_tables/iTE2_first711_material_mechanism.csv,466,P0047,TG,removed_from_iTE_retained_in_TG,TG_0046
Robust thermocells based on deep eutectic solvent-tailored gel electrolytes for low-grade heat harvesting,JOURNAL OF ENERGY CHEMISTRY,10.1016/j.jechem.2026.05.024,2026,"The blooming of wearable electronics necessitates flexible, reliable energy harvesters capable of powering devices using ubiquitous low-grade body heat. While thermocells (TECs) manifest high potential in harnessing such small temperature gradients, their deployment is limited by the mechanical fragility of conventional gel electrolytes and insufficient thermopower for practical applications. Herein, we overcome these barriers through synergistic solvent-network engineering by developing a deep eutectic solvent (DES)/poly(vinyl alcohol) (PVA)-based gel electrolyte. This gel electrolyte is achieved by replacing water in freeze-thawed PVA hydrogels with a DES/[Fe(CN)6]3-/4- mixture, where the introduced DES liberates polymer chains from water-induced constraints, driving molecular rearrangement into a denser, highly crystalline network with intensified hydrogen bonding, yielding a 30-fold increase in tensile strength (7.17 MPa) and high compressive strength (8.99 MPa). Concurrently, the DES asymmetrically solvates the [Fe(CN)6]3-/4- redox couple, dramatically increasing the solvation entropy difference and boosting the thermopower to 1.68 mV K-1. The gel electrolyte also exhibits low thermal conductivity and sufficient ionic conductivity, beneficial for efficient heat harvesting. A scalable, flexible 12-unit TEC module is further demonstrated, showcasing high robustness and practical usability for wearable energy autonomy. (c) 2026 Science Press and Dalian Institute of Chemical Physics, Chinese Academy of Sciences. Published by Elsevier B.V. and Science Press. All rights are reserved, including those for text and data mining, AI training, and similar technologies.",DES/PVA gel electrolyte with [Fe(CN)6]3-/4- redox couple,"DES densifies/crystallizes PVA network via hydrogen bonding and asymmetrically solvates redox ions, increasing mechanical strength and thermopower",iTE2,iTE,iTE2_0509,source_tables/iTE2_first711_material_mechanism.csv,511,P0264,TG,removed_from_iTE_retained_in_TG,TG_0263
"Seebeck, Peltier, and Soret effects: On different formalisms for transport equations in thermogalvanic cells",JOURNAL OF CHEMICAL PHYSICS,10.1063/5.0131731,2023,"Thermogalvanic cells convert waste heat directly to electric work. There is an abundance of waste heat in the world and thermogalvanic cells may be underused. We discuss theoretical tools that can help us understand and therefore improve on cell performance. One theory is able to describe all aspects of the energy conversion: nonequilibrium thermodynamics. We recommend to use the theory with operationally defined, independent variables, as others have done before. These describe well-defined experiments. Three invariance criteria serve as a basis for any description: of local electroneutrality, entropy production invariance, and emf's independence of the frame of reference. Alternative formalisms, using different sets of variables, start with ionic or neutral components. We show that the heat flux is not the same in the two formalisms and derive a new relationship between the heat fluxes. The heat flux enters the definition of the Peltier coefficient and is essential for the understanding of the Peltier heat at the electrode interfaces and of the Seebeck coefficient of the cell. The Soret effect can occur independently of any Seebeck effect, but the Seebeck effect will be affected by the presence of a Soret effect. Common misunderstandings are pointed out. Peltier coefficients are needed for the interpretation and design of experiments.",thermogalvanic cells with ionic/neutral component transport formalisms,"Seebeck, Peltier, and Soret effects depend on invariant nonequilibrium-thermodynamic definitions of heat flux, electroneutrality, and reference frame",iTE2,iTE,iTE2_0521,source_tables/iTE2_first711_material_mechanism.csv,523,P0060,TG,removed_from_iTE_retained_in_TG,TG_0059
Thermogalvanic energy harvesting from forced convection cooling of 100-200 °C surfaces generating high power density,SUSTAINABLE ENERGY & FUELS,10.1039/d1se01264a,2021,"Electrical power recovery from waste heat released during active cooling of 100-200 degrees C solids is of great importance because such situations are common in our world. However, the concept of simultaneous liquid cooling and electric power generation has been barely explored, apart from a few preliminary studies that showed power generation densities of only 0.05-0.5 W m(-2). Here, we report a realistically useful power generation density of 10 W m(-2) during liquid forced convection cooling of a 170 degrees C surface, thus demonstrating the feasibility of such a concept, based on thermogalvanic conversion with a redox couple. This was achieved by exploiting the fluid dynamics based on a microchannel concept, where a thin thermal boundary layer is formed on the hot surface, enabling both high cooling efficiency and large interelectrode temperature difference (>100 K). A new gamma-butyrolactone-based high density electrolyte with sufficient stability against flame contact was used. Our combined cooling and thermogalvanic cell was able to continuously light LEDs and run air fans despite the small electrode area. Large values of heat transfer coefficient, up to 1160 W m(-2) K-1, were achieved. At all flow rates tested, the electrical power obtained was 10 to 1000 times larger than the hydrodynamic pumping work required to force the liquid through the cell, that is, gain >> 1. Thus, this technological concept has been shown, for the first time, to be a feasible option to recover electrical power from the waste heat released during cooling of 100-200 degrees C surfaces, which are widespread in our world.",gamma-butyrolactone-based thermogalvanic electrolyte/redox couple in microchannel forced-convection cooler,"thin thermal boundary layer maintains large electrode temperature difference, coupling cooling with thermogalvanic power generation",iTE2,iTE,iTE2_0632,source_tables/iTE2_first711_material_mechanism.csv,634,P0101,TG,removed_from_iTE_retained_in_TG,TG_0100
