cutoff_year,concept_u,concept_v,u_type,v_type,dprev_ite,u_degree_all,v_degree_all,u_degree_tg,v_degree_tg,u_degree_ite,v_degree_ite,common_neighbors,adamic_adar,preferential_attachment,shortest_path,semantic_similarity,cross_type,ite_lead_years_for_u,u_seen_in_ite,u_seen_in_tg,v_seen_in_tg,future_edge_label,future_example_title,future_window
2014,Fe2+/Fe3+ solvation redox chemistry,iodide/triiodide redox chemistry,redox_chemistry,redox_chemistry,12,2,0,2,0,2,0,0,0.0,0,12,0.259010498980488,0,22,1,0,0,0,,2015-2017
2014,Fe2+/Fe3+ solvation redox chemistry,ion-selectivity membrane transport,redox_chemistry,transport_mechanism,4,2,1,2,1,2,1,0,0.0,2,4,0.006382520722839142,1,22,1,0,0,0,,2015-2017
2014,Fe2+/Fe3+ solvation redox chemistry,organic redox molecular design,redox_chemistry,redox_chemistry,12,2,3,2,3,2,3,0,0.0,6,12,0.09021030920073912,0,22,1,0,0,0,,2015-2017
2014,Fe2+/Fe3+ solvation redox chemistry,phase-transition entropy amplification,redox_chemistry,phase_or_species_transition,12,2,1,2,1,2,1,0,0.0,2,12,0.1247622867837015,1,22,1,0,0,0,,2015-2017
2014,Fe2+/Fe3+ solvation redox chemistry,quasi-solid granular electrolyte matrix,redox_chemistry,material_system,3,2,2,2,2,2,2,0,0.0,4,3,0.009621307785878754,1,22,1,0,0,0,,2015-2017
2014,anti-freezing organohydrogel design,organic redox molecular design,gel_microstructure,redox_chemistry,2,1,3,1,3,1,3,1,0.9102392266268373,3,2,0.2607841003375495,1,8,1,0,0,0,,2015-2017
2014,anti-freezing organohydrogel design,phase-transition entropy amplification,gel_microstructure,phase_or_species_transition,2,1,1,1,1,1,1,1,0.9102392266268373,1,2,0.0,1,8,1,0,0,0,,2015-2017
2014,charge-transfer resistance engineering,phase-transition entropy amplification,electrode_interface,phase_or_species_transition,12,0,1,0,1,0,1,0,0.0,0,12,0.08205526668727992,1,21,1,0,0,0,,2015-2017
2014,ferri/ferrocyanide redox chemistry,iodide/triiodide redox chemistry,redox_chemistry,redox_chemistry,12,3,0,3,0,3,0,0,0.0,0,12,0.27839922819079804,0,22,1,0,0,0,,2015-2017
2014,ferri/ferrocyanide redox chemistry,ion-selectivity membrane transport,redox_chemistry,transport_mechanism,3,3,1,3,1,3,1,0,0.0,3,3,0.0,1,22,1,0,0,0,,2015-2017
2014,ferri/ferrocyanide redox chemistry,organic redox molecular design,redox_chemistry,redox_chemistry,12,3,3,3,3,3,3,0,0.0,9,12,0.09533034586052165,0,22,1,0,0,0,,2015-2017
2014,ferri/ferrocyanide redox chemistry,quasi-solid granular electrolyte matrix,redox_chemistry,material_system,2,3,2,3,2,3,2,1,1.4426950408889634,6,2,0.0,1,22,1,0,0,0,,2015-2017
2014,iodide/triiodide redox chemistry,organic redox molecular design,redox_chemistry,redox_chemistry,12,0,3,0,3,0,3,0,0.0,0,12,0.08016102260194764,0,5,1,0,0,0,,2015-2017
2014,ion-selectivity membrane transport,moisture-gradient ion transport,transport_mechanism,transport_mechanism,12,1,0,1,0,1,0,0,0.0,0,12,0.24973997116835076,0,16,1,0,0,1,Ionic thermoelectric paper,2015-2017
2014,moisture-gradient ion transport,phase-transition entropy amplification,transport_mechanism,phase_or_species_transition,12,0,1,0,1,0,1,0,0.0,0,12,0.08021841627790545,1,13,1,0,0,0,,2015-2017
2014,organic redox molecular design,phase-transition entropy amplification,redox_chemistry,phase_or_species_transition,2,3,1,3,1,3,1,1,0.9102392266268373,3,2,0.0,1,2,1,0,0,0,,2015-2017
2014,organic redox molecular design,quasi-solid granular electrolyte matrix,redox_chemistry,material_system,12,3,2,3,2,3,2,0,0.0,6,12,0.07071779320763312,1,2,1,0,0,0,,2015-2017
2015,Fe2+/Fe3+ solvation redox chemistry,carbon-electrode redox interface,redox_chemistry,electrode_interface,12,2,2,2,2,2,2,0,0.0,4,12,0.07050378992982184,1,23,1,0,0,0,,2016-2018
2015,Fe2+/Fe3+ solvation redox chemistry,iodide/triiodide redox chemistry,redox_chemistry,redox_chemistry,12,2,0,2,0,2,0,0,0.0,0,12,0.25939389445735944,0,23,1,0,0,0,,2016-2018
2015,Fe2+/Fe3+ solvation redox chemistry,ion-selectivity membrane transport,redox_chemistry,transport_mechanism,4,2,2,2,2,2,2,0,0.0,4,4,0.005697690299502348,1,23,1,0,0,0,,2016-2018
2015,Fe2+/Fe3+ solvation redox chemistry,organic redox molecular design,redox_chemistry,redox_chemistry,12,2,3,2,3,2,3,0,0.0,6,12,0.07973800215998696,0,23,1,0,0,0,,2016-2018
2015,Fe2+/Fe3+ solvation redox chemistry,phase-transition entropy amplification,redox_chemistry,phase_or_species_transition,12,2,1,2,1,2,1,0,0.0,2,12,0.11363031438998632,1,23,1,0,0,0,,2016-2018
2015,Fe2+/Fe3+ solvation redox chemistry,quasi-solid granular electrolyte matrix,redox_chemistry,material_system,3,2,2,2,2,2,2,0,0.0,4,3,0.010403882558377703,1,23,1,0,0,0,,2016-2018
2015,anti-freezing organohydrogel design,carbon-electrode redox interface,gel_microstructure,electrode_interface,4,1,2,1,2,1,2,0,0.0,2,4,0.0,1,9,1,0,0,0,,2016-2018
2015,anti-freezing organohydrogel design,imidazolium ionic-liquid phase transition electrolyte,gel_microstructure,material_system,3,1,3,1,3,1,3,0,0.0,3,3,0.0,1,9,1,0,0,0,,2016-2018
2015,anti-freezing organohydrogel design,organic redox molecular design,gel_microstructure,redox_chemistry,2,1,3,1,3,1,3,1,0.9102392266268373,3,2,0.2671959757754613,1,9,1,0,0,0,,2016-2018
2015,anti-freezing organohydrogel design,phase-transition entropy amplification,gel_microstructure,phase_or_species_transition,2,1,1,1,1,1,1,1,0.9102392266268373,1,2,0.0,1,9,1,0,0,0,,2016-2018
2015,carbon-electrode redox interface,ferri/ferrocyanide redox chemistry,electrode_interface,redox_chemistry,12,2,3,2,3,2,3,0,0.0,6,12,0.0733422135010091,1,3,1,0,0,0,,2016-2018
2015,carbon-electrode redox interface,iodide/triiodide redox chemistry,electrode_interface,redox_chemistry,12,2,0,2,0,2,0,0,0.0,0,12,0.07036082837596946,1,3,1,0,0,0,,2016-2018
2015,carbon-electrode redox interface,organic redox molecular design,electrode_interface,redox_chemistry,2,2,3,2,3,2,3,1,0.9102392266268373,6,2,0.08308287991108416,1,3,1,0,0,0,,2016-2018
2015,carbon-electrode redox interface,phase-transition entropy amplification,electrode_interface,phase_or_species_transition,4,2,1,2,1,2,1,0,0.0,2,4,0.006111271569364313,1,3,1,0,0,0,,2016-2018
2015,carbon-electrode redox interface,quasi-solid granular electrolyte matrix,electrode_interface,material_system,12,2,2,2,2,2,2,0,0.0,4,12,0.08186875887787053,1,3,1,0,0,0,,2016-2018
2015,charge-transfer resistance engineering,phase-transition entropy amplification,electrode_interface,phase_or_species_transition,12,0,1,0,1,0,1,0,0.0,0,12,0.08384221128599942,1,22,1,0,0,0,,2016-2018
2015,ferri/ferrocyanide redox chemistry,iodide/triiodide redox chemistry,redox_chemistry,redox_chemistry,12,3,0,3,0,3,0,0,0.0,0,12,0.2763401677914044,0,23,1,0,0,0,,2016-2018
2015,ferri/ferrocyanide redox chemistry,ion-selectivity membrane transport,redox_chemistry,transport_mechanism,3,3,2,3,2,3,2,0,0.0,6,3,0.0,1,23,1,0,0,0,,2016-2018
2015,ferri/ferrocyanide redox chemistry,organic redox molecular design,redox_chemistry,redox_chemistry,12,3,3,3,3,3,3,0,0.0,9,12,0.08559017493156415,0,23,1,0,0,0,,2016-2018
2015,ferri/ferrocyanide redox chemistry,quasi-solid granular electrolyte matrix,redox_chemistry,material_system,2,3,2,3,2,3,2,1,1.4426950408889634,6,2,0.0,1,23,1,0,0,0,,2016-2018
2015,imidazolium ionic-liquid phase transition electrolyte,ion-selectivity membrane transport,material_system,transport_mechanism,12,3,2,3,2,3,2,0,0.0,6,12,0.0997268045523357,1,2,1,0,0,0,,2016-2018
2015,imidazolium ionic-liquid phase transition electrolyte,moisture-gradient ion transport,material_system,transport_mechanism,12,3,0,3,0,3,0,0,0.0,0,12,0.08042865014482177,1,2,1,0,0,0,,2016-2018
2015,imidazolium ionic-liquid phase transition electrolyte,phase-transition entropy amplification,material_system,phase_or_species_transition,3,3,1,3,1,3,1,0,0.0,3,3,0.26105512509601425,1,2,1,0,0,1,Large Power Factor Improvement in a Novel Solid-Liquid Thermoelectric Hybrid Device,2016-2018
2015,imidazolium ionic-liquid phase transition electrolyte,quasi-solid granular electrolyte matrix,material_system,material_system,12,3,2,3,2,3,2,0,0.0,6,12,0.22657513167362228,0,2,1,0,0,0,,2016-2018
2015,iodide/triiodide redox chemistry,organic redox molecular design,redox_chemistry,redox_chemistry,12,0,3,0,3,0,3,0,0.0,0,12,0.07057332462830378,0,6,1,0,0,0,,2016-2018
2015,ion-selectivity membrane transport,moisture-gradient ion transport,transport_mechanism,transport_mechanism,12,2,0,2,0,2,0,0,0.0,0,12,0.24357054696533564,0,17,1,0,0,1,Ionic thermoelectric paper,2016-2018
2015,moisture-gradient ion transport,phase-transition entropy amplification,transport_mechanism,phase_or_species_transition,12,0,1,0,1,0,1,0,0.0,0,12,0.07445571452452059,1,14,1,0,0,0,,2016-2018
2015,organic redox molecular design,phase-transition entropy amplification,redox_chemistry,phase_or_species_transition,2,3,1,3,1,3,1,1,0.9102392266268373,3,2,0.0,1,3,1,0,0,0,,2016-2018
2015,organic redox molecular design,quasi-solid granular electrolyte matrix,redox_chemistry,material_system,12,3,2,3,2,3,2,0,0.0,6,12,0.07367228621558151,1,3,1,0,0,0,,2016-2018
2016,Fe2+/Fe3+ solvation redox chemistry,carbon-electrode redox interface,redox_chemistry,electrode_interface,12,2,2,2,2,2,2,0,0.0,4,12,0.07529329632053416,1,24,1,0,0,0,,2017-2019
2016,Fe2+/Fe3+ solvation redox chemistry,iodide/triiodide redox chemistry,redox_chemistry,redox_chemistry,12,2,0,2,0,2,0,0,0.0,0,12,0.26854839786869594,0,24,1,0,0,0,,2017-2019
2016,Fe2+/Fe3+ solvation redox chemistry,ion-selectivity membrane transport,redox_chemistry,transport_mechanism,4,2,4,2,4,2,4,0,0.0,8,4,0.005154874297814069,1,24,1,0,0,0,,2017-2019
2016,Fe2+/Fe3+ solvation redox chemistry,organic redox molecular design,redox_chemistry,redox_chemistry,12,2,3,2,3,2,3,0,0.0,6,12,0.08449576695585077,0,24,1,0,0,0,,2017-2019
2016,Fe2+/Fe3+ solvation redox chemistry,phase-transition entropy amplification,redox_chemistry,phase_or_species_transition,12,2,1,2,1,2,1,0,0.0,2,12,0.09738517379688931,1,24,1,0,0,0,,2017-2019
2016,Fe2+/Fe3+ solvation redox chemistry,quasi-solid granular electrolyte matrix,redox_chemistry,material_system,3,2,2,2,2,2,2,0,0.0,4,3,0.010817581107138164,1,24,1,0,0,0,,2017-2019
2016,anti-freezing organohydrogel design,carbon-electrode redox interface,gel_microstructure,electrode_interface,4,1,2,1,2,1,2,0,0.0,2,4,0.0,1,10,1,0,0,0,,2017-2019
2016,anti-freezing organohydrogel design,deep-eutectic eutogel electrolyte,gel_microstructure,material_system,12,1,2,1,2,1,2,0,0.0,2,12,0.06781923513218487,1,10,1,0,0,0,,2017-2019
2016,anti-freezing organohydrogel design,imidazolium ionic-liquid phase transition electrolyte,gel_microstructure,material_system,3,1,3,1,3,1,3,0,0.0,3,3,0.0,1,10,1,0,0,0,,2017-2019
2016,anti-freezing organohydrogel design,organic redox molecular design,gel_microstructure,redox_chemistry,2,1,3,1,3,1,3,1,0.7213475204444817,3,2,0.27078780441461414,1,10,1,0,0,0,,2017-2019
2016,anti-freezing organohydrogel design,phase-transition entropy amplification,gel_microstructure,phase_or_species_transition,2,1,1,1,1,1,1,1,0.7213475204444817,1,2,0.0,1,10,1,0,0,0,,2017-2019
2016,carbon-electrode redox interface,deep-eutectic eutogel electrolyte,electrode_interface,material_system,12,2,2,2,2,2,2,0,0.0,4,12,0.08196149504090436,1,4,1,0,0,0,,2017-2019
2016,carbon-electrode redox interface,ferri/ferrocyanide redox chemistry,electrode_interface,redox_chemistry,12,2,3,2,3,2,3,0,0.0,6,12,0.07754870639423661,1,4,1,0,0,0,,2017-2019
2016,carbon-electrode redox interface,iodide/triiodide redox chemistry,electrode_interface,redox_chemistry,12,2,0,2,0,2,0,0,0.0,0,12,0.07447409502001225,1,4,1,0,0,0,,2017-2019
2016,carbon-electrode redox interface,organic redox molecular design,electrode_interface,redox_chemistry,2,2,3,2,3,2,3,1,0.9102392266268373,6,2,0.0873822455779323,1,4,1,0,0,0,,2017-2019
2016,carbon-electrode redox interface,phase-transition entropy amplification,electrode_interface,phase_or_species_transition,4,2,1,2,1,2,1,0,0.0,2,4,0.004596981801239923,1,4,1,0,0,0,,2017-2019
2016,carbon-electrode redox interface,quasi-solid granular electrolyte matrix,electrode_interface,material_system,12,2,2,2,2,2,2,0,0.0,4,12,0.07144808138767678,1,4,1,0,0,0,,2017-2019
2016,charge-transfer resistance engineering,phase-transition entropy amplification,electrode_interface,phase_or_species_transition,12,0,1,0,1,0,1,0,0.0,0,12,0.08745510157968633,1,23,1,0,0,1,"Understanding the Structure and Properties of Sesqui-Chalcogenides (i.e., V2VI3 or Pn2Ch3 (Pn = Pnictogen, Ch = Chalcogen) Compounds) from a Bonding Perspective",2017-2019
2016,deep-eutectic eutogel electrolyte,ferri/ferrocyanide redox chemistry,material_system,redox_chemistry,4,2,3,2,3,2,3,0,0.0,6,4,0.0,1,2,1,0,0,0,,2017-2019
2016,deep-eutectic eutogel electrolyte,imidazolium ionic-liquid phase transition electrolyte,material_system,material_system,12,2,3,2,3,2,3,0,0.0,6,12,0.19018681079146363,0,2,1,0,0,0,,2017-2019
2016,deep-eutectic eutogel electrolyte,quasi-solid granular electrolyte matrix,material_system,material_system,2,2,2,2,2,2,2,1,0.7213475204444817,4,2,0.21749035663269675,0,2,1,0,0,0,,2017-2019
2016,ferri/ferrocyanide redox chemistry,iodide/triiodide redox chemistry,redox_chemistry,redox_chemistry,12,3,0,3,0,3,0,0,0.0,0,12,0.2834337089606595,0,24,1,0,0,0,,2017-2019
2016,ferri/ferrocyanide redox chemistry,ion-selectivity membrane transport,redox_chemistry,transport_mechanism,3,3,4,3,4,3,4,0,0.0,12,3,0.0,1,24,1,0,0,0,,2017-2019
2016,ferri/ferrocyanide redox chemistry,organic redox molecular design,redox_chemistry,redox_chemistry,12,3,3,3,3,3,3,0,0.0,9,12,0.08955207277269689,0,24,1,0,0,0,,2017-2019
2016,ferri/ferrocyanide redox chemistry,quasi-solid granular electrolyte matrix,redox_chemistry,material_system,2,3,2,3,2,3,2,1,1.4426950408889634,6,2,0.0,1,24,1,0,0,0,,2017-2019
2016,imidazolium ionic-liquid phase transition electrolyte,ion-pair complexation control,material_system,solvation_entropy,12,3,2,3,2,3,2,0,0.0,6,12,0.07151892507739589,1,3,1,0,0,0,,2017-2019
2016,imidazolium ionic-liquid phase transition electrolyte,ion-selectivity membrane transport,material_system,transport_mechanism,12,3,4,3,4,3,4,0,0.0,12,12,0.0983818955092259,1,3,1,0,0,0,,2017-2019
2016,imidazolium ionic-liquid phase transition electrolyte,moisture-gradient ion transport,material_system,transport_mechanism,12,3,1,3,1,3,1,0,0.0,3,12,0.07995231103076018,1,3,1,0,0,0,,2017-2019
2016,imidazolium ionic-liquid phase transition electrolyte,phase-transition entropy amplification,material_system,phase_or_species_transition,3,3,1,3,1,3,1,0,0.0,3,3,0.262709758967749,1,3,1,0,0,1,Ionic-Liquid Gating of InAs Nanowire-Based Field-Effect Transistors,2017-2019
2016,imidazolium ionic-liquid phase transition electrolyte,quasi-solid granular electrolyte matrix,material_system,material_system,12,3,2,3,2,3,2,0,0.0,6,12,0.19492117997876077,0,3,1,0,0,0,,2017-2019
2016,iodide/triiodide redox chemistry,organic redox molecular design,redox_chemistry,redox_chemistry,12,0,3,0,3,0,3,0,0.0,0,12,0.07436132472581848,0,7,1,0,0,0,,2017-2019
2016,ion-pair complexation control,ion-selectivity membrane transport,solvation_entropy,transport_mechanism,4,2,4,2,4,2,4,0,0.0,8,4,0.05372294581167307,1,6,1,0,0,0,,2017-2019
2016,ion-pair complexation control,phase-transition entropy amplification,solvation_entropy,phase_or_species_transition,12,2,1,2,1,2,1,0,0.0,2,12,0.13898933062174526,1,6,1,0,0,0,,2017-2019
2016,ion-pair complexation control,quasi-solid granular electrolyte matrix,solvation_entropy,material_system,3,2,2,2,2,2,2,0,0.0,4,3,0.01839551951356766,1,6,1,0,0,0,,2017-2019
2016,ion-selectivity membrane transport,moisture-gradient ion transport,transport_mechanism,transport_mechanism,12,4,1,4,1,4,1,0,0.0,4,12,0.2483486571942529,0,18,1,0,0,1,Ionic thermoelectric paper,2017-2019
2016,moisture-gradient ion transport,phase-transition entropy amplification,transport_mechanism,phase_or_species_transition,12,1,1,1,1,1,1,0,0.0,1,12,0.07323440390483157,1,15,1,0,0,1,Effect of lanthanum on the phase evolution of perovskite barium stannate synthesized through polymerized complex method,2017-2019
2016,organic redox molecular design,phase-transition entropy amplification,redox_chemistry,phase_or_species_transition,2,3,1,3,1,3,1,1,0.7213475204444817,3,2,0.0,1,4,1,0,0,0,,2017-2019
2016,organic redox molecular design,quasi-solid granular electrolyte matrix,redox_chemistry,material_system,12,3,2,3,2,3,2,0,0.0,6,12,0.07565139392170568,1,4,1,0,0,0,,2017-2019
2017,Fe2+/Fe3+ solvation redox chemistry,carbon-electrode redox interface,redox_chemistry,electrode_interface,8,2,2,2,2,2,2,0,0.0,4,8,0.07529329632053416,1,25,1,0,0,0,,2018-2020
2017,Fe2+/Fe3+ solvation redox chemistry,iodide/triiodide redox chemistry,redox_chemistry,redox_chemistry,12,2,0,2,0,2,0,0,0.0,0,12,0.26854839786869594,0,25,1,0,0,0,,2018-2020
2017,Fe2+/Fe3+ solvation redox chemistry,ion-selectivity membrane transport,redox_chemistry,transport_mechanism,4,2,6,2,6,2,6,0,0.0,12,4,0.005154874297814069,1,25,1,0,0,0,,2018-2020
2017,Fe2+/Fe3+ solvation redox chemistry,organic redox molecular design,redox_chemistry,redox_chemistry,6,2,4,2,4,2,4,0,0.0,8,6,0.08449576695585077,0,25,1,0,0,0,,2018-2020
2017,Fe2+/Fe3+ solvation redox chemistry,phase-transition entropy amplification,redox_chemistry,phase_or_species_transition,8,2,1,2,1,2,1,0,0.0,2,8,0.09738517379688931,1,25,1,0,0,0,,2018-2020
2017,Fe2+/Fe3+ solvation redox chemistry,quasi-solid granular electrolyte matrix,redox_chemistry,material_system,3,2,2,2,2,2,2,0,0.0,4,3,0.010817581107138164,1,25,1,0,0,0,,2018-2020
2017,anti-freezing organohydrogel design,carbon-electrode redox interface,gel_microstructure,electrode_interface,4,1,2,1,2,1,2,0,0.0,2,4,0.0,1,11,1,0,0,0,,2018-2020
2017,anti-freezing organohydrogel design,deep-eutectic eutogel electrolyte,gel_microstructure,material_system,4,1,2,1,2,1,2,0,0.0,2,4,0.06781923513218487,1,11,1,0,0,0,,2018-2020
2017,anti-freezing organohydrogel design,imidazolium ionic-liquid phase transition electrolyte,gel_microstructure,material_system,3,1,3,1,3,1,3,0,0.0,3,3,0.0,1,11,1,0,0,0,,2018-2020
2017,anti-freezing organohydrogel design,ion-selectivity membrane transport,gel_microstructure,transport_mechanism,4,1,6,1,6,1,6,0,0.0,6,4,0.0,1,11,1,0,0,0,,2018-2020
2017,anti-freezing organohydrogel design,organic redox molecular design,gel_microstructure,redox_chemistry,2,1,4,1,4,1,4,1,0.7213475204444817,4,2,0.27078780441461414,1,11,1,0,0,0,,2018-2020
2017,anti-freezing organohydrogel design,phase-transition entropy amplification,gel_microstructure,phase_or_species_transition,2,1,1,1,1,1,1,1,0.7213475204444817,1,2,0.0,1,11,1,0,0,0,,2018-2020
2017,carbon-electrode redox interface,deep-eutectic eutogel electrolyte,electrode_interface,material_system,4,2,2,2,2,2,2,0,0.0,4,4,0.08196149504090436,1,5,1,0,0,0,,2018-2020
2017,carbon-electrode redox interface,ferri/ferrocyanide redox chemistry,electrode_interface,redox_chemistry,7,2,3,2,3,2,3,0,0.0,6,7,0.07754870639423661,1,5,1,0,0,0,,2018-2020
2017,carbon-electrode redox interface,iodide/triiodide redox chemistry,electrode_interface,redox_chemistry,12,2,0,2,0,2,0,0,0.0,0,12,0.07447409502001225,1,5,1,0,0,0,,2018-2020
2017,carbon-electrode redox interface,ion-selectivity membrane transport,electrode_interface,transport_mechanism,4,2,6,2,6,2,6,0,0.0,12,4,0.04303584403401627,1,5,1,0,0,0,,2018-2020
2017,carbon-electrode redox interface,organic redox molecular design,electrode_interface,redox_chemistry,2,2,4,2,4,2,4,1,0.9102392266268373,8,2,0.0873822455779323,1,5,1,0,0,0,,2018-2020
2017,carbon-electrode redox interface,phase-transition entropy amplification,electrode_interface,phase_or_species_transition,4,2,1,2,1,2,1,0,0.0,2,4,0.004596981801239923,1,5,1,0,0,0,,2018-2020
2017,carbon-electrode redox interface,quasi-solid granular electrolyte matrix,electrode_interface,material_system,5,2,2,2,2,2,2,0,0.0,4,5,0.07144808138767678,1,5,1,0,0,0,,2018-2020
2017,charge-transfer resistance engineering,phase-transition entropy amplification,electrode_interface,phase_or_species_transition,12,0,1,0,1,0,1,0,0.0,0,12,0.08745510157968633,1,24,1,0,0,1,"Understanding the Structure and Properties of Sesqui-Chalcogenides (i.e., V2VI3 or Pn2Ch3 (Pn = Pnictogen, Ch = Chalcogen) Compounds) from a Bonding Perspective",2018-2020
2017,deep-eutectic eutogel electrolyte,ferri/ferrocyanide redox chemistry,material_system,redox_chemistry,4,2,3,2,3,2,3,0,0.0,6,4,0.0,1,3,1,0,0,0,,2018-2020
2017,deep-eutectic eutogel electrolyte,imidazolium ionic-liquid phase transition electrolyte,material_system,material_system,3,2,3,2,3,2,3,0,0.0,6,3,0.19018681079146363,0,3,1,0,0,0,,2018-2020
2017,deep-eutectic eutogel electrolyte,ion-pair complexation control,material_system,solvation_entropy,4,2,4,2,4,2,4,0,0.0,8,4,0.019560690881265087,1,3,1,0,0,0,,2018-2020
2017,deep-eutectic eutogel electrolyte,moisture-gradient ion transport,material_system,transport_mechanism,2,2,3,2,3,2,3,1,0.5581106265512472,6,2,0.0,1,3,1,0,0,0,,2018-2020
2017,deep-eutectic eutogel electrolyte,organic redox molecular design,material_system,redox_chemistry,2,2,4,2,4,2,4,1,0.9102392266268373,8,2,0.028006525978580284,1,3,1,0,0,0,,2018-2020
2017,deep-eutectic eutogel electrolyte,phase-transition entropy amplification,material_system,phase_or_species_transition,4,2,1,2,1,2,1,0,0.0,2,4,0.004486464105809404,1,3,1,0,0,0,,2018-2020
2017,deep-eutectic eutogel electrolyte,quasi-solid granular electrolyte matrix,material_system,material_system,2,2,2,2,2,2,2,1,0.5581106265512472,4,2,0.21749035663269675,0,3,1,0,0,0,,2018-2020
2017,ferri/ferrocyanide redox chemistry,iodide/triiodide redox chemistry,redox_chemistry,redox_chemistry,12,3,0,3,0,3,0,0,0.0,0,12,0.2834337089606595,0,25,1,0,0,0,,2018-2020
2017,ferri/ferrocyanide redox chemistry,ion-selectivity membrane transport,redox_chemistry,transport_mechanism,3,3,6,3,6,3,6,0,0.0,18,3,0.0,1,25,1,0,0,0,,2018-2020
2017,ferri/ferrocyanide redox chemistry,moisture-gradient ion transport,redox_chemistry,transport_mechanism,4,3,3,3,3,3,3,0,0.0,9,4,0.0058595994564398695,1,25,1,0,0,0,,2018-2020
2017,ferri/ferrocyanide redox chemistry,organic redox molecular design,redox_chemistry,redox_chemistry,5,3,4,3,4,3,4,0,0.0,12,5,0.08955207277269689,0,25,1,0,0,0,,2018-2020
2017,ferri/ferrocyanide redox chemistry,quasi-solid granular electrolyte matrix,redox_chemistry,material_system,2,3,2,3,2,3,2,1,0.9102392266268373,6,2,0.0,1,25,1,0,0,0,,2018-2020
2017,imidazolium ionic-liquid phase transition electrolyte,ion-pair complexation control,material_system,solvation_entropy,6,3,4,3,4,3,4,0,0.0,12,6,0.07151892507739589,1,4,1,0,0,0,,2018-2020
2017,imidazolium ionic-liquid phase transition electrolyte,ion-selectivity membrane transport,material_system,transport_mechanism,3,3,6,3,6,3,6,0,0.0,18,3,0.0983818955092259,1,4,1,0,0,0,,2018-2020
2017,imidazolium ionic-liquid phase transition electrolyte,moisture-gradient ion transport,material_system,transport_mechanism,4,3,3,3,3,3,3,0,0.0,9,4,0.07995231103076018,1,4,1,0,0,0,,2018-2020
2017,imidazolium ionic-liquid phase transition electrolyte,phase-transition entropy amplification,material_system,phase_or_species_transition,3,3,1,3,1,3,1,0,0.0,3,3,0.262709758967749,1,4,1,0,0,1,Ionic-Liquid Gating of InAs Nanowire-Based Field-Effect Transistors,2018-2020
2017,imidazolium ionic-liquid phase transition electrolyte,quasi-solid granular electrolyte matrix,material_system,material_system,4,3,2,3,2,3,2,0,0.0,6,4,0.19492117997876077,0,4,1,0,0,0,,2018-2020
2017,iodide/triiodide redox chemistry,organic redox molecular design,redox_chemistry,redox_chemistry,12,0,4,0,4,0,4,0,0.0,0,12,0.07436132472581848,0,8,1,0,0,0,,2018-2020
2017,ion-pair complexation control,ion-selectivity membrane transport,solvation_entropy,transport_mechanism,3,4,6,4,6,4,6,0,0.0,24,3,0.05372294581167307,1,7,1,0,0,0,,2018-2020
2017,ion-pair complexation control,moisture-gradient ion transport,solvation_entropy,transport_mechanism,4,4,3,4,3,4,3,0,0.0,12,4,0.03660803723776401,1,7,1,0,0,0,,2018-2020
2017,ion-pair complexation control,phase-transition entropy amplification,solvation_entropy,phase_or_species_transition,7,4,1,4,1,4,1,0,0.0,4,7,0.13898933062174526,1,7,1,0,0,0,,2018-2020
2017,ion-pair complexation control,quasi-solid granular electrolyte matrix,solvation_entropy,material_system,2,4,2,4,2,4,2,1,0.9102392266268373,8,2,0.01839551951356766,1,7,1,0,0,0,,2018-2020
2017,ion-selectivity membrane transport,organic redox molecular design,transport_mechanism,redox_chemistry,2,6,4,6,4,6,4,1,0.9102392266268373,24,2,0.005583927534031378,1,19,1,0,0,0,,2018-2020
2017,ion-selectivity membrane transport,phase-transition entropy amplification,transport_mechanism,phase_or_species_transition,4,6,1,6,1,6,1,0,0.0,6,4,0.04370595500272288,1,19,1,0,0,0,,2018-2020
2017,moisture-gradient ion transport,organic redox molecular design,transport_mechanism,redox_chemistry,3,3,4,3,4,3,4,0,0.0,12,3,0.012843378245795043,1,16,1,0,0,0,,2018-2020
2017,moisture-gradient ion transport,phase-transition entropy amplification,transport_mechanism,phase_or_species_transition,5,3,1,3,1,3,1,0,0.0,3,5,0.07323440390483157,1,16,1,0,0,1,Effect of lanthanum on the phase evolution of perovskite barium stannate synthesized through polymerized complex method,2018-2020
2017,moisture-gradient ion transport,quasi-solid granular electrolyte matrix,transport_mechanism,material_system,2,3,2,3,2,3,2,1,0.5581106265512472,6,2,0.015294250461711772,1,16,1,0,0,0,,2018-2020
2017,organic redox molecular design,phase-transition entropy amplification,redox_chemistry,phase_or_species_transition,2,4,1,4,1,4,1,1,0.7213475204444817,4,2,0.0,1,5,1,0,0,0,,2018-2020
2017,organic redox molecular design,quasi-solid granular electrolyte matrix,redox_chemistry,material_system,3,4,2,4,2,4,2,0,0.0,8,3,0.07565139392170568,1,5,1,0,0,0,,2018-2020
2018,Fe2+/Fe3+ solvation redox chemistry,carbon-electrode redox interface,redox_chemistry,electrode_interface,4,2,2,2,2,2,2,0,0.0,4,4,0.06610018647306698,1,26,1,0,0,0,,2019-2021
2018,Fe2+/Fe3+ solvation redox chemistry,charge-transfer resistance engineering,redox_chemistry,electrode_interface,2,2,1,2,1,2,1,1,0.5138983423697507,2,2,0.016352391656922562,1,26,1,0,0,1,Correlation of Local Crystal Structural and Physical Properties of the Delafossite CuCr1-xFexO2 (0 ≤ x ≤ 1) Series,2019-2021
2018,Fe2+/Fe3+ solvation redox chemistry,deep-eutectic eutogel electrolyte,redox_chemistry,material_system,4,2,2,2,2,2,2,0,0.0,4,4,0.0,1,26,1,0,0,0,,2019-2021
2018,Fe2+/Fe3+ solvation redox chemistry,imidazolium ionic-liquid phase transition electrolyte,redox_chemistry,material_system,3,2,5,2,5,2,5,0,0.0,10,3,0.038039826467439315,1,26,1,0,0,0,,2019-2021
2018,Fe2+/Fe3+ solvation redox chemistry,iodide/triiodide redox chemistry,redox_chemistry,redox_chemistry,4,2,1,2,1,2,1,0,0.0,2,4,0.26373919199025186,0,26,1,0,0,0,,2019-2021
2018,Fe2+/Fe3+ solvation redox chemistry,ion-selectivity membrane transport,redox_chemistry,transport_mechanism,3,2,9,2,9,2,9,0,0.0,18,3,0.005313121839026167,1,26,1,0,0,0,,2019-2021
2018,Fe2+/Fe3+ solvation redox chemistry,moisture-gradient ion transport,redox_chemistry,transport_mechanism,4,2,3,2,3,2,3,0,0.0,6,4,0.02527061864009693,1,26,1,0,0,0,,2019-2021
2018,Fe2+/Fe3+ solvation redox chemistry,organic redox molecular design,redox_chemistry,redox_chemistry,3,2,4,2,4,2,4,0,0.0,8,3,0.07418724259514847,0,26,1,0,0,0,,2019-2021
2018,Fe2+/Fe3+ solvation redox chemistry,phase-transition entropy amplification,redox_chemistry,phase_or_species_transition,3,2,3,2,3,2,3,0,0.0,6,3,0.10161921114893496,1,26,1,0,0,0,,2019-2021
2018,Fe2+/Fe3+ solvation redox chemistry,quasi-solid granular electrolyte matrix,redox_chemistry,material_system,3,2,2,2,2,2,2,0,0.0,4,3,0.010899677681216009,1,26,1,0,0,0,,2019-2021
2018,Fe2+/Fe3+ solvation redox chemistry,redox entropy tuning,redox_chemistry,solvation_entropy,2,2,4,2,4,2,4,1,0.5138983423697507,8,2,0.09676259613404986,1,26,1,0,0,0,,2019-2021
2018,anti-freezing organohydrogel design,carbon-electrode redox interface,gel_microstructure,electrode_interface,4,1,2,1,2,1,2,0,0.0,2,4,0.0,1,12,1,0,0,0,,2019-2021
2018,anti-freezing organohydrogel design,deep-eutectic eutogel electrolyte,gel_microstructure,material_system,4,1,2,1,2,1,2,0,0.0,2,4,0.06829393381491759,1,12,1,0,0,0,,2019-2021
2018,anti-freezing organohydrogel design,ferri/ferrocyanide redox chemistry,gel_microstructure,redox_chemistry,4,1,7,1,7,1,7,0,0.0,7,4,0.0,1,12,1,0,0,0,,2019-2021
2018,anti-freezing organohydrogel design,imidazolium ionic-liquid phase transition electrolyte,gel_microstructure,material_system,3,1,5,1,5,1,5,0,0.0,5,3,0.0,1,12,1,0,0,0,,2019-2021
2018,anti-freezing organohydrogel design,ion-pair complexation control,gel_microstructure,solvation_entropy,4,1,4,1,4,1,4,0,0.0,4,4,0.0,1,12,1,0,0,0,,2019-2021
2018,anti-freezing organohydrogel design,ion-selectivity membrane transport,gel_microstructure,transport_mechanism,4,1,9,1,9,1,9,0,0.0,9,4,0.0,1,12,1,0,0,1,Thermoelectric Ratchet Effect for Charge Carriers with Hopping Dynamics,2019-2021
2018,anti-freezing organohydrogel design,organic redox molecular design,gel_microstructure,redox_chemistry,2,1,4,1,4,1,4,1,0.7213475204444817,4,2,0.2742912140530949,1,12,1,0,0,0,,2019-2021
2018,anti-freezing organohydrogel design,phase-transition entropy amplification,gel_microstructure,phase_or_species_transition,2,1,3,1,3,1,3,1,0.7213475204444817,3,2,0.0,1,12,1,0,0,0,,2019-2021
2018,anti-freezing organohydrogel design,quasi-solid granular electrolyte matrix,gel_microstructure,material_system,4,1,2,1,2,1,2,0,0.0,2,4,0.0,1,12,1,0,0,0,,2019-2021
2018,anti-freezing organohydrogel design,redox entropy tuning,gel_microstructure,solvation_entropy,3,1,4,1,4,1,4,0,0.0,4,3,0.03622969826864052,1,12,1,0,0,0,,2019-2021
2018,carbon-electrode redox interface,charge-transfer resistance engineering,electrode_interface,electrode_interface,4,2,1,2,1,2,1,0,0.0,2,4,0.013802646085416394,0,6,1,0,0,0,,2019-2021
2018,carbon-electrode redox interface,deep-eutectic eutogel electrolyte,electrode_interface,material_system,4,2,2,2,2,2,2,0,0.0,4,4,0.08322544002662167,1,6,1,0,0,0,,2019-2021
2018,carbon-electrode redox interface,ferri/ferrocyanide redox chemistry,electrode_interface,redox_chemistry,3,2,7,2,7,2,7,0,0.0,14,3,0.06927989216565188,1,6,1,0,0,0,,2019-2021
2018,carbon-electrode redox interface,iodide/triiodide redox chemistry,electrode_interface,redox_chemistry,4,2,1,2,1,2,1,0,0.0,2,4,0.06652171054118766,1,6,1,0,0,0,,2019-2021
2018,carbon-electrode redox interface,ion-pair complexation control,electrode_interface,solvation_entropy,3,2,4,2,4,2,4,0,0.0,8,3,0.01387914201364946,1,6,1,0,0,0,,2019-2021
2018,carbon-electrode redox interface,ion-selectivity membrane transport,electrode_interface,transport_mechanism,3,2,9,2,9,2,9,0,0.0,18,3,0.04409018046931782,1,6,1,0,0,0,,2019-2021
2018,carbon-electrode redox interface,moisture-gradient ion transport,electrode_interface,transport_mechanism,4,2,3,2,3,2,3,0,0.0,6,4,0.0,1,6,1,0,0,0,,2019-2021
2018,carbon-electrode redox interface,organic redox molecular design,electrode_interface,redox_chemistry,2,2,4,2,4,2,4,1,0.6213349345596119,8,2,0.07774743890511196,1,6,1,0,0,0,,2019-2021
2018,carbon-electrode redox interface,phase-transition entropy amplification,electrode_interface,phase_or_species_transition,2,2,3,2,3,2,3,1,0.6213349345596119,6,2,0.004169532408039253,1,6,1,0,0,0,,2019-2021
2018,carbon-electrode redox interface,quasi-solid granular electrolyte matrix,electrode_interface,material_system,3,2,2,2,2,2,2,0,0.0,4,3,0.07251383723856446,1,6,1,0,0,0,,2019-2021
2018,carbon-electrode redox interface,redox entropy tuning,electrode_interface,solvation_entropy,2,2,4,2,4,2,4,1,0.6213349345596119,8,2,0.10029537686709117,1,6,1,0,0,0,,2019-2021
2018,charge-transfer resistance engineering,deep-eutectic eutogel electrolyte,electrode_interface,material_system,4,1,2,1,2,1,2,0,0.0,2,4,0.0,1,25,1,0,0,0,,2019-2021
2018,charge-transfer resistance engineering,imidazolium ionic-liquid phase transition electrolyte,electrode_interface,material_system,3,1,5,1,5,1,5,0,0.0,5,3,0.025222442207593104,1,25,1,0,0,0,,2019-2021
2018,charge-transfer resistance engineering,iodide/triiodide redox chemistry,electrode_interface,redox_chemistry,4,1,1,1,1,1,1,0,0.0,1,4,0.014386419693924844,1,25,1,0,0,0,,2019-2021
2018,charge-transfer resistance engineering,ion-pair complexation control,electrode_interface,solvation_entropy,2,1,4,1,4,1,4,1,0.5138983423697507,4,2,0.0,1,25,1,0,0,1,Unprecedented pressure-driven metallization and topological charge transport in an anion radical salt,2019-2021
2018,charge-transfer resistance engineering,ion-selectivity membrane transport,electrode_interface,transport_mechanism,3,1,9,1,9,1,9,0,0.0,9,3,0.034534406929523614,1,25,1,0,0,0,,2019-2021
2018,charge-transfer resistance engineering,moisture-gradient ion transport,electrode_interface,transport_mechanism,4,1,3,1,3,1,3,0,0.0,3,4,0.03708764722238263,1,25,1,0,0,0,,2019-2021
2018,charge-transfer resistance engineering,organic redox molecular design,electrode_interface,redox_chemistry,3,1,4,1,4,1,4,0,0.0,4,3,0.01323999090835815,1,25,1,0,0,0,,2019-2021
2018,charge-transfer resistance engineering,phase-transition entropy amplification,electrode_interface,phase_or_species_transition,3,1,3,1,3,1,3,0,0.0,3,3,0.08882113654628063,1,25,1,0,0,1,Unprecedented pressure-driven metallization and topological charge transport in an anion radical salt,2019-2021
2018,charge-transfer resistance engineering,quasi-solid granular electrolyte matrix,electrode_interface,material_system,3,1,2,1,2,1,2,0,0.0,2,3,0.0041959158687231305,1,25,1,0,0,0,,2019-2021
2018,charge-transfer resistance engineering,redox entropy tuning,electrode_interface,solvation_entropy,2,1,4,1,4,1,4,1,0.5138983423697507,4,2,0.05172799681460844,1,25,1,0,0,0,,2019-2021
2018,deep-eutectic eutogel electrolyte,ferri/ferrocyanide redox chemistry,material_system,redox_chemistry,3,2,7,2,7,2,7,0,0.0,14,3,0.0,1,4,1,0,0,0,,2019-2021
2018,deep-eutectic eutogel electrolyte,imidazolium ionic-liquid phase transition electrolyte,material_system,material_system,3,2,5,2,5,2,5,0,0.0,10,3,0.19183108545794336,0,4,1,0,0,0,,2019-2021
2018,deep-eutectic eutogel electrolyte,iodide/triiodide redox chemistry,material_system,redox_chemistry,2,2,1,2,1,2,1,1,0.45511961331341866,2,2,0.0,1,4,1,0,0,0,,2019-2021
2018,deep-eutectic eutogel electrolyte,ion-pair complexation control,material_system,solvation_entropy,3,2,4,2,4,2,4,0,0.0,8,3,0.01922575855155814,1,4,1,0,0,0,,2019-2021
2018,deep-eutectic eutogel electrolyte,moisture-gradient ion transport,material_system,transport_mechanism,2,2,3,2,3,2,3,1,0.45511961331341866,6,2,0.0,1,4,1,0,0,0,,2019-2021
2018,deep-eutectic eutogel electrolyte,organic redox molecular design,material_system,redox_chemistry,2,2,4,2,4,2,4,1,0.9102392266268373,8,2,0.02844203206976829,1,4,1,0,0,0,,2019-2021
2018,deep-eutectic eutogel electrolyte,phase-transition entropy amplification,material_system,phase_or_species_transition,3,2,3,2,3,2,3,0,0.0,6,3,0.004044684076152472,1,4,1,0,0,0,,2019-2021
2018,deep-eutectic eutogel electrolyte,quasi-solid granular electrolyte matrix,material_system,material_system,2,2,2,2,2,2,2,1,0.45511961331341866,4,2,0.21954067839216407,0,4,1,0,0,0,,2019-2021
2018,deep-eutectic eutogel electrolyte,redox entropy tuning,material_system,solvation_entropy,3,2,4,2,4,2,4,0,0.0,8,3,0.00657226058157485,1,4,1,0,0,0,,2019-2021
2018,ferri/ferrocyanide redox chemistry,imidazolium ionic-liquid phase transition electrolyte,redox_chemistry,material_system,2,7,5,7,5,7,5,2,1.2352458628142324,35,2,0.0,1,26,1,0,0,0,,2019-2021
2018,ferri/ferrocyanide redox chemistry,iodide/triiodide redox chemistry,redox_chemistry,redox_chemistry,3,7,1,7,1,7,1,0,0.0,7,3,0.2794699559751698,0,26,1,0,0,0,,2019-2021
2018,ferri/ferrocyanide redox chemistry,ion-selectivity membrane transport,redox_chemistry,transport_mechanism,2,7,9,7,9,7,9,1,0.5138983423697507,63,2,0.0,1,26,1,0,0,0,,2019-2021
2018,ferri/ferrocyanide redox chemistry,moisture-gradient ion transport,redox_chemistry,transport_mechanism,3,7,3,7,3,7,3,0,0.0,21,3,0.0060134504068517615,1,26,1,0,0,0,,2019-2021
2018,ferri/ferrocyanide redox chemistry,organic redox molecular design,redox_chemistry,redox_chemistry,2,7,4,7,4,7,4,1,0.7213475204444817,28,2,0.08025662400783794,0,26,1,0,0,0,,2019-2021
2018,ferri/ferrocyanide redox chemistry,phase-transition entropy amplification,redox_chemistry,phase_or_species_transition,2,7,3,7,3,7,3,1,0.5138983423697507,21,2,0.0,1,26,1,0,0,0,,2019-2021
2018,ferri/ferrocyanide redox chemistry,quasi-solid granular electrolyte matrix,redox_chemistry,material_system,2,7,2,7,2,7,2,1,0.5138983423697507,14,2,0.0,1,26,1,0,0,0,,2019-2021
2018,imidazolium ionic-liquid phase transition electrolyte,iodide/triiodide redox chemistry,material_system,redox_chemistry,3,5,1,5,1,5,1,0,0.0,5,3,0.004597989916804227,1,5,1,0,0,0,,2019-2021
2018,imidazolium ionic-liquid phase transition electrolyte,ion-pair complexation control,material_system,solvation_entropy,2,5,4,5,4,5,4,1,0.5138983423697507,20,2,0.07247065758148577,1,5,1,0,0,0,,2019-2021
2018,imidazolium ionic-liquid phase transition electrolyte,ion-selectivity membrane transport,material_system,transport_mechanism,2,5,9,5,9,5,9,1,0.5138983423697507,45,2,0.1001444671610476,1,5,1,0,0,0,,2019-2021
2018,imidazolium ionic-liquid phase transition electrolyte,moisture-gradient ion transport,material_system,transport_mechanism,3,5,3,5,3,5,3,0,0.0,15,3,0.0814229638827982,1,5,1,0,0,0,,2019-2021
2018,imidazolium ionic-liquid phase transition electrolyte,quasi-solid granular electrolyte matrix,material_system,material_system,2,5,2,5,2,5,2,1,0.5138983423697507,10,2,0.1965767213591571,0,5,1,0,0,0,,2019-2021
2018,iodide/triiodide redox chemistry,ion-pair complexation control,redox_chemistry,solvation_entropy,3,1,4,1,4,1,4,0,0.0,4,3,0.005790259047156275,1,9,1,0,0,0,,2019-2021
2018,iodide/triiodide redox chemistry,moisture-gradient ion transport,redox_chemistry,transport_mechanism,2,1,3,1,3,1,3,1,0.45511961331341866,3,2,0.011548084005728508,1,9,1,0,0,0,,2019-2021
2018,iodide/triiodide redox chemistry,organic redox molecular design,redox_chemistry,redox_chemistry,3,1,4,1,4,1,4,0,0.0,4,3,0.06526805560316934,0,9,1,0,0,0,,2019-2021
2018,iodide/triiodide redox chemistry,phase-transition entropy amplification,redox_chemistry,phase_or_species_transition,3,1,3,1,3,1,3,0,0.0,3,3,0.0,1,9,1,0,0,0,,2019-2021
2018,iodide/triiodide redox chemistry,quasi-solid granular electrolyte matrix,redox_chemistry,material_system,2,1,2,1,2,1,2,1,0.45511961331341866,2,2,0.009589260148627666,1,9,1,0,0,0,,2019-2021
2018,iodide/triiodide redox chemistry,redox entropy tuning,redox_chemistry,solvation_entropy,4,1,4,1,4,1,4,0,0.0,4,4,0.08512927942677291,1,9,1,0,0,0,,2019-2021
2018,ion-pair complexation control,ion-selectivity membrane transport,solvation_entropy,transport_mechanism,2,4,9,4,9,4,9,1,0.5138983423697507,36,2,0.05450673663836011,1,8,1,0,0,0,,2019-2021
2018,ion-pair complexation control,moisture-gradient ion transport,solvation_entropy,transport_mechanism,3,4,3,4,3,4,3,0,0.0,12,3,0.03753866252675051,1,8,1,0,0,0,,2019-2021
2018,ion-pair complexation control,organic redox molecular design,solvation_entropy,redox_chemistry,3,4,4,4,4,4,4,0,0.0,16,3,0.0,1,8,1,0,0,0,,2019-2021
2018,ion-pair complexation control,phase-transition entropy amplification,solvation_entropy,phase_or_species_transition,2,4,3,4,3,4,3,1,0.5138983423697507,12,2,0.13963373387115235,1,8,1,0,0,1,Unprecedented pressure-driven metallization and topological charge transport in an anion radical salt,2019-2021
2018,ion-pair complexation control,quasi-solid granular electrolyte matrix,solvation_entropy,material_system,2,4,2,4,2,4,2,1,0.5138983423697507,8,2,0.018086711265092977,1,8,1,0,0,0,,2019-2021
2018,ion-pair complexation control,redox entropy tuning,solvation_entropy,solvation_entropy,2,4,4,4,4,4,4,1,0.5138983423697507,16,2,0.03383135398159689,0,8,1,0,0,0,,2019-2021
2018,ion-selectivity membrane transport,organic redox molecular design,transport_mechanism,redox_chemistry,2,9,4,9,4,9,4,1,0.9102392266268373,36,2,0.005763342914272402,1,20,1,0,0,0,,2019-2021
2018,ion-selectivity membrane transport,phase-transition entropy amplification,transport_mechanism,phase_or_species_transition,2,9,3,9,3,9,3,1,0.5138983423697507,27,2,0.04570431411894917,1,20,1,0,0,0,,2019-2021
2018,ion-selectivity membrane transport,redox entropy tuning,transport_mechanism,solvation_entropy,3,9,4,9,4,9,4,0,0.0,36,3,0.0,1,20,1,0,0,0,,2019-2021
2018,moisture-gradient ion transport,organic redox molecular design,transport_mechanism,redox_chemistry,3,3,4,3,4,3,4,0,0.0,12,3,0.012973413108555008,1,17,1,0,0,0,,2019-2021
2018,moisture-gradient ion transport,phase-transition entropy amplification,transport_mechanism,phase_or_species_transition,3,3,3,3,3,3,3,0,0.0,9,3,0.0743034797541117,1,17,1,0,0,1,Effect of lanthanum on the phase evolution of perovskite barium stannate synthesized through polymerized complex method,2019-2021
2018,moisture-gradient ion transport,quasi-solid granular electrolyte matrix,transport_mechanism,material_system,2,3,2,3,2,3,2,1,0.45511961331341866,6,2,0.015471529198126898,1,17,1,0,0,0,,2019-2021
2018,moisture-gradient ion transport,redox entropy tuning,transport_mechanism,solvation_entropy,4,3,4,3,4,3,4,0,0.0,12,4,0.01347613674208098,1,17,1,0,0,0,,2019-2021
2018,organic redox molecular design,phase-transition entropy amplification,redox_chemistry,phase_or_species_transition,2,4,3,4,3,4,3,2,1.3426824550040934,12,2,0.0,1,6,1,0,0,0,,2019-2021
2018,organic redox molecular design,quasi-solid granular electrolyte matrix,redox_chemistry,material_system,3,4,2,4,2,4,2,0,0.0,8,3,0.07645730481420755,1,6,1,0,0,0,,2019-2021
2018,phase-transition entropy amplification,quasi-solid granular electrolyte matrix,phase_or_species_transition,material_system,2,3,2,3,2,3,2,1,0.5138983423697507,6,2,0.008233950065997638,1,16,1,0,0,1,"Enhancement of Diffusion, Densification and Solid-State Reactions in Dielectric Materials Due to Interfacial Interaction of Microwave Radiation: Theory and Experiment",2019-2021
2018,phase-transition entropy amplification,redox entropy tuning,phase_or_species_transition,solvation_entropy,2,3,4,3,4,3,4,1,0.6213349345596119,12,2,0.2525072765402734,1,16,1,0,0,1,Large barocaloric effects in thermoelectric superionic materials,2019-2021
2018,quasi-solid granular electrolyte matrix,redox entropy tuning,material_system,solvation_entropy,3,2,4,2,4,2,4,0,0.0,8,3,0.006182881116452104,1,20,1,0,0,0,,2019-2021
2019,Fe2+/Fe3+ solvation redox chemistry,anti-freezing organohydrogel design,redox_chemistry,gel_microstructure,3,2,3,2,3,2,3,0,0.0,6,3,0.0,1,27,1,0,0,0,,2020-2022
2019,Fe2+/Fe3+ solvation redox chemistry,carbon-electrode redox interface,redox_chemistry,electrode_interface,4,2,2,2,2,2,2,0,0.0,4,4,0.07433262600736244,1,27,1,0,0,0,,2020-2022
2019,Fe2+/Fe3+ solvation redox chemistry,cation/anion thermodiffusion asymmetry,redox_chemistry,transport_mechanism,3,2,2,2,2,2,2,0,0.0,4,3,0.0821185054097805,1,27,1,0,0,0,,2020-2022
2019,Fe2+/Fe3+ solvation redox chemistry,cellulose nanofiber scaffold,redox_chemistry,gel_microstructure,3,2,4,2,4,2,4,0,0.0,8,3,0.0,1,27,1,0,0,0,,2020-2022
2019,Fe2+/Fe3+ solvation redox chemistry,chaotropic polymer-water disruption,redox_chemistry,gel_microstructure,2,2,4,2,4,2,4,1,0.5138983423697507,8,2,0.03739554658752531,1,27,1,0,0,0,,2020-2022
2019,Fe2+/Fe3+ solvation redox chemistry,charge-transfer resistance engineering,redox_chemistry,electrode_interface,2,2,2,2,2,2,2,1,0.5138983423697507,4,2,0.016926232367314137,1,27,1,0,0,1,Correlation of Local Crystal Structural and Physical Properties of the Delafossite CuCr1-xFexO2 (0 ≤ x ≤ 1) Series,2020-2022
2019,Fe2+/Fe3+ solvation redox chemistry,deep-eutectic eutogel electrolyte,redox_chemistry,material_system,4,2,2,2,2,2,2,0,0.0,4,4,0.0,1,27,1,0,0,0,,2020-2022
2019,Fe2+/Fe3+ solvation redox chemistry,dynamic crosslinked gel network,redox_chemistry,gel_microstructure,3,2,2,2,2,2,2,0,0.0,4,3,0.0,1,27,1,0,0,0,,2020-2022
2019,Fe2+/Fe3+ solvation redox chemistry,imidazolium ionic-liquid phase transition electrolyte,redox_chemistry,material_system,3,2,5,2,5,2,5,0,0.0,10,3,0.03146350622487521,1,27,1,0,0,0,,2020-2022
2019,Fe2+/Fe3+ solvation redox chemistry,iodide/triiodide redox chemistry,redox_chemistry,redox_chemistry,4,2,1,2,1,2,1,0,0.0,2,4,0.2754568870594124,0,27,1,0,0,0,,2020-2022
2019,Fe2+/Fe3+ solvation redox chemistry,ion-selectivity membrane transport,redox_chemistry,transport_mechanism,3,2,9,2,9,2,9,0,0.0,18,3,0.004065129656193682,1,27,1,0,0,0,,2020-2022
2019,Fe2+/Fe3+ solvation redox chemistry,moisture-gradient ion transport,redox_chemistry,transport_mechanism,3,2,6,2,6,2,6,0,0.0,12,3,0.022296979107307418,1,27,1,0,0,0,,2020-2022
2019,Fe2+/Fe3+ solvation redox chemistry,organic redox molecular design,redox_chemistry,redox_chemistry,3,2,4,2,4,2,4,0,0.0,8,3,0.08259390897727124,0,27,1,0,0,0,,2020-2022
2019,Fe2+/Fe3+ solvation redox chemistry,phase-transition entropy amplification,redox_chemistry,phase_or_species_transition,3,2,5,2,5,2,5,0,0.0,10,3,0.0864397326605566,1,27,1,0,0,0,,2020-2022
2019,Fe2+/Fe3+ solvation redox chemistry,quasi-solid granular electrolyte matrix,redox_chemistry,material_system,3,2,2,2,2,2,2,0,0.0,4,3,0.011151509073099836,1,27,1,0,0,0,,2020-2022
2019,Fe2+/Fe3+ solvation redox chemistry,redox entropy tuning,redox_chemistry,solvation_entropy,2,2,4,2,4,2,4,1,0.5138983423697507,8,2,0.10749823545756174,1,27,1,0,0,0,,2020-2022
2019,Fe2+/Fe3+ solvation redox chemistry,soft mixed ionic-electronic coupling,redox_chemistry,transport_mechanism,3,2,3,2,3,2,3,0,0.0,6,3,0.015394017128706455,1,27,1,0,0,0,,2020-2022
2019,anti-freezing organohydrogel design,carbon-electrode redox interface,gel_microstructure,electrode_interface,4,3,2,3,2,3,2,0,0.0,6,4,0.0,1,13,1,0,0,0,,2020-2022
2019,anti-freezing organohydrogel design,cation/anion thermodiffusion asymmetry,gel_microstructure,transport_mechanism,4,3,2,3,2,3,2,0,0.0,6,4,0.0,1,13,1,0,0,0,,2020-2022
2019,anti-freezing organohydrogel design,cellulose nanofiber scaffold,gel_microstructure,gel_microstructure,4,3,4,3,4,3,4,0,0.0,12,4,0.010409402056969616,0,13,1,0,0,0,,2020-2022
2019,anti-freezing organohydrogel design,charge-transfer resistance engineering,gel_microstructure,electrode_interface,3,3,2,3,2,3,2,0,0.0,6,3,0.0260784738943494,1,13,1,0,0,0,,2020-2022
2019,anti-freezing organohydrogel design,deep-eutectic eutogel electrolyte,gel_microstructure,material_system,4,3,2,3,2,3,2,0,0.0,6,4,0.06480446564547086,1,13,1,0,0,1,Quasi-solid conductive gels with high thermoelectric properties and high mechanical stretchability consisting of a low cost and green deep eutectic solvent,2020-2022
2019,anti-freezing organohydrogel design,ferri/ferrocyanide redox chemistry,gel_microstructure,redox_chemistry,2,3,7,3,7,3,7,1,0.7213475204444817,21,2,0.0,1,13,1,0,0,0,,2020-2022
2019,anti-freezing organohydrogel design,imidazolium ionic-liquid phase transition electrolyte,gel_microstructure,material_system,3,3,5,3,5,3,5,0,0.0,15,3,0.0,1,13,1,0,0,0,,2020-2022
2019,anti-freezing organohydrogel design,ion-pair complexation control,gel_microstructure,solvation_entropy,3,3,4,3,4,3,4,0,0.0,12,3,0.0,1,13,1,0,0,0,,2020-2022
2019,anti-freezing organohydrogel design,ion-selectivity membrane transport,gel_microstructure,transport_mechanism,4,3,9,3,9,3,9,0,0.0,27,4,0.0,1,13,1,0,0,1,Thermoelectric Ratchet Effect for Charge Carriers with Hopping Dynamics,2020-2022
2019,anti-freezing organohydrogel design,moisture-gradient ion transport,gel_microstructure,transport_mechanism,3,3,6,3,6,3,6,0,0.0,18,3,0.0,1,13,1,0,0,1,Quasi-solid conductive gels with high thermoelectric properties and high mechanical stretchability consisting of a low cost and green deep eutectic solvent,2020-2022
2019,anti-freezing organohydrogel design,organic redox molecular design,gel_microstructure,redox_chemistry,2,3,4,3,4,3,4,1,0.7213475204444817,12,2,0.2812209404809062,1,13,1,0,0,0,,2020-2022
2019,anti-freezing organohydrogel design,phase-transition entropy amplification,gel_microstructure,phase_or_species_transition,2,3,5,3,5,3,5,1,0.7213475204444817,15,2,0.0,1,13,1,0,0,0,,2020-2022
2019,anti-freezing organohydrogel design,quasi-solid granular electrolyte matrix,gel_microstructure,material_system,4,3,2,3,2,3,2,0,0.0,6,4,0.0,1,13,1,0,0,0,,2020-2022
2019,anti-freezing organohydrogel design,redox entropy tuning,gel_microstructure,solvation_entropy,2,3,4,3,4,3,4,1,0.7213475204444817,12,2,0.03175235987145813,1,13,1,0,0,0,,2020-2022
2019,anti-freezing organohydrogel design,soft mixed ionic-electronic coupling,gel_microstructure,transport_mechanism,4,3,3,3,3,3,3,0,0.0,9,4,0.020306355443697428,1,13,1,0,0,0,,2020-2022
2019,carbon-electrode redox interface,cation/anion thermodiffusion asymmetry,electrode_interface,transport_mechanism,3,2,2,2,2,2,2,0,0.0,4,3,0.010059819108040375,1,7,1,0,0,0,,2020-2022
2019,carbon-electrode redox interface,cellulose nanofiber scaffold,electrode_interface,gel_microstructure,3,2,4,2,4,2,4,0,0.0,8,3,0.0,1,7,1,0,0,0,,2020-2022
2019,carbon-electrode redox interface,chaotropic polymer-water disruption,electrode_interface,gel_microstructure,3,2,4,2,4,2,4,0,0.0,8,3,0.014343165281484521,1,7,1,0,0,0,,2020-2022
2019,carbon-electrode redox interface,charge-transfer resistance engineering,electrode_interface,electrode_interface,3,2,2,2,2,2,2,0,0.0,4,3,0.014740946848341475,0,7,1,0,0,0,,2020-2022
2019,carbon-electrode redox interface,deep-eutectic eutogel electrolyte,electrode_interface,material_system,4,2,2,2,2,2,2,0,0.0,4,4,0.0784829593427616,1,7,1,0,0,0,,2020-2022
2019,carbon-electrode redox interface,dynamic crosslinked gel network,electrode_interface,gel_microstructure,4,2,2,2,2,2,2,0,0.0,4,4,0.0,1,7,1,0,0,0,,2020-2022
2019,carbon-electrode redox interface,ferri/ferrocyanide redox chemistry,electrode_interface,redox_chemistry,3,2,7,2,7,2,7,0,0.0,14,3,0.07682451701108133,1,7,1,0,0,0,,2020-2022
2019,carbon-electrode redox interface,iodide/triiodide redox chemistry,electrode_interface,redox_chemistry,4,2,1,2,1,2,1,0,0.0,2,4,0.07419334200412621,1,7,1,0,0,0,,2020-2022
2019,carbon-electrode redox interface,ion-pair complexation control,electrode_interface,solvation_entropy,3,2,4,2,4,2,4,0,0.0,8,3,0.014113928256736087,1,7,1,0,0,0,,2020-2022
2019,carbon-electrode redox interface,ion-selectivity membrane transport,electrode_interface,transport_mechanism,3,2,9,2,9,2,9,0,0.0,18,3,0.04295348715130961,1,7,1,0,0,0,,2020-2022
2019,carbon-electrode redox interface,moisture-gradient ion transport,electrode_interface,transport_mechanism,3,2,6,2,6,2,6,0,0.0,12,3,0.0,1,7,1,0,0,0,,2020-2022
2019,carbon-electrode redox interface,organic redox molecular design,electrode_interface,redox_chemistry,2,2,4,2,4,2,4,1,0.6213349345596119,8,2,0.08630449142648375,1,7,1,0,0,0,,2020-2022
2019,carbon-electrode redox interface,phase-transition entropy amplification,electrode_interface,phase_or_species_transition,2,2,5,2,5,2,5,1,0.6213349345596119,10,2,0.0038053989726389297,1,7,1,0,0,0,,2020-2022
2019,carbon-electrode redox interface,quasi-solid granular electrolyte matrix,electrode_interface,material_system,3,2,2,2,2,2,2,0,0.0,4,3,0.06788572636413723,1,7,1,0,0,0,,2020-2022
2019,carbon-electrode redox interface,redox entropy tuning,electrode_interface,solvation_entropy,2,2,4,2,4,2,4,1,0.6213349345596119,8,2,0.11067341786840748,1,7,1,0,0,0,,2020-2022
2019,carbon-electrode redox interface,soft mixed ionic-electronic coupling,electrode_interface,transport_mechanism,3,2,3,2,3,2,3,0,0.0,6,3,0.10273195092339006,1,7,1,0,0,0,,2020-2022
2019,cation/anion thermodiffusion asymmetry,cellulose nanofiber scaffold,transport_mechanism,gel_microstructure,2,2,4,2,4,2,4,1,0.40242960438184466,8,2,0.0,1,4,1,0,0,0,,2020-2022
2019,cation/anion thermodiffusion asymmetry,chaotropic polymer-water disruption,transport_mechanism,gel_microstructure,3,2,4,2,4,2,4,0,0.0,8,3,0.03424238334084961,1,4,1,0,0,0,,2020-2022
2019,cation/anion thermodiffusion asymmetry,charge-transfer resistance engineering,transport_mechanism,electrode_interface,3,2,2,2,2,2,2,0,0.0,4,3,0.0,1,4,1,0,0,0,,2020-2022
2019,cation/anion thermodiffusion asymmetry,deep-eutectic eutogel electrolyte,transport_mechanism,material_system,3,2,2,2,2,2,2,0,0.0,4,3,0.0,1,4,1,0,0,0,,2020-2022
2019,cation/anion thermodiffusion asymmetry,dynamic crosslinked gel network,transport_mechanism,gel_microstructure,4,2,2,2,2,2,2,0,0.0,4,4,0.0,1,4,1,0,0,0,,2020-2022
2019,cation/anion thermodiffusion asymmetry,ferri/ferrocyanide redox chemistry,transport_mechanism,redox_chemistry,2,2,7,2,7,2,7,2,1.1237771248263264,14,2,0.026959045016687253,1,4,1,0,0,0,,2020-2022
2019,cation/anion thermodiffusion asymmetry,imidazolium ionic-liquid phase transition electrolyte,transport_mechanism,material_system,2,2,5,2,5,2,5,1,0.40242960438184466,10,2,0.03937674244417988,1,4,1,0,0,0,,2020-2022
2019,cation/anion thermodiffusion asymmetry,iodide/triiodide redox chemistry,transport_mechanism,redox_chemistry,3,2,1,2,1,2,1,0,0.0,2,3,0.036815127674155144,1,4,1,0,0,0,,2020-2022
2019,cation/anion thermodiffusion asymmetry,ion-pair complexation control,transport_mechanism,solvation_entropy,2,2,4,2,4,2,4,1,0.40242960438184466,8,2,0.07057331585665609,1,4,1,0,0,0,,2020-2022
2019,cation/anion thermodiffusion asymmetry,ion-selectivity membrane transport,transport_mechanism,transport_mechanism,2,2,9,2,9,2,9,1,0.40242960438184466,18,2,0.009947888823099157,0,4,1,0,0,0,,2020-2022
2019,cation/anion thermodiffusion asymmetry,moisture-gradient ion transport,transport_mechanism,transport_mechanism,2,2,6,2,6,2,6,1,0.40242960438184466,12,2,0.028201537956601096,0,4,1,0,0,1,Ionic transport properties and their empirical correlations for thermal-to-electrical energy conversion,2020-2022
2019,cation/anion thermodiffusion asymmetry,organic redox molecular design,transport_mechanism,redox_chemistry,3,2,4,2,4,2,4,0,0.0,8,3,0.009101316237433259,1,4,1,0,0,0,,2020-2022
2019,cation/anion thermodiffusion asymmetry,phase-transition entropy amplification,transport_mechanism,phase_or_species_transition,2,2,5,2,5,2,5,1,0.40242960438184466,10,2,0.1162075536707024,1,4,1,0,0,0,,2020-2022
2019,cation/anion thermodiffusion asymmetry,quasi-solid granular electrolyte matrix,transport_mechanism,material_system,2,2,2,2,2,2,2,1,0.40242960438184466,4,2,0.0,1,4,1,0,0,0,,2020-2022
2019,cation/anion thermodiffusion asymmetry,redox entropy tuning,transport_mechanism,solvation_entropy,3,2,4,2,4,2,4,0,0.0,8,3,0.0,1,4,1,0,0,1,Ionic thermoelectric materials for near ambient temperature energy harvesting,2020-2022
2019,cation/anion thermodiffusion asymmetry,soft mixed ionic-electronic coupling,transport_mechanism,transport_mechanism,2,2,3,2,3,2,3,1,0.40242960438184466,6,2,0.009759224944166412,0,4,1,0,0,0,,2020-2022
2019,cellulose nanofiber scaffold,chaotropic polymer-water disruption,gel_microstructure,gel_microstructure,3,4,4,4,4,4,4,0,0.0,16,3,0.008409172171367909,0,3,1,0,0,0,,2020-2022
2019,cellulose nanofiber scaffold,charge-transfer resistance engineering,gel_microstructure,electrode_interface,3,4,2,4,2,4,2,0,0.0,8,3,0.008072289777646586,1,3,1,0,0,0,,2020-2022
2019,cellulose nanofiber scaffold,deep-eutectic eutogel electrolyte,gel_microstructure,material_system,2,4,2,4,2,4,2,1,0.45511961331341866,8,2,0.0,1,3,1,0,0,0,,2020-2022
2019,cellulose nanofiber scaffold,dynamic crosslinked gel network,gel_microstructure,gel_microstructure,4,4,2,4,2,4,2,0,0.0,8,4,0.0,0,3,1,0,0,1,High-Performance Ionic Thermoelectric Supercapacitor for Integrated Energy Conversion-Storage,2020-2022
2019,cellulose nanofiber scaffold,ferri/ferrocyanide redox chemistry,gel_microstructure,redox_chemistry,2,4,7,4,7,4,7,1,0.40242960438184466,28,2,0.0,1,3,1,0,0,0,,2020-2022
2019,cellulose nanofiber scaffold,imidazolium ionic-liquid phase transition electrolyte,gel_microstructure,material_system,2,4,5,4,5,4,5,1,0.40242960438184466,20,2,0.00933021654176345,1,3,1,0,0,0,,2020-2022
2019,cellulose nanofiber scaffold,iodide/triiodide redox chemistry,gel_microstructure,redox_chemistry,2,4,1,4,1,4,1,1,0.45511961331341866,4,2,0.0,1,3,1,0,0,1,Use of biomass for a development of nanocellulose-based biodegradable flexible thin film thermoelectric material,2020-2022
2019,cellulose nanofiber scaffold,ion-pair complexation control,gel_microstructure,solvation_entropy,2,4,4,4,4,4,4,1,0.40242960438184466,16,2,0.0,1,3,1,0,0,1,Advanced Bacterial Cellulose Ionic Conductors with Gigantic Thermopower for Low-Grade Heat Harvesting,2020-2022
2019,cellulose nanofiber scaffold,organic redox molecular design,gel_microstructure,redox_chemistry,3,4,4,4,4,4,4,0,0.0,16,3,0.0,1,3,1,0,0,1,Mesoscopic confined ionic thermoelectric materials with excellent ionic conductivity for waste heat harvesting,2020-2022
2019,cellulose nanofiber scaffold,phase-transition entropy amplification,gel_microstructure,phase_or_species_transition,2,4,5,4,5,4,5,2,0.9605402309330919,20,2,0.0,1,3,1,0,0,0,,2020-2022
2019,cellulose nanofiber scaffold,quasi-solid granular electrolyte matrix,gel_microstructure,material_system,2,4,2,4,2,4,2,2,0.8575492176952633,8,2,0.0,1,3,1,0,0,0,,2020-2022
2019,cellulose nanofiber scaffold,redox entropy tuning,gel_microstructure,solvation_entropy,3,4,4,4,4,4,4,0,0.0,16,3,0.0,1,3,1,0,0,0,,2020-2022
2019,chaotropic polymer-water disruption,charge-transfer resistance engineering,gel_microstructure,electrode_interface,2,4,2,4,2,4,2,1,0.5138983423697507,8,2,0.030707172610491742,1,2,1,0,0,0,,2020-2022
2019,chaotropic polymer-water disruption,deep-eutectic eutogel electrolyte,gel_microstructure,material_system,4,4,2,4,2,4,2,0,0.0,8,4,0.016623480300303115,1,2,1,0,0,0,,2020-2022
2019,chaotropic polymer-water disruption,imidazolium ionic-liquid phase transition electrolyte,gel_microstructure,material_system,2,4,5,4,5,4,5,1,0.7213475204444817,20,2,0.0358949632584459,1,2,1,0,0,0,,2020-2022
2019,chaotropic polymer-water disruption,iodide/triiodide redox chemistry,gel_microstructure,redox_chemistry,4,4,1,4,1,4,1,0,0.0,4,4,0.005615920163046167,1,2,1,0,0,0,,2020-2022
2019,chaotropic polymer-water disruption,ion-pair complexation control,gel_microstructure,solvation_entropy,2,4,4,4,4,4,4,1,0.5138983423697507,16,2,0.038000923298099135,1,2,1,0,0,0,,2020-2022
2019,chaotropic polymer-water disruption,ion-selectivity membrane transport,gel_microstructure,transport_mechanism,3,4,9,4,9,4,9,0,0.0,36,3,0.003503041439863742,1,2,1,0,0,0,,2020-2022
2019,chaotropic polymer-water disruption,moisture-gradient ion transport,gel_microstructure,transport_mechanism,3,4,6,4,6,4,6,0,0.0,24,3,0.013055078605912925,1,2,1,0,0,0,,2020-2022
2019,chaotropic polymer-water disruption,organic redox molecular design,gel_microstructure,redox_chemistry,2,4,4,4,4,4,4,1,0.7213475204444817,16,2,0.0069053600328341635,1,2,1,0,0,0,,2020-2022
2019,chaotropic polymer-water disruption,phase-transition entropy amplification,gel_microstructure,phase_or_species_transition,3,4,5,4,5,4,5,0,0.0,20,3,0.07379663110389059,1,2,1,0,0,0,,2020-2022
2019,chaotropic polymer-water disruption,quasi-solid granular electrolyte matrix,gel_microstructure,material_system,3,4,2,4,2,4,2,0,0.0,8,3,0.009925822738315604,1,2,1,0,0,0,,2020-2022
2019,chaotropic polymer-water disruption,soft mixed ionic-electronic coupling,gel_microstructure,transport_mechanism,3,4,3,4,3,4,3,0,0.0,12,3,0.012620931177023686,1,2,1,0,0,0,,2020-2022
2019,charge-transfer resistance engineering,deep-eutectic eutogel electrolyte,electrode_interface,material_system,4,2,2,2,2,2,2,0,0.0,4,4,0.0,1,26,1,0,0,0,,2020-2022
2019,charge-transfer resistance engineering,dynamic crosslinked gel network,electrode_interface,gel_microstructure,3,2,2,2,2,2,2,0,0.0,4,3,0.0,1,26,1,0,0,0,,2020-2022
2019,charge-transfer resistance engineering,imidazolium ionic-liquid phase transition electrolyte,electrode_interface,material_system,2,2,5,2,5,2,5,1,0.6213349345596119,10,2,0.028005360847903355,1,26,1,0,0,0,,2020-2022
2019,charge-transfer resistance engineering,iodide/triiodide redox chemistry,electrode_interface,redox_chemistry,4,2,1,2,1,2,1,0,0.0,2,4,0.014883865310217324,1,26,1,0,0,0,,2020-2022
2019,charge-transfer resistance engineering,ion-pair complexation control,electrode_interface,solvation_entropy,2,2,4,2,4,2,4,1,0.5138983423697507,8,2,0.0,1,26,1,0,0,1,Unprecedented pressure-driven metallization and topological charge transport in an anion radical salt,2020-2022
2019,charge-transfer resistance engineering,ion-selectivity membrane transport,electrode_interface,transport_mechanism,3,2,9,2,9,2,9,0,0.0,18,3,0.03788214399121428,1,26,1,0,0,0,,2020-2022
2019,charge-transfer resistance engineering,moisture-gradient ion transport,electrode_interface,transport_mechanism,2,2,6,2,6,2,6,1,0.6213349345596119,12,2,0.040603621992176445,1,26,1,0,0,0,,2020-2022
2019,charge-transfer resistance engineering,organic redox molecular design,electrode_interface,redox_chemistry,3,2,4,2,4,2,4,0,0.0,8,3,0.014273430520417142,1,26,1,0,0,0,,2020-2022
2019,charge-transfer resistance engineering,quasi-solid granular electrolyte matrix,electrode_interface,material_system,3,2,2,2,2,2,2,0,0.0,4,3,0.004681375138534384,1,26,1,0,0,0,,2020-2022
2019,charge-transfer resistance engineering,redox entropy tuning,electrode_interface,solvation_entropy,2,2,4,2,4,2,4,1,0.5138983423697507,8,2,0.0488186321791537,1,26,1,0,0,0,,2020-2022
2019,charge-transfer resistance engineering,soft mixed ionic-electronic coupling,electrode_interface,transport_mechanism,3,2,3,2,3,2,3,0,0.0,6,3,0.019340043921744807,1,26,1,0,0,0,,2020-2022
2019,deep-eutectic eutogel electrolyte,ferri/ferrocyanide redox chemistry,material_system,redox_chemistry,3,2,7,2,7,2,7,0,0.0,14,3,0.0,1,5,1,0,0,0,,2020-2022
2019,deep-eutectic eutogel electrolyte,imidazolium ionic-liquid phase transition electrolyte,material_system,material_system,3,2,5,2,5,2,5,0,0.0,10,3,0.19520040190701085,0,5,1,0,0,0,,2020-2022
2019,deep-eutectic eutogel electrolyte,iodide/triiodide redox chemistry,material_system,redox_chemistry,2,2,1,2,1,2,1,1,0.45511961331341866,2,2,0.0,1,5,1,0,0,0,,2020-2022
2019,deep-eutectic eutogel electrolyte,ion-pair complexation control,material_system,solvation_entropy,3,2,4,2,4,2,4,0,0.0,8,3,0.02012360028453905,1,5,1,0,0,0,,2020-2022
2019,deep-eutectic eutogel electrolyte,moisture-gradient ion transport,material_system,transport_mechanism,2,2,6,2,6,2,6,2,1.1764671337579005,12,2,0.0,1,5,1,0,0,1,Quasi-solid conductive gels with high thermoelectric properties and high mechanical stretchability consisting of a low cost and green deep eutectic solvent,2020-2022
2019,deep-eutectic eutogel electrolyte,organic redox molecular design,material_system,redox_chemistry,2,2,4,2,4,2,4,1,0.7213475204444817,8,2,0.023775535155609654,1,5,1,0,0,0,,2020-2022
2019,deep-eutectic eutogel electrolyte,phase-transition entropy amplification,material_system,phase_or_species_transition,3,2,5,2,5,2,5,0,0.0,10,3,0.003679608063664603,1,5,1,0,0,0,,2020-2022
2019,deep-eutectic eutogel electrolyte,quasi-solid granular electrolyte matrix,material_system,material_system,2,2,2,2,2,2,2,1,0.45511961331341866,4,2,0.2206261028176807,0,5,1,0,0,0,,2020-2022
2019,deep-eutectic eutogel electrolyte,redox entropy tuning,material_system,solvation_entropy,3,2,4,2,4,2,4,0,0.0,8,3,0.005867545770466348,1,5,1,0,0,0,,2020-2022
2019,deep-eutectic eutogel electrolyte,soft mixed ionic-electronic coupling,material_system,transport_mechanism,3,2,3,2,3,2,3,0,0.0,6,3,0.07886199156129015,1,5,1,0,0,0,,2020-2022
2019,dynamic crosslinked gel network,ferri/ferrocyanide redox chemistry,gel_microstructure,redox_chemistry,2,2,7,2,7,2,7,1,0.7213475204444817,14,2,0.0,1,1,1,0,0,0,,2020-2022
2019,dynamic crosslinked gel network,imidazolium ionic-liquid phase transition electrolyte,gel_microstructure,material_system,3,2,5,2,5,2,5,0,0.0,10,3,0.0,1,1,1,0,0,0,,2020-2022
2019,dynamic crosslinked gel network,ion-pair complexation control,gel_microstructure,solvation_entropy,3,2,4,2,4,2,4,0,0.0,8,3,0.0,1,1,1,0,0,1,High ionic thermopower in flexible composite hydrogel for wearable self-powered sensor,2020-2022
2019,dynamic crosslinked gel network,ion-selectivity membrane transport,gel_microstructure,transport_mechanism,4,2,9,2,9,2,9,0,0.0,18,4,0.0,1,1,1,0,0,1,High-Performance Ionic Thermoelectric Supercapacitor for Integrated Energy Conversion-Storage,2020-2022
2019,dynamic crosslinked gel network,moisture-gradient ion transport,gel_microstructure,transport_mechanism,4,2,6,2,6,2,6,0,0.0,12,4,0.0,1,1,1,0,0,0,,2020-2022
2019,dynamic crosslinked gel network,organic redox molecular design,gel_microstructure,redox_chemistry,3,2,4,2,4,2,4,0,0.0,8,3,0.007484623771642931,1,1,1,0,0,0,,2020-2022
2019,dynamic crosslinked gel network,phase-transition entropy amplification,gel_microstructure,phase_or_species_transition,3,2,5,2,5,2,5,0,0.0,10,3,0.0,1,1,1,0,0,1,Giant Thermopower of Hydrogen Ion Enhanced by a Strong Hydrogen Bond System,2020-2022
2019,dynamic crosslinked gel network,quasi-solid granular electrolyte matrix,gel_microstructure,material_system,4,2,2,2,2,2,2,0,0.0,4,4,0.0,1,1,1,0,0,0,,2020-2022
2019,dynamic crosslinked gel network,redox entropy tuning,gel_microstructure,solvation_entropy,2,2,4,2,4,2,4,1,0.7213475204444817,8,2,0.0,1,1,1,0,0,0,,2020-2022
2019,dynamic crosslinked gel network,soft mixed ionic-electronic coupling,gel_microstructure,transport_mechanism,4,2,3,2,3,2,3,0,0.0,6,4,0.027536626332874903,1,1,1,0,0,0,,2020-2022
2019,ferri/ferrocyanide redox chemistry,imidazolium ionic-liquid phase transition electrolyte,redox_chemistry,material_system,2,7,5,7,5,7,5,2,1.1237771248263264,35,2,0.0,1,27,1,0,0,0,,2020-2022
2019,ferri/ferrocyanide redox chemistry,iodide/triiodide redox chemistry,redox_chemistry,redox_chemistry,3,7,1,7,1,7,1,0,0.0,7,3,0.28951341109664824,0,27,1,0,0,0,,2020-2022
2019,ferri/ferrocyanide redox chemistry,ion-selectivity membrane transport,redox_chemistry,transport_mechanism,2,7,9,7,9,7,9,1,0.40242960438184466,63,2,0.0,1,27,1,0,0,0,,2020-2022
2019,ferri/ferrocyanide redox chemistry,moisture-gradient ion transport,redox_chemistry,transport_mechanism,2,7,6,7,6,7,6,1,0.40242960438184466,42,2,0.006507607633873956,1,27,1,0,0,0,,2020-2022
2019,ferri/ferrocyanide redox chemistry,organic redox molecular design,redox_chemistry,redox_chemistry,2,7,4,7,4,7,4,1,0.7213475204444817,28,2,0.08536274723575075,0,27,1,0,0,0,,2020-2022
2019,ferri/ferrocyanide redox chemistry,phase-transition entropy amplification,redox_chemistry,phase_or_species_transition,2,7,5,7,5,7,5,2,1.845124645270808,35,2,0.0,1,27,1,0,0,0,,2020-2022
2019,ferri/ferrocyanide redox chemistry,quasi-solid granular electrolyte matrix,redox_chemistry,material_system,2,7,2,7,2,7,2,1,0.40242960438184466,14,2,0.0,1,27,1,0,0,0,,2020-2022
2019,ferri/ferrocyanide redox chemistry,soft mixed ionic-electronic coupling,redox_chemistry,transport_mechanism,2,7,3,7,3,7,3,1,0.40242960438184466,21,2,0.0,1,27,1,0,0,0,,2020-2022
2019,imidazolium ionic-liquid phase transition electrolyte,iodide/triiodide redox chemistry,material_system,redox_chemistry,3,5,1,5,1,5,1,0,0.0,5,3,0.004402894898417676,1,6,1,0,0,0,,2020-2022
2019,imidazolium ionic-liquid phase transition electrolyte,ion-pair complexation control,material_system,solvation_entropy,2,5,4,5,4,5,4,1,0.40242960438184466,20,2,0.06496897382206236,1,6,1,0,0,0,,2020-2022
2019,imidazolium ionic-liquid phase transition electrolyte,ion-selectivity membrane transport,material_system,transport_mechanism,2,5,9,5,9,5,9,1,0.40242960438184466,45,2,0.10097002615341132,1,6,1,0,0,0,,2020-2022
2019,imidazolium ionic-liquid phase transition electrolyte,moisture-gradient ion transport,material_system,transport_mechanism,2,5,6,5,6,5,6,2,1.0237645389414565,30,2,0.08140318163850235,1,6,1,0,0,0,,2020-2022
2019,imidazolium ionic-liquid phase transition electrolyte,quasi-solid granular electrolyte matrix,material_system,material_system,2,5,2,5,2,5,2,1,0.40242960438184466,10,2,0.19990276251215894,0,6,1,0,0,0,,2020-2022
2019,imidazolium ionic-liquid phase transition electrolyte,soft mixed ionic-electronic coupling,material_system,transport_mechanism,2,5,3,5,3,5,3,1,0.40242960438184466,15,2,0.1747122086234514,1,6,1,0,0,0,,2020-2022
2019,iodide/triiodide redox chemistry,ion-pair complexation control,redox_chemistry,solvation_entropy,3,1,4,1,4,1,4,0,0.0,4,3,0.005561240074739005,1,10,1,0,0,0,,2020-2022
2019,iodide/triiodide redox chemistry,moisture-gradient ion transport,redox_chemistry,transport_mechanism,2,1,6,1,6,1,6,1,0.45511961331341866,6,2,0.01173878718171374,1,10,1,0,0,0,,2020-2022
2019,iodide/triiodide redox chemistry,organic redox molecular design,redox_chemistry,redox_chemistry,3,1,4,1,4,1,4,0,0.0,4,3,0.07262789438221114,0,10,1,0,0,1,"Thermoelectric textiles with nanostructured copper iodide films on cotton and polyester fabrics, stabilized and reinforced with nanocellulose",2020-2022
2019,iodide/triiodide redox chemistry,phase-transition entropy amplification,redox_chemistry,phase_or_species_transition,3,1,5,1,5,1,5,0,0.0,5,3,0.0,1,10,1,0,0,0,,2020-2022
2019,iodide/triiodide redox chemistry,quasi-solid granular electrolyte matrix,redox_chemistry,material_system,2,1,2,1,2,1,2,1,0.45511961331341866,2,2,0.009805936456963683,1,10,1,0,0,0,,2020-2022
2019,iodide/triiodide redox chemistry,redox entropy tuning,redox_chemistry,solvation_entropy,4,1,4,1,4,1,4,0,0.0,4,4,0.09452719441132569,1,10,1,0,0,0,,2020-2022
2019,iodide/triiodide redox chemistry,soft mixed ionic-electronic coupling,redox_chemistry,transport_mechanism,3,1,3,1,3,1,3,0,0.0,3,3,0.005089951019303601,1,10,1,0,0,0,,2020-2022
2019,ion-pair complexation control,ion-selectivity membrane transport,solvation_entropy,transport_mechanism,2,4,9,4,9,4,9,1,0.40242960438184466,36,2,0.05265503021367129,1,9,1,0,0,0,,2020-2022
2019,ion-pair complexation control,moisture-gradient ion transport,solvation_entropy,transport_mechanism,2,4,6,4,6,4,6,1,0.40242960438184466,24,2,0.03222561530497828,1,9,1,0,0,0,,2020-2022
2019,ion-pair complexation control,organic redox molecular design,solvation_entropy,redox_chemistry,3,4,4,4,4,4,4,0,0.0,16,3,0.0,1,9,1,0,0,0,,2020-2022
2019,ion-pair complexation control,phase-transition entropy amplification,solvation_entropy,phase_or_species_transition,2,4,5,4,5,4,5,1,0.40242960438184466,20,2,0.1254401502165045,1,9,1,0,0,1,Unprecedented pressure-driven metallization and topological charge transport in an anion radical salt,2020-2022
2019,ion-pair complexation control,quasi-solid granular electrolyte matrix,solvation_entropy,material_system,2,4,2,4,2,4,2,1,0.40242960438184466,8,2,0.018818415532372974,1,9,1,0,0,0,,2020-2022
2019,ion-pair complexation control,redox entropy tuning,solvation_entropy,solvation_entropy,2,4,4,4,4,4,4,1,0.5138983423697507,16,2,0.034690672767982364,0,9,1,0,0,0,,2020-2022
2019,ion-pair complexation control,soft mixed ionic-electronic coupling,solvation_entropy,transport_mechanism,2,4,3,4,3,4,3,1,0.40242960438184466,12,2,0.04644585838430367,1,9,1,0,0,0,,2020-2022
2019,ion-selectivity membrane transport,organic redox molecular design,transport_mechanism,redox_chemistry,2,9,4,9,4,9,4,1,0.7213475204444817,36,2,0.005593595322068123,1,21,1,0,0,0,,2020-2022
2019,ion-selectivity membrane transport,phase-transition entropy amplification,transport_mechanism,phase_or_species_transition,2,9,5,9,5,9,5,2,0.9605402309330919,45,2,0.04758973243342525,1,21,1,0,0,0,,2020-2022
2019,ion-selectivity membrane transport,redox entropy tuning,transport_mechanism,solvation_entropy,3,9,4,9,4,9,4,0,0.0,36,3,0.0,1,21,1,0,0,0,,2020-2022
2019,ion-selectivity membrane transport,soft mixed ionic-electronic coupling,transport_mechanism,transport_mechanism,2,9,3,9,3,9,3,3,1.6818877513775736,27,2,0.046293923443494034,0,21,1,0,0,0,,2020-2022
2019,moisture-gradient ion transport,organic redox molecular design,transport_mechanism,redox_chemistry,2,6,4,6,4,6,4,1,0.7213475204444817,24,2,0.013214777446334326,1,18,1,0,0,0,,2020-2022
2019,moisture-gradient ion transport,quasi-solid granular electrolyte matrix,transport_mechanism,material_system,2,6,2,6,2,6,2,2,0.8575492176952633,12,2,0.016211522082545875,1,18,1,0,0,0,,2020-2022
2019,moisture-gradient ion transport,redox entropy tuning,transport_mechanism,solvation_entropy,3,6,4,6,4,6,4,0,0.0,24,3,0.014004211352498602,1,18,1,0,0,0,,2020-2022
2019,organic redox molecular design,phase-transition entropy amplification,redox_chemistry,phase_or_species_transition,2,4,5,4,5,4,5,2,1.3426824550040934,20,2,0.0,1,7,1,0,0,0,,2020-2022
2019,organic redox molecular design,quasi-solid granular electrolyte matrix,redox_chemistry,material_system,3,4,2,4,2,4,2,0,0.0,8,3,0.07770961636105941,1,7,1,0,0,0,,2020-2022
2019,organic redox molecular design,soft mixed ionic-electronic coupling,redox_chemistry,transport_mechanism,3,4,3,4,3,4,3,0,0.0,12,3,0.04511493454407063,1,7,1,0,0,0,,2020-2022
2019,phase-transition entropy amplification,quasi-solid granular electrolyte matrix,phase_or_species_transition,material_system,2,5,2,5,2,5,2,1,0.40242960438184466,10,2,0.008435296741770095,1,17,1,0,0,1,"Enhancement of Diffusion, Densification and Solid-State Reactions in Dielectric Materials Due to Interfacial Interaction of Microwave Radiation: Theory and Experiment",2020-2022
2019,phase-transition entropy amplification,redox entropy tuning,phase_or_species_transition,solvation_entropy,2,5,4,5,4,5,4,1,0.6213349345596119,20,2,0.25553385073197377,1,17,1,0,0,1,Large barocaloric effects in thermoelectric superionic materials,2020-2022
2019,phase-transition entropy amplification,soft mixed ionic-electronic coupling,phase_or_species_transition,transport_mechanism,2,5,3,5,3,5,3,2,0.9605402309330919,15,2,0.020624313612647813,1,17,1,0,0,0,,2020-2022
2019,quasi-solid granular electrolyte matrix,redox entropy tuning,material_system,solvation_entropy,3,2,4,2,4,2,4,0,0.0,8,3,0.0054869860712094985,1,21,1,0,0,0,,2020-2022
2019,quasi-solid granular electrolyte matrix,soft mixed ionic-electronic coupling,material_system,transport_mechanism,2,2,3,2,3,2,3,1,0.40242960438184466,6,2,0.06278505872071963,1,21,1,0,0,0,,2020-2022
2019,redox entropy tuning,soft mixed ionic-electronic coupling,solvation_entropy,transport_mechanism,3,4,3,4,3,4,3,0,0.0,12,3,0.03851381388883112,1,6,1,0,0,0,,2020-2022
2020,Fe2+/Fe3+ solvation redox chemistry,anti-freezing organohydrogel design,redox_chemistry,gel_microstructure,3,6,3,6,3,6,3,0,0.0,18,3,0.0,1,28,1,0,0,1,Liquid thermoelectric conversion devices composed of several organic solvents,2021-2023
2020,Fe2+/Fe3+ solvation redox chemistry,carbon-electrode redox interface,redox_chemistry,electrode_interface,3,6,2,6,2,6,2,0,0.0,12,3,0.07118208178154584,1,28,1,0,0,0,,2021-2023
2020,Fe2+/Fe3+ solvation redox chemistry,cation/anion thermodiffusion asymmetry,redox_chemistry,transport_mechanism,2,6,2,6,2,6,2,2,0.9037695876210308,12,2,0.07683549262312316,1,28,1,0,0,1,Flexible hydrogel with a coupling enhanced thermoelectric effect for low-grade heat harvest,2021-2023
2020,Fe2+/Fe3+ solvation redox chemistry,cellulose nanofiber scaffold,redox_chemistry,gel_microstructure,2,6,6,6,6,6,6,1,0.3898712452512801,36,2,0.0,1,28,1,0,0,1,Flexible hydrogel with a coupling enhanced thermoelectric effect for low-grade heat harvest,2021-2023
2020,Fe2+/Fe3+ solvation redox chemistry,chaotropic polymer-water disruption,redox_chemistry,gel_microstructure,2,6,4,6,4,6,4,1,0.5138983423697507,24,2,0.03341388257843825,1,28,1,0,0,0,,2021-2023
2020,Fe2+/Fe3+ solvation redox chemistry,convection-resolved resistance decomposition,redox_chemistry,transport_mechanism,2,6,2,6,2,6,2,1,0.5138983423697507,12,2,0.07398197414006888,1,28,1,0,0,1,Resistance components in organic electrolytes containing Fe2+/Fe3+ for liquid thermoelectric conversion devices,2021-2023
2020,Fe2+/Fe3+ solvation redox chemistry,deep-eutectic eutogel electrolyte,redox_chemistry,material_system,3,6,2,6,2,6,2,0,0.0,12,3,0.0,1,28,1,0,0,0,,2021-2023
2020,Fe2+/Fe3+ solvation redox chemistry,dynamic crosslinked gel network,redox_chemistry,gel_microstructure,3,6,2,6,2,6,2,0,0.0,12,3,0.0,1,28,1,0,0,1,Flexible hydrogel with a coupling enhanced thermoelectric effect for low-grade heat harvest,2021-2023
2020,Fe2+/Fe3+ solvation redox chemistry,high-entropy redox/ion coupling,redox_chemistry,solvation_entropy,12,6,0,6,0,6,0,0,0.0,0,12,0.06668796613214353,1,28,1,0,0,0,,2021-2023
2020,Fe2+/Fe3+ solvation redox chemistry,imidazolium ionic-liquid phase transition electrolyte,redox_chemistry,material_system,2,6,5,6,5,6,5,1,0.3898712452512801,30,2,0.026978465784382264,1,28,1,0,0,0,,2021-2023
2020,Fe2+/Fe3+ solvation redox chemistry,iodide/triiodide redox chemistry,redox_chemistry,redox_chemistry,3,6,4,6,4,6,4,0,0.0,24,3,0.27748773402254184,0,28,1,0,0,0,,2021-2023
2020,Fe2+/Fe3+ solvation redox chemistry,ion-selectivity membrane transport,redox_chemistry,transport_mechanism,2,6,10,6,10,6,10,1,0.3898712452512801,60,2,0.0033165735738771417,1,28,1,0,0,0,,2021-2023
2020,Fe2+/Fe3+ solvation redox chemistry,moisture-gradient ion transport,redox_chemistry,transport_mechanism,2,6,7,6,7,6,7,2,0.9037695876210308,42,2,0.01869758590161193,1,28,1,0,0,0,,2021-2023
2020,Fe2+/Fe3+ solvation redox chemistry,nanochannel-confined ion transport,redox_chemistry,transport_mechanism,2,6,3,6,3,6,3,1,0.3898712452512801,18,2,0.011333402402917863,1,28,1,0,0,0,,2021-2023
2020,Fe2+/Fe3+ solvation redox chemistry,organic redox molecular design,redox_chemistry,redox_chemistry,3,6,4,6,4,6,4,0,0.0,24,3,0.07900933679665985,0,28,1,0,0,0,,2021-2023
2020,Fe2+/Fe3+ solvation redox chemistry,phase-transition entropy amplification,redox_chemistry,phase_or_species_transition,2,6,7,6,7,6,7,2,1.1112187656957617,42,2,0.08025225814899067,1,28,1,0,0,0,,2021-2023
2020,Fe2+/Fe3+ solvation redox chemistry,quasi-solid granular electrolyte matrix,redox_chemistry,material_system,2,6,4,6,4,6,4,1,0.3898712452512801,24,2,0.009305783371105159,1,28,1,0,0,0,,2021-2023
2020,Fe2+/Fe3+ solvation redox chemistry,redox entropy tuning,redox_chemistry,solvation_entropy,2,6,6,6,6,6,6,1,0.5138983423697507,36,2,0.10624296620522193,1,28,1,0,0,0,,2021-2023
2020,Fe2+/Fe3+ solvation redox chemistry,soft mixed ionic-electronic coupling,redox_chemistry,transport_mechanism,2,6,3,6,3,6,3,1,0.3898712452512801,18,2,0.01519027510271727,1,28,1,0,0,0,,2021-2023
2020,anti-freezing organohydrogel design,carbon-electrode redox interface,gel_microstructure,electrode_interface,4,3,2,3,2,3,2,0,0.0,6,4,0.0,1,14,1,0,0,0,,2021-2023
2020,anti-freezing organohydrogel design,cation/anion thermodiffusion asymmetry,gel_microstructure,transport_mechanism,4,3,2,3,2,3,2,0,0.0,6,4,0.0,1,14,1,0,0,0,,2021-2023
2020,anti-freezing organohydrogel design,cellulose nanofiber scaffold,gel_microstructure,gel_microstructure,4,3,6,3,6,3,6,0,0.0,18,4,0.008736174493726049,0,14,1,0,0,0,,2021-2023
2020,anti-freezing organohydrogel design,charge-transfer resistance engineering,gel_microstructure,electrode_interface,3,3,4,3,4,3,4,0,0.0,12,3,0.02383061521678631,1,14,1,0,0,0,,2021-2023
2020,anti-freezing organohydrogel design,convection-resolved resistance decomposition,gel_microstructure,transport_mechanism,4,3,2,3,2,3,2,0,0.0,6,4,0.012155335172622302,1,14,1,0,0,0,,2021-2023
2020,anti-freezing organohydrogel design,deep-eutectic eutogel electrolyte,gel_microstructure,material_system,4,3,2,3,2,3,2,0,0.0,6,4,0.06457738924713666,1,14,1,0,0,1,Quasi-solid conductive gels with high thermoelectric properties and high mechanical stretchability consisting of a low cost and green deep eutectic solvent,2021-2023
2020,anti-freezing organohydrogel design,ferri/ferrocyanide redox chemistry,gel_microstructure,redox_chemistry,2,3,7,3,7,3,7,1,0.7213475204444817,21,2,0.0,1,14,1,0,0,0,,2021-2023
2020,anti-freezing organohydrogel design,imidazolium ionic-liquid phase transition electrolyte,gel_microstructure,material_system,3,3,5,3,5,3,5,0,0.0,15,3,0.0,1,14,1,0,0,0,,2021-2023
2020,anti-freezing organohydrogel design,iodide/triiodide redox chemistry,gel_microstructure,redox_chemistry,4,3,4,3,4,3,4,0,0.0,12,4,0.0,1,14,1,0,0,0,,2021-2023
2020,anti-freezing organohydrogel design,ion-pair complexation control,gel_microstructure,solvation_entropy,2,3,5,3,5,3,5,1,0.5581106265512472,15,2,0.0,1,14,1,0,0,1,Liquid thermoelectric conversion devices composed of several organic solvents,2021-2023
2020,anti-freezing organohydrogel design,ion-selectivity membrane transport,gel_microstructure,transport_mechanism,4,3,10,3,10,3,10,0,0.0,30,4,0.0,1,14,1,0,0,1,Size-Selective Ionic Crosslinking Provides Stretchable Mixed Ionic-Electronic Conductors,2021-2023
2020,anti-freezing organohydrogel design,moisture-gradient ion transport,gel_microstructure,transport_mechanism,3,3,7,3,7,3,7,0,0.0,21,3,0.0,1,14,1,0,0,1,Quasi-solid conductive gels with high thermoelectric properties and high mechanical stretchability consisting of a low cost and green deep eutectic solvent,2021-2023
2020,anti-freezing organohydrogel design,nanochannel-confined ion transport,gel_microstructure,transport_mechanism,4,3,3,3,3,3,3,0,0.0,9,4,0.008537986047005702,1,14,1,0,0,0,,2021-2023
2020,anti-freezing organohydrogel design,organic redox molecular design,gel_microstructure,redox_chemistry,2,3,4,3,4,3,4,1,0.5581106265512472,12,2,0.28203264369813696,1,14,1,0,0,0,,2021-2023
2020,anti-freezing organohydrogel design,phase-transition entropy amplification,gel_microstructure,phase_or_species_transition,2,3,7,3,7,3,7,1,0.5581106265512472,21,2,0.0,1,14,1,0,0,1,Anti-freezing hydrogel thermocells with confined microcrystallization for enhanced low-grade heat harvest,2021-2023
2020,anti-freezing organohydrogel design,quasi-solid granular electrolyte matrix,gel_microstructure,material_system,3,3,4,3,4,3,4,0,0.0,12,3,0.0,1,14,1,0,0,0,,2021-2023
2020,anti-freezing organohydrogel design,redox entropy tuning,gel_microstructure,solvation_entropy,2,3,6,3,6,3,6,2,1.279458146995729,18,2,0.029207094945711304,1,14,1,0,0,0,,2021-2023
2020,anti-freezing organohydrogel design,soft mixed ionic-electronic coupling,gel_microstructure,transport_mechanism,4,3,3,3,3,3,3,0,0.0,9,4,0.018555140379524913,1,14,1,0,0,1,Size-Selective Ionic Crosslinking Provides Stretchable Mixed Ionic-Electronic Conductors,2021-2023
2020,carbon-electrode redox interface,cation/anion thermodiffusion asymmetry,electrode_interface,transport_mechanism,3,2,2,2,2,2,2,0,0.0,4,3,0.010247409363683315,1,8,1,0,0,0,,2021-2023
2020,carbon-electrode redox interface,cellulose nanofiber scaffold,electrode_interface,gel_microstructure,3,2,6,2,6,2,6,0,0.0,12,3,0.0,1,8,1,0,0,0,,2021-2023
2020,carbon-electrode redox interface,chaotropic polymer-water disruption,electrode_interface,gel_microstructure,3,2,4,2,4,2,4,0,0.0,8,3,0.014406661347977447,1,8,1,0,0,0,,2021-2023
2020,carbon-electrode redox interface,charge-transfer resistance engineering,electrode_interface,electrode_interface,3,2,4,2,4,2,4,0,0.0,8,3,0.012760091480504014,0,8,1,0,0,0,,2021-2023
2020,carbon-electrode redox interface,deep-eutectic eutogel electrolyte,electrode_interface,material_system,4,2,2,2,2,2,2,0,0.0,4,4,0.08026484697368141,1,8,1,0,0,0,,2021-2023
2020,carbon-electrode redox interface,dynamic crosslinked gel network,electrode_interface,gel_microstructure,4,2,2,2,2,2,2,0,0.0,4,4,0.0,1,8,1,0,0,0,,2021-2023
2020,carbon-electrode redox interface,ferri/ferrocyanide redox chemistry,electrode_interface,redox_chemistry,3,2,7,2,7,2,7,0,0.0,14,3,0.07367613925781749,1,8,1,0,0,0,,2021-2023
2020,carbon-electrode redox interface,iodide/triiodide redox chemistry,electrode_interface,redox_chemistry,4,2,4,2,4,2,4,0,0.0,8,4,0.07116819842421433,1,8,1,0,0,0,,2021-2023
2020,carbon-electrode redox interface,ion-pair complexation control,electrode_interface,solvation_entropy,3,2,5,2,5,2,5,0,0.0,10,3,0.012961353848938421,1,8,1,0,0,0,,2021-2023
2020,carbon-electrode redox interface,ion-selectivity membrane transport,electrode_interface,transport_mechanism,3,2,10,2,10,2,10,0,0.0,20,3,0.04362807607687317,1,8,1,0,0,0,,2021-2023
2020,carbon-electrode redox interface,moisture-gradient ion transport,electrode_interface,transport_mechanism,3,2,7,2,7,2,7,0,0.0,14,3,0.0,1,8,1,0,0,0,,2021-2023
2020,carbon-electrode redox interface,nanochannel-confined ion transport,electrode_interface,transport_mechanism,3,2,3,2,3,2,3,0,0.0,6,3,0.0,1,8,1,0,0,0,,2021-2023
2020,carbon-electrode redox interface,organic redox molecular design,electrode_interface,redox_chemistry,2,2,4,2,4,2,4,1,0.6213349345596119,8,2,0.08281264500577976,1,8,1,0,0,0,,2021-2023
2020,carbon-electrode redox interface,phase-transition entropy amplification,electrode_interface,phase_or_species_transition,2,2,7,2,7,2,7,1,0.6213349345596119,14,2,0.0037752396579339605,1,8,1,0,0,0,,2021-2023
2020,carbon-electrode redox interface,quasi-solid granular electrolyte matrix,electrode_interface,material_system,3,2,4,2,4,2,4,0,0.0,8,3,0.06983420706965832,1,8,1,0,0,0,,2021-2023
2020,carbon-electrode redox interface,redox entropy tuning,electrode_interface,solvation_entropy,2,2,6,2,6,2,6,1,0.6213349345596119,12,2,0.10898986675701064,1,8,1,0,0,0,,2021-2023
2020,carbon-electrode redox interface,soft mixed ionic-electronic coupling,electrode_interface,transport_mechanism,3,2,3,2,3,2,3,0,0.0,6,3,0.10815605642662138,1,8,1,0,0,0,,2021-2023
2020,cation/anion thermodiffusion asymmetry,cellulose nanofiber scaffold,transport_mechanism,gel_microstructure,2,2,6,2,6,2,6,1,0.3898712452512801,12,2,0.0,1,5,1,0,0,1,Super-stretching and high-performance ionic thermoelectric hydrogels based on carboxylated bacterial cellulose coordination for self-powered sensors,2021-2023
2020,cation/anion thermodiffusion asymmetry,chaotropic polymer-water disruption,transport_mechanism,gel_microstructure,3,2,4,2,4,2,4,0,0.0,8,3,0.02806782381814386,1,5,1,0,0,1,Super-stretching and high-performance ionic thermoelectric hydrogels based on carboxylated bacterial cellulose coordination for self-powered sensors,2021-2023
2020,cation/anion thermodiffusion asymmetry,charge-transfer resistance engineering,transport_mechanism,electrode_interface,3,2,4,2,4,2,4,0,0.0,8,3,0.0,1,5,1,0,0,0,,2021-2023
2020,cation/anion thermodiffusion asymmetry,convection-resolved resistance decomposition,transport_mechanism,transport_mechanism,2,2,2,2,2,2,2,1,0.5138983423697507,4,2,0.03989155441879701,0,5,1,0,0,0,,2021-2023
2020,cation/anion thermodiffusion asymmetry,deep-eutectic eutogel electrolyte,transport_mechanism,material_system,3,2,2,2,2,2,2,0,0.0,4,3,0.0,1,5,1,0,0,0,,2021-2023
2020,cation/anion thermodiffusion asymmetry,dynamic crosslinked gel network,transport_mechanism,gel_microstructure,4,2,2,2,2,2,2,0,0.0,4,4,0.0,1,5,1,0,0,1,Super-stretching and high-performance ionic thermoelectric hydrogels based on carboxylated bacterial cellulose coordination for self-powered sensors,2021-2023
2020,cation/anion thermodiffusion asymmetry,ferri/ferrocyanide redox chemistry,transport_mechanism,redox_chemistry,2,2,7,2,7,2,7,2,0.9037695876210308,14,2,0.027815791911672386,1,5,1,0,0,1,Flexible hydrogel with a coupling enhanced thermoelectric effect for low-grade heat harvest,2021-2023
2020,cation/anion thermodiffusion asymmetry,imidazolium ionic-liquid phase transition electrolyte,transport_mechanism,material_system,2,2,5,2,5,2,5,1,0.3898712452512801,10,2,0.03220529572686371,1,5,1,0,0,0,,2021-2023
2020,cation/anion thermodiffusion asymmetry,iodide/triiodide redox chemistry,transport_mechanism,redox_chemistry,3,2,4,2,4,2,4,0,0.0,8,3,0.03775003288521843,1,5,1,0,0,0,,2021-2023
2020,cation/anion thermodiffusion asymmetry,ion-pair complexation control,transport_mechanism,solvation_entropy,2,2,5,2,5,2,5,1,0.3898712452512801,10,2,0.06353493001496538,1,5,1,0,0,1,Super-stretching and high-performance ionic thermoelectric hydrogels based on carboxylated bacterial cellulose coordination for self-powered sensors,2021-2023
2020,cation/anion thermodiffusion asymmetry,ion-selectivity membrane transport,transport_mechanism,transport_mechanism,2,2,10,2,10,2,10,1,0.3898712452512801,20,2,0.008110914597360089,0,5,1,0,0,0,,2021-2023
2020,cation/anion thermodiffusion asymmetry,moisture-gradient ion transport,transport_mechanism,transport_mechanism,2,2,7,2,7,2,7,2,0.9037695876210308,14,2,0.022423496351598918,0,5,1,0,0,1,Ionic transport properties and their empirical correlations for thermal-to-electrical energy conversion,2021-2023
2020,cation/anion thermodiffusion asymmetry,nanochannel-confined ion transport,transport_mechanism,transport_mechanism,2,2,3,2,3,2,3,1,0.3898712452512801,6,2,0.021166844643424835,0,5,1,0,0,0,,2021-2023
2020,cation/anion thermodiffusion asymmetry,organic redox molecular design,transport_mechanism,redox_chemistry,3,2,4,2,4,2,4,0,0.0,8,3,0.00934832676453006,1,5,1,0,0,1,Super-stretching and high-performance ionic thermoelectric hydrogels based on carboxylated bacterial cellulose coordination for self-powered sensors,2021-2023
2020,cation/anion thermodiffusion asymmetry,phase-transition entropy amplification,transport_mechanism,phase_or_species_transition,2,2,7,2,7,2,7,1,0.3898712452512801,14,2,0.10709469736188403,1,5,1,0,0,0,,2021-2023
2020,cation/anion thermodiffusion asymmetry,quasi-solid granular electrolyte matrix,transport_mechanism,material_system,2,2,4,2,4,2,4,1,0.3898712452512801,8,2,0.0,1,5,1,0,0,0,,2021-2023
2020,cation/anion thermodiffusion asymmetry,redox entropy tuning,transport_mechanism,solvation_entropy,3,2,6,2,6,2,6,0,0.0,12,3,0.0,1,5,1,0,0,1,Ionic thermoelectric materials for near ambient temperature energy harvesting,2021-2023
2020,cation/anion thermodiffusion asymmetry,soft mixed ionic-electronic coupling,transport_mechanism,transport_mechanism,2,2,3,2,3,2,3,1,0.3898712452512801,6,2,0.007998743810949666,0,5,1,0,0,0,,2021-2023
2020,cellulose nanofiber scaffold,chaotropic polymer-water disruption,gel_microstructure,gel_microstructure,3,6,4,6,4,6,4,0,0.0,24,3,0.00868437309818609,0,4,1,0,0,1,Super-stretching and high-performance ionic thermoelectric hydrogels based on carboxylated bacterial cellulose coordination for self-powered sensors,2021-2023
2020,cellulose nanofiber scaffold,charge-transfer resistance engineering,gel_microstructure,electrode_interface,3,6,4,6,4,6,4,0,0.0,24,3,0.008603453996465718,1,4,1,0,0,0,,2021-2023
2020,cellulose nanofiber scaffold,convection-resolved resistance decomposition,gel_microstructure,transport_mechanism,3,6,2,6,2,6,2,0,0.0,12,3,0.0,1,4,1,0,0,0,,2021-2023
2020,cellulose nanofiber scaffold,deep-eutectic eutogel electrolyte,gel_microstructure,material_system,2,6,2,6,2,6,2,1,0.43429448190325176,12,2,0.0,1,4,1,0,0,0,,2021-2023
2020,cellulose nanofiber scaffold,dynamic crosslinked gel network,gel_microstructure,gel_microstructure,4,6,2,6,2,6,2,0,0.0,12,4,0.0,0,4,1,0,0,1,Super-stretching and high-performance ionic thermoelectric hydrogels based on carboxylated bacterial cellulose coordination for self-powered sensors,2021-2023
2020,cellulose nanofiber scaffold,ferri/ferrocyanide redox chemistry,gel_microstructure,redox_chemistry,2,6,7,6,7,6,7,1,0.3898712452512801,42,2,0.0,1,4,1,0,0,1,Flexible hydrogel with a coupling enhanced thermoelectric effect for low-grade heat harvest,2021-2023
2020,cellulose nanofiber scaffold,imidazolium ionic-liquid phase transition electrolyte,gel_microstructure,material_system,2,6,5,6,5,6,5,1,0.3898712452512801,30,2,0.009572715507373644,1,4,1,0,0,0,,2021-2023
2020,cellulose nanofiber scaffold,ion-pair complexation control,gel_microstructure,solvation_entropy,2,6,5,6,5,6,5,1,0.3898712452512801,30,2,0.0,1,4,1,0,0,1,Super-stretching and high-performance ionic thermoelectric hydrogels based on carboxylated bacterial cellulose coordination for self-powered sensors,2021-2023
2020,cellulose nanofiber scaffold,nanochannel-confined ion transport,gel_microstructure,transport_mechanism,2,6,3,6,3,6,3,2,0.8241657271545318,18,2,0.06634200384983743,1,4,1,0,0,1,Solar-driven ionic power generation via a film of nanocellulose @ conductive metal-organic framework,2021-2023
2020,cellulose nanofiber scaffold,organic redox molecular design,gel_microstructure,redox_chemistry,3,6,4,6,4,6,4,0,0.0,24,3,0.0,1,4,1,0,0,1,Super-stretching and high-performance ionic thermoelectric hydrogels based on carboxylated bacterial cellulose coordination for self-powered sensors,2021-2023
2020,cellulose nanofiber scaffold,phase-transition entropy amplification,gel_microstructure,phase_or_species_transition,2,6,7,6,7,6,7,2,0.9037695876210308,42,2,0.0,1,4,1,0,0,0,,2021-2023
2020,cellulose nanofiber scaffold,quasi-solid granular electrolyte matrix,gel_microstructure,material_system,2,6,4,6,4,6,4,2,0.8241657271545318,24,2,0.0,1,4,1,0,0,0,,2021-2023
2020,cellulose nanofiber scaffold,redox entropy tuning,gel_microstructure,solvation_entropy,3,6,6,6,6,6,6,0,0.0,36,3,0.0,1,4,1,0,0,0,,2021-2023
2020,chaotropic polymer-water disruption,charge-transfer resistance engineering,gel_microstructure,electrode_interface,2,4,4,4,4,4,4,1,0.5138983423697507,16,2,0.030776012886251553,1,3,1,0,0,0,,2021-2023
2020,chaotropic polymer-water disruption,convection-resolved resistance decomposition,gel_microstructure,transport_mechanism,3,4,2,4,2,4,2,0,0.0,8,3,0.03126337348914859,1,3,1,0,0,0,,2021-2023
2020,chaotropic polymer-water disruption,deep-eutectic eutogel electrolyte,gel_microstructure,material_system,4,4,2,4,2,4,2,0,0.0,8,4,0.016986946117351468,1,3,1,0,0,1,Direct ink writing of PEDOT eutectogels as substrate-free dry electrodes for electromyography,2021-2023
2020,chaotropic polymer-water disruption,imidazolium ionic-liquid phase transition electrolyte,gel_microstructure,material_system,2,4,5,4,5,4,5,1,0.5581106265512472,20,2,0.03210926963139558,1,3,1,0,0,0,,2021-2023
2020,chaotropic polymer-water disruption,iodide/triiodide redox chemistry,gel_microstructure,redox_chemistry,4,4,4,4,4,4,4,0,0.0,16,4,0.00584421540029616,1,3,1,0,0,0,,2021-2023
2020,chaotropic polymer-water disruption,ion-pair complexation control,gel_microstructure,solvation_entropy,2,4,5,4,5,4,5,1,0.5138983423697507,20,2,0.03354175169232808,1,3,1,0,0,1,Super-stretching and high-performance ionic thermoelectric hydrogels based on carboxylated bacterial cellulose coordination for self-powered sensors,2021-2023
2020,chaotropic polymer-water disruption,ion-selectivity membrane transport,gel_microstructure,transport_mechanism,3,4,10,4,10,4,10,0,0.0,40,3,0.002848952217928981,1,3,1,0,0,0,,2021-2023
2020,chaotropic polymer-water disruption,moisture-gradient ion transport,gel_microstructure,transport_mechanism,3,4,7,4,7,4,7,0,0.0,28,3,0.010313428129532282,1,3,1,0,0,1,Durable and stretchable nanocomposite ionogels with high thermoelectric property for low-grade heat harvesting,2021-2023
2020,chaotropic polymer-water disruption,nanochannel-confined ion transport,gel_microstructure,transport_mechanism,3,4,3,4,3,4,3,0,0.0,12,3,0.018222805507648723,1,3,1,0,0,0,,2021-2023
2020,chaotropic polymer-water disruption,organic redox molecular design,gel_microstructure,redox_chemistry,2,4,4,4,4,4,4,1,0.5581106265512472,16,2,0.007197182416067405,1,3,1,0,0,1,Super-stretching and high-performance ionic thermoelectric hydrogels based on carboxylated bacterial cellulose coordination for self-powered sensors,2021-2023
2020,chaotropic polymer-water disruption,phase-transition entropy amplification,gel_microstructure,phase_or_species_transition,2,4,7,4,7,4,7,1,0.5581106265512472,28,2,0.06531477115477113,1,3,1,0,0,0,,2021-2023
2020,chaotropic polymer-water disruption,quasi-solid granular electrolyte matrix,gel_microstructure,material_system,3,4,4,4,4,4,4,0,0.0,16,3,0.010017114595771832,1,3,1,0,0,0,,2021-2023
2020,chaotropic polymer-water disruption,soft mixed ionic-electronic coupling,gel_microstructure,transport_mechanism,3,4,3,4,3,4,3,0,0.0,12,3,0.012379526817397605,1,3,1,0,0,1,Direct ink writing of PEDOT eutectogels as substrate-free dry electrodes for electromyography,2021-2023
2020,charge-transfer resistance engineering,convection-resolved resistance decomposition,electrode_interface,transport_mechanism,3,4,2,4,2,4,2,0,0.0,8,3,0.22723106863510317,1,27,1,0,0,1,Resistance components in organic electrolytes containing Fe2+/Fe3+ for liquid thermoelectric conversion devices,2021-2023
2020,charge-transfer resistance engineering,deep-eutectic eutogel electrolyte,electrode_interface,material_system,4,4,2,4,2,4,2,0,0.0,8,4,0.0,1,27,1,0,0,0,,2021-2023
2020,charge-transfer resistance engineering,dynamic crosslinked gel network,electrode_interface,gel_microstructure,3,4,2,4,2,4,2,0,0.0,8,3,0.0,1,27,1,0,0,0,,2021-2023
2020,charge-transfer resistance engineering,imidazolium ionic-liquid phase transition electrolyte,electrode_interface,material_system,2,4,5,4,5,4,5,1,0.5138983423697507,20,2,0.02656889225701809,1,27,1,0,0,0,,2021-2023
2020,charge-transfer resistance engineering,iodide/triiodide redox chemistry,electrode_interface,redox_chemistry,4,4,4,4,4,4,4,0,0.0,16,4,0.014431948709593807,1,27,1,0,0,0,,2021-2023
2020,charge-transfer resistance engineering,ion-pair complexation control,electrode_interface,solvation_entropy,2,4,5,4,5,4,5,2,1.072008968920998,20,2,0.0,1,27,1,0,0,1,Unprecedented pressure-driven metallization and topological charge transport in an anion radical salt,2021-2023
2020,charge-transfer resistance engineering,ion-selectivity membrane transport,electrode_interface,transport_mechanism,3,4,10,4,10,4,10,0,0.0,40,3,0.03657554368468992,1,27,1,0,0,0,,2021-2023
2020,charge-transfer resistance engineering,moisture-gradient ion transport,electrode_interface,transport_mechanism,2,4,7,4,7,4,7,1,0.5138983423697507,28,2,0.039199382155815136,1,27,1,0,0,0,,2021-2023
2020,charge-transfer resistance engineering,nanochannel-confined ion transport,electrode_interface,transport_mechanism,3,4,3,4,3,4,3,0,0.0,12,3,0.050266103208345105,1,27,1,0,0,0,,2021-2023
2020,charge-transfer resistance engineering,organic redox molecular design,electrode_interface,redox_chemistry,3,4,4,4,4,4,4,0,0.0,16,3,0.012665491992874669,1,27,1,0,0,0,,2021-2023
2020,charge-transfer resistance engineering,quasi-solid granular electrolyte matrix,electrode_interface,material_system,2,4,4,4,4,4,4,1,0.5138983423697507,16,2,0.004474981690372412,1,27,1,0,0,0,,2021-2023
2020,charge-transfer resistance engineering,redox entropy tuning,electrode_interface,solvation_entropy,2,4,6,4,6,4,6,2,1.0277966847395015,24,2,0.04780848040860104,1,27,1,0,0,0,,2021-2023
2020,charge-transfer resistance engineering,soft mixed ionic-electronic coupling,electrode_interface,transport_mechanism,3,4,3,4,3,4,3,0,0.0,12,3,0.018273249551946508,1,27,1,0,0,0,,2021-2023
2020,convection-resolved resistance decomposition,deep-eutectic eutogel electrolyte,transport_mechanism,material_system,4,2,2,2,2,2,2,0,0.0,4,4,0.030880783156493466,1,8,1,0,0,0,,2021-2023
2020,convection-resolved resistance decomposition,dynamic crosslinked gel network,transport_mechanism,gel_microstructure,4,2,2,2,2,2,2,0,0.0,4,4,0.006540548138188975,1,8,1,0,0,0,,2021-2023
2020,convection-resolved resistance decomposition,ferri/ferrocyanide redox chemistry,transport_mechanism,redox_chemistry,2,2,7,2,7,2,7,1,0.5138983423697507,14,2,0.0081896968228574,1,8,1,0,0,0,,2021-2023
2020,convection-resolved resistance decomposition,imidazolium ionic-liquid phase transition electrolyte,transport_mechanism,material_system,2,2,5,2,5,2,5,1,1.4426950408889634,10,2,0.07508903096413351,1,8,1,0,0,0,,2021-2023
2020,convection-resolved resistance decomposition,iodide/triiodide redox chemistry,transport_mechanism,redox_chemistry,4,2,4,2,4,2,4,0,0.0,8,4,0.007910918981295966,1,8,1,0,0,0,,2021-2023
2020,convection-resolved resistance decomposition,ion-pair complexation control,transport_mechanism,solvation_entropy,3,2,5,2,5,2,5,0,0.0,10,3,0.12023015740286908,1,8,1,0,0,0,,2021-2023
2020,convection-resolved resistance decomposition,ion-selectivity membrane transport,transport_mechanism,transport_mechanism,3,2,10,2,10,2,10,0,0.0,20,3,0.03930615915418874,0,8,1,0,0,0,,2021-2023
2020,convection-resolved resistance decomposition,moisture-gradient ion transport,transport_mechanism,transport_mechanism,2,2,7,2,7,2,7,1,0.5138983423697507,14,2,0.017287513203486374,0,8,1,0,0,0,,2021-2023
2020,convection-resolved resistance decomposition,nanochannel-confined ion transport,transport_mechanism,transport_mechanism,3,2,3,2,3,2,3,0,0.0,6,3,0.02561068420389636,0,8,1,0,0,0,,2021-2023
2020,convection-resolved resistance decomposition,organic redox molecular design,transport_mechanism,redox_chemistry,3,2,4,2,4,2,4,0,0.0,8,3,0.019156024612575314,1,8,1,0,0,0,,2021-2023
2020,convection-resolved resistance decomposition,phase-transition entropy amplification,transport_mechanism,phase_or_species_transition,3,2,7,2,7,2,7,0,0.0,14,3,0.1102168981056203,1,8,1,0,0,0,,2021-2023
2020,convection-resolved resistance decomposition,quasi-solid granular electrolyte matrix,transport_mechanism,material_system,3,2,4,2,4,2,4,0,0.0,8,3,0.011345458124830277,1,8,1,0,0,0,,2021-2023
2020,convection-resolved resistance decomposition,redox entropy tuning,transport_mechanism,solvation_entropy,3,2,6,2,6,2,6,0,0.0,12,3,0.005421175689734743,1,8,1,0,0,0,,2021-2023
2020,convection-resolved resistance decomposition,soft mixed ionic-electronic coupling,transport_mechanism,transport_mechanism,3,2,3,2,3,2,3,0,0.0,6,3,0.022328523044194925,0,8,1,0,0,0,,2021-2023
2020,deep-eutectic eutogel electrolyte,ferri/ferrocyanide redox chemistry,material_system,redox_chemistry,3,2,7,2,7,2,7,0,0.0,14,3,0.0,1,6,1,0,0,0,,2021-2023
2020,deep-eutectic eutogel electrolyte,imidazolium ionic-liquid phase transition electrolyte,material_system,material_system,3,2,5,2,5,2,5,0,0.0,10,3,0.20055155568646119,0,6,1,0,0,0,,2021-2023
2020,deep-eutectic eutogel electrolyte,iodide/triiodide redox chemistry,material_system,redox_chemistry,2,2,4,2,4,2,4,2,1.0556294164628637,8,2,0.0,1,6,1,0,0,0,,2021-2023
2020,deep-eutectic eutogel electrolyte,ion-pair complexation control,material_system,solvation_entropy,3,2,5,2,5,2,5,0,0.0,10,3,0.020954180477736225,1,6,1,0,0,0,,2021-2023
2020,deep-eutectic eutogel electrolyte,moisture-gradient ion transport,material_system,transport_mechanism,2,2,7,2,7,2,7,2,1.0556294164628637,14,2,0.0,1,6,1,0,0,1,Quasi-solid conductive gels with high thermoelectric properties and high mechanical stretchability consisting of a low cost and green deep eutectic solvent,2021-2023
2020,deep-eutectic eutogel electrolyte,nanochannel-confined ion transport,material_system,transport_mechanism,2,2,3,2,3,2,3,1,0.43429448190325176,6,2,0.0,1,6,1,0,0,0,,2021-2023
2020,deep-eutectic eutogel electrolyte,organic redox molecular design,material_system,redox_chemistry,2,2,4,2,4,2,4,1,0.6213349345596119,8,2,0.022961040279379945,1,6,1,0,0,0,,2021-2023
2020,deep-eutectic eutogel electrolyte,phase-transition entropy amplification,material_system,phase_or_species_transition,3,2,7,2,7,2,7,0,0.0,14,3,0.003642597697520825,1,6,1,0,0,0,,2021-2023
2020,deep-eutectic eutogel electrolyte,quasi-solid granular electrolyte matrix,material_system,material_system,2,2,4,2,4,2,4,1,0.43429448190325176,8,2,0.2248493084245264,0,6,1,0,0,0,,2021-2023
2020,deep-eutectic eutogel electrolyte,redox entropy tuning,material_system,solvation_entropy,3,2,6,2,6,2,6,0,0.0,12,3,0.005860151591020224,1,6,1,0,0,0,,2021-2023
2020,deep-eutectic eutogel electrolyte,soft mixed ionic-electronic coupling,material_system,transport_mechanism,3,2,3,2,3,2,3,0,0.0,6,3,0.08279791475469224,1,6,1,0,0,1,Direct ink writing of PEDOT eutectogels as substrate-free dry electrodes for electromyography,2021-2023
2020,dynamic crosslinked gel network,ferri/ferrocyanide redox chemistry,gel_microstructure,redox_chemistry,2,2,7,2,7,2,7,1,0.7213475204444817,14,2,0.0,1,2,1,0,0,1,Flexible hydrogel with a coupling enhanced thermoelectric effect for low-grade heat harvest,2021-2023
2020,dynamic crosslinked gel network,imidazolium ionic-liquid phase transition electrolyte,gel_microstructure,material_system,3,2,5,2,5,2,5,0,0.0,10,3,0.0,1,2,1,0,0,0,,2021-2023
2020,dynamic crosslinked gel network,ion-pair complexation control,gel_microstructure,solvation_entropy,3,2,5,2,5,2,5,0,0.0,10,3,0.0,1,2,1,0,0,1,Super-stretching and high-performance ionic thermoelectric hydrogels based on carboxylated bacterial cellulose coordination for self-powered sensors,2021-2023
2020,dynamic crosslinked gel network,ion-selectivity membrane transport,gel_microstructure,transport_mechanism,4,2,10,2,10,2,10,0,0.0,20,4,0.0,1,2,1,0,0,1,High-Performance Ionic Thermoelectric Supercapacitor for Integrated Energy Conversion-Storage,2021-2023
2020,dynamic crosslinked gel network,moisture-gradient ion transport,gel_microstructure,transport_mechanism,4,2,7,2,7,2,7,0,0.0,14,4,0.0,1,2,1,0,0,0,,2021-2023
2020,dynamic crosslinked gel network,nanochannel-confined ion transport,gel_microstructure,transport_mechanism,4,2,3,2,3,2,3,0,0.0,6,4,0.007778126241074959,1,2,1,0,0,0,,2021-2023
2020,dynamic crosslinked gel network,organic redox molecular design,gel_microstructure,redox_chemistry,3,2,4,2,4,2,4,0,0.0,8,3,0.007791526287036372,1,2,1,0,0,1,Super-stretching and high-performance ionic thermoelectric hydrogels based on carboxylated bacterial cellulose coordination for self-powered sensors,2021-2023
2020,dynamic crosslinked gel network,phase-transition entropy amplification,gel_microstructure,phase_or_species_transition,3,2,7,2,7,2,7,0,0.0,14,3,0.0,1,2,1,0,0,1,Giant Thermopower of Hydrogen Ion Enhanced by a Strong Hydrogen Bond System,2021-2023
2020,dynamic crosslinked gel network,quasi-solid granular electrolyte matrix,gel_microstructure,material_system,4,2,4,2,4,2,4,0,0.0,8,4,0.0,1,2,1,0,0,0,,2021-2023
2020,dynamic crosslinked gel network,redox entropy tuning,gel_microstructure,solvation_entropy,2,2,6,2,6,2,6,1,0.7213475204444817,12,2,0.0,1,2,1,0,0,0,,2021-2023
2020,dynamic crosslinked gel network,soft mixed ionic-electronic coupling,gel_microstructure,transport_mechanism,4,2,3,2,3,2,3,0,0.0,6,4,0.023478372453444016,1,2,1,0,0,0,,2021-2023
2020,ferri/ferrocyanide redox chemistry,imidazolium ionic-liquid phase transition electrolyte,redox_chemistry,material_system,2,7,5,7,5,7,5,2,0.9479818718025272,35,2,0.0,1,28,1,0,0,0,,2021-2023
2020,ferri/ferrocyanide redox chemistry,iodide/triiodide redox chemistry,redox_chemistry,redox_chemistry,3,7,4,7,4,7,4,0,0.0,28,3,0.28994550531885743,0,28,1,0,0,0,,2021-2023
2020,ferri/ferrocyanide redox chemistry,ion-selectivity membrane transport,redox_chemistry,transport_mechanism,2,7,10,7,10,7,10,1,0.3898712452512801,70,2,0.0,1,28,1,0,0,0,,2021-2023
2020,ferri/ferrocyanide redox chemistry,moisture-gradient ion transport,redox_chemistry,transport_mechanism,2,7,7,7,7,7,7,2,0.9037695876210308,49,2,0.006047961068172439,1,28,1,0,0,0,,2021-2023
2020,ferri/ferrocyanide redox chemistry,nanochannel-confined ion transport,redox_chemistry,transport_mechanism,2,7,3,7,3,7,3,1,0.3898712452512801,21,2,0.0,1,28,1,0,0,0,,2021-2023
2020,ferri/ferrocyanide redox chemistry,organic redox molecular design,redox_chemistry,redox_chemistry,2,7,4,7,4,7,4,1,0.5581106265512472,28,2,0.08177764340137143,0,28,1,0,0,0,,2021-2023
2020,ferri/ferrocyanide redox chemistry,phase-transition entropy amplification,redox_chemistry,phase_or_species_transition,2,7,7,7,7,7,7,3,1.669329392247009,49,2,0.0,1,28,1,0,0,0,,2021-2023
2020,ferri/ferrocyanide redox chemistry,quasi-solid granular electrolyte matrix,redox_chemistry,material_system,2,7,4,7,4,7,4,1,0.3898712452512801,28,2,0.0,1,28,1,0,0,0,,2021-2023
2020,ferri/ferrocyanide redox chemistry,soft mixed ionic-electronic coupling,redox_chemistry,transport_mechanism,2,7,3,7,3,7,3,1,0.3898712452512801,21,2,0.0,1,28,1,0,0,0,,2021-2023
2020,high-entropy redox/ion coupling,phase-transition entropy amplification,solvation_entropy,phase_or_species_transition,12,0,7,0,7,0,7,0,0.0,0,12,0.16585462784953792,1,1,1,0,0,0,,2021-2023
2020,high-entropy redox/ion coupling,redox entropy tuning,solvation_entropy,solvation_entropy,12,0,6,0,6,0,6,0,0.0,0,12,0.3278000071614012,0,1,1,0,0,0,,2021-2023
2020,high-entropy redox/ion coupling,soft mixed ionic-electronic coupling,solvation_entropy,transport_mechanism,12,0,3,0,3,0,3,0,0.0,0,12,0.24054905226369863,1,1,1,0,0,0,,2021-2023
2020,imidazolium ionic-liquid phase transition electrolyte,iodide/triiodide redox chemistry,material_system,redox_chemistry,3,5,4,5,4,5,4,0,0.0,20,3,0.004094975936018824,1,7,1,0,0,0,,2021-2023
2020,imidazolium ionic-liquid phase transition electrolyte,ion-pair complexation control,material_system,solvation_entropy,2,5,5,5,5,5,5,1,0.3898712452512801,25,2,0.060012107035744375,1,7,1,0,0,0,,2021-2023
2020,imidazolium ionic-liquid phase transition electrolyte,ion-selectivity membrane transport,material_system,transport_mechanism,2,5,10,5,10,5,10,1,0.3898712452512801,50,2,0.09605889600186265,1,7,1,0,0,0,,2021-2023
2020,imidazolium ionic-liquid phase transition electrolyte,moisture-gradient ion transport,material_system,transport_mechanism,2,5,7,5,7,5,7,2,0.9037695876210308,35,2,0.07319986852312085,1,7,1,0,0,0,,2021-2023
2020,imidazolium ionic-liquid phase transition electrolyte,nanochannel-confined ion transport,material_system,transport_mechanism,2,5,3,5,3,5,3,1,0.3898712452512801,15,2,0.0690976206677752,1,7,1,0,0,0,,2021-2023
2020,imidazolium ionic-liquid phase transition electrolyte,quasi-solid granular electrolyte matrix,material_system,material_system,2,5,4,5,4,5,4,2,0.9037695876210308,20,2,0.20483972060114572,0,7,1,0,0,0,,2021-2023
2020,imidazolium ionic-liquid phase transition electrolyte,soft mixed ionic-electronic coupling,material_system,transport_mechanism,2,5,3,5,3,5,3,1,0.3898712452512801,15,2,0.18134319457530398,1,7,1,0,0,0,,2021-2023
2020,iodide/triiodide redox chemistry,ion-pair complexation control,redox_chemistry,solvation_entropy,3,4,5,4,5,4,5,0,0.0,20,3,0.005267882209962924,1,11,1,0,0,0,,2021-2023
2020,iodide/triiodide redox chemistry,moisture-gradient ion transport,redox_chemistry,transport_mechanism,2,4,7,4,7,4,7,3,1.613740043014111,28,2,0.011006111789348561,1,11,1,0,0,0,,2021-2023
2020,iodide/triiodide redox chemistry,nanochannel-confined ion transport,redox_chemistry,transport_mechanism,2,4,3,4,3,4,3,1,0.43429448190325176,12,2,0.004874622865670318,1,11,1,0,0,0,,2021-2023
2020,iodide/triiodide redox chemistry,organic redox molecular design,redox_chemistry,redox_chemistry,2,4,4,4,4,4,4,1,0.6213349345596119,16,2,0.06898170515467779,0,11,1,0,0,1,"Thermoelectric textiles with nanostructured copper iodide films on cotton and polyester fabrics, stabilized and reinforced with nanocellulose",2021-2023
2020,iodide/triiodide redox chemistry,phase-transition entropy amplification,redox_chemistry,phase_or_species_transition,3,4,7,4,7,4,7,0,0.0,28,3,0.0,1,11,1,0,0,0,,2021-2023
2020,iodide/triiodide redox chemistry,quasi-solid granular electrolyte matrix,redox_chemistry,material_system,2,4,4,4,4,4,4,1,0.43429448190325176,16,2,0.009885448547089112,1,11,1,0,0,0,,2021-2023
2020,iodide/triiodide redox chemistry,redox entropy tuning,redox_chemistry,solvation_entropy,3,4,6,4,6,4,6,0,0.0,24,3,0.0927589227636302,1,11,1,0,0,0,,2021-2023
2020,iodide/triiodide redox chemistry,soft mixed ionic-electronic coupling,redox_chemistry,transport_mechanism,2,4,3,4,3,4,3,1,0.5581106265512472,12,2,0.0048332196890792985,1,11,1,0,0,0,,2021-2023
2020,ion-pair complexation control,ion-selectivity membrane transport,solvation_entropy,transport_mechanism,2,5,10,5,10,5,10,1,0.3898712452512801,50,2,0.049082336592956265,1,10,1,0,0,0,,2021-2023
2020,ion-pair complexation control,moisture-gradient ion transport,solvation_entropy,transport_mechanism,2,5,7,5,7,5,7,1,0.3898712452512801,35,2,0.028138515876541762,1,10,1,0,0,1,Exceptional n-type thermoelectric ionogels enabled by metal coordination and ion-selective association,2021-2023
2020,ion-pair complexation control,nanochannel-confined ion transport,solvation_entropy,transport_mechanism,2,5,3,5,3,5,3,1,0.3898712452512801,15,2,0.0364531735240122,1,10,1,0,0,0,,2021-2023
2020,ion-pair complexation control,organic redox molecular design,solvation_entropy,redox_chemistry,2,5,4,5,4,5,4,1,0.5581106265512472,20,2,0.0,1,10,1,0,0,1,Super-stretching and high-performance ionic thermoelectric hydrogels based on carboxylated bacterial cellulose coordination for self-powered sensors,2021-2023
2020,ion-pair complexation control,phase-transition entropy amplification,solvation_entropy,phase_or_species_transition,2,5,7,5,7,5,7,2,0.9479818718025272,35,2,0.11857383789390684,1,10,1,0,0,1,Unprecedented pressure-driven metallization and topological charge transport in an anion radical salt,2021-2023
2020,ion-pair complexation control,quasi-solid granular electrolyte matrix,solvation_entropy,material_system,2,5,4,5,4,5,4,1,0.3898712452512801,20,2,0.01956093999801178,1,10,1,0,0,0,,2021-2023
2020,ion-pair complexation control,redox entropy tuning,solvation_entropy,solvation_entropy,2,5,6,5,6,5,6,2,1.072008968920998,30,2,0.03241406510249481,0,10,1,0,0,1,Exceptional n-type thermoelectric ionogels enabled by metal coordination and ion-selective association,2021-2023
2020,ion-pair complexation control,soft mixed ionic-electronic coupling,solvation_entropy,transport_mechanism,2,5,3,5,3,5,3,1,0.3898712452512801,15,2,0.038953086471052584,1,10,1,0,0,0,,2021-2023
2020,ion-selectivity membrane transport,organic redox molecular design,transport_mechanism,redox_chemistry,2,10,4,10,4,10,4,1,0.6213349345596119,40,2,0.006035605885023206,1,22,1,0,0,0,,2021-2023
2020,ion-selectivity membrane transport,phase-transition entropy amplification,transport_mechanism,phase_or_species_transition,2,10,7,10,7,10,7,3,1.6251171080655125,70,2,0.044586967038665035,1,22,1,0,0,1,A near-infrared light responsive temperature-sensing switch in a submicro-channel heterogeneous membrane,2021-2023
2020,ion-selectivity membrane transport,redox entropy tuning,transport_mechanism,solvation_entropy,3,10,6,10,6,10,6,0,0.0,60,3,0.0,1,22,1,0,0,0,,2021-2023
2020,ion-selectivity membrane transport,soft mixed ionic-electronic coupling,transport_mechanism,transport_mechanism,2,10,3,10,3,10,3,3,1.461880214172278,30,2,0.04767997622017305,0,22,1,0,0,1,Size-Selective Ionic Crosslinking Provides Stretchable Mixed Ionic-Electronic Conductors,2021-2023
2020,moisture-gradient ion transport,nanochannel-confined ion transport,transport_mechanism,transport_mechanism,2,7,3,7,3,7,3,2,0.8241657271545318,21,2,0.24114566205110075,0,19,1,0,0,1,Solar-driven ionic power generation via a film of nanocellulose @ conductive metal-organic framework,2021-2023
2020,moisture-gradient ion transport,organic redox molecular design,transport_mechanism,redox_chemistry,2,7,4,7,4,7,4,1,0.6213349345596119,28,2,0.013693170956343882,1,19,1,0,0,0,,2021-2023
2020,moisture-gradient ion transport,quasi-solid granular electrolyte matrix,transport_mechanism,material_system,2,7,4,7,4,7,4,3,1.3380640695242825,28,2,0.016272366305671415,1,19,1,0,0,0,,2021-2023
2020,moisture-gradient ion transport,redox entropy tuning,transport_mechanism,solvation_entropy,2,7,6,7,6,7,6,1,0.5138983423697507,42,2,0.012810916843063867,1,19,1,0,0,1,Exceptional n-type thermoelectric ionogels enabled by metal coordination and ion-selective association,2021-2023
2020,nanochannel-confined ion transport,organic redox molecular design,transport_mechanism,redox_chemistry,3,3,4,3,4,3,4,0,0.0,12,3,0.0,1,3,1,0,0,0,,2021-2023
2020,nanochannel-confined ion transport,phase-transition entropy amplification,transport_mechanism,phase_or_species_transition,2,3,7,3,7,3,7,1,0.3898712452512801,21,2,0.05377091993845206,1,3,1,0,0,0,,2021-2023
2020,nanochannel-confined ion transport,quasi-solid granular electrolyte matrix,transport_mechanism,material_system,2,3,4,3,4,3,4,2,0.8241657271545318,12,2,0.004871417018389943,1,3,1,0,0,0,,2021-2023
2020,nanochannel-confined ion transport,redox entropy tuning,transport_mechanism,solvation_entropy,3,3,6,3,6,3,6,0,0.0,18,3,0.0,1,3,1,0,0,0,,2021-2023
2020,nanochannel-confined ion transport,soft mixed ionic-electronic coupling,transport_mechanism,transport_mechanism,2,3,3,3,3,3,3,1,0.3898712452512801,9,2,0.02164257482025274,0,3,1,0,0,0,,2021-2023
2020,organic redox molecular design,phase-transition entropy amplification,redox_chemistry,phase_or_species_transition,2,4,7,4,7,4,7,3,1.7375561876621064,28,2,0.0,1,8,1,0,0,0,,2021-2023
2020,organic redox molecular design,quasi-solid granular electrolyte matrix,redox_chemistry,material_system,3,4,4,4,4,4,4,0,0.0,16,3,0.07869786117791147,1,8,1,0,0,0,,2021-2023
2020,organic redox molecular design,soft mixed ionic-electronic coupling,redox_chemistry,transport_mechanism,3,4,3,4,3,4,3,0,0.0,12,3,0.04753057589394942,1,8,1,0,0,0,,2021-2023
2020,phase-transition entropy amplification,soft mixed ionic-electronic coupling,phase_or_species_transition,transport_mechanism,2,7,3,7,3,7,3,2,0.9037695876210308,21,2,0.018262683615367696,1,18,1,0,0,0,,2021-2023
2020,quasi-solid granular electrolyte matrix,redox entropy tuning,material_system,solvation_entropy,2,4,6,4,6,4,6,1,0.5138983423697507,24,2,0.005470510945202276,1,22,1,0,0,0,,2021-2023
2020,quasi-solid granular electrolyte matrix,soft mixed ionic-electronic coupling,material_system,transport_mechanism,2,4,3,4,3,4,3,1,0.3898712452512801,12,2,0.06621762352421667,1,22,1,0,0,0,,2021-2023
2020,redox entropy tuning,soft mixed ionic-electronic coupling,solvation_entropy,transport_mechanism,3,6,3,6,3,6,3,0,0.0,18,3,0.03680456387254432,1,7,1,0,0,0,,2021-2023
2021,Fe2+/Fe3+ solvation redox chemistry,anti-freezing organohydrogel design,redox_chemistry,gel_microstructure,2,7,6,7,6,7,6,1,0.6213349345596119,42,2,0.0,1,29,1,0,0,1,Liquid thermoelectric conversion devices composed of several organic solvents,2022-2023
2021,Fe2+/Fe3+ solvation redox chemistry,carbon-electrode redox interface,redox_chemistry,electrode_interface,3,7,2,7,2,7,2,0,0.0,14,3,0.06760535791661453,1,29,1,0,0,0,,2022-2023
2021,Fe2+/Fe3+ solvation redox chemistry,cation/anion thermodiffusion asymmetry,redox_chemistry,transport_mechanism,2,7,4,7,4,7,4,2,0.8132176635932029,28,2,0.0749900361002047,1,29,1,0,0,1,Flexible hydrogel with a coupling enhanced thermoelectric effect for low-grade heat harvest,2022-2023
2021,Fe2+/Fe3+ solvation redox chemistry,cellulose nanofiber scaffold,redox_chemistry,gel_microstructure,2,7,7,7,7,7,7,1,0.3789231816899512,49,2,0.0,1,29,1,0,0,1,Flexible hydrogel with a coupling enhanced thermoelectric effect for low-grade heat harvest,2022-2023
2021,Fe2+/Fe3+ solvation redox chemistry,chaotropic polymer-water disruption,redox_chemistry,gel_microstructure,2,7,6,7,6,7,6,2,1.1352332769293625,42,2,0.032675039675026364,1,29,1,0,0,0,,2022-2023
2021,Fe2+/Fe3+ solvation redox chemistry,convection-resolved resistance decomposition,redox_chemistry,transport_mechanism,2,7,2,7,2,7,2,1,0.43429448190325176,14,2,0.06902180737599309,1,29,1,0,0,1,Resistance components in organic electrolytes containing Fe2+/Fe3+ for liquid thermoelectric conversion devices,2022-2023
2021,Fe2+/Fe3+ solvation redox chemistry,deep-eutectic eutogel electrolyte,redox_chemistry,material_system,3,7,2,7,2,7,2,0,0.0,14,3,0.0,1,29,1,0,0,0,,2022-2023
2021,Fe2+/Fe3+ solvation redox chemistry,dynamic crosslinked gel network,redox_chemistry,gel_microstructure,3,7,2,7,2,7,2,0,0.0,14,3,0.0,1,29,1,0,0,1,Flexible hydrogel with a coupling enhanced thermoelectric effect for low-grade heat harvest,2022-2023
2021,Fe2+/Fe3+ solvation redox chemistry,gel-confined redox transport,redox_chemistry,gel_microstructure,2,7,7,7,7,7,7,3,1.481156463212551,49,2,0.08368191492236016,1,29,1,0,0,0,,2022-2023
2021,Fe2+/Fe3+ solvation redox chemistry,high-entropy redox/ion coupling,redox_chemistry,solvation_entropy,12,7,0,7,0,7,0,0,0.0,0,12,0.06455369148513518,1,29,1,0,0,0,,2022-2023
2021,Fe2+/Fe3+ solvation redox chemistry,imidazolium ionic-liquid phase transition electrolyte,redox_chemistry,material_system,2,7,6,7,6,7,6,1,0.3789231816899512,42,2,0.025990569330653687,1,29,1,0,0,0,,2022-2023
2021,Fe2+/Fe3+ solvation redox chemistry,iodide/triiodide redox chemistry,redox_chemistry,redox_chemistry,3,7,4,7,4,7,4,0,0.0,28,3,0.28312104630918766,0,29,1,0,0,0,,2022-2023
2021,Fe2+/Fe3+ solvation redox chemistry,ion-selectivity membrane transport,redox_chemistry,transport_mechanism,2,7,11,7,11,7,11,1,0.3789231816899512,77,2,0.0033759206078830093,1,29,1,0,0,0,,2022-2023
2021,Fe2+/Fe3+ solvation redox chemistry,moisture-gradient ion transport,redox_chemistry,transport_mechanism,2,7,9,7,9,7,9,2,0.8132176635932029,63,2,0.019102012812022597,1,29,1,0,0,0,,2022-2023
2021,Fe2+/Fe3+ solvation redox chemistry,nanochannel-confined ion transport,redox_chemistry,transport_mechanism,2,7,5,7,5,7,5,1,0.3789231816899512,35,2,0.011728738609665564,1,29,1,0,0,0,,2022-2023
2021,Fe2+/Fe3+ solvation redox chemistry,organic redox molecular design,redox_chemistry,redox_chemistry,3,7,4,7,4,7,4,0,0.0,28,3,0.07490570666165769,0,29,1,0,0,0,,2022-2023
2021,Fe2+/Fe3+ solvation redox chemistry,phase-transition entropy amplification,redox_chemistry,phase_or_species_transition,2,7,11,7,11,7,11,3,1.481156463212551,77,2,0.07680366827141716,1,29,1,0,0,0,,2022-2023
2021,Fe2+/Fe3+ solvation redox chemistry,quasi-solid granular electrolyte matrix,redox_chemistry,material_system,2,7,4,7,4,7,4,1,0.3789231816899512,28,2,0.008241129798336425,1,29,1,0,0,0,,2022-2023
2021,Fe2+/Fe3+ solvation redox chemistry,redox entropy tuning,redox_chemistry,solvation_entropy,2,7,8,7,8,7,8,2,0.9481928242730024,56,2,0.10420958848761318,1,29,1,0,0,0,,2022-2023
2021,Fe2+/Fe3+ solvation redox chemistry,soft mixed ionic-electronic coupling,redox_chemistry,transport_mechanism,2,7,4,7,4,7,4,2,0.8132176635932029,28,2,0.013458411303359633,1,29,1,0,0,0,,2022-2023
2021,anti-freezing organohydrogel design,carbon-electrode redox interface,gel_microstructure,electrode_interface,4,6,2,6,2,6,2,0,0.0,12,4,0.0,1,15,1,0,0,0,,2022-2023
2021,anti-freezing organohydrogel design,cation/anion thermodiffusion asymmetry,gel_microstructure,transport_mechanism,3,6,4,6,4,6,4,0,0.0,24,3,0.0,1,15,1,0,0,0,,2022-2023
2021,anti-freezing organohydrogel design,cellulose nanofiber scaffold,gel_microstructure,gel_microstructure,2,6,7,6,7,6,7,1,0.4170323914242463,42,2,0.008835449657407951,0,15,1,0,0,0,,2022-2023
2021,anti-freezing organohydrogel design,charge-transfer resistance engineering,gel_microstructure,electrode_interface,3,6,5,6,5,6,5,0,0.0,30,3,0.023007109131395434,1,15,1,0,0,0,,2022-2023
2021,anti-freezing organohydrogel design,convection-resolved resistance decomposition,gel_microstructure,transport_mechanism,3,6,2,6,2,6,2,0,0.0,12,3,0.012408067554860595,1,15,1,0,0,0,,2022-2023
2021,anti-freezing organohydrogel design,deep-eutectic eutogel electrolyte,gel_microstructure,material_system,2,6,2,6,2,6,2,1,0.4170323914242463,12,2,0.06406005664427794,1,15,1,0,0,1,Quasi-solid conductive gels with high thermoelectric properties and high mechanical stretchability consisting of a low cost and green deep eutectic solvent,2022-2023
2021,anti-freezing organohydrogel design,ferri/ferrocyanide redox chemistry,gel_microstructure,redox_chemistry,2,6,7,6,7,6,7,1,0.5581106265512472,42,2,0.0,1,15,1,0,0,0,,2022-2023
2021,anti-freezing organohydrogel design,imidazolium ionic-liquid phase transition electrolyte,gel_microstructure,material_system,3,6,6,6,6,6,6,0,0.0,36,3,0.0,1,15,1,0,0,0,,2022-2023
2021,anti-freezing organohydrogel design,iodide/triiodide redox chemistry,gel_microstructure,redox_chemistry,2,6,4,6,4,6,4,1,0.4170323914242463,24,2,0.0,1,15,1,0,0,0,,2022-2023
2021,anti-freezing organohydrogel design,ion-pair complexation control,gel_microstructure,solvation_entropy,2,6,8,6,8,6,8,2,1.072008968920998,48,2,0.0,1,15,1,0,0,1,Liquid thermoelectric conversion devices composed of several organic solvents,2022-2023
2021,anti-freezing organohydrogel design,moisture-gradient ion transport,gel_microstructure,transport_mechanism,2,6,9,6,9,6,9,1,0.4170323914242463,54,2,0.0,1,15,1,0,0,1,Quasi-solid conductive gels with high thermoelectric properties and high mechanical stretchability consisting of a low cost and green deep eutectic solvent,2022-2023
2021,anti-freezing organohydrogel design,nanochannel-confined ion transport,gel_microstructure,transport_mechanism,2,6,5,6,5,6,5,1,0.4170323914242463,30,2,0.009122691528987424,1,15,1,0,0,0,,2022-2023
2021,anti-freezing organohydrogel design,organic redox molecular design,gel_microstructure,redox_chemistry,2,6,4,6,4,6,4,1,0.5581106265512472,24,2,0.28457068061849633,1,15,1,0,0,0,,2022-2023
2021,anti-freezing organohydrogel design,phase-transition entropy amplification,gel_microstructure,phase_or_species_transition,2,6,11,6,11,6,11,2,1.072008968920998,66,2,0.0,1,15,1,0,0,1,Anti-freezing hydrogel thermocells with confined microcrystallization for enhanced low-grade heat harvest,2022-2023
2021,anti-freezing organohydrogel design,quasi-solid granular electrolyte matrix,gel_microstructure,material_system,2,6,4,6,4,6,4,1,0.4170323914242463,24,2,0.0,1,15,1,0,0,0,,2022-2023
2021,anti-freezing organohydrogel design,redox entropy tuning,gel_microstructure,solvation_entropy,2,6,8,6,8,6,8,2,1.1162212531024944,48,2,0.02717680673854861,1,15,1,0,0,0,,2022-2023
2021,anti-freezing organohydrogel design,soft mixed ionic-electronic coupling,gel_microstructure,transport_mechanism,3,6,4,6,4,6,4,0,0.0,24,3,0.016688413943728785,1,15,1,0,0,1,Size-Selective Ionic Crosslinking Provides Stretchable Mixed Ionic-Electronic Conductors,2022-2023
2021,carbon-electrode redox interface,cation/anion thermodiffusion asymmetry,electrode_interface,transport_mechanism,3,2,4,2,4,2,4,0,0.0,8,3,0.010368192050161464,1,9,1,0,0,0,,2022-2023
2021,carbon-electrode redox interface,cellulose nanofiber scaffold,electrode_interface,gel_microstructure,3,2,7,2,7,2,7,0,0.0,14,3,0.0,1,9,1,0,0,0,,2022-2023
2021,carbon-electrode redox interface,chaotropic polymer-water disruption,electrode_interface,gel_microstructure,3,2,6,2,6,2,6,0,0.0,12,3,0.014356324505954005,1,9,1,0,0,0,,2022-2023
2021,carbon-electrode redox interface,charge-transfer resistance engineering,electrode_interface,electrode_interface,3,2,5,2,5,2,5,0,0.0,10,3,0.013140093264909647,0,9,1,0,0,0,,2022-2023
2021,carbon-electrode redox interface,deep-eutectic eutogel electrolyte,electrode_interface,material_system,4,2,2,2,2,2,2,0,0.0,4,4,0.07777968335288625,1,9,1,0,0,0,,2022-2023
2021,carbon-electrode redox interface,dynamic crosslinked gel network,electrode_interface,gel_microstructure,4,2,2,2,2,2,2,0,0.0,4,4,0.0,1,9,1,0,0,0,,2022-2023
2021,carbon-electrode redox interface,ferri/ferrocyanide redox chemistry,electrode_interface,redox_chemistry,3,2,7,2,7,2,7,0,0.0,14,3,0.06892423274634386,1,9,1,0,0,0,,2022-2023
2021,carbon-electrode redox interface,gel-confined redox transport,electrode_interface,gel_microstructure,3,2,7,2,7,2,7,0,0.0,14,3,0.0790809919320683,1,9,1,0,0,0,,2022-2023
2021,carbon-electrode redox interface,iodide/triiodide redox chemistry,electrode_interface,redox_chemistry,4,2,4,2,4,2,4,0,0.0,8,4,0.06656892131228315,1,9,1,0,0,0,,2022-2023
2021,carbon-electrode redox interface,ion-pair complexation control,electrode_interface,solvation_entropy,3,2,8,2,8,2,8,0,0.0,16,3,0.012982372632805553,1,9,1,0,0,0,,2022-2023
2021,carbon-electrode redox interface,ion-selectivity membrane transport,electrode_interface,transport_mechanism,3,2,11,2,11,2,11,0,0.0,22,3,0.04198419596885172,1,9,1,0,0,0,,2022-2023
2021,carbon-electrode redox interface,moisture-gradient ion transport,electrode_interface,transport_mechanism,3,2,9,2,9,2,9,0,0.0,18,3,0.0,1,9,1,0,0,0,,2022-2023
2021,carbon-electrode redox interface,nanochannel-confined ion transport,electrode_interface,transport_mechanism,3,2,5,2,5,2,5,0,0.0,10,3,0.0,1,9,1,0,0,0,,2022-2023
2021,carbon-electrode redox interface,organic redox molecular design,electrode_interface,redox_chemistry,2,2,4,2,4,2,4,1,0.5581106265512472,8,2,0.07660507005324378,1,9,1,0,0,0,,2022-2023
2021,carbon-electrode redox interface,phase-transition entropy amplification,electrode_interface,phase_or_species_transition,2,2,11,2,11,2,11,1,0.5581106265512472,22,2,0.003648444949027883,1,9,1,0,0,0,,2022-2023
2021,carbon-electrode redox interface,quasi-solid granular electrolyte matrix,electrode_interface,material_system,3,2,4,2,4,2,4,0,0.0,8,3,0.06776126292659702,1,9,1,0,0,0,,2022-2023
2021,carbon-electrode redox interface,redox entropy tuning,electrode_interface,solvation_entropy,2,2,8,2,8,2,8,1,0.5581106265512472,16,2,0.10447182891068435,1,9,1,0,0,0,,2022-2023
2021,carbon-electrode redox interface,selective solvation entropy engineering,electrode_interface,solvation_entropy,3,2,5,2,5,2,5,0,0.0,10,3,0.037566745347326805,1,9,1,0,0,0,,2022-2023
2021,carbon-electrode redox interface,soft mixed ionic-electronic coupling,electrode_interface,transport_mechanism,3,2,4,2,4,2,4,0,0.0,8,3,0.10647242237164056,1,9,1,0,0,0,,2022-2023
2021,cation/anion thermodiffusion asymmetry,cellulose nanofiber scaffold,transport_mechanism,gel_microstructure,2,4,7,4,7,4,7,2,0.8340427950033699,28,2,0.0,1,6,1,0,0,1,Super-stretching and high-performance ionic thermoelectric hydrogels based on carboxylated bacterial cellulose coordination for self-powered sensors,2022-2023
2021,cation/anion thermodiffusion asymmetry,chaotropic polymer-water disruption,transport_mechanism,gel_microstructure,2,4,6,4,6,4,6,1,0.48089834696298783,24,2,0.02658691027340351,1,6,1,0,0,1,Super-stretching and high-performance ionic thermoelectric hydrogels based on carboxylated bacterial cellulose coordination for self-powered sensors,2022-2023
2021,cation/anion thermodiffusion asymmetry,charge-transfer resistance engineering,transport_mechanism,electrode_interface,3,4,5,4,5,4,5,0,0.0,20,3,0.0,1,6,1,0,0,0,,2022-2023
2021,cation/anion thermodiffusion asymmetry,convection-resolved resistance decomposition,transport_mechanism,transport_mechanism,2,4,2,4,2,4,2,1,0.43429448190325176,8,2,0.03784617193851605,0,6,1,0,0,0,,2022-2023
2021,cation/anion thermodiffusion asymmetry,deep-eutectic eutogel electrolyte,transport_mechanism,material_system,3,4,2,4,2,4,2,0,0.0,8,3,0.0,1,6,1,0,0,0,,2022-2023
2021,cation/anion thermodiffusion asymmetry,dynamic crosslinked gel network,transport_mechanism,gel_microstructure,3,4,2,4,2,4,2,0,0.0,8,3,0.0,1,6,1,0,0,1,Super-stretching and high-performance ionic thermoelectric hydrogels based on carboxylated bacterial cellulose coordination for self-powered sensors,2022-2023
2021,cation/anion thermodiffusion asymmetry,ferri/ferrocyanide redox chemistry,transport_mechanism,redox_chemistry,2,4,7,4,7,4,7,3,1.2941160105561909,28,2,0.028306515780963635,1,6,1,0,0,1,Flexible hydrogel with a coupling enhanced thermoelectric effect for low-grade heat harvest,2022-2023
2021,cation/anion thermodiffusion asymmetry,gel-confined redox transport,transport_mechanism,gel_microstructure,2,4,7,4,7,4,7,1,0.3789231816899512,28,2,0.0,1,6,1,0,0,0,,2022-2023
2021,cation/anion thermodiffusion asymmetry,imidazolium ionic-liquid phase transition electrolyte,transport_mechanism,material_system,2,4,6,4,6,4,6,2,0.859821528652939,24,2,0.030653678216272774,1,6,1,0,0,0,,2022-2023
2021,cation/anion thermodiffusion asymmetry,iodide/triiodide redox chemistry,transport_mechanism,redox_chemistry,3,4,4,4,4,4,4,0,0.0,16,3,0.03827495635999134,1,6,1,0,0,0,,2022-2023
2021,cation/anion thermodiffusion asymmetry,ion-pair complexation control,transport_mechanism,solvation_entropy,2,4,8,4,8,4,8,1,0.3789231816899512,32,2,0.0590969292177961,1,6,1,0,0,1,Super-stretching and high-performance ionic thermoelectric hydrogels based on carboxylated bacterial cellulose coordination for self-powered sensors,2022-2023
2021,cation/anion thermodiffusion asymmetry,ion-selectivity membrane transport,transport_mechanism,transport_mechanism,2,4,11,4,11,4,11,2,0.8340427950033699,44,2,0.008040898218737838,0,6,1,0,0,0,,2022-2023
2021,cation/anion thermodiffusion asymmetry,nanochannel-confined ion transport,transport_mechanism,transport_mechanism,2,4,5,4,5,4,5,2,0.8340427950033699,20,2,0.02136362105617015,0,6,1,0,0,0,,2022-2023
2021,cation/anion thermodiffusion asymmetry,organic redox molecular design,transport_mechanism,redox_chemistry,2,4,4,4,4,4,4,1,0.48089834696298783,16,2,0.009491032785387614,1,6,1,0,0,1,Super-stretching and high-performance ionic thermoelectric hydrogels based on carboxylated bacterial cellulose coordination for self-powered sensors,2022-2023
2021,cation/anion thermodiffusion asymmetry,phase-transition entropy amplification,transport_mechanism,phase_or_species_transition,2,4,11,4,11,4,11,3,1.3149411419663577,44,2,0.10340045159533301,1,6,1,0,0,0,,2022-2023
2021,cation/anion thermodiffusion asymmetry,quasi-solid granular electrolyte matrix,transport_mechanism,material_system,2,4,4,4,4,4,4,1,0.3789231816899512,16,2,0.0,1,6,1,0,0,0,,2022-2023
2021,cation/anion thermodiffusion asymmetry,selective solvation entropy engineering,transport_mechanism,solvation_entropy,2,4,5,4,5,4,5,1,0.43429448190325176,20,2,0.048626392826120246,1,6,1,0,0,0,,2022-2023
2021,cation/anion thermodiffusion asymmetry,soft mixed ionic-electronic coupling,transport_mechanism,transport_mechanism,2,4,4,4,4,4,4,3,1.2683372769066217,16,2,0.007731252065396733,0,6,1,0,0,0,,2022-2023
2021,cellulose nanofiber scaffold,chaotropic polymer-water disruption,gel_microstructure,gel_microstructure,3,7,6,7,6,7,6,0,0.0,42,3,0.00879056173147519,0,5,1,0,0,1,Super-stretching and high-performance ionic thermoelectric hydrogels based on carboxylated bacterial cellulose coordination for self-powered sensors,2022-2023
2021,cellulose nanofiber scaffold,charge-transfer resistance engineering,gel_microstructure,electrode_interface,3,7,5,7,5,7,5,0,0.0,35,3,0.009020994801396577,1,5,1,0,0,0,,2022-2023
2021,cellulose nanofiber scaffold,convection-resolved resistance decomposition,gel_microstructure,transport_mechanism,3,7,2,7,2,7,2,0,0.0,14,3,0.0,1,5,1,0,0,0,,2022-2023
2021,cellulose nanofiber scaffold,deep-eutectic eutogel electrolyte,gel_microstructure,material_system,2,7,2,7,2,7,2,1,0.4170323914242463,14,2,0.0,1,5,1,0,0,0,,2022-2023
2021,cellulose nanofiber scaffold,dynamic crosslinked gel network,gel_microstructure,gel_microstructure,3,7,2,7,2,7,2,0,0.0,14,3,0.0,0,5,1,0,0,1,Super-stretching and high-performance ionic thermoelectric hydrogels based on carboxylated bacterial cellulose coordination for self-powered sensors,2022-2023
2021,cellulose nanofiber scaffold,ferri/ferrocyanide redox chemistry,gel_microstructure,redox_chemistry,2,7,7,7,7,7,7,1,0.3789231816899512,49,2,0.0,1,5,1,0,0,1,Flexible hydrogel with a coupling enhanced thermoelectric effect for low-grade heat harvest,2022-2023
2021,cellulose nanofiber scaffold,gel-confined redox transport,gel_microstructure,gel_microstructure,2,7,7,7,7,7,7,1,0.3789231816899512,49,2,0.0,0,5,1,0,0,0,,2022-2023
2021,cellulose nanofiber scaffold,imidazolium ionic-liquid phase transition electrolyte,gel_microstructure,material_system,2,7,6,7,6,7,6,1,0.3789231816899512,42,2,0.009645926961261625,1,5,1,0,0,0,,2022-2023
2021,cellulose nanofiber scaffold,ion-pair complexation control,gel_microstructure,solvation_entropy,2,7,8,7,8,7,8,1,0.3789231816899512,56,2,0.0,1,5,1,0,0,1,Super-stretching and high-performance ionic thermoelectric hydrogels based on carboxylated bacterial cellulose coordination for self-powered sensors,2022-2023
2021,cellulose nanofiber scaffold,organic redox molecular design,gel_microstructure,redox_chemistry,3,7,4,7,4,7,4,0,0.0,28,3,0.0,1,5,1,0,0,1,Super-stretching and high-performance ionic thermoelectric hydrogels based on carboxylated bacterial cellulose coordination for self-powered sensors,2022-2023
2021,cellulose nanofiber scaffold,phase-transition entropy amplification,gel_microstructure,phase_or_species_transition,2,7,11,7,11,7,11,2,0.8340427950033699,77,2,0.0,1,5,1,0,0,0,,2022-2023
2021,cellulose nanofiber scaffold,quasi-solid granular electrolyte matrix,gel_microstructure,material_system,2,7,4,7,4,7,4,2,0.7959555731141975,28,2,0.0,1,5,1,0,0,0,,2022-2023
2021,cellulose nanofiber scaffold,redox entropy tuning,gel_microstructure,solvation_entropy,3,7,8,7,8,7,8,0,0.0,56,3,0.0,1,5,1,0,0,0,,2022-2023
2021,cellulose nanofiber scaffold,selective solvation entropy engineering,gel_microstructure,solvation_entropy,3,7,5,7,5,7,5,0,0.0,35,3,0.0,1,5,1,0,0,0,,2022-2023
2021,chaotropic polymer-water disruption,charge-transfer resistance engineering,gel_microstructure,electrode_interface,2,6,5,6,5,6,5,1,0.5138983423697507,30,2,0.03232833470943347,1,4,1,0,0,0,,2022-2023
2021,chaotropic polymer-water disruption,convection-resolved resistance decomposition,gel_microstructure,transport_mechanism,3,6,2,6,2,6,2,0,0.0,12,3,0.029269448207584738,1,4,1,0,0,0,,2022-2023
2021,chaotropic polymer-water disruption,deep-eutectic eutogel electrolyte,gel_microstructure,material_system,3,6,2,6,2,6,2,0,0.0,12,3,0.017118643367746947,1,4,1,0,0,1,Direct ink writing of PEDOT eutectogels as substrate-free dry electrodes for electromyography,2022-2023
2021,chaotropic polymer-water disruption,imidazolium ionic-liquid phase transition electrolyte,gel_microstructure,material_system,2,6,6,6,6,6,6,1,0.48089834696298783,36,2,0.030639873046904395,1,4,1,0,0,0,,2022-2023
2021,chaotropic polymer-water disruption,iodide/triiodide redox chemistry,gel_microstructure,redox_chemistry,3,6,4,6,4,6,4,0,0.0,24,3,0.00597782164021055,1,4,1,0,0,0,,2022-2023
2021,chaotropic polymer-water disruption,ion-pair complexation control,gel_microstructure,solvation_entropy,2,6,8,6,8,6,8,2,1.0277966847395015,48,2,0.031557702409680734,1,4,1,0,0,1,Super-stretching and high-performance ionic thermoelectric hydrogels based on carboxylated bacterial cellulose coordination for self-powered sensors,2022-2023
2021,chaotropic polymer-water disruption,ion-selectivity membrane transport,gel_microstructure,transport_mechanism,2,6,11,6,11,6,11,1,0.5581106265512472,66,2,0.002822315519833828,1,4,1,0,0,0,,2022-2023
2021,chaotropic polymer-water disruption,moisture-gradient ion transport,gel_microstructure,transport_mechanism,3,6,9,6,9,6,9,0,0.0,54,3,0.009980690750689839,1,4,1,0,0,1,Durable and stretchable nanocomposite ionogels with high thermoelectric property for low-grade heat harvesting,2022-2023
2021,chaotropic polymer-water disruption,nanochannel-confined ion transport,gel_microstructure,transport_mechanism,3,6,5,6,5,6,5,0,0.0,30,3,0.01888172920544882,1,4,1,0,0,0,,2022-2023
2021,chaotropic polymer-water disruption,organic redox molecular design,gel_microstructure,redox_chemistry,2,6,4,6,4,6,4,1,0.48089834696298783,24,2,0.007371087173797146,1,4,1,0,0,1,Super-stretching and high-performance ionic thermoelectric hydrogels based on carboxylated bacterial cellulose coordination for self-powered sensors,2022-2023
2021,chaotropic polymer-water disruption,phase-transition entropy amplification,gel_microstructure,phase_or_species_transition,2,6,11,6,11,6,11,2,0.9947966893327386,66,2,0.061192343502075044,1,4,1,0,0,0,,2022-2023
2021,chaotropic polymer-water disruption,quasi-solid granular electrolyte matrix,gel_microstructure,material_system,3,6,4,6,4,6,4,0,0.0,24,3,0.009977563713332067,1,4,1,0,0,0,,2022-2023
2021,chaotropic polymer-water disruption,soft mixed ionic-electronic coupling,gel_microstructure,transport_mechanism,3,6,4,6,4,6,4,0,0.0,24,3,0.012265703632964019,1,4,1,0,0,1,Direct ink writing of PEDOT eutectogels as substrate-free dry electrodes for electromyography,2022-2023
2021,charge-transfer resistance engineering,convection-resolved resistance decomposition,electrode_interface,transport_mechanism,3,5,2,5,2,5,2,0,0.0,10,3,0.23804995679356086,1,28,1,0,0,1,Resistance components in organic electrolytes containing Fe2+/Fe3+ for liquid thermoelectric conversion devices,2022-2023
2021,charge-transfer resistance engineering,deep-eutectic eutogel electrolyte,electrode_interface,material_system,3,5,2,5,2,5,2,0,0.0,10,3,0.0,1,28,1,0,0,0,,2022-2023
2021,charge-transfer resistance engineering,dynamic crosslinked gel network,electrode_interface,gel_microstructure,3,5,2,5,2,5,2,0,0.0,10,3,0.0,1,28,1,0,0,0,,2022-2023
2021,charge-transfer resistance engineering,gel-confined redox transport,electrode_interface,gel_microstructure,2,5,7,5,7,5,7,2,0.8979307383872341,35,2,0.05342457067567964,1,28,1,0,0,0,,2022-2023
2021,charge-transfer resistance engineering,imidazolium ionic-liquid phase transition electrolyte,electrode_interface,material_system,2,5,6,5,6,5,6,1,0.4170323914242463,30,2,0.02518566378772709,1,28,1,0,0,0,,2022-2023
2021,charge-transfer resistance engineering,iodide/triiodide redox chemistry,electrode_interface,redox_chemistry,3,5,4,5,4,5,4,0,0.0,20,3,0.015015932647144023,1,28,1,0,0,0,,2022-2023
2021,charge-transfer resistance engineering,ion-selectivity membrane transport,electrode_interface,transport_mechanism,3,5,11,5,11,5,11,0,0.0,55,3,0.03560815880971264,1,28,1,0,0,0,,2022-2023
2021,charge-transfer resistance engineering,moisture-gradient ion transport,electrode_interface,transport_mechanism,2,5,9,5,9,5,9,1,0.4170323914242463,45,2,0.03831069253154508,1,28,1,0,0,0,,2022-2023
2021,charge-transfer resistance engineering,nanochannel-confined ion transport,electrode_interface,transport_mechanism,3,5,5,5,5,5,5,0,0.0,25,3,0.048837197565399726,1,28,1,0,0,0,,2022-2023
2021,charge-transfer resistance engineering,organic redox molecular design,electrode_interface,redox_chemistry,3,5,4,5,4,5,4,0,0.0,20,3,0.013027145219012031,1,28,1,0,0,0,,2022-2023
2021,charge-transfer resistance engineering,quasi-solid granular electrolyte matrix,electrode_interface,material_system,2,5,4,5,4,5,4,1,0.4170323914242463,20,2,0.004280435368782237,1,28,1,0,0,0,,2022-2023
2021,charge-transfer resistance engineering,redox entropy tuning,electrode_interface,solvation_entropy,2,5,8,5,8,5,8,2,0.930930733793997,40,2,0.045871020071382954,1,28,1,0,0,0,,2022-2023
2021,charge-transfer resistance engineering,selective solvation entropy engineering,electrode_interface,solvation_entropy,2,5,5,5,5,5,5,1,0.5138983423697507,25,2,0.31921525083686975,1,28,1,0,0,0,,2022-2023
2021,charge-transfer resistance engineering,soft mixed ionic-electronic coupling,electrode_interface,transport_mechanism,3,5,4,5,4,5,4,0,0.0,20,3,0.017038871960942968,1,28,1,0,0,0,,2022-2023
2021,convection-resolved resistance decomposition,deep-eutectic eutogel electrolyte,transport_mechanism,material_system,3,2,2,2,2,2,2,0,0.0,4,3,0.028312745056326312,1,9,1,0,0,0,,2022-2023
2021,convection-resolved resistance decomposition,dynamic crosslinked gel network,transport_mechanism,gel_microstructure,4,2,2,2,2,2,2,0,0.0,4,4,0.0058092394575597305,1,9,1,0,0,0,,2022-2023
2021,convection-resolved resistance decomposition,ferri/ferrocyanide redox chemistry,transport_mechanism,redox_chemistry,2,2,7,2,7,2,7,1,0.43429448190325176,14,2,0.008148711808979333,1,9,1,0,0,0,,2022-2023
2021,convection-resolved resistance decomposition,gel-confined redox transport,transport_mechanism,gel_microstructure,3,2,7,2,7,2,7,0,0.0,14,3,0.02038498345441971,1,9,1,0,0,0,,2022-2023
2021,convection-resolved resistance decomposition,imidazolium ionic-liquid phase transition electrolyte,transport_mechanism,material_system,2,2,6,2,6,2,6,1,1.4426950408889634,12,2,0.07357517488815565,1,9,1,0,0,0,,2022-2023
2021,convection-resolved resistance decomposition,iodide/triiodide redox chemistry,transport_mechanism,redox_chemistry,3,2,4,2,4,2,4,0,0.0,8,3,0.007870250180437334,1,9,1,0,0,0,,2022-2023
2021,convection-resolved resistance decomposition,ion-pair complexation control,transport_mechanism,solvation_entropy,3,2,8,2,8,2,8,0,0.0,16,3,0.11796045873820993,1,9,1,0,0,0,,2022-2023
2021,convection-resolved resistance decomposition,ion-selectivity membrane transport,transport_mechanism,transport_mechanism,3,2,11,2,11,2,11,0,0.0,22,3,0.03797334200226357,0,9,1,0,0,0,,2022-2023
2021,convection-resolved resistance decomposition,moisture-gradient ion transport,transport_mechanism,transport_mechanism,2,2,9,2,9,2,9,1,0.43429448190325176,18,2,0.01719263076565263,0,9,1,0,0,0,,2022-2023
2021,convection-resolved resistance decomposition,nanochannel-confined ion transport,transport_mechanism,transport_mechanism,3,2,5,2,5,2,5,0,0.0,10,3,0.02464884034755551,0,9,1,0,0,0,,2022-2023
2021,convection-resolved resistance decomposition,organic redox molecular design,transport_mechanism,redox_chemistry,3,2,4,2,4,2,4,0,0.0,8,3,0.019274763573992153,1,9,1,0,0,0,,2022-2023
2021,convection-resolved resistance decomposition,phase-transition entropy amplification,transport_mechanism,phase_or_species_transition,3,2,11,2,11,2,11,0,0.0,22,3,0.10830105911052901,1,9,1,0,0,0,,2022-2023
2021,convection-resolved resistance decomposition,quasi-solid granular electrolyte matrix,transport_mechanism,material_system,3,2,4,2,4,2,4,0,0.0,8,3,0.010058440260735301,1,9,1,0,0,0,,2022-2023
2021,convection-resolved resistance decomposition,redox entropy tuning,transport_mechanism,solvation_entropy,2,2,8,2,8,2,8,1,0.43429448190325176,16,2,0.005304979921636903,1,9,1,0,0,0,,2022-2023
2021,convection-resolved resistance decomposition,selective solvation entropy engineering,transport_mechanism,solvation_entropy,2,2,5,2,5,2,5,1,0.43429448190325176,10,2,0.07406673119858573,1,9,1,0,0,0,,2022-2023
2021,convection-resolved resistance decomposition,soft mixed ionic-electronic coupling,transport_mechanism,transport_mechanism,2,2,4,2,4,2,4,1,0.43429448190325176,8,2,0.02126463388029965,0,9,1,0,0,0,,2022-2023
2021,deep-eutectic eutogel electrolyte,dynamic crosslinked gel network,material_system,gel_microstructure,3,2,2,2,2,2,2,0,0.0,4,3,0.03385382452648041,1,7,1,0,0,0,,2022-2023
2021,deep-eutectic eutogel electrolyte,ferri/ferrocyanide redox chemistry,material_system,redox_chemistry,3,2,7,2,7,2,7,0,0.0,14,3,0.0,1,7,1,0,0,0,,2022-2023
2021,deep-eutectic eutogel electrolyte,gel-confined redox transport,material_system,gel_microstructure,3,2,7,2,7,2,7,0,0.0,14,3,0.010345426776811464,1,7,1,0,0,0,,2022-2023
2021,deep-eutectic eutogel electrolyte,imidazolium ionic-liquid phase transition electrolyte,material_system,material_system,3,2,6,2,6,2,6,0,0.0,12,3,0.20069044020801186,0,7,1,0,0,0,,2022-2023
2021,deep-eutectic eutogel electrolyte,iodide/triiodide redox chemistry,material_system,redox_chemistry,2,2,4,2,4,2,4,2,0.930930733793997,8,2,0.0,1,7,1,0,0,0,,2022-2023
2021,deep-eutectic eutogel electrolyte,ion-pair complexation control,material_system,solvation_entropy,3,2,8,2,8,2,8,0,0.0,16,3,0.021149494558704234,1,7,1,0,0,0,,2022-2023
2021,deep-eutectic eutogel electrolyte,moisture-gradient ion transport,material_system,transport_mechanism,2,2,9,2,9,2,9,2,0.930930733793997,18,2,0.0,1,7,1,0,0,1,Quasi-solid conductive gels with high thermoelectric properties and high mechanical stretchability consisting of a low cost and green deep eutectic solvent,2022-2023
2021,deep-eutectic eutogel electrolyte,nanochannel-confined ion transport,material_system,transport_mechanism,2,2,5,2,5,2,5,1,0.4170323914242463,10,2,0.0,1,7,1,0,0,0,,2022-2023
2021,deep-eutectic eutogel electrolyte,organic redox molecular design,material_system,redox_chemistry,2,2,4,2,4,2,4,1,0.5138983423697507,8,2,0.022896239477111842,1,7,1,0,0,0,,2022-2023
2021,deep-eutectic eutogel electrolyte,phase-transition entropy amplification,material_system,phase_or_species_transition,2,2,11,2,11,2,11,1,0.5138983423697507,22,2,0.0035158770850287476,1,7,1,0,0,0,,2022-2023
2021,deep-eutectic eutogel electrolyte,quasi-solid granular electrolyte matrix,material_system,material_system,2,2,4,2,4,2,4,1,0.4170323914242463,8,2,0.22470103524499763,0,7,1,0,0,0,,2022-2023
2021,deep-eutectic eutogel electrolyte,redox entropy tuning,material_system,solvation_entropy,3,2,8,2,8,2,8,0,0.0,16,3,0.0057740826940787466,1,7,1,0,0,0,,2022-2023
2021,deep-eutectic eutogel electrolyte,selective solvation entropy engineering,material_system,solvation_entropy,3,2,5,2,5,2,5,0,0.0,10,3,0.05780828042891336,1,7,1,0,0,0,,2022-2023
2021,deep-eutectic eutogel electrolyte,soft mixed ionic-electronic coupling,material_system,transport_mechanism,3,2,4,2,4,2,4,0,0.0,8,3,0.0804818230424731,1,7,1,0,0,1,Direct ink writing of PEDOT eutectogels as substrate-free dry electrodes for electromyography,2022-2023
2021,dynamic crosslinked gel network,ferri/ferrocyanide redox chemistry,gel_microstructure,redox_chemistry,2,2,7,2,7,2,7,1,0.5581106265512472,14,2,0.0,1,3,1,0,0,1,Flexible hydrogel with a coupling enhanced thermoelectric effect for low-grade heat harvest,2022-2023
2021,dynamic crosslinked gel network,gel-confined redox transport,gel_microstructure,gel_microstructure,2,2,7,2,7,2,7,2,1.1162212531024944,14,2,0.04858346700912563,0,3,1,0,0,1,Regulating Thermogalvanic Effect and Mechanical Robustness via Redox Ions for Flexible Quasi-Solid-State Thermocells,2022-2023
2021,dynamic crosslinked gel network,imidazolium ionic-liquid phase transition electrolyte,gel_microstructure,material_system,3,2,6,2,6,2,6,0,0.0,12,3,0.0,1,3,1,0,0,0,,2022-2023
2021,dynamic crosslinked gel network,iodide/triiodide redox chemistry,gel_microstructure,redox_chemistry,3,2,4,2,4,2,4,0,0.0,8,3,0.0,1,3,1,0,0,0,,2022-2023
2021,dynamic crosslinked gel network,ion-pair complexation control,gel_microstructure,solvation_entropy,3,2,8,2,8,2,8,0,0.0,16,3,0.0,1,3,1,0,0,1,Super-stretching and high-performance ionic thermoelectric hydrogels based on carboxylated bacterial cellulose coordination for self-powered sensors,2022-2023
2021,dynamic crosslinked gel network,ion-selectivity membrane transport,gel_microstructure,transport_mechanism,2,2,11,2,11,2,11,1,0.5581106265512472,22,2,0.0,1,3,1,0,0,1,High-Performance Ionic Thermoelectric Supercapacitor for Integrated Energy Conversion-Storage,2022-2023
2021,dynamic crosslinked gel network,moisture-gradient ion transport,gel_microstructure,transport_mechanism,3,2,9,2,9,2,9,0,0.0,18,3,0.0,1,3,1,0,0,0,,2022-2023
2021,dynamic crosslinked gel network,nanochannel-confined ion transport,gel_microstructure,transport_mechanism,3,2,5,2,5,2,5,0,0.0,10,3,0.007266261933831395,1,3,1,0,0,0,,2022-2023
2021,dynamic crosslinked gel network,organic redox molecular design,gel_microstructure,redox_chemistry,3,2,4,2,4,2,4,0,0.0,8,3,0.008000844230900812,1,3,1,0,0,1,Super-stretching and high-performance ionic thermoelectric hydrogels based on carboxylated bacterial cellulose coordination for self-powered sensors,2022-2023
2021,dynamic crosslinked gel network,phase-transition entropy amplification,gel_microstructure,phase_or_species_transition,3,2,11,2,11,2,11,0,0.0,22,3,0.0,1,3,1,0,0,1,Giant Thermopower of Hydrogen Ion Enhanced by a Strong Hydrogen Bond System,2022-2023
2021,dynamic crosslinked gel network,quasi-solid granular electrolyte matrix,gel_microstructure,material_system,3,2,4,2,4,2,4,0,0.0,8,3,0.0,1,3,1,0,0,0,,2022-2023
2021,dynamic crosslinked gel network,redox entropy tuning,gel_microstructure,solvation_entropy,2,2,8,2,8,2,8,1,0.5581106265512472,16,2,0.0,1,3,1,0,0,0,,2022-2023
2021,dynamic crosslinked gel network,selective solvation entropy engineering,gel_microstructure,solvation_entropy,2,2,5,2,5,2,5,2,1.1162212531024944,10,2,0.0,1,3,1,0,0,0,,2022-2023
2021,dynamic crosslinked gel network,soft mixed ionic-electronic coupling,gel_microstructure,transport_mechanism,4,2,4,2,4,2,4,0,0.0,8,4,0.022937429797547218,1,3,1,0,0,0,,2022-2023
2021,ferri/ferrocyanide redox chemistry,gel-confined redox transport,redox_chemistry,gel_microstructure,2,7,7,7,7,7,7,3,1.4179321552041864,49,2,0.07357287434767591,1,29,1,0,0,1,Realizing record-high output power in flexible gelatin/GTA-KCl-FeCN4-/3- ionic thermoelectric cells enabled by extending the working temperature range,2022-2023
2021,ferri/ferrocyanide redox chemistry,imidazolium ionic-liquid phase transition electrolyte,redox_chemistry,material_system,2,7,6,7,6,7,6,2,0.859821528652939,42,2,0.0,1,29,1,0,0,0,,2022-2023
2021,ferri/ferrocyanide redox chemistry,iodide/triiodide redox chemistry,redox_chemistry,redox_chemistry,3,7,4,7,4,7,4,0,0.0,28,3,0.2883929394849554,0,29,1,0,0,0,,2022-2023
2021,ferri/ferrocyanide redox chemistry,ion-selectivity membrane transport,redox_chemistry,transport_mechanism,2,7,11,7,11,7,11,1,0.3789231816899512,77,2,0.0,1,29,1,0,0,0,,2022-2023
2021,ferri/ferrocyanide redox chemistry,moisture-gradient ion transport,redox_chemistry,transport_mechanism,2,7,9,7,9,7,9,2,0.8132176635932029,63,2,0.006298198268865127,1,29,1,0,0,0,,2022-2023
2021,ferri/ferrocyanide redox chemistry,nanochannel-confined ion transport,redox_chemistry,transport_mechanism,2,7,5,7,5,7,5,1,0.3789231816899512,35,2,0.0,1,29,1,0,0,0,,2022-2023
2021,ferri/ferrocyanide redox chemistry,organic redox molecular design,redox_chemistry,redox_chemistry,2,7,4,7,4,7,4,1,0.48089834696298783,28,2,0.07636699988106493,0,29,1,0,0,0,,2022-2023
2021,ferri/ferrocyanide redox chemistry,phase-transition entropy amplification,redox_chemistry,phase_or_species_transition,2,7,11,7,11,7,11,4,1.9620548101755388,77,2,0.0,1,29,1,0,0,0,,2022-2023
2021,ferri/ferrocyanide redox chemistry,quasi-solid granular electrolyte matrix,redox_chemistry,material_system,2,7,4,7,4,7,4,1,0.3789231816899512,28,2,0.0,1,29,1,0,0,0,,2022-2023
2021,ferri/ferrocyanide redox chemistry,selective solvation entropy engineering,redox_chemistry,solvation_entropy,2,7,5,7,5,7,5,3,1.5063034508242497,35,2,0.0,1,29,1,0,0,0,,2022-2023
2021,ferri/ferrocyanide redox chemistry,soft mixed ionic-electronic coupling,redox_chemistry,transport_mechanism,2,7,4,7,4,7,4,2,0.8132176635932029,28,2,0.0,1,29,1,0,0,0,,2022-2023
2021,gel-confined redox transport,high-entropy redox/ion coupling,gel_microstructure,solvation_entropy,12,7,0,7,0,7,0,0,0.0,0,12,0.06099529838052219,1,2,1,0,0,0,,2022-2023
2021,gel-confined redox transport,imidazolium ionic-liquid phase transition electrolyte,gel_microstructure,material_system,2,7,6,7,6,7,6,2,0.7959555731141975,42,2,0.05673560001623111,1,2,1,0,0,0,,2022-2023
2021,gel-confined redox transport,iodide/triiodide redox chemistry,gel_microstructure,redox_chemistry,3,7,4,7,4,7,4,0,0.0,28,3,0.07105870733727873,1,2,1,0,0,0,,2022-2023
2021,gel-confined redox transport,ion-selectivity membrane transport,gel_microstructure,transport_mechanism,2,7,11,7,11,7,11,2,0.9370338082411984,77,2,0.2345713662172774,1,2,1,0,0,0,,2022-2023
2021,gel-confined redox transport,moisture-gradient ion transport,gel_microstructure,transport_mechanism,2,7,9,7,9,7,9,2,0.7959555731141975,63,2,0.23739482889929656,1,2,1,0,0,0,,2022-2023
2021,gel-confined redox transport,nanochannel-confined ion transport,gel_microstructure,transport_mechanism,2,7,5,7,5,7,5,1,0.3789231816899512,35,2,0.6331094809893746,1,2,1,0,0,0,,2022-2023
2021,gel-confined redox transport,organic redox molecular design,gel_microstructure,redox_chemistry,3,7,4,7,4,7,4,0,0.0,28,3,0.08762053432928653,1,2,1,0,0,1,Proton-Coupled Electron Transfer Aided Thermoelectric Energy Conversion and Storage,2022-2023
2021,gel-confined redox transport,quasi-solid granular electrolyte matrix,gel_microstructure,material_system,2,7,4,7,4,7,4,2,0.7959555731141975,28,2,0.005836168093912229,1,2,1,0,0,0,,2022-2023
2021,gel-confined redox transport,redox entropy tuning,gel_microstructure,solvation_entropy,2,7,8,7,8,7,8,2,0.9751430179754935,56,2,0.12189858733678571,1,2,1,0,0,1,Realizing record-high output power in flexible gelatin/GTA-KCl-FeCN4-/3- ionic thermoelectric cells enabled by extending the working temperature range,2022-2023
2021,gel-confined redox transport,soft mixed ionic-electronic coupling,gel_microstructure,transport_mechanism,2,7,4,7,4,7,4,1,0.3789231816899512,28,2,0.008810866335670447,1,2,1,0,0,0,,2022-2023
2021,high-entropy redox/ion coupling,phase-transition entropy amplification,solvation_entropy,phase_or_species_transition,12,0,11,0,11,0,11,0,0.0,0,12,0.15166341163015826,1,2,1,0,0,0,,2022-2023
2021,high-entropy redox/ion coupling,redox entropy tuning,solvation_entropy,solvation_entropy,12,0,8,0,8,0,8,0,0.0,0,12,0.3046869500950264,0,2,1,0,0,0,,2022-2023
2021,high-entropy redox/ion coupling,selective solvation entropy engineering,solvation_entropy,solvation_entropy,12,0,5,0,5,0,5,0,0.0,0,12,0.15886942351079414,0,2,1,0,0,0,,2022-2023
2021,high-entropy redox/ion coupling,soft mixed ionic-electronic coupling,solvation_entropy,transport_mechanism,12,0,4,0,4,0,4,0,0.0,0,12,0.24300858520919724,1,2,1,0,0,0,,2022-2023
2021,imidazolium ionic-liquid phase transition electrolyte,iodide/triiodide redox chemistry,material_system,redox_chemistry,3,6,4,6,4,6,4,0,0.0,24,3,0.004228818147091576,1,8,1,0,0,0,,2022-2023
2021,imidazolium ionic-liquid phase transition electrolyte,ion-pair complexation control,material_system,solvation_entropy,2,6,8,6,8,6,8,2,0.7959555731141975,48,2,0.05870489148767375,1,8,1,0,0,0,,2022-2023
2021,imidazolium ionic-liquid phase transition electrolyte,ion-selectivity membrane transport,material_system,transport_mechanism,2,6,11,6,11,6,11,1,0.3789231816899512,66,2,0.09106182935795622,1,8,1,0,0,0,,2022-2023
2021,imidazolium ionic-liquid phase transition electrolyte,moisture-gradient ion transport,material_system,transport_mechanism,2,6,9,6,9,6,9,2,0.7959555731141975,54,2,0.06890724860869965,1,8,1,0,0,0,,2022-2023
2021,imidazolium ionic-liquid phase transition electrolyte,nanochannel-confined ion transport,material_system,transport_mechanism,2,6,5,6,5,6,5,1,0.3789231816899512,30,2,0.06769692729571584,1,8,1,0,0,0,,2022-2023
2021,imidazolium ionic-liquid phase transition electrolyte,quasi-solid granular electrolyte matrix,material_system,material_system,2,6,4,6,4,6,4,2,0.7959555731141975,24,2,0.2047814065194318,0,8,1,0,0,0,,2022-2023
2021,imidazolium ionic-liquid phase transition electrolyte,selective solvation entropy engineering,material_system,solvation_entropy,3,6,5,6,5,6,5,0,0.0,30,3,0.05449936725653806,1,8,1,0,0,0,,2022-2023
2021,imidazolium ionic-liquid phase transition electrolyte,soft mixed ionic-electronic coupling,material_system,transport_mechanism,2,6,4,6,4,6,4,1,0.3789231816899512,24,2,0.1808439141484684,1,8,1,0,0,0,,2022-2023
2021,iodide/triiodide redox chemistry,ion-pair complexation control,redox_chemistry,solvation_entropy,3,4,8,4,8,4,8,0,0.0,32,3,0.005450041369402328,1,12,1,0,0,0,,2022-2023
2021,iodide/triiodide redox chemistry,moisture-gradient ion transport,redox_chemistry,transport_mechanism,2,4,9,4,9,4,9,3,1.4448290761637477,36,2,0.011483637177776113,1,12,1,0,0,0,,2022-2023
2021,iodide/triiodide redox chemistry,nanochannel-confined ion transport,redox_chemistry,transport_mechanism,2,4,5,4,5,4,5,2,0.930930733793997,20,2,0.005305803957765367,1,12,1,0,0,0,,2022-2023
2021,iodide/triiodide redox chemistry,organic redox molecular design,redox_chemistry,redox_chemistry,2,4,4,4,4,4,4,1,0.5138983423697507,16,2,0.06360636814419426,0,12,1,0,0,1,"Thermoelectric textiles with nanostructured copper iodide films on cotton and polyester fabrics, stabilized and reinforced with nanocellulose",2022-2023
2021,iodide/triiodide redox chemistry,phase-transition entropy amplification,redox_chemistry,phase_or_species_transition,2,4,11,4,11,4,11,1,0.5138983423697507,44,2,0.0,1,12,1,0,0,0,,2022-2023
2021,iodide/triiodide redox chemistry,quasi-solid granular electrolyte matrix,redox_chemistry,material_system,2,4,4,4,4,4,4,1,0.4170323914242463,16,2,0.009957558388019023,1,12,1,0,0,0,,2022-2023
2021,iodide/triiodide redox chemistry,redox entropy tuning,redox_chemistry,solvation_entropy,3,4,8,4,8,4,8,0,0.0,32,3,0.08848983268308203,1,12,1,0,0,0,,2022-2023
2021,iodide/triiodide redox chemistry,selective solvation entropy engineering,redox_chemistry,solvation_entropy,3,4,5,4,5,4,5,0,0.0,20,3,0.0,1,12,1,0,0,0,,2022-2023
2021,iodide/triiodide redox chemistry,soft mixed ionic-electronic coupling,redox_chemistry,transport_mechanism,2,4,4,4,4,4,4,1,0.5138983423697507,16,2,0.004990974813719997,1,12,1,0,0,0,,2022-2023
2021,ion-pair complexation control,ion-selectivity membrane transport,solvation_entropy,transport_mechanism,2,8,11,8,11,8,11,1,0.3789231816899512,88,2,0.051049426891443844,1,11,1,0,0,0,,2022-2023
2021,ion-pair complexation control,moisture-gradient ion transport,solvation_entropy,transport_mechanism,2,8,9,8,9,8,9,2,0.7959555731141975,72,2,0.028301740713865573,1,11,1,0,0,1,Exceptional n-type thermoelectric ionogels enabled by metal coordination and ion-selective association,2022-2023
2021,ion-pair complexation control,nanochannel-confined ion transport,solvation_entropy,transport_mechanism,2,8,5,8,5,8,5,1,0.3789231816899512,40,2,0.036825302363542076,1,11,1,0,0,0,,2022-2023
2021,ion-pair complexation control,organic redox molecular design,solvation_entropy,redox_chemistry,2,8,4,8,4,8,4,1,0.5581106265512472,32,2,0.0,1,11,1,0,0,1,Super-stretching and high-performance ionic thermoelectric hydrogels based on carboxylated bacterial cellulose coordination for self-powered sensors,2022-2023
2021,ion-pair complexation control,quasi-solid granular electrolyte matrix,solvation_entropy,material_system,2,8,4,8,4,8,4,2,0.7959555731141975,32,2,0.019707399829704236,1,11,1,0,0,0,,2022-2023
2021,ion-pair complexation control,redox entropy tuning,solvation_entropy,solvation_entropy,2,8,8,8,8,8,8,3,1.4890413603452441,64,2,0.030156079557738635,0,11,1,0,0,1,Exceptional n-type thermoelectric ionogels enabled by metal coordination and ion-selective association,2022-2023
2021,ion-pair complexation control,selective solvation entropy engineering,solvation_entropy,solvation_entropy,2,8,5,8,5,8,5,2,1.0277966847395015,40,2,0.07395750616511679,0,11,1,0,0,0,,2022-2023
2021,ion-pair complexation control,soft mixed ionic-electronic coupling,solvation_entropy,transport_mechanism,2,8,4,8,4,8,4,1,0.3789231816899512,32,2,0.03932257501839108,1,11,1,0,0,0,,2022-2023
2021,ion-selectivity membrane transport,organic redox molecular design,transport_mechanism,redox_chemistry,2,11,4,11,4,11,4,1,0.5138983423697507,44,2,0.005727351014214655,1,23,1,0,0,0,,2022-2023
2021,ion-selectivity membrane transport,phase-transition entropy amplification,transport_mechanism,phase_or_species_transition,2,11,11,11,11,11,11,4,2.0692886578176024,121,2,0.04280306612829894,1,23,1,0,0,1,A near-infrared light responsive temperature-sensing switch in a submicro-channel heterogeneous membrane,2022-2023
2021,ion-selectivity membrane transport,redox entropy tuning,transport_mechanism,solvation_entropy,3,11,8,11,8,11,8,0,0.0,88,3,0.0,1,23,1,0,0,0,,2022-2023
2021,ion-selectivity membrane transport,selective solvation entropy engineering,transport_mechanism,solvation_entropy,2,11,5,11,5,11,5,1,0.5581106265512472,55,2,0.13767916470780128,1,23,1,0,0,0,,2022-2023
2021,ion-selectivity membrane transport,soft mixed ionic-electronic coupling,transport_mechanism,transport_mechanism,2,11,4,11,4,11,4,3,1.3479411373731205,44,2,0.04630507173072533,0,23,1,0,0,1,Size-Selective Ionic Crosslinking Provides Stretchable Mixed Ionic-Electronic Conductors,2022-2023
2021,moisture-gradient ion transport,organic redox molecular design,transport_mechanism,redox_chemistry,2,9,4,9,4,9,4,1,0.5138983423697507,36,2,0.014005261131826865,1,20,1,0,0,0,,2022-2023
2021,moisture-gradient ion transport,quasi-solid granular electrolyte matrix,transport_mechanism,material_system,2,9,4,9,4,9,4,3,1.2129879645384438,36,2,0.016179717326618562,1,20,1,0,0,0,,2022-2023
2021,moisture-gradient ion transport,redox entropy tuning,transport_mechanism,solvation_entropy,2,9,8,9,8,9,8,3,1.5726743937719798,72,2,0.011872890367260011,1,20,1,0,0,1,Exceptional n-type thermoelectric ionogels enabled by metal coordination and ion-selective association,2022-2023
2021,moisture-gradient ion transport,selective solvation entropy engineering,transport_mechanism,solvation_entropy,2,9,5,9,5,9,5,1,0.43429448190325176,45,2,0.01883694764753601,1,20,1,0,0,0,,2022-2023
2021,nanochannel-confined ion transport,organic redox molecular design,transport_mechanism,redox_chemistry,3,5,4,5,4,5,4,0,0.0,20,3,0.0,1,4,1,0,0,0,,2022-2023
2021,nanochannel-confined ion transport,phase-transition entropy amplification,transport_mechanism,phase_or_species_transition,2,5,11,5,11,5,11,2,0.8340427950033699,55,2,0.05347673117511799,1,4,1,0,0,0,,2022-2023
2021,nanochannel-confined ion transport,quasi-solid granular electrolyte matrix,transport_mechanism,material_system,2,5,4,5,4,5,4,2,0.7959555731141975,20,2,0.004744454890799722,1,4,1,0,0,0,,2022-2023
2021,nanochannel-confined ion transport,redox entropy tuning,transport_mechanism,solvation_entropy,3,5,8,5,8,5,8,0,0.0,40,3,0.0,1,4,1,0,0,0,,2022-2023
2021,nanochannel-confined ion transport,selective solvation entropy engineering,transport_mechanism,solvation_entropy,3,5,5,5,5,5,5,0,0.0,25,3,0.019657213750946628,1,4,1,0,0,0,,2022-2023
2021,nanochannel-confined ion transport,soft mixed ionic-electronic coupling,transport_mechanism,transport_mechanism,2,5,4,5,4,5,4,3,1.3479411373731205,20,2,0.02213387012739499,0,4,1,0,0,0,,2022-2023
2021,organic redox molecular design,phase-transition entropy amplification,redox_chemistry,phase_or_species_transition,2,4,11,4,11,4,11,4,2.111017942435233,44,2,0.0,1,9,1,0,0,0,,2022-2023
2021,organic redox molecular design,quasi-solid granular electrolyte matrix,redox_chemistry,material_system,3,4,4,4,4,4,4,0,0.0,16,3,0.07889444074971895,1,9,1,0,0,0,,2022-2023
2021,organic redox molecular design,selective solvation entropy engineering,redox_chemistry,solvation_entropy,3,4,5,4,5,4,5,0,0.0,20,3,0.005772540407445398,1,9,1,0,0,0,,2022-2023
2021,organic redox molecular design,soft mixed ionic-electronic coupling,redox_chemistry,transport_mechanism,3,4,4,4,4,4,4,0,0.0,16,3,0.047722773478458755,1,9,1,0,0,0,,2022-2023
2021,phase-transition entropy amplification,selective solvation entropy engineering,phase_or_species_transition,solvation_entropy,2,11,5,11,5,11,5,1,0.5138983423697507,55,2,0.21849428979983432,1,19,1,0,0,0,,2022-2023
2021,phase-transition entropy amplification,soft mixed ionic-electronic coupling,phase_or_species_transition,transport_mechanism,2,11,4,11,4,11,4,2,0.8340427950033699,44,2,0.018269972122115584,1,19,1,0,0,0,,2022-2023
2021,quasi-solid granular electrolyte matrix,redox entropy tuning,material_system,solvation_entropy,2,4,8,4,8,4,8,1,0.4170323914242463,32,2,0.005380372376566023,1,23,1,0,0,0,,2022-2023
2021,quasi-solid granular electrolyte matrix,selective solvation entropy engineering,material_system,solvation_entropy,3,4,5,4,5,4,5,0,0.0,20,3,0.04146078565694603,1,23,1,0,0,0,,2022-2023
2021,quasi-solid granular electrolyte matrix,soft mixed ionic-electronic coupling,material_system,transport_mechanism,2,4,4,4,4,4,4,1,0.3789231816899512,16,2,0.06413937059314304,1,23,1,0,0,0,,2022-2023
2021,redox entropy tuning,selective solvation entropy engineering,solvation_entropy,solvation_entropy,2,8,5,8,5,8,5,2,0.9924051084544989,40,2,0.27088495413997127,0,8,1,0,0,0,,2022-2023
2021,redox entropy tuning,soft mixed ionic-electronic coupling,solvation_entropy,transport_mechanism,2,8,4,8,4,8,4,1,0.43429448190325176,32,2,0.03460208563199709,1,8,1,0,0,0,,2022-2023
2021,selective solvation entropy engineering,soft mixed ionic-electronic coupling,solvation_entropy,transport_mechanism,2,5,4,5,4,5,4,1,0.43429448190325176,20,2,0.06680101092883658,1,3,1,0,0,0,,2022-2023
