cutoff_year,concept_i_ite_donor,concept_j_tg_anchor,i_type,j_type,u_degree_all,v_degree_all,u_degree_tg,v_degree_tg,u_degree_ite,v_degree_ite,common_neighbors,adamic_adar,preferential_attachment,shortest_path,semantic_similarity,cross_type,ite_lead_years_for_u,u_seen_in_ite,u_seen_in_tg,v_seen_in_tg,ml_score,graph_adoption_score,actionability_score,hybrid_adoption_score,hybrid_actionability_score
2026,nanochannel-confined ion transport,charge-transfer resistance engineering,transport_mechanism,electrode_interface,19,31,7,31,19,14,12,3.38842773725117,589,2,0.052916983672775635,1,6,1,1,1,0.9437678141367396,1.7352409638554216,1.9152409638554218,0.9921686746987952,1.1721686746987954
2026,redox-solvation hybrid entropy,ferri/ferrocyanide redox chemistry,solvation_entropy,redox_chemistry,15,50,9,47,12,32,12,3.7026472923602416,750,2,0.04349658075124754,1,4,1,1,1,0.9325104896743937,1.745,1.9250000000000003,0.9897590361445783,1.1697590361445784
2026,soft mixed ionic-electronic coupling,gel-confined redox transport,transport_mechanism,gel_microstructure,16,52,3,47,16,38,16,4.586141854696805,832,2,0.004518375834019422,1,10,1,1,1,0.9435222727926145,1.7119277108433735,1.8919277108433736,0.986144578313253,1.1661445783132531
2026,nanochannel-confined ion transport,ferri/ferrocyanide redox chemistry,transport_mechanism,redox_chemistry,19,50,7,47,19,32,16,4.561347258172563,950,2,0.0,1,6,1,1,1,0.9528639518202222,1.6996385542168675,1.8796385542168677,0.9813253012048193,1.1613253012048195
2026,nanochannel-confined ion transport,Fe2+/Fe3+ solvation redox chemistry,transport_mechanism,redox_chemistry,19,47,7,41,19,31,15,4.21537100191137,893,2,0.0077825304968961,1,6,1,1,1,0.9232263253794148,1.7219277108433735,1.9019277108433736,0.9765060240963855,1.1565060240963856
2026,redox-solvation hybrid entropy,chaotropic polymer-water disruption,solvation_entropy,gel_microstructure,15,32,9,18,12,29,10,2.897788083596552,480,2,0.03651879022811467,1,4,1,1,1,0.9299002279883997,1.7030120481927709,1.883012048192771,0.9765060240963855,1.1565060240963856
2026,ion-dipole interaction transport,Fe2+/Fe3+ solvation redox chemistry,transport_mechanism,redox_chemistry,18,47,4,41,15,31,15,4.276968161308921,846,2,0.020849242934540223,1,0,1,1,1,0.9084550413086225,1.7416867469879518,1.921686746987952,0.9740963855421687,1.1540963855421689
2026,ion-dipole interaction transport,dynamic crosslinked gel network,transport_mechanism,gel_microstructure,18,38,4,23,15,33,15,4.22672018795275,684,2,0.0,1,0,1,1,1,0.9422260496286556,1.6840963855421687,1.8640963855421688,0.9722891566265061,1.152289156626506
2026,solvent-shell water/DES regulation,chaotropic polymer-water disruption,solvation_entropy,gel_microstructure,12,32,5,18,11,29,9,2.5432746371081203,384,2,0.07327306856803215,1,5,1,1,1,0.9459147657305201,1.6746385542168674,1.8546385542168675,0.9692771084337349,1.149277108433735
2026,soft mixed ionic-electronic coupling,charge-transfer resistance engineering,transport_mechanism,electrode_interface,16,31,3,31,16,14,10,2.7568531343683715,496,2,0.013754215241258928,1,10,1,1,1,0.9337319706841343,1.6778313253012047,1.8578313253012049,0.9674698795180723,1.1474698795180724
2026,nanochannel-confined ion transport,imidazolium ionic-liquid phase transition electrolyte,transport_mechanism,material_system,19,21,7,13,19,18,10,2.74541945906591,399,2,0.07202723609715016,1,6,1,1,1,0.9239134202422612,1.6871084337349398,1.86710843373494,0.963855421686747,1.1438554216867471
2026,nanochannel-confined ion transport,iodide/triiodide redox chemistry,transport_mechanism,redox_chemistry,19,23,7,18,19,14,12,3.337955943213742,437,2,0.00477713502637384,1,6,1,1,1,0.934234562088939,1.6606626506024096,1.8406626506024097,0.9572289156626506,1.1372289156626507
2026,soft mixed ionic-electronic coupling,imidazolium ionic-liquid phase transition electrolyte,transport_mechanism,material_system,16,21,3,13,16,18,10,2.763234187986584,336,2,0.14199155022246798,1,10,1,1,1,0.9335996426070513,1.656746987951807,1.8367469879518072,0.9506024096385542,1.1306024096385543
2026,ion-dipole interaction transport,iodide/triiodide redox chemistry,transport_mechanism,redox_chemistry,18,23,4,18,15,14,14,3.993389669257587,414,2,0.005151909806188647,1,0,1,1,1,0.9189044457560578,1.6659638554216867,1.8459638554216868,0.9475903614457831,1.1275903614457832
2026,ion-dipole interaction transport,imidazolium ionic-liquid phase transition electrolyte,transport_mechanism,material_system,18,21,4,13,15,18,10,2.7360743621159815,378,2,0.08919570857211101,1,0,1,1,1,0.8992183735022683,1.6755421686746987,1.855542168674699,0.9421686746987952,1.1221686746987953
2026,nanochannel-confined ion transport,double-network hydrogel mechanics,transport_mechanism,gel_microstructure,19,20,7,11,19,16,10,2.7368102317702814,380,2,0.03092687411184163,1,6,1,1,1,0.9123861633665813,1.6575903614457832,1.8375903614457834,0.939156626506024,1.1191566265060242
2026,soft mixed ionic-electronic coupling,organic redox molecular design,transport_mechanism,redox_chemistry,16,20,3,13,16,16,10,2.8007698684705424,320,2,0.026691098336813237,1,10,1,1,1,0.92924345182998,1.619156626506024,1.7991566265060241,0.936144578313253,1.116144578313253
2026,ion-dipole interaction transport,MXene-reinforced thermogalvanic gel,transport_mechanism,material_system,18,23,4,13,15,16,13,3.668234118158922,414,2,0.0,1,0,1,1,1,0.9092224037932236,1.6422289156626506,1.8222289156626508,0.9331325301204819,1.113132530120482
2026,redox-solvation hybrid entropy,cellulose nanofiber scaffold,solvation_entropy,gel_microstructure,15,31,9,19,12,29,8,2.258661877563695,465,2,0.0,1,4,1,1,1,0.940169140476077,1.6107831325301205,1.7907831325301207,0.9331325301204819,1.113132530120482
2026,soft mixed ionic-electronic coupling,iodide/triiodide redox chemistry,transport_mechanism,redox_chemistry,16,23,3,18,16,14,10,2.7926272944198653,368,2,0.004832603510390905,1,10,1,1,1,0.9433348804539529,1.6043373493975903,1.7843373493975905,0.9313253012048193,1.1113253012048194
2026,nanochannel-confined ion transport,organic redox molecular design,transport_mechanism,redox_chemistry,19,20,7,13,19,16,12,3.2983076603574712,380,2,0.0,1,6,1,1,1,0.9190994693771692,1.618855421686747,1.7988554216867472,0.9265060240963855,1.1065060240963855
2026,soft mixed ionic-electronic coupling,double-network hydrogel mechanics,transport_mechanism,gel_microstructure,16,20,3,11,16,16,10,2.724170305558074,320,2,0.009159737396285962,1,10,1,1,1,0.9148746845202662,1.5899999999999999,1.77,0.9114457831325301,1.0914457831325302
2026,redox-solvation hybrid entropy,charge-transfer resistance engineering,solvation_entropy,electrode_interface,15,31,9,31,12,14,6,1.7120483702577916,465,2,0.012573526419131897,1,4,1,1,1,0.9004542677312151,1.6141566265060239,1.794156626506024,0.9114457831325301,1.0914457831325302
2026,ion-dipole interaction transport,interpenetrating-network thermogalvanic hydrogel,transport_mechanism,gel_microstructure,18,17,4,11,15,11,11,3.0304133382510283,306,2,0.07410502780918853,1,0,1,1,1,0.8829870369052091,1.639036144578313,1.8190361445783132,0.9090361445783133,1.0890361445783134
2026,solvent-shell water/DES regulation,cellulose nanofiber scaffold,solvation_entropy,gel_microstructure,12,31,5,19,11,29,7,1.9041484310752632,372,2,0.004789384866025479,1,5,1,1,1,0.9233192067641128,1.5699397590361444,1.7499397590361445,0.9066265060240963,1.0866265060240965
2026,nanochannel-confined ion transport,interpenetrating-network thermogalvanic hydrogel,transport_mechanism,gel_microstructure,19,17,7,11,19,11,12,3.3309651114209187,323,2,0.005519813952600105,1,6,1,1,1,0.8983283211564259,1.607289156626506,1.7872891566265061,0.9042168674698795,1.0842168674698796
2026,ion-dipole interaction transport,double-network hydrogel mechanics,transport_mechanism,gel_microstructure,18,20,4,11,15,16,10,2.727465134820353,360,2,0.0,1,0,1,1,1,0.9065276952307709,1.5755421686746989,1.755542168674699,0.9018072289156627,1.0818072289156628
2026,solvent-shell water/DES regulation,charge-transfer resistance engineering,solvation_entropy,electrode_interface,12,31,5,31,11,14,6,1.648741599989322,372,2,0.0031241734466288694,1,5,1,1,1,0.9267364455466566,1.5368072289156627,1.7168072289156628,0.9,1.08
2026,ion-dipole interaction transport,organic redox molecular design,transport_mechanism,redox_chemistry,18,20,4,13,15,16,11,3.033340344772212,360,2,0.014238038374874628,1,0,1,1,1,0.8736808276535285,1.6321686746987951,1.8121686746987953,0.8993975903614457,1.0793975903614457
2026,redox-solvation hybrid entropy,iodide/triiodide redox chemistry,solvation_entropy,redox_chemistry,15,23,9,18,12,14,5,1.4050950087451288,345,2,0.04189488054215961,1,4,1,1,1,0.9175189219794018,1.5495180722891566,1.7295180722891568,0.8993975903614457,1.0793975903614457
2026,bidirectional cationic anchoring thermodiffusion,ferri/ferrocyanide redox chemistry,transport_mechanism,redox_chemistry,8,50,0,47,8,32,8,2.399776329141597,400,2,0.0,1,4,1,0,1,0.8964432043572026,1.5928313253012047,1.772831325301205,0.8975903614457832,1.0775903614457831
2026,bidirectional cationic anchoring thermodiffusion,Fe2+/Fe3+ solvation redox chemistry,transport_mechanism,redox_chemistry,8,47,0,41,8,31,7,1.982743937717351,376,2,0.031166922706696982,1,4,1,0,1,0.8700693924269145,1.6178313253012044,1.7978313253012046,0.891566265060241,1.0715662650602409
2026,salting-out confined ion gel,ferri/ferrocyanide redox chemistry,gel_microstructure,redox_chemistry,12,50,6,47,8,32,12,3.591853192575513,600,2,0.0,1,2,1,1,1,0.9601353890494011,1.6668072289156626,1.7668072289156627,0.9692771084337349,1.069277108433735
2026,ion-dipole interaction transport,carbon-electrode redox interface,transport_mechanism,electrode_interface,18,21,4,20,15,5,7,1.8651220014982641,378,2,0.09887798386098003,1,0,1,1,1,0.8414290271311475,1.639457831325301,1.8194578313253011,0.8879518072289156,1.0679518072289156
2026,thermoresponsive micellization p/n conversion,gel-confined redox transport,phase_or_species_transition,gel_microstructure,6,52,2,47,4,38,6,1.6716951913202478,312,2,0.018103883121389754,1,2,1,1,1,0.9044366972320337,1.538313253012048,1.7183132530120482,0.8879518072289156,1.0679518072289156
2026,double-network hydrogel mechanics,deep-eutectic eutogel electrolyte,gel_microstructure,material_system,20,26,11,15,16,22,12,3.2521627525778842,520,2,0.0327866517468631,1,3,1,1,1,0.9028128516033578,1.7175301204819278,1.8175301204819279,0.963855421686747,1.063855421686747
2026,thermoresponsive micellization p/n conversion,ferri/ferrocyanide redox chemistry,phase_or_species_transition,redox_chemistry,6,50,2,47,4,32,6,1.6716951913202478,300,2,0.0,1,2,1,1,1,0.9499227010372786,1.4808433734939759,1.660843373493976,0.8825301204819277,1.0625301204819277
2026,double-network hydrogel mechanics,MXene-reinforced thermogalvanic gel,gel_microstructure,material_system,20,23,11,13,16,16,11,3.2637578871589024,460,2,0.03192599240827887,1,3,1,1,1,0.9023833212336839,1.7008433734939759,1.800843373493976,0.9560240963855422,1.0560240963855423
2026,solvent-shell water/DES regulation,MXene-reinforced thermogalvanic gel,solvation_entropy,material_system,12,23,5,13,11,16,8,2.3091776936814306,276,2,0.0,1,5,1,1,1,0.9138128131498519,1.5031927710843374,1.6831927710843375,0.8746987951807229,1.054698795180723
2026,double-network hydrogel mechanics,iodide/triiodide redox chemistry,gel_microstructure,redox_chemistry,20,23,11,18,16,14,13,3.664357889688991,460,2,0.0,1,3,1,1,1,0.94166880218078,1.6534337349397592,1.7534337349397593,0.9518072289156626,1.0518072289156626
2026,thermoresponsive micellization p/n conversion,Fe2+/Fe3+ solvation redox chemistry,phase_or_species_transition,redox_chemistry,6,47,2,41,4,31,5,1.3527662024164466,282,2,0.03082611211677366,1,2,1,1,1,0.9241485981528407,1.4786746987951807,1.6586746987951808,0.8668674698795181,1.0468674698795182
2026,nanochannel-confined ion transport,carbon-electrode redox interface,transport_mechanism,electrode_interface,19,21,7,20,19,5,7,1.8744670984481921,399,2,0.0,1,6,1,1,1,0.8608500193817367,1.568855421686747,1.7488554216867471,0.8662650602409638,1.0462650602409638
2026,nanochannel-confined ion transport,salting-out confined ion gel,transport_mechanism,gel_microstructure,19,12,7,6,19,8,8,2.1919857285758657,228,2,0.27576120157783107,1,6,1,1,1,0.8667688824075199,1.5416867469879516,1.7216867469879518,0.8644578313253012,1.0444578313253012
2026,soft mixed ionic-electronic coupling,carbon-electrode redox interface,transport_mechanism,electrode_interface,16,21,3,20,16,5,6,1.5888687518265874,336,2,0.10079375687787044,1,10,1,1,1,0.8186513336636075,1.5804216867469878,1.760421686746988,0.858433734939759,1.038433734939759
2026,redox-solvation hybrid entropy,imidazolium ionic-liquid phase transition electrolyte,solvation_entropy,material_system,15,21,9,13,12,18,5,1.3558673188209018,315,2,0.03201557233831991,1,4,1,1,1,0.8896408021145602,1.5073493975903614,1.6873493975903615,0.8578313253012049,1.0378313253012048
2026,nanochannel-confined ion transport,hexacyanoferrate redox electrode,transport_mechanism,electrode_interface,19,14,7,3,19,11,8,2.1580455904995253,266,2,0.010851916196596445,1,6,1,1,1,0.8711087444570151,1.5276506024096383,1.7076506024096385,0.8578313253012049,1.0378313253012048
2026,salting-out confined ion gel,charge-transfer resistance engineering,gel_microstructure,electrode_interface,12,31,6,31,8,14,10,2.9972334408132713,372,2,0.013355350777682682,1,2,1,1,1,0.9259436042777593,1.6326506024096383,1.7326506024096384,0.9367469879518072,1.0367469879518072
2026,thermoresponsive micellization p/n conversion,anti-freezing organohydrogel design,phase_or_species_transition,gel_microstructure,6,37,2,25,4,32,6,1.6716951913202478,222,2,0.0,1,2,1,1,1,0.9497037185052486,1.4085542168674698,1.58855421686747,0.8487951807228915,1.0287951807228914
2026,solvent-shell water/DES regulation,iodide/triiodide redox chemistry,solvation_entropy,redox_chemistry,12,23,5,18,11,14,5,1.369510551160498,276,2,0.002976019767419576,1,5,1,1,1,0.9227545375534028,1.4266265060240964,1.6066265060240965,0.8421686746987953,1.0221686746987952
2026,double-network hydrogel mechanics,imidazolium ionic-liquid phase transition electrolyte,gel_microstructure,material_system,20,21,11,13,16,18,13,3.638479384143565,420,2,0.0037424659073337155,1,3,1,1,1,0.8876181709584301,1.6601807228915662,1.7601807228915662,0.9210843373493975,1.0210843373493976
2026,soft mixed ionic-electronic coupling,hexacyanoferrate redox electrode,transport_mechanism,electrode_interface,16,14,3,3,16,11,8,2.2254033677426817,224,2,0.056142987589170225,1,10,1,1,1,0.8352514350585307,1.5240361445783133,1.7040361445783134,0.8391566265060241,1.0191566265060241
2026,bidirectional cationic anchoring thermodiffusion,anti-freezing organohydrogel design,transport_mechanism,gel_microstructure,8,37,0,25,8,32,6,1.6038207560273998,296,2,0.022553967996338044,1,4,1,0,1,0.8445353851624113,1.5184939759036142,1.6984939759036144,0.83855421686747,1.01855421686747
2026,thermoresponsive micellization p/n conversion,chaotropic polymer-water disruption,phase_or_species_transition,gel_microstructure,6,32,2,18,4,29,6,1.6716951913202478,192,2,0.018551368484258587,1,2,1,1,1,0.9028304286762151,1.4308433734939758,1.610843373493976,0.836144578313253,1.016144578313253
2026,salting-out confined ion gel,MXene-reinforced thermogalvanic gel,gel_microstructure,material_system,12,23,6,13,8,16,8,2.1989551144851944,276,2,0.05564978920954547,1,2,1,1,1,0.9262340425993849,1.5745180722891565,1.6745180722891566,0.9120481927710843,1.0120481927710843
2026,redox-solvation hybrid entropy,organic redox molecular design,solvation_entropy,redox_chemistry,15,20,9,13,12,16,4,1.0818682338375252,300,2,0.055597534553019835,1,4,1,1,1,0.8903734863416757,1.459036144578313,1.6390361445783133,0.8319277108433736,1.0119277108433735
2026,bidirectional cationic anchoring thermodiffusion,charge-transfer resistance engineering,transport_mechanism,electrode_interface,8,31,0,31,8,14,6,1.6038207560273998,248,2,0.04888250745234935,1,4,1,0,1,0.8578118614693024,1.4943975903614457,1.6743975903614459,0.8289156626506025,1.0089156626506024
2026,convection-resolved resistance decomposition,gel-confined redox transport,transport_mechanism,gel_microstructure,5,52,3,47,5,38,5,1.399275305717062,260,2,0.015570908150335752,1,3,1,1,1,0.878930423342509,1.4640361445783132,1.6440361445783134,0.8289156626506025,1.0089156626506024
2026,bidirectional cationic anchoring thermodiffusion,chaotropic polymer-water disruption,transport_mechanism,gel_microstructure,8,32,0,18,8,29,6,1.6038207560273998,256,2,0.02181765044075258,1,4,1,0,1,0.8414086672385331,1.495602409638554,1.6756024096385542,0.822289156626506,1.002289156626506
2026,solvent-shell water/DES regulation,double-network hydrogel mechanics,solvation_entropy,gel_microstructure,12,20,5,11,11,16,6,1.5972207546451282,240,2,0.0,1,5,1,1,1,0.9001973780583699,1.4140361445783132,1.5940361445783133,0.822289156626506,1.002289156626506
2026,thermoresponsive micellization p/n conversion,cellulose nanofiber scaffold,phase_or_species_transition,gel_microstructure,6,31,2,19,4,29,6,1.6716951913202478,186,2,0.013619790771624542,1,2,1,1,1,0.9028468575457433,1.4024096385542169,1.582409638554217,0.8186746987951807,0.9986746987951807
2026,salting-out confined ion gel,iodide/triiodide redox chemistry,gel_microstructure,redox_chemistry,12,23,6,18,8,14,8,2.1919857285758657,276,2,0.0057455326717403684,1,2,1,1,1,0.9378202873348078,1.5221686746987952,1.6221686746987953,0.8981927710843374,0.9981927710843373
2026,salting-out confined ion gel,deep-eutectic eutogel electrolyte,gel_microstructure,material_system,12,26,6,15,8,22,9,2.451716030748137,312,2,0.017668229025309113,1,2,1,1,1,0.8976959043729174,1.584879518072289,1.684879518072289,0.8951807228915662,0.9951807228915662
2026,redox-solvation hybrid entropy,double-network hydrogel mechanics,solvation_entropy,gel_microstructure,15,20,9,11,12,16,5,1.3415985360097968,300,2,0.0078067506342661104,1,4,1,1,1,0.8636113629521907,1.4544578313253012,1.6344578313253013,0.8150602409638554,0.9950602409638554
2026,bidirectional cationic anchoring thermodiffusion,cellulose nanofiber scaffold,transport_mechanism,gel_microstructure,8,31,0,19,8,29,6,1.6038207560273998,248,2,0.0,1,4,1,0,1,0.8827677997877978,1.4246385542168674,1.6046385542168675,0.8144578313253013,0.9944578313253012
2026,solvent-shell water/DES regulation,imidazolium ionic-liquid phase transition electrolyte,solvation_entropy,material_system,12,21,5,13,11,18,5,1.320282861236271,252,2,0.014825764450098188,1,5,1,1,1,0.8700046527476606,1.4273493975903615,1.6073493975903617,0.8096385542168675,0.9896385542168674
2026,thermoresponsive micellization p/n conversion,dynamic crosslinked gel network,phase_or_species_transition,gel_microstructure,6,38,2,23,4,33,5,1.3527662024164466,228,2,0.007655852835292551,1,2,1,1,1,0.9022723133460278,1.3924096385542166,1.5724096385542168,0.8090361445783133,0.9890361445783132
2026,redox-solvation hybrid entropy,interpenetrating-network thermogalvanic hydrogel,solvation_entropy,gel_microstructure,15,17,9,11,12,11,5,1.3858571018421793,255,2,0.016472537393892154,1,4,1,1,1,0.855220046195265,1.4477108433734938,1.627710843373494,0.8060240963855422,0.9860240963855421
2026,salting-out confined ion gel,imidazolium ionic-liquid phase transition electrolyte,gel_microstructure,material_system,12,21,6,13,8,18,9,2.478191212881559,252,2,0.020369887178848363,1,2,1,1,1,0.8993198828909512,1.540180722891566,1.6401807228915661,0.8849397590361445,0.9849397590361445
2026,hydrogel volume-phase transition thermocell,ferri/ferrocyanide redox chemistry,phase_or_species_transition,redox_chemistry,5,50,0,47,5,32,5,1.3928081405782942,250,2,0.0,1,6,1,0,1,0.8937394211281644,1.3927710843373493,1.5727710843373495,0.803012048192771,0.983012048192771
2026,zwitterionic hydrogel ion regulation,ferri/ferrocyanide redox chemistry,gel_microstructure,redox_chemistry,6,50,2,47,5,32,6,1.7316666150111795,300,2,0.0033634874207194394,1,2,1,1,1,0.9286153742735315,1.5001204819277107,1.6001204819277108,0.8825301204819277,0.9825301204819277
2026,salting-out confined ion gel,dynamic crosslinked gel network,gel_microstructure,gel_microstructure,12,38,6,23,8,33,10,2.8860105126513886,456,2,0.055392939533940574,0,2,1,1,1,0.9498175415712706,1.7002409638554217,1.7002409638554217,0.9813253012048193,0.9813253012048193
2026,hydrogel volume-phase transition thermocell,anti-freezing organohydrogel design,phase_or_species_transition,gel_microstructure,5,37,0,25,5,32,5,1.3928081405782942,185,2,0.10788452586952886,1,6,1,0,1,0.8811773672383858,1.3960240963855421,1.5760240963855423,0.7969879518072289,0.9769879518072289
2026,solvent-shell water/DES regulation,organic redox molecular design,solvation_entropy,redox_chemistry,12,20,5,13,11,16,4,1.0818682338375252,240,2,0.026457297761218156,1,5,1,1,1,0.8904053106176539,1.3840963855421684,1.5640963855421686,0.7963855421686747,0.9763855421686747
2026,hydrogel volume-phase transition thermocell,Fe2+/Fe3+ solvation redox chemistry,phase_or_species_transition,redox_chemistry,5,47,0,41,5,31,5,1.3928081405782942,235,2,0.017085413679429798,1,6,1,0,1,0.8572204459409272,1.4213253012048193,1.6013253012048194,0.7951807228915663,0.9751807228915662
2026,double-network hydrogel mechanics,hexacyanoferrate redox electrode,gel_microstructure,electrode_interface,20,14,11,3,16,11,9,2.400439690897731,280,2,0.0,1,3,1,1,1,0.8990179864541454,1.5159638554216868,1.6159638554216869,0.869277108433735,0.9692771084337349
2026,salting-out confined ion gel,organic redox molecular design,gel_microstructure,redox_chemistry,12,20,6,13,8,16,9,2.4953988041181447,240,2,0.0,1,2,1,1,1,0.9287393499670534,1.4739156626506025,1.5739156626506026,0.8686746987951807,0.9686746987951806
2026,bidirectional cationic anchoring thermodiffusion,deep-eutectic eutogel electrolyte,transport_mechanism,material_system,8,26,0,15,8,22,6,1.6038207560273998,208,2,0.02443986087705429,1,4,1,0,1,0.7961364695786879,1.4435542168674698,1.62355421686747,0.7879518072289157,0.9679518072289156
2026,convection-resolved resistance decomposition,dynamic crosslinked gel network,transport_mechanism,gel_microstructure,5,38,3,23,5,33,5,1.399275305717062,190,2,0.003172255619822125,1,3,1,1,1,0.8981461175512838,1.3517469879518071,1.5317469879518073,0.7879518072289157,0.9679518072289156
2026,ion-dipole interaction transport,hexacyanoferrate redox electrode,transport_mechanism,electrode_interface,18,14,4,3,15,11,7,1.857493817329635,252,2,0.0,1,0,1,1,1,0.7685049165807183,1.4623493975903614,1.6423493975903616,0.7873493975903614,0.9673493975903613
2026,soft mixed ionic-electronic coupling,salting-out confined ion gel,transport_mechanism,gel_microstructure,16,12,3,6,16,8,7,1.9541782388612083,192,2,0.03328527621616283,1,10,1,1,1,0.7369390898771441,1.4690963855421684,1.6490963855421685,0.7855421686746988,0.9655421686746988
2026,double-network hydrogel mechanics,chaotropic polymer-water disruption,gel_microstructure,gel_microstructure,20,32,11,18,16,29,15,4.154115522902038,640,2,0.006957714047107041,0,3,1,1,1,0.9082198871174053,1.7071084337349396,1.7071084337349396,0.9644578313253012,0.9644578313253012
2026,thermoresponsive micellization p/n conversion,charge-transfer resistance engineering,phase_or_species_transition,electrode_interface,6,31,2,31,4,14,5,1.3947572979113902,186,2,0.0069815927936588635,1,2,1,1,1,0.8975772648917102,1.3506626506024095,1.5306626506024097,0.7843373493975904,0.9643373493975903
2026,ion-dipole interaction transport,salting-out confined ion gel,transport_mechanism,gel_microstructure,18,12,4,6,15,8,7,1.9107193145131371,216,2,0.026574853824481652,1,0,1,1,1,0.6518432352267332,1.4831927710843371,1.6631927710843373,0.7795180722891566,0.9595180722891565
2026,redox-solvation hybrid entropy,carbon-electrode redox interface,solvation_entropy,electrode_interface,15,21,9,20,12,5,3,0.787722749192082,315,2,0.0614899253562953,1,4,1,1,1,0.8176977125478945,1.4013253012048192,1.5813253012048194,0.7728915662650602,0.9528915662650601
2026,bidirectional cationic anchoring thermodiffusion,imidazolium ionic-liquid phase transition electrolyte,transport_mechanism,material_system,8,21,0,13,8,18,6,1.6991654456660177,168,2,0.05186875277991999,1,4,1,0,1,0.7947494423369186,1.4048795180722888,1.584879518072289,0.7692771084337349,0.9492771084337348
2026,polarized-membrane ionic thermal potential,gel-confined redox transport,transport_mechanism,gel_microstructure,4,52,0,47,4,38,4,1.2222628894849525,208,2,0.0070880712689533045,1,11,1,0,1,0.8744107207291973,1.342710843373494,1.5227108433734942,0.7674698795180723,0.9474698795180723
2026,solvent-shell water/DES regulation,interpenetrating-network thermogalvanic hydrogel,solvation_entropy,gel_microstructure,12,17,5,11,11,11,5,1.3502726442575483,204,2,0.007796221933666616,1,5,1,1,1,0.8528113792557701,1.3699999999999999,1.55,0.7674698795180723,0.9474698795180723
2026,double-network hydrogel mechanics,interpenetrating-network thermogalvanic hydrogel,gel_microstructure,gel_microstructure,20,17,11,11,16,11,11,2.975224859169027,340,2,0.3286087494730207,0,3,1,1,1,0.9076695264368755,1.673734939759036,1.673734939759036,0.9457831325301205,0.9457831325301205
2026,salting-out confined ion gel,carbon-electrode redox interface,gel_microstructure,electrode_interface,12,21,6,20,8,5,7,1.9974620573233692,252,2,0.0,1,2,1,1,1,0.8881156813366156,1.4707831325301204,1.5707831325301205,0.8367469879518072,0.9367469879518072
2026,thermoresponsive micellization p/n conversion,deep-eutectic eutogel electrolyte,phase_or_species_transition,material_system,6,26,2,15,4,22,5,1.3947572979113902,156,2,0.0,1,2,1,1,1,0.8984069791840381,1.2640361445783133,1.4440361445783134,0.7512048192771086,0.9312048192771085
2026,solvent-shell water/DES regulation,carbon-electrode redox interface,solvation_entropy,electrode_interface,12,21,5,20,11,5,4,1.0433449678274136,252,2,0.010710618169690975,1,5,1,1,1,0.8016959567701893,1.36644578313253,1.5464457831325302,0.7512048192771084,0.9312048192771083
2026,hydrogel volume-phase transition thermocell,cellulose nanofiber scaffold,phase_or_species_transition,gel_microstructure,5,31,0,19,5,29,5,1.3928081405782942,155,2,0.028004170545338856,1,6,1,0,1,0.8741748669369878,1.3090361445783132,1.4890361445783133,0.7506024096385542,0.9306024096385541
2026,hydrogel volume-phase transition thermocell,charge-transfer resistance engineering,phase_or_species_transition,electrode_interface,5,31,0,31,5,14,5,1.3928081405782942,155,2,0.03855514483752797,1,6,1,0,1,0.8588722047790376,1.3181927710843373,1.4981927710843375,0.7487951807228916,0.9287951807228916
2026,hydrogel volume-phase transition thermocell,dynamic crosslinked gel network,phase_or_species_transition,gel_microstructure,5,38,0,23,5,33,4,1.0738791516744932,190,2,0.015168036434127665,1,6,1,0,1,0.8580422524989371,1.315903614457831,1.4959036144578313,0.7463855421686747,0.9263855421686746
2026,convection-resolved resistance decomposition,anti-freezing organohydrogel design,transport_mechanism,gel_microstructure,5,37,3,25,5,32,4,1.0708165669640108,185,2,0.013997986127285022,1,3,1,1,1,0.8782479173484885,1.2907831325301204,1.4707831325301206,0.7463855421686747,0.9263855421686746
2026,hydrogel volume-phase transition thermocell,chaotropic polymer-water disruption,phase_or_species_transition,gel_microstructure,5,32,0,18,5,29,5,1.3928081405782942,160,2,0.01480611663192739,1,6,1,0,1,0.852717609355532,1.3133734939759036,1.4933734939759038,0.7397590361445783,0.9197590361445782
2026,polarized-membrane ionic thermal potential,ferri/ferrocyanide redox chemistry,transport_mechanism,redox_chemistry,4,50,0,47,4,32,3,0.8826396175898439,200,2,0.0,1,11,1,0,1,0.8898624657679708,1.2427710843373494,1.4227710843373496,0.7373493975903614,0.9173493975903614
2026,convection-resolved resistance decomposition,chaotropic polymer-water disruption,transport_mechanism,gel_microstructure,5,32,3,18,5,29,4,1.0708165669640108,160,2,0.01872268086535584,1,3,1,1,1,0.8783815405398014,1.2572891566265059,1.437289156626506,0.736144578313253,0.9161445783132529
2026,ion-dipole interaction transport,hierarchical porous electrode interface,transport_mechanism,electrode_interface,18,10,4,7,15,7,6,1.6135150188701184,180,2,0.09231867738843579,1,0,1,1,1,0.5297008730480817,1.4230722891566263,1.6030722891566265,0.7349397590361446,0.9149397590361446
2026,redox-solvation hybrid entropy,hexacyanoferrate redox electrode,solvation_entropy,electrode_interface,15,14,9,3,12,11,3,0.787722749192082,210,2,0.05434188399371887,1,4,1,1,1,0.8559140593655521,1.302289156626506,1.4822891566265062,0.7349397590361446,0.9149397590361446
2026,nanochannel-confined ion transport,coupling-enhanced hydrogel thermoelectric effect,transport_mechanism,gel_microstructure,19,9,7,7,19,8,6,1.64830139929028,171,2,0.012996309357019583,1,6,1,1,1,0.7086669622905402,1.3735542168674697,1.5535542168674699,0.7349397590361446,0.9149397590361446
2026,nanochannel-confined ion transport,hierarchical porous electrode interface,transport_mechanism,electrode_interface,19,10,7,7,19,7,5,1.341593701757318,190,2,0.007136072976735782,1,6,1,1,1,0.7794107336007522,1.3459036144578314,1.5259036144578315,0.7343373493975904,0.9143373493975904
2026,bidirectional cationic anchoring thermodiffusion,organic redox molecular design,transport_mechanism,redox_chemistry,8,20,0,13,8,16,6,1.6038207560273998,160,2,0.014738100634974223,1,4,1,0,1,0.7430138983431778,1.3486144578313253,1.5286144578313254,0.7295180722891565,0.9095180722891565
2026,bidirectional cationic anchoring thermodiffusion,double-network hydrogel mechanics,transport_mechanism,gel_microstructure,8,20,0,11,8,16,6,1.6038207560273998,160,2,0.004058876552006257,1,4,1,0,1,0.7473800933836683,1.324036144578313,1.5040361445783132,0.7216867469879518,0.9016867469879517
2026,polarized-membrane ionic thermal potential,anti-freezing organohydrogel design,transport_mechanism,gel_microstructure,4,37,0,25,4,32,4,1.2222628894849525,148,2,0.009211823798077001,1,11,1,0,1,0.8737428305438601,1.2306626506024094,1.4106626506024096,0.7210843373493976,0.9010843373493975
2026,bidirectional cationic anchoring thermodiffusion,interpenetrating-network thermogalvanic hydrogel,transport_mechanism,gel_microstructure,8,17,0,11,8,11,7,1.982743937717351,136,2,0.04493247587534219,1,4,1,0,1,0.6711124783329865,1.3568674698795178,1.536867469879518,0.7204819277108434,0.9004819277108433
2026,polarized-membrane ionic thermal potential,chaotropic polymer-water disruption,transport_mechanism,gel_microstructure,4,32,0,18,4,29,4,1.2222628894849525,128,2,0.03699030912296977,1,11,1,0,1,0.8719618987203068,1.228012048192771,1.4080120481927711,0.7180722891566265,0.8980722891566264
2026,zwitterionic hydrogel ion regulation,charge-transfer resistance engineering,gel_microstructure,electrode_interface,6,31,2,31,5,14,5,1.4404599387912171,186,2,0.0146251681144938,1,2,1,1,1,0.8980463233095901,1.3720481927710844,1.4720481927710845,0.7963855421686747,0.8963855421686747
2026,soft mixed ionic-electronic coupling,coupling-enhanced hydrogel thermoelectric effect,transport_mechanism,gel_microstructure,16,9,3,7,16,8,7,1.9105690508205662,144,2,0.18882182603157996,1,10,1,1,1,0.5328553810004368,1.3888554216867468,1.568855421686747,0.7156626506024096,0.8956626506024096
2026,thermoresponsive micellization p/n conversion,imidazolium ionic-liquid phase transition electrolyte,phase_or_species_transition,material_system,6,21,2,13,4,18,5,1.3881166992689142,126,2,0.025817185327601935,1,2,1,1,1,0.8414810443874408,1.2480722891566263,1.4280722891566264,0.7132530120481928,0.8932530120481927
2026,hydrogel volume-phase transition thermocell,deep-eutectic eutogel electrolyte,phase_or_species_transition,material_system,5,26,0,15,5,22,5,1.3928081405782942,130,2,0.03346715353695156,1,6,1,0,1,0.7974873573494952,1.2699999999999998,1.45,0.7126506024096385,0.8926506024096384
2026,thermoresponsive micellization p/n conversion,organic redox molecular design,phase_or_species_transition,redox_chemistry,6,20,2,13,4,16,6,1.6716951913202478,120,2,0.0,1,2,1,1,1,0.8719271705524014,1.2206024096385542,1.4006024096385543,0.7120481927710844,0.8920481927710844
2026,solvent-shell water/DES regulation,hexacyanoferrate redox electrode,solvation_entropy,electrode_interface,12,14,5,3,11,11,4,1.0433449678274136,168,2,0.012116344139646322,1,5,1,1,1,0.8224325197742046,1.2563253012048192,1.4363253012048194,0.7108433734939759,0.8908433734939758
2026,bidirectional cationic anchoring thermodiffusion,iodide/triiodide redox chemistry,transport_mechanism,redox_chemistry,8,23,0,18,8,14,4,1.0453346862335728,184,2,0.013879195360493502,1,4,1,0,1,0.7836757525037649,1.2815060240963854,1.4615060240963855,0.7108433734939759,0.8908433734939758
2026,zwitterionic hydrogel ion regulation,gel-confined redox transport,gel_microstructure,gel_microstructure,6,52,2,47,5,38,6,1.7316666150111795,312,2,0.010846088936040601,0,2,1,1,1,0.9057899663051432,1.5328915662650602,1.5328915662650602,0.8849397590361445,0.8849397590361445
2026,soft mixed ionic-electronic coupling,hierarchical porous electrode interface,transport_mechanism,electrode_interface,16,10,3,7,16,7,5,1.3441310511153328,160,2,0.05224407469123101,1,10,1,1,1,0.6065073231198348,1.3304819277108433,1.5104819277108434,0.6993975903614458,0.8793975903614457
2026,zwitterionic hydrogel ion regulation,anti-freezing organohydrogel design,gel_microstructure,gel_microstructure,6,37,2,25,5,32,6,1.7316666150111795,222,2,0.11627186755723892,0,2,1,1,1,0.9253520679390868,1.4986746987951807,1.4986746987951807,0.8783132530120483,0.8783132530120483
2026,convection-resolved resistance decomposition,imidazolium ionic-liquid phase transition electrolyte,transport_mechanism,material_system,5,21,3,13,5,18,5,1.399275305717062,105,2,0.06237854878062723,1,3,1,1,1,0.8524078867141218,1.2151204819277108,1.395120481927711,0.6975903614457831,0.8775903614457831
2026,polarized-membrane ionic thermal potential,cellulose nanofiber scaffold,transport_mechanism,gel_microstructure,4,31,0,19,4,29,4,1.2222628894849525,124,2,0.0,1,11,1,0,1,0.8889487608486162,1.1486144578313253,1.3286144578313255,0.6927710843373494,0.8727710843373493
2026,biomass-derived porous carbon electrode,gel-confined redox transport,electrode_interface,gel_microstructure,3,52,1,47,2,38,3,0.9385944038768146,156,2,0.012367443326542757,1,3,1,1,1,0.8471064383910198,1.197831325301205,1.3778313253012051,0.6927710843373494,0.8727710843373493
2026,salting-out confined ion gel,interpenetrating-network thermogalvanic hydrogel,gel_microstructure,gel_microstructure,12,17,6,11,8,11,7,1.886239129161487,204,2,0.078811805699773,0,2,1,1,1,0.9184423141135393,1.4970481927710841,1.4970481927710841,0.8710843373493976,0.8710843373493976
2026,zwitterionic hydrogel ion regulation,deep-eutectic eutogel electrolyte,gel_microstructure,material_system,6,26,2,15,5,22,5,1.3978584143158455,156,2,0.04029436153523221,1,2,1,1,1,0.885422671683826,1.3323493975903613,1.4323493975903614,0.7704819277108433,0.8704819277108433
2026,thermoresponsive micellization p/n conversion,double-network hydrogel mechanics,phase_or_species_transition,gel_microstructure,6,20,2,11,4,16,5,1.3527662024164466,120,2,0.0,1,2,1,1,1,0.8606631475552479,1.1686746987951806,1.3486746987951808,0.6903614457831325,0.8703614457831325
2026,redox-solvation hybrid entropy,salting-out confined ion gel,solvation_entropy,gel_microstructure,15,12,9,6,12,8,3,0.7897530648584459,180,2,0.0107455739851645,1,4,1,1,1,0.8083265821997454,1.2100602409638554,1.3900602409638556,0.6861445783132529,0.8661445783132529
2026,biomass-derived porous carbon electrode,ferri/ferrocyanide redox chemistry,electrode_interface,redox_chemistry,3,50,1,47,2,32,3,0.9385944038768146,150,2,0.005812470119269572,1,3,1,1,1,0.8554894283002626,1.166746987951807,1.3467469879518073,0.6837349397590361,0.863734939759036
2026,salting-out confined ion gel,hexacyanoferrate redox electrode,gel_microstructure,electrode_interface,12,14,6,3,8,11,6,1.5950324529415245,168,2,0.0,1,2,1,1,1,0.8826600497497532,1.3192168674698794,1.4192168674698795,0.7632530120481927,0.8632530120481927
2026,polarized-membrane ionic thermal potential,dynamic crosslinked gel network,transport_mechanism,gel_microstructure,4,38,0,23,4,33,3,0.8762866332237589,152,2,0.0036027314322989415,1,11,1,0,1,0.8593633557325848,1.1568072289156626,1.3368072289156627,0.6825301204819276,0.8625301204819276
2026,bidirectional cationic anchoring thermodiffusion,carbon-electrode redox interface,transport_mechanism,electrode_interface,8,21,0,20,8,5,5,1.3202422639760663,168,2,0.011936085299339726,1,4,1,0,1,0.5759014304045523,1.3081927710843373,1.4881927710843375,0.6819277108433734,0.8619277108433734
2026,bidirectional cationic anchoring thermodiffusion,MXene-reinforced thermogalvanic gel,transport_mechanism,material_system,8,23,0,13,8,16,3,0.7704271084910792,184,2,0.044645643732760885,1,4,1,0,1,0.7113056253717458,1.2374698795180723,1.4174698795180725,0.6765060240963856,0.8565060240963855
2026,convection-resolved resistance decomposition,cellulose nanofiber scaffold,transport_mechanism,gel_microstructure,5,31,3,19,5,29,3,0.7796098907440485,155,2,0.0,1,3,1,1,1,0.8907566568169258,1.1179518072289156,1.2979518072289158,0.6740963855421688,0.8540963855421687
2026,thermoresponsive micellization p/n conversion,MXene-reinforced thermogalvanic gel,phase_or_species_transition,material_system,6,23,2,13,4,16,3,0.7942801326226197,138,2,0.03047704315416285,1,2,1,1,1,0.8337938848649409,1.1581927710843372,1.3381927710843373,0.672289156626506,0.852289156626506
2026,nanochannel-confined ion transport,metal-oxide nanostructured electrode,transport_mechanism,electrode_interface,19,9,7,9,19,0,4,1.055984894039621,171,2,0.0702569005781893,1,6,1,1,1,0.416795970460942,1.3095180722891564,1.4895180722891566,0.6686746987951807,0.8486746987951806
2026,convection-resolved resistance decomposition,iodide/triiodide redox chemistry,transport_mechanism,redox_chemistry,5,23,3,18,5,14,4,1.1395450035447905,115,2,0.0077958468692053895,1,3,1,1,1,0.835911072633557,1.1492168674698795,1.3292168674698797,0.6680722891566265,0.8480722891566265
2026,double-network hydrogel mechanics,salting-out confined ion gel,gel_microstructure,gel_microstructure,20,12,11,6,16,8,8,2.3245130840641988,240,2,0.01765922761122148,0,3,1,1,1,0.8671095168108602,1.5116265060240963,1.5116265060240963,0.846987951807229,0.846987951807229
2026,redox-solvation hybrid entropy,Cu-based n/p redox thermocell,solvation_entropy,redox_chemistry,15,10,9,9,12,2,3,0.9728273738339221,150,2,0.059900376921917076,1,4,1,1,1,0.7087810795057797,1.22144578313253,1.4014457831325302,0.6668674698795181,0.846867469879518
2026,ion-dipole interaction transport,coupling-enhanced hydrogel thermoelectric effect,transport_mechanism,gel_microstructure,18,9,4,7,15,8,5,1.3477496261203896,162,2,0.0,1,0,1,1,1,0.43730192196110823,1.2697590361445783,1.4497590361445785,0.6596385542168675,0.8396385542168674
2026,convection-resolved resistance decomposition,MXene-reinforced thermogalvanic gel,transport_mechanism,material_system,5,23,3,13,5,16,4,1.0708165669640108,115,2,0.013073541891829148,1,3,1,1,1,0.7981846230878977,1.1413855421686745,1.3213855421686747,0.6548192771084338,0.8348192771084337
2026,redox-solvation hybrid entropy,hierarchical porous electrode interface,solvation_entropy,electrode_interface,15,10,9,7,12,7,3,0.8049303404286678,150,2,0.0038672440215301723,1,4,1,1,1,0.8051343605520862,1.1408433734939758,1.320843373493976,0.6548192771084337,0.8348192771084336
2026,zwitterionic hydrogel ion regulation,chaotropic polymer-water disruption,gel_microstructure,gel_microstructure,6,32,2,18,5,29,5,1.3978584143158455,192,2,0.034865792154251576,0,2,1,1,1,0.9237696111625151,1.4077710843373494,1.4077710843373494,0.833132530120482,0.833132530120482
2026,convection-resolved resistance decomposition,double-network hydrogel mechanics,transport_mechanism,gel_microstructure,5,20,3,11,5,16,5,1.399275305717062,100,2,0.0,1,3,1,1,1,0.8499304839351011,1.1224698795180723,1.3024698795180725,0.6518072289156627,0.8318072289156626
2026,convection-resolved resistance decomposition,deep-eutectic eutogel electrolyte,transport_mechanism,material_system,5,26,3,15,5,22,3,0.7796098907440485,130,2,0.02801389248792593,1,3,1,1,1,0.8155384463715151,1.1296385542168674,1.3096385542168676,0.6493975903614457,0.8293975903614457
2026,thermoresponsive micellization p/n conversion,carbon-electrode redox interface,phase_or_species_transition,electrode_interface,6,21,2,20,4,5,4,1.111178805860057,126,2,0.0,1,2,1,1,1,0.7692738425597008,1.148614457831325,1.3286144578313253,0.6475903614457831,0.827590361445783
2026,zwitterionic hydrogel ion regulation,cellulose nanofiber scaffold,gel_microstructure,gel_microstructure,6,31,2,19,5,29,6,1.7316666150111795,186,2,0.0,0,2,1,1,1,0.9502677844416385,1.3686746987951808,1.3686746987951808,0.8271084337349398,0.8271084337349398
2026,polarized-membrane ionic thermal potential,Fe2+/Fe3+ solvation redox chemistry,transport_mechanism,redox_chemistry,4,47,0,41,4,31,2,0.5366633613286502,188,2,0.0019465598765698272,1,11,1,0,1,0.7894397612507261,1.134879518072289,1.3148795180722892,0.6439759036144578,0.8239759036144577
2026,solvent-shell water/DES regulation,salting-out confined ion gel,solvation_entropy,gel_microstructure,12,12,5,6,11,8,3,0.7897530648584459,144,2,0.00868345743450453,1,5,1,1,1,0.7437142958122609,1.1392168674698795,1.3192168674698797,0.6379518072289156,0.8179518072289156
2026,thermoresponsive micellization p/n conversion,interpenetrating-network thermogalvanic hydrogel,phase_or_species_transition,gel_microstructure,6,17,2,11,4,11,4,1.0758283090075893,102,2,0.029041993112198506,1,2,1,1,1,0.7835204306310735,1.1229518072289157,1.302951807228916,0.6361445783132531,0.816144578313253
2026,solvent-shell water/DES regulation,hierarchical porous electrode interface,solvation_entropy,electrode_interface,12,10,5,7,11,7,4,1.0605525590639993,120,2,0.005490781561949229,1,5,1,1,1,0.7388003176939248,1.135602409638554,1.3156024096385541,0.6349397590361445,0.8149397590361445
2026,zwitterionic hydrogel ion regulation,imidazolium ionic-liquid phase transition electrolyte,gel_microstructure,material_system,6,21,2,13,5,18,4,1.0789294254120445,126,2,0.07135821791506385,1,2,1,1,1,0.8575407830737899,1.2238554216867468,1.3238554216867469,0.7072289156626506,0.8072289156626505
2026,polarized-membrane ionic thermal potential,deep-eutectic eutogel electrolyte,transport_mechanism,material_system,4,26,0,15,4,22,4,1.2222628894849525,104,2,0.003479531689763898,1,11,1,0,1,0.798172912348172,1.0990963855421687,1.2790963855421689,0.6271084337349397,0.8071084337349397
2026,ion-dipole interaction transport,metal-oxide nanostructured electrode,transport_mechanism,electrode_interface,18,9,4,9,15,0,5,1.3279062111524214,162,2,0.0,1,0,1,1,1,0.19843666820263128,1.2663855421686747,1.4463855421686749,0.6216867469879518,0.8016867469879517
2026,solvent-shell water/DES regulation,water-state regulated MXene hydrogel,solvation_entropy,gel_microstructure,12,7,5,7,11,2,5,1.4868974964436927,84,2,0.2741285357502362,1,5,1,1,1,0.38413659088856283,1.1803614457831324,1.3603614457831326,0.6138554216867469,0.7938554216867468
2026,redox-solvation hybrid entropy,coupling-enhanced hydrogel thermoelectric effect,solvation_entropy,gel_microstructure,15,9,9,7,12,8,3,0.787722749192082,135,2,0.006940363370883813,1,4,1,1,1,0.7252118469759803,1.1133734939759035,1.2933734939759036,0.6132530120481928,0.7932530120481928
2026,nanochannel-confined ion transport,water-state regulated MXene hydrogel,transport_mechanism,gel_microstructure,19,7,7,7,19,2,4,1.1401584278099377,133,2,0.0036241170884912153,1,6,1,1,1,0.3525718392535109,1.1837951807228915,1.3637951807228916,0.6120481927710844,0.7920481927710843
2026,soft mixed ionic-electronic coupling,metal-oxide nanostructured electrode,transport_mechanism,electrode_interface,16,9,3,9,16,0,4,1.0433449678274136,144,2,0.051978475070641426,1,10,1,1,1,0.2053328891240866,1.2360843373493975,1.4160843373493976,0.608433734939759,0.788433734939759
2026,biomass-derived porous carbon electrode,Fe2+/Fe3+ solvation redox chemistry,electrode_interface,redox_chemistry,3,47,1,41,2,31,2,0.6196654149730135,141,2,0.0025457506607824767,1,3,1,1,1,0.8020076384358632,1.0662048192771085,1.2462048192771087,0.6072289156626506,0.7872289156626505
2026,hydrogel volume-phase transition thermocell,imidazolium ionic-liquid phase transition electrolyte,phase_or_species_transition,material_system,5,21,0,13,5,18,3,0.7903006596231597,105,2,0.2609482058863084,1,6,1,0,1,0.7026976995750984,1.095542168674699,1.275542168674699,0.5981927710843373,0.7781927710843373
2026,hydrogel volume-phase transition thermocell,interpenetrating-network thermogalvanic hydrogel,phase_or_species_transition,gel_microstructure,5,17,0,11,5,11,4,1.0738791516744932,85,2,0.1583372558620937,1,6,1,0,1,0.6094958540983432,1.11710843373494,1.2971084337349401,0.5975903614457831,0.7775903614457831
2026,double-network hydrogel mechanics,Cu-based n/p redox thermocell,gel_microstructure,redox_chemistry,20,10,11,9,16,2,3,0.8793957171452851,200,2,0.0,1,3,1,1,1,0.7048572488071558,1.2415060240963856,1.3415060240963856,0.6765060240963855,0.7765060240963855
2026,redox-solvation hybrid entropy,metal-oxide nanostructured electrode,solvation_entropy,electrode_interface,15,9,9,9,12,0,3,0.787722749192082,135,2,0.008399716511145952,1,4,1,1,1,0.5559223701725462,1.117710843373494,1.297710843373494,0.5915662650602409,0.7715662650602408
2026,hydrogel volume-phase transition thermocell,double-network hydrogel mechanics,phase_or_species_transition,gel_microstructure,5,20,0,11,5,16,3,0.8009207312650957,100,2,0.13438548161501798,1,6,1,0,1,0.6747525999231931,1.0792168674698797,1.2592168674698798,0.5909638554216867,0.7709638554216867
2026,hydrogel volume-phase transition thermocell,organic redox molecular design,phase_or_species_transition,redox_chemistry,5,20,0,13,5,16,4,1.0738791516744932,100,2,0.0,1,6,1,0,1,0.7496261280008103,1.0557831325301206,1.2357831325301207,0.5885542168674699,0.7685542168674698
2026,solvent-shell water/DES regulation,coupling-enhanced hydrogel thermoelectric effect,solvation_entropy,gel_microstructure,12,9,5,7,11,8,4,1.0433449678274136,108,2,0.0,1,5,1,1,1,0.6748058999672503,1.0725903614457832,1.2525903614457834,0.5852409638554217,0.7652409638554216
2026,zwitterionic hydrogel ion regulation,carbon-electrode redox interface,gel_microstructure,electrode_interface,6,21,2,20,5,5,4,1.1215309498874162,126,2,0.011659350850157152,1,2,1,1,1,0.7380182416719114,1.187590361445783,1.287590361445783,0.6632530120481928,0.7632530120481927
2026,polarized-membrane ionic thermal potential,MXene-reinforced thermogalvanic gel,transport_mechanism,material_system,4,23,0,13,4,16,3,0.8762866332237589,92,2,0.03481720259083353,1,11,1,0,1,0.7311030684409094,1.0539156626506023,1.2339156626506025,0.5819277108433736,0.7619277108433735
2026,hydrogel volume-phase transition thermocell,iodide/triiodide redox chemistry,phase_or_species_transition,redox_chemistry,5,23,0,18,5,14,3,0.7903006596231597,115,2,0.0,1,6,1,0,1,0.768778990420339,1.0397590361445783,1.2197590361445785,0.5819277108433735,0.7619277108433734
2026,thermoresponsive micellization p/n conversion,hexacyanoferrate redox electrode,phase_or_species_transition,electrode_interface,6,14,2,3,4,11,4,1.0758283090075893,84,2,0.0,1,2,1,1,1,0.7531121532536548,1.0225903614457832,1.2025903614457834,0.5746987951807229,0.7546987951807228
2026,zwitterionic hydrogel ion regulation,organic redox molecular design,gel_microstructure,redox_chemistry,6,20,2,13,5,16,3,0.8618006477151445,120,2,0.0322794545012869,1,2,1,1,1,0.8304400858476817,1.1278915662650602,1.2278915662650602,0.65,0.75
2026,biomass-derived porous carbon electrode,anti-freezing organohydrogel design,electrode_interface,gel_microstructure,3,37,1,25,2,32,2,0.6101356651237635,111,2,0.0,1,3,1,1,1,0.809380595607724,0.972710843373494,1.152710843373494,0.569277108433735,0.749277108433735
2026,polarized-membrane ionic thermal potential,charge-transfer resistance engineering,transport_mechanism,electrode_interface,4,31,0,31,4,14,2,0.5990611255385105,124,2,0.005342504300565831,1,11,1,0,1,0.7230753140046919,1.0310843373493976,1.2110843373493978,0.569277108433735,0.749277108433735
2026,biomass-derived porous carbon electrode,dynamic crosslinked gel network,electrode_interface,gel_microstructure,3,38,1,23,2,33,2,0.6196654149730135,114,2,0.0034116247056831424,1,3,1,1,1,0.7825781147349973,0.9977710843373495,1.1777710843373497,0.5668674698795181,0.746867469879518
2026,nanochannel-confined ion transport,Cu-based n/p redox thermocell,transport_mechanism,redox_chemistry,19,10,7,9,19,2,1,0.2729584204093974,190,2,0.004585163033226531,1,6,1,1,1,0.4449895727280511,1.077289156626506,1.257289156626506,0.5650602409638554,0.7450602409638554
2026,biomass-derived porous carbon electrode,imidazolium ionic-liquid phase transition electrolyte,electrode_interface,material_system,3,21,1,13,2,18,3,0.9385944038768146,63,2,0.05722559826135516,1,3,1,1,1,0.7699162467954783,0.9773493975903614,1.1573493975903615,0.5614457831325301,0.7414457831325301
2026,ion-dipole interaction transport,Cu-based n/p redox thermocell,transport_mechanism,redox_chemistry,18,10,4,9,15,2,2,0.5641650966293599,180,2,0.0,1,0,1,1,1,0.25811099366623574,1.1181927710843373,1.2981927710843375,0.5614457831325301,0.7414457831325301
2026,solvent-shell water/DES regulation,metal-oxide nanostructured electrode,solvation_entropy,electrode_interface,12,9,5,9,11,0,4,1.0433449678274136,108,2,0.0,1,5,1,1,1,0.4065054976153705,1.0725903614457832,1.2525903614457834,0.5545180722891566,0.7345180722891566
2026,nanochannel-confined ion transport,Cu-ethylenediamine chelation entropy,transport_mechanism,redox_chemistry,19,6,7,4,19,2,3,0.8291022760505071,114,2,0.0244947718767901,1,6,1,1,1,0.27358485095055673,1.0989156626506025,1.2789156626506026,0.552409638554217,0.7324096385542169
2026,biomass-derived porous carbon electrode,chaotropic polymer-water disruption,electrode_interface,gel_microstructure,3,32,1,18,2,29,2,0.6101356651237635,96,2,0.012463020476961406,1,3,1,1,1,0.7669159208964197,0.9656024096385543,1.1456024096385544,0.55,0.73
2026,convection-resolved resistance decomposition,interpenetrating-network thermogalvanic hydrogel,transport_mechanism,gel_microstructure,5,17,3,11,5,11,3,0.7796098907440485,85,2,0.0,1,3,1,1,1,0.7858933681235983,0.9528915662650602,1.1328915662650603,0.5475903614457831,0.727590361445783
2026,convection-resolved resistance decomposition,organic redox molecular design,transport_mechanism,redox_chemistry,5,20,3,13,5,16,2,0.5554640461564079,100,2,0.02119283271461993,1,3,1,1,1,0.713965205103202,0.9763855421686748,1.1563855421686748,0.5475903614457831,0.727590361445783
2026,solvent-shell water/DES regulation,Cu-based n/p redox thermocell,solvation_entropy,redox_chemistry,12,10,5,9,11,2,2,0.5703977694520774,120,2,0.02395309253491302,1,5,1,1,1,0.4578559878474232,1.0477710843373496,1.2277710843373497,0.5457831325301205,0.7257831325301204
2026,double-network hydrogel mechanics,Cu-ethylenediamine chelation entropy,gel_microstructure,redox_chemistry,20,6,11,4,16,2,5,1.361662388094696,120,2,0.0,1,3,1,1,1,0.5252271470702132,1.1712048192771085,1.2712048192771086,0.6253012048192771,0.7253012048192771
2026,biomass-derived porous carbon electrode,deep-eutectic eutogel electrolyte,electrode_interface,material_system,3,26,1,15,2,22,2,0.6101356651237635,78,2,0.06884046194166774,1,3,1,1,1,0.7125597673968211,0.9547590361445784,1.1347590361445785,0.5325301204819277,0.7125301204819277
2026,hydrogel volume-phase transition thermocell,carbon-electrode redox interface,phase_or_species_transition,electrode_interface,5,21,0,20,5,5,3,0.7903006596231597,105,2,0.0,1,6,1,0,1,0.5279946245043616,1.0060240963855422,1.1860240963855424,0.5319277108433735,0.7119277108433735
2026,bidirectional cationic anchoring thermodiffusion,coupling-enhanced hydrogel thermoelectric effect,transport_mechanism,gel_microstructure,8,9,0,7,8,8,4,1.0758283090075893,72,2,0.04656791354550552,1,4,1,0,1,0.34852354459045276,1.046566265060241,1.2265662650602411,0.5289156626506024,0.7089156626506024
2026,ion-dipole interaction transport,water-state regulated MXene hydrogel,transport_mechanism,gel_microstructure,18,7,4,7,15,2,3,0.8212294389061368,126,2,0.006080563417780673,1,0,1,1,1,0.15390141045148903,1.1080722891566266,1.2880722891566267,0.5289156626506024,0.7089156626506024
2026,bidirectional cationic anchoring thermodiffusion,salting-out confined ion gel,transport_mechanism,gel_microstructure,8,12,0,6,8,8,3,0.7810773162971274,96,2,0.016988952434437675,1,4,1,0,1,0.3507491694197189,1.0176506024096386,1.1976506024096387,0.5186746987951807,0.6986746987951806
2026,ion-dipole interaction transport,thermal-potential-induced redox reaction,transport_mechanism,redox_chemistry,18,4,4,4,15,4,4,1.1159804316165987,72,2,0.07972997437712356,1,0,1,1,1,0.19136485638871958,1.0678313253012048,1.247831325301205,0.5180722891566265,0.6980722891566264
2026,zwitterionic hydrogel ion regulation,iodide/triiodide redox chemistry,gel_microstructure,redox_chemistry,6,23,2,18,5,14,2,0.5442915454972793,138,2,0.008373811145005537,1,2,1,1,1,0.7849165044343916,1.0586144578313252,1.1586144578313253,0.5975903614457831,0.6975903614457831
2026,convection-resolved resistance decomposition,hexacyanoferrate redox electrode,transport_mechanism,electrode_interface,5,14,3,3,5,11,3,0.7796098907440485,70,2,0.006623625980103162,1,3,1,1,1,0.72593789946972,0.9091566265060241,1.0891566265060242,0.5162650602409639,0.6962650602409638
2026,soft mixed ionic-electronic coupling,Cu-ethylenediamine chelation entropy,transport_mechanism,redox_chemistry,16,6,3,4,16,2,4,1.0847244946858385,96,2,0.004980646064624016,1,10,1,1,1,0.15930515043924698,1.0745180722891567,1.254518072289157,0.5156626506024097,0.6956626506024096
2026,polarized-membrane ionic thermal potential,iodide/triiodide redox chemistry,transport_mechanism,redox_chemistry,4,23,0,18,4,14,2,0.5366633613286502,92,2,0.004227945415399443,1,11,1,0,1,0.6649221794019282,0.9160843373493975,1.0960843373493976,0.513855421686747,0.693855421686747
2026,hydrogel volume-phase transition thermocell,hexacyanoferrate redox electrode,phase_or_species_transition,electrode_interface,5,14,0,3,5,11,4,1.0738791516744932,70,2,0.0,1,6,1,0,1,0.5490485416237656,0.9593975903614458,1.139397590361446,0.5132530120481927,0.6932530120481927
2026,soft mixed ionic-electronic coupling,water-state regulated MXene hydrogel,transport_mechanism,gel_microstructure,16,7,3,7,16,2,3,0.8870735585326208,112,2,0.003666197599025066,1,10,1,1,1,0.17232668242880292,1.064698795180723,1.2446987951807231,0.5084337349397591,0.688433734939759
2026,ion-dipole interaction transport,Cu-ethylenediamine chelation entropy,transport_mechanism,redox_chemistry,18,6,4,4,15,2,3,0.8034580806231103,108,2,0.018210756340869643,1,0,1,1,1,0.14864621249221538,1.0681927710843373,1.2481927710843375,0.5066265060240964,0.6866265060240964
2026,salting-out confined ion gel,Cu-based n/p redox thermocell,gel_microstructure,redox_chemistry,12,10,6,9,8,2,3,0.9351183269635136,120,2,0.005514645047129051,1,2,1,1,1,0.5920671466420017,1.0980722891566266,1.1980722891566267,0.586144578313253,0.6861445783132529
2026,polarized-membrane ionic thermal potential,organic redox molecular design,transport_mechanism,redox_chemistry,4,20,0,13,4,16,2,0.5366633613286502,80,2,0.023640389961592897,1,11,1,0,1,0.633426847527101,0.9151204819277109,1.095120481927711,0.505421686746988,0.6854216867469879
2026,zwitterionic hydrogel ion regulation,interpenetrating-network thermogalvanic hydrogel,gel_microstructure,gel_microstructure,6,17,2,11,5,11,4,1.0789294254120445,102,2,0.15338023451267038,0,2,1,1,1,0.8633164938404982,1.155421686746988,1.155421686746988,0.6825301204819276,0.6825301204819276
2026,soft mixed ionic-electronic coupling,Cu-based n/p redox thermocell,transport_mechanism,redox_chemistry,16,10,3,9,16,2,1,0.25973030217227155,160,2,0.004638402483445133,1,10,1,1,1,0.22174609897694159,1.014156626506024,1.1941566265060242,0.4957831325301204,0.6757831325301203
2026,nanochannel-confined ion transport,thermal-potential-induced redox reaction,transport_mechanism,redox_chemistry,19,4,7,4,19,4,3,0.8247737553966362,76,2,0.01001474126390437,1,6,1,1,1,0.29627172156021564,0.970722891566265,1.150722891566265,0.4933734939759036,0.6733734939759035
2026,bidirectional cationic anchoring thermodiffusion,hierarchical porous electrode interface,transport_mechanism,electrode_interface,8,10,0,7,8,7,3,0.7810773162971274,80,2,0.00840431717755821,1,4,1,0,1,0.3245479586292991,0.9619879518072288,1.141987951807229,0.4897590361445783,0.6697590361445782
2026,thermoresponsive micellization p/n conversion,salting-out confined ion gel,phase_or_species_transition,gel_microstructure,6,12,2,6,4,8,2,0.5279924470198105,72,2,0.038624043376094284,1,2,1,1,1,0.5792573423398896,0.8931927710843375,1.0731927710843374,0.48734939759036144,0.6673493975903614
2026,polarized-membrane ionic thermal potential,double-network hydrogel mechanics,transport_mechanism,gel_microstructure,4,20,0,11,4,16,2,0.5366633613286502,80,2,0.004006832926353343,1,11,1,0,1,0.6147996353050905,0.880421686746988,1.060421686746988,0.486144578313253,0.6661445783132529
2026,salting-out confined ion gel,metal-oxide nanostructured electrode,gel_microstructure,electrode_interface,12,9,6,9,8,0,4,1.0408076184693988,108,2,0.0040006647415845725,1,2,1,1,1,0.42752249110316937,1.0870481927710844,1.1870481927710845,0.5656626506024097,0.6656626506024097
2026,nanochannel-confined ion transport,quasi-solid granular electrolyte matrix,transport_mechanism,material_system,19,4,7,0,19,4,3,0.8096217817380477,76,2,0.0058596619074911364,1,6,1,1,1,0.29858175183562835,0.9576506024096385,1.1376506024096387,0.4849397590361446,0.6649397590361446
2026,ion-dipole interaction transport,3D ion-channel hydration network,transport_mechanism,gel_microstructure,18,4,4,4,15,4,3,0.8676157189149191,72,2,0.06681065345701884,1,0,1,1,1,0.17764475419823683,1.0036144578313253,1.1836144578313255,0.48253012048192767,0.6625301204819276
2026,salting-out confined ion gel,coupling-enhanced hydrogel thermoelectric effect,gel_microstructure,gel_microstructure,12,9,6,7,8,8,4,1.0852882617322792,108,2,0.05204113713676856,0,2,1,1,1,0.7760191665209951,1.1621084337349399,1.1621084337349399,0.6596385542168675,0.6596385542168675
2026,biomass-derived porous carbon electrode,organic redox molecular design,electrode_interface,redox_chemistry,3,20,1,13,2,16,2,0.6101356651237635,60,2,0.004194758055258298,1,3,1,1,1,0.6821521328076793,0.8289759036144579,1.0089759036144579,0.47650602409638554,0.6565060240963855
2026,polarized-membrane ionic thermal potential,imidazolium ionic-liquid phase transition electrolyte,transport_mechanism,material_system,4,21,0,13,4,18,1,0.2530848692773169,84,2,0.050934387282953006,1,11,1,0,1,0.6392177154150682,0.8562048192771086,1.0362048192771085,0.47530120481927707,0.655301204819277
2026,redox-solvation hybrid entropy,Cu-ethylenediamine chelation entropy,solvation_entropy,redox_chemistry,15,6,9,4,12,2,1,0.2769378934088574,90,2,0.16912471508993965,1,4,1,1,1,0.3713558192354671,0.9129518072289158,1.092951807228916,0.4746987951807229,0.6546987951807228
2026,convection-resolved resistance decomposition,coupling-enhanced hydrogel thermoelectric effect,transport_mechanism,gel_microstructure,5,9,3,7,5,8,3,0.7796098907440485,45,2,0.03339667479485915,1,3,1,1,1,0.6467607409139134,0.8395180722891566,1.0195180722891566,0.4746987951807229,0.6546987951807228
2026,double-network hydrogel mechanics,water-state regulated MXene hydrogel,gel_microstructure,gel_microstructure,20,7,11,7,16,2,3,0.8069606560950316,140,2,0.13388770635982147,0,3,1,1,1,0.6969686252468262,1.193975903614458,1.193975903614458,0.6542168674698795,0.6542168674698795
2026,convection-resolved resistance decomposition,metal-oxide nanostructured electrode,transport_mechanism,electrode_interface,5,9,3,9,5,0,4,1.1350179357806165,45,2,0.0059069481686437435,1,3,1,1,1,0.43344517835282115,0.8922289156626506,1.0722289156626506,0.4710843373493976,0.6510843373493975
2026,convection-resolved resistance decomposition,Cu-based n/p redox thermocell,transport_mechanism,redox_chemistry,5,10,3,9,5,2,3,0.8793957171452851,50,2,0.007643451224465352,1,3,1,1,1,0.5381577857119683,0.8722289156626507,1.0522289156626508,0.46927710843373494,0.6492771084337349
2026,biomass-derived porous carbon electrode,double-network hydrogel mechanics,electrode_interface,gel_microstructure,3,20,1,11,2,16,2,0.6196654149730135,60,2,0.0,1,3,1,1,1,0.6982062516912868,0.8154819277108434,0.9954819277108433,0.46867469879518076,0.6486746987951807
2026,polarized-membrane ionic thermal potential,interpenetrating-network thermogalvanic hydrogel,transport_mechanism,gel_microstructure,4,17,0,11,4,11,2,0.5366633613286502,68,2,0.030366449409536006,1,11,1,0,1,0.5100560521827572,0.8700602409638555,1.0500602409638555,0.4632530120481928,0.6432530120481927
2026,ion-dipole interaction transport,etched carbon-cloth redox interface,transport_mechanism,electrode_interface,18,6,4,6,15,0,2,0.5641650966293599,108,2,0.08372937973619803,1,0,1,1,1,0.0904759237401234,1.04,1.2200000000000002,0.46144578313253015,0.6414457831325301
2026,ion-dipole interaction transport,quasi-solid granular electrolyte matrix,transport_mechanism,material_system,18,4,4,0,15,4,3,0.8096217817380477,72,2,0.0063193628556630285,1,0,1,1,1,0.19091558512802193,0.9434337349397591,1.1234337349397592,0.4596385542168675,0.6396385542168674
2026,zwitterionic hydrogel ion regulation,hexacyanoferrate redox electrode,gel_microstructure,electrode_interface,6,14,2,3,5,11,3,0.787722749192082,84,2,0.0038807668323083645,1,2,1,1,1,0.6990643549514819,0.9659036144578313,1.0659036144578313,0.5379518072289157,0.6379518072289156
2026,solvent-shell water/DES regulation,Cu-ethylenediamine chelation entropy,solvation_entropy,redox_chemistry,12,6,5,4,11,2,2,0.5325601120441888,72,2,0.07073293640859112,1,5,1,1,1,0.25745419963915,0.9096987951807229,1.089698795180723,0.45783132530120485,0.6378313253012048
2026,double-network hydrogel mechanics,thermal-potential-induced redox reaction,gel_microstructure,redox_chemistry,20,4,11,4,16,4,4,1.1159804316165987,80,2,0.0,1,3,1,1,1,0.5335430089032448,1.0149397590361446,1.1149397590361447,0.5373493975903615,0.6373493975903615
2026,hydrogel volume-phase transition thermocell,coupling-enhanced hydrogel thermoelectric effect,phase_or_species_transition,gel_microstructure,5,9,0,7,5,8,3,0.8009207312650957,45,2,0.14968796377235424,1,6,1,0,1,0.37419169026635685,0.8792168674698795,1.0592168674698794,0.4572289156626506,0.6372289156626506
2026,soft mixed ionic-electronic coupling,thermal-potential-induced redox reaction,transport_mechanism,redox_chemistry,16,4,3,4,16,4,3,0.8247737553966362,64,2,0.005281919848408277,1,10,1,1,1,0.20675341449410073,0.9162650602409639,1.096265060240964,0.4572289156626506,0.6372289156626506
2026,bidirectional cationic anchoring thermodiffusion,metal-oxide nanostructured electrode,transport_mechanism,electrode_interface,8,9,0,9,8,0,4,1.055984894039621,72,2,0.003180719100534048,1,4,1,0,1,0.10882145931711101,0.9818072289156627,1.161807228915663,0.45662650602409643,0.6366265060240964
2026,convection-resolved resistance decomposition,hierarchical porous electrode interface,transport_mechanism,electrode_interface,5,10,3,7,5,7,2,0.546828894855294,50,2,0.010202198473810112,1,3,1,1,1,0.6452363889077936,0.7876506024096387,0.9676506024096386,0.4560240963855422,0.6360240963855421
2026,convection-resolved resistance decomposition,salting-out confined ion gel,transport_mechanism,gel_microstructure,5,12,3,6,5,8,1,0.25973030217227155,60,2,0.03697709941176999,1,3,1,1,1,0.6607801880879964,0.7751204819277109,0.9551204819277108,0.45361445783132526,0.6336144578313252
2026,thermoresponsive micellization p/n conversion,coupling-enhanced hydrogel thermoelectric effect,phase_or_species_transition,gel_microstructure,6,9,2,7,4,8,2,0.5478358619877788,54,2,0.030679099253677043,1,2,1,1,1,0.48327985209519553,0.8279518072289157,1.0079518072289158,0.4512048192771085,0.6312048192771085
2026,biomass-derived porous carbon electrode,MXene-reinforced thermogalvanic gel,electrode_interface,material_system,3,23,1,13,2,16,1,0.29120667621996243,69,2,0.003427443954603908,1,3,1,1,1,0.6575418389011638,0.7703614457831326,0.9503614457831325,0.4512048192771084,0.6312048192771084
2026,hydrogel volume-phase transition thermocell,salting-out confined ion gel,phase_or_species_transition,gel_microstructure,5,12,0,6,5,8,2,0.5260432896867142,60,2,0.02679650874245858,1,6,1,0,1,0.3507952466752092,0.8344578313253013,1.0144578313253012,0.43975903614457834,0.6197590361445783
2026,double-network hydrogel mechanics,etched carbon-cloth redox interface,gel_microstructure,electrode_interface,20,6,11,6,16,0,2,0.6196654149730135,120,2,0.0,1,3,1,1,1,0.378276053748477,1.0046385542168674,1.1046385542168675,0.5156626506024097,0.6156626506024097
2026,redox-solvation hybrid entropy,thermal-potential-induced redox reaction,solvation_entropy,redox_chemistry,15,4,9,4,12,4,1,0.2769378934088574,60,2,0.07051418049647667,1,4,1,1,1,0.40085177298809704,0.7994578313253012,0.9794578313253012,0.4331325301204819,0.6131325301204819
2026,nanochannel-confined ion transport,etched carbon-cloth redox interface,transport_mechanism,electrode_interface,19,6,7,6,19,0,1,0.2729584204093974,114,2,0.0036809136891974405,1,6,1,1,1,0.1576184534354364,0.8989759036144578,1.0789759036144577,0.4283132530120482,0.6083132530120482
2026,polarized-membrane ionic thermal potential,carbon-electrode redox interface,transport_mechanism,electrode_interface,4,21,0,20,4,5,1,0.2530848692773169,84,2,0.0,1,11,1,0,1,0.4143955077597843,0.7859638554216868,0.9659638554216867,0.427710843373494,0.607710843373494
2026,thermoresponsive micellization p/n conversion,Cu-ethylenediamine chelation entropy,phase_or_species_transition,redox_chemistry,6,6,2,4,4,2,3,0.8247737553966362,36,2,0.02692504559793379,1,2,1,1,1,0.28423201346315163,0.8162650602409638,0.9962650602409637,0.4240963855421687,0.6040963855421687
2026,redox-solvation hybrid entropy,3D ion-channel hydration network,solvation_entropy,gel_microstructure,15,4,9,4,12,4,1,0.2530848692773169,60,2,0.04737572504425981,1,4,1,1,1,0.40165080960920874,0.7646385542168675,0.9446385542168675,0.42108433734939765,0.6010843373493976
2026,zwitterionic hydrogel ion regulation,hierarchical porous electrode interface,gel_microstructure,electrode_interface,6,10,2,7,5,7,3,0.8618006477151445,60,2,0.005977147878681875,1,2,1,1,1,0.6492937501210053,0.9025903614457832,1.0025903614457832,0.5006024096385542,0.6006024096385542
2026,polarized-membrane ionic thermal potential,hierarchical porous electrode interface,transport_mechanism,electrode_interface,4,10,0,7,4,7,2,0.5366633613286502,40,2,0.025117199266780868,1,11,1,0,1,0.41941615952723377,0.7503012048192771,0.930301204819277,0.4144578313253012,0.5944578313253012
2026,soft mixed ionic-electronic coupling,quasi-solid granular electrolyte matrix,transport_mechanism,material_system,16,4,3,0,16,4,2,0.5366633613286502,64,2,0.04775979716065877,1,10,1,1,1,0.14160334582107253,0.8770481927710845,1.0570481927710844,0.4114457831325301,0.59144578313253
2026,biomass-derived porous carbon electrode,interpenetrating-network thermogalvanic hydrogel,electrode_interface,gel_microstructure,3,17,1,11,2,11,1,0.29120667621996243,51,2,0.0,1,3,1,1,1,0.6080337206038737,0.6960240963855422,0.8760240963855421,0.405421686746988,0.5854216867469879
2026,thermoresponsive micellization p/n conversion,hierarchical porous electrode interface,phase_or_species_transition,electrode_interface,6,10,2,7,4,7,1,0.2530848692773169,60,2,0.0,1,2,1,1,1,0.572615473530271,0.6956024096385542,0.8756024096385542,0.39939759036144573,0.5793975903614457
2026,zwitterionic hydrogel ion regulation,metal-oxide nanostructured electrode,gel_microstructure,electrode_interface,6,9,2,9,5,0,4,1.1215309498874162,54,2,0.0,1,2,1,1,1,0.34443903336345183,0.915421686746988,1.015421686746988,0.4740963855421687,0.5740963855421687
2026,thermoresponsive micellization p/n conversion,metal-oxide nanostructured electrode,phase_or_species_transition,electrode_interface,6,9,2,9,4,0,2,0.5279924470198105,54,2,0.0,1,2,1,1,1,0.23489647576541,0.7552409638554217,0.9352409638554217,0.39096385542168677,0.5709638554216867
2026,double-network hydrogel mechanics,3D ion-channel hydration network,gel_microstructure,gel_microstructure,20,4,11,4,16,4,3,0.8092588610825389,80,2,0.2665803154458933,0,3,1,1,1,0.7148470300174233,1.035722891566265,1.035722891566265,0.5698795180722892,0.5698795180722892
2026,convection-resolved resistance decomposition,etched carbon-cloth redox interface,transport_mechanism,electrode_interface,5,6,3,6,5,0,2,0.6196654149730135,30,2,0.018188448609043797,1,3,1,1,1,0.33417957505778445,0.7069277108433735,0.8869277108433734,0.38072289156626504,0.560722891566265
2026,polarized-membrane ionic thermal potential,hexacyanoferrate redox electrode,transport_mechanism,electrode_interface,4,14,0,3,4,11,1,0.2530848692773169,56,2,0.0,1,11,1,0,1,0.4315972939192503,0.6775301204819277,0.8575301204819277,0.3756024096385542,0.5556024096385541
2026,solvent-shell water/DES regulation,thermal-potential-induced redox reaction,solvation_entropy,redox_chemistry,12,4,5,4,11,4,1,0.2769378934088574,48,2,0.024889310639820802,1,5,1,1,1,0.257024810556117,0.7165662650602409,0.8965662650602408,0.3753012048192771,0.555301204819277
2026,polarized-membrane ionic thermal potential,salting-out confined ion gel,transport_mechanism,gel_microstructure,4,12,0,6,4,8,1,0.2530848692773169,48,2,0.01402466808866586,1,11,1,0,1,0.3893099645220671,0.6795783132530121,0.859578313253012,0.3728915662650602,0.5528915662650602
2026,hydrogel volume-phase transition thermocell,Cu-based n/p redox thermocell,phase_or_species_transition,redox_chemistry,5,10,0,9,5,2,1,0.2729584204093974,50,2,0.1913565557994436,1,6,1,0,1,0.14785781138361642,0.7640361445783134,0.9440361445783133,0.372289156626506,0.552289156626506
2026,double-network hydrogel mechanics,quasi-solid granular electrolyte matrix,gel_microstructure,material_system,20,4,11,0,16,4,2,0.5366633613286502,80,2,0.0,1,3,1,1,1,0.38922329265319033,0.8631927710843373,0.9631927710843373,0.45,0.55
2026,salting-out confined ion gel,etched carbon-cloth redox interface,gel_microstructure,electrode_interface,12,6,6,6,8,0,2,0.675388024791242,72,2,0.004427090661323343,1,2,1,1,1,0.26637040563093456,0.8839156626506025,0.9839156626506025,0.4475903614457831,0.5475903614457831
2026,hydrogel volume-phase transition thermocell,water-state regulated MXene hydrogel,phase_or_species_transition,gel_microstructure,5,7,0,7,5,2,2,0.5720138581811178,35,2,0.13666660627775568,1,6,1,0,1,0.11704107411615622,0.7645180722891567,0.9445180722891566,0.36626506024096384,0.5462650602409638
2026,solvent-shell water/DES regulation,3D ion-channel hydration network,solvation_entropy,gel_microstructure,12,4,5,4,11,4,1,0.2530848692773169,48,2,0.031131252106736975,1,5,1,1,1,0.2501589125080533,0.6978915662650603,0.8778915662650603,0.3644578313253012,0.5444578313253011
2026,soft mixed ionic-electronic coupling,3D ion-channel hydration network,transport_mechanism,gel_microstructure,16,4,3,4,16,4,1,0.28126641406272834,64,2,0.017079524108914,1,10,1,1,1,0.10114479526217768,0.7874698795180722,0.9674698795180722,0.3644578313253012,0.5444578313253011
2026,nanochannel-confined ion transport,biomass-derived porous carbon electrode,transport_mechanism,electrode_interface,19,3,7,1,19,2,1,0.29120667621996243,57,2,0.012492475415313762,1,6,1,1,1,0.11922904055888064,0.7530120481927711,0.9330120481927711,0.36325301204819277,0.5432530120481928
2026,redox-solvation hybrid entropy,etched carbon-cloth redox interface,solvation_entropy,electrode_interface,15,6,9,6,12,0,0,0.0,90,3,0.04808730154243084,1,4,1,1,1,0.23900712239692892,0.6971686746987952,0.8771686746987951,0.3614457831325301,0.5414457831325301
2026,biomass-derived porous carbon electrode,salting-out confined ion gel,electrode_interface,gel_microstructure,3,12,1,6,2,8,1,0.29120667621996243,36,2,0.006931415505222555,1,3,1,1,1,0.465476553333685,0.6419277108433735,0.8219277108433735,0.36024096385542165,0.5402409638554216
2026,convection-resolved resistance decomposition,Cu-ethylenediamine chelation entropy,transport_mechanism,redox_chemistry,5,6,3,4,5,2,2,0.5198795885717769,30,2,0.018870789098592713,1,3,1,1,1,0.35938580598012393,0.6710240963855422,0.8510240963855421,0.35963855421686747,0.5396385542168675
2026,convection-resolved resistance decomposition,thermal-potential-induced redox reaction,transport_mechanism,redox_chemistry,5,4,3,4,5,4,2,0.5554640461564079,20,2,0.04634009592062059,1,3,1,1,1,0.42581088073296913,0.647710843373494,0.827710843373494,0.3572289156626506,0.5372289156626505
2026,hydrogel volume-phase transition thermocell,hierarchical porous electrode interface,phase_or_species_transition,electrode_interface,5,10,0,7,5,7,1,0.2530848692773169,50,2,0.0,1,6,1,0,1,0.360339979956656,0.6558433734939759,0.8358433734939759,0.3548192771084337,0.5348192771084337
2026,thermoresponsive micellization p/n conversion,thermal-potential-induced redox reaction,phase_or_species_transition,redox_chemistry,6,4,2,4,4,4,2,0.5478358619877788,24,2,0.0376929674631215,1,2,1,1,1,0.2685218655495608,0.6730120481927712,0.8530120481927711,0.3530120481927711,0.533012048192771
2026,zwitterionic hydrogel ion regulation,coupling-enhanced hydrogel thermoelectric effect,gel_microstructure,gel_microstructure,6,9,2,7,5,8,3,0.8684460806100992,54,2,0.13251414548338897,0,2,1,1,1,0.7368801206703396,0.9396385542168675,0.9396385542168675,0.5319277108433735,0.5319277108433735
2026,biomass-derived porous carbon electrode,coupling-enhanced hydrogel thermoelectric effect,electrode_interface,gel_microstructure,3,9,1,7,2,8,1,0.29120667621996243,27,2,0.03772120046274205,1,3,1,1,1,0.44091840680735794,0.6257831325301205,0.8057831325301205,0.35120481927710845,0.5312048192771084
2026,zwitterionic hydrogel ion regulation,salting-out confined ion gel,gel_microstructure,gel_microstructure,6,12,2,6,5,8,2,0.5128151714495884,72,2,0.06868274292576937,0,2,1,1,1,0.7975809550008892,0.9015060240963856,0.9015060240963856,0.5289156626506024,0.5289156626506024
2026,bidirectional cationic anchoring thermodiffusion,Cu-ethylenediamine chelation entropy,transport_mechanism,redox_chemistry,8,6,0,4,8,2,2,0.5478358619877788,48,2,0.027222726364135606,1,4,1,0,1,0.06866679950994797,0.7954216867469881,0.975421686746988,0.3451807228915663,0.5251807228915663
2026,redox-solvation hybrid entropy,3D-printable shape-customized hydrogel thermocell,solvation_entropy,gel_microstructure,15,2,9,2,12,0,2,0.5600125457074517,30,2,0.006546033128634105,1,4,1,1,1,0.2357646057523204,0.6724096385542169,0.8524096385542168,0.34277108433734943,0.5227710843373494
2026,nanochannel-confined ion transport,electrostatic-interaction cationic hydrogel,transport_mechanism,gel_microstructure,19,2,7,2,19,0,2,0.5990611255385105,38,2,0.009181747386489553,1,6,1,1,1,0.09661713419409301,0.740722891566265,0.920722891566265,0.34036144578313254,0.5203614457831325
2026,bidirectional cationic anchoring thermodiffusion,thermal-potential-induced redox reaction,transport_mechanism,redox_chemistry,8,4,0,4,8,4,2,0.5478358619877788,32,2,0.0588633286029139,1,4,1,0,1,0.100323847729796,0.7332530120481928,0.9132530120481928,0.34036144578313254,0.5203614457831325
2026,salting-out confined ion gel,Cu-ethylenediamine chelation entropy,gel_microstructure,redox_chemistry,12,6,6,4,8,2,1,0.28126641406272834,72,2,0.029460233241879324,1,2,1,1,1,0.240327466618952,0.8260240963855422,0.9260240963855422,0.41807228915662653,0.5180722891566265
2026,ion-dipole interaction transport,biomass-derived porous carbon electrode,transport_mechanism,electrode_interface,18,3,4,1,15,2,1,0.29120667621996243,54,2,0.009837039937420152,1,0,1,1,1,0.09337202651148446,0.7363855421686748,0.9163855421686747,0.33554216867469877,0.5155421686746987
2026,ion-dipole interaction transport,porous/pin-electrode thermal-gradient architecture,transport_mechanism,electrode_interface,18,2,4,0,15,2,2,0.623201763946442,36,2,0.006463610871530196,1,0,1,1,1,0.10017861914629461,0.7291566265060241,0.909156626506024,0.3343373493975904,0.5143373493975903
2026,soft mixed ionic-electronic coupling,biomass-derived porous carbon electrode,transport_mechanism,electrode_interface,16,3,3,1,16,2,1,0.29120667621996243,48,2,0.05267647141595557,1,10,1,1,1,0.08432267479389843,0.744578313253012,0.924578313253012,0.3337349397590362,0.5137349397590362
2026,salting-out confined ion gel,water-state regulated MXene hydrogel,gel_microstructure,gel_microstructure,12,7,6,7,8,2,2,0.5300227626861742,84,2,0.022317764476743798,0,2,1,1,1,0.6257663074709188,0.9247590361445784,0.9247590361445784,0.5120481927710844,0.5120481927710844
2026,nanochannel-confined ion transport,3D-printable shape-customized hydrogel thermocell,transport_mechanism,gel_microstructure,19,2,7,2,19,0,2,0.5600125457074517,38,2,0.002988133897093411,1,6,1,1,1,0.09713642944538747,0.7138554216867471,0.893855421686747,0.32650602409638557,0.5065060240963856
2026,bidirectional cationic anchoring thermodiffusion,3D ion-channel hydration network,transport_mechanism,gel_microstructure,8,4,0,4,8,4,2,0.5279924470198105,32,2,0.03859654098306581,1,4,1,0,1,0.09881778079668468,0.7086144578313254,0.8886144578313253,0.32590361445783134,0.5059036144578313
2026,thermoresponsive micellization p/n conversion,water-state regulated MXene hydrogel,phase_or_species_transition,gel_microstructure,6,7,2,7,4,2,1,0.2769378934088574,42,2,0.0,1,2,1,1,1,0.21426530722021397,0.6369277108433735,0.8169277108433735,0.32108433734939756,0.5010843373493975
2026,salting-out confined ion gel,3D ion-channel hydration network,gel_microstructure,gel_microstructure,12,4,6,4,8,4,3,0.8092588610825389,48,2,0.03396288428592043,0,2,1,1,1,0.7221328660259526,0.8762048192771085,0.8762048192771085,0.4963855421686747,0.4963855421686747
2026,biomass-derived porous carbon electrode,Cu-based n/p redox thermocell,electrode_interface,redox_chemistry,3,10,1,9,2,2,1,0.3284587387530511,30,2,0.0042373219451623785,1,3,1,1,1,0.25702660246547065,0.5992771084337349,0.7792771084337349,0.3162650602409639,0.4962650602409639
2026,hydrogel volume-phase transition thermocell,Cu-ethylenediamine chelation entropy,phase_or_species_transition,redox_chemistry,5,6,0,4,5,2,2,0.5478358619877788,30,2,0.01492324236788498,1,6,1,0,1,0.10365194449386325,0.6838554216867471,0.863855421686747,0.31506024096385543,0.4950602409638554
2026,ion-dipole interaction transport,3D-printable shape-customized hydrogel thermocell,transport_mechanism,gel_microstructure,18,2,4,2,15,0,2,0.5600125457074517,36,2,0.015536260029558274,1,0,1,1,1,0.06745670422423092,0.7316867469879519,0.9116867469879518,0.31385542168674696,0.49385542168674695
2026,zwitterionic hydrogel ion regulation,Cu-based n/p redox thermocell,gel_microstructure,redox_chemistry,6,10,2,9,5,2,1,0.25973030217227155,60,2,0.0046319540707218144,1,2,1,1,1,0.34412739344939247,0.7307831325301205,0.8307831325301205,0.3921686746987952,0.4921686746987952
2026,redox-solvation hybrid entropy,quasi-solid granular electrolyte matrix,solvation_entropy,material_system,15,4,9,0,12,4,0,0.0,60,3,0.046744504381698054,1,4,1,1,1,0.2614872858661688,0.5916265060240964,0.7716265060240963,0.3108433734939759,0.49084337349397594
2026,hydrogel volume-phase transition thermocell,thermal-potential-induced redox reaction,phase_or_species_transition,redox_chemistry,5,4,0,4,5,4,2,0.5478358619877788,20,2,0.03708513032658606,1,6,1,0,1,0.16047976909905934,0.64,0.82,0.3102409638554217,0.49024096385542176
2026,redox-solvation hybrid entropy,electrostatic-interaction cationic hydrogel,solvation_entropy,gel_microstructure,15,2,9,2,12,0,1,0.2530848692773169,30,2,0.056123617611248525,1,4,1,1,1,0.18118518501410938,0.614277108433735,0.7942771084337349,0.30843373493975906,0.4884337349397591
2026,salting-out confined ion gel,quasi-solid granular electrolyte matrix,gel_microstructure,material_system,12,4,6,0,8,4,2,0.5260432896867142,48,2,0.0,1,2,1,1,1,0.3292770711736439,0.7230120481927711,0.8230120481927711,0.38734939759036147,0.48734939759036144
2026,solvent-shell water/DES regulation,3D-printable shape-customized hydrogel thermocell,solvation_entropy,gel_microstructure,12,2,5,2,11,0,2,0.5600125457074517,24,2,0.012837143568124638,1,5,1,1,1,0.13117331825795087,0.6528915662650603,0.8328915662650602,0.3066265060240964,0.48662650602409646
2026,thermoresponsive micellization p/n conversion,3D ion-channel hydration network,phase_or_species_transition,gel_microstructure,6,4,2,4,4,4,1,0.2749075777424936,24,2,0.03601847023394856,1,2,1,1,1,0.226083521950829,0.5923493975903615,0.7723493975903615,0.30481927710843376,0.4848192771084338
2026,thermoresponsive micellization p/n conversion,Cu-based n/p redox thermocell,phase_or_species_transition,redox_chemistry,6,10,2,9,4,2,0,0.0,60,3,0.055341649258422033,1,2,1,1,1,0.2052158114534215,0.5959638554216867,0.7759638554216867,0.3042168674698795,0.4842168674698795
2026,salting-out confined ion gel,thermal-potential-induced redox reaction,gel_microstructure,redox_chemistry,12,4,6,4,8,4,1,0.2769378934088574,48,2,0.01204488104546328,1,2,1,1,1,0.27888076324240463,0.6999397590361446,0.7999397590361446,0.3746987951807229,0.4746987951807229
2026,bidirectional cationic anchoring thermodiffusion,water-state regulated MXene hydrogel,transport_mechanism,gel_microstructure,8,7,0,7,8,2,1,0.2530848692773169,56,2,0.0,1,4,1,0,1,0.08078855972944032,0.6775301204819277,0.8575301204819277,0.2924698795180723,0.47246987951807234
2026,bidirectional cationic anchoring thermodiffusion,Cu-based n/p redox thermocell,transport_mechanism,redox_chemistry,8,10,0,9,8,2,0,0.0,80,3,0.03931633565353495,1,4,1,0,1,0.08939183395959255,0.6636746987951807,0.8436746987951806,0.28674698795180725,0.4667469879518073
2026,solvent-shell water/DES regulation,etched carbon-cloth redox interface,solvation_entropy,electrode_interface,12,6,5,6,11,0,0,0.0,72,3,0.009069697630570086,1,5,1,1,1,0.11302667142103122,0.6005421686746988,0.7805421686746987,0.2831325301204819,0.4631325301204819
2026,hydrogel volume-phase transition thermocell,metal-oxide nanostructured electrode,phase_or_species_transition,electrode_interface,5,9,0,9,5,0,1,0.2530848692773169,45,2,0.0,1,6,1,0,1,0.10309765154531414,0.6209036144578314,0.8009036144578313,0.28132530120481924,0.46132530120481924
2026,zwitterionic hydrogel ion regulation,water-state regulated MXene hydrogel,gel_microstructure,gel_microstructure,6,7,2,7,5,2,2,0.6101356651237635,42,2,0.321229775067491,0,2,1,1,1,0.6060984089886899,0.8188554216867471,0.8188554216867471,0.4602409638554217,0.4602409638554217
2026,polarized-membrane ionic thermal potential,quasi-solid granular electrolyte matrix,transport_mechanism,material_system,4,4,0,0,4,4,2,0.5366633613286502,16,2,0.012167037246548825,1,11,1,0,1,0.1823845021390718,0.5543975903614458,0.7343975903614457,0.28012048192771083,0.4601204819277109
2026,convection-resolved resistance decomposition,biomass-derived porous carbon electrode,transport_mechanism,electrode_interface,5,3,3,1,5,2,1,0.3284587387530511,15,2,0.030916228611756476,1,3,1,1,1,0.30854269701475795,0.5045783132530121,0.684578313253012,0.2795180722891566,0.4595180722891566
2026,polarized-membrane ionic thermal potential,metal-oxide nanostructured electrode,transport_mechanism,electrode_interface,4,9,0,9,4,0,1,0.2530848692773169,36,2,0.0,1,11,1,0,1,0.11907718577171736,0.5811445783132531,0.761144578313253,0.2759036144578313,0.4559036144578313
2026,soft mixed ionic-electronic coupling,porous/pin-electrode thermal-gradient architecture,transport_mechanism,electrode_interface,16,2,3,0,16,2,1,0.2835784920513334,32,2,0.07285734852099705,1,10,1,1,1,0.06180740427964159,0.6665060240963856,0.8465060240963855,0.2716867469879518,0.4516867469879518
2026,thermoresponsive micellization p/n conversion,quasi-solid granular electrolyte matrix,phase_or_species_transition,material_system,6,4,2,0,4,4,1,0.2530848692773169,24,2,0.0,1,2,1,1,1,0.21134713297355015,0.5076506024096386,0.6876506024096385,0.26626506024096386,0.44626506024096385
2026,bidirectional cationic anchoring thermodiffusion,quasi-solid granular electrolyte matrix,transport_mechanism,material_system,8,4,0,0,8,4,1,0.2530848692773169,32,2,0.003124863000871716,1,4,1,0,1,0.111120008681248,0.5692168674698797,0.7492168674698796,0.26626506024096386,0.44626506024096385
2026,thermoresponsive micellization p/n conversion,biomass-derived porous carbon electrode,phase_or_species_transition,electrode_interface,6,3,2,1,4,2,1,0.318928988903801,18,2,0.010640839014141848,1,2,1,1,1,0.17549226170148635,0.5192168674698796,0.6992168674698795,0.2656626506024096,0.44566265060240967
2026,polarized-membrane ionic thermal potential,porous/pin-electrode thermal-gradient architecture,transport_mechanism,electrode_interface,4,2,0,0,4,2,2,0.623201763946442,8,2,0.06595092121518284,1,11,1,0,1,0.15247371400322454,0.532289156626506,0.7122891566265059,0.2620481927710843,0.44204819277108437
2026,polarized-membrane ionic thermal potential,3D ion-channel hydration network,transport_mechanism,gel_microstructure,4,4,0,4,4,4,1,0.3396232718951086,16,2,0.014942524355292308,1,11,1,0,1,0.17562019573168597,0.5105421686746987,0.6905421686746986,0.2608433734939759,0.4408433734939759
2026,hydrogel volume-phase transition thermocell,3D ion-channel hydration network,phase_or_species_transition,gel_microstructure,5,4,0,4,5,4,1,0.2530848692773169,20,2,0.06971661470309902,1,6,1,0,1,0.11834084277908788,0.5537951807228916,0.7337951807228915,0.2572289156626506,0.4372289156626506
2026,soft mixed ionic-electronic coupling,etched carbon-cloth redox interface,transport_mechanism,electrode_interface,16,6,3,6,16,0,0,0.0,96,3,0.0037236536789633213,1,10,1,1,1,0.04279849700157914,0.6554819277108433,0.8354819277108433,0.25542168674698795,0.43542168674698795
2026,solvent-shell water/DES regulation,quasi-solid granular electrolyte matrix,solvation_entropy,material_system,12,4,5,0,11,4,0,0.0,48,3,0.013059654018996983,1,5,1,1,1,0.16604881300114038,0.5051204819277109,0.6851204819277108,0.2536144578313253,0.4336144578313253
2026,solvent-shell water/DES regulation,electrostatic-interaction cationic hydrogel,solvation_entropy,gel_microstructure,12,2,5,2,11,0,1,0.2530848692773169,24,2,0.04139496906586491,1,5,1,1,1,0.09103552524943029,0.5745180722891566,0.7545180722891566,0.2524096385542169,0.43240963855421694
2026,polarized-membrane ionic thermal potential,coupling-enhanced hydrogel thermoelectric effect,transport_mechanism,gel_microstructure,4,9,0,7,4,8,0,0.0,36,3,0.02200260309115736,1,11,1,0,1,0.21686428119791193,0.45909638554216864,0.6390963855421686,0.2475903614457831,0.42759036144578316
2026,hydrogel volume-phase transition thermocell,quasi-solid granular electrolyte matrix,phase_or_species_transition,material_system,5,4,0,0,5,4,1,0.2729584204093974,20,2,0.005843332386587556,1,6,1,0,1,0.11521819157263871,0.5177710843373494,0.6977710843373494,0.2463855421686747,0.4263855421686747
2026,redox-solvation hybrid entropy,biomass-derived porous carbon electrode,solvation_entropy,electrode_interface,15,3,9,1,12,2,0,0.0,45,3,0.006569370788597142,1,4,1,1,1,0.17786809990254596,0.47379518072289156,0.6537951807228916,0.2463855421686747,0.4263855421686747
2026,convection-resolved resistance decomposition,water-state regulated MXene hydrogel,transport_mechanism,gel_microstructure,5,7,3,7,5,2,0,0.0,35,3,0.011625364306334608,1,3,1,1,1,0.23470500780908085,0.42969879518072285,0.6096987951807228,0.23855421686746986,0.4185542168674699
2026,polarized-membrane ionic thermal potential,Cu-based n/p redox thermocell,transport_mechanism,redox_chemistry,4,10,0,9,4,2,0,0.0,40,3,0.02736911109013673,1,11,1,0,1,0.143309888528315,0.4870481927710843,0.6670481927710843,0.23795180722891568,0.41795180722891573
2026,convection-resolved resistance decomposition,Li-ion TREC electrode-selection thermodynamics,transport_mechanism,electrode_interface,5,1,3,1,5,0,1,0.29120667621996243,5,2,0.06536403400869288,1,3,1,1,1,0.25157977086147787,0.4009638554216868,0.5809638554216867,0.23493975903614456,0.4149397590361446
2026,double-network hydrogel mechanics,porous/pin-electrode thermal-gradient architecture,gel_microstructure,electrode_interface,20,2,11,0,16,2,1,0.2835784920513334,40,2,0.0,1,3,1,1,1,0.17574151357286713,0.6331325301204819,0.7331325301204819,0.31204819277108437,0.4120481927710844
2026,hydrogel volume-phase transition thermocell,etched carbon-cloth redox interface,phase_or_species_transition,electrode_interface,5,6,0,6,5,0,1,0.2729584204093974,30,2,0.0,1,6,1,0,1,0.07065462733741461,0.5595783132530121,0.739578313253012,0.23192771084337346,0.4119277108433735
2026,convection-resolved resistance decomposition,3D ion-channel hydration network,transport_mechanism,gel_microstructure,5,4,3,4,5,4,0,0.0,20,3,0.03804850288712519,1,3,1,1,1,0.27493942560452983,0.367289156626506,0.547289156626506,0.22951807228915666,0.40951807228915665
2026,soft mixed ionic-electronic coupling,3D-printable shape-customized hydrogel thermocell,transport_mechanism,gel_microstructure,16,2,3,2,16,0,1,0.30692767643013485,32,2,0.0030228298511321213,1,10,1,1,1,0.0322047296155437,0.6075301204819277,0.7875301204819276,0.2283132530120482,0.4083132530120482
2026,convection-resolved resistance decomposition,SAM-stabilized electrostatic electrocatalysis,transport_mechanism,electrode_interface,5,1,3,1,5,0,1,0.25562221863533147,5,2,0.022543738556357662,1,3,1,1,1,0.26193722746464054,0.35343373493975905,0.533433734939759,0.2246987951807229,0.4046987951807229
2026,double-network hydrogel mechanics,electrostatic-interaction cationic hydrogel,gel_microstructure,gel_microstructure,20,2,11,2,16,0,1,0.2530848692773169,40,2,0.1363514563752502,0,3,1,1,1,0.5645309178437586,0.6901807228915663,0.6901807228915663,0.39578313253012043,0.39578313253012043
2026,double-network hydrogel mechanics,3D-printable shape-customized hydrogel thermocell,gel_microstructure,gel_microstructure,20,2,11,2,16,0,1,0.2530848692773169,40,2,0.11863864350363147,0,3,1,1,1,0.5654551252010152,0.6887349397590361,0.6887349397590361,0.39457831325301207,0.39457831325301207
2026,zwitterionic hydrogel ion regulation,quasi-solid granular electrolyte matrix,gel_microstructure,material_system,6,4,2,0,5,4,1,0.2530848692773169,24,2,0.00791884661335802,1,2,1,1,1,0.26669193844951167,0.5378915662650602,0.6378915662650602,0.29096385542168673,0.39096385542168677
2026,convection-resolved resistance decomposition,quasi-solid granular electrolyte matrix,transport_mechanism,material_system,5,4,3,0,5,4,0,0.0,20,3,0.008030271382803966,1,3,1,1,1,0.2558096188077495,0.3328313253012048,0.5128313253012048,0.2102409638554217,0.39024096385542173
2026,redox-solvation hybrid entropy,porous/pin-electrode thermal-gradient architecture,solvation_entropy,electrode_interface,15,2,9,0,12,2,0,0.0,30,3,0.007908077693855884,1,4,1,1,1,0.15304853773631927,0.39740963855421685,0.5774096385542168,0.21024096385542168,0.3902409638554217
2026,polarized-membrane ionic thermal potential,electrostatic-interaction cationic hydrogel,transport_mechanism,gel_microstructure,4,2,0,2,4,0,1,0.3459762562611936,8,2,0.053218115633347184,1,11,1,0,1,0.1025133735039728,0.44753012048192764,0.6275301204819276,0.20843373493975906,0.3884337349397591
2026,ion-dipole interaction transport,Li-ion TREC electrode-selection thermodynamics,transport_mechanism,electrode_interface,18,1,4,1,15,0,1,0.29120667621996243,18,2,0.057520126764395975,1,0,1,1,1,0.033154155379810264,0.5539759036144578,0.7339759036144577,0.2006024096385542,0.38060240963855424
2026,soft mixed ionic-electronic coupling,SAM-stabilized electrostatic electrocatalysis,transport_mechanism,electrode_interface,16,1,3,1,16,0,1,0.25562221863533147,16,2,0.09166921604434052,1,10,1,1,1,0.04076565470782542,0.5199397590361445,0.6999397590361445,0.20060240963855425,0.38060240963855424
2026,double-network hydrogel mechanics,self-assembled aerogel sheet electrode,gel_microstructure,electrode_interface,20,1,11,1,16,0,1,0.43429448190325176,20,2,0.05906886688998092,1,3,1,1,1,0.1134589318884269,0.5957831325301205,0.6957831325301205,0.2783132530120482,0.3783132530120482
2026,solvent-shell water/DES regulation,biomass-derived porous carbon electrode,solvation_entropy,electrode_interface,12,3,5,1,11,2,0,0.0,36,3,0.002361701100595846,1,5,1,1,1,0.08837134273681027,0.4176506024096385,0.5976506024096385,0.1849397590361446,0.3649397590361446
2026,bidirectional cationic anchoring thermodiffusion,electrostatic-interaction cationic hydrogel,transport_mechanism,gel_microstructure,8,2,0,2,8,0,1,0.2530848692773169,16,2,0.18677577539327436,1,4,1,0,1,0.030117776171502877,0.5128313253012048,0.6928313253012047,0.18433734939759036,0.3643373493975904
2026,bidirectional cationic anchoring thermodiffusion,etched carbon-cloth redox interface,transport_mechanism,electrode_interface,8,6,0,6,8,0,0,0.0,48,3,0.006587669010459309,1,4,1,0,1,0.03591945134386104,0.49210843373493973,0.6721084337349397,0.1825301204819277,0.36253012048192773
2026,solvent-shell water/DES regulation,SAM-stabilized electrostatic electrocatalysis,solvation_entropy,electrode_interface,12,1,5,1,11,0,1,0.25562221863533147,12,2,0.0025557212622012142,1,5,1,1,1,0.09019738755879883,0.39897590361445784,0.5789759036144578,0.1807228915662651,0.3607228915662651
2026,double-network hydrogel mechanics,decomposition-layer thermogalvanic profiling,gel_microstructure,electrode_interface,20,1,11,1,16,0,1,0.33380820069533407,20,2,0.015177287663049885,1,3,1,1,1,0.10741600691663111,0.5607831325301205,0.6607831325301204,0.26024096385542167,0.3602409638554217
2026,biomass-derived porous carbon electrode,water-state regulated MXene hydrogel,electrode_interface,gel_microstructure,3,7,1,7,2,2,0,0.0,21,3,0.003349183171813101,1,3,1,1,1,0.12888152836498393,0.3287349397590361,0.508734939759036,0.17771084337349397,0.35771084337349396
2026,thermoresponsive micellization p/n conversion,etched carbon-cloth redox interface,phase_or_species_transition,electrode_interface,6,6,2,6,4,0,0,0.0,36,3,0.0,1,2,1,1,1,0.0745677662376382,0.4083734939759036,0.5883734939759035,0.17650602409638555,0.3565060240963856
2026,double-network hydrogel mechanics,Li-ion TREC electrode-selection thermodynamics,gel_microstructure,electrode_interface,20,1,11,1,16,0,1,0.29120667621996243,20,2,0.03742391519237745,1,3,1,1,1,0.09622945246298681,0.5734939759036145,0.6734939759036145,0.25421686746987954,0.35421686746987957
2026,bidirectional cationic anchoring thermodiffusion,3D-printable shape-customized hydrogel thermocell,transport_mechanism,gel_microstructure,8,2,0,2,8,0,1,0.2530848692773169,16,2,0.033190028070107916,1,4,1,0,1,0.03525243426225402,0.4853614457831325,0.6653614457831325,0.17349397590361446,0.3534939759036145
2026,bidirectional cationic anchoring thermodiffusion,biomass-derived porous carbon electrode,transport_mechanism,electrode_interface,8,3,0,1,8,2,0,0.0,24,3,0.019938545904131938,1,4,1,0,1,0.0837398275483222,0.383433734939759,0.563433734939759,0.16987951807228915,0.3498795180722892
2026,hydrogel volume-phase transition thermocell,electrostatic-interaction cationic hydrogel,phase_or_species_transition,gel_microstructure,5,2,0,2,5,0,1,0.2530848692773169,10,2,0.1577202084561134,1,6,1,0,1,0.04726480569728346,0.43500000000000005,0.615,0.1668674698795181,0.3468674698795181
2026,hydrogel volume-phase transition thermocell,3D-printable shape-customized hydrogel thermocell,phase_or_species_transition,gel_microstructure,5,2,0,2,5,0,1,0.2530848692773169,10,2,0.22897227824253125,1,6,1,0,1,0.043156042828807736,0.43644578313253013,0.6164457831325301,0.16626506024096385,0.3462650602409639
2026,soft mixed ionic-electronic coupling,electrostatic-interaction cationic hydrogel,transport_mechanism,gel_microstructure,16,2,3,2,16,0,0,0.0,32,3,0.14409816998422564,1,10,1,1,1,0.03206925806491861,0.471144578313253,0.651144578313253,0.16445783132530123,0.3444578313253012
2026,polarized-membrane ionic thermal potential,water-state regulated MXene hydrogel,transport_mechanism,gel_microstructure,4,7,0,7,4,2,0,0.0,28,3,0.0077418672693425035,1,11,1,0,1,0.06836630734732087,0.38536144578313253,0.5653614457831325,0.16144578313253014,0.34144578313253016
2026,biomass-derived porous carbon electrode,quasi-solid granular electrolyte matrix,electrode_interface,material_system,3,4,1,0,2,4,0,0.0,12,3,0.05987543252322795,1,3,1,1,1,0.15081022282775342,0.27933734939759036,0.45933734939759036,0.1602409638554217,0.34024096385542174
2026,solvent-shell water/DES regulation,porous/pin-electrode thermal-gradient architecture,solvation_entropy,electrode_interface,12,2,5,0,11,2,0,0.0,24,3,0.0037657865627292856,1,5,1,1,1,0.07982098599183168,0.35114457831325296,0.5311445783132529,0.1602409638554217,0.34024096385542174
2026,polarized-membrane ionic thermal potential,thermal-potential-induced redox reaction,transport_mechanism,redox_chemistry,4,4,0,4,4,4,0,0.0,16,3,0.2547015415551018,1,11,1,0,1,0.08360322343823426,0.34102409638554215,0.5210240963855421,0.1602409638554217,0.34024096385542174
2026,ion-dipole interaction transport,SAM-stabilized electrostatic electrocatalysis,transport_mechanism,electrode_interface,18,1,4,1,15,0,1,0.25562221863533147,18,2,0.0,1,0,1,1,1,0.03134125553102021,0.4576506024096386,0.6376506024096386,0.15963855421686746,0.33963855421686745
2026,salting-out confined ion gel,electrostatic-interaction cationic hydrogel,gel_microstructure,gel_microstructure,12,2,6,2,8,0,1,0.2530848692773169,24,2,0.028738021041720577,0,2,1,1,1,0.559487789514898,0.564156626506024,0.564156626506024,0.3355421686746988,0.3355421686746988
2026,polarized-membrane ionic thermal potential,Cu-ethylenediamine chelation entropy,transport_mechanism,redox_chemistry,4,6,0,4,4,2,0,0.0,24,3,0.012756084714734309,1,11,1,0,1,0.05763687300803913,0.3730722891566265,0.5530722891566264,0.1530120481927711,0.33301204819277114
2026,salting-out confined ion gel,3D-printable shape-customized hydrogel thermocell,gel_microstructure,gel_microstructure,12,2,6,2,8,0,1,0.2530848692773169,24,2,0.018401300761523944,0,2,1,1,1,0.5682310838975231,0.5549999999999999,0.5549999999999999,0.3319277108433735,0.3319277108433735
2026,biomass-derived porous carbon electrode,Cu-ethylenediamine chelation entropy,electrode_interface,redox_chemistry,3,6,1,4,2,2,0,0.0,18,3,0.004998221094483394,1,3,1,1,1,0.10687890891260302,0.2928313253012048,0.4728313253012048,0.15120481927710844,0.3312048192771085
2026,salting-out confined ion gel,self-assembled aerogel sheet electrode,gel_microstructure,electrode_interface,12,1,6,1,8,0,1,0.43429448190325176,12,2,0.02102097544619013,1,2,1,1,1,0.1403730915994299,0.4712048192771084,0.5712048192771084,0.23012048192771084,0.3301204819277108
2026,redox-solvation hybrid entropy,Li-ion TREC electrode-selection thermodynamics,solvation_entropy,electrode_interface,15,1,9,1,12,0,0,0.0,15,3,0.028858142688309756,1,4,1,1,1,0.1047859804165974,0.2892168674698795,0.4692168674698795,0.14759036144578314,0.32759036144578313
2026,convection-resolved resistance decomposition,electrostatic-interaction cationic hydrogel,transport_mechanism,gel_microstructure,5,2,3,2,5,0,0,0.0,10,3,0.0622466237335603,1,3,1,1,1,0.1374788668972734,0.251144578313253,0.431144578313253,0.1427710843373494,0.3227710843373494
2026,double-network hydrogel mechanics,SAM-stabilized electrostatic electrocatalysis,gel_microstructure,electrode_interface,20,1,11,1,16,0,1,0.25562221863533147,20,2,0.0,1,3,1,1,1,0.09902236393459367,0.4877710843373494,0.5877710843373494,0.22168674698795182,0.32168674698795185
2026,redox-solvation hybrid entropy,decomposition-layer thermogalvanic profiling,solvation_entropy,electrode_interface,15,1,9,1,12,0,0,0.0,15,3,0.014374654491158441,1,4,1,1,1,0.10188962447646815,0.27355421686746983,0.45355421686746983,0.1391566265060241,0.3191566265060241
2026,polarized-membrane ionic thermal potential,etched carbon-cloth redox interface,transport_mechanism,electrode_interface,4,6,0,6,4,0,0,0.0,24,3,0.0,1,11,1,0,1,0.04770884266769938,0.3348795180722891,0.514879518072289,0.13765060240963856,0.31765060240963855
2026,nanochannel-confined ion transport,Li-ion TREC electrode-selection thermodynamics,transport_mechanism,electrode_interface,19,1,7,1,19,0,0,0.0,19,3,0.01981350284735786,1,6,1,1,1,0.05263635706136564,0.3337951807228916,0.5137951807228915,0.13614457831325302,0.31614457831325304
2026,redox-solvation hybrid entropy,SAM-stabilized electrostatic electrocatalysis,solvation_entropy,electrode_interface,15,1,9,1,12,0,0,0.0,15,3,0.009487934540675784,1,4,1,1,1,0.10330297458505142,0.26536144578313253,0.4453614457831326,0.13373493975903614,0.31373493975903616
2026,zwitterionic hydrogel ion regulation,Cu-ethylenediamine chelation entropy,gel_microstructure,redox_chemistry,6,6,2,4,5,2,0,0.0,36,3,0.07043407315859018,1,2,1,1,1,0.09110618613382311,0.4875301204819277,0.5875301204819277,0.21325301204819277,0.3132530120481928
2026,zwitterionic hydrogel ion regulation,thermal-potential-induced redox reaction,gel_microstructure,redox_chemistry,6,4,2,4,5,4,0,0.0,24,3,0.031753861987191025,1,2,1,1,1,0.16133727684489169,0.3942771084337349,0.49427710843373496,0.2114457831325301,0.31144578313253013
2026,thermoresponsive micellization p/n conversion,porous/pin-electrode thermal-gradient architecture,phase_or_species_transition,electrode_interface,6,2,2,0,4,2,0,0.0,12,3,0.017397875180625133,1,2,1,1,1,0.10585289481198884,0.2494578313253012,0.4294578313253012,0.13072289156626504,0.31072289156626504
2026,biomass-derived porous carbon electrode,thermal-potential-induced redox reaction,electrode_interface,redox_chemistry,3,4,1,4,2,4,0,0.0,12,3,0.005265802957052144,1,3,1,1,1,0.17185566743509645,0.22463855421686746,0.4046385542168675,0.13012048192771086,0.31012048192771086
2026,bidirectional cationic anchoring thermodiffusion,porous/pin-electrode thermal-gradient architecture,transport_mechanism,electrode_interface,8,2,0,0,8,2,0,0.0,16,3,0.023895960013473102,1,4,1,0,1,0.06358801419679644,0.3039156626506024,0.48391566265060243,0.12831325301204818,0.3083132530120482
2026,ion-dipole interaction transport,decomposition-layer thermogalvanic profiling,transport_mechanism,electrode_interface,18,1,4,1,15,0,0,0.0,18,3,0.02135212936462015,1,0,1,1,1,0.0542234959195032,0.32246987951807227,0.5024698795180722,0.12650602409638553,0.30650602409638555
2026,soft mixed ionic-electronic coupling,Li-ion TREC electrode-selection thermodynamics,transport_mechanism,electrode_interface,16,1,3,1,16,0,0,0.0,16,3,0.07341088410793901,1,10,1,1,1,0.03790566398676137,0.33259036144578313,0.5125903614457831,0.12469879518072288,0.3046987951807229
2026,biomass-derived porous carbon electrode,3D ion-channel hydration network,electrode_interface,gel_microstructure,3,4,1,4,2,4,0,0.0,12,3,0.0026496944953142434,1,3,1,1,1,0.17235472685428754,0.21403614457831324,0.39403614457831326,0.12409638554216867,0.30409638554216867
2026,soft mixed ionic-electronic coupling,decomposition-layer thermogalvanic profiling,transport_mechanism,electrode_interface,16,1,3,1,16,0,0,0.0,16,3,0.054951450155393315,1,10,1,1,1,0.03940721930679129,0.32463855421686744,0.5046385542168674,0.12168674698795182,0.30168674698795184
2026,soft mixed ionic-electronic coupling,self-assembled aerogel sheet electrode,transport_mechanism,electrode_interface,16,1,3,1,16,0,0,0.0,16,3,0.053340680564867224,1,10,1,1,1,0.03941319760482484,0.3239156626506024,0.5039156626506024,0.12048192771084336,0.30048192771084337
2026,redox-solvation hybrid entropy,self-assembled aerogel sheet electrode,solvation_entropy,electrode_interface,15,1,9,1,12,0,0,0.0,15,3,0.0036928048880253326,1,4,1,1,1,0.09456071907851454,0.24801204819277106,0.4280120481927711,0.1174698795180723,0.2974698795180723
2026,zwitterionic hydrogel ion regulation,etched carbon-cloth redox interface,gel_microstructure,electrode_interface,6,6,2,6,5,0,0,0.0,36,3,0.009873079695707861,1,2,1,1,1,0.08054033019405868,0.4417469879518072,0.5417469879518072,0.1897590361445783,0.2897590361445783
2026,convection-resolved resistance decomposition,porous/pin-electrode thermal-gradient architecture,transport_mechanism,electrode_interface,5,2,3,0,5,2,0,0.0,10,3,0.005503359356629489,1,3,1,1,1,0.16970643808263677,0.1966867469879518,0.37668674698795185,0.10783132530120483,0.28783132530120487
2026,solvent-shell water/DES regulation,Li-ion TREC electrode-selection thermodynamics,solvation_entropy,electrode_interface,12,1,5,1,11,0,0,0.0,12,3,0.0204929155867873,1,5,1,1,1,0.068427402272566,0.2528313253012048,0.4328313253012048,0.10602409638554218,0.2860240963855422
2026,nanochannel-confined ion transport,self-assembled aerogel sheet electrode,transport_mechanism,electrode_interface,19,1,7,1,19,0,0,0.0,19,3,0.003413535276379396,1,6,1,1,1,0.03270794132560858,0.2993373493975904,0.4793373493975904,0.10602409638554217,0.28602409638554216
2026,nanochannel-confined ion transport,SAM-stabilized electrostatic electrocatalysis,transport_mechanism,electrode_interface,19,1,7,1,19,0,0,0.0,19,3,0.0029234687666637024,1,6,1,1,1,0.03398387338665598,0.2964457831325301,0.4764457831325301,0.10542168674698797,0.285421686746988
2026,nanochannel-confined ion transport,decomposition-layer thermogalvanic profiling,transport_mechanism,electrode_interface,19,1,7,1,19,0,0,0.0,19,3,0.0018762424797124542,1,6,1,1,1,0.033998211232106466,0.29427710843373495,0.474277108433735,0.1042168674698795,0.2842168674698795
2026,zwitterionic hydrogel ion regulation,3D ion-channel hydration network,gel_microstructure,gel_microstructure,6,4,2,4,5,4,0,0.0,24,3,0.11671099997045001,0,2,1,1,1,0.5793953395714045,0.4193373493975904,0.4193373493975904,0.2819277108433735,0.2819277108433735
2026,thermoresponsive micellization p/n conversion,electrostatic-interaction cationic hydrogel,phase_or_species_transition,gel_microstructure,6,2,2,2,4,0,0,0.0,12,3,0.039139689330622784,1,2,1,1,1,0.05179657378405664,0.2694578313253012,0.4494578313253012,0.10120481927710843,0.28120481927710844
2026,convection-resolved resistance decomposition,decomposition-layer thermogalvanic profiling,transport_mechanism,electrode_interface,5,1,3,1,5,0,0,0.0,5,3,0.32894259408696436,1,3,1,1,1,0.11019707817242383,0.20801204819277108,0.3880120481927711,0.10120481927710843,0.28120481927710844
2026,thermoresponsive micellization p/n conversion,3D-printable shape-customized hydrogel thermocell,phase_or_species_transition,gel_microstructure,6,2,2,2,4,0,0,0.0,12,3,0.03606594942683585,1,2,1,1,1,0.0541848956473981,0.26656626506024095,0.44656626506024094,0.10060240963855421,0.2806024096385542
2026,biomass-derived porous carbon electrode,electrostatic-interaction cationic hydrogel,electrode_interface,gel_microstructure,3,2,1,2,2,0,0,0.0,6,3,0.07435423885882704,1,3,1,1,1,0.09474489214929405,0.21981927710843374,0.39981927710843373,0.09457831325301204,0.2745783132530121
2026,convection-resolved resistance decomposition,3D-printable shape-customized hydrogel thermocell,transport_mechanism,gel_microstructure,5,2,3,2,5,0,0,0.0,10,3,0.002567696320484454,1,3,1,1,1,0.14298522883235468,0.18487951807228914,0.3648795180722892,0.0927710843373494,0.2727710843373494
2026,polarized-membrane ionic thermal potential,biomass-derived porous carbon electrode,transport_mechanism,electrode_interface,4,3,0,1,4,2,0,0.0,12,3,0.014402438019682249,1,11,1,0,1,0.06300054338448255,0.24487951807228914,0.42487951807228913,0.09156626506024097,0.271566265060241
2026,salting-out confined ion gel,porous/pin-electrode thermal-gradient architecture,gel_microstructure,electrode_interface,12,2,6,0,8,2,0,0.0,24,3,0.0,1,2,1,1,1,0.09719128838557795,0.3348795180722891,0.4348795180722891,0.16897590361445783,0.26897590361445783
2026,zwitterionic hydrogel ion regulation,biomass-derived porous carbon electrode,gel_microstructure,electrode_interface,6,3,2,1,5,2,0,0.0,18,3,0.016380977095726775,1,2,1,1,1,0.11717370390498044,0.3166867469879518,0.41668674698795183,0.16807228915662653,0.2680722891566265
2026,ion-dipole interaction transport,self-assembled aerogel sheet electrode,transport_mechanism,electrode_interface,18,1,4,1,15,0,0,0.0,18,3,0.0,1,0,1,1,1,0.0317759047186364,0.2722289156626506,0.4522289156626506,0.08795180722891566,0.26795180722891565
2026,solvent-shell water/DES regulation,self-assembled aerogel sheet electrode,solvation_entropy,electrode_interface,12,1,5,1,11,0,0,0.0,12,3,0.010454824539745625,1,5,1,1,1,0.05443375731983964,0.23789156626506022,0.41789156626506024,0.0819277108433735,0.2619277108433735
2026,polarized-membrane ionic thermal potential,3D-printable shape-customized hydrogel thermocell,transport_mechanism,gel_microstructure,4,2,0,2,4,0,0,0.0,8,3,0.04244862801486642,1,11,1,0,1,0.06819133841288955,0.22632530120481925,0.4063253012048193,0.08132530120481928,0.2613253012048193
2026,hydrogel volume-phase transition thermocell,porous/pin-electrode thermal-gradient architecture,phase_or_species_transition,electrode_interface,5,2,0,0,5,2,0,0.0,10,3,0.02019281577690662,1,6,1,0,1,0.06898294587739469,0.22343373493975902,0.40343373493975904,0.08072289156626505,0.26072289156626505
2026,convection-resolved resistance decomposition,self-assembled aerogel sheet electrode,transport_mechanism,electrode_interface,5,1,3,1,5,0,0,0.0,5,3,0.006061752195474042,1,3,1,1,1,0.14245003860757344,0.14102409638554217,0.3210240963855422,0.07590361445783132,0.25590361445783133
2026,thermoresponsive micellization p/n conversion,Li-ion TREC electrode-selection thermodynamics,phase_or_species_transition,electrode_interface,6,1,2,1,4,0,0,0.0,6,3,0.06225761819556057,1,2,1,1,1,0.06574518773379981,0.21524096385542169,0.3952409638554217,0.07289156626506024,0.25289156626506026
2026,bidirectional cationic anchoring thermodiffusion,Li-ion TREC electrode-selection thermodynamics,transport_mechanism,electrode_interface,8,1,0,1,8,0,0,0.0,8,3,0.12781664192941375,1,4,1,0,1,0.03551374700599935,0.2441566265060241,0.4241566265060241,0.07289156626506024,0.25289156626506026
2026,solvent-shell water/DES regulation,decomposition-layer thermogalvanic profiling,solvation_entropy,electrode_interface,12,1,5,1,11,0,0,0.0,12,3,0.006745659787740103,1,5,1,1,1,0.04662691312387696,0.22993975903614455,0.4099397590361446,0.07228915662650602,0.25228915662650603
2026,hydrogel volume-phase transition thermocell,biomass-derived porous carbon electrode,phase_or_species_transition,electrode_interface,5,3,0,1,5,2,0,0.0,15,3,0.0023854442719801494,1,6,1,0,1,0.03553270263144069,0.2419879518072289,0.4219879518072289,0.0716867469879518,0.2516867469879518
2026,bidirectional cationic anchoring thermodiffusion,decomposition-layer thermogalvanic profiling,transport_mechanism,electrode_interface,8,1,0,1,8,0,0,0.0,8,3,0.06578877031217716,1,4,1,0,1,0.03750589340489595,0.23644578313253012,0.41644578313253017,0.06987951807228915,0.24987951807228914
2026,polarized-membrane ionic thermal potential,Li-ion TREC electrode-selection thermodynamics,transport_mechanism,electrode_interface,4,1,0,1,4,0,0,0.0,4,3,0.02254755897579316,1,11,1,0,1,0.10832500475661348,0.15379518072289158,0.3337951807228916,0.06927710843373494,0.24927710843373496
2026,polarized-membrane ionic thermal potential,SAM-stabilized electrostatic electrocatalysis,transport_mechanism,electrode_interface,4,1,0,1,4,0,0,0.0,4,3,0.026932679741087522,1,11,1,0,1,0.10554175954896186,0.15765060240963857,0.33765060240963857,0.06867469879518072,0.24867469879518073
2026,thermoresponsive micellization p/n conversion,decomposition-layer thermogalvanic profiling,phase_or_species_transition,electrode_interface,6,1,2,1,4,0,0,0.0,6,3,0.03469583840488825,1,2,1,1,1,0.07292004677838634,0.2005421686746988,0.3805421686746988,0.06746987951807229,0.2474698795180723
2026,polarized-membrane ionic thermal potential,decomposition-layer thermogalvanic profiling,transport_mechanism,electrode_interface,4,1,0,1,4,0,0,0.0,4,3,0.0327493275088947,1,11,1,0,1,0.09659879464190188,0.16271084337349398,0.342710843373494,0.06144578313253012,0.24144578313253012
2026,bidirectional cationic anchoring thermodiffusion,SAM-stabilized electrostatic electrocatalysis,transport_mechanism,electrode_interface,8,1,0,1,8,0,0,0.0,8,3,0.017128063221405792,1,4,1,0,1,0.055105363069997124,0.20463855421686747,0.3846385542168675,0.05903614457831325,0.23903614457831324
2026,thermoresponsive micellization p/n conversion,SAM-stabilized electrostatic electrocatalysis,phase_or_species_transition,electrode_interface,6,1,2,1,4,0,0,0.0,6,3,0.008286833920440743,1,2,1,1,1,0.06868452973211875,0.16921686746987952,0.3492168674698795,0.04939759036144578,0.2293975903614458
2026,biomass-derived porous carbon electrode,3D-printable shape-customized hydrogel thermocell,electrode_interface,gel_microstructure,3,2,1,2,2,0,0,0.0,6,3,0.002761447138407987,1,3,1,1,1,0.08667245237474397,0.1492168674698795,0.3292168674698795,0.04879518072289157,0.22879518072289157
2026,hydrogel volume-phase transition thermocell,decomposition-layer thermogalvanic profiling,phase_or_species_transition,electrode_interface,5,1,0,1,5,0,0,0.0,5,3,0.08924804825498296,1,6,1,0,1,0.042811655632644725,0.19933734939759037,0.3793373493975904,0.046385542168674694,0.22638554216867468
2026,hydrogel volume-phase transition thermocell,Li-ion TREC electrode-selection thermodynamics,phase_or_species_transition,electrode_interface,5,1,0,1,5,0,0,0.0,5,3,0.05837159653522711,1,6,1,0,1,0.0450374420174114,0.19186746987951808,0.3718674698795181,0.04216867469879518,0.2221686746987952
2026,hydrogel volume-phase transition thermocell,self-assembled aerogel sheet electrode,phase_or_species_transition,electrode_interface,5,1,0,1,5,0,0,0.0,5,3,0.05067894950539541,1,6,1,0,1,0.04528133610276727,0.18680722891566265,0.3668072289156627,0.04096385542168675,0.22096385542168678
2026,zwitterionic hydrogel ion regulation,electrostatic-interaction cationic hydrogel,gel_microstructure,gel_microstructure,6,2,2,2,5,0,0,0.0,12,3,0.2646812139002825,0,2,1,1,1,0.5016546711077058,0.2933132530120482,0.2933132530120482,0.22048192771084338,0.22048192771084338
2026,zwitterionic hydrogel ion regulation,3D-printable shape-customized hydrogel thermocell,gel_microstructure,gel_microstructure,6,2,2,2,5,0,0,0.0,12,3,0.1214439081401147,0,2,1,1,1,0.5149517657858393,0.2884939759036144,0.2884939759036144,0.21626506024096387,0.21626506024096387
2026,thermoresponsive micellization p/n conversion,self-assembled aerogel sheet electrode,phase_or_species_transition,electrode_interface,6,1,2,1,4,0,0,0.0,6,3,0.0,1,2,1,1,1,0.0551312985198323,0.13849397590361445,0.31849397590361445,0.02710843373493976,0.20710843373493976
2026,polarized-membrane ionic thermal potential,self-assembled aerogel sheet electrode,transport_mechanism,electrode_interface,4,1,0,1,4,0,0,0.0,4,3,0.010450846648850338,1,11,1,0,1,0.05734045996131822,0.13644578313253014,0.31644578313253013,0.025903614457831327,0.20590361445783134
2026,biomass-derived porous carbon electrode,carboxylated chitosan redox additive,electrode_interface,material_system,3,0,1,0,2,0,0,0.0,0,12,0.09548906843164753,1,3,1,1,1,0.03744527243006839,0.16277108433734938,0.34277108433734943,0.025903614457831327,0.20590361445783134
2026,salting-out confined ion gel,Li-ion TREC electrode-selection thermodynamics,gel_microstructure,electrode_interface,12,1,6,1,8,0,0,0.0,12,3,0.015595551822959845,1,2,1,1,1,0.07093803247496255,0.24777108433734937,0.3477710843373494,0.10301204819277107,0.20301204819277108
2026,bidirectional cationic anchoring thermodiffusion,self-assembled aerogel sheet electrode,transport_mechanism,electrode_interface,8,1,0,1,8,0,0,0.0,8,3,0.003264076548563216,1,4,1,0,1,0.027017473328513862,0.17186746987951806,0.35186746987951806,0.02289156626506024,0.20289156626506025
2026,salting-out confined ion gel,SAM-stabilized electrostatic electrocatalysis,gel_microstructure,electrode_interface,12,1,6,1,8,0,0,0.0,12,3,0.014423717781961158,1,2,1,1,1,0.07009396812496421,0.24512048192771083,0.34512048192771083,0.09939759036144578,0.19939759036144578
2026,hydrogel volume-phase transition thermocell,SAM-stabilized electrostatic electrocatalysis,phase_or_species_transition,electrode_interface,5,1,0,1,5,0,0,0.0,5,3,0.0,1,6,1,0,1,0.026599097259730985,0.11680722891566266,0.2968072289156627,0.0024096385542168677,0.18240963855421688
2026,salting-out confined ion gel,decomposition-layer thermogalvanic profiling,gel_microstructure,electrode_interface,12,1,6,1,8,0,0,0.0,12,3,0.0069621061169959355,1,2,1,1,1,0.06129945732053928,0.2309036144578313,0.33090361445783134,0.08132530120481929,0.1813253012048193
2026,zwitterionic hydrogel ion regulation,self-assembled aerogel sheet electrode,gel_microstructure,electrode_interface,6,1,2,1,5,0,0,0.0,6,3,0.05461891830490616,1,2,1,1,1,0.07578775566274423,0.211144578313253,0.31114457831325304,0.07771084337349397,0.17771084337349397
2026,zwitterionic hydrogel ion regulation,porous/pin-electrode thermal-gradient architecture,gel_microstructure,electrode_interface,6,2,2,0,5,2,0,0.0,12,3,0.0,1,2,1,1,1,0.08379370010933265,0.20355421686746986,0.30355421686746986,0.0746987951807229,0.1746987951807229
2026,zwitterionic hydrogel ion regulation,Li-ion TREC electrode-selection thermodynamics,gel_microstructure,electrode_interface,6,1,2,1,5,0,0,0.0,6,3,0.04018272017148799,1,2,1,1,1,0.07755446246166997,0.20487951807228916,0.3048795180722892,0.0746987951807229,0.1746987951807229
2026,zwitterionic hydrogel ion regulation,decomposition-layer thermogalvanic profiling,gel_microstructure,electrode_interface,6,1,2,1,5,0,0,0.0,6,3,0.025124185477969487,1,2,1,1,1,0.0919245449931785,0.19210843373493977,0.2921084337349398,0.07289156626506024,0.17289156626506025
2026,zwitterionic hydrogel ion regulation,SAM-stabilized electrostatic electrocatalysis,gel_microstructure,electrode_interface,6,1,2,1,5,0,0,0.0,6,3,0.0062466586147096066,1,2,1,1,1,0.07070338209196758,0.16319277108433736,0.26319277108433736,0.05,0.15000000000000002
