method,source,source_label,target,target_label,rank,score
bm25_label,TG:P0007:n2,sensitivity,TG:P0110:n2,sensitivity,1,8.146059263580337
bm25_label,TG:P0007:n2,sensitivity,TG:P0241:n2,higher sensitivity,2,7.118577470115868
bm25_label,TG:P0011:n3,current density,TG:P0146:n3,exchange current density,1,8.525899038873693
bm25_label,TG:P0011:n3,current density,TG:P0186:n4,output current density,2,8.525899038873693
bm25_label,TG:P0011:n3,current density,TG:P0025:n4,short-circuit current density,3,7.667141425668113
bm25_label,TG:P0011:n3,current density,TG:P0322:n2,increase in current density,4,7.667141425668113
bm25_label,TG:P0011:n3,current density,TG:P0194:n3,sustainable short-circuit-current density,5,6.965547716391859
bm25_label,TG:P0011:n3,current density,TG:P0094:n5,current,6,5.3282972035872405
bm25_label,TG:P0011:n3,current density,TG:P0175:n3,current,7,5.3282972035872405
bm25_label,TG:P0011:n3,current density,TG:P0077:n2,power density,8,4.945064496877253
bm25_label,TG:P0011:n3,current density,TG:P0189:n4,power density,9,4.945064496877253
bm25_label,TG:P0011:n3,current density,TG:P0043:n4,thermal current,10,4.656226428049168
bm25_label,TG:P0013:n2,electrical performance,TG:P0083:n3,performance,1,5.815523555252321
bm25_label,TG:P0013:n2,electrical performance,TG:P0141:n2,performance,2,5.815523555252321
bm25_label,TG:P0013:n2,electrical performance,TG:P0159:n3,performance,3,5.815523555252321
bm25_label,TG:P0013:n2,electrical performance,TG:P0265:n2,performance,4,5.815523555252321
bm25_label,TG:P0013:n2,electrical performance,TG:P0041:n3,electrical power,5,5.156454421356316
bm25_label,TG:P0013:n2,electrical performance,TG:P0114:n3,electrical energy,6,5.156454421356316
bm25_label,TG:P0013:n2,electrical performance,TG:P0133:n2,electrical power,7,5.156454421356316
bm25_label,TG:P0013:n2,electrical performance,TG:P0207:n2,electrical conductivity,8,5.156454421356316
bm25_label,TG:P0013:n2,electrical performance,TG:P0231:n4,electrical outputs,9,5.156454421356316
bm25_label,TG:P0013:n2,electrical performance,TG:P0032:n3,sensing performance,10,5.081997763315074
bm25_label,TG:P0015:n1,stretching-induced crystallization,TG:P0059:n2,crystallization,1,6.302749906917402
bm25_label,TG:P0015:n1,stretching-induced crystallization,TG:P0075:n3,operates properly under stretching,2,6.024563749574708
bm25_label,TG:P0015:n1,stretching-induced crystallization,TG:P0167:n2,crystallization induced by Gdm(+) with [Fe(CN)(6)](4-),3,5.967393810709424
bm25_label,TG:P0015:n1,stretching-induced crystallization,TG:P0006:n1,thermosensitive-crystallization,4,5.507769098580978
bm25_label,TG:P0015:n1,stretching-induced crystallization,TG:P0027:n2,ioninduced crystallization,5,5.507769098580978
bm25_label,TG:P0015:n1,stretching-induced crystallization,TG:P0193:n3,ice crystallization,6,5.507769098580978
bm25_label,TG:P0015:n1,stretching-induced crystallization,TG:P0324:n1,induced Joule effect,7,5.086787023504344
bm25_label,TG:P0015:n1,stretching-induced crystallization,TG:P0053:n3,crystallization nucleation rates,8,4.890871824539539
bm25_label,TG:P0015:n1,stretching-induced crystallization,TG:P0255:n1,thermosensitive crystallization process,9,4.890871824539539
bm25_label,TG:P0015:n1,stretching-induced crystallization,TG:P0284:n1,Cu-based thermosensitive crystallization,10,4.398246542984381
bm25_label,TG:P0021:n3,ion concentration gradients,TG:P0209:n1,concentration gradients,1,10.845303058286122
bm25_label,TG:P0021:n3,ion concentration gradients,TG:P0045:n3,ion concentration,2,8.485608128015716
bm25_label,TG:P0021:n3,ion concentration gradients,TG:P0035:n3,redox species concentration gradients near the electrodes,3,6.650859542747909
bm25_label,TG:P0021:n3,ion concentration gradients,TG:P0118:n1,Temperature gradients,4,6.54663634478299
bm25_label,TG:P0021:n3,ion concentration gradients,TG:P0161:n3,ion transport and concentration equilibrium,5,6.15614179181317
bm25_label,TG:P0021:n3,ion concentration gradients,TG:P0283:n2,concentration gradient of redox ion pairs,6,5.640041056767323
bm25_label,TG:P0021:n3,ion concentration gradients,TG:P0126:n1,temperature gradients between copper electrodes,7,4.749455901087652
bm25_label,TG:P0021:n3,ion concentration gradients,TG:P0018:n2,concentration gradient,8,4.298666713503132
bm25_label,TG:P0021:n3,ion concentration gradients,TG:P0026:n2,Fe3+ concentration,9,4.298666713503132
bm25_label,TG:P0021:n3,ion concentration gradients,TG:P0116:n3,Concentration difference,10,4.298666713503132
bm25_label,TG:P0025:n4,short-circuit current density,TG:P0194:n3,sustainable short-circuit-current density,1,15.96272067501792
bm25_label,TG:P0025:n4,short-circuit current density,TG:P0229:n4,short circuit current,2,15.147334482074964
bm25_label,TG:P0025:n4,short-circuit current density,TG:P0316:n2,short-circuit current,3,15.147334482074964
bm25_label,TG:P0025:n4,short-circuit current density,TG:P0011:n3,current density,4,9.60129092492642
bm25_label,TG:P0025:n4,short-circuit current density,TG:P0146:n3,exchange current density,5,8.525899038873693
bm25_label,TG:P0025:n4,short-circuit current density,TG:P0186:n4,output current density,6,8.525899038873693
bm25_label,TG:P0025:n4,short-circuit current density,TG:P0325:n2,Seebeck voltages and short-circuit currents,7,8.242894104383835
bm25_label,TG:P0025:n4,short-circuit current density,TG:P0322:n2,increase in current density,8,7.667141425668113
bm25_label,TG:P0025:n4,short-circuit current density,TG:P0094:n5,current,9,5.3282972035872405
bm25_label,TG:P0025:n4,short-circuit current density,TG:P0175:n3,current,10,5.3282972035872405
bm25_label,TG:P0027:n2,ioninduced crystallization,TG:P0059:n2,crystallization,1,6.302749906917402
bm25_label,TG:P0027:n2,ioninduced crystallization,TG:P0006:n1,thermosensitive-crystallization,2,5.507769098580978
bm25_label,TG:P0027:n2,ioninduced crystallization,TG:P0193:n3,ice crystallization,3,5.507769098580978
bm25_label,TG:P0027:n2,ioninduced crystallization,TG:P0015:n1,stretching-induced crystallization,4,4.890871824539539
bm25_label,TG:P0027:n2,ioninduced crystallization,TG:P0053:n3,crystallization nucleation rates,5,4.890871824539539
bm25_label,TG:P0027:n2,ioninduced crystallization,TG:P0255:n1,thermosensitive crystallization process,6,4.890871824539539
bm25_label,TG:P0027:n2,ioninduced crystallization,TG:P0284:n1,Cu-based thermosensitive crystallization,7,4.398246542984381
bm25_label,TG:P0027:n2,ioninduced crystallization,TG:P0031:n3,crystallization of [Fe(CN)6]4-,8,3.660791705031884
bm25_label,TG:P0027:n2,ioninduced crystallization,TG:P0039:n2,[Fe(CN)(6)](4-) ion crystallization,9,3.660791705031884
bm25_label,TG:P0027:n2,ioninduced crystallization,TG:P0167:n2,crystallization induced by Gdm(+) with [Fe(CN)(6)](4-),10,2.9251108600944207
bm25_label,TG:P0030:n4,thermovoltage,TG:P0069:n4,thermovoltage signals,1,7.544348805381772
bm25_label,TG:P0045:n3,ion concentration,TG:P0021:n3,ion concentration gradients,1,7.535178211825972
bm25_label,TG:P0045:n3,ion concentration,TG:P0161:n3,ion transport and concentration equilibrium,2,6.15614179181317
bm25_label,TG:P0045:n3,ion concentration,TG:P0283:n2,concentration gradient of redox ion pairs,3,5.640041056767323
bm25_label,TG:P0045:n3,ion concentration,TG:P0018:n2,concentration gradient,4,4.298666713503132
bm25_label,TG:P0045:n3,ion concentration,TG:P0026:n2,Fe3+ concentration,5,4.298666713503132
bm25_label,TG:P0045:n3,ion concentration,TG:P0116:n3,Concentration difference,6,4.298666713503132
bm25_label,TG:P0045:n3,ion concentration,TG:P0129:n3,concentration distribution,7,4.298666713503132
bm25_label,TG:P0045:n3,ion concentration,TG:P0172:n4,concentration gradient,8,4.298666713503132
bm25_label,TG:P0045:n3,ion concentration,TG:P0202:n2,thermal concentration,9,4.298666713503132
bm25_label,TG:P0045:n3,ion concentration,TG:P0209:n1,concentration gradients,10,4.298666713503132
bm25_label,TG:P0051:n3,temperature difference,TG:P0104:n3,temperature difference,1,8.429823971723566
bm25_label,TG:P0051:n3,temperature difference,TG:P0134:n1,temperature difference,2,8.429823971723566
bm25_label,TG:P0051:n3,temperature difference,TG:P0101:n4,interelectrode temperature difference,3,7.485642155869074
bm25_label,TG:P0051:n3,temperature difference,TG:P0005:n4,self-supplying temperature difference,4,6.73166276181629
bm25_label,TG:P0051:n3,temperature difference,TG:P0088:n4,temperature difference across the cell,5,6.115671483652541
bm25_label,TG:P0051:n3,temperature difference,TG:P0221:n2,temperature difference across the droplet,6,6.115671483652541
bm25_label,TG:P0051:n3,temperature difference,TG:P0211:n2,temperature difference that determines the voltage,7,5.602963580756371
bm25_label,TG:P0051:n3,temperature difference,TG:P0116:n3,Concentration difference,8,4.556928593486339
bm25_label,TG:P0051:n3,temperature difference,TG:P0220:n3,performance difference,9,4.556928593486339
bm25_label,TG:P0051:n3,temperature difference,TG:P0120:n1,temperature,10,4.431901655240864
bm25_label,TG:P0067:n3,thermal conductivity,TG:P0229:n2,thermal conductivity,1,9.876887296790871
bm25_label,TG:P0067:n3,thermal conductivity,TG:P0042:n3,low thermal conductivity,2,8.770627259314969
bm25_label,TG:P0067:n3,thermal conductivity,TG:P0076:n1,low thermal conductivity,3,8.770627259314969
bm25_label,TG:P0067:n3,thermal conductivity,TG:P0086:n5,effective thermal conductivity,4,8.770627259314969
bm25_label,TG:P0067:n3,thermal conductivity,TG:P0014:n4,ionic conductivity,5,5.319958703304532
bm25_label,TG:P0067:n3,thermal conductivity,TG:P0146:n4,ionic conductivity,6,5.319958703304532
bm25_label,TG:P0067:n3,thermal conductivity,TG:P0150:n2,ionic conductivity,7,5.319958703304532
bm25_label,TG:P0067:n3,thermal conductivity,TG:P0165:n3,high conductivity,8,5.319958703304532
bm25_label,TG:P0067:n3,thermal conductivity,TG:P0207:n2,electrical conductivity,9,5.319958703304532
bm25_label,TG:P0067:n3,thermal conductivity,TG:P0285:n4,ionic conductivity,10,5.319958703304532
bm25_label,TG:P0069:n4,thermovoltage signals,TG:P0030:n4,thermovoltage,1,8.633285615245418
bm25_label,TG:P0069:n4,thermovoltage signals,TG:P0012:n3,transduction of dynamic gestures into detectable electrical signals,2,4.294383836790676
bm25_label,TG:P0077:n2,power density,TG:P0189:n4,power density,1,9.029349799593543
bm25_label,TG:P0077:n2,power density,TG:P0011:n4,power density output,2,8.018018137347394
bm25_label,TG:P0077:n2,power density,TG:P0187:n2,power output density,3,8.018018137347394
bm25_label,TG:P0077:n2,power density,TG:P0199:n3,output power density,4,8.018018137347394
bm25_label,TG:P0077:n2,power density,TG:P0286:n3,maximum power density,5,8.018018137347394
bm25_label,TG:P0077:n2,power density,TG:P0205:n3,efficiency and power density,6,7.210416019743958
bm25_label,TG:P0077:n2,power density,TG:P0296:n2,maximum power output density,7,7.210416019743958
bm25_label,TG:P0077:n2,power density,TG:P0185:n3,mechanical performance and output power density,8,6.00144418848269
bm25_label,TG:P0077:n2,power density,TG:P0317:n2,maximum power density of 1461 mW/m(2),9,5.139674057546635
bm25_label,TG:P0077:n2,power density,TG:P0011:n3,current density,10,4.945064496877253
bm25_label,TG:P0081:n1,temperature gradient,TG:P0136:n3,temperature gradient,1,9.108462941707586
bm25_label,TG:P0081:n1,temperature gradient,TG:P0233:n3,temperature gradient,2,9.108462941707586
bm25_label,TG:P0081:n1,temperature gradient,TG:P0295:n1,temperature gradient,3,9.108462941707586
bm25_label,TG:P0081:n1,temperature gradient,TG:P0198:n2,salinity and temperature gradient,4,7.2735920711687285
bm25_label,TG:P0081:n1,temperature gradient,TG:P0018:n2,concentration gradient,5,5.235567563470358
bm25_label,TG:P0081:n1,temperature gradient,TG:P0172:n4,concentration gradient,6,5.235567563470358
bm25_label,TG:P0081:n1,temperature gradient,TG:P0116:n1,distillation of sodium hydroxide solution in temperature gradient,7,5.18470673134479
bm25_label,TG:P0081:n1,temperature gradient,TG:P0120:n1,temperature,8,4.431901655240864
bm25_label,TG:P0081:n1,temperature gradient,TG:P0123:n1,temperature,9,4.431901655240864
bm25_label,TG:P0081:n1,temperature gradient,TG:P0255:n2,persistent Cu2+ concentration gradient,10,4.180879140799026
bm25_label,TG:P0082:n2,interfacial resistance gating,TG:P0279:n2,interfacial resistance,1,11.843015518884904
bm25_label,TG:P0082:n2,interfacial resistance gating,TG:P0198:n1,interfacial evaporation,2,6.3352464203039265
bm25_label,TG:P0082:n2,interfacial resistance gating,TG:P0083:n2,interfacial charge transfer,3,5.625667609515872
bm25_label,TG:P0082:n2,interfacial resistance gating,TG:P0095:n3,ohmic resistance,4,5.507769098580978
bm25_label,TG:P0082:n2,interfacial resistance gating,TG:P0107:n2,electron transfer resistance,5,4.890871824539539
bm25_label,TG:P0082:n2,interfacial resistance gating,TG:P0139:n8,resistance of thermocells,6,4.890871824539539
bm25_label,TG:P0082:n2,interfacial resistance gating,TG:P0252:n2,mass transfer resistance,7,4.890871824539539
bm25_label,TG:P0082:n2,interfacial resistance gating,TG:P0330:n2,low-resistance electrolyte,8,4.890871824539539
bm25_label,TG:P0082:n2,interfacial resistance gating,TG:P0169:n4,interface charge transfer resistance,9,4.398246542984381
bm25_label,TG:P0082:n2,interfacial resistance gating,TG:P0251:n3,interfacial free energy with water molecules,10,4.210782465582434
bm25_label,TG:P0086:n3,mass transport,TG:P0127:n5,Mass transport,1,10.329282059744608
bm25_label,TG:P0086:n3,mass transport,TG:P0128:n2,mass-transport limitations,2,9.17235158001493
bm25_label,TG:P0086:n3,mass transport,TG:P0154:n2,mass and charge transport at the electrolyte-electrode interface,3,5.485759222862454
bm25_label,TG:P0086:n3,mass transport,TG:P0252:n2,mass transfer resistance,4,4.890871824539539
bm25_label,TG:P0086:n3,mass transport,TG:P0253:n5,convective mass transfer,5,4.890871824539539
bm25_label,TG:P0086:n3,mass transport,TG:P0253:n6,diffusive mass transfer,6,4.890871824539539
bm25_label,TG:P0086:n3,mass transport,TG:P0261:n5,ion transport,7,4.821512961163631
bm25_label,TG:P0086:n3,mass transport,TG:P0275:n3,transport processes,8,4.821512961163631
bm25_label,TG:P0086:n3,mass transport,TG:P0006:n3,ion-transport highway,9,4.281479755475391
bm25_label,TG:P0086:n3,mass transport,TG:P0129:n1,diffusion-migration transport,10,4.281479755475391
bm25_label,TG:P0088:n4,temperature difference across the cell,TG:P0221:n2,temperature difference across the droplet,1,13.512212348985027
bm25_label,TG:P0088:n4,temperature difference across the cell,TG:P0051:n3,temperature difference,2,8.429823971723566
bm25_label,TG:P0088:n4,temperature difference across the cell,TG:P0104:n3,temperature difference,3,8.429823971723566
bm25_label,TG:P0088:n4,temperature difference across the cell,TG:P0134:n1,temperature difference,4,8.429823971723566
bm25_label,TG:P0088:n4,temperature difference across the cell,TG:P0101:n4,interelectrode temperature difference,5,7.485642155869074
bm25_label,TG:P0088:n4,temperature difference across the cell,TG:P0211:n2,temperature difference that determines the voltage,6,7.36499074129555
bm25_label,TG:P0088:n4,temperature difference across the cell,TG:P0005:n4,self-supplying temperature difference,7,6.73166276181629
bm25_label,TG:P0088:n4,temperature difference across the cell,TG:P0211:n1,internal resistances of the cell,8,6.079102494485767
bm25_label,TG:P0088:n4,temperature difference across the cell,TG:P0127:n4,cell current,9,5.728395546689193
bm25_label,TG:P0088:n4,temperature difference across the cell,TG:P0291:n3,cell performance,10,5.728395546689193
bm25_label,TG:P0108:n3,ion diffusion coefficients,TG:P0288:n2,higher diffusion coefficients,1,9.837017117725603
bm25_label,TG:P0108:n3,ion diffusion coefficients,TG:P0046:n6,ion diffusion,2,9.268939177827658
bm25_label,TG:P0108:n3,ion diffusion coefficients,TG:P0053:n2,ion diffusion,3,9.268939177827658
bm25_label,TG:P0108:n3,ion diffusion coefficients,TG:P0226:n3,Seebeck coefficients,4,5.995785676311683
bm25_label,TG:P0108:n3,ion diffusion coefficients,TG:P0272:n2,Seebeck coefficients,5,5.995785676311683
bm25_label,TG:P0108:n3,ion diffusion coefficients,TG:P0104:n2,apparent Seebeck coefficients,6,5.324228141264263
bm25_label,TG:P0108:n3,ion diffusion coefficients,TG:P0224:n2,diffusion coefficient,7,5.081997763315074
bm25_label,TG:P0108:n3,ion diffusion coefficients,TG:P0232:n1,thermal diffusion,8,5.081997763315074
bm25_label,TG:P0108:n3,ion diffusion coefficients,TG:P0247:n2,thermal diffusion,9,5.081997763315074
bm25_label,TG:P0108:n3,ion diffusion coefficients,TG:P0129:n1,diffusion-migration transport,10,4.51278897646134
bm25_label,TG:P0110:n2,sensitivity,TG:P0007:n2,sensitivity,1,8.146059263580337
bm25_label,TG:P0110:n2,sensitivity,TG:P0241:n2,higher sensitivity,2,7.118577470115868
bm25_label,TG:P0124:n2,corrosion rates,TG:P0230:n2,galvanic corrosion rates of copper,1,9.089514199285457
bm25_label,TG:P0124:n2,corrosion rates,TG:P0326:n2,corrosion,2,6.55522115260485
bm25_label,TG:P0124:n2,corrosion rates,TG:P0327:n2,corrosion,3,6.55522115260485
bm25_label,TG:P0124:n2,corrosion rates,TG:P0053:n3,crystallization nucleation rates,4,6.03886791862555
bm25_label,TG:P0124:n2,corrosion rates,TG:P0219:n3,charging-discharging rates,5,6.03886791862555
bm25_label,TG:P0124:n2,corrosion rates,TG:P0124:n1,Thermogalvanic corrosion,6,5.728395546689193
bm25_label,TG:P0124:n2,corrosion rates,TG:P0323:n2,corrosion area,7,5.728395546689193
bm25_label,TG:P0124:n2,corrosion rates,TG:P0151:n2,thermogalvanic corrosion of iron,8,4.574428495298411
bm25_label,TG:P0124:n2,corrosion rates,TG:P0242:n1,thermogalvanic and heat-transfer corrosion,9,4.15583829620661
bm25_label,TG:P0124:n2,corrosion rates,TG:P0049:n3,thermogalvanic corrosion of the copper electrode,10,3.8074331957496574
bm25_label,TG:P0136:n3,temperature gradient,TG:P0081:n1,temperature gradient,1,9.108462941707586
bm25_label,TG:P0136:n3,temperature gradient,TG:P0233:n3,temperature gradient,2,9.108462941707586
bm25_label,TG:P0136:n3,temperature gradient,TG:P0295:n1,temperature gradient,3,9.108462941707586
bm25_label,TG:P0136:n3,temperature gradient,TG:P0198:n2,salinity and temperature gradient,4,7.2735920711687285
bm25_label,TG:P0136:n3,temperature gradient,TG:P0018:n2,concentration gradient,5,5.235567563470358
bm25_label,TG:P0136:n3,temperature gradient,TG:P0172:n4,concentration gradient,6,5.235567563470358
bm25_label,TG:P0136:n3,temperature gradient,TG:P0116:n1,distillation of sodium hydroxide solution in temperature gradient,7,5.18470673134479
bm25_label,TG:P0136:n3,temperature gradient,TG:P0120:n1,temperature,8,4.431901655240864
bm25_label,TG:P0136:n3,temperature gradient,TG:P0123:n1,temperature,9,4.431901655240864
bm25_label,TG:P0136:n3,temperature gradient,TG:P0255:n2,persistent Cu2+ concentration gradient,10,4.180879140799026
bm25_label,TG:P0137:n3,thermodiffusion effect,TG:P0201:n1,thermodiffusion (Soret) effect,1,8.431218446457072
bm25_label,TG:P0137:n3,thermodiffusion effect,TG:P0210:n1,thermodiffusion effect of electrolyte,2,7.581997385254965
bm25_label,TG:P0137:n3,thermodiffusion effect,TG:P0014:n3,thermodiffusion,3,6.191306990646972
bm25_label,TG:P0137:n3,thermodiffusion effect,TG:P0043:n2,thermodiffusion,4,6.191306990646972
bm25_label,TG:P0137:n3,thermodiffusion effect,TG:P0145:n1,thermodiffusion,5,6.191306990646972
bm25_label,TG:P0137:n3,thermodiffusion effect,TG:P0180:n1,thermodiffusion effect of lithium sulfate (Li2SO4) ions,6,5.822585429876961
bm25_label,TG:P0137:n3,thermodiffusion effect,TG:P0144:n3,thermodiffusion contribution,7,5.410382741902545
bm25_label,TG:P0137:n3,thermodiffusion effect,TG:P0224:n1,thermodiffusion term,8,5.410382741902545
bm25_label,TG:P0137:n3,thermodiffusion effect,TG:P0268:n4,anion thermodiffusion,9,5.410382741902545
bm25_label,TG:P0137:n3,thermodiffusion effect,TG:P0030:n3,thermodiffusion of the cation,10,4.320478357911932
bm25_label,TG:P0145:n1,thermodiffusion,TG:P0014:n3,thermodiffusion,1,6.191306990646972
bm25_label,TG:P0145:n1,thermodiffusion,TG:P0043:n2,thermodiffusion,2,6.191306990646972
bm25_label,TG:P0145:n1,thermodiffusion,TG:P0137:n3,thermodiffusion effect,3,5.410382741902545
bm25_label,TG:P0145:n1,thermodiffusion,TG:P0144:n3,thermodiffusion contribution,4,5.410382741902545
bm25_label,TG:P0145:n1,thermodiffusion,TG:P0224:n1,thermodiffusion term,5,5.410382741902545
bm25_label,TG:P0145:n1,thermodiffusion,TG:P0268:n4,anion thermodiffusion,6,5.410382741902545
bm25_label,TG:P0145:n1,thermodiffusion,TG:P0201:n1,thermodiffusion (Soret) effect,7,4.8043932196002315
bm25_label,TG:P0145:n1,thermodiffusion,TG:P0030:n3,thermodiffusion of the cation,8,4.320478357911932
bm25_label,TG:P0145:n1,thermodiffusion,TG:P0080:n1,ion thermodiffusion (Bmim+/H2PO4- ),9,4.320478357911932
bm25_label,TG:P0145:n1,thermodiffusion,TG:P0210:n1,thermodiffusion effect of electrolyte,10,4.320478357911932
bm25_label,TG:P0146:n4,ionic conductivity,TG:P0014:n4,ionic conductivity,1,10.083943661832956
bm25_label,TG:P0146:n4,ionic conductivity,TG:P0150:n2,ionic conductivity,2,10.083943661832956
bm25_label,TG:P0146:n4,ionic conductivity,TG:P0285:n4,ionic conductivity,3,10.083943661832956
bm25_label,TG:P0146:n4,ionic conductivity,TG:P0288:n1,superior ionic conductivity,4,8.95449229137247
bm25_label,TG:P0146:n4,ionic conductivity,TG:P0297:n2,ionic electrical conductivity,5,8.95449229137247
bm25_label,TG:P0146:n4,ionic conductivity,TG:P0096:n3,decoupling of thermopower and ionic conductivity,6,6.702390142091789
bm25_label,TG:P0146:n4,ionic conductivity,TG:P0067:n3,thermal conductivity,7,5.319958703304532
bm25_label,TG:P0146:n4,ionic conductivity,TG:P0165:n3,high conductivity,8,5.319958703304532
bm25_label,TG:P0146:n4,ionic conductivity,TG:P0207:n2,electrical conductivity,9,5.319958703304532
bm25_label,TG:P0146:n4,ionic conductivity,TG:P0229:n2,thermal conductivity,10,5.319958703304532
bm25_label,TG:P0150:n2,ionic conductivity,TG:P0014:n4,ionic conductivity,1,10.083943661832956
bm25_label,TG:P0150:n2,ionic conductivity,TG:P0146:n4,ionic conductivity,2,10.083943661832956
bm25_label,TG:P0150:n2,ionic conductivity,TG:P0285:n4,ionic conductivity,3,10.083943661832956
bm25_label,TG:P0150:n2,ionic conductivity,TG:P0288:n1,superior ionic conductivity,4,8.95449229137247
bm25_label,TG:P0150:n2,ionic conductivity,TG:P0297:n2,ionic electrical conductivity,5,8.95449229137247
bm25_label,TG:P0150:n2,ionic conductivity,TG:P0096:n3,decoupling of thermopower and ionic conductivity,6,6.702390142091789
bm25_label,TG:P0150:n2,ionic conductivity,TG:P0067:n3,thermal conductivity,7,5.319958703304532
bm25_label,TG:P0150:n2,ionic conductivity,TG:P0165:n3,high conductivity,8,5.319958703304532
bm25_label,TG:P0150:n2,ionic conductivity,TG:P0207:n2,electrical conductivity,9,5.319958703304532
bm25_label,TG:P0150:n2,ionic conductivity,TG:P0229:n2,thermal conductivity,10,5.319958703304532
bm25_label,TG:P0186:n4,output current density,TG:P0011:n3,current density,1,9.60129092492642
bm25_label,TG:P0186:n4,output current density,TG:P0146:n3,exchange current density,2,8.525899038873693
bm25_label,TG:P0186:n4,output current density,TG:P0011:n4,power density output,3,8.355965744153698
bm25_label,TG:P0186:n4,output current density,TG:P0187:n2,power output density,4,8.355965744153698
bm25_label,TG:P0186:n4,output current density,TG:P0199:n3,output power density,5,8.355965744153698
bm25_label,TG:P0186:n4,output current density,TG:P0267:n3,continuous current output,6,8.099478962046284
bm25_label,TG:P0186:n4,output current density,TG:P0025:n4,short-circuit current density,7,7.667141425668113
bm25_label,TG:P0186:n4,output current density,TG:P0322:n2,increase in current density,8,7.667141425668113
bm25_label,TG:P0186:n4,output current density,TG:P0296:n2,maximum power output density,9,7.514324391639516
bm25_label,TG:P0186:n4,output current density,TG:P0103:n2,current and power output,10,7.283671832505781
bm25_label,TG:P0189:n4,power density,TG:P0077:n2,power density,1,9.029349799593543
bm25_label,TG:P0189:n4,power density,TG:P0011:n4,power density output,2,8.018018137347394
bm25_label,TG:P0189:n4,power density,TG:P0187:n2,power output density,3,8.018018137347394
bm25_label,TG:P0189:n4,power density,TG:P0199:n3,output power density,4,8.018018137347394
bm25_label,TG:P0189:n4,power density,TG:P0286:n3,maximum power density,5,8.018018137347394
bm25_label,TG:P0189:n4,power density,TG:P0205:n3,efficiency and power density,6,7.210416019743958
bm25_label,TG:P0189:n4,power density,TG:P0296:n2,maximum power output density,7,7.210416019743958
bm25_label,TG:P0189:n4,power density,TG:P0185:n3,mechanical performance and output power density,8,6.00144418848269
bm25_label,TG:P0189:n4,power density,TG:P0317:n2,maximum power density of 1461 mW/m(2),9,5.139674057546635
bm25_label,TG:P0189:n4,power density,TG:P0011:n3,current density,10,4.945064496877253
bm25_label,TG:P0206:n2,mechanical performance,TG:P0185:n3,mechanical performance and output power density,1,7.185231887733238
bm25_label,TG:P0206:n2,mechanical performance,TG:P0083:n3,performance,2,5.815523555252321
bm25_label,TG:P0206:n2,mechanical performance,TG:P0141:n2,performance,3,5.815523555252321
bm25_label,TG:P0206:n2,mechanical performance,TG:P0159:n3,performance,4,5.815523555252321
bm25_label,TG:P0206:n2,mechanical performance,TG:P0265:n2,performance,5,5.815523555252321
bm25_label,TG:P0206:n2,mechanical performance,TG:P0006:n5,mechanical strength,6,5.728395546689193
bm25_label,TG:P0206:n2,mechanical performance,TG:P0023:n3,mechanical properties,7,5.728395546689193
bm25_label,TG:P0206:n2,mechanical performance,TG:P0073:n1,mechanical strain,8,5.728395546689193
bm25_label,TG:P0206:n2,mechanical performance,TG:P0261:n4,mechanical robustness,9,5.728395546689193
bm25_label,TG:P0206:n2,mechanical performance,TG:P0033:n3,mechanical tensile properties,10,5.086787023504344
bm25_label,TG:P0224:n2,diffusion coefficient,TG:P0046:n6,ion diffusion,1,5.081997763315074
bm25_label,TG:P0224:n2,diffusion coefficient,TG:P0053:n2,ion diffusion,2,5.081997763315074
bm25_label,TG:P0224:n2,diffusion coefficient,TG:P0232:n1,thermal diffusion,3,5.081997763315074
bm25_label,TG:P0224:n2,diffusion coefficient,TG:P0247:n2,thermal diffusion,4,5.081997763315074
bm25_label,TG:P0224:n2,diffusion coefficient,TG:P0108:n3,ion diffusion coefficients,5,4.51278897646134
bm25_label,TG:P0224:n2,diffusion coefficient,TG:P0129:n1,diffusion-migration transport,6,4.51278897646134
bm25_label,TG:P0224:n2,diffusion coefficient,TG:P0129:n2,diffusion-convection transport,7,4.51278897646134
bm25_label,TG:P0224:n2,diffusion coefficient,TG:P0288:n2,higher diffusion coefficients,8,4.51278897646134
bm25_label,TG:P0224:n2,diffusion coefficient,TG:P0005:n2,Seebeck coefficient,9,4.186941414512584
bm25_label,TG:P0224:n2,diffusion coefficient,TG:P0027:n3,Seebeck coefficient,10,4.186941414512584
bm25_label,TG:P0232:n1,thermal diffusion,TG:P0247:n2,thermal diffusion,1,9.638926356801413
bm25_label,TG:P0232:n1,thermal diffusion,TG:P0134:n3,thermal diffusion potential (TDP),2,7.697195319572373
bm25_label,TG:P0232:n1,thermal diffusion,TG:P0046:n6,ion diffusion,3,5.081997763315074
bm25_label,TG:P0232:n1,thermal diffusion,TG:P0053:n2,ion diffusion,4,5.081997763315074
bm25_label,TG:P0232:n1,thermal diffusion,TG:P0224:n2,diffusion coefficient,5,5.081997763315074
bm25_label,TG:P0232:n1,thermal diffusion,TG:P0043:n4,thermal current,6,4.556928593486339
bm25_label,TG:P0232:n1,thermal diffusion,TG:P0067:n2,thermal barrier,7,4.556928593486339
bm25_label,TG:P0232:n1,thermal diffusion,TG:P0067:n3,thermal conductivity,8,4.556928593486339
bm25_label,TG:P0232:n1,thermal diffusion,TG:P0088:n3,thermal resistances,9,4.556928593486339
bm25_label,TG:P0232:n1,thermal diffusion,TG:P0110:n3,thermal noise,10,4.556928593486339
bm25_label,TG:P0247:n2,thermal diffusion,TG:P0232:n1,thermal diffusion,1,9.638926356801413
bm25_label,TG:P0247:n2,thermal diffusion,TG:P0134:n3,thermal diffusion potential (TDP),2,7.697195319572373
bm25_label,TG:P0247:n2,thermal diffusion,TG:P0046:n6,ion diffusion,3,5.081997763315074
bm25_label,TG:P0247:n2,thermal diffusion,TG:P0053:n2,ion diffusion,4,5.081997763315074
bm25_label,TG:P0247:n2,thermal diffusion,TG:P0224:n2,diffusion coefficient,5,5.081997763315074
bm25_label,TG:P0247:n2,thermal diffusion,TG:P0043:n4,thermal current,6,4.556928593486339
bm25_label,TG:P0247:n2,thermal diffusion,TG:P0067:n2,thermal barrier,7,4.556928593486339
bm25_label,TG:P0247:n2,thermal diffusion,TG:P0067:n3,thermal conductivity,8,4.556928593486339
bm25_label,TG:P0247:n2,thermal diffusion,TG:P0088:n3,thermal resistances,9,4.556928593486339
bm25_label,TG:P0247:n2,thermal diffusion,TG:P0110:n3,thermal noise,10,4.556928593486339
bm25_label,TG:P0261:n5,ion transport,TG:P0006:n3,ion-transport highway,1,7.999463103853815
bm25_label,TG:P0261:n5,ion transport,TG:P0172:n5,redox ion transport,2,7.999463103853815
bm25_label,TG:P0261:n5,ion transport,TG:P0198:n3,synergistic ion transport effect,3,7.193729912471911
bm25_label,TG:P0261:n5,ion transport,TG:P0199:n1,aligned ion transport pathways,4,7.193729912471911
bm25_label,TG:P0261:n5,ion transport,TG:P0161:n3,ion transport and concentration equilibrium,5,6.535456460527216
bm25_label,TG:P0261:n5,ion transport,TG:P0189:n3,ion transport flux and overpotentials,6,6.535456460527216
bm25_label,TG:P0261:n5,ion transport,TG:P0249:n3,ion transport can be unipolar,7,6.535456460527216
bm25_label,TG:P0261:n5,ion transport,TG:P0086:n3,mass transport,8,4.821512961163631
bm25_label,TG:P0261:n5,ion transport,TG:P0127:n5,Mass transport,9,4.821512961163631
bm25_label,TG:P0261:n5,ion transport,TG:P0275:n3,transport processes,10,4.821512961163631
bm25_label,TG:P0279:n2,interfacial resistance,TG:P0082:n2,interfacial resistance gating,1,10.51653943405541
bm25_label,TG:P0279:n2,interfacial resistance,TG:P0198:n1,interfacial evaporation,2,6.3352464203039265
bm25_label,TG:P0279:n2,interfacial resistance,TG:P0083:n2,interfacial charge transfer,3,5.625667609515872
bm25_label,TG:P0279:n2,interfacial resistance,TG:P0095:n3,ohmic resistance,4,5.507769098580978
bm25_label,TG:P0279:n2,interfacial resistance,TG:P0107:n2,electron transfer resistance,5,4.890871824539539
bm25_label,TG:P0279:n2,interfacial resistance,TG:P0139:n8,resistance of thermocells,6,4.890871824539539
bm25_label,TG:P0279:n2,interfacial resistance,TG:P0252:n2,mass transfer resistance,7,4.890871824539539
bm25_label,TG:P0279:n2,interfacial resistance,TG:P0330:n2,low-resistance electrolyte,8,4.890871824539539
bm25_label,TG:P0279:n2,interfacial resistance,TG:P0169:n4,interface charge transfer resistance,9,4.398246542984381
bm25_label,TG:P0279:n2,interfacial resistance,TG:P0251:n3,interfacial free energy with water molecules,10,4.210782465582434
bm25_label,TG:P0297:n2,ionic electrical conductivity,TG:P0207:n2,electrical conductivity,1,10.476413124660848
bm25_label,TG:P0297:n2,ionic electrical conductivity,TG:P0014:n4,ionic conductivity,2,10.083943661832956
bm25_label,TG:P0297:n2,ionic electrical conductivity,TG:P0146:n4,ionic conductivity,3,10.083943661832956
bm25_label,TG:P0297:n2,ionic electrical conductivity,TG:P0150:n2,ionic conductivity,4,10.083943661832956
bm25_label,TG:P0297:n2,ionic electrical conductivity,TG:P0285:n4,ionic conductivity,5,10.083943661832956
bm25_label,TG:P0297:n2,ionic electrical conductivity,TG:P0288:n1,superior ionic conductivity,6,8.95449229137247
bm25_label,TG:P0297:n2,ionic electrical conductivity,TG:P0096:n3,decoupling of thermopower and ionic conductivity,7,6.702390142091789
bm25_label,TG:P0297:n2,ionic electrical conductivity,TG:P0067:n3,thermal conductivity,8,5.319958703304532
bm25_label,TG:P0297:n2,ionic electrical conductivity,TG:P0165:n3,high conductivity,9,5.319958703304532
bm25_label,TG:P0297:n2,ionic electrical conductivity,TG:P0229:n2,thermal conductivity,10,5.319958703304532
bm25_label,TG:P0316:n2,short-circuit current,TG:P0229:n4,short circuit current,1,15.147334482074964
bm25_label,TG:P0316:n2,short-circuit current,TG:P0025:n4,short-circuit current density,2,13.621643320715439
bm25_label,TG:P0316:n2,short-circuit current,TG:P0194:n3,sustainable short-circuit-current density,3,12.375173647960434
bm25_label,TG:P0316:n2,short-circuit current,TG:P0325:n2,Seebeck voltages and short-circuit currents,4,8.242894104383835
bm25_label,TG:P0316:n2,short-circuit current,TG:P0094:n5,current,5,5.3282972035872405
bm25_label,TG:P0316:n2,short-circuit current,TG:P0175:n3,current,6,5.3282972035872405
bm25_label,TG:P0316:n2,short-circuit current,TG:P0051:n4,open-circuit voltage,7,5.199247532688462
bm25_label,TG:P0316:n2,short-circuit current,TG:P0117:n2,open-circuit voltage,8,5.199247532688462
bm25_label,TG:P0316:n2,short-circuit current,TG:P0225:n2,open circuit voltage,9,5.199247532688462
bm25_label,TG:P0316:n2,short-circuit current,TG:P0011:n3,current density,10,4.656226428049168
bm25_label,TG:P0326:n2,corrosion,TG:P0327:n2,corrosion,1,6.55522115260485
bm25_label,TG:P0326:n2,corrosion,TG:P0124:n1,Thermogalvanic corrosion,2,5.728395546689193
bm25_label,TG:P0326:n2,corrosion,TG:P0124:n2,corrosion rates,3,5.728395546689193
bm25_label,TG:P0326:n2,corrosion,TG:P0323:n2,corrosion area,4,5.728395546689193
bm25_label,TG:P0326:n2,corrosion,TG:P0151:n2,thermogalvanic corrosion of iron,5,4.574428495298411
bm25_label,TG:P0326:n2,corrosion,TG:P0230:n2,galvanic corrosion rates of copper,6,4.15583829620661
bm25_label,TG:P0326:n2,corrosion,TG:P0242:n1,thermogalvanic and heat-transfer corrosion,7,4.15583829620661
bm25_label,TG:P0326:n2,corrosion,TG:P0049:n3,thermogalvanic corrosion of the copper electrode,8,3.8074331957496574
bm25_label,TG:P0326:n2,corrosion,TG:P0119:n2,thermogalvanic iodine-induced corrosion of the stainless steel,9,3.260709423840181
bm25_label,iTE:P0346:n1,Fmoc-FF,iTE:P0346:n2,pi-pi interactions between Fmoc groups,1,6.094968655047676
bm25_label,iTE:P0346:n2,pi-pi interactions between Fmoc groups,iTE:P0437:n1,cation-pi interactions,1,11.346704992512539
bm25_label,iTE:P0346:n2,pi-pi interactions between Fmoc groups,iTE:P0944:n1,"interfacial interactions (cation-pi, pi-pi, d-p coupling)",2,10.211852462781572
bm25_label,iTE:P0346:n2,pi-pi interactions between Fmoc groups,iTE:P1614:n1,electrostatic and ion-pi interactions,3,9.269312608820162
bm25_label,iTE:P0346:n2,pi-pi interactions between Fmoc groups,iTE:P0346:n1,Fmoc-FF,4,9.171686320258692
bm25_label,iTE:P0346:n2,pi-pi interactions between Fmoc groups,iTE:P0367:n1,coordination and electrostatic interactions between cations and functional groups,5,8.94397756348449
bm25_label,iTE:P0346:n2,pi-pi interactions between Fmoc groups,iTE:P0466:n2,pi-pi* stacking,6,8.79654286376777
bm25_label,iTE:P0346:n2,pi-pi interactions between Fmoc groups,iTE:P1526:n1,interactions between these complexes,7,7.830519810332108
bm25_label,iTE:P0346:n2,pi-pi interactions between Fmoc groups,iTE:P0451:n1,ionic-electronic interactions between sodium ions and carboxyl groups on CNT-COOH,8,7.446993057588771
bm25_label,iTE:P0346:n2,pi-pi interactions between Fmoc groups,iTE:P0375:n5,dynamic interactions between the components,9,7.1137010411356565
bm25_label,iTE:P0346:n2,pi-pi interactions between Fmoc groups,iTE:P0442:n2,Coulomb interactions between host ions,10,7.1137010411356565
bm25_label,iTE:P0371:n4,continuous operation,iTE:P0388:n2,continuous operation of ITECs,1,12.400376728484947
bm25_label,iTE:P0371:n4,continuous operation,iTE:P0353:n5,continuous power generation,2,6.531755533253446
bm25_label,iTE:P0371:n4,continuous operation,iTE:P0510:n3,continuous electricity generation,3,6.531755533253446
bm25_label,iTE:P0371:n4,continuous operation,iTE:P0828:n4,continuous power output,4,6.531755533253446
bm25_label,iTE:P0371:n4,continuous operation,iTE:P1787:n1,co-continuous phase,5,6.531755533253446
bm25_label,iTE:P0371:n4,continuous operation,iTE:P1220:n2,mechanically stable during operation,6,6.526799678550417
bm25_label,iTE:P0371:n4,continuous operation,iTE:P0680:n3,operation mechanism of the MTEGs,7,5.9293256122442255
bm25_label,iTE:P0371:n4,continuous operation,iTE:P1721:n4,continuous electron-transport pathways,8,5.873577049934529
bm25_label,iTE:P0371:n4,continuous operation,iTE:P1547:n2,low humidity-resistant i-TE operation,9,5.432065342513768
bm25_label,iTE:P0371:n4,continuous operation,iTE:P0546:n2,continuous fabrication of the PEDOT: PSS fiber,10,4.510164238635275
bm25_label,iTE:P0387:n2,negative Seebeck coefficient,iTE:P0625:n3,negative Seebeck coefficient,1,13.698701198628552
bm25_label,iTE:P0387:n2,negative Seebeck coefficient,iTE:P0884:n4,negative Seebeck coefficient,2,13.698701198628552
bm25_label,iTE:P0387:n2,negative Seebeck coefficient,iTE:P1109:n2,giant negative Seebeck coefficient,3,12.318338701524892
bm25_label,iTE:P0387:n2,negative Seebeck coefficient,iTE:P0344:n4,Seebeck coefficient,4,8.564147647103221
bm25_label,iTE:P0387:n2,negative Seebeck coefficient,iTE:P0345:n3,Seebeck coefficient,5,8.564147647103221
bm25_label,iTE:P0387:n2,negative Seebeck coefficient,iTE:P0352:n3,Seebeck coefficient,6,8.564147647103221
bm25_label,iTE:P0387:n2,negative Seebeck coefficient,iTE:P0379:n3,Seebeck coefficient,7,8.564147647103221
bm25_label,iTE:P0387:n2,negative Seebeck coefficient,iTE:P0385:n3,Seebeck coefficient,8,8.564147647103221
bm25_label,iTE:P0387:n2,negative Seebeck coefficient,iTE:P0406:n3,Seebeck coefficient,9,8.564147647103221
bm25_label,iTE:P0387:n2,negative Seebeck coefficient,iTE:P0414:n3,Seebeck coefficient,10,8.564147647103221
bm25_label,iTE:P0387:n4,positive Seebeck coefficient,iTE:P0884:n2,positive Seebeck coefficient,1,13.940357382346832
bm25_label,iTE:P0387:n4,positive Seebeck coefficient,iTE:P0344:n4,Seebeck coefficient,2,8.564147647103221
bm25_label,iTE:P0387:n4,positive Seebeck coefficient,iTE:P0345:n3,Seebeck coefficient,3,8.564147647103221
bm25_label,iTE:P0387:n4,positive Seebeck coefficient,iTE:P0352:n3,Seebeck coefficient,4,8.564147647103221
bm25_label,iTE:P0387:n4,positive Seebeck coefficient,iTE:P0379:n3,Seebeck coefficient,5,8.564147647103221
bm25_label,iTE:P0387:n4,positive Seebeck coefficient,iTE:P0385:n3,Seebeck coefficient,6,8.564147647103221
bm25_label,iTE:P0387:n4,positive Seebeck coefficient,iTE:P0406:n3,Seebeck coefficient,7,8.564147647103221
bm25_label,iTE:P0387:n4,positive Seebeck coefficient,iTE:P0414:n3,Seebeck coefficient,8,8.564147647103221
bm25_label,iTE:P0387:n4,positive Seebeck coefficient,iTE:P0446:n2,Seebeck coefficient,9,8.564147647103221
bm25_label,iTE:P0387:n4,positive Seebeck coefficient,iTE:P0454:n3,Seebeck coefficient,10,8.564147647103221
bm25_label,iTE:P0388:n2,continuous operation of ITECs,iTE:P0371:n4,continuous operation,1,15.53020891426694
bm25_label,iTE:P0388:n2,continuous operation of ITECs,iTE:P0680:n3,operation mechanism of the MTEGs,2,7.454683219030709
bm25_label,iTE:P0388:n2,continuous operation of ITECs,iTE:P0353:n5,continuous power generation,3,6.531755533253446
bm25_label,iTE:P0388:n2,continuous operation of ITECs,iTE:P0510:n3,continuous electricity generation,4,6.531755533253446
bm25_label,iTE:P0388:n2,continuous operation of ITECs,iTE:P0828:n4,continuous power output,5,6.531755533253446
bm25_label,iTE:P0388:n2,continuous operation of ITECs,iTE:P1787:n1,co-continuous phase,6,6.531755533253446
bm25_label,iTE:P0388:n2,continuous operation of ITECs,iTE:P1220:n2,mechanically stable during operation,7,6.526799678550417
bm25_label,iTE:P0388:n2,continuous operation of ITECs,iTE:P1721:n4,continuous electron-transport pathways,8,5.873577049934529
bm25_label,iTE:P0388:n2,continuous operation of ITECs,iTE:P0546:n2,continuous fabrication of the PEDOT: PSS fiber,9,5.799471242841781
bm25_label,iTE:P0388:n2,continuous operation of ITECs,iTE:P1547:n2,low humidity-resistant i-TE operation,10,5.432065342513768
bm25_label,iTE:P0412:n5,thermoelectric and mechanical performance,iTE:P0591:n3,mechanical performance,1,12.168473177304413
bm25_label,iTE:P0412:n5,thermoelectric and mechanical performance,iTE:P0490:n3,thermoelectric and mechanical performances,2,10.937751371456413
bm25_label,iTE:P0412:n5,thermoelectric and mechanical performance,iTE:P0420:n3,thermoelectric performance,3,9.787237212147195
bm25_label,iTE:P0412:n5,thermoelectric and mechanical performance,iTE:P0440:n2,thermoelectric performance,4,9.787237212147195
bm25_label,iTE:P0412:n5,thermoelectric and mechanical performance,iTE:P0526:n3,thermoelectric performance,5,9.787237212147195
bm25_label,iTE:P0412:n5,thermoelectric and mechanical performance,iTE:P0578:n2,thermoelectric performance,6,9.787237212147195
bm25_label,iTE:P0412:n5,thermoelectric and mechanical performance,iTE:P0579:n3,thermoelectric performance,7,9.787237212147195
bm25_label,iTE:P0412:n5,thermoelectric and mechanical performance,iTE:P0668:n2,thermoelectric performance,8,9.787237212147195
bm25_label,iTE:P0412:n5,thermoelectric and mechanical performance,iTE:P0675:n2,Thermoelectric performance,9,9.787237212147195
bm25_label,iTE:P0412:n5,thermoelectric and mechanical performance,iTE:P0687:n2,thermoelectric performance,10,9.787237212147195
bm25_label,iTE:P0426:n2,carrier concentration,iTE:P0582:n2,carrier concentration,1,10.15865597533319
bm25_label,iTE:P0426:n2,carrier concentration,iTE:P0742:n2,carrier concentration,2,10.15865597533319
bm25_label,iTE:P0426:n2,carrier concentration,iTE:P0832:n2,carrier concentration,3,10.15865597533319
bm25_label,iTE:P0426:n2,carrier concentration,iTE:P1039:n2,carrier concentration,4,10.15865597533319
bm25_label,iTE:P0426:n2,carrier concentration,iTE:P1049:n2,carrier concentration,5,10.15865597533319
bm25_label,iTE:P0426:n2,carrier concentration,iTE:P1157:n2,carrier concentration,6,10.15865597533319
bm25_label,iTE:P0426:n2,carrier concentration,iTE:P1171:n2,carrier concentration,7,10.15865597533319
bm25_label,iTE:P0426:n2,carrier concentration,iTE:P1487:n1,carrier concentration,8,10.15865597533319
bm25_label,iTE:P0426:n2,carrier concentration,iTE:P1968:n2,carrier concentration,9,10.15865597533319
bm25_label,iTE:P0426:n2,carrier concentration,iTE:P0375:n1,ion carrier concentration,10,9.020302170563067
bm25_label,iTE:P0512:n3,n-type characteristics,iTE:P0896:n4,n-type semiconducting characteristics,1,14.615022110202293
bm25_label,iTE:P0512:n3,n-type characteristics,iTE:P0914:n3,p-type characteristics,2,11.571033885834876
bm25_label,iTE:P0512:n3,n-type characteristics,iTE:P0367:n3,n-type behavior,3,9.342996718987138
bm25_label,iTE:P0512:n3,n-type characteristics,iTE:P0668:n1,n-type doping,4,9.342996718987138
bm25_label,iTE:P0512:n3,n-type characteristics,iTE:P0711:n2,n-type conduction,5,9.342996718987138
bm25_label,iTE:P0512:n3,n-type characteristics,iTE:P1215:n2,n-type transport,6,9.342996718987138
bm25_label,iTE:P0512:n3,n-type characteristics,iTE:P1530:n2,n-type conductivity,7,9.342996718987138
bm25_label,iTE:P0512:n3,n-type characteristics,iTE:P1558:n2,n-type conductivity,8,9.342996718987138
bm25_label,iTE:P0512:n3,n-type characteristics,iTE:P1578:n2,n-type conduction,9,9.342996718987138
bm25_label,iTE:P0512:n3,n-type characteristics,iTE:P0343:n3,n-type thermoelectric behavior,10,8.401540876243189
bm25_label,iTE:P0582:n2,carrier concentration,iTE:P0426:n2,carrier concentration,1,10.15865597533319
bm25_label,iTE:P0582:n2,carrier concentration,iTE:P0742:n2,carrier concentration,2,10.15865597533319
bm25_label,iTE:P0582:n2,carrier concentration,iTE:P0832:n2,carrier concentration,3,10.15865597533319
bm25_label,iTE:P0582:n2,carrier concentration,iTE:P1039:n2,carrier concentration,4,10.15865597533319
bm25_label,iTE:P0582:n2,carrier concentration,iTE:P1049:n2,carrier concentration,5,10.15865597533319
bm25_label,iTE:P0582:n2,carrier concentration,iTE:P1157:n2,carrier concentration,6,10.15865597533319
bm25_label,iTE:P0582:n2,carrier concentration,iTE:P1171:n2,carrier concentration,7,10.15865597533319
bm25_label,iTE:P0582:n2,carrier concentration,iTE:P1487:n1,carrier concentration,8,10.15865597533319
bm25_label,iTE:P0582:n2,carrier concentration,iTE:P1968:n2,carrier concentration,9,10.15865597533319
bm25_label,iTE:P0582:n2,carrier concentration,iTE:P0375:n1,ion carrier concentration,10,9.020302170563067
bm25_label,iTE:P0591:n3,mechanical performance,iTE:P0412:n5,thermoelectric and mechanical performance,1,9.716137911732748
bm25_label,iTE:P0591:n3,mechanical performance,iTE:P0518:n3,mechanical integrity,2,6.6394691528038905
bm25_label,iTE:P0591:n3,mechanical performance,iTE:P0599:n2,mechanical stretchability,3,6.6394691528038905
bm25_label,iTE:P0591:n3,mechanical performance,iTE:P0925:n2,mechanical stability,4,6.6394691528038905
bm25_label,iTE:P0591:n3,mechanical performance,iTE:P1721:n2,mechanical robustness,5,6.6394691528038905
bm25_label,iTE:P0591:n3,mechanical performance,iTE:P0376:n4,performance,6,6.327532824206293
bm25_label,iTE:P0591:n3,mechanical performance,iTE:P0545:n2,performance,7,6.327532824206293
bm25_label,iTE:P0591:n3,mechanical performance,iTE:P0862:n2,performance,8,6.327532824206293
bm25_label,iTE:P0591:n3,mechanical performance,iTE:P1260:n2,superior mechanical properties,9,5.895466699122976
bm25_label,iTE:P0591:n3,mechanical performance,iTE:P1406:n2,high mechanical strength,10,5.895466699122976
bm25_label,iTE:P0619:n1,increased PEDOT domain distances,iTE:P0825:n1,increase in the PEDOT domain distances,1,15.20128811466176
bm25_label,iTE:P0619:n1,increased PEDOT domain distances,iTE:P0482:n2,optimized PEDOT domain distribution,2,10.941533132273062
bm25_label,iTE:P0619:n1,increased PEDOT domain distances,iTE:P0455:n1,increased pressure,3,6.7842179663600595
bm25_label,iTE:P0619:n1,increased PEDOT domain distances,iTE:P1189:n2,increased conductivity,4,6.7842179663600595
bm25_label,iTE:P0619:n1,increased PEDOT domain distances,iTE:P1283:n2,increased resistivity,5,6.7842179663600595
bm25_label,iTE:P0619:n1,increased PEDOT domain distances,iTE:P0490:n2,increased ordering structure,6,6.023995319471725
bm25_label,iTE:P0619:n1,increased PEDOT domain distances,iTE:P0570:n5,increased amorphous regions,7,6.023995319471725
bm25_label,iTE:P0619:n1,increased PEDOT domain distances,iTE:P1314:n2,increased electron contribution,8,6.023995319471725
bm25_label,iTE:P0619:n1,increased PEDOT domain distances,iTE:P1535:n1,increased doping content,9,6.023995319471725
bm25_label,iTE:P0619:n1,increased PEDOT domain distances,iTE:P0958:n1,domain-scattering mechanism of phonons,10,5.9293256122442255
bm25_label,iTE:P0636:n2,Electrical conductivity,iTE:P0409:n4,electrical conductivity,1,7.963671361387348
bm25_label,iTE:P0636:n2,Electrical conductivity,iTE:P0414:n2,electrical conductivity,2,7.963671361387348
bm25_label,iTE:P0636:n2,Electrical conductivity,iTE:P0471:n3,electrical conductivity,3,7.963671361387348
bm25_label,iTE:P0636:n2,Electrical conductivity,iTE:P0533:n2,electrical conductivity,4,7.963671361387348
bm25_label,iTE:P0636:n2,Electrical conductivity,iTE:P0539:n2,electrical conductivity,5,7.963671361387348
bm25_label,iTE:P0636:n2,Electrical conductivity,iTE:P0615:n4,electrical conductivity,6,7.963671361387348
bm25_label,iTE:P0636:n2,Electrical conductivity,iTE:P0618:n3,electrical conductivity,7,7.963671361387348
bm25_label,iTE:P0636:n2,Electrical conductivity,iTE:P0651:n2,electrical conductivity,8,7.963671361387348
bm25_label,iTE:P0636:n2,Electrical conductivity,iTE:P0718:n2,Electrical conductivity,9,7.963671361387348
bm25_label,iTE:P0636:n2,Electrical conductivity,iTE:P0753:n3,electrical conductivity,10,7.963671361387348
bm25_label,iTE:P0721:n1,concentration,iTE:P0426:n2,carrier concentration,1,5.05940236625861
bm25_label,iTE:P0721:n1,concentration,iTE:P0474:n1,salt concentration,2,5.05940236625861
bm25_label,iTE:P0721:n1,concentration,iTE:P0507:n1,redox concentration,3,5.05940236625861
bm25_label,iTE:P0721:n1,concentration,iTE:P0582:n2,carrier concentration,4,5.05940236625861
bm25_label,iTE:P0721:n1,concentration,iTE:P0649:n1,Sn-concentration,5,5.05940236625861
bm25_label,iTE:P0721:n1,concentration,iTE:P0742:n2,carrier concentration,6,5.05940236625861
bm25_label,iTE:P0721:n1,concentration,iTE:P0832:n2,carrier concentration,7,5.05940236625861
bm25_label,iTE:P0721:n1,concentration,iTE:P1039:n2,carrier concentration,8,5.05940236625861
bm25_label,iTE:P0721:n1,concentration,iTE:P1049:n2,carrier concentration,9,5.05940236625861
bm25_label,iTE:P0721:n1,concentration,iTE:P1157:n2,carrier concentration,10,5.05940236625861
bm25_label,iTE:P0724:n3,p-type,iTE:P0896:n3,p-type,1,10.522074277799103
bm25_label,iTE:P0724:n3,p-type,iTE:P0374:n2,p-type thermopower,2,9.342996718987138
bm25_label,iTE:P0724:n3,p-type,iTE:P0714:n2,p-type conductors,3,9.342996718987138
bm25_label,iTE:P0724:n3,p-type,iTE:P0914:n3,p-type characteristics,4,9.342996718987138
bm25_label,iTE:P0724:n3,p-type,iTE:P1034:n2,p-type semiconductors,5,9.342996718987138
bm25_label,iTE:P0724:n3,p-type,iTE:P1279:n2,p-type conduction,6,9.342996718987138
bm25_label,iTE:P0724:n3,p-type,iTE:P1444:n2,p-type character,7,9.342996718987138
bm25_label,iTE:P0724:n3,p-type,iTE:P1571:n2,remains p-type,8,9.342996718987138
bm25_label,iTE:P0724:n3,p-type,iTE:P1757:n1,p-type semiconductors,9,9.342996718987138
bm25_label,iTE:P0724:n3,p-type,iTE:P1795:n2,p-type conduction,10,9.342996718987138
bm25_label,iTE:P0825:n1,increase in the PEDOT domain distances,iTE:P0619:n1,increased PEDOT domain distances,1,18.2648322736142
bm25_label,iTE:P0825:n1,increase in the PEDOT domain distances,iTE:P0482:n2,optimized PEDOT domain distribution,2,10.941533132273062
bm25_label,iTE:P0825:n1,increase in the PEDOT domain distances,iTE:P1368:n2,increase in the output voltage,3,9.797592810989833
bm25_label,iTE:P0825:n1,increase in the PEDOT domain distances,iTE:P0488:n3,increase in S,4,9.65157284628931
bm25_label,iTE:P0825:n1,increase in the PEDOT domain distances,iTE:P1127:n2,increase in resistivity,5,9.65157284628931
bm25_label,iTE:P0825:n1,increase in the PEDOT domain distances,iTE:P1139:n2,increase in T-c,6,8.679023040150346
bm25_label,iTE:P0825:n1,increase in the PEDOT domain distances,iTE:P1970:n1,increase in phonon scattering,7,8.679023040150346
bm25_label,iTE:P0825:n1,increase in the PEDOT domain distances,iTE:P1853:n2,increase in the Curie temperature T-C,8,8.281405605722144
bm25_label,iTE:P0825:n1,increase in the PEDOT domain distances,iTE:P1885:n1,increase in the concentration of titanium vacancies,9,8.281405605722144
bm25_label,iTE:P0825:n1,increase in the PEDOT domain distances,iTE:P0400:n2,polyanions in the PEDOT:PSS electrodes,10,8.03314389054717
bm25_label,iTE:P0833:n2,Seebeck coefficient S,iTE:P0364:n4,Seebeck coefficient (S),1,12.902044675192485
bm25_label,iTE:P0833:n2,Seebeck coefficient S,iTE:P0913:n2,Seebeck coefficient (S),2,12.902044675192485
bm25_label,iTE:P0833:n2,Seebeck coefficient S,iTE:P1037:n2,Seebeck coefficient (S),3,12.902044675192485
bm25_label,iTE:P0833:n2,Seebeck coefficient S,iTE:P0344:n4,Seebeck coefficient,4,8.564147647103221
bm25_label,iTE:P0833:n2,Seebeck coefficient S,iTE:P0345:n3,Seebeck coefficient,5,8.564147647103221
bm25_label,iTE:P0833:n2,Seebeck coefficient S,iTE:P0352:n3,Seebeck coefficient,6,8.564147647103221
bm25_label,iTE:P0833:n2,Seebeck coefficient S,iTE:P0379:n3,Seebeck coefficient,7,8.564147647103221
bm25_label,iTE:P0833:n2,Seebeck coefficient S,iTE:P0385:n3,Seebeck coefficient,8,8.564147647103221
bm25_label,iTE:P0833:n2,Seebeck coefficient S,iTE:P0406:n3,Seebeck coefficient,9,8.564147647103221
bm25_label,iTE:P0833:n2,Seebeck coefficient S,iTE:P0414:n3,Seebeck coefficient,10,8.564147647103221
bm25_label,iTE:P0866:n3,Seebeck coefficient of the PANI,iTE:P0566:n2,Seebeck coefficient of the nanotube networks,1,8.841291836087192
bm25_label,iTE:P0866:n3,Seebeck coefficient of the PANI,iTE:P1160:n2,jump of the ionic Seebeck coefficient,2,8.841291836087192
bm25_label,iTE:P0866:n3,Seebeck coefficient of the PANI,iTE:P0344:n4,Seebeck coefficient,3,8.564147647103221
bm25_label,iTE:P0866:n3,Seebeck coefficient of the PANI,iTE:P0345:n3,Seebeck coefficient,4,8.564147647103221
bm25_label,iTE:P0866:n3,Seebeck coefficient of the PANI,iTE:P0352:n3,Seebeck coefficient,5,8.564147647103221
bm25_label,iTE:P0866:n3,Seebeck coefficient of the PANI,iTE:P0379:n3,Seebeck coefficient,6,8.564147647103221
bm25_label,iTE:P0866:n3,Seebeck coefficient of the PANI,iTE:P0385:n3,Seebeck coefficient,7,8.564147647103221
bm25_label,iTE:P0866:n3,Seebeck coefficient of the PANI,iTE:P0406:n3,Seebeck coefficient,8,8.564147647103221
bm25_label,iTE:P0866:n3,Seebeck coefficient of the PANI,iTE:P0414:n3,Seebeck coefficient,9,8.564147647103221
bm25_label,iTE:P0866:n3,Seebeck coefficient of the PANI,iTE:P0446:n2,Seebeck coefficient,10,8.564147647103221
bm25_label,iTE:P0870:n4,semiconducting properties,iTE:P0705:n1,semiconducting nanostructure,1,7.240962071299378
bm25_label,iTE:P0870:n4,semiconducting properties,iTE:P0992:n2,semiconducting chalcogenides,2,7.240962071299378
bm25_label,iTE:P0870:n4,semiconducting properties,iTE:P1883:n2,semiconducting gap,3,7.240962071299378
bm25_label,iTE:P0870:n4,semiconducting properties,iTE:P0896:n4,n-type semiconducting characteristics,4,5.781677378357487
bm25_label,iTE:P0870:n4,semiconducting properties,iTE:P1200:n2,p -type semiconducting nature,5,5.781677378357487
bm25_label,iTE:P0870:n4,semiconducting properties,iTE:P1831:n2,metallic to semiconducting behavior,6,5.781677378357487
bm25_label,iTE:P0870:n4,semiconducting properties,iTE:P0375:n4,iTE properties,7,5.420104808925241
bm25_label,iTE:P0870:n4,semiconducting properties,iTE:P0480:n2,thermoelectric properties,8,5.420104808925241
bm25_label,iTE:P0870:n4,semiconducting properties,iTE:P0486:n3,thermoelectric properties,9,5.420104808925241
bm25_label,iTE:P0870:n4,semiconducting properties,iTE:P0521:n2,thermoelectric properties,10,5.420104808925241
bm25_label,iTE:P0896:n3,p-type,iTE:P0724:n3,p-type,1,10.522074277799103
bm25_label,iTE:P0896:n3,p-type,iTE:P0374:n2,p-type thermopower,2,9.342996718987138
bm25_label,iTE:P0896:n3,p-type,iTE:P0714:n2,p-type conductors,3,9.342996718987138
bm25_label,iTE:P0896:n3,p-type,iTE:P0914:n3,p-type characteristics,4,9.342996718987138
bm25_label,iTE:P0896:n3,p-type,iTE:P1034:n2,p-type semiconductors,5,9.342996718987138
bm25_label,iTE:P0896:n3,p-type,iTE:P1279:n2,p-type conduction,6,9.342996718987138
bm25_label,iTE:P0896:n3,p-type,iTE:P1444:n2,p-type character,7,9.342996718987138
bm25_label,iTE:P0896:n3,p-type,iTE:P1571:n2,remains p-type,8,9.342996718987138
bm25_label,iTE:P0896:n3,p-type,iTE:P1757:n1,p-type semiconductors,9,9.342996718987138
bm25_label,iTE:P0896:n3,p-type,iTE:P1795:n2,p-type conduction,10,9.342996718987138
bm25_label,iTE:P0914:n3,p-type characteristics,iTE:P0512:n3,n-type characteristics,1,11.571033885834876
bm25_label,iTE:P0914:n3,p-type characteristics,iTE:P0724:n3,p-type,2,10.522074277799103
bm25_label,iTE:P0914:n3,p-type characteristics,iTE:P0896:n3,p-type,3,10.522074277799103
bm25_label,iTE:P0914:n3,p-type characteristics,iTE:P0896:n4,n-type semiconducting characteristics,4,10.405067784587176
bm25_label,iTE:P0914:n3,p-type characteristics,iTE:P0374:n2,p-type thermopower,5,9.342996718987138
bm25_label,iTE:P0914:n3,p-type characteristics,iTE:P0714:n2,p-type conductors,6,9.342996718987138
bm25_label,iTE:P0914:n3,p-type characteristics,iTE:P1034:n2,p-type semiconductors,7,9.342996718987138
bm25_label,iTE:P0914:n3,p-type characteristics,iTE:P1279:n2,p-type conduction,8,9.342996718987138
bm25_label,iTE:P0914:n3,p-type characteristics,iTE:P1444:n2,p-type character,9,9.342996718987138
bm25_label,iTE:P0914:n3,p-type characteristics,iTE:P1571:n2,remains p-type,10,9.342996718987138
bm25_label,iTE:P0932:n3,PEDOT:PSS conductivity,iTE:P0940:n2,conductivity of PEDOT:PSS,1,11.808026630546227
bm25_label,iTE:P0932:n3,PEDOT:PSS conductivity,iTE:P1900:n1,PEDOT:PSS/DES,2,10.171902606594173
bm25_label,iTE:P0932:n3,PEDOT:PSS conductivity,iTE:P0916:n1,electrical conductivity of PEDOT:PSS/SWCNT,3,9.827476769980404
bm25_label,iTE:P0932:n3,PEDOT:PSS conductivity,iTE:P0932:n1,PSS separation from PEDOT,4,9.146921283274317
bm25_label,iTE:P0932:n3,PEDOT:PSS conductivity,iTE:P0858:n2,phase separation of PEDOT:PSS,5,8.309596940187642
bm25_label,iTE:P0932:n3,PEDOT:PSS conductivity,iTE:P1272:n2,structure reorganization of PEDOT:PSS,6,8.309596940187642
bm25_label,iTE:P0932:n3,PEDOT:PSS conductivity,iTE:P0400:n2,polyanions in the PEDOT:PSS electrodes,7,7.612716268413381
bm25_label,iTE:P0932:n3,PEDOT:PSS conductivity,iTE:P0688:n3,TE performance of PEDOT:PSS films,8,7.612716268413381
bm25_label,iTE:P0932:n3,PEDOT:PSS conductivity,iTE:P1292:n2,nanophase segregation between PEDOT and PSS,9,7.612716268413381
bm25_label,iTE:P0932:n3,PEDOT:PSS conductivity,iTE:P1449:n1,ion exchange capability with PEDOT:PSS,10,7.612716268413381
bm25_label,iTE:P0940:n2,conductivity of PEDOT:PSS,iTE:P0932:n3,PEDOT:PSS conductivity,1,13.13120482206564
bm25_label,iTE:P0940:n2,conductivity of PEDOT:PSS,iTE:P0916:n1,electrical conductivity of PEDOT:PSS/SWCNT,2,11.224910935790778
bm25_label,iTE:P0940:n2,conductivity of PEDOT:PSS,iTE:P1900:n1,PEDOT:PSS/DES,3,10.171902606594173
bm25_label,iTE:P0940:n2,conductivity of PEDOT:PSS,iTE:P0858:n2,phase separation of PEDOT:PSS,4,9.834954546974128
bm25_label,iTE:P0940:n2,conductivity of PEDOT:PSS,iTE:P1272:n2,structure reorganization of PEDOT:PSS,5,9.834954546974128
bm25_label,iTE:P0940:n2,conductivity of PEDOT:PSS,iTE:P0932:n1,PSS separation from PEDOT,6,9.146921283274317
bm25_label,iTE:P0940:n2,conductivity of PEDOT:PSS,iTE:P0688:n3,TE performance of PEDOT:PSS films,7,9.010150434223757
bm25_label,iTE:P0940:n2,conductivity of PEDOT:PSS,iTE:P1877:n2,phase separation of PEDOT and PSS,8,9.010150434223757
bm25_label,iTE:P0940:n2,conductivity of PEDOT:PSS,iTE:P0546:n2,continuous fabrication of the PEDOT: PSS fiber,9,8.312985576005534
bm25_label,iTE:P0940:n2,conductivity of PEDOT:PSS,iTE:P1342:n2,supramolecular assembly and gelification of PEDOT:PSS,10,8.312985576005534
bm25_label,iTE:P0955:n2,charge carrier concentration,iTE:P1492:n2,charge carrier concentration,1,13.478455486093438
bm25_label,iTE:P0955:n2,charge carrier concentration,iTE:P1940:n2,charge carrier concentration,2,13.478455486093438
bm25_label,iTE:P0955:n2,charge carrier concentration,iTE:P0426:n2,carrier concentration,3,10.15865597533319
bm25_label,iTE:P0955:n2,charge carrier concentration,iTE:P0582:n2,carrier concentration,4,10.15865597533319
bm25_label,iTE:P0955:n2,charge carrier concentration,iTE:P0742:n2,carrier concentration,5,10.15865597533319
bm25_label,iTE:P0955:n2,charge carrier concentration,iTE:P0832:n2,carrier concentration,6,10.15865597533319
bm25_label,iTE:P0955:n2,charge carrier concentration,iTE:P1039:n2,carrier concentration,7,10.15865597533319
bm25_label,iTE:P0955:n2,charge carrier concentration,iTE:P1049:n2,carrier concentration,8,10.15865597533319
bm25_label,iTE:P0955:n2,charge carrier concentration,iTE:P1157:n2,carrier concentration,9,10.15865597533319
bm25_label,iTE:P0955:n2,charge carrier concentration,iTE:P1171:n2,carrier concentration,10,10.15865597533319
bm25_label,iTE:P0983:n2,half-metallicity character,iTE:P1006:n2,half-metallic character,1,12.98481630065988
bm25_label,iTE:P0983:n2,half-metallicity character,iTE:P1018:n2,half-metallic character,2,12.98481630065988
bm25_label,iTE:P0983:n2,half-metallicity character,iTE:P1093:n2,half-metal,3,8.174151864000875
bm25_label,iTE:P0983:n2,half-metallicity character,iTE:P1509:n2,half-metallic gap,4,7.2581766702598545
bm25_label,iTE:P0983:n2,half-metallicity character,iTE:P0920:n1,fluidic character,5,6.449336263899424
bm25_label,iTE:P0983:n2,half-metallicity character,iTE:P1032:n2,covalent character,6,6.449336263899424
bm25_label,iTE:P0983:n2,half-metallicity character,iTE:P1699:n2,ionic character,7,6.449336263899424
bm25_label,iTE:P0983:n2,half-metallicity character,iTE:P1837:n2,covalent character,8,6.449336263899424
bm25_label,iTE:P0983:n2,half-metallicity character,iTE:P1444:n2,p-type character,9,5.726639630400026
bm25_label,iTE:P0983:n2,half-metallicity character,iTE:P1882:n2,decreasing ionic character,10,5.726639630400026
bm25_label,iTE:P1004:n1,Cr doping,iTE:P1132:n1,Cr doping,1,13.747875575243128
bm25_label,iTE:P1004:n1,Cr doping,iTE:P1319:n1,more covalent Cr & horbar;Se bonds,2,5.600781211548062
bm25_label,iTE:P1004:n1,Cr doping,iTE:P0486:n2,Sm-doping,3,5.319840694674011
bm25_label,iTE:P1004:n1,Cr doping,iTE:P0614:n1,chemical doping,4,5.319840694674011
bm25_label,iTE:P1004:n1,Cr doping,iTE:P0623:n1,Se doping,5,5.319840694674011
bm25_label,iTE:P1004:n1,Cr doping,iTE:P0661:n1,fluorine doping,6,5.319840694674011
bm25_label,iTE:P1004:n1,Cr doping,iTE:P0807:n2,p-doping,7,5.319840694674011
bm25_label,iTE:P1004:n1,Cr doping,iTE:P0807:n4,n-doping,8,5.319840694674011
bm25_label,iTE:P1004:n1,Cr doping,iTE:P0873:n2,doping level,9,5.319840694674011
bm25_label,iTE:P1004:n1,Cr doping,iTE:P0898:n1,Trivalent doping,10,5.319840694674011
bm25_label,iTE:P1006:n2,half-metallic character,iTE:P1018:n2,half-metallic character,1,19.153968115230526
bm25_label,iTE:P1006:n2,half-metallic character,iTE:P1509:n2,half-metallic gap,2,13.4273284848305
bm25_label,iTE:P1006:n2,half-metallic character,iTE:P0983:n2,half-metallicity character,3,12.98481630065988
bm25_label,iTE:P1006:n2,half-metallic character,iTE:P1093:n2,half-metal,4,8.174151864000875
bm25_label,iTE:P1006:n2,half-metallic character,iTE:P0860:n1,metallic state,5,6.947693077106048
bm25_label,iTE:P1006:n2,half-metallic character,iTE:P1536:n1,metallic nature,6,6.947693077106048
bm25_label,iTE:P1006:n2,half-metallic character,iTE:P1220:n1,Pt/NbO2 interfacial bonds of metallic and partly covalent character,7,6.666539901937361
bm25_label,iTE:P1006:n2,half-metallic character,iTE:P0920:n1,fluidic character,8,6.449336263899424
bm25_label,iTE:P1006:n2,half-metallic character,iTE:P1032:n2,covalent character,9,6.449336263899424
bm25_label,iTE:P1006:n2,half-metallic character,iTE:P1699:n2,ionic character,10,6.449336263899424
bm25_label,iTE:P1025:n2,optical conductivity,iTE:P1012:n1,optical modes,1,6.863316993703283
bm25_label,iTE:P1025:n2,optical conductivity,iTE:P1682:n3,optical properties,2,6.863316993703283
bm25_label,iTE:P1025:n2,optical conductivity,iTE:P1326:n2,acoustic-optical phonons,3,6.094230705901385
bm25_label,iTE:P1025:n2,optical conductivity,iTE:P1587:n3,enhanced optical absorption,4,6.094230705901385
bm25_label,iTE:P1025:n2,optical conductivity,iTE:P1740:n2,optical band gap,5,6.094230705901385
bm25_label,iTE:P1025:n2,optical conductivity,iTE:P1266:n1,acoustic-optical phonon coupling,6,5.4801398228937295
bm25_label,iTE:P1025:n2,optical conductivity,iTE:P1870:n2,low-energy optical modes,7,5.4801398228937295
bm25_label,iTE:P1025:n2,optical conductivity,iTE:P0877:n1,electron-polar optical phonon interactions,8,4.978478735504878
bm25_label,iTE:P1025:n2,optical conductivity,iTE:P0937:n2,low-lying optical phonon bands,9,4.978478735504878
bm25_label,iTE:P1025:n2,optical conductivity,iTE:P1596:n1,optical absorption and thermoelectric effect,10,4.978478735504878
bm25_label,iTE:P1093:n2,half-metal,iTE:P0983:n2,half-metallicity character,1,7.2581766702598545
bm25_label,iTE:P1093:n2,half-metal,iTE:P1006:n2,half-metallic character,2,7.2581766702598545
bm25_label,iTE:P1093:n2,half-metal,iTE:P1018:n2,half-metallic character,3,7.2581766702598545
bm25_label,iTE:P1093:n2,half-metal,iTE:P1509:n2,half-metallic gap,4,7.2581766702598545
bm25_label,iTE:P1093:n2,half-metal,iTE:P1041:n1,alkali-metal vacancies,5,5.534958877089641
bm25_label,iTE:P1093:n2,half-metal,iTE:P1326:n1,Alkali metal atoms,6,5.534958877089641
bm25_label,iTE:P1093:n2,half-metal,iTE:P1330:n2,semiconductor-metal transition,7,5.534958877089641
bm25_label,iTE:P1093:n2,half-metal,iTE:P1470:n3,metal-semiconductor transition,8,5.534958877089641
bm25_label,iTE:P1093:n2,half-metal,iTE:P1635:n1,metal-like behavior,9,5.534958877089641
bm25_label,iTE:P1093:n2,half-metal,iTE:P0893:n1,embedded heavy metal atoms,10,4.977223545384586
bm25_label,iTE:P1132:n1,Cr doping,iTE:P1004:n1,Cr doping,1,13.747875575243128
bm25_label,iTE:P1132:n1,Cr doping,iTE:P1319:n1,more covalent Cr & horbar;Se bonds,2,5.600781211548062
bm25_label,iTE:P1132:n1,Cr doping,iTE:P0486:n2,Sm-doping,3,5.319840694674011
bm25_label,iTE:P1132:n1,Cr doping,iTE:P0614:n1,chemical doping,4,5.319840694674011
bm25_label,iTE:P1132:n1,Cr doping,iTE:P0623:n1,Se doping,5,5.319840694674011
bm25_label,iTE:P1132:n1,Cr doping,iTE:P0661:n1,fluorine doping,6,5.319840694674011
bm25_label,iTE:P1132:n1,Cr doping,iTE:P0807:n2,p-doping,7,5.319840694674011
bm25_label,iTE:P1132:n1,Cr doping,iTE:P0807:n4,n-doping,8,5.319840694674011
bm25_label,iTE:P1132:n1,Cr doping,iTE:P0873:n2,doping level,9,5.319840694674011
bm25_label,iTE:P1132:n1,Cr doping,iTE:P0898:n1,Trivalent doping,10,5.319840694674011
bm25_label,iTE:P1161:n2,concentration of electron holes,iTE:P1388:n2,concentration of holes,1,12.383666789824654
bm25_label,iTE:P1161:n2,concentration of electron holes,iTE:P1657:n2,density of holes,2,7.891208510212756
bm25_label,iTE:P1161:n2,concentration of electron holes,iTE:P0997:n2,small concentration of graphitic pi-electron carriers,3,7.764058804129274
bm25_label,iTE:P1161:n2,concentration of electron holes,iTE:P1555:n2,decrease of electron concentration in the lattice,4,7.764058804129274
bm25_label,iTE:P1161:n2,concentration of electron holes,iTE:P1187:n2,holes,5,7.7640315829922555
bm25_label,iTE:P1161:n2,concentration of electron holes,iTE:P0969:n2,formation of free holes,6,7.096043470375735
bm25_label,iTE:P1161:n2,concentration of electron holes,iTE:P1869:n2,formation of electronic holes,7,7.096043470375735
bm25_label,iTE:P1161:n2,concentration of electron holes,iTE:P1416:n2,two holes,8,6.7842179663600595
bm25_label,iTE:P1161:n2,concentration of electron holes,iTE:P1572:n2,large holes,9,6.7842179663600595
bm25_label,iTE:P1161:n2,concentration of electron holes,iTE:P1511:n3,electron-electron interaction,10,6.466773567438167
bm25_label,iTE:P1388:n2,concentration of holes,iTE:P1161:n2,concentration of electron holes,1,11.135814970484773
bm25_label,iTE:P1388:n2,concentration of holes,iTE:P1657:n2,density of holes,2,7.891208510212756
bm25_label,iTE:P1388:n2,concentration of holes,iTE:P1187:n2,holes,3,7.7640315829922555
bm25_label,iTE:P1388:n2,concentration of holes,iTE:P0969:n2,formation of free holes,4,7.096043470375735
bm25_label,iTE:P1388:n2,concentration of holes,iTE:P1869:n2,formation of electronic holes,5,7.096043470375735
bm25_label,iTE:P1388:n2,concentration of holes,iTE:P1416:n2,two holes,6,6.7842179663600595
bm25_label,iTE:P1388:n2,concentration of holes,iTE:P1572:n2,large holes,7,6.7842179663600595
bm25_label,iTE:P1388:n2,concentration of holes,iTE:P1835:n2,concentration of electrons,8,6.359671470352929
bm25_label,iTE:P1388:n2,concentration of holes,iTE:P1172:n1,doping with holes,9,6.023995319471725
bm25_label,iTE:P1388:n2,concentration of holes,iTE:P0721:n1,concentration,10,5.790108743185509
bm25_label,iTE:P1509:n2,half-metallic gap,iTE:P1006:n2,half-metallic character,1,13.4273284848305
bm25_label,iTE:P1509:n2,half-metallic gap,iTE:P1018:n2,half-metallic character,2,13.4273284848305
bm25_label,iTE:P1509:n2,half-metallic gap,iTE:P1093:n2,half-metal,3,8.174151864000875
bm25_label,iTE:P1509:n2,half-metallic gap,iTE:P0983:n2,half-metallicity character,4,7.2581766702598545
bm25_label,iTE:P1509:n2,half-metallic gap,iTE:P0860:n1,metallic state,5,6.947693077106048
bm25_label,iTE:P1509:n2,half-metallic gap,iTE:P1536:n1,metallic nature,6,6.947693077106048
bm25_label,iTE:P1509:n2,half-metallic gap,iTE:P0649:n2,Band gap,7,6.184799101371771
bm25_label,iTE:P1509:n2,half-metallic gap,iTE:P0908:n2,conductivity gap,8,6.184799101371771
bm25_label,iTE:P1509:n2,half-metallic gap,iTE:P1193:n2,band gap,9,6.184799101371771
bm25_label,iTE:P1509:n2,half-metallic gap,iTE:P1552:n3,gap formation,10,6.184799101371771
bm25_label,iTE:P1535:n2,increase of the carrier concentration,iTE:P1885:n1,increase in the concentration of titanium vacancies,1,10.268141325982969
bm25_label,iTE:P1535:n2,increase of the carrier concentration,iTE:P0426:n2,carrier concentration,2,10.15865597533319
bm25_label,iTE:P1535:n2,increase of the carrier concentration,iTE:P0582:n2,carrier concentration,3,10.15865597533319
bm25_label,iTE:P1535:n2,increase of the carrier concentration,iTE:P0742:n2,carrier concentration,4,10.15865597533319
bm25_label,iTE:P1535:n2,increase of the carrier concentration,iTE:P0832:n2,carrier concentration,5,10.15865597533319
bm25_label,iTE:P1535:n2,increase of the carrier concentration,iTE:P1039:n2,carrier concentration,6,10.15865597533319
bm25_label,iTE:P1535:n2,increase of the carrier concentration,iTE:P1049:n2,carrier concentration,7,10.15865597533319
bm25_label,iTE:P1535:n2,increase of the carrier concentration,iTE:P1157:n2,carrier concentration,8,10.15865597533319
bm25_label,iTE:P1535:n2,increase of the carrier concentration,iTE:P1171:n2,carrier concentration,9,10.15865597533319
bm25_label,iTE:P1535:n2,increase of the carrier concentration,iTE:P1487:n1,carrier concentration,10,10.15865597533319
bm25_label,iTE:P1646:n2,ionic bonding,iTE:P1808:n2,ionic bonding,1,8.337100043020271
bm25_label,iTE:P1646:n2,ionic bonding,iTE:P1898:n1,ionic bonding,2,8.337100043020271
bm25_label,iTE:P1646:n2,ionic bonding,iTE:P1931:n1,ionic bonding,3,8.337100043020271
bm25_label,iTE:P1646:n2,ionic bonding,iTE:P0486:n1,ionic bonding fraction,4,7.402865280295177
bm25_label,iTE:P1646:n2,ionic bonding,iTE:P0516:n1,weak ionic bonding,5,7.402865280295177
bm25_label,iTE:P1646:n2,ionic bonding,iTE:P1465:n1,strong ionic bonding,6,7.402865280295177
bm25_label,iTE:P1646:n2,ionic bonding,iTE:P1778:n1,ionic bonding nature,7,7.402865280295177
bm25_label,iTE:P1646:n2,ionic bonding,iTE:P0835:n2,mixed ionic-covalent bonding,8,6.656908604851137
bm25_label,iTE:P1646:n2,ionic bonding,iTE:P0933:n1,mixed ionic-covalent bonding,9,6.656908604851137
bm25_label,iTE:P1646:n2,ionic bonding,iTE:P1544:n1,Cu-Se ionic bonding,10,6.656908604851137
bm25_label,iTE:P1743:n2,conducting properties,iTE:P0989:n2,silver ion-conducting,1,6.249428834592263
bm25_label,iTE:P1743:n2,conducting properties,iTE:P0634:n2,"positively charged, conducting PEDOT",2,5.6196992663283
bm25_label,iTE:P1743:n2,conducting properties,iTE:P1667:n2,electrically conducting Ag filament,3,5.6196992663283
bm25_label,iTE:P1743:n2,conducting properties,iTE:P1723:n2,highest conducting polymer material,4,5.6196992663283
bm25_label,iTE:P1743:n2,conducting properties,iTE:P1918:n1,content of conducting particles,5,5.6196992663283
bm25_label,iTE:P1743:n2,conducting properties,iTE:P0375:n4,iTE properties,6,5.420104808925241
bm25_label,iTE:P1743:n2,conducting properties,iTE:P0480:n2,thermoelectric properties,7,5.420104808925241
bm25_label,iTE:P1743:n2,conducting properties,iTE:P0486:n3,thermoelectric properties,8,5.420104808925241
bm25_label,iTE:P1743:n2,conducting properties,iTE:P0521:n2,thermoelectric properties,9,5.420104808925241
bm25_label,iTE:P1743:n2,conducting properties,iTE:P0587:n3,thermoelectric properties,10,5.420104808925241
bm25_label,iTE:P1835:n2,concentration of electrons,iTE:P1798:n2,donors of electrons,1,7.402172067830673
bm25_label,iTE:P1835:n2,concentration of electrons,iTE:P1679:n1,electrons,2,7.133736540827176
bm25_label,iTE:P1835:n2,concentration of electrons,iTE:P1411:n2,number of free electrons,3,6.6562852445919365
bm25_label,iTE:P1835:n2,concentration of electrons,iTE:P1691:n1,Anderson localization of electrons,4,6.6562852445919365
bm25_label,iTE:P1835:n2,concentration of electrons,iTE:P1388:n2,concentration of holes,5,6.359671470352929
bm25_label,iTE:P1835:n2,concentration of electrons,iTE:P1159:n2,free electrons,6,6.233465576515194
bm25_label,iTE:P1835:n2,concentration of electrons,iTE:P1291:n2,smaller number of free electrons,7,6.04695785483765
bm25_label,iTE:P1835:n2,concentration of electrons,iTE:P1414:n2,mobility of e(g) electrons,8,6.04695785483765
bm25_label,iTE:P1835:n2,concentration of electrons,iTE:P0721:n1,concentration,9,5.790108743185509
bm25_label,iTE:P1835:n2,concentration of electrons,iTE:P0592:n1,concentration of ionic liquid,10,5.718833199316389
bm25_label,iTE:P1931:n1,ionic bonding,iTE:P1646:n2,ionic bonding,1,8.337100043020271
bm25_label,iTE:P1931:n1,ionic bonding,iTE:P1808:n2,ionic bonding,2,8.337100043020271
bm25_label,iTE:P1931:n1,ionic bonding,iTE:P1898:n1,ionic bonding,3,8.337100043020271
bm25_label,iTE:P1931:n1,ionic bonding,iTE:P0486:n1,ionic bonding fraction,4,7.402865280295177
bm25_label,iTE:P1931:n1,ionic bonding,iTE:P0516:n1,weak ionic bonding,5,7.402865280295177
bm25_label,iTE:P1931:n1,ionic bonding,iTE:P1465:n1,strong ionic bonding,6,7.402865280295177
bm25_label,iTE:P1931:n1,ionic bonding,iTE:P1778:n1,ionic bonding nature,7,7.402865280295177
bm25_label,iTE:P1931:n1,ionic bonding,iTE:P0835:n2,mixed ionic-covalent bonding,8,6.656908604851137
bm25_label,iTE:P1931:n1,ionic bonding,iTE:P0933:n1,mixed ionic-covalent bonding,9,6.656908604851137
bm25_label,iTE:P1931:n1,ionic bonding,iTE:P1544:n1,Cu-Se ionic bonding,10,6.656908604851137
focused_vector,TG:P0007:n2,sensitivity,TG:P0007:n1,micropatterned and gradient structure strategy,1,0.9681075215339661
focused_vector,TG:P0007:n2,sensitivity,TG:P0241:n2,higher sensitivity,2,0.8503618836402893
focused_vector,TG:P0007:n2,sensitivity,TG:P0110:n2,sensitivity,3,0.845375120639801
focused_vector,TG:P0007:n2,sensitivity,TG:P0110:n1,Peltier coefficient,4,0.8029162883758545
focused_vector,TG:P0007:n2,sensitivity,TG:P0032:n3,sensing performance,5,0.8020534515380859
focused_vector,TG:P0007:n2,sensitivity,TG:P0209:n1,concentration gradients,6,0.799737811088562
focused_vector,TG:P0007:n2,sensitivity,TG:P0158:n2,crosstalk between pixels,7,0.7920079231262207
focused_vector,TG:P0007:n2,sensitivity,TG:P0158:n3,spatial resolution,8,0.7877933979034424
focused_vector,TG:P0007:n2,sensitivity,TG:P0158:n1,reduction in hydrogel thickness,9,0.7818094491958618
focused_vector,TG:P0007:n2,sensitivity,TG:P0110:n4,resolution,10,0.7798057198524475
focused_vector,TG:P0011:n3,current density,TG:P0011:n1,incorporating a cationic pair into a cationic electroactive network (CN),1,0.9701838493347168
focused_vector,TG:P0011:n3,current density,TG:P0043:n4,thermal current,2,0.9072859883308411
focused_vector,TG:P0011:n3,current density,TG:P0146:n3,exchange current density,3,0.9027358889579773
focused_vector,TG:P0011:n3,current density,TG:P0045:n3,ion concentration,4,0.9022418260574341
focused_vector,TG:P0011:n3,current density,TG:P0045:n4,thermoelectric performance,5,0.8944615721702576
focused_vector,TG:P0011:n3,current density,TG:P0043:n1,KCl,6,0.8906338214874268
focused_vector,TG:P0011:n3,current density,TG:P0095:n3,ohmic resistance,7,0.8905391693115234
focused_vector,TG:P0011:n3,current density,TG:P0043:n2,thermodiffusion,8,0.8899626135826111
focused_vector,TG:P0011:n3,current density,TG:P0161:n3,ion transport and concentration equilibrium,9,0.8883970975875854
focused_vector,TG:P0011:n3,current density,TG:P0219:n4,thermocapacitance,10,0.886654794216156
focused_vector,TG:P0013:n2,electrical performance,TG:P0013:n3,environmental stability,1,0.9760310649871826
focused_vector,TG:P0013:n2,electrical performance,TG:P0013:n1,"hydrogen bonds among phytic acid, glycerol, and water",2,0.965203046798706
focused_vector,TG:P0013:n2,electrical performance,TG:P0208:n2,power output,3,0.892116904258728
focused_vector,TG:P0013:n2,electrical performance,TG:P0045:n4,thermoelectric performance,4,0.8904306888580322
focused_vector,TG:P0013:n2,electrical performance,TG:P0055:n3,power output,5,0.8879465460777283
focused_vector,TG:P0013:n2,electrical performance,TG:P0095:n3,ohmic resistance,6,0.8862205743789673
focused_vector,TG:P0013:n2,electrical performance,TG:P0047:n6,energy dissipation,7,0.881626546382904
focused_vector,TG:P0013:n2,electrical performance,TG:P0045:n3,ion concentration,8,0.8805974125862122
focused_vector,TG:P0013:n2,electrical performance,TG:P0139:n7,hydrogen bonding with hydrogel surfaces,9,0.8778325319290161
focused_vector,TG:P0013:n2,electrical performance,TG:P0095:n2,electrocatalysis,10,0.8760167360305786
focused_vector,TG:P0015:n1,stretching-induced crystallization,TG:P0015:n2,thermoelectric effect,1,0.9758163690567017
focused_vector,TG:P0015:n1,stretching-induced crystallization,TG:P0015:n4,thermopower,2,0.96876060962677
focused_vector,TG:P0015:n1,stretching-induced crystallization,TG:P0015:n3,tensile strength,3,0.9684693813323975
focused_vector,TG:P0015:n1,stretching-induced crystallization,TG:P0190:n2,ultra-stretchability,4,0.8783890604972839
focused_vector,TG:P0015:n1,stretching-induced crystallization,TG:P0068:n3,flexible stretchable properties,5,0.8554754257202148
focused_vector,TG:P0015:n1,stretching-induced crystallization,TG:P0052:n2,flexibility at -80 degrees C,6,0.8526403307914734
focused_vector,TG:P0015:n1,stretching-induced crystallization,TG:P0053:n6,thermoelectric properties,7,0.8496876955032349
focused_vector,TG:P0015:n1,stretching-induced crystallization,TG:P0255:n1,thermosensitive crystallization process,8,0.8491102457046509
focused_vector,TG:P0015:n1,stretching-induced crystallization,TG:P0053:n4,growth and precipitation of the produced thermosensitive crystals,9,0.8488373756408691
focused_vector,TG:P0015:n1,stretching-induced crystallization,TG:P0145:n1,thermodiffusion,10,0.8466982245445251
focused_vector,TG:P0021:n3,ion concentration gradients,TG:P0021:n1,double-layer thermogalvanic cell (DTGC) architecture,1,0.9709463119506836
focused_vector,TG:P0021:n3,ion concentration gradients,TG:P0021:n2,spatially segregates redox pairs into two distinct gel layers,2,0.9662917256355286
focused_vector,TG:P0021:n3,ion concentration gradients,TG:P0172:n4,concentration gradient,3,0.9289646744728088
focused_vector,TG:P0021:n3,ion concentration gradients,TG:P0283:n2,concentration gradient of redox ion pairs,4,0.909511923789978
focused_vector,TG:P0021:n3,ion concentration gradients,TG:P0172:n5,redox ion transport,5,0.9024127125740051
focused_vector,TG:P0021:n3,ion concentration gradients,TG:P0009:n2,continuous concentration gradient of redox ions,6,0.8905822038650513
focused_vector,TG:P0021:n3,ion concentration gradients,TG:P0081:n1,temperature gradient,7,0.8902724981307983
focused_vector,TG:P0021:n3,ion concentration gradients,TG:P0172:n3,solvation entropy differences of redox ions,8,0.8885324597358704
focused_vector,TG:P0021:n3,ion concentration gradients,TG:P0209:n1,concentration gradients,9,0.872318685054779
focused_vector,TG:P0021:n3,ion concentration gradients,TG:P0081:n3,chemical heterogeneity,10,0.8716332316398621
focused_vector,TG:P0025:n4,short-circuit current density,TG:P0025:n1,low FA concentrations,1,0.9780345559120178
focused_vector,TG:P0025:n4,short-circuit current density,TG:P0025:n3,reaction kinetics,2,0.971349835395813
focused_vector,TG:P0025:n4,short-circuit current density,TG:P0025:n2,desolvation of redox ions,3,0.9649012684822083
focused_vector,TG:P0025:n4,short-circuit current density,TG:P0229:n4,short circuit current,4,0.8760259747505188
focused_vector,TG:P0025:n4,short-circuit current density,TG:P0025:n6,activation energy of the redox reaction,5,0.8749390840530396
focused_vector,TG:P0025:n4,short-circuit current density,TG:P0217:n2,current and potential,6,0.8711379766464233
focused_vector,TG:P0025:n4,short-circuit current density,TG:P0035:n1,MC,7,0.8687877655029297
focused_vector,TG:P0025:n4,short-circuit current density,TG:P0229:n1,electrolyte concentration,8,0.8678275346755981
focused_vector,TG:P0025:n4,short-circuit current density,TG:P0291:n1,concentration of the redox couple,9,0.8656790256500244
focused_vector,TG:P0025:n4,short-circuit current density,TG:P0035:n2,in situ redox reactions,10,0.865181565284729
focused_vector,TG:P0027:n2,ioninduced crystallization,TG:P0027:n1,guanidium chloride (GdmCl) salts,1,0.9745661020278931
focused_vector,TG:P0027:n2,ioninduced crystallization,TG:P0027:n3,Seebeck coefficient,2,0.9704983830451965
focused_vector,TG:P0027:n2,ioninduced crystallization,TG:P0039:n2,[Fe(CN)(6)](4-) ion crystallization,3,0.9046116471290588
focused_vector,TG:P0027:n2,ioninduced crystallization,TG:P0167:n2,crystallization induced by Gdm(+) with [Fe(CN)(6)](4-),4,0.9007409811019897
focused_vector,TG:P0027:n2,ioninduced crystallization,TG:P0039:n1,guanidine ion,5,0.8872604370117188
focused_vector,TG:P0027:n2,ioninduced crystallization,TG:P0248:n1,MEMSA hydroxide and guanidine hydrochloride,6,0.8865298628807068
focused_vector,TG:P0027:n2,ioninduced crystallization,TG:P0248:n3,Seebeck coefficient,7,0.8829835653305054
focused_vector,TG:P0027:n2,ioninduced crystallization,TG:P0039:n3,thermogalvanic effect,8,0.8786939382553101
focused_vector,TG:P0027:n2,ioninduced crystallization,TG:P0248:n2,solvation structure of [Fe(CN)6]3-,9,0.8783904910087585
focused_vector,TG:P0027:n2,ioninduced crystallization,TG:P0031:n3,crystallization of [Fe(CN)6]4-,10,0.8749546408653259
focused_vector,TG:P0030:n4,thermovoltage,TG:P0030:n1,18-crown-6,1,0.9790816307067871
focused_vector,TG:P0030:n4,thermovoltage,TG:P0030:n3,thermodiffusion of the cation,2,0.9766865968704224
focused_vector,TG:P0030:n4,thermovoltage,TG:P0030:n2,cationic selective complexing agent,3,0.9717219471931458
focused_vector,TG:P0030:n4,thermovoltage,TG:P0043:n2,thermodiffusion,4,0.8920074105262756
focused_vector,TG:P0030:n4,thermovoltage,TG:P0043:n1,KCl,5,0.8816463351249695
focused_vector,TG:P0030:n4,thermovoltage,TG:P0043:n3,[Fe(CN)6]3-/[Fe(CN)6]4-,6,0.8791595101356506
focused_vector,TG:P0030:n4,thermovoltage,TG:P0018:n3,solvation structure,7,0.8723664879798889
focused_vector,TG:P0030:n4,thermovoltage,TG:P0219:n4,thermocapacitance,8,0.8649410605430603
focused_vector,TG:P0030:n4,thermovoltage,TG:P0043:n4,thermal current,9,0.8647201657295227
focused_vector,TG:P0030:n4,thermovoltage,TG:P0264:n4,thermopower,10,0.8620324730873108
focused_vector,TG:P0045:n3,ion concentration,TG:P0045:n4,thermoelectric performance,1,0.9757910966873169
focused_vector,TG:P0045:n3,ion concentration,TG:P0045:n2,confined ion transportation in micro/nano channels,2,0.9647229909896851
focused_vector,TG:P0045:n3,ion concentration,TG:P0045:n1,salting out effect,3,0.9626115560531616
focused_vector,TG:P0045:n3,ion concentration,TG:P0161:n3,ion transport and concentration equilibrium,4,0.928152859210968
focused_vector,TG:P0045:n3,ion concentration,TG:P0150:n2,ionic conductivity,5,0.9062181711196899
focused_vector,TG:P0045:n3,ion concentration,TG:P0161:n1,aggregation of ions near the two electrodes,6,0.9057677388191223
focused_vector,TG:P0045:n3,ion concentration,TG:P0011:n3,current density,7,0.9022418260574341
focused_vector,TG:P0045:n3,ion concentration,TG:P0161:n2,gel structure,8,0.8980337977409363
focused_vector,TG:P0045:n3,ion concentration,TG:P0161:n4,charge storage,9,0.8907615542411804
focused_vector,TG:P0045:n3,ion concentration,TG:P0043:n2,thermodiffusion,10,0.8836661577224731
focused_vector,TG:P0051:n3,temperature difference,TG:P0051:n1,PDMS/CuO/Cu electrodes,1,0.9748983979225159
focused_vector,TG:P0051:n3,temperature difference,TG:P0051:n2,photothermal conversion,2,0.9743104577064514
focused_vector,TG:P0051:n3,temperature difference,TG:P0051:n4,open-circuit voltage,3,0.9703450798988342
focused_vector,TG:P0051:n3,temperature difference,TG:P0055:n2,thermal isolation of the electrodes,4,0.8861197829246521
focused_vector,TG:P0051:n3,temperature difference,TG:P0136:n2,photothermal conversion,5,0.8849626183509827
focused_vector,TG:P0051:n3,temperature difference,TG:P0134:n1,temperature difference,6,0.8814878463745117
focused_vector,TG:P0051:n3,temperature difference,TG:P0136:n3,temperature gradient,7,0.8780323266983032
focused_vector,TG:P0051:n3,temperature difference,TG:P0055:n3,power output,8,0.873387336730957
focused_vector,TG:P0051:n3,temperature difference,TG:P0055:n1,Gelation,9,0.8710306882858276
focused_vector,TG:P0051:n3,temperature difference,TG:P0211:n2,temperature difference that determines the voltage,10,0.8676242828369141
focused_vector,TG:P0067:n3,thermal conductivity,TG:P0067:n2,thermal barrier,1,0.9816522598266602
focused_vector,TG:P0067:n3,thermal conductivity,TG:P0067:n4,Seebeck coefficient,2,0.9794679284095764
focused_vector,TG:P0067:n3,thermal conductivity,TG:P0067:n1,polyvinylidene fluoride diaphragm,3,0.9750858545303345
focused_vector,TG:P0067:n3,thermal conductivity,TG:P0055:n2,thermal isolation of the electrodes,4,0.8855960369110107
focused_vector,TG:P0067:n3,thermal conductivity,TG:P0076:n1,low thermal conductivity,5,0.8853740692138672
focused_vector,TG:P0067:n3,thermal conductivity,TG:P0045:n4,thermoelectric performance,6,0.87893146276474
focused_vector,TG:P0067:n3,thermal conductivity,TG:P0042:n3,low thermal conductivity,7,0.8779861330986023
focused_vector,TG:P0067:n3,thermal conductivity,TG:P0055:n1,Gelation,8,0.8777597546577454
focused_vector,TG:P0067:n3,thermal conductivity,TG:P0055:n3,power output,9,0.8722544312477112
focused_vector,TG:P0067:n3,thermal conductivity,TG:P0043:n4,thermal current,10,0.8694301247596741
focused_vector,TG:P0069:n4,thermovoltage signals,TG:P0069:n3,heat,1,0.9727422595024109
focused_vector,TG:P0069:n4,thermovoltage signals,TG:P0069:n1,upper photothermal layer,2,0.9682825803756714
focused_vector,TG:P0069:n4,thermovoltage signals,TG:P0069:n2,absorb light,3,0.9507102370262146
focused_vector,TG:P0069:n4,thermovoltage signals,TG:P0136:n2,photothermal conversion,4,0.9016832113265991
focused_vector,TG:P0069:n4,thermovoltage signals,TG:P0136:n3,temperature gradient,5,0.8835207223892212
focused_vector,TG:P0069:n4,thermovoltage signals,TG:P0136:n1,placing thermoelectric hydrogels on top of a photothermal hydrogel,6,0.8804382681846619
focused_vector,TG:P0069:n4,thermovoltage signals,TG:P0087:n1,photothermal-thermoelectric coupling,7,0.8743482828140259
focused_vector,TG:P0069:n4,thermovoltage signals,TG:P0202:n1,photothermal membranes,8,0.8680542707443237
focused_vector,TG:P0069:n4,thermovoltage signals,TG:P0194:n2,thermogalvanic effect,9,0.8588764071464539
focused_vector,TG:P0069:n4,thermovoltage signals,TG:P0202:n2,thermal concentration,10,0.8581289052963257
focused_vector,TG:P0077:n2,power density,TG:P0077:n1,enhancing (suppressing) heat transfer between the hot (cold) side and ambient air,1,0.9626318216323853
focused_vector,TG:P0077:n2,power density,TG:P0317:n2,maximum power density of 1461 mW/m(2),2,0.9142202138900757
focused_vector,TG:P0077:n2,power density,TG:P0199:n3,output power density,3,0.9100225567817688
focused_vector,TG:P0077:n2,power density,TG:P0189:n4,power density,4,0.8938212990760803
focused_vector,TG:P0077:n2,power density,TG:P0187:n2,power output density,5,0.8923895955085754
focused_vector,TG:P0077:n2,power density,TG:P0181:n2,heat losses,6,0.8874449133872986
focused_vector,TG:P0077:n2,power density,TG:P0286:n3,maximum power density,7,0.8856938481330872
focused_vector,TG:P0077:n2,power density,TG:P0155:n3,output power,8,0.8832149505615234
focused_vector,TG:P0077:n2,power density,TG:P0181:n3,solar thermal conversion efficiency,9,0.8776200413703918
focused_vector,TG:P0077:n2,power density,TG:P0296:n2,maximum power output density,10,0.8724903464317322
focused_vector,TG:P0081:n1,temperature gradient,TG:P0081:n5,thermopower,1,0.9773749113082886
focused_vector,TG:P0081:n1,temperature gradient,TG:P0081:n3,chemical heterogeneity,2,0.9676066637039185
focused_vector,TG:P0081:n1,temperature gradient,TG:P0081:n2,localized oxidation of a nickel-bipyridine complex at the hot electrode only,3,0.9618052840232849
focused_vector,TG:P0081:n1,temperature gradient,TG:P0283:n2,concentration gradient of redox ion pairs,4,0.9158880114555359
focused_vector,TG:P0081:n1,temperature gradient,TG:P0035:n3,redox species concentration gradients near the electrodes,5,0.9009386301040649
focused_vector,TG:P0081:n1,temperature gradient,TG:P0126:n1,temperature gradients between copper electrodes,6,0.8979093432426453
focused_vector,TG:P0081:n1,temperature gradient,TG:P0009:n2,continuous concentration gradient of redox ions,7,0.8920653462409973
focused_vector,TG:P0081:n1,temperature gradient,TG:P0283:n3,performance of the thermo-electrochemical cells,8,0.8912110924720764
focused_vector,TG:P0081:n1,temperature gradient,TG:P0021:n3,ion concentration gradients,9,0.8902724981307983
focused_vector,TG:P0081:n1,temperature gradient,TG:P0283:n1,temperature-dependent host-guest interaction,10,0.8887465000152588
focused_vector,TG:P0082:n2,interfacial resistance gating,TG:P0082:n4,thermoelectric current,1,0.9652068614959717
focused_vector,TG:P0082:n2,interfacial resistance gating,TG:P0082:n1,deformation,2,0.9436478018760681
focused_vector,TG:P0082:n2,interfacial resistance gating,TG:P0169:n4,interface charge transfer resistance,3,0.8640584349632263
focused_vector,TG:P0082:n2,interfacial resistance gating,TG:P0012:n1,thermoelectricity,4,0.8573819994926453
focused_vector,TG:P0082:n2,interfacial resistance gating,TG:P0272:n1,improved contact and connection between tellurium thermoelectric nanowires,5,0.8452111482620239
focused_vector,TG:P0082:n2,interfacial resistance gating,TG:P0123:n4,protective properties of the passive film,6,0.8359774351119995
focused_vector,TG:P0082:n2,interfacial resistance gating,TG:P0199:n2,electroactive interface,7,0.8351230621337891
focused_vector,TG:P0082:n2,interfacial resistance gating,TG:P0019:n4,thermogalvanic and piezoresistive effects,8,0.8349242806434631
focused_vector,TG:P0082:n2,interfacial resistance gating,TG:P0123:n3,thermogalvanic coupling time,9,0.8346548080444336
focused_vector,TG:P0082:n2,interfacial resistance gating,TG:P0035:n4,thermoelectric voltage,10,0.8332889080047607
focused_vector,TG:P0086:n3,mass transport,TG:P0086:n2,heat transfer,1,0.9849188327789307
focused_vector,TG:P0086:n3,mass transport,TG:P0086:n1,natural convection,2,0.9820370078086853
focused_vector,TG:P0086:n3,mass transport,TG:P0086:n4,Delta T,3,0.9770903587341309
focused_vector,TG:P0086:n3,mass transport,TG:P0086:n5,effective thermal conductivity,4,0.9750126600265503
focused_vector,TG:P0086:n3,mass transport,TG:P0127:n5,Mass transport,5,0.8841038942337036
focused_vector,TG:P0086:n3,mass transport,TG:P0189:n2,natural convection,6,0.8799790143966675
focused_vector,TG:P0086:n3,mass transport,TG:P0303:n1,Natural convection,7,0.8643737435340881
focused_vector,TG:P0086:n3,mass transport,TG:P0189:n3,ion transport flux and overpotentials,8,0.8606529831886292
focused_vector,TG:P0086:n3,mass transport,TG:P0189:n4,power density,9,0.8593308925628662
focused_vector,TG:P0086:n3,mass transport,TG:P0303:n2,diffusive boundary layers,10,0.8565628528594971
focused_vector,TG:P0088:n4,temperature difference across the cell,TG:P0088:n1,Split P,1,0.9807930588722229
focused_vector,TG:P0088:n4,temperature difference across the cell,TG:P0088:n3,thermal resistances,2,0.9803552627563477
focused_vector,TG:P0088:n4,temperature difference across the cell,TG:P0088:n2,surface area/volume ratio,3,0.9714148640632629
focused_vector,TG:P0088:n4,temperature difference across the cell,TG:P0211:n1,internal resistances of the cell,4,0.8792407512664795
focused_vector,TG:P0088:n4,temperature difference across the cell,TG:P0226:n2,thermal conditions,5,0.86700439453125
focused_vector,TG:P0088:n4,temperature difference across the cell,TG:P0211:n2,temperature difference that determines the voltage,6,0.8641810417175293
focused_vector,TG:P0088:n4,temperature difference across the cell,TG:P0134:n1,temperature difference,7,0.8578343987464905
focused_vector,TG:P0088:n4,temperature difference across the cell,TG:P0208:n3,heat transfer through the cells,8,0.853901207447052
focused_vector,TG:P0088:n4,temperature difference across the cell,TG:P0187:n2,power output density,9,0.8506643772125244
focused_vector,TG:P0088:n4,temperature difference across the cell,TG:P0051:n3,temperature difference,10,0.848932683467865
focused_vector,TG:P0108:n3,ion diffusion coefficients,TG:P0108:n2,kinetic rate constants,1,0.971126139163971
focused_vector,TG:P0108:n3,ion diffusion coefficients,TG:P0288:n2,higher diffusion coefficients,2,0.8554785847663879
focused_vector,TG:P0108:n3,ion diffusion coefficients,TG:P0247:n2,thermal diffusion,3,0.8353533744812012
focused_vector,TG:P0108:n3,ion diffusion coefficients,TG:P0224:n2,diffusion coefficient,4,0.8333425521850586
focused_vector,TG:P0108:n3,ion diffusion coefficients,TG:P0247:n3,Seebeck coefficient,5,0.830251157283783
focused_vector,TG:P0108:n3,ion diffusion coefficients,TG:P0232:n1,thermal diffusion,6,0.8292544484138489
focused_vector,TG:P0108:n3,ion diffusion coefficients,TG:P0220:n1,different diffusivity of individual ions,7,0.8280079364776611
focused_vector,TG:P0108:n3,ion diffusion coefficients,TG:P0134:n3,thermal diffusion potential (TDP),8,0.8270379304885864
focused_vector,TG:P0108:n3,ion diffusion coefficients,TG:P0247:n1,ionic interactions,9,0.8255168199539185
focused_vector,TG:P0108:n3,ion diffusion coefficients,TG:P0300:n3,diffusion pathways of electrolyte ions,10,0.82538241147995
focused_vector,TG:P0110:n2,sensitivity,TG:P0110:n1,Peltier coefficient,1,0.9698966145515442
focused_vector,TG:P0110:n2,sensitivity,TG:P0241:n2,higher sensitivity,2,0.8866904973983765
focused_vector,TG:P0110:n2,sensitivity,TG:P0035:n1,MC,3,0.8530570268630981
focused_vector,TG:P0110:n2,sensitivity,TG:P0212:n3,Peltier heats,4,0.852230429649353
focused_vector,TG:P0110:n2,sensitivity,TG:P0035:n3,redox species concentration gradients near the electrodes,5,0.8505515456199646
focused_vector,TG:P0110:n2,sensitivity,TG:P0128:n1,ohmic resistances,6,0.8491997718811035
focused_vector,TG:P0110:n2,sensitivity,TG:P0292:n2,electrical potential difference between the electrodes,7,0.8486117124557495
focused_vector,TG:P0110:n2,sensitivity,TG:P0283:n2,concentration gradient of redox ion pairs,8,0.8480721712112427
focused_vector,TG:P0110:n2,sensitivity,TG:P0035:n4,thermoelectric voltage,9,0.8476605415344238
focused_vector,TG:P0110:n2,sensitivity,TG:P0032:n3,sensing performance,10,0.8462110757827759
focused_vector,TG:P0124:n2,corrosion rates,TG:P0230:n2,galvanic corrosion rates of copper,1,0.9398458003997803
focused_vector,TG:P0124:n2,corrosion rates,TG:P0124:n1,Thermogalvanic corrosion,2,0.9162039160728455
focused_vector,TG:P0124:n2,corrosion rates,TG:P0230:n1,Temperature and Reynolds number,3,0.9144721031188965
focused_vector,TG:P0124:n2,corrosion rates,TG:P0242:n1,thermogalvanic and heat-transfer corrosion,4,0.907082200050354
focused_vector,TG:P0124:n2,corrosion rates,TG:P0049:n3,thermogalvanic corrosion of the copper electrode,5,0.9029439091682434
focused_vector,TG:P0124:n2,corrosion rates,TG:P0151:n2,thermogalvanic corrosion of iron,6,0.901563823223114
focused_vector,TG:P0124:n2,corrosion rates,TG:P0326:n2,corrosion,7,0.8723233938217163
focused_vector,TG:P0124:n2,corrosion rates,TG:P0049:n1,hydrochloric acid (HCl),8,0.8709381818771362
focused_vector,TG:P0124:n2,corrosion rates,TG:P0049:n2,redox kinetic rate of Q/HQ,9,0.870119035243988
focused_vector,TG:P0124:n2,corrosion rates,TG:P0152:n3,TG currents,10,0.8686646819114685
focused_vector,TG:P0136:n3,temperature gradient,TG:P0136:n2,photothermal conversion,1,0.9655012488365173
focused_vector,TG:P0136:n3,temperature gradient,TG:P0136:n1,placing thermoelectric hydrogels on top of a photothermal hydrogel,2,0.9554757475852966
focused_vector,TG:P0136:n3,temperature gradient,TG:P0069:n3,heat,3,0.891328752040863
focused_vector,TG:P0136:n3,temperature gradient,TG:P0191:n2,photothermal layer,4,0.8880573511123657
focused_vector,TG:P0136:n3,temperature gradient,TG:P0069:n1,upper photothermal layer,5,0.8851218819618225
focused_vector,TG:P0136:n3,temperature gradient,TG:P0069:n4,thermovoltage signals,6,0.8835207223892212
focused_vector,TG:P0136:n3,temperature gradient,TG:P0156:n2,thermoelectric hydrogel,7,0.8807801604270935
focused_vector,TG:P0136:n3,temperature gradient,TG:P0051:n2,photothermal conversion,8,0.8793761730194092
focused_vector,TG:P0136:n3,temperature gradient,TG:P0051:n3,temperature difference,9,0.8780323266983032
focused_vector,TG:P0136:n3,temperature gradient,TG:P0081:n1,temperature gradient,10,0.8745884895324707
focused_vector,TG:P0137:n3,thermodiffusion effect,TG:P0137:n1,Grafting guanidinium salt ions,1,0.9722444415092468
focused_vector,TG:P0137:n3,thermodiffusion effect,TG:P0137:n2,selective separation of positive and negative ions,2,0.967597246170044
focused_vector,TG:P0137:n3,thermodiffusion effect,TG:P0137:n5,selective complexation/desorption of Fe3+ at cold and hot ends,3,0.8923099040985107
focused_vector,TG:P0137:n3,thermodiffusion effect,TG:P0137:n6,concentration and entropy difference of redox pairs,4,0.8807256817817688
focused_vector,TG:P0137:n3,thermodiffusion effect,TG:P0137:n4,introduction of melamine,5,0.8799830675125122
focused_vector,TG:P0137:n3,thermodiffusion effect,TG:P0039:n3,thermogalvanic effect,6,0.8669121861457825
focused_vector,TG:P0137:n3,thermodiffusion effect,TG:P0014:n3,thermodiffusion,7,0.8657094240188599
focused_vector,TG:P0137:n3,thermodiffusion effect,TG:P0043:n2,thermodiffusion,8,0.8628244400024414
focused_vector,TG:P0137:n3,thermodiffusion effect,TG:P0039:n1,guanidine ion,9,0.862757682800293
focused_vector,TG:P0137:n3,thermodiffusion effect,TG:P0268:n4,anion thermodiffusion,10,0.8620436191558838
focused_vector,TG:P0145:n1,thermodiffusion,TG:P0145:n3,thermopower,1,0.9812604784965515
focused_vector,TG:P0145:n1,thermodiffusion,TG:P0145:n2,thermogalvanic effects,2,0.9695520401000977
focused_vector,TG:P0145:n1,thermodiffusion,TG:P0165:n4,thermopower,3,0.9065538048744202
focused_vector,TG:P0145:n1,thermodiffusion,TG:P0043:n2,thermodiffusion,4,0.8992099761962891
focused_vector,TG:P0145:n1,thermodiffusion,TG:P0015:n4,thermopower,5,0.8880302309989929
focused_vector,TG:P0145:n1,thermodiffusion,TG:P0080:n1,ion thermodiffusion (Bmim+/H2PO4- ),6,0.8848316073417664
focused_vector,TG:P0145:n1,thermodiffusion,TG:P0015:n2,thermoelectric effect,7,0.8844038248062134
focused_vector,TG:P0145:n1,thermodiffusion,TG:P0209:n2,output,8,0.8837798237800598
focused_vector,TG:P0145:n1,thermodiffusion,TG:P0225:n1,thermodiffusive and thermogalvanic effects,9,0.8813689947128296
focused_vector,TG:P0145:n1,thermodiffusion,TG:P0164:n2,thermoelectric conversion and energy storage,10,0.879367470741272
focused_vector,TG:P0146:n4,ionic conductivity,TG:P0146:n5,ionic thermoelectric performance,1,0.9840832352638245
focused_vector,TG:P0146:n4,ionic conductivity,TG:P0146:n3,exchange current density,2,0.9719197154045105
focused_vector,TG:P0146:n4,ionic conductivity,TG:P0146:n1,interaction between multications and anions,3,0.9619467258453369
focused_vector,TG:P0146:n4,ionic conductivity,TG:P0146:n2,entropy change of redox reaction,4,0.9612547159194946
focused_vector,TG:P0146:n4,ionic conductivity,TG:P0014:n4,ionic conductivity,5,0.8921080231666565
focused_vector,TG:P0146:n4,ionic conductivity,TG:P0150:n2,ionic conductivity,6,0.8888599276542664
focused_vector,TG:P0146:n4,ionic conductivity,TG:P0045:n4,thermoelectric performance,7,0.8864980936050415
focused_vector,TG:P0146:n4,ionic conductivity,TG:P0043:n4,thermal current,8,0.8823708891868591
focused_vector,TG:P0146:n4,ionic conductivity,TG:P0011:n3,current density,9,0.8807298541069031
focused_vector,TG:P0146:n4,ionic conductivity,TG:P0285:n4,ionic conductivity,10,0.8803386092185974
focused_vector,TG:P0150:n2,ionic conductivity,TG:P0150:n1,fractal microstructure of the hydrogel,1,0.9679038524627686
focused_vector,TG:P0150:n2,ionic conductivity,TG:P0045:n3,ion concentration,2,0.9062181711196899
focused_vector,TG:P0150:n2,ionic conductivity,TG:P0045:n4,thermoelectric performance,3,0.8950899839401245
focused_vector,TG:P0150:n2,ionic conductivity,TG:P0045:n2,confined ion transportation in micro/nano channels,4,0.8911174535751343
focused_vector,TG:P0150:n2,ionic conductivity,TG:P0146:n4,ionic conductivity,5,0.8888599276542664
focused_vector,TG:P0150:n2,ionic conductivity,TG:P0045:n1,salting out effect,6,0.8819351196289062
focused_vector,TG:P0150:n2,ionic conductivity,TG:P0046:n6,ion diffusion,7,0.8817754983901978
focused_vector,TG:P0150:n2,ionic conductivity,TG:P0011:n3,current density,8,0.8778640627861023
focused_vector,TG:P0150:n2,ionic conductivity,TG:P0285:n4,ionic conductivity,9,0.8739959001541138
focused_vector,TG:P0150:n2,ionic conductivity,TG:P0288:n1,superior ionic conductivity,10,0.8710401058197021
focused_vector,TG:P0186:n4,output current density,TG:P0186:n3,effective surface area,1,0.9728322625160217
focused_vector,TG:P0186:n4,output current density,TG:P0199:n3,output power density,2,0.8900476694107056
focused_vector,TG:P0186:n4,output current density,TG:P0187:n2,power output density,3,0.8877303600311279
focused_vector,TG:P0186:n4,output current density,TG:P0011:n3,current density,4,0.8785181045532227
focused_vector,TG:P0186:n4,output current density,TG:P0189:n4,power density,5,0.8721628189086914
focused_vector,TG:P0186:n4,output current density,TG:P0289:n3,current generation capacity and overall efficiency,6,0.8708131313323975
focused_vector,TG:P0186:n4,output current density,TG:P0307:n2,output powers and current densities,7,0.869234561920166
focused_vector,TG:P0186:n4,output current density,TG:P0217:n2,current and potential,8,0.8674341440200806
focused_vector,TG:P0186:n4,output current density,TG:P0055:n3,power output,9,0.8662337064743042
focused_vector,TG:P0186:n4,output current density,TG:P0194:n3,sustainable short-circuit-current density,10,0.8627400994300842
focused_vector,TG:P0189:n4,power density,TG:P0189:n2,natural convection,1,0.973811686038971
focused_vector,TG:P0189:n4,power density,TG:P0189:n3,ion transport flux and overpotentials,2,0.9684529900550842
focused_vector,TG:P0189:n4,power density,TG:P0199:n3,output power density,3,0.9082211852073669
focused_vector,TG:P0189:n4,power density,TG:P0187:n2,power output density,4,0.8968265652656555
focused_vector,TG:P0189:n4,power density,TG:P0077:n2,power density,5,0.8938212990760803
focused_vector,TG:P0189:n4,power density,TG:P0217:n2,current and potential,6,0.8865222334861755
focused_vector,TG:P0189:n4,power density,TG:P0217:n1,thermocells electrically parallel and/or in series,7,0.8810593485832214
focused_vector,TG:P0189:n4,power density,TG:P0303:n1,Natural convection,8,0.8780181407928467
focused_vector,TG:P0189:n4,power density,TG:P0103:n2,current and power output,9,0.8747759461402893
focused_vector,TG:P0189:n4,power density,TG:P0186:n4,output current density,10,0.8721628189086914
focused_vector,TG:P0206:n2,mechanical performance,TG:P0206:n4,Seebeck coefficient,1,0.9640116095542908
focused_vector,TG:P0206:n2,mechanical performance,TG:P0185:n3,mechanical performance and output power density,2,0.8822827339172363
focused_vector,TG:P0206:n2,mechanical performance,TG:P0265:n2,performance,3,0.8660520911216736
focused_vector,TG:P0206:n2,mechanical performance,TG:P0206:n3,water retention,4,0.8629879355430603
focused_vector,TG:P0206:n2,mechanical performance,TG:P0255:n3,thermopower,5,0.8385767936706543
focused_vector,TG:P0206:n2,mechanical performance,TG:P0006:n5,mechanical strength,6,0.8367078900337219
focused_vector,TG:P0206:n2,mechanical performance,TG:P0119:n3,apparent Seebeck coefficient,7,0.8346986174583435
focused_vector,TG:P0206:n2,mechanical performance,TG:P0009:n3,thermopower,8,0.832086443901062
focused_vector,TG:P0206:n2,mechanical performance,TG:P0009:n4,hydrogen production rate,9,0.831062912940979
focused_vector,TG:P0206:n2,mechanical performance,TG:P0206:n1,"strong interactions between CMC, the polyacrylamide network, water molecules and thermogalvanic ions",10,0.8254618048667908
focused_vector,TG:P0224:n2,diffusion coefficient,TG:P0224:n3,Eastman entropy of transfer,1,0.9631125926971436
focused_vector,TG:P0224:n2,diffusion coefficient,TG:P0224:n5,particle concentration and the applied magnetic field strength and direction,2,0.9604085087776184
focused_vector,TG:P0224:n2,diffusion coefficient,TG:P0224:n4,electrophoretic charge number of colloidal particles,3,0.9550983309745789
focused_vector,TG:P0224:n2,diffusion coefficient,TG:P0108:n3,ion diffusion coefficients,4,0.8333425521850586
focused_vector,TG:P0224:n2,diffusion coefficient,TG:P0288:n2,higher diffusion coefficients,5,0.8220400810241699
focused_vector,TG:P0224:n2,diffusion coefficient,TG:P0247:n2,thermal diffusion,6,0.8176352381706238
focused_vector,TG:P0224:n2,diffusion coefficient,TG:P0134:n3,thermal diffusion potential (TDP),7,0.8125267624855042
focused_vector,TG:P0224:n2,diffusion coefficient,TG:P0247:n3,Seebeck coefficient,8,0.8076189160346985
focused_vector,TG:P0224:n2,diffusion coefficient,TG:P0108:n2,kinetic rate constants,9,0.8054382801055908
focused_vector,TG:P0224:n2,diffusion coefficient,TG:P0232:n1,thermal diffusion,10,0.8006029725074768
focused_vector,TG:P0232:n1,thermal diffusion,TG:P0232:n3,heat generation at an interface,1,0.9730545878410339
focused_vector,TG:P0232:n1,thermal diffusion,TG:P0232:n2,Dufour energy flux density,2,0.9655565619468689
focused_vector,TG:P0232:n1,thermal diffusion,TG:P0134:n3,thermal diffusion potential (TDP),3,0.906848132610321
focused_vector,TG:P0232:n1,thermal diffusion,TG:P0133:n2,electrical power,4,0.8789867162704468
focused_vector,TG:P0232:n1,thermal diffusion,TG:P0247:n2,thermal diffusion,5,0.8770990371704102
focused_vector,TG:P0232:n1,thermal diffusion,TG:P0133:n1,charge and mass transfer overvoltages,6,0.8733708262443542
focused_vector,TG:P0232:n1,thermal diffusion,TG:P0196:n1,thermo-diffusion effect of electrolyte ions,7,0.870779275894165
focused_vector,TG:P0232:n1,thermal diffusion,TG:P0126:n1,temperature gradients between copper electrodes,8,0.8696030974388123
focused_vector,TG:P0232:n1,thermal diffusion,TG:P0126:n3,thermogalvanic currents,9,0.8635380864143372
focused_vector,TG:P0232:n1,thermal diffusion,TG:P0129:n2,diffusion-convection transport,10,0.8612468838691711
focused_vector,TG:P0247:n2,thermal diffusion,TG:P0247:n1,ionic interactions,1,0.9798908829689026
focused_vector,TG:P0247:n2,thermal diffusion,TG:P0247:n3,Seebeck coefficient,2,0.9781848192214966
focused_vector,TG:P0247:n2,thermal diffusion,TG:P0288:n2,higher diffusion coefficients,3,0.887179970741272
focused_vector,TG:P0247:n2,thermal diffusion,TG:P0053:n2,ion diffusion,4,0.882575511932373
focused_vector,TG:P0247:n2,thermal diffusion,TG:P0232:n1,thermal diffusion,5,0.8770990371704102
focused_vector,TG:P0247:n2,thermal diffusion,TG:P0104:n2,apparent Seebeck coefficients,6,0.8732427954673767
focused_vector,TG:P0247:n2,thermal diffusion,TG:P0134:n3,thermal diffusion potential (TDP),7,0.8688088655471802
focused_vector,TG:P0247:n2,thermal diffusion,TG:P0295:n3,thermally driven mass diffusion (the Soret effect),8,0.8652433753013611
focused_vector,TG:P0247:n2,thermal diffusion,TG:P0315:n1,host-guest interaction,9,0.8641153573989868
focused_vector,TG:P0247:n2,thermal diffusion,TG:P0080:n3,Seebeck coefficient,10,0.8637027740478516
focused_vector,TG:P0261:n5,ion transport,TG:P0261:n2,viscoelasticity of the precursor,1,0.9587470293045044
focused_vector,TG:P0261:n5,ion transport,TG:P0261:n4,mechanical robustness,2,0.9581362009048462
focused_vector,TG:P0261:n5,ion transport,TG:P0261:n3,double-network porous structure,3,0.9556408524513245
focused_vector,TG:P0261:n5,ion transport,TG:P0261:n1,kappa-carrageenan,4,0.9513548016548157
focused_vector,TG:P0261:n5,ion transport,TG:P0006:n3,ion-transport highway,5,0.8571636080741882
focused_vector,TG:P0261:n5,ion transport,TG:P0045:n2,confined ion transportation in micro/nano channels,6,0.8559626936912537
focused_vector,TG:P0261:n5,ion transport,TG:P0006:n5,mechanical strength,7,0.8541701436042786
focused_vector,TG:P0261:n5,ion transport,TG:P0249:n3,ion transport can be unipolar,8,0.8505487442016602
focused_vector,TG:P0261:n5,ion transport,TG:P0045:n3,ion concentration,9,0.8439335823059082
focused_vector,TG:P0261:n5,ion transport,TG:P0046:n6,ion diffusion,10,0.8431788086891174
focused_vector,TG:P0279:n2,interfacial resistance,TG:P0279:n1,surface was modified to be hydrophilic,1,0.9575841426849365
focused_vector,TG:P0279:n2,interfacial resistance,TG:P0139:n8,resistance of thermocells,2,0.8518852591514587
focused_vector,TG:P0279:n2,interfacial resistance,TG:P0139:n7,hydrogen bonding with hydrogel surfaces,3,0.8476962447166443
focused_vector,TG:P0279:n2,interfacial resistance,TG:P0067:n2,thermal barrier,4,0.8473289608955383
focused_vector,TG:P0279:n2,interfacial resistance,TG:P0067:n3,thermal conductivity,5,0.8439670205116272
focused_vector,TG:P0279:n2,interfacial resistance,TG:P0191:n4,interlocking structure at the interface,6,0.8424075245857239
focused_vector,TG:P0279:n2,interfacial resistance,TG:P0139:n6,Liquid metal electrodes,7,0.838127613067627
focused_vector,TG:P0279:n2,interfacial resistance,TG:P0008:n2,resistance of the hydrogel to dehydration and low temperatures,8,0.8363084197044373
focused_vector,TG:P0279:n2,interfacial resistance,TG:P0169:n4,interface charge transfer resistance,9,0.8312177658081055
focused_vector,TG:P0279:n2,interfacial resistance,TG:P0076:n1,low thermal conductivity,10,0.8285772800445557
focused_vector,TG:P0297:n2,ionic electrical conductivity,TG:P0297:n3,ionic thermopower,1,0.9868943095207214
focused_vector,TG:P0297:n2,ionic electrical conductivity,TG:P0297:n1,RH is raised,2,0.9694773554801941
focused_vector,TG:P0297:n2,ionic electrical conductivity,TG:P0285:n4,ionic conductivity,3,0.9183120727539062
focused_vector,TG:P0297:n2,ionic electrical conductivity,TG:P0288:n1,superior ionic conductivity,4,0.9053499102592468
focused_vector,TG:P0297:n2,ionic electrical conductivity,TG:P0285:n3,S-e,5,0.8868326544761658
focused_vector,TG:P0297:n2,ionic electrical conductivity,TG:P0180:n3,coupled ionic Seebeck effect,6,0.8841930627822876
focused_vector,TG:P0297:n2,ionic electrical conductivity,TG:P0288:n3,power enhancement,7,0.8832569122314453
focused_vector,TG:P0297:n2,ionic electrical conductivity,TG:P0146:n4,ionic conductivity,8,0.879875659942627
focused_vector,TG:P0297:n2,ionic electrical conductivity,TG:P0165:n3,high conductivity,9,0.8749802708625793
focused_vector,TG:P0297:n2,ionic electrical conductivity,TG:P0167:n3,thermoelectric performance,10,0.8744798898696899
focused_vector,TG:P0316:n2,short-circuit current,TG:P0316:n1,accumulation of potassium ions at doped CNT electrodes,1,0.9721586108207703
focused_vector,TG:P0316:n2,short-circuit current,TG:P0229:n4,short circuit current,2,0.8824254870414734
focused_vector,TG:P0316:n2,short-circuit current,TG:P0267:n1,copper electrodes,3,0.864159107208252
focused_vector,TG:P0316:n2,short-circuit current,TG:P0267:n3,continuous current output,4,0.8633887767791748
focused_vector,TG:P0316:n2,short-circuit current,TG:P0094:n5,current,5,0.8542577028274536
focused_vector,TG:P0316:n2,short-circuit current,TG:P0186:n2,thermopower,6,0.8520509004592896
focused_vector,TG:P0316:n2,short-circuit current,TG:P0186:n1,electrode composition,7,0.8519201874732971
focused_vector,TG:P0316:n2,short-circuit current,TG:P0289:n3,current generation capacity and overall efficiency,8,0.851012647151947
focused_vector,TG:P0316:n2,short-circuit current,TG:P0332:n2,supply electric power after the temperature difference between the electrodes was removed,9,0.8497222065925598
focused_vector,TG:P0316:n2,short-circuit current,TG:P0134:n4,current continuously,10,0.8483896851539612
focused_vector,TG:P0326:n2,corrosion,TG:P0327:n2,corrosion,1,0.9646790027618408
focused_vector,TG:P0326:n2,corrosion,TG:P0323:n2,corrosion area,2,0.8763681650161743
focused_vector,TG:P0326:n2,corrosion,TG:P0124:n2,corrosion rates,3,0.8723233938217163
focused_vector,TG:P0326:n2,corrosion,TG:P0123:n1,temperature,4,0.8659510612487793
focused_vector,TG:P0326:n2,corrosion,TG:P0124:n1,Thermogalvanic corrosion,5,0.8634633421897888
focused_vector,TG:P0326:n2,corrosion,TG:P0242:n2,total losses,6,0.8541274666786194
focused_vector,TG:P0326:n2,corrosion,TG:P0233:n3,temperature gradient,7,0.8528691530227661
focused_vector,TG:P0326:n2,corrosion,TG:P0326:n1,"compact passive layer comprising of Cr2O3, Fe3O4 and Fe2O3",8,0.8505023121833801
focused_vector,TG:P0326:n2,corrosion,TG:P0323:n1,"formation of the aqueous species FeBr2(aq) and FeBr3(aq) and destabilization of the solid species Fe, Fe(OH)(2)(s), Fe3O4, and Fe2O3",9,0.8503620624542236
focused_vector,TG:P0326:n2,corrosion,TG:P0330:n2,low-resistance electrolyte,10,0.8493274450302124
focused_vector,iTE:P0346:n1,Fmoc-FF,iTE:P0346:n2,pi-pi interactions between Fmoc groups,1,0.9817726016044617
focused_vector,iTE:P0346:n1,Fmoc-FF,iTE:P0346:n3,highly porous colloidal network,2,0.9766486883163452
focused_vector,iTE:P0346:n1,Fmoc-FF,iTE:P0686:n2,dynamic noncovalent interactions,3,0.8458637595176697
focused_vector,iTE:P0346:n1,Fmoc-FF,iTE:P0686:n1,fluorine-rich copolymer network,4,0.8390750885009766
focused_vector,iTE:P0346:n1,Fmoc-FF,iTE:P0602:n1,solid networks formed by PVDF-HFP,5,0.8335675597190857
focused_vector,iTE:P0346:n1,Fmoc-FF,iTE:P0686:n3,multifunctionality,6,0.8322260975837708
focused_vector,iTE:P0346:n1,Fmoc-FF,iTE:P0602:n2,microstructure,7,0.8319692611694336
focused_vector,iTE:P0346:n1,Fmoc-FF,iTE:P0559:n1,eutectogels,8,0.8205789923667908
focused_vector,iTE:P0346:n1,Fmoc-FF,iTE:P0457:n1,dynamic ion-dipole interactions,9,0.8205034136772156
focused_vector,iTE:P0346:n1,Fmoc-FF,iTE:P1263:n1,GdmCl,10,0.8181564211845398
focused_vector,iTE:P0346:n2,pi-pi interactions between Fmoc groups,iTE:P0346:n1,Fmoc-FF,1,0.9817726016044617
focused_vector,iTE:P0346:n2,pi-pi interactions between Fmoc groups,iTE:P0346:n3,highly porous colloidal network,2,0.9705448150634766
focused_vector,iTE:P0346:n2,pi-pi interactions between Fmoc groups,iTE:P0686:n2,dynamic noncovalent interactions,3,0.839252769947052
focused_vector,iTE:P0346:n2,pi-pi interactions between Fmoc groups,iTE:P0602:n1,solid networks formed by PVDF-HFP,4,0.8339822888374329
focused_vector,iTE:P0346:n2,pi-pi interactions between Fmoc groups,iTE:P1614:n1,electrostatic and ion-pi interactions,5,0.8315957188606262
focused_vector,iTE:P0346:n2,pi-pi interactions between Fmoc groups,iTE:P0602:n2,microstructure,6,0.8280296325683594
focused_vector,iTE:P0346:n2,pi-pi interactions between Fmoc groups,iTE:P0466:n2,pi-pi* stacking,7,0.8277920484542847
focused_vector,iTE:P0346:n2,pi-pi interactions between Fmoc groups,iTE:P0434:n2,aggregation of positively charged molecular chains,8,0.8261377811431885
focused_vector,iTE:P0346:n2,pi-pi interactions between Fmoc groups,iTE:P0466:n1,hydrophobic anions of nFSI(-),9,0.8259053230285645
focused_vector,iTE:P0346:n2,pi-pi interactions between Fmoc groups,iTE:P0538:n1,balanced enthalpic-entropic contributions,10,0.824683666229248
focused_vector,iTE:P0371:n4,continuous operation,iTE:P0371:n3,repeated charge and discharge cycles,1,0.9656184315681458
focused_vector,iTE:P0371:n4,continuous operation,iTE:P0371:n1,carbon nanotube-cellulose membrane,2,0.9596306681632996
focused_vector,iTE:P0371:n4,continuous operation,iTE:P0371:n2,temporally varying temperature gradients,3,0.9537837505340576
focused_vector,iTE:P0371:n4,continuous operation,iTE:P0353:n5,continuous power generation,4,0.8605652451515198
focused_vector,iTE:P0371:n4,continuous operation,iTE:P0828:n4,continuous power output,5,0.8513689637184143
focused_vector,iTE:P0371:n4,continuous operation,iTE:P1169:n2,thermodiffusion effect,6,0.8495522141456604
focused_vector,iTE:P0371:n4,continuous operation,iTE:P1169:n1,selective ion transport pathways,7,0.8460434079170227
focused_vector,iTE:P0371:n4,continuous operation,iTE:P0373:n3,cyclic power generation,8,0.8407022356987
focused_vector,iTE:P0371:n4,continuous operation,iTE:P1694:n2,self-maintained capability,9,0.8403522968292236
focused_vector,iTE:P0371:n4,continuous operation,iTE:P0607:n2,accumulation of charge carriers in response to temperature gradient,10,0.8401909470558167
focused_vector,iTE:P0387:n2,negative Seebeck coefficient,iTE:P0387:n1,mobile anion-generating species,1,0.9649896025657654
focused_vector,iTE:P0387:n2,negative Seebeck coefficient,iTE:P0625:n3,negative Seebeck coefficient,2,0.8954265117645264
focused_vector,iTE:P0387:n2,negative Seebeck coefficient,iTE:P1109:n2,giant negative Seebeck coefficient,3,0.8926553726196289
focused_vector,iTE:P0387:n2,negative Seebeck coefficient,iTE:P0379:n3,Seebeck coefficient,4,0.885945200920105
focused_vector,iTE:P0387:n2,negative Seebeck coefficient,iTE:P1457:n2,Seebeck coefficient,5,0.8818277716636658
focused_vector,iTE:P0387:n2,negative Seebeck coefficient,iTE:P0364:n4,Seebeck coefficient (S),6,0.8778998851776123
focused_vector,iTE:P0387:n2,negative Seebeck coefficient,iTE:P0611:n3,ionic Seebeck coefficient,7,0.8773183226585388
focused_vector,iTE:P0387:n2,negative Seebeck coefficient,iTE:P1475:n2,Seebeck coefficients,8,0.8773120641708374
focused_vector,iTE:P0387:n2,negative Seebeck coefficient,iTE:P0704:n2,Seebeck coefficient,9,0.8764263391494751
focused_vector,iTE:P0387:n2,negative Seebeck coefficient,iTE:P0547:n3,Seebeck coefficient,10,0.8748902082443237
focused_vector,iTE:P0387:n4,positive Seebeck coefficient,iTE:P0387:n3,cation-generating species,1,0.9695172309875488
focused_vector,iTE:P0387:n4,positive Seebeck coefficient,iTE:P0405:n2,Seebeck coefficient and figure of merit,2,0.9322171807289124
focused_vector,iTE:P0387:n4,positive Seebeck coefficient,iTE:P0454:n3,Seebeck coefficient,3,0.9111611247062683
focused_vector,iTE:P0387:n4,positive Seebeck coefficient,iTE:P0462:n3,Seebeck coefficient,4,0.906951367855072
focused_vector,iTE:P0387:n4,positive Seebeck coefficient,iTE:P1121:n2,Seebeck coefficient,5,0.898866593837738
focused_vector,iTE:P0387:n4,positive Seebeck coefficient,iTE:P0704:n2,Seebeck coefficient,6,0.89686518907547
focused_vector,iTE:P0387:n4,positive Seebeck coefficient,iTE:P1482:n3,Seebeck coefficient,7,0.8967325687408447
focused_vector,iTE:P0387:n4,positive Seebeck coefficient,iTE:P0547:n3,Seebeck coefficient,8,0.8961017727851868
focused_vector,iTE:P0387:n4,positive Seebeck coefficient,iTE:P1492:n4,Seebeck coefficients,9,0.892827033996582
focused_vector,iTE:P0387:n4,positive Seebeck coefficient,iTE:P1670:n3,Seebeck coefficient,10,0.8921040296554565
focused_vector,iTE:P0388:n2,continuous operation of ITECs,iTE:P0388:n1,external load always connected,1,0.9700305461883545
focused_vector,iTE:P0388:n2,continuous operation of ITECs,iTE:P0371:n4,continuous operation,2,0.8264468908309937
focused_vector,iTE:P0388:n2,continuous operation of ITECs,iTE:P0370:n1,charging and discharging current from ITESCs,3,0.7902796268463135
focused_vector,iTE:P0388:n2,continuous operation of ITECs,iTE:P0828:n4,continuous power output,4,0.7829787135124207
focused_vector,iTE:P0388:n2,continuous operation of ITECs,iTE:P0370:n2,operate resistive sensors,5,0.7772430777549744
focused_vector,iTE:P0388:n2,continuous operation of ITECs,iTE:P0371:n3,repeated charge and discharge cycles,6,0.7677409052848816
focused_vector,iTE:P0388:n2,continuous operation of ITECs,iTE:P0370:n4,humidity monitoring,7,0.7639676928520203
focused_vector,iTE:P0388:n2,continuous operation of ITECs,iTE:P0353:n5,continuous power generation,8,0.7590653896331787
focused_vector,iTE:P0388:n2,continuous operation of ITECs,iTE:P1547:n3,output stability,9,0.7502668499946594
focused_vector,iTE:P0388:n2,continuous operation of ITECs,iTE:P0410:n1,charging efficiency of the ITESC,10,0.748150110244751
focused_vector,iTE:P0412:n5,thermoelectric and mechanical performance,iTE:P0412:n1,"SiO2, modified graphene (mG), and Ti3C2Tx",1,0.9734561443328857
focused_vector,iTE:P0412:n5,thermoelectric and mechanical performance,iTE:P0412:n2,crystallinity,2,0.9668471217155457
focused_vector,iTE:P0412:n5,thermoelectric and mechanical performance,iTE:P0412:n4,hydrogen bonding,3,0.9550343155860901
focused_vector,iTE:P0412:n5,thermoelectric and mechanical performance,iTE:P0412:n3,interfacial phonon scattering,4,0.9443027973175049
focused_vector,iTE:P0412:n5,thermoelectric and mechanical performance,iTE:P0675:n2,Thermoelectric performance,5,0.9068282842636108
focused_vector,iTE:P0412:n5,thermoelectric and mechanical performance,iTE:P0480:n2,thermoelectric properties,6,0.8791108727455139
focused_vector,iTE:P0412:n5,thermoelectric and mechanical performance,iTE:P1566:n3,thermoelectric performance,7,0.8752069473266602
focused_vector,iTE:P0412:n5,thermoelectric and mechanical performance,iTE:P0933:n3,thermoelectric performance,8,0.8746095299720764
focused_vector,iTE:P0412:n5,thermoelectric and mechanical performance,iTE:P0745:n2,thermoelectric properties,9,0.8737583160400391
focused_vector,iTE:P0412:n5,thermoelectric and mechanical performance,iTE:P0579:n3,thermoelectric performance,10,0.8729122281074524
focused_vector,iTE:P0426:n2,carrier concentration,iTE:P0426:n1,ionic gating,1,0.982602059841156
focused_vector,iTE:P0426:n2,carrier concentration,iTE:P0832:n2,carrier concentration,2,0.9051195979118347
focused_vector,iTE:P0426:n2,carrier concentration,iTE:P1308:n2,charge carriers concentration n,3,0.891194224357605
focused_vector,iTE:P0426:n2,carrier concentration,iTE:P1492:n2,charge carrier concentration,4,0.8807581067085266
focused_vector,iTE:P0426:n2,carrier concentration,iTE:P0582:n2,carrier concentration,5,0.8772955536842346
focused_vector,iTE:P0426:n2,carrier concentration,iTE:P1940:n2,charge carrier concentration,6,0.8766631484031677
focused_vector,iTE:P0426:n2,carrier concentration,iTE:P1535:n2,increase of the carrier concentration,7,0.8752515316009521
focused_vector,iTE:P0426:n2,carrier concentration,iTE:P0375:n1,ion carrier concentration,8,0.8732749819755554
focused_vector,iTE:P0426:n2,carrier concentration,iTE:P1716:n1,doping level,9,0.8731391429901123
focused_vector,iTE:P0426:n2,carrier concentration,iTE:P0764:n3,ionic conductivity,10,0.8715728521347046
focused_vector,iTE:P0512:n3,n-type characteristics,iTE:P0512:n2,phase separation effects,1,0.9598395228385925
focused_vector,iTE:P0512:n3,n-type characteristics,iTE:P0512:n1,hydrogen bonds and electrostatic interactions between ions and LCE molecular chains,2,0.9596729278564453
focused_vector,iTE:P0512:n3,n-type characteristics,iTE:P0341:n3,elastic tensile and self-healing properties,3,0.8664782643318176
focused_vector,iTE:P0512:n3,n-type characteristics,iTE:P0341:n1,hydrogen bonding,4,0.8628868460655212
focused_vector,iTE:P0512:n3,n-type characteristics,iTE:P0562:n2,power factor,5,0.8589810132980347
focused_vector,iTE:P0512:n3,n-type characteristics,iTE:P0450:n3,"mechanical resilience, adhesion properties, and self-healing properties",6,0.8584117293357849
focused_vector,iTE:P0512:n3,n-type characteristics,iTE:P0341:n2,ion-dipole interactions,7,0.8561253547668457
focused_vector,iTE:P0512:n3,n-type characteristics,iTE:P1553:n4,n-type TE properties,8,0.8553314208984375
focused_vector,iTE:P0512:n3,n-type characteristics,iTE:P0678:n2,mechanical properties and harsh environment stability,9,0.8516004681587219
focused_vector,iTE:P0512:n3,n-type characteristics,iTE:P0562:n1,ion-inducedcarrier migration,10,0.8514567613601685
focused_vector,iTE:P0582:n2,carrier concentration,iTE:P0582:n3,power factor,1,0.975774884223938
focused_vector,iTE:P0582:n2,carrier concentration,iTE:P0582:n1,La3+ substitution for In3+,2,0.9743511080741882
focused_vector,iTE:P0582:n2,carrier concentration,iTE:P1492:n2,charge carrier concentration,3,0.8847621083259583
focused_vector,iTE:P0582:n2,carrier concentration,iTE:P1043:n1,decrease in carrier concentration,4,0.8840001225471497
focused_vector,iTE:P0582:n2,carrier concentration,iTE:P0932:n4,reduction of charge carriers,5,0.8810051083564758
focused_vector,iTE:P0582:n2,carrier concentration,iTE:P1127:n1,decrease in carrier concentration,6,0.8789985179901123
focused_vector,iTE:P0582:n2,carrier concentration,iTE:P1171:n2,carrier concentration,7,0.8787792325019836
focused_vector,iTE:P0582:n2,carrier concentration,iTE:P1157:n2,carrier concentration,8,0.8786717653274536
focused_vector,iTE:P0582:n2,carrier concentration,iTE:P0426:n2,carrier concentration,9,0.8772955536842346
focused_vector,iTE:P0582:n2,carrier concentration,iTE:P1940:n2,charge carrier concentration,10,0.8764477968215942
focused_vector,iTE:P0591:n3,mechanical performance,iTE:P0591:n2,immobilizes Zn2+,1,0.9662853479385376
focused_vector,iTE:P0591:n3,mechanical performance,iTE:P1721:n2,mechanical robustness,2,0.8313050866127014
focused_vector,iTE:P0591:n3,mechanical performance,iTE:P0722:n2,long-range Zn2+ migration,3,0.827530562877655
focused_vector,iTE:P0591:n3,mechanical performance,iTE:P1069:n1,Zn depletion,4,0.823534369468689
focused_vector,iTE:P0591:n3,mechanical performance,iTE:P0722:n1,Doping Cd or Ge on the Zn site,5,0.8234062790870667
focused_vector,iTE:P0591:n3,mechanical performance,iTE:P0722:n3,stabilizes beta-Zn4Sb3,6,0.8211442828178406
focused_vector,iTE:P0591:n3,mechanical performance,iTE:P0809:n1,Zn doping Ca site,7,0.8189865946769714
focused_vector,iTE:P0591:n3,mechanical performance,iTE:P1009:n2,figure of merit,8,0.8189826011657715
focused_vector,iTE:P0591:n3,mechanical performance,iTE:P1082:n2,long-term operational stability,9,0.818500280380249
focused_vector,iTE:P0591:n3,mechanical performance,iTE:P1082:n1,blocking the Zn ion migration,10,0.8177704811096191
focused_vector,iTE:P0619:n1,increased PEDOT domain distances,iTE:P0619:n3,electrical conductivity decay,1,0.9728987812995911
focused_vector,iTE:P0619:n1,increased PEDOT domain distances,iTE:P0619:n2,interdomain charge carrier transport,2,0.9693564772605896
focused_vector,iTE:P0619:n1,increased PEDOT domain distances,iTE:P1528:n1,interconnected and large PEDOT- and PSS-rich domains,3,0.88722825050354
focused_vector,iTE:P0619:n1,increased PEDOT domain distances,iTE:P1528:n2,charge mobility,4,0.8785260319709778
focused_vector,iTE:P0619:n1,increased PEDOT domain distances,iTE:P1430:n1,interconnected network of elongated PEDOT grains,5,0.8727168440818787
focused_vector,iTE:P0619:n1,increased PEDOT domain distances,iTE:P1257:n2,enhanced electrical conductivity,6,0.8722864389419556
focused_vector,iTE:P0619:n1,increased PEDOT domain distances,iTE:P0482:n2,optimized PEDOT domain distribution,7,0.8708740472793579
focused_vector,iTE:P0619:n1,increased PEDOT domain distances,iTE:P1528:n3,transconductance,8,0.8704877495765686
focused_vector,iTE:P0619:n1,increased PEDOT domain distances,iTE:P1758:n2,linear distance,9,0.8677886724472046
focused_vector,iTE:P0619:n1,increased PEDOT domain distances,iTE:P1758:n3,conductivity and mobility of the charge carriers,10,0.8659199476242065
focused_vector,iTE:P0636:n2,Electrical conductivity,iTE:P0718:n2,Electrical conductivity,1,0.9999998211860657
focused_vector,iTE:P0636:n2,Electrical conductivity,iTE:P0636:n3,Seebeck coefficient,2,0.9830935001373291
focused_vector,iTE:P0636:n2,Electrical conductivity,iTE:P0718:n3,Seebeck coefficient,3,0.9830935001373291
focused_vector,iTE:P0636:n2,Electrical conductivity,iTE:P0636:n1,ionic radius of rare-earth elements,4,0.9714488387107849
focused_vector,iTE:P0636:n2,Electrical conductivity,iTE:P0718:n1,ionic radius of rare-earth elements,5,0.9714488387107849
focused_vector,iTE:P0636:n2,Electrical conductivity,iTE:P1670:n2,electrical conductivity,6,0.918641209602356
focused_vector,iTE:P0636:n2,Electrical conductivity,iTE:P0764:n3,ionic conductivity,7,0.9155693650245667
focused_vector,iTE:P0636:n2,Electrical conductivity,iTE:P1508:n2,electrical conductivity,8,0.9142332077026367
focused_vector,iTE:P0636:n2,Electrical conductivity,iTE:P0993:n2,Seebeck coefficients,9,0.913608968257904
focused_vector,iTE:P0636:n2,Electrical conductivity,iTE:P0632:n1,ionic radii of the rare earth cations,10,0.909144401550293
focused_vector,iTE:P0721:n1,concentration,iTE:P1071:n2,electrical conductivity,1,0.9124012589454651
focused_vector,iTE:P0721:n1,concentration,iTE:P1457:n3,temperature and concentration,2,0.8873457908630371
focused_vector,iTE:P0721:n1,concentration,iTE:P0886:n2,temperature dependence of thermoelectric power,3,0.8826020359992981
focused_vector,iTE:P0721:n1,concentration,iTE:P0886:n1,competition of the electronic and ionic transport,4,0.8798276782035828
focused_vector,iTE:P0721:n1,concentration,iTE:P0451:n2,ionic conductivity,5,0.8698440194129944
focused_vector,iTE:P0721:n1,concentration,iTE:P0592:n1,concentration of ionic liquid,6,0.8682796955108643
focused_vector,iTE:P0721:n1,concentration,iTE:P0729:n2,thermoelectric power,7,0.8677492737770081
focused_vector,iTE:P0721:n1,concentration,iTE:P0578:n2,thermoelectric performance,8,0.8666797876358032
focused_vector,iTE:P0721:n1,concentration,iTE:P0657:n2,p-n conversion,9,0.8650321960449219
focused_vector,iTE:P0721:n1,concentration,iTE:P1566:n3,thermoelectric performance,10,0.8649693131446838
focused_vector,iTE:P0724:n3,p-type,iTE:P0724:n4,n-type carbon nanotubes,1,0.9867388606071472
focused_vector,iTE:P0724:n3,p-type,iTE:P0724:n2,non-ionic surfactants,2,0.9783313870429993
focused_vector,iTE:P0724:n3,p-type,iTE:P0724:n1,anionic,3,0.9761850237846375
focused_vector,iTE:P0724:n3,p-type,iTE:P0368:n1,carbon black/multiwalled carbon nanotubes (CB/MWCNTs),4,0.8672885894775391
focused_vector,iTE:P0724:n3,p-type,iTE:P0807:n2,p-doping,5,0.8552700281143188
focused_vector,iTE:P0724:n3,p-type,iTE:P0368:n4,ionic diffusion,6,0.8491250872612
focused_vector,iTE:P0724:n3,p-type,iTE:P0368:n2,Photothermal (PT) conversion properties,7,0.8475685715675354
focused_vector,iTE:P0724:n3,p-type,iTE:P1169:n1,selective ion transport pathways,8,0.8437435626983643
focused_vector,iTE:P0724:n3,p-type,iTE:P0896:n3,p-type,9,0.8434572219848633
focused_vector,iTE:P0724:n3,p-type,iTE:P1274:n2,formation of tightly assembled nanoparticles,10,0.8348356485366821
focused_vector,iTE:P0825:n1,increase in the PEDOT domain distances,iTE:P0482:n2,optimized PEDOT domain distribution,1,0.9000500440597534
focused_vector,iTE:P0825:n1,increase in the PEDOT domain distances,iTE:P0482:n3,film conductivity,2,0.883125364780426
focused_vector,iTE:P0825:n1,increase in the PEDOT domain distances,iTE:P0482:n1,morphological rearrangement,3,0.8809021711349487
focused_vector,iTE:P0825:n1,increase in the PEDOT domain distances,iTE:P1141:n1,humidity increase,4,0.8498519659042358
focused_vector,iTE:P0825:n1,increase in the PEDOT domain distances,iTE:P0764:n1,Low hygroscopicity,5,0.8472881317138672
focused_vector,iTE:P0825:n1,increase in the PEDOT domain distances,iTE:P0890:n1,P/D/ED film,6,0.8383961915969849
focused_vector,iTE:P0825:n1,increase in the PEDOT domain distances,iTE:P0890:n3,strain and bending stability,7,0.8293944597244263
focused_vector,iTE:P0825:n1,increase in the PEDOT domain distances,iTE:P0688:n3,TE performance of PEDOT:PSS films,8,0.8288530111312866
focused_vector,iTE:P0825:n1,increase in the PEDOT domain distances,iTE:P0764:n2,moisture-assisted ion conducting channel,9,0.8252652287483215
focused_vector,iTE:P0825:n1,increase in the PEDOT domain distances,iTE:P0688:n1,ILs,10,0.8241887092590332
focused_vector,iTE:P0833:n2,Seebeck coefficient S,iTE:P1072:n2,Seebeck coefficient,1,0.9458314180374146
focused_vector,iTE:P0833:n2,Seebeck coefficient S,iTE:P1929:n2,Seebeck coefficient value of 373 & mu;V/K,2,0.9424923658370972
focused_vector,iTE:P0833:n2,Seebeck coefficient S,iTE:P1457:n2,Seebeck coefficient,3,0.9360937476158142
focused_vector,iTE:P0833:n2,Seebeck coefficient S,iTE:P0888:n2,Seebeck coefficient reversibly transitions from +43 to -45 mu V/K,4,0.9359701871871948
focused_vector,iTE:P0833:n2,Seebeck coefficient S,iTE:P0506:n2,Seebeck coefficient,5,0.9286782741546631
focused_vector,iTE:P0833:n2,Seebeck coefficient S,iTE:P1479:n1,Seebeck coefficients,6,0.9257990121841431
focused_vector,iTE:P0833:n2,Seebeck coefficient S,iTE:P0804:n2,Seebeck coefficient,7,0.92570561170578
focused_vector,iTE:P0833:n2,Seebeck coefficient S,iTE:P1024:n2,Seebeck coefficient,8,0.9237919449806213
focused_vector,iTE:P0833:n2,Seebeck coefficient S,iTE:P1254:n2,Seebeck coefficient,9,0.9208060503005981
focused_vector,iTE:P0833:n2,Seebeck coefficient S,iTE:P0866:n3,Seebeck coefficient of the PANI,10,0.9188892245292664
focused_vector,iTE:P0866:n3,Seebeck coefficient of the PANI,iTE:P0833:n2,Seebeck coefficient S,1,0.9188892245292664
focused_vector,iTE:P0866:n3,Seebeck coefficient of the PANI,iTE:P1457:n2,Seebeck coefficient,2,0.9067705869674683
focused_vector,iTE:P0866:n3,Seebeck coefficient of the PANI,iTE:P0414:n3,Seebeck coefficient,3,0.8992424607276917
focused_vector,iTE:P0866:n3,Seebeck coefficient of the PANI,iTE:P1072:n2,Seebeck coefficient,4,0.8966530561447144
focused_vector,iTE:P0866:n3,Seebeck coefficient of the PANI,iTE:P0888:n2,Seebeck coefficient reversibly transitions from +43 to -45 mu V/K,5,0.8947349190711975
focused_vector,iTE:P0866:n3,Seebeck coefficient of the PANI,iTE:P0804:n2,Seebeck coefficient,6,0.8918560147285461
focused_vector,iTE:P0866:n3,Seebeck coefficient of the PANI,iTE:P0487:n2,switch in polarity of the Seebeck coefficient,7,0.8912643194198608
focused_vector,iTE:P0866:n3,Seebeck coefficient of the PANI,iTE:P0506:n2,Seebeck coefficient,8,0.8903934359550476
focused_vector,iTE:P0866:n3,Seebeck coefficient of the PANI,iTE:P0884:n4,negative Seebeck coefficient,9,0.887772798538208
focused_vector,iTE:P0866:n3,Seebeck coefficient of the PANI,iTE:P0884:n2,positive Seebeck coefficient,10,0.8877140283584595
focused_vector,iTE:P0870:n4,semiconducting properties,iTE:P0870:n2,metallic-type properties,1,0.8702206015586853
focused_vector,iTE:P0870:n4,semiconducting properties,iTE:P0870:n3,ionic charge compensation,2,0.8680390119552612
focused_vector,iTE:P0870:n4,semiconducting properties,iTE:P1050:n2,electrical conductivity,3,0.8636274337768555
focused_vector,iTE:P0870:n4,semiconducting properties,iTE:P0870:n1,electronic charge compensation,4,0.8617319464683533
focused_vector,iTE:P0870:n4,semiconducting properties,iTE:P0901:n1,band conduction in rutile TiO2,5,0.8538055419921875
focused_vector,iTE:P0870:n4,semiconducting properties,iTE:P1050:n1,ionic charge carriers,6,0.850368082523346
focused_vector,iTE:P0870:n4,semiconducting properties,iTE:P1558:n1,Thermoelectric power (TEP),7,0.8472273945808411
focused_vector,iTE:P0870:n4,semiconducting properties,iTE:P1786:n2,low electrical conductivity of TiO2,8,0.8441664576530457
focused_vector,iTE:P0870:n4,semiconducting properties,iTE:P1558:n2,n-type conductivity,9,0.8373660445213318
focused_vector,iTE:P0870:n4,semiconducting properties,iTE:P1510:n2,thermoelectric power factors,10,0.8366291522979736
focused_vector,iTE:P0896:n3,p-type,iTE:P0896:n4,n-type semiconducting characteristics,1,0.9834111928939819
focused_vector,iTE:P0896:n3,p-type,iTE:P0896:n1,pristine,2,0.9798978567123413
focused_vector,iTE:P0896:n3,p-type,iTE:P0896:n2,annealed SrTiO3 nanoparticles,3,0.9681217670440674
focused_vector,iTE:P0896:n3,p-type,iTE:P0460:n2,mixed ionic-electronic thermoelectric cement-based composite,4,0.8741825819015503
focused_vector,iTE:P0896:n3,p-type,iTE:P0480:n2,thermoelectric properties,5,0.872262716293335
focused_vector,iTE:P0896:n3,p-type,iTE:P0343:n3,n-type thermoelectric behavior,6,0.8709009885787964
focused_vector,iTE:P0896:n3,p-type,iTE:P0460:n1,cooperative work between the metal cations and the holes carriers,7,0.8576073050498962
focused_vector,iTE:P0896:n3,p-type,iTE:P0724:n3,p-type,8,0.8434572219848633
focused_vector,iTE:P0896:n3,p-type,iTE:P0369:n5,thermoelectric voltage,9,0.8419098854064941
focused_vector,iTE:P0896:n3,p-type,iTE:P0369:n4,finer pore distribution,10,0.8321954607963562
focused_vector,iTE:P0914:n3,p-type characteristics,iTE:P0914:n1,Sn,1,0.9786214232444763
focused_vector,iTE:P0914:n3,p-type characteristics,iTE:P0914:n2,substitute Sb,2,0.9589452147483826
focused_vector,iTE:P0914:n3,p-type characteristics,iTE:P1444:n2,p-type character,3,0.8431015014648438
focused_vector,iTE:P0914:n3,p-type characteristics,iTE:P1941:n2,partial covalent character,4,0.8327150344848633
focused_vector,iTE:P0914:n3,p-type characteristics,iTE:P1490:n2,p-type nature of Cs2CdZnCl6,5,0.8274738192558289
focused_vector,iTE:P0914:n3,p-type characteristics,iTE:P1279:n1,higher substitution,6,0.8268516063690186
focused_vector,iTE:P0914:n3,p-type characteristics,iTE:P1807:n2,p-type (2DHG) to n-type (2DEG),7,0.8260902762413025
focused_vector,iTE:P0914:n3,p-type characteristics,iTE:P1279:n2,p-type conduction,8,0.8259819149971008
focused_vector,iTE:P0914:n3,p-type characteristics,iTE:P1757:n1,p-type semiconductors,9,0.8228089809417725
focused_vector,iTE:P0914:n3,p-type characteristics,iTE:P1941:n1,Sn doping,10,0.8218413591384888
focused_vector,iTE:P0932:n3,PEDOT:PSS conductivity,iTE:P0932:n1,PSS separation from PEDOT,1,0.9850245118141174
focused_vector,iTE:P0932:n3,PEDOT:PSS conductivity,iTE:P0932:n2,conformational change of the PEDOT chains,2,0.9750849604606628
focused_vector,iTE:P0932:n3,PEDOT:PSS conductivity,iTE:P1613:n3,electrical conductivity,3,0.8973270058631897
focused_vector,iTE:P0932:n3,PEDOT:PSS conductivity,iTE:P1613:n2,removing the insulating PSS,4,0.8938913345336914
focused_vector,iTE:P0932:n3,PEDOT:PSS conductivity,iTE:P1613:n4,benzenoid-to-quinoid conformational transformation,5,0.8892833590507507
focused_vector,iTE:P0932:n3,PEDOT:PSS conductivity,iTE:P0858:n2,phase separation of PEDOT:PSS,6,0.8888332843780518
focused_vector,iTE:P0932:n3,PEDOT:PSS conductivity,iTE:P1613:n1,H2SO4 and EMIM-DCA,7,0.8835114240646362
focused_vector,iTE:P0932:n3,PEDOT:PSS conductivity,iTE:P1257:n1,removal of the excess insulating PSS and the phase separation between the PEDOT and PSS chains,8,0.88102126121521
focused_vector,iTE:P0932:n3,PEDOT:PSS conductivity,iTE:P1528:n1,interconnected and large PEDOT- and PSS-rich domains,9,0.880389392375946
focused_vector,iTE:P0932:n3,PEDOT:PSS conductivity,iTE:P0858:n3,linear quinoid conformation of PEDOT,10,0.8794007301330566
focused_vector,iTE:P0940:n2,conductivity of PEDOT:PSS,iTE:P0940:n1,ion exchange,1,0.9566048383712769
focused_vector,iTE:P0940:n2,conductivity of PEDOT:PSS,iTE:P0478:n2,rearrangement of the molecular chain of PEDOT,2,0.9084061980247498
focused_vector,iTE:P0940:n2,conductivity of PEDOT:PSS,iTE:P0409:n2,ILs,3,0.9083205461502075
focused_vector,iTE:P0940:n2,conductivity of PEDOT:PSS,iTE:P0503:n3,ionic conductivity,4,0.899734377861023
focused_vector,iTE:P0940:n2,conductivity of PEDOT:PSS,iTE:P1141:n3,ionic conductivity,5,0.8981927037239075
focused_vector,iTE:P0940:n2,conductivity of PEDOT:PSS,iTE:P1482:n4,electrical conductivity,6,0.8971020579338074
focused_vector,iTE:P0940:n2,conductivity of PEDOT:PSS,iTE:P0634:n2,"positively charged, conducting PEDOT",7,0.8954773545265198
focused_vector,iTE:P0940:n2,conductivity of PEDOT:PSS,iTE:P0462:n1,small-(MMIM BF4),8,0.8953992128372192
focused_vector,iTE:P0940:n2,conductivity of PEDOT:PSS,iTE:P0478:n1,ionic liquid,9,0.8938937187194824
focused_vector,iTE:P0940:n2,conductivity of PEDOT:PSS,iTE:P0462:n2,large-sized cations (HMIM BF4),10,0.893528401851654
focused_vector,iTE:P0955:n2,charge carrier concentration,iTE:P0955:n1,bromine as a dopant,1,0.9787853360176086
focused_vector,iTE:P0955:n2,charge carrier concentration,iTE:P1680:n2,n-type carrier density,2,0.8864936232566833
focused_vector,iTE:P0955:n2,charge carrier concentration,iTE:P1940:n2,charge carrier concentration,3,0.8795944452285767
focused_vector,iTE:P0955:n2,charge carrier concentration,iTE:P1849:n1,reduction in hole carrier concentration,4,0.8699997067451477
focused_vector,iTE:P0955:n2,charge carrier concentration,iTE:P0751:n1,optimal carrier concentration,5,0.8636350631713867
focused_vector,iTE:P0955:n2,charge carrier concentration,iTE:P1680:n1,Cu ion conduction in addition to Ag ion conduction,6,0.8625094890594482
focused_vector,iTE:P0955:n2,charge carrier concentration,iTE:P1157:n2,carrier concentration,7,0.8586007952690125
focused_vector,iTE:P0955:n2,charge carrier concentration,iTE:P1492:n2,charge carrier concentration,8,0.858578085899353
focused_vector,iTE:P0955:n2,charge carrier concentration,iTE:P0999:n2,inversion of the sign of predominant charge carriers,9,0.8540158271789551
focused_vector,iTE:P0955:n2,charge carrier concentration,iTE:P1882:n1,increasing Se concentrations,10,0.8538931608200073
focused_vector,iTE:P0983:n2,half-metallicity character,iTE:P0983:n1,CoNbMnSi,1,0.8829742074012756
focused_vector,iTE:P0983:n2,half-metallicity character,iTE:P1904:n2,weak ferromagnetism,2,0.8433845639228821
focused_vector,iTE:P0983:n2,half-metallicity character,iTE:P1006:n2,half-metallic character,3,0.8429436683654785
focused_vector,iTE:P0983:n2,half-metallicity character,iTE:P0948:n2,ferromagnetic,4,0.8385900259017944
focused_vector,iTE:P0983:n2,half-metallicity character,iTE:P1018:n2,half-metallic character,5,0.8186599016189575
focused_vector,iTE:P0983:n2,half-metallicity character,iTE:P1586:n3,quasi-metallic state,6,0.8175885677337646
focused_vector,iTE:P0983:n2,half-metallicity character,iTE:P1093:n2,half-metal,7,0.8147038221359253
focused_vector,iTE:P0983:n2,half-metallicity character,iTE:P1830:n2,low magnetic moment,8,0.8123413920402527
focused_vector,iTE:P0983:n2,half-metallicity character,iTE:P0948:n1,doping of C and N,9,0.8117351531982422
focused_vector,iTE:P0983:n2,half-metallicity character,iTE:P1509:n2,half-metallic gap,10,0.8086188435554504
focused_vector,iTE:P1004:n1,Cr doping,iTE:P1132:n1,Cr doping,1,0.9065414667129517
focused_vector,iTE:P1004:n1,Cr doping,iTE:P1004:n2,Seebeck coefficient,2,0.8895969986915588
focused_vector,iTE:P1004:n1,Cr doping,iTE:P1928:n1,increasing doping level,3,0.8725610971450806
focused_vector,iTE:P1004:n1,Cr doping,iTE:P1516:n1,n-doping,4,0.8673619627952576
focused_vector,iTE:P1004:n1,Cr doping,iTE:P0623:n1,Se doping,5,0.863699734210968
focused_vector,iTE:P1004:n1,Cr doping,iTE:P1594:n2,metal-insulator transition temperature,6,0.8624011278152466
focused_vector,iTE:P1004:n1,Cr doping,iTE:P1516:n2,thermoelectric power factor,7,0.8621491193771362
focused_vector,iTE:P1004:n1,Cr doping,iTE:P1510:n1,n-doping,8,0.8617663383483887
focused_vector,iTE:P1004:n1,Cr doping,iTE:P1083:n2,Variation in the thermoelectric properties,9,0.8583968877792358
focused_vector,iTE:P1004:n1,Cr doping,iTE:P1928:n2,thermoelectric powers of the Ba- and Sr-doped systems,10,0.8579515218734741
focused_vector,iTE:P1006:n2,half-metallic character,iTE:P1018:n2,half-metallic character,1,0.8690863251686096
focused_vector,iTE:P1006:n2,half-metallic character,iTE:P1092:n1,MgSc2Te4 and MgY2Te4,2,0.8530896902084351
focused_vector,iTE:P1006:n2,half-metallic character,iTE:P1092:n2,semiconducting natures with a direct band gap,3,0.8474342226982117
focused_vector,iTE:P1006:n2,half-metallic character,iTE:P1536:n1,metallic nature,4,0.8472609519958496
focused_vector,iTE:P1006:n2,half-metallic character,iTE:P0983:n2,half-metallicity character,5,0.8429436683654785
focused_vector,iTE:P1006:n2,half-metallic character,iTE:P1509:n2,half-metallic gap,6,0.8406170010566711
focused_vector,iTE:P1006:n2,half-metallic character,iTE:P1536:n3,MgCu3GaSe4,7,0.8366160988807678
focused_vector,iTE:P1006:n2,half-metallic character,iTE:P1006:n1,MgEu2X4 (X = S and Se),8,0.8357085585594177
focused_vector,iTE:P1006:n2,half-metallic character,iTE:P1757:n2,bandgaps,9,0.8331263065338135
focused_vector,iTE:P1006:n2,half-metallic character,iTE:P1358:n1,Mg2Si,10,0.8319718837738037
focused_vector,iTE:P1025:n2,optical conductivity,iTE:P1025:n1,interband transitions,1,0.9462653398513794
focused_vector,iTE:P1025:n2,optical conductivity,iTE:P1587:n4,electrical and thermal conductivities,2,0.8937275409698486
focused_vector,iTE:P1025:n2,optical conductivity,iTE:P1843:n2,enhanced polarizability,3,0.882140576839447
focused_vector,iTE:P1025:n2,optical conductivity,iTE:P1587:n3,enhanced optical absorption,4,0.8806143403053284
focused_vector,iTE:P1025:n2,optical conductivity,iTE:P1834:n2,enhancing the conductivity,5,0.866182267665863
focused_vector,iTE:P1025:n2,optical conductivity,iTE:P1843:n1,heavier cations,6,0.8625079393386841
focused_vector,iTE:P1025:n2,optical conductivity,iTE:P1596:n1,optical absorption and thermoelectric effect,7,0.8617252111434937
focused_vector,iTE:P1025:n2,optical conductivity,iTE:P1587:n2,band gap narrowing,8,0.8611470460891724
focused_vector,iTE:P1025:n2,optical conductivity,iTE:P1953:n1,low transmittance and high absorption coefficient in the far ultra-violet region,9,0.8599295020103455
focused_vector,iTE:P1025:n2,optical conductivity,iTE:P1819:n2,low thermal conductivity,10,0.8575016260147095
focused_vector,iTE:P1093:n2,half-metal,iTE:P1093:n1,adding a F atom,1,0.9687346816062927
focused_vector,iTE:P1093:n2,half-metal,iTE:P1018:n2,half-metallic character,2,0.8290576338768005
focused_vector,iTE:P1093:n2,half-metal,iTE:P1006:n2,half-metallic character,3,0.8161703944206238
focused_vector,iTE:P1093:n2,half-metal,iTE:P0983:n2,half-metallicity character,4,0.8147038221359253
focused_vector,iTE:P1093:n2,half-metal,iTE:P1020:n2,n- to p-type,5,0.8099952936172485
focused_vector,iTE:P1093:n2,half-metal,iTE:P1757:n1,p-type semiconductors,6,0.8041126728057861
focused_vector,iTE:P1093:n2,half-metal,iTE:P1940:n1,Fe substitution,7,0.8028306365013123
focused_vector,iTE:P1093:n2,half-metal,iTE:P1578:n1,electronic transfer from the rare-earth metal towards antimony,8,0.8026520609855652
focused_vector,iTE:P1093:n2,half-metal,iTE:P0551:n1,lighter alkali-metal element as a guest atom,9,0.8023285865783691
focused_vector,iTE:P1093:n2,half-metal,iTE:P0999:n2,inversion of the sign of predominant charge carriers,10,0.8009767532348633
focused_vector,iTE:P1132:n1,Cr doping,iTE:P1132:n2,grain growth,1,0.9691005945205688
focused_vector,iTE:P1132:n1,Cr doping,iTE:P1004:n1,Cr doping,2,0.9065414667129517
focused_vector,iTE:P1132:n1,Cr doping,iTE:P1164:n2,electrical resistivity,3,0.8590244054794312
focused_vector,iTE:P1132:n1,Cr doping,iTE:P1606:n1,Se defects,4,0.8485584259033203
focused_vector,iTE:P1132:n1,Cr doping,iTE:P0752:n4,electrical resistance,5,0.8475198745727539
focused_vector,iTE:P1132:n1,Cr doping,iTE:P1466:n1,Ge doping,6,0.8445602059364319
focused_vector,iTE:P1132:n1,Cr doping,iTE:P1164:n1,dopant K grain boundary segregation,7,0.8424279093742371
focused_vector,iTE:P1132:n1,Cr doping,iTE:P0486:n2,Sm-doping,8,0.8418007493019104
focused_vector,iTE:P1132:n1,Cr doping,iTE:P1164:n3,Seebeck coefficient,9,0.8404223918914795
focused_vector,iTE:P1132:n1,Cr doping,iTE:P1606:n2,changes from Anderson insulator to metal,10,0.8396768569946289
focused_vector,iTE:P1161:n2,concentration of electron holes,iTE:P1679:n1,electrons,1,0.9028486013412476
focused_vector,iTE:P1161:n2,concentration of electron holes,iTE:P1313:n1,hole concentration,2,0.890990674495697
focused_vector,iTE:P1161:n2,concentration of electron holes,iTE:P1517:n2,Seebeck coefficient,3,0.8895075917243958
focused_vector,iTE:P1161:n2,concentration of electron holes,iTE:P1849:n1,reduction in hole carrier concentration,4,0.8850634694099426
focused_vector,iTE:P1161:n2,concentration of electron holes,iTE:P1161:n1,thermal reduction,5,0.8812586069107056
focused_vector,iTE:P1161:n2,concentration of electron holes,iTE:P1182:n2,decrease in the Seebeck coefficient,6,0.8774417042732239
focused_vector,iTE:P1161:n2,concentration of electron holes,iTE:P1657:n2,density of holes,7,0.8741242289543152
focused_vector,iTE:P1161:n2,concentration of electron holes,iTE:P0932:n5,Seebeck coefficient,8,0.8738473057746887
focused_vector,iTE:P1161:n2,concentration of electron holes,iTE:P1517:n3,electrical and thermal conductivities,9,0.8736357092857361
focused_vector,iTE:P1161:n2,concentration of electron holes,iTE:P0932:n4,reduction of charge carriers,10,0.872114896774292
focused_vector,iTE:P1388:n2,concentration of holes,iTE:P1388:n1,dissolution of protons,1,0.9790928363800049
focused_vector,iTE:P1388:n2,concentration of holes,iTE:P1755:n2,hole concentration,2,0.8620101809501648
focused_vector,iTE:P1388:n2,concentration of holes,iTE:P1869:n2,formation of electronic holes,3,0.8550123572349548
focused_vector,iTE:P1388:n2,concentration of holes,iTE:P1483:n2,"holes, one free and the other trapped",4,0.847532331943512
focused_vector,iTE:P1388:n2,concentration of holes,iTE:P1869:n1,uptake of oxygen at vacant sites,5,0.8399664759635925
focused_vector,iTE:P1388:n2,concentration of holes,iTE:P1080:n2,hole density,6,0.8340818881988525
focused_vector,iTE:P1388:n2,concentration of holes,iTE:P1161:n2,concentration of electron holes,7,0.8331366181373596
focused_vector,iTE:P1388:n2,concentration of holes,iTE:P1161:n1,thermal reduction,8,0.8303253650665283
focused_vector,iTE:P1388:n2,concentration of holes,iTE:P1483:n1,oxygen interstitials,9,0.8256760239601135
focused_vector,iTE:P1388:n2,concentration of holes,iTE:P0514:n3,content of OH- ions in pore solution,10,0.8252522349357605
focused_vector,iTE:P1509:n2,half-metallic gap,iTE:P1509:n1,d-d hybridization,1,0.954602062702179
focused_vector,iTE:P1509:n2,half-metallic gap,iTE:P0649:n2,Band gap,2,0.8628362417221069
focused_vector,iTE:P1509:n2,half-metallic gap,iTE:P1129:n1,doped materials,3,0.8546322584152222
focused_vector,iTE:P1509:n2,half-metallic gap,iTE:P1504:n1,cross-gap hybridization,4,0.8539112210273743
focused_vector,iTE:P1509:n2,half-metallic gap,iTE:P1018:n2,half-metallic character,5,0.8534859418869019
focused_vector,iTE:P1509:n2,half-metallic gap,iTE:P1006:n2,half-metallic character,6,0.8406170010566711
focused_vector,iTE:P1509:n2,half-metallic gap,iTE:P1651:n2,gap formation,7,0.8388890027999878
focused_vector,iTE:P1509:n2,half-metallic gap,iTE:P0649:n1,Sn-concentration,8,0.8386034369468689
focused_vector,iTE:P1509:n2,half-metallic gap,iTE:P1757:n2,bandgaps,9,0.837125837802887
focused_vector,iTE:P1509:n2,half-metallic gap,iTE:P1873:n2,very small band gap,10,0.8366461992263794
focused_vector,iTE:P1535:n2,increase of the carrier concentration,iTE:P1535:n1,increased doping content,1,0.9815723299980164
focused_vector,iTE:P1535:n2,increase of the carrier concentration,iTE:P1968:n2,carrier concentration,2,0.8780174255371094
focused_vector,iTE:P1535:n2,increase of the carrier concentration,iTE:P1000:n1,Changes in the carrier concentration,3,0.8763540387153625
focused_vector,iTE:P1535:n2,increase of the carrier concentration,iTE:P1716:n1,doping level,4,0.875444769859314
focused_vector,iTE:P1535:n2,increase of the carrier concentration,iTE:P0426:n2,carrier concentration,5,0.8752515316009521
focused_vector,iTE:P1535:n2,increase of the carrier concentration,iTE:P1043:n1,decrease in carrier concentration,6,0.8722238540649414
focused_vector,iTE:P1535:n2,increase of the carrier concentration,iTE:P1940:n2,charge carrier concentration,7,0.8714867830276489
focused_vector,iTE:P1535:n2,increase of the carrier concentration,iTE:P1539:n2,decrement in the carrier concentration,8,0.8692266941070557
focused_vector,iTE:P1535:n2,increase of the carrier concentration,iTE:P1492:n2,charge carrier concentration,9,0.8642792105674744
focused_vector,iTE:P1535:n2,increase of the carrier concentration,iTE:P1124:n1,higher carrier concentration,10,0.8622788190841675
focused_vector,iTE:P1646:n2,ionic bonding,iTE:P1646:n1,positive values of Cauchy pressure,1,0.9719496965408325
focused_vector,iTE:P1646:n2,ionic bonding,iTE:P1720:n2,ionic nature,2,0.8843336701393127
focused_vector,iTE:P1646:n2,ionic bonding,iTE:P1931:n1,ionic bonding,3,0.8782845139503479
focused_vector,iTE:P1646:n2,ionic bonding,iTE:P1808:n2,ionic bonding,4,0.8750434517860413
focused_vector,iTE:P1646:n2,ionic bonding,iTE:P1699:n2,ionic character,5,0.87226402759552
focused_vector,iTE:P1646:n2,ionic bonding,iTE:P1764:n2,an ionic bond,6,0.8672176599502563
focused_vector,iTE:P1646:n2,ionic bonding,iTE:P1898:n1,ionic bonding,7,0.8664557337760925
focused_vector,iTE:P1646:n2,ionic bonding,iTE:P1881:n1,strong covalent B-B interactions and partially ionic Al & horbar;B bonds,8,0.8654722571372986
focused_vector,iTE:P1646:n2,ionic bonding,iTE:P1684:n2,covalent bonding,9,0.864646315574646
focused_vector,iTE:P1646:n2,ionic bonding,iTE:P1799:n2,ionic bond,10,0.8630146980285645
focused_vector,iTE:P1743:n2,conducting properties,iTE:P1743:n1,Eu3+ insertion,1,0.9797462821006775
focused_vector,iTE:P1743:n2,conducting properties,iTE:P0636:n2,Electrical conductivity,2,0.8846653699874878
focused_vector,iTE:P1743:n2,conducting properties,iTE:P0718:n2,Electrical conductivity,3,0.8846653699874878
focused_vector,iTE:P1743:n2,conducting properties,iTE:P0636:n3,Seebeck coefficient,4,0.869249165058136
focused_vector,iTE:P1743:n2,conducting properties,iTE:P0718:n3,Seebeck coefficient,5,0.869249165058136
focused_vector,iTE:P1743:n2,conducting properties,iTE:P1246:n2,Conductivity enhancements,6,0.8673708438873291
focused_vector,iTE:P1743:n2,conducting properties,iTE:P1141:n2,electronic conductivity,7,0.8666285276412964
focused_vector,iTE:P1743:n2,conducting properties,iTE:P1625:n1,electronic and ionic conductivity,8,0.8645579218864441
focused_vector,iTE:P1743:n2,conducting properties,iTE:P1670:n2,electrical conductivity,9,0.8636630773544312
focused_vector,iTE:P1743:n2,conducting properties,iTE:P0651:n2,electrical conductivity,10,0.8629176020622253
focused_vector,iTE:P1835:n2,concentration of electrons,iTE:P1835:n1,dope M2+,1,0.9779487252235413
focused_vector,iTE:P1835:n2,concentration of electrons,iTE:P1940:n2,charge carrier concentration,2,0.8678300976753235
focused_vector,iTE:P1835:n2,concentration of electrons,iTE:P1161:n2,concentration of electron holes,3,0.8667609095573425
focused_vector,iTE:P1835:n2,concentration of electrons,iTE:P1679:n1,electrons,4,0.8645904064178467
focused_vector,iTE:P1835:n2,concentration of electrons,iTE:P1826:n1,low and high oxygen activities,5,0.8633418679237366
focused_vector,iTE:P1835:n2,concentration of electrons,iTE:P1435:n1,growing amount of oxygen vacancies,6,0.8630106449127197
focused_vector,iTE:P1835:n2,concentration of electrons,iTE:P1747:n1,P(O-2),7,0.8596732020378113
focused_vector,iTE:P1835:n2,concentration of electrons,iTE:P0927:n1,decreasing oxygen partial pressure,8,0.8575865626335144
focused_vector,iTE:P1835:n2,concentration of electrons,iTE:P1492:n2,charge carrier concentration,9,0.8555089235305786
focused_vector,iTE:P1835:n2,concentration of electrons,iTE:P0507:n1,redox concentration,10,0.8552164435386658
focused_vector,iTE:P1931:n1,ionic bonding,iTE:P1931:n2,ductility,1,0.9574525356292725
focused_vector,iTE:P1931:n1,ionic bonding,iTE:P1699:n1,Poisson ratio,2,0.9122533798217773
focused_vector,iTE:P1931:n1,ionic bonding,iTE:P1699:n2,ionic character,3,0.9011701345443726
focused_vector,iTE:P1931:n1,ionic bonding,iTE:P0535:n1,strong hydrogen-bonding network,4,0.8791884183883667
focused_vector,iTE:P1931:n1,ionic bonding,iTE:P1646:n2,ionic bonding,5,0.8782845139503479
focused_vector,iTE:P1931:n1,ionic bonding,iTE:P0670:n2,hydrogen-bonding networks,6,0.8705236911773682
focused_vector,iTE:P1931:n1,ionic bonding,iTE:P1898:n1,ionic bonding,7,0.8684512376785278
focused_vector,iTE:P1931:n1,ionic bonding,iTE:P0496:n2,partial destruction of hydrogen bonding,8,0.8610197305679321
focused_vector,iTE:P1931:n1,ionic bonding,iTE:P1713:n1,ionic as well as covalent nature of bonding,9,0.8600077629089355
focused_vector,iTE:P1931:n1,ionic bonding,iTE:P0341:n1,hydrogen bonding,10,0.8599454164505005
bm25_plus_vector_rrf,TG:P0007:n2,sensitivity,TG:P0110:n2,sensitivity,1,0.032266458495966696
bm25_plus_vector_rrf,TG:P0007:n2,sensitivity,TG:P0241:n2,higher sensitivity,2,0.03225806451612903
bm25_plus_vector_rrf,TG:P0007:n2,sensitivity,TG:P0007:n1,micropatterned and gradient structure strategy,3,0.01639344262295082
bm25_plus_vector_rrf,TG:P0007:n2,sensitivity,TG:P0110:n1,Peltier coefficient,4,0.015625
bm25_plus_vector_rrf,TG:P0007:n2,sensitivity,TG:P0032:n3,sensing performance,5,0.015384615384615385
bm25_plus_vector_rrf,TG:P0007:n2,sensitivity,TG:P0209:n1,concentration gradients,6,0.015151515151515152
bm25_plus_vector_rrf,TG:P0007:n2,sensitivity,TG:P0158:n2,crosstalk between pixels,7,0.014925373134328358
bm25_plus_vector_rrf,TG:P0007:n2,sensitivity,TG:P0158:n3,spatial resolution,8,0.014705882352941176
bm25_plus_vector_rrf,TG:P0007:n2,sensitivity,TG:P0158:n1,reduction in hydrogel thickness,9,0.014492753623188406
bm25_plus_vector_rrf,TG:P0007:n2,sensitivity,TG:P0110:n4,resolution,10,0.014285714285714285
bm25_plus_vector_rrf,TG:P0011:n3,current density,TG:P0146:n3,exchange current density,1,0.032266458495966696
bm25_plus_vector_rrf,TG:P0011:n3,current density,TG:P0043:n4,thermal current,2,0.0304147465437788
bm25_plus_vector_rrf,TG:P0011:n3,current density,TG:P0011:n1,incorporating a cationic pair into a cationic electroactive network (CN),3,0.01639344262295082
bm25_plus_vector_rrf,TG:P0011:n3,current density,TG:P0186:n4,output current density,4,0.016129032258064516
bm25_plus_vector_rrf,TG:P0011:n3,current density,TG:P0025:n4,short-circuit current density,5,0.015873015873015872
bm25_plus_vector_rrf,TG:P0011:n3,current density,TG:P0045:n3,ion concentration,6,0.015625
bm25_plus_vector_rrf,TG:P0011:n3,current density,TG:P0322:n2,increase in current density,7,0.015625
bm25_plus_vector_rrf,TG:P0011:n3,current density,TG:P0045:n4,thermoelectric performance,8,0.015384615384615385
bm25_plus_vector_rrf,TG:P0011:n3,current density,TG:P0194:n3,sustainable short-circuit-current density,9,0.015384615384615385
bm25_plus_vector_rrf,TG:P0011:n3,current density,TG:P0043:n1,KCl,10,0.015151515151515152
bm25_plus_vector_rrf,TG:P0013:n2,electrical performance,TG:P0013:n3,environmental stability,1,0.01639344262295082
bm25_plus_vector_rrf,TG:P0013:n2,electrical performance,TG:P0083:n3,performance,2,0.01639344262295082
bm25_plus_vector_rrf,TG:P0013:n2,electrical performance,TG:P0013:n1,"hydrogen bonds among phytic acid, glycerol, and water",3,0.016129032258064516
bm25_plus_vector_rrf,TG:P0013:n2,electrical performance,TG:P0141:n2,performance,4,0.016129032258064516
bm25_plus_vector_rrf,TG:P0013:n2,electrical performance,TG:P0159:n3,performance,5,0.015873015873015872
bm25_plus_vector_rrf,TG:P0013:n2,electrical performance,TG:P0208:n2,power output,6,0.015873015873015872
bm25_plus_vector_rrf,TG:P0013:n2,electrical performance,TG:P0045:n4,thermoelectric performance,7,0.015625
bm25_plus_vector_rrf,TG:P0013:n2,electrical performance,TG:P0265:n2,performance,8,0.015625
bm25_plus_vector_rrf,TG:P0013:n2,electrical performance,TG:P0041:n3,electrical power,9,0.015384615384615385
bm25_plus_vector_rrf,TG:P0013:n2,electrical performance,TG:P0055:n3,power output,10,0.015384615384615385
bm25_plus_vector_rrf,TG:P0015:n1,stretching-induced crystallization,TG:P0255:n1,thermosensitive crystallization process,1,0.02919863597612958
bm25_plus_vector_rrf,TG:P0015:n1,stretching-induced crystallization,TG:P0015:n2,thermoelectric effect,2,0.01639344262295082
bm25_plus_vector_rrf,TG:P0015:n1,stretching-induced crystallization,TG:P0059:n2,crystallization,3,0.01639344262295082
bm25_plus_vector_rrf,TG:P0015:n1,stretching-induced crystallization,TG:P0015:n4,thermopower,4,0.016129032258064516
bm25_plus_vector_rrf,TG:P0015:n1,stretching-induced crystallization,TG:P0075:n3,operates properly under stretching,5,0.016129032258064516
bm25_plus_vector_rrf,TG:P0015:n1,stretching-induced crystallization,TG:P0015:n3,tensile strength,6,0.015873015873015872
bm25_plus_vector_rrf,TG:P0015:n1,stretching-induced crystallization,TG:P0167:n2,crystallization induced by Gdm(+) with [Fe(CN)(6)](4-),7,0.015873015873015872
bm25_plus_vector_rrf,TG:P0015:n1,stretching-induced crystallization,TG:P0006:n1,thermosensitive-crystallization,8,0.015625
bm25_plus_vector_rrf,TG:P0015:n1,stretching-induced crystallization,TG:P0190:n2,ultra-stretchability,9,0.015625
bm25_plus_vector_rrf,TG:P0015:n1,stretching-induced crystallization,TG:P0027:n2,ioninduced crystallization,10,0.015384615384615385
bm25_plus_vector_rrf,TG:P0021:n3,ion concentration gradients,TG:P0209:n1,concentration gradients,1,0.030886196246139225
bm25_plus_vector_rrf,TG:P0021:n3,ion concentration gradients,TG:P0283:n2,concentration gradient of redox ion pairs,2,0.030776515151515152
bm25_plus_vector_rrf,TG:P0021:n3,ion concentration gradients,TG:P0021:n1,double-layer thermogalvanic cell (DTGC) architecture,3,0.01639344262295082
bm25_plus_vector_rrf,TG:P0021:n3,ion concentration gradients,TG:P0021:n2,spatially segregates redox pairs into two distinct gel layers,4,0.016129032258064516
bm25_plus_vector_rrf,TG:P0021:n3,ion concentration gradients,TG:P0045:n3,ion concentration,5,0.016129032258064516
bm25_plus_vector_rrf,TG:P0021:n3,ion concentration gradients,TG:P0035:n3,redox species concentration gradients near the electrodes,6,0.015873015873015872
bm25_plus_vector_rrf,TG:P0021:n3,ion concentration gradients,TG:P0172:n4,concentration gradient,7,0.015873015873015872
bm25_plus_vector_rrf,TG:P0021:n3,ion concentration gradients,TG:P0118:n1,Temperature gradients,8,0.015625
bm25_plus_vector_rrf,TG:P0021:n3,ion concentration gradients,TG:P0161:n3,ion transport and concentration equilibrium,9,0.015384615384615385
bm25_plus_vector_rrf,TG:P0021:n3,ion concentration gradients,TG:P0172:n5,redox ion transport,10,0.015384615384615385
bm25_plus_vector_rrf,TG:P0025:n4,short-circuit current density,TG:P0229:n4,short circuit current,1,0.031754032258064516
bm25_plus_vector_rrf,TG:P0025:n4,short-circuit current density,TG:P0025:n1,low FA concentrations,2,0.01639344262295082
bm25_plus_vector_rrf,TG:P0025:n4,short-circuit current density,TG:P0194:n3,sustainable short-circuit-current density,3,0.01639344262295082
bm25_plus_vector_rrf,TG:P0025:n4,short-circuit current density,TG:P0025:n3,reaction kinetics,4,0.016129032258064516
bm25_plus_vector_rrf,TG:P0025:n4,short-circuit current density,TG:P0025:n2,desolvation of redox ions,5,0.015873015873015872
bm25_plus_vector_rrf,TG:P0025:n4,short-circuit current density,TG:P0316:n2,short-circuit current,6,0.015873015873015872
bm25_plus_vector_rrf,TG:P0025:n4,short-circuit current density,TG:P0011:n3,current density,7,0.015625
bm25_plus_vector_rrf,TG:P0025:n4,short-circuit current density,TG:P0025:n6,activation energy of the redox reaction,8,0.015384615384615385
bm25_plus_vector_rrf,TG:P0025:n4,short-circuit current density,TG:P0146:n3,exchange current density,9,0.015384615384615385
bm25_plus_vector_rrf,TG:P0025:n4,short-circuit current density,TG:P0186:n4,output current density,10,0.015151515151515152
bm25_plus_vector_rrf,TG:P0027:n2,ioninduced crystallization,TG:P0039:n2,[Fe(CN)(6)](4-) ion crystallization,1,0.03036576949620428
bm25_plus_vector_rrf,TG:P0027:n2,ioninduced crystallization,TG:P0167:n2,crystallization induced by Gdm(+) with [Fe(CN)(6)](4-),2,0.029910714285714284
bm25_plus_vector_rrf,TG:P0027:n2,ioninduced crystallization,TG:P0031:n3,crystallization of [Fe(CN)6]4-,3,0.028991596638655463
bm25_plus_vector_rrf,TG:P0027:n2,ioninduced crystallization,TG:P0027:n1,guanidium chloride (GdmCl) salts,4,0.01639344262295082
bm25_plus_vector_rrf,TG:P0027:n2,ioninduced crystallization,TG:P0059:n2,crystallization,5,0.01639344262295082
bm25_plus_vector_rrf,TG:P0027:n2,ioninduced crystallization,TG:P0006:n1,thermosensitive-crystallization,6,0.016129032258064516
bm25_plus_vector_rrf,TG:P0027:n2,ioninduced crystallization,TG:P0027:n3,Seebeck coefficient,7,0.016129032258064516
bm25_plus_vector_rrf,TG:P0027:n2,ioninduced crystallization,TG:P0193:n3,ice crystallization,8,0.015873015873015872
bm25_plus_vector_rrf,TG:P0027:n2,ioninduced crystallization,TG:P0015:n1,stretching-induced crystallization,9,0.015625
bm25_plus_vector_rrf,TG:P0027:n2,ioninduced crystallization,TG:P0039:n1,guanidine ion,10,0.015384615384615385
bm25_plus_vector_rrf,TG:P0030:n4,thermovoltage,TG:P0030:n1,18-crown-6,1,0.01639344262295082
bm25_plus_vector_rrf,TG:P0030:n4,thermovoltage,TG:P0069:n4,thermovoltage signals,2,0.01639344262295082
bm25_plus_vector_rrf,TG:P0030:n4,thermovoltage,TG:P0030:n3,thermodiffusion of the cation,3,0.016129032258064516
bm25_plus_vector_rrf,TG:P0030:n4,thermovoltage,TG:P0030:n2,cationic selective complexing agent,4,0.015873015873015872
bm25_plus_vector_rrf,TG:P0030:n4,thermovoltage,TG:P0043:n2,thermodiffusion,5,0.015625
bm25_plus_vector_rrf,TG:P0030:n4,thermovoltage,TG:P0043:n1,KCl,6,0.015384615384615385
bm25_plus_vector_rrf,TG:P0030:n4,thermovoltage,TG:P0043:n3,[Fe(CN)6]3-/[Fe(CN)6]4-,7,0.015151515151515152
bm25_plus_vector_rrf,TG:P0030:n4,thermovoltage,TG:P0018:n3,solvation structure,8,0.014925373134328358
bm25_plus_vector_rrf,TG:P0030:n4,thermovoltage,TG:P0219:n4,thermocapacitance,9,0.014705882352941176
bm25_plus_vector_rrf,TG:P0030:n4,thermovoltage,TG:P0043:n4,thermal current,10,0.014492753623188406
bm25_plus_vector_rrf,TG:P0045:n3,ion concentration,TG:P0161:n3,ion transport and concentration equilibrium,1,0.031754032258064516
bm25_plus_vector_rrf,TG:P0045:n3,ion concentration,TG:P0021:n3,ion concentration gradients,2,0.01639344262295082
bm25_plus_vector_rrf,TG:P0045:n3,ion concentration,TG:P0045:n4,thermoelectric performance,3,0.01639344262295082
bm25_plus_vector_rrf,TG:P0045:n3,ion concentration,TG:P0045:n2,confined ion transportation in micro/nano channels,4,0.016129032258064516
bm25_plus_vector_rrf,TG:P0045:n3,ion concentration,TG:P0045:n1,salting out effect,5,0.015873015873015872
bm25_plus_vector_rrf,TG:P0045:n3,ion concentration,TG:P0283:n2,concentration gradient of redox ion pairs,6,0.015873015873015872
bm25_plus_vector_rrf,TG:P0045:n3,ion concentration,TG:P0018:n2,concentration gradient,7,0.015625
bm25_plus_vector_rrf,TG:P0045:n3,ion concentration,TG:P0026:n2,Fe3+ concentration,8,0.015384615384615385
bm25_plus_vector_rrf,TG:P0045:n3,ion concentration,TG:P0150:n2,ionic conductivity,9,0.015384615384615385
bm25_plus_vector_rrf,TG:P0045:n3,ion concentration,TG:P0116:n3,Concentration difference,10,0.015151515151515152
bm25_plus_vector_rrf,TG:P0051:n3,temperature difference,TG:P0134:n1,temperature difference,1,0.03128054740957967
bm25_plus_vector_rrf,TG:P0051:n3,temperature difference,TG:P0211:n2,temperature difference that determines the voltage,2,0.029211087420042643
bm25_plus_vector_rrf,TG:P0051:n3,temperature difference,TG:P0051:n1,PDMS/CuO/Cu electrodes,3,0.01639344262295082
bm25_plus_vector_rrf,TG:P0051:n3,temperature difference,TG:P0104:n3,temperature difference,4,0.01639344262295082
bm25_plus_vector_rrf,TG:P0051:n3,temperature difference,TG:P0051:n2,photothermal conversion,5,0.016129032258064516
bm25_plus_vector_rrf,TG:P0051:n3,temperature difference,TG:P0051:n4,open-circuit voltage,6,0.015873015873015872
bm25_plus_vector_rrf,TG:P0051:n3,temperature difference,TG:P0101:n4,interelectrode temperature difference,7,0.015873015873015872
bm25_plus_vector_rrf,TG:P0051:n3,temperature difference,TG:P0005:n4,self-supplying temperature difference,8,0.015625
bm25_plus_vector_rrf,TG:P0051:n3,temperature difference,TG:P0055:n2,thermal isolation of the electrodes,9,0.015625
bm25_plus_vector_rrf,TG:P0051:n3,temperature difference,TG:P0088:n4,temperature difference across the cell,10,0.015384615384615385
bm25_plus_vector_rrf,TG:P0067:n3,thermal conductivity,TG:P0076:n1,low thermal conductivity,1,0.03125763125763126
bm25_plus_vector_rrf,TG:P0067:n3,thermal conductivity,TG:P0042:n3,low thermal conductivity,2,0.031054405392392875
bm25_plus_vector_rrf,TG:P0067:n3,thermal conductivity,TG:P0067:n2,thermal barrier,3,0.01639344262295082
bm25_plus_vector_rrf,TG:P0067:n3,thermal conductivity,TG:P0229:n2,thermal conductivity,4,0.01639344262295082
bm25_plus_vector_rrf,TG:P0067:n3,thermal conductivity,TG:P0067:n4,Seebeck coefficient,5,0.016129032258064516
bm25_plus_vector_rrf,TG:P0067:n3,thermal conductivity,TG:P0067:n1,polyvinylidene fluoride diaphragm,6,0.015873015873015872
bm25_plus_vector_rrf,TG:P0067:n3,thermal conductivity,TG:P0055:n2,thermal isolation of the electrodes,7,0.015625
bm25_plus_vector_rrf,TG:P0067:n3,thermal conductivity,TG:P0086:n5,effective thermal conductivity,8,0.015625
bm25_plus_vector_rrf,TG:P0067:n3,thermal conductivity,TG:P0014:n4,ionic conductivity,9,0.015384615384615385
bm25_plus_vector_rrf,TG:P0067:n3,thermal conductivity,TG:P0045:n4,thermoelectric performance,10,0.015151515151515152
bm25_plus_vector_rrf,TG:P0069:n4,thermovoltage signals,TG:P0030:n4,thermovoltage,1,0.01639344262295082
bm25_plus_vector_rrf,TG:P0069:n4,thermovoltage signals,TG:P0069:n3,heat,2,0.01639344262295082
bm25_plus_vector_rrf,TG:P0069:n4,thermovoltage signals,TG:P0012:n3,transduction of dynamic gestures into detectable electrical signals,3,0.016129032258064516
bm25_plus_vector_rrf,TG:P0069:n4,thermovoltage signals,TG:P0069:n1,upper photothermal layer,4,0.016129032258064516
bm25_plus_vector_rrf,TG:P0069:n4,thermovoltage signals,TG:P0069:n2,absorb light,5,0.015873015873015872
bm25_plus_vector_rrf,TG:P0069:n4,thermovoltage signals,TG:P0136:n2,photothermal conversion,6,0.015625
bm25_plus_vector_rrf,TG:P0069:n4,thermovoltage signals,TG:P0136:n3,temperature gradient,7,0.015384615384615385
bm25_plus_vector_rrf,TG:P0069:n4,thermovoltage signals,TG:P0136:n1,placing thermoelectric hydrogels on top of a photothermal hydrogel,8,0.015151515151515152
bm25_plus_vector_rrf,TG:P0069:n4,thermovoltage signals,TG:P0087:n1,photothermal-thermoelectric coupling,9,0.014925373134328358
bm25_plus_vector_rrf,TG:P0069:n4,thermovoltage signals,TG:P0202:n1,photothermal membranes,10,0.014705882352941176
bm25_plus_vector_rrf,TG:P0077:n2,power density,TG:P0189:n4,power density,1,0.032018442622950824
bm25_plus_vector_rrf,TG:P0077:n2,power density,TG:P0199:n3,output power density,2,0.03149801587301587
bm25_plus_vector_rrf,TG:P0077:n2,power density,TG:P0187:n2,power output density,3,0.03125763125763126
bm25_plus_vector_rrf,TG:P0077:n2,power density,TG:P0317:n2,maximum power density of 1461 mW/m(2),4,0.030621785881252923
bm25_plus_vector_rrf,TG:P0077:n2,power density,TG:P0286:n3,maximum power density,5,0.030309988518943745
bm25_plus_vector_rrf,TG:P0077:n2,power density,TG:P0296:n2,maximum power output density,6,0.029211087420042643
bm25_plus_vector_rrf,TG:P0077:n2,power density,TG:P0077:n1,enhancing (suppressing) heat transfer between the hot (cold) side and ambient air,7,0.01639344262295082
bm25_plus_vector_rrf,TG:P0077:n2,power density,TG:P0011:n4,power density output,8,0.016129032258064516
bm25_plus_vector_rrf,TG:P0077:n2,power density,TG:P0181:n2,heat losses,9,0.015151515151515152
bm25_plus_vector_rrf,TG:P0077:n2,power density,TG:P0205:n3,efficiency and power density,10,0.015151515151515152
bm25_plus_vector_rrf,TG:P0081:n1,temperature gradient,TG:P0081:n5,thermopower,1,0.01639344262295082
bm25_plus_vector_rrf,TG:P0081:n1,temperature gradient,TG:P0136:n3,temperature gradient,2,0.01639344262295082
bm25_plus_vector_rrf,TG:P0081:n1,temperature gradient,TG:P0081:n3,chemical heterogeneity,3,0.016129032258064516
bm25_plus_vector_rrf,TG:P0081:n1,temperature gradient,TG:P0233:n3,temperature gradient,4,0.016129032258064516
bm25_plus_vector_rrf,TG:P0081:n1,temperature gradient,TG:P0081:n2,localized oxidation of a nickel-bipyridine complex at the hot electrode only,5,0.015873015873015872
bm25_plus_vector_rrf,TG:P0081:n1,temperature gradient,TG:P0295:n1,temperature gradient,6,0.015873015873015872
bm25_plus_vector_rrf,TG:P0081:n1,temperature gradient,TG:P0198:n2,salinity and temperature gradient,7,0.015625
bm25_plus_vector_rrf,TG:P0081:n1,temperature gradient,TG:P0283:n2,concentration gradient of redox ion pairs,8,0.015625
bm25_plus_vector_rrf,TG:P0081:n1,temperature gradient,TG:P0018:n2,concentration gradient,9,0.015384615384615385
bm25_plus_vector_rrf,TG:P0081:n1,temperature gradient,TG:P0035:n3,redox species concentration gradients near the electrodes,10,0.015384615384615385
bm25_plus_vector_rrf,TG:P0082:n2,interfacial resistance gating,TG:P0169:n4,interface charge transfer resistance,1,0.03036576949620428
bm25_plus_vector_rrf,TG:P0082:n2,interfacial resistance gating,TG:P0082:n4,thermoelectric current,2,0.01639344262295082
bm25_plus_vector_rrf,TG:P0082:n2,interfacial resistance gating,TG:P0279:n2,interfacial resistance,3,0.01639344262295082
bm25_plus_vector_rrf,TG:P0082:n2,interfacial resistance gating,TG:P0082:n1,deformation,4,0.016129032258064516
bm25_plus_vector_rrf,TG:P0082:n2,interfacial resistance gating,TG:P0198:n1,interfacial evaporation,5,0.016129032258064516
bm25_plus_vector_rrf,TG:P0082:n2,interfacial resistance gating,TG:P0083:n2,interfacial charge transfer,6,0.015873015873015872
bm25_plus_vector_rrf,TG:P0082:n2,interfacial resistance gating,TG:P0012:n1,thermoelectricity,7,0.015625
bm25_plus_vector_rrf,TG:P0082:n2,interfacial resistance gating,TG:P0095:n3,ohmic resistance,8,0.015625
bm25_plus_vector_rrf,TG:P0082:n2,interfacial resistance gating,TG:P0107:n2,electron transfer resistance,9,0.015384615384615385
bm25_plus_vector_rrf,TG:P0082:n2,interfacial resistance gating,TG:P0272:n1,improved contact and connection between tellurium thermoelectric nanowires,10,0.015384615384615385
bm25_plus_vector_rrf,TG:P0086:n3,mass transport,TG:P0127:n5,Mass transport,1,0.03177805800756621
bm25_plus_vector_rrf,TG:P0086:n3,mass transport,TG:P0086:n2,heat transfer,2,0.01639344262295082
bm25_plus_vector_rrf,TG:P0086:n3,mass transport,TG:P0086:n1,natural convection,3,0.016129032258064516
bm25_plus_vector_rrf,TG:P0086:n3,mass transport,TG:P0128:n2,mass-transport limitations,4,0.016129032258064516
bm25_plus_vector_rrf,TG:P0086:n3,mass transport,TG:P0086:n4,Delta T,5,0.015873015873015872
bm25_plus_vector_rrf,TG:P0086:n3,mass transport,TG:P0154:n2,mass and charge transport at the electrolyte-electrode interface,6,0.015873015873015872
bm25_plus_vector_rrf,TG:P0086:n3,mass transport,TG:P0086:n5,effective thermal conductivity,7,0.015625
bm25_plus_vector_rrf,TG:P0086:n3,mass transport,TG:P0252:n2,mass transfer resistance,8,0.015625
bm25_plus_vector_rrf,TG:P0086:n3,mass transport,TG:P0253:n5,convective mass transfer,9,0.015384615384615385
bm25_plus_vector_rrf,TG:P0086:n3,mass transport,TG:P0189:n2,natural convection,10,0.015151515151515152
bm25_plus_vector_rrf,TG:P0088:n4,temperature difference across the cell,TG:P0134:n1,temperature difference,1,0.03055037313432836
bm25_plus_vector_rrf,TG:P0088:n4,temperature difference across the cell,TG:P0051:n3,temperature difference,2,0.0304147465437788
bm25_plus_vector_rrf,TG:P0088:n4,temperature difference across the cell,TG:P0211:n1,internal resistances of the cell,3,0.030330882352941176
bm25_plus_vector_rrf,TG:P0088:n4,temperature difference across the cell,TG:P0211:n2,temperature difference that determines the voltage,4,0.030303030303030304
bm25_plus_vector_rrf,TG:P0088:n4,temperature difference across the cell,TG:P0088:n1,Split P,5,0.01639344262295082
bm25_plus_vector_rrf,TG:P0088:n4,temperature difference across the cell,TG:P0221:n2,temperature difference across the droplet,6,0.01639344262295082
bm25_plus_vector_rrf,TG:P0088:n4,temperature difference across the cell,TG:P0088:n3,thermal resistances,7,0.016129032258064516
bm25_plus_vector_rrf,TG:P0088:n4,temperature difference across the cell,TG:P0088:n2,surface area/volume ratio,8,0.015873015873015872
bm25_plus_vector_rrf,TG:P0088:n4,temperature difference across the cell,TG:P0104:n3,temperature difference,9,0.015873015873015872
bm25_plus_vector_rrf,TG:P0088:n4,temperature difference across the cell,TG:P0101:n4,interelectrode temperature difference,10,0.015384615384615385
bm25_plus_vector_rrf,TG:P0108:n3,ion diffusion coefficients,TG:P0288:n2,higher diffusion coefficients,1,0.03252247488101534
bm25_plus_vector_rrf,TG:P0108:n3,ion diffusion coefficients,TG:P0224:n2,diffusion coefficient,2,0.03055037313432836
bm25_plus_vector_rrf,TG:P0108:n3,ion diffusion coefficients,TG:P0247:n2,thermal diffusion,3,0.03036576949620428
bm25_plus_vector_rrf,TG:P0108:n3,ion diffusion coefficients,TG:P0232:n1,thermal diffusion,4,0.029857397504456328
bm25_plus_vector_rrf,TG:P0108:n3,ion diffusion coefficients,TG:P0108:n2,kinetic rate constants,5,0.01639344262295082
bm25_plus_vector_rrf,TG:P0108:n3,ion diffusion coefficients,TG:P0046:n6,ion diffusion,6,0.016129032258064516
bm25_plus_vector_rrf,TG:P0108:n3,ion diffusion coefficients,TG:P0053:n2,ion diffusion,7,0.015873015873015872
bm25_plus_vector_rrf,TG:P0108:n3,ion diffusion coefficients,TG:P0226:n3,Seebeck coefficients,8,0.015625
bm25_plus_vector_rrf,TG:P0108:n3,ion diffusion coefficients,TG:P0247:n3,Seebeck coefficient,9,0.015384615384615385
bm25_plus_vector_rrf,TG:P0108:n3,ion diffusion coefficients,TG:P0272:n2,Seebeck coefficients,10,0.015384615384615385
bm25_plus_vector_rrf,TG:P0110:n2,sensitivity,TG:P0241:n2,higher sensitivity,1,0.03225806451612903
bm25_plus_vector_rrf,TG:P0110:n2,sensitivity,TG:P0007:n2,sensitivity,2,0.01639344262295082
bm25_plus_vector_rrf,TG:P0110:n2,sensitivity,TG:P0110:n1,Peltier coefficient,3,0.01639344262295082
bm25_plus_vector_rrf,TG:P0110:n2,sensitivity,TG:P0035:n1,MC,4,0.015873015873015872
bm25_plus_vector_rrf,TG:P0110:n2,sensitivity,TG:P0212:n3,Peltier heats,5,0.015625
bm25_plus_vector_rrf,TG:P0110:n2,sensitivity,TG:P0035:n3,redox species concentration gradients near the electrodes,6,0.015384615384615385
bm25_plus_vector_rrf,TG:P0110:n2,sensitivity,TG:P0128:n1,ohmic resistances,7,0.015151515151515152
bm25_plus_vector_rrf,TG:P0110:n2,sensitivity,TG:P0292:n2,electrical potential difference between the electrodes,8,0.014925373134328358
bm25_plus_vector_rrf,TG:P0110:n2,sensitivity,TG:P0283:n2,concentration gradient of redox ion pairs,9,0.014705882352941176
bm25_plus_vector_rrf,TG:P0110:n2,sensitivity,TG:P0035:n4,thermoelectric voltage,10,0.014492753623188406
bm25_plus_vector_rrf,TG:P0124:n2,corrosion rates,TG:P0230:n2,galvanic corrosion rates of copper,1,0.03278688524590164
bm25_plus_vector_rrf,TG:P0124:n2,corrosion rates,TG:P0124:n1,Thermogalvanic corrosion,2,0.03128054740957967
bm25_plus_vector_rrf,TG:P0124:n2,corrosion rates,TG:P0326:n2,corrosion,3,0.031054405392392875
bm25_plus_vector_rrf,TG:P0124:n2,corrosion rates,TG:P0242:n1,thermogalvanic and heat-transfer corrosion,4,0.030117753623188408
bm25_plus_vector_rrf,TG:P0124:n2,corrosion rates,TG:P0151:n2,thermogalvanic corrosion of iron,5,0.029857397504456328
bm25_plus_vector_rrf,TG:P0124:n2,corrosion rates,TG:P0049:n3,thermogalvanic corrosion of the copper electrode,6,0.02967032967032967
bm25_plus_vector_rrf,TG:P0124:n2,corrosion rates,TG:P0230:n1,Temperature and Reynolds number,7,0.015873015873015872
bm25_plus_vector_rrf,TG:P0124:n2,corrosion rates,TG:P0327:n2,corrosion,8,0.015873015873015872
bm25_plus_vector_rrf,TG:P0124:n2,corrosion rates,TG:P0053:n3,crystallization nucleation rates,9,0.015625
bm25_plus_vector_rrf,TG:P0124:n2,corrosion rates,TG:P0219:n3,charging-discharging rates,10,0.015384615384615385
bm25_plus_vector_rrf,TG:P0136:n3,temperature gradient,TG:P0081:n1,temperature gradient,1,0.030679156908665108
bm25_plus_vector_rrf,TG:P0136:n3,temperature gradient,TG:P0136:n2,photothermal conversion,2,0.01639344262295082
bm25_plus_vector_rrf,TG:P0136:n3,temperature gradient,TG:P0136:n1,placing thermoelectric hydrogels on top of a photothermal hydrogel,3,0.016129032258064516
bm25_plus_vector_rrf,TG:P0136:n3,temperature gradient,TG:P0233:n3,temperature gradient,4,0.016129032258064516
bm25_plus_vector_rrf,TG:P0136:n3,temperature gradient,TG:P0069:n3,heat,5,0.015873015873015872
bm25_plus_vector_rrf,TG:P0136:n3,temperature gradient,TG:P0295:n1,temperature gradient,6,0.015873015873015872
bm25_plus_vector_rrf,TG:P0136:n3,temperature gradient,TG:P0191:n2,photothermal layer,7,0.015625
bm25_plus_vector_rrf,TG:P0136:n3,temperature gradient,TG:P0198:n2,salinity and temperature gradient,8,0.015625
bm25_plus_vector_rrf,TG:P0136:n3,temperature gradient,TG:P0018:n2,concentration gradient,9,0.015384615384615385
bm25_plus_vector_rrf,TG:P0136:n3,temperature gradient,TG:P0069:n1,upper photothermal layer,10,0.015384615384615385
bm25_plus_vector_rrf,TG:P0137:n3,thermodiffusion effect,TG:P0014:n3,thermodiffusion,1,0.030798389007344232
bm25_plus_vector_rrf,TG:P0137:n3,thermodiffusion effect,TG:P0043:n2,thermodiffusion,2,0.030330882352941176
bm25_plus_vector_rrf,TG:P0137:n3,thermodiffusion effect,TG:P0268:n4,anion thermodiffusion,3,0.02877846790890269
bm25_plus_vector_rrf,TG:P0137:n3,thermodiffusion effect,TG:P0137:n1,Grafting guanidinium salt ions,4,0.01639344262295082
bm25_plus_vector_rrf,TG:P0137:n3,thermodiffusion effect,TG:P0201:n1,thermodiffusion (Soret) effect,5,0.01639344262295082
bm25_plus_vector_rrf,TG:P0137:n3,thermodiffusion effect,TG:P0137:n2,selective separation of positive and negative ions,6,0.016129032258064516
bm25_plus_vector_rrf,TG:P0137:n3,thermodiffusion effect,TG:P0210:n1,thermodiffusion effect of electrolyte,7,0.016129032258064516
bm25_plus_vector_rrf,TG:P0137:n3,thermodiffusion effect,TG:P0137:n5,selective complexation/desorption of Fe3+ at cold and hot ends,8,0.015873015873015872
bm25_plus_vector_rrf,TG:P0137:n3,thermodiffusion effect,TG:P0137:n6,concentration and entropy difference of redox pairs,9,0.015625
bm25_plus_vector_rrf,TG:P0137:n3,thermodiffusion effect,TG:P0137:n4,introduction of melamine,10,0.015384615384615385
bm25_plus_vector_rrf,TG:P0145:n1,thermodiffusion,TG:P0043:n2,thermodiffusion,1,0.031754032258064516
bm25_plus_vector_rrf,TG:P0145:n1,thermodiffusion,TG:P0080:n1,ion thermodiffusion (Bmim+/H2PO4- ),2,0.02964426877470356
bm25_plus_vector_rrf,TG:P0145:n1,thermodiffusion,TG:P0014:n3,thermodiffusion,3,0.01639344262295082
bm25_plus_vector_rrf,TG:P0145:n1,thermodiffusion,TG:P0145:n3,thermopower,4,0.01639344262295082
bm25_plus_vector_rrf,TG:P0145:n1,thermodiffusion,TG:P0145:n2,thermogalvanic effects,5,0.016129032258064516
bm25_plus_vector_rrf,TG:P0145:n1,thermodiffusion,TG:P0137:n3,thermodiffusion effect,6,0.015873015873015872
bm25_plus_vector_rrf,TG:P0145:n1,thermodiffusion,TG:P0165:n4,thermopower,7,0.015873015873015872
bm25_plus_vector_rrf,TG:P0145:n1,thermodiffusion,TG:P0144:n3,thermodiffusion contribution,8,0.015625
bm25_plus_vector_rrf,TG:P0145:n1,thermodiffusion,TG:P0015:n4,thermopower,9,0.015384615384615385
bm25_plus_vector_rrf,TG:P0145:n1,thermodiffusion,TG:P0224:n1,thermodiffusion term,10,0.015384615384615385
bm25_plus_vector_rrf,TG:P0146:n4,ionic conductivity,TG:P0014:n4,ionic conductivity,1,0.03177805800756621
bm25_plus_vector_rrf,TG:P0146:n4,ionic conductivity,TG:P0150:n2,ionic conductivity,2,0.03128054740957967
bm25_plus_vector_rrf,TG:P0146:n4,ionic conductivity,TG:P0285:n4,ionic conductivity,3,0.030158730158730156
bm25_plus_vector_rrf,TG:P0146:n4,ionic conductivity,TG:P0146:n5,ionic thermoelectric performance,4,0.01639344262295082
bm25_plus_vector_rrf,TG:P0146:n4,ionic conductivity,TG:P0146:n3,exchange current density,5,0.016129032258064516
bm25_plus_vector_rrf,TG:P0146:n4,ionic conductivity,TG:P0146:n1,interaction between multications and anions,6,0.015873015873015872
bm25_plus_vector_rrf,TG:P0146:n4,ionic conductivity,TG:P0146:n2,entropy change of redox reaction,7,0.015625
bm25_plus_vector_rrf,TG:P0146:n4,ionic conductivity,TG:P0288:n1,superior ionic conductivity,8,0.015625
bm25_plus_vector_rrf,TG:P0146:n4,ionic conductivity,TG:P0297:n2,ionic electrical conductivity,9,0.015384615384615385
bm25_plus_vector_rrf,TG:P0146:n4,ionic conductivity,TG:P0096:n3,decoupling of thermopower and ionic conductivity,10,0.015151515151515152
bm25_plus_vector_rrf,TG:P0150:n2,ionic conductivity,TG:P0146:n4,ionic conductivity,1,0.0315136476426799
bm25_plus_vector_rrf,TG:P0150:n2,ionic conductivity,TG:P0285:n4,ionic conductivity,2,0.03036576949620428
bm25_plus_vector_rrf,TG:P0150:n2,ionic conductivity,TG:P0288:n1,superior ionic conductivity,3,0.029910714285714284
bm25_plus_vector_rrf,TG:P0150:n2,ionic conductivity,TG:P0014:n4,ionic conductivity,4,0.01639344262295082
bm25_plus_vector_rrf,TG:P0150:n2,ionic conductivity,TG:P0150:n1,fractal microstructure of the hydrogel,5,0.01639344262295082
bm25_plus_vector_rrf,TG:P0150:n2,ionic conductivity,TG:P0045:n3,ion concentration,6,0.016129032258064516
bm25_plus_vector_rrf,TG:P0150:n2,ionic conductivity,TG:P0045:n4,thermoelectric performance,7,0.015873015873015872
bm25_plus_vector_rrf,TG:P0150:n2,ionic conductivity,TG:P0045:n2,confined ion transportation in micro/nano channels,8,0.015625
bm25_plus_vector_rrf,TG:P0150:n2,ionic conductivity,TG:P0297:n2,ionic electrical conductivity,9,0.015384615384615385
bm25_plus_vector_rrf,TG:P0150:n2,ionic conductivity,TG:P0045:n1,salting out effect,10,0.015151515151515152
bm25_plus_vector_rrf,TG:P0186:n4,output current density,TG:P0011:n3,current density,1,0.032018442622950824
bm25_plus_vector_rrf,TG:P0186:n4,output current density,TG:P0199:n3,output power density,2,0.0315136476426799
bm25_plus_vector_rrf,TG:P0186:n4,output current density,TG:P0187:n2,power output density,3,0.03149801587301587
bm25_plus_vector_rrf,TG:P0186:n4,output current density,TG:P0186:n3,effective surface area,4,0.01639344262295082
bm25_plus_vector_rrf,TG:P0186:n4,output current density,TG:P0146:n3,exchange current density,5,0.016129032258064516
bm25_plus_vector_rrf,TG:P0186:n4,output current density,TG:P0011:n4,power density output,6,0.015873015873015872
bm25_plus_vector_rrf,TG:P0186:n4,output current density,TG:P0189:n4,power density,7,0.015384615384615385
bm25_plus_vector_rrf,TG:P0186:n4,output current density,TG:P0267:n3,continuous current output,8,0.015151515151515152
bm25_plus_vector_rrf,TG:P0186:n4,output current density,TG:P0289:n3,current generation capacity and overall efficiency,9,0.015151515151515152
bm25_plus_vector_rrf,TG:P0186:n4,output current density,TG:P0025:n4,short-circuit current density,10,0.014925373134328358
bm25_plus_vector_rrf,TG:P0189:n4,power density,TG:P0077:n2,power density,1,0.03177805800756621
bm25_plus_vector_rrf,TG:P0189:n4,power density,TG:P0187:n2,power output density,2,0.03149801587301587
bm25_plus_vector_rrf,TG:P0189:n4,power density,TG:P0199:n3,output power density,3,0.03149801587301587
bm25_plus_vector_rrf,TG:P0189:n4,power density,TG:P0189:n2,natural convection,4,0.01639344262295082
bm25_plus_vector_rrf,TG:P0189:n4,power density,TG:P0011:n4,power density output,5,0.016129032258064516
bm25_plus_vector_rrf,TG:P0189:n4,power density,TG:P0189:n3,ion transport flux and overpotentials,6,0.016129032258064516
bm25_plus_vector_rrf,TG:P0189:n4,power density,TG:P0286:n3,maximum power density,7,0.015384615384615385
bm25_plus_vector_rrf,TG:P0189:n4,power density,TG:P0205:n3,efficiency and power density,8,0.015151515151515152
bm25_plus_vector_rrf,TG:P0189:n4,power density,TG:P0217:n2,current and potential,9,0.015151515151515152
bm25_plus_vector_rrf,TG:P0189:n4,power density,TG:P0217:n1,thermocells electrically parallel and/or in series,10,0.014925373134328358
bm25_plus_vector_rrf,TG:P0206:n2,mechanical performance,TG:P0185:n3,mechanical performance and output power density,1,0.03252247488101534
bm25_plus_vector_rrf,TG:P0206:n2,mechanical performance,TG:P0265:n2,performance,2,0.03125763125763126
bm25_plus_vector_rrf,TG:P0206:n2,mechanical performance,TG:P0006:n5,mechanical strength,3,0.030303030303030304
bm25_plus_vector_rrf,TG:P0206:n2,mechanical performance,TG:P0206:n4,Seebeck coefficient,4,0.01639344262295082
bm25_plus_vector_rrf,TG:P0206:n2,mechanical performance,TG:P0083:n3,performance,5,0.016129032258064516
bm25_plus_vector_rrf,TG:P0206:n2,mechanical performance,TG:P0141:n2,performance,6,0.015873015873015872
bm25_plus_vector_rrf,TG:P0206:n2,mechanical performance,TG:P0159:n3,performance,7,0.015625
bm25_plus_vector_rrf,TG:P0206:n2,mechanical performance,TG:P0206:n3,water retention,8,0.015625
bm25_plus_vector_rrf,TG:P0206:n2,mechanical performance,TG:P0255:n3,thermopower,9,0.015384615384615385
bm25_plus_vector_rrf,TG:P0206:n2,mechanical performance,TG:P0023:n3,mechanical properties,10,0.014925373134328358
bm25_plus_vector_rrf,TG:P0224:n2,diffusion coefficient,TG:P0108:n3,ion diffusion coefficients,1,0.031009615384615385
bm25_plus_vector_rrf,TG:P0224:n2,diffusion coefficient,TG:P0247:n2,thermal diffusion,2,0.030776515151515152
bm25_plus_vector_rrf,TG:P0224:n2,diffusion coefficient,TG:P0232:n1,thermal diffusion,3,0.030158730158730156
bm25_plus_vector_rrf,TG:P0224:n2,diffusion coefficient,TG:P0288:n2,higher diffusion coefficients,4,0.030090497737556562
bm25_plus_vector_rrf,TG:P0224:n2,diffusion coefficient,TG:P0046:n6,ion diffusion,5,0.01639344262295082
bm25_plus_vector_rrf,TG:P0224:n2,diffusion coefficient,TG:P0224:n3,Eastman entropy of transfer,6,0.01639344262295082
bm25_plus_vector_rrf,TG:P0224:n2,diffusion coefficient,TG:P0053:n2,ion diffusion,7,0.016129032258064516
bm25_plus_vector_rrf,TG:P0224:n2,diffusion coefficient,TG:P0224:n5,particle concentration and the applied magnetic field strength and direction,8,0.016129032258064516
bm25_plus_vector_rrf,TG:P0224:n2,diffusion coefficient,TG:P0224:n4,electrophoretic charge number of colloidal particles,9,0.015873015873015872
bm25_plus_vector_rrf,TG:P0224:n2,diffusion coefficient,TG:P0129:n1,diffusion-migration transport,10,0.015151515151515152
bm25_plus_vector_rrf,TG:P0232:n1,thermal diffusion,TG:P0134:n3,thermal diffusion potential (TDP),1,0.03200204813108039
bm25_plus_vector_rrf,TG:P0232:n1,thermal diffusion,TG:P0247:n2,thermal diffusion,2,0.03177805800756621
bm25_plus_vector_rrf,TG:P0232:n1,thermal diffusion,TG:P0232:n3,heat generation at an interface,3,0.01639344262295082
bm25_plus_vector_rrf,TG:P0232:n1,thermal diffusion,TG:P0232:n2,Dufour energy flux density,4,0.016129032258064516
bm25_plus_vector_rrf,TG:P0232:n1,thermal diffusion,TG:P0046:n6,ion diffusion,5,0.015873015873015872
bm25_plus_vector_rrf,TG:P0232:n1,thermal diffusion,TG:P0053:n2,ion diffusion,6,0.015625
bm25_plus_vector_rrf,TG:P0232:n1,thermal diffusion,TG:P0133:n2,electrical power,7,0.015625
bm25_plus_vector_rrf,TG:P0232:n1,thermal diffusion,TG:P0224:n2,diffusion coefficient,8,0.015384615384615385
bm25_plus_vector_rrf,TG:P0232:n1,thermal diffusion,TG:P0043:n4,thermal current,9,0.015151515151515152
bm25_plus_vector_rrf,TG:P0232:n1,thermal diffusion,TG:P0133:n1,charge and mass transfer overvoltages,10,0.015151515151515152
bm25_plus_vector_rrf,TG:P0247:n2,thermal diffusion,TG:P0232:n1,thermal diffusion,1,0.03177805800756621
bm25_plus_vector_rrf,TG:P0247:n2,thermal diffusion,TG:P0053:n2,ion diffusion,2,0.03125
bm25_plus_vector_rrf,TG:P0247:n2,thermal diffusion,TG:P0134:n3,thermal diffusion potential (TDP),3,0.031054405392392875
bm25_plus_vector_rrf,TG:P0247:n2,thermal diffusion,TG:P0247:n1,ionic interactions,4,0.01639344262295082
bm25_plus_vector_rrf,TG:P0247:n2,thermal diffusion,TG:P0247:n3,Seebeck coefficient,5,0.016129032258064516
bm25_plus_vector_rrf,TG:P0247:n2,thermal diffusion,TG:P0046:n6,ion diffusion,6,0.015873015873015872
bm25_plus_vector_rrf,TG:P0247:n2,thermal diffusion,TG:P0288:n2,higher diffusion coefficients,7,0.015873015873015872
bm25_plus_vector_rrf,TG:P0247:n2,thermal diffusion,TG:P0224:n2,diffusion coefficient,8,0.015384615384615385
bm25_plus_vector_rrf,TG:P0247:n2,thermal diffusion,TG:P0043:n4,thermal current,9,0.015151515151515152
bm25_plus_vector_rrf,TG:P0247:n2,thermal diffusion,TG:P0104:n2,apparent Seebeck coefficients,10,0.015151515151515152
bm25_plus_vector_rrf,TG:P0261:n5,ion transport,TG:P0006:n3,ion-transport highway,1,0.03177805800756621
bm25_plus_vector_rrf,TG:P0261:n5,ion transport,TG:P0249:n3,ion transport can be unipolar,2,0.029631255487269532
bm25_plus_vector_rrf,TG:P0261:n5,ion transport,TG:P0261:n2,viscoelasticity of the precursor,3,0.01639344262295082
bm25_plus_vector_rrf,TG:P0261:n5,ion transport,TG:P0172:n5,redox ion transport,4,0.016129032258064516
bm25_plus_vector_rrf,TG:P0261:n5,ion transport,TG:P0261:n4,mechanical robustness,5,0.016129032258064516
bm25_plus_vector_rrf,TG:P0261:n5,ion transport,TG:P0198:n3,synergistic ion transport effect,6,0.015873015873015872
bm25_plus_vector_rrf,TG:P0261:n5,ion transport,TG:P0261:n3,double-network porous structure,7,0.015873015873015872
bm25_plus_vector_rrf,TG:P0261:n5,ion transport,TG:P0199:n1,aligned ion transport pathways,8,0.015625
bm25_plus_vector_rrf,TG:P0261:n5,ion transport,TG:P0261:n1,kappa-carrageenan,9,0.015625
bm25_plus_vector_rrf,TG:P0261:n5,ion transport,TG:P0161:n3,ion transport and concentration equilibrium,10,0.015384615384615385
bm25_plus_vector_rrf,TG:P0279:n2,interfacial resistance,TG:P0139:n8,resistance of thermocells,1,0.03128054740957967
bm25_plus_vector_rrf,TG:P0279:n2,interfacial resistance,TG:P0169:n4,interface charge transfer resistance,2,0.028985507246376812
bm25_plus_vector_rrf,TG:P0279:n2,interfacial resistance,TG:P0082:n2,interfacial resistance gating,3,0.01639344262295082
bm25_plus_vector_rrf,TG:P0279:n2,interfacial resistance,TG:P0279:n1,surface was modified to be hydrophilic,4,0.01639344262295082
bm25_plus_vector_rrf,TG:P0279:n2,interfacial resistance,TG:P0198:n1,interfacial evaporation,5,0.016129032258064516
bm25_plus_vector_rrf,TG:P0279:n2,interfacial resistance,TG:P0083:n2,interfacial charge transfer,6,0.015873015873015872
bm25_plus_vector_rrf,TG:P0279:n2,interfacial resistance,TG:P0139:n7,hydrogen bonding with hydrogel surfaces,7,0.015873015873015872
bm25_plus_vector_rrf,TG:P0279:n2,interfacial resistance,TG:P0067:n2,thermal barrier,8,0.015625
bm25_plus_vector_rrf,TG:P0279:n2,interfacial resistance,TG:P0095:n3,ohmic resistance,9,0.015625
bm25_plus_vector_rrf,TG:P0279:n2,interfacial resistance,TG:P0067:n3,thermal conductivity,10,0.015384615384615385
bm25_plus_vector_rrf,TG:P0297:n2,ionic electrical conductivity,TG:P0285:n4,ionic conductivity,1,0.03125763125763126
bm25_plus_vector_rrf,TG:P0297:n2,ionic electrical conductivity,TG:P0288:n1,superior ionic conductivity,2,0.030776515151515152
bm25_plus_vector_rrf,TG:P0297:n2,ionic electrical conductivity,TG:P0146:n4,ionic conductivity,3,0.03057889822595705
bm25_plus_vector_rrf,TG:P0297:n2,ionic electrical conductivity,TG:P0165:n3,high conductivity,4,0.028985507246376812
bm25_plus_vector_rrf,TG:P0297:n2,ionic electrical conductivity,TG:P0207:n2,electrical conductivity,5,0.01639344262295082
bm25_plus_vector_rrf,TG:P0297:n2,ionic electrical conductivity,TG:P0297:n3,ionic thermopower,6,0.01639344262295082
bm25_plus_vector_rrf,TG:P0297:n2,ionic electrical conductivity,TG:P0014:n4,ionic conductivity,7,0.016129032258064516
bm25_plus_vector_rrf,TG:P0297:n2,ionic electrical conductivity,TG:P0297:n1,RH is raised,8,0.016129032258064516
bm25_plus_vector_rrf,TG:P0297:n2,ionic electrical conductivity,TG:P0150:n2,ionic conductivity,9,0.015625
bm25_plus_vector_rrf,TG:P0297:n2,ionic electrical conductivity,TG:P0285:n3,S-e,10,0.015384615384615385
bm25_plus_vector_rrf,TG:P0316:n2,short-circuit current,TG:P0229:n4,short circuit current,1,0.03252247488101534
bm25_plus_vector_rrf,TG:P0316:n2,short-circuit current,TG:P0094:n5,current,2,0.03076923076923077
bm25_plus_vector_rrf,TG:P0316:n2,short-circuit current,TG:P0316:n1,accumulation of potassium ions at doped CNT electrodes,3,0.01639344262295082
bm25_plus_vector_rrf,TG:P0316:n2,short-circuit current,TG:P0025:n4,short-circuit current density,4,0.016129032258064516
bm25_plus_vector_rrf,TG:P0316:n2,short-circuit current,TG:P0194:n3,sustainable short-circuit-current density,5,0.015873015873015872
bm25_plus_vector_rrf,TG:P0316:n2,short-circuit current,TG:P0267:n1,copper electrodes,6,0.015873015873015872
bm25_plus_vector_rrf,TG:P0316:n2,short-circuit current,TG:P0267:n3,continuous current output,7,0.015625
bm25_plus_vector_rrf,TG:P0316:n2,short-circuit current,TG:P0325:n2,Seebeck voltages and short-circuit currents,8,0.015625
bm25_plus_vector_rrf,TG:P0316:n2,short-circuit current,TG:P0175:n3,current,9,0.015151515151515152
bm25_plus_vector_rrf,TG:P0316:n2,short-circuit current,TG:P0186:n2,thermopower,10,0.015151515151515152
bm25_plus_vector_rrf,TG:P0326:n2,corrosion,TG:P0327:n2,corrosion,1,0.03278688524590164
bm25_plus_vector_rrf,TG:P0326:n2,corrosion,TG:P0323:n2,corrosion area,2,0.031754032258064516
bm25_plus_vector_rrf,TG:P0326:n2,corrosion,TG:P0124:n2,corrosion rates,3,0.031746031746031744
bm25_plus_vector_rrf,TG:P0326:n2,corrosion,TG:P0124:n1,Thermogalvanic corrosion,4,0.0315136476426799
bm25_plus_vector_rrf,TG:P0326:n2,corrosion,TG:P0123:n1,temperature,5,0.015625
bm25_plus_vector_rrf,TG:P0326:n2,corrosion,TG:P0151:n2,thermogalvanic corrosion of iron,6,0.015384615384615385
bm25_plus_vector_rrf,TG:P0326:n2,corrosion,TG:P0230:n2,galvanic corrosion rates of copper,7,0.015151515151515152
bm25_plus_vector_rrf,TG:P0326:n2,corrosion,TG:P0242:n2,total losses,8,0.015151515151515152
bm25_plus_vector_rrf,TG:P0326:n2,corrosion,TG:P0233:n3,temperature gradient,9,0.014925373134328358
bm25_plus_vector_rrf,TG:P0326:n2,corrosion,TG:P0242:n1,thermogalvanic and heat-transfer corrosion,10,0.014925373134328358
bm25_plus_vector_rrf,iTE:P0346:n1,Fmoc-FF,iTE:P0346:n2,pi-pi interactions between Fmoc groups,1,0.03278688524590164
bm25_plus_vector_rrf,iTE:P0346:n1,Fmoc-FF,iTE:P0346:n3,highly porous colloidal network,2,0.016129032258064516
bm25_plus_vector_rrf,iTE:P0346:n1,Fmoc-FF,iTE:P0686:n2,dynamic noncovalent interactions,3,0.015873015873015872
bm25_plus_vector_rrf,iTE:P0346:n1,Fmoc-FF,iTE:P0686:n1,fluorine-rich copolymer network,4,0.015625
bm25_plus_vector_rrf,iTE:P0346:n1,Fmoc-FF,iTE:P0602:n1,solid networks formed by PVDF-HFP,5,0.015384615384615385
bm25_plus_vector_rrf,iTE:P0346:n1,Fmoc-FF,iTE:P0686:n3,multifunctionality,6,0.015151515151515152
bm25_plus_vector_rrf,iTE:P0346:n1,Fmoc-FF,iTE:P0602:n2,microstructure,7,0.014925373134328358
bm25_plus_vector_rrf,iTE:P0346:n1,Fmoc-FF,iTE:P0559:n1,eutectogels,8,0.014705882352941176
bm25_plus_vector_rrf,iTE:P0346:n1,Fmoc-FF,iTE:P0457:n1,dynamic ion-dipole interactions,9,0.014492753623188406
bm25_plus_vector_rrf,iTE:P0346:n1,Fmoc-FF,iTE:P1263:n1,GdmCl,10,0.014285714285714285
bm25_plus_vector_rrf,iTE:P0346:n2,pi-pi interactions between Fmoc groups,iTE:P0346:n1,Fmoc-FF,1,0.032018442622950824
bm25_plus_vector_rrf,iTE:P0346:n2,pi-pi interactions between Fmoc groups,iTE:P1614:n1,electrostatic and ion-pi interactions,2,0.03125763125763126
bm25_plus_vector_rrf,iTE:P0346:n2,pi-pi interactions between Fmoc groups,iTE:P0466:n2,pi-pi* stacking,3,0.03007688828584351
bm25_plus_vector_rrf,iTE:P0346:n2,pi-pi interactions between Fmoc groups,iTE:P0437:n1,cation-pi interactions,4,0.01639344262295082
bm25_plus_vector_rrf,iTE:P0346:n2,pi-pi interactions between Fmoc groups,iTE:P0346:n3,highly porous colloidal network,5,0.016129032258064516
bm25_plus_vector_rrf,iTE:P0346:n2,pi-pi interactions between Fmoc groups,iTE:P0944:n1,"interfacial interactions (cation-pi, pi-pi, d-p coupling)",6,0.016129032258064516
bm25_plus_vector_rrf,iTE:P0346:n2,pi-pi interactions between Fmoc groups,iTE:P0686:n2,dynamic noncovalent interactions,7,0.015873015873015872
bm25_plus_vector_rrf,iTE:P0346:n2,pi-pi interactions between Fmoc groups,iTE:P0602:n1,solid networks formed by PVDF-HFP,8,0.015625
bm25_plus_vector_rrf,iTE:P0346:n2,pi-pi interactions between Fmoc groups,iTE:P0367:n1,coordination and electrostatic interactions between cations and functional groups,9,0.015384615384615385
bm25_plus_vector_rrf,iTE:P0346:n2,pi-pi interactions between Fmoc groups,iTE:P0602:n2,microstructure,10,0.015151515151515152
bm25_plus_vector_rrf,iTE:P0371:n4,continuous operation,iTE:P0353:n5,continuous power generation,1,0.031754032258064516
bm25_plus_vector_rrf,iTE:P0371:n4,continuous operation,iTE:P0828:n4,continuous power output,2,0.031009615384615385
bm25_plus_vector_rrf,iTE:P0371:n4,continuous operation,iTE:P0371:n3,repeated charge and discharge cycles,3,0.01639344262295082
bm25_plus_vector_rrf,iTE:P0371:n4,continuous operation,iTE:P0388:n2,continuous operation of ITECs,4,0.01639344262295082
bm25_plus_vector_rrf,iTE:P0371:n4,continuous operation,iTE:P0371:n1,carbon nanotube-cellulose membrane,5,0.016129032258064516
bm25_plus_vector_rrf,iTE:P0371:n4,continuous operation,iTE:P0371:n2,temporally varying temperature gradients,6,0.015873015873015872
bm25_plus_vector_rrf,iTE:P0371:n4,continuous operation,iTE:P0510:n3,continuous electricity generation,7,0.015873015873015872
bm25_plus_vector_rrf,iTE:P0371:n4,continuous operation,iTE:P1787:n1,co-continuous phase,8,0.015384615384615385
bm25_plus_vector_rrf,iTE:P0371:n4,continuous operation,iTE:P1169:n2,thermodiffusion effect,9,0.015151515151515152
bm25_plus_vector_rrf,iTE:P0371:n4,continuous operation,iTE:P1220:n2,mechanically stable during operation,10,0.015151515151515152
bm25_plus_vector_rrf,iTE:P0387:n2,negative Seebeck coefficient,iTE:P0625:n3,negative Seebeck coefficient,1,0.03252247488101534
bm25_plus_vector_rrf,iTE:P0387:n2,negative Seebeck coefficient,iTE:P1109:n2,giant negative Seebeck coefficient,2,0.031746031746031744
bm25_plus_vector_rrf,iTE:P0387:n2,negative Seebeck coefficient,iTE:P0379:n3,Seebeck coefficient,3,0.03055037313432836
bm25_plus_vector_rrf,iTE:P0387:n2,negative Seebeck coefficient,iTE:P0387:n1,mobile anion-generating species,4,0.01639344262295082
bm25_plus_vector_rrf,iTE:P0387:n2,negative Seebeck coefficient,iTE:P0884:n4,negative Seebeck coefficient,5,0.016129032258064516
bm25_plus_vector_rrf,iTE:P0387:n2,negative Seebeck coefficient,iTE:P0344:n4,Seebeck coefficient,6,0.015625
bm25_plus_vector_rrf,iTE:P0387:n2,negative Seebeck coefficient,iTE:P0345:n3,Seebeck coefficient,7,0.015384615384615385
bm25_plus_vector_rrf,iTE:P0387:n2,negative Seebeck coefficient,iTE:P1457:n2,Seebeck coefficient,8,0.015384615384615385
bm25_plus_vector_rrf,iTE:P0387:n2,negative Seebeck coefficient,iTE:P0352:n3,Seebeck coefficient,9,0.015151515151515152
bm25_plus_vector_rrf,iTE:P0387:n2,negative Seebeck coefficient,iTE:P0364:n4,Seebeck coefficient (S),10,0.015151515151515152
bm25_plus_vector_rrf,iTE:P0387:n4,positive Seebeck coefficient,iTE:P0454:n3,Seebeck coefficient,1,0.030158730158730156
bm25_plus_vector_rrf,iTE:P0387:n4,positive Seebeck coefficient,iTE:P0387:n3,cation-generating species,2,0.01639344262295082
bm25_plus_vector_rrf,iTE:P0387:n4,positive Seebeck coefficient,iTE:P0884:n2,positive Seebeck coefficient,3,0.01639344262295082
bm25_plus_vector_rrf,iTE:P0387:n4,positive Seebeck coefficient,iTE:P0344:n4,Seebeck coefficient,4,0.016129032258064516
bm25_plus_vector_rrf,iTE:P0387:n4,positive Seebeck coefficient,iTE:P0405:n2,Seebeck coefficient and figure of merit,5,0.016129032258064516
bm25_plus_vector_rrf,iTE:P0387:n4,positive Seebeck coefficient,iTE:P0345:n3,Seebeck coefficient,6,0.015873015873015872
bm25_plus_vector_rrf,iTE:P0387:n4,positive Seebeck coefficient,iTE:P0352:n3,Seebeck coefficient,7,0.015625
bm25_plus_vector_rrf,iTE:P0387:n4,positive Seebeck coefficient,iTE:P0462:n3,Seebeck coefficient,8,0.015625
bm25_plus_vector_rrf,iTE:P0387:n4,positive Seebeck coefficient,iTE:P0379:n3,Seebeck coefficient,9,0.015384615384615385
bm25_plus_vector_rrf,iTE:P0387:n4,positive Seebeck coefficient,iTE:P1121:n2,Seebeck coefficient,10,0.015384615384615385
bm25_plus_vector_rrf,iTE:P0388:n2,continuous operation of ITECs,iTE:P0371:n4,continuous operation,1,0.03252247488101534
bm25_plus_vector_rrf,iTE:P0388:n2,continuous operation of ITECs,iTE:P0828:n4,continuous power output,2,0.031009615384615385
bm25_plus_vector_rrf,iTE:P0388:n2,continuous operation of ITECs,iTE:P0353:n5,continuous power generation,3,0.03057889822595705
bm25_plus_vector_rrf,iTE:P0388:n2,continuous operation of ITECs,iTE:P0388:n1,external load always connected,4,0.01639344262295082
bm25_plus_vector_rrf,iTE:P0388:n2,continuous operation of ITECs,iTE:P0680:n3,operation mechanism of the MTEGs,5,0.016129032258064516
bm25_plus_vector_rrf,iTE:P0388:n2,continuous operation of ITECs,iTE:P0370:n1,charging and discharging current from ITESCs,6,0.015873015873015872
bm25_plus_vector_rrf,iTE:P0388:n2,continuous operation of ITECs,iTE:P0510:n3,continuous electricity generation,7,0.015625
bm25_plus_vector_rrf,iTE:P0388:n2,continuous operation of ITECs,iTE:P0370:n2,operate resistive sensors,8,0.015384615384615385
bm25_plus_vector_rrf,iTE:P0388:n2,continuous operation of ITECs,iTE:P0371:n3,repeated charge and discharge cycles,9,0.015151515151515152
bm25_plus_vector_rrf,iTE:P0388:n2,continuous operation of ITECs,iTE:P1787:n1,co-continuous phase,10,0.015151515151515152
bm25_plus_vector_rrf,iTE:P0412:n5,thermoelectric and mechanical performance,iTE:P0675:n2,Thermoelectric performance,1,0.029877369007803793
bm25_plus_vector_rrf,iTE:P0412:n5,thermoelectric and mechanical performance,iTE:P0579:n3,thermoelectric performance,2,0.029211087420042643
bm25_plus_vector_rrf,iTE:P0412:n5,thermoelectric and mechanical performance,iTE:P0412:n1,"SiO2, modified graphene (mG), and Ti3C2Tx",3,0.01639344262295082
bm25_plus_vector_rrf,iTE:P0412:n5,thermoelectric and mechanical performance,iTE:P0591:n3,mechanical performance,4,0.01639344262295082
bm25_plus_vector_rrf,iTE:P0412:n5,thermoelectric and mechanical performance,iTE:P0412:n2,crystallinity,5,0.016129032258064516
bm25_plus_vector_rrf,iTE:P0412:n5,thermoelectric and mechanical performance,iTE:P0490:n3,thermoelectric and mechanical performances,6,0.016129032258064516
bm25_plus_vector_rrf,iTE:P0412:n5,thermoelectric and mechanical performance,iTE:P0412:n4,hydrogen bonding,7,0.015873015873015872
bm25_plus_vector_rrf,iTE:P0412:n5,thermoelectric and mechanical performance,iTE:P0420:n3,thermoelectric performance,8,0.015873015873015872
bm25_plus_vector_rrf,iTE:P0412:n5,thermoelectric and mechanical performance,iTE:P0412:n3,interfacial phonon scattering,9,0.015625
bm25_plus_vector_rrf,iTE:P0412:n5,thermoelectric and mechanical performance,iTE:P0440:n2,thermoelectric performance,10,0.015625
bm25_plus_vector_rrf,iTE:P0426:n2,carrier concentration,iTE:P0832:n2,carrier concentration,1,0.03200204813108039
bm25_plus_vector_rrf,iTE:P0426:n2,carrier concentration,iTE:P0582:n2,carrier concentration,2,0.03177805800756621
bm25_plus_vector_rrf,iTE:P0426:n2,carrier concentration,iTE:P0375:n1,ion carrier concentration,3,0.028991596638655463
bm25_plus_vector_rrf,iTE:P0426:n2,carrier concentration,iTE:P0426:n1,ionic gating,4,0.01639344262295082
bm25_plus_vector_rrf,iTE:P0426:n2,carrier concentration,iTE:P0742:n2,carrier concentration,5,0.016129032258064516
bm25_plus_vector_rrf,iTE:P0426:n2,carrier concentration,iTE:P1308:n2,charge carriers concentration n,6,0.015873015873015872
bm25_plus_vector_rrf,iTE:P0426:n2,carrier concentration,iTE:P1039:n2,carrier concentration,7,0.015625
bm25_plus_vector_rrf,iTE:P0426:n2,carrier concentration,iTE:P1492:n2,charge carrier concentration,8,0.015625
bm25_plus_vector_rrf,iTE:P0426:n2,carrier concentration,iTE:P1049:n2,carrier concentration,9,0.015384615384615385
bm25_plus_vector_rrf,iTE:P0426:n2,carrier concentration,iTE:P1157:n2,carrier concentration,10,0.015151515151515152
bm25_plus_vector_rrf,iTE:P0512:n3,n-type characteristics,iTE:P0512:n2,phase separation effects,1,0.01639344262295082
bm25_plus_vector_rrf,iTE:P0512:n3,n-type characteristics,iTE:P0896:n4,n-type semiconducting characteristics,2,0.01639344262295082
bm25_plus_vector_rrf,iTE:P0512:n3,n-type characteristics,iTE:P0512:n1,hydrogen bonds and electrostatic interactions between ions and LCE molecular chains,3,0.016129032258064516
bm25_plus_vector_rrf,iTE:P0512:n3,n-type characteristics,iTE:P0914:n3,p-type characteristics,4,0.016129032258064516
bm25_plus_vector_rrf,iTE:P0512:n3,n-type characteristics,iTE:P0341:n3,elastic tensile and self-healing properties,5,0.015873015873015872
bm25_plus_vector_rrf,iTE:P0512:n3,n-type characteristics,iTE:P0367:n3,n-type behavior,6,0.015873015873015872
bm25_plus_vector_rrf,iTE:P0512:n3,n-type characteristics,iTE:P0341:n1,hydrogen bonding,7,0.015625
bm25_plus_vector_rrf,iTE:P0512:n3,n-type characteristics,iTE:P0668:n1,n-type doping,8,0.015625
bm25_plus_vector_rrf,iTE:P0512:n3,n-type characteristics,iTE:P0562:n2,power factor,9,0.015384615384615385
bm25_plus_vector_rrf,iTE:P0512:n3,n-type characteristics,iTE:P0711:n2,n-type conduction,10,0.015384615384615385
bm25_plus_vector_rrf,iTE:P0582:n2,carrier concentration,iTE:P0426:n2,carrier concentration,1,0.030886196246139225
bm25_plus_vector_rrf,iTE:P0582:n2,carrier concentration,iTE:P1157:n2,carrier concentration,2,0.029857397504456328
bm25_plus_vector_rrf,iTE:P0582:n2,carrier concentration,iTE:P1171:n2,carrier concentration,3,0.029850746268656716
bm25_plus_vector_rrf,iTE:P0582:n2,carrier concentration,iTE:P0582:n3,power factor,4,0.01639344262295082
bm25_plus_vector_rrf,iTE:P0582:n2,carrier concentration,iTE:P0582:n1,La3+ substitution for In3+,5,0.016129032258064516
bm25_plus_vector_rrf,iTE:P0582:n2,carrier concentration,iTE:P0742:n2,carrier concentration,6,0.016129032258064516
bm25_plus_vector_rrf,iTE:P0582:n2,carrier concentration,iTE:P0832:n2,carrier concentration,7,0.015873015873015872
bm25_plus_vector_rrf,iTE:P0582:n2,carrier concentration,iTE:P1492:n2,charge carrier concentration,8,0.015873015873015872
bm25_plus_vector_rrf,iTE:P0582:n2,carrier concentration,iTE:P1039:n2,carrier concentration,9,0.015625
bm25_plus_vector_rrf,iTE:P0582:n2,carrier concentration,iTE:P1043:n1,decrease in carrier concentration,10,0.015625
bm25_plus_vector_rrf,iTE:P0591:n3,mechanical performance,iTE:P1721:n2,mechanical robustness,1,0.0315136476426799
bm25_plus_vector_rrf,iTE:P0591:n3,mechanical performance,iTE:P0412:n5,thermoelectric and mechanical performance,2,0.01639344262295082
bm25_plus_vector_rrf,iTE:P0591:n3,mechanical performance,iTE:P0591:n2,immobilizes Zn2+,3,0.01639344262295082
bm25_plus_vector_rrf,iTE:P0591:n3,mechanical performance,iTE:P0518:n3,mechanical integrity,4,0.016129032258064516
bm25_plus_vector_rrf,iTE:P0591:n3,mechanical performance,iTE:P0599:n2,mechanical stretchability,5,0.015873015873015872
bm25_plus_vector_rrf,iTE:P0591:n3,mechanical performance,iTE:P0722:n2,long-range Zn2+ migration,6,0.015873015873015872
bm25_plus_vector_rrf,iTE:P0591:n3,mechanical performance,iTE:P0925:n2,mechanical stability,7,0.015625
bm25_plus_vector_rrf,iTE:P0591:n3,mechanical performance,iTE:P1069:n1,Zn depletion,8,0.015625
bm25_plus_vector_rrf,iTE:P0591:n3,mechanical performance,iTE:P0722:n1,Doping Cd or Ge on the Zn site,9,0.015384615384615385
bm25_plus_vector_rrf,iTE:P0591:n3,mechanical performance,iTE:P0376:n4,performance,10,0.015151515151515152
bm25_plus_vector_rrf,iTE:P0619:n1,increased PEDOT domain distances,iTE:P0482:n2,optimized PEDOT domain distribution,1,0.031054405392392875
bm25_plus_vector_rrf,iTE:P0619:n1,increased PEDOT domain distances,iTE:P0619:n3,electrical conductivity decay,2,0.01639344262295082
bm25_plus_vector_rrf,iTE:P0619:n1,increased PEDOT domain distances,iTE:P0825:n1,increase in the PEDOT domain distances,3,0.01639344262295082
bm25_plus_vector_rrf,iTE:P0619:n1,increased PEDOT domain distances,iTE:P0619:n2,interdomain charge carrier transport,4,0.016129032258064516
bm25_plus_vector_rrf,iTE:P0619:n1,increased PEDOT domain distances,iTE:P0455:n1,increased pressure,5,0.015873015873015872
bm25_plus_vector_rrf,iTE:P0619:n1,increased PEDOT domain distances,iTE:P1528:n1,interconnected and large PEDOT- and PSS-rich domains,6,0.015873015873015872
bm25_plus_vector_rrf,iTE:P0619:n1,increased PEDOT domain distances,iTE:P1189:n2,increased conductivity,7,0.015625
bm25_plus_vector_rrf,iTE:P0619:n1,increased PEDOT domain distances,iTE:P1528:n2,charge mobility,8,0.015625
bm25_plus_vector_rrf,iTE:P0619:n1,increased PEDOT domain distances,iTE:P1283:n2,increased resistivity,9,0.015384615384615385
bm25_plus_vector_rrf,iTE:P0619:n1,increased PEDOT domain distances,iTE:P1430:n1,interconnected network of elongated PEDOT grains,10,0.015384615384615385
bm25_plus_vector_rrf,iTE:P0636:n2,Electrical conductivity,iTE:P0718:n2,Electrical conductivity,1,0.030886196246139225
bm25_plus_vector_rrf,iTE:P0636:n2,Electrical conductivity,iTE:P0409:n4,electrical conductivity,2,0.01639344262295082
bm25_plus_vector_rrf,iTE:P0636:n2,Electrical conductivity,iTE:P0414:n2,electrical conductivity,3,0.016129032258064516
bm25_plus_vector_rrf,iTE:P0636:n2,Electrical conductivity,iTE:P0636:n3,Seebeck coefficient,4,0.016129032258064516
bm25_plus_vector_rrf,iTE:P0636:n2,Electrical conductivity,iTE:P0471:n3,electrical conductivity,5,0.015873015873015872
bm25_plus_vector_rrf,iTE:P0636:n2,Electrical conductivity,iTE:P0718:n3,Seebeck coefficient,6,0.015873015873015872
bm25_plus_vector_rrf,iTE:P0636:n2,Electrical conductivity,iTE:P0533:n2,electrical conductivity,7,0.015625
bm25_plus_vector_rrf,iTE:P0636:n2,Electrical conductivity,iTE:P0636:n1,ionic radius of rare-earth elements,8,0.015625
bm25_plus_vector_rrf,iTE:P0636:n2,Electrical conductivity,iTE:P0539:n2,electrical conductivity,9,0.015384615384615385
bm25_plus_vector_rrf,iTE:P0636:n2,Electrical conductivity,iTE:P0718:n1,ionic radius of rare-earth elements,10,0.015384615384615385
bm25_plus_vector_rrf,iTE:P0721:n1,concentration,iTE:P0426:n2,carrier concentration,1,0.01639344262295082
bm25_plus_vector_rrf,iTE:P0721:n1,concentration,iTE:P1071:n2,electrical conductivity,2,0.01639344262295082
bm25_plus_vector_rrf,iTE:P0721:n1,concentration,iTE:P0474:n1,salt concentration,3,0.016129032258064516
bm25_plus_vector_rrf,iTE:P0721:n1,concentration,iTE:P1457:n3,temperature and concentration,4,0.016129032258064516
bm25_plus_vector_rrf,iTE:P0721:n1,concentration,iTE:P0507:n1,redox concentration,5,0.015873015873015872
bm25_plus_vector_rrf,iTE:P0721:n1,concentration,iTE:P0886:n2,temperature dependence of thermoelectric power,6,0.015873015873015872
bm25_plus_vector_rrf,iTE:P0721:n1,concentration,iTE:P0582:n2,carrier concentration,7,0.015625
bm25_plus_vector_rrf,iTE:P0721:n1,concentration,iTE:P0886:n1,competition of the electronic and ionic transport,8,0.015625
bm25_plus_vector_rrf,iTE:P0721:n1,concentration,iTE:P0451:n2,ionic conductivity,9,0.015384615384615385
bm25_plus_vector_rrf,iTE:P0721:n1,concentration,iTE:P0649:n1,Sn-concentration,10,0.015384615384615385
bm25_plus_vector_rrf,iTE:P0724:n3,p-type,iTE:P0896:n3,p-type,1,0.030886196246139225
bm25_plus_vector_rrf,iTE:P0724:n3,p-type,iTE:P0724:n4,n-type carbon nanotubes,2,0.01639344262295082
bm25_plus_vector_rrf,iTE:P0724:n3,p-type,iTE:P0374:n2,p-type thermopower,3,0.016129032258064516
bm25_plus_vector_rrf,iTE:P0724:n3,p-type,iTE:P0724:n2,non-ionic surfactants,4,0.016129032258064516
bm25_plus_vector_rrf,iTE:P0724:n3,p-type,iTE:P0714:n2,p-type conductors,5,0.015873015873015872
bm25_plus_vector_rrf,iTE:P0724:n3,p-type,iTE:P0724:n1,anionic,6,0.015873015873015872
bm25_plus_vector_rrf,iTE:P0724:n3,p-type,iTE:P0368:n1,carbon black/multiwalled carbon nanotubes (CB/MWCNTs),7,0.015625
bm25_plus_vector_rrf,iTE:P0724:n3,p-type,iTE:P0914:n3,p-type characteristics,8,0.015625
bm25_plus_vector_rrf,iTE:P0724:n3,p-type,iTE:P0807:n2,p-doping,9,0.015384615384615385
bm25_plus_vector_rrf,iTE:P0724:n3,p-type,iTE:P1034:n2,p-type semiconductors,10,0.015384615384615385
bm25_plus_vector_rrf,iTE:P0825:n1,increase in the PEDOT domain distances,iTE:P0482:n2,optimized PEDOT domain distribution,1,0.03252247488101534
bm25_plus_vector_rrf,iTE:P0825:n1,increase in the PEDOT domain distances,iTE:P0619:n1,increased PEDOT domain distances,2,0.01639344262295082
bm25_plus_vector_rrf,iTE:P0825:n1,increase in the PEDOT domain distances,iTE:P0482:n3,film conductivity,3,0.016129032258064516
bm25_plus_vector_rrf,iTE:P0825:n1,increase in the PEDOT domain distances,iTE:P0482:n1,morphological rearrangement,4,0.015873015873015872
bm25_plus_vector_rrf,iTE:P0825:n1,increase in the PEDOT domain distances,iTE:P1368:n2,increase in the output voltage,5,0.015873015873015872
bm25_plus_vector_rrf,iTE:P0825:n1,increase in the PEDOT domain distances,iTE:P0488:n3,increase in S,6,0.015625
bm25_plus_vector_rrf,iTE:P0825:n1,increase in the PEDOT domain distances,iTE:P1141:n1,humidity increase,7,0.015625
bm25_plus_vector_rrf,iTE:P0825:n1,increase in the PEDOT domain distances,iTE:P0764:n1,Low hygroscopicity,8,0.015384615384615385
bm25_plus_vector_rrf,iTE:P0825:n1,increase in the PEDOT domain distances,iTE:P1127:n2,increase in resistivity,9,0.015384615384615385
bm25_plus_vector_rrf,iTE:P0825:n1,increase in the PEDOT domain distances,iTE:P0890:n1,P/D/ED film,10,0.015151515151515152
bm25_plus_vector_rrf,iTE:P0833:n2,Seebeck coefficient S,iTE:P0364:n4,Seebeck coefficient (S),1,0.01639344262295082
bm25_plus_vector_rrf,iTE:P0833:n2,Seebeck coefficient S,iTE:P1072:n2,Seebeck coefficient,2,0.01639344262295082
bm25_plus_vector_rrf,iTE:P0833:n2,Seebeck coefficient S,iTE:P0913:n2,Seebeck coefficient (S),3,0.016129032258064516
bm25_plus_vector_rrf,iTE:P0833:n2,Seebeck coefficient S,iTE:P1929:n2,Seebeck coefficient value of 373 & mu;V/K,4,0.016129032258064516
bm25_plus_vector_rrf,iTE:P0833:n2,Seebeck coefficient S,iTE:P1037:n2,Seebeck coefficient (S),5,0.015873015873015872
bm25_plus_vector_rrf,iTE:P0833:n2,Seebeck coefficient S,iTE:P1457:n2,Seebeck coefficient,6,0.015873015873015872
bm25_plus_vector_rrf,iTE:P0833:n2,Seebeck coefficient S,iTE:P0344:n4,Seebeck coefficient,7,0.015625
bm25_plus_vector_rrf,iTE:P0833:n2,Seebeck coefficient S,iTE:P0888:n2,Seebeck coefficient reversibly transitions from +43 to -45 mu V/K,8,0.015625
bm25_plus_vector_rrf,iTE:P0833:n2,Seebeck coefficient S,iTE:P0345:n3,Seebeck coefficient,9,0.015384615384615385
bm25_plus_vector_rrf,iTE:P0833:n2,Seebeck coefficient S,iTE:P0506:n2,Seebeck coefficient,10,0.015384615384615385
bm25_plus_vector_rrf,iTE:P0866:n3,Seebeck coefficient of the PANI,iTE:P0414:n3,Seebeck coefficient,1,0.03036576949620428
bm25_plus_vector_rrf,iTE:P0866:n3,Seebeck coefficient of the PANI,iTE:P0566:n2,Seebeck coefficient of the nanotube networks,2,0.01639344262295082
bm25_plus_vector_rrf,iTE:P0866:n3,Seebeck coefficient of the PANI,iTE:P0833:n2,Seebeck coefficient S,3,0.01639344262295082
bm25_plus_vector_rrf,iTE:P0866:n3,Seebeck coefficient of the PANI,iTE:P1160:n2,jump of the ionic Seebeck coefficient,4,0.016129032258064516
bm25_plus_vector_rrf,iTE:P0866:n3,Seebeck coefficient of the PANI,iTE:P1457:n2,Seebeck coefficient,5,0.016129032258064516
bm25_plus_vector_rrf,iTE:P0866:n3,Seebeck coefficient of the PANI,iTE:P0344:n4,Seebeck coefficient,6,0.015873015873015872
bm25_plus_vector_rrf,iTE:P0866:n3,Seebeck coefficient of the PANI,iTE:P0345:n3,Seebeck coefficient,7,0.015625
bm25_plus_vector_rrf,iTE:P0866:n3,Seebeck coefficient of the PANI,iTE:P1072:n2,Seebeck coefficient,8,0.015625
bm25_plus_vector_rrf,iTE:P0866:n3,Seebeck coefficient of the PANI,iTE:P0352:n3,Seebeck coefficient,9,0.015384615384615385
bm25_plus_vector_rrf,iTE:P0866:n3,Seebeck coefficient of the PANI,iTE:P0888:n2,Seebeck coefficient reversibly transitions from +43 to -45 mu V/K,10,0.015384615384615385
bm25_plus_vector_rrf,iTE:P0870:n4,semiconducting properties,iTE:P0705:n1,semiconducting nanostructure,1,0.01639344262295082
bm25_plus_vector_rrf,iTE:P0870:n4,semiconducting properties,iTE:P0870:n2,metallic-type properties,2,0.01639344262295082
bm25_plus_vector_rrf,iTE:P0870:n4,semiconducting properties,iTE:P0870:n3,ionic charge compensation,3,0.016129032258064516
bm25_plus_vector_rrf,iTE:P0870:n4,semiconducting properties,iTE:P0992:n2,semiconducting chalcogenides,4,0.016129032258064516
bm25_plus_vector_rrf,iTE:P0870:n4,semiconducting properties,iTE:P1050:n2,electrical conductivity,5,0.015873015873015872
bm25_plus_vector_rrf,iTE:P0870:n4,semiconducting properties,iTE:P1883:n2,semiconducting gap,6,0.015873015873015872
bm25_plus_vector_rrf,iTE:P0870:n4,semiconducting properties,iTE:P0870:n1,electronic charge compensation,7,0.015625
bm25_plus_vector_rrf,iTE:P0870:n4,semiconducting properties,iTE:P0896:n4,n-type semiconducting characteristics,8,0.015625
bm25_plus_vector_rrf,iTE:P0870:n4,semiconducting properties,iTE:P0901:n1,band conduction in rutile TiO2,9,0.015384615384615385
bm25_plus_vector_rrf,iTE:P0870:n4,semiconducting properties,iTE:P1200:n2,p -type semiconducting nature,10,0.015384615384615385
bm25_plus_vector_rrf,iTE:P0896:n3,p-type,iTE:P0724:n3,p-type,1,0.031099324975891997
bm25_plus_vector_rrf,iTE:P0896:n3,p-type,iTE:P0896:n4,n-type semiconducting characteristics,2,0.01639344262295082
bm25_plus_vector_rrf,iTE:P0896:n3,p-type,iTE:P0374:n2,p-type thermopower,3,0.016129032258064516
bm25_plus_vector_rrf,iTE:P0896:n3,p-type,iTE:P0896:n1,pristine,4,0.016129032258064516
bm25_plus_vector_rrf,iTE:P0896:n3,p-type,iTE:P0714:n2,p-type conductors,5,0.015873015873015872
bm25_plus_vector_rrf,iTE:P0896:n3,p-type,iTE:P0896:n2,annealed SrTiO3 nanoparticles,6,0.015873015873015872
bm25_plus_vector_rrf,iTE:P0896:n3,p-type,iTE:P0460:n2,mixed ionic-electronic thermoelectric cement-based composite,7,0.015625
bm25_plus_vector_rrf,iTE:P0896:n3,p-type,iTE:P0914:n3,p-type characteristics,8,0.015625
bm25_plus_vector_rrf,iTE:P0896:n3,p-type,iTE:P0480:n2,thermoelectric properties,9,0.015384615384615385
bm25_plus_vector_rrf,iTE:P0896:n3,p-type,iTE:P1034:n2,p-type semiconductors,10,0.015384615384615385
bm25_plus_vector_rrf,iTE:P0914:n3,p-type characteristics,iTE:P1444:n2,p-type character,1,0.03036576949620428
bm25_plus_vector_rrf,iTE:P0914:n3,p-type characteristics,iTE:P1279:n2,p-type conduction,2,0.029411764705882353
bm25_plus_vector_rrf,iTE:P0914:n3,p-type characteristics,iTE:P0512:n3,n-type characteristics,3,0.01639344262295082
bm25_plus_vector_rrf,iTE:P0914:n3,p-type characteristics,iTE:P0914:n1,Sn,4,0.01639344262295082
bm25_plus_vector_rrf,iTE:P0914:n3,p-type characteristics,iTE:P0724:n3,p-type,5,0.016129032258064516
bm25_plus_vector_rrf,iTE:P0914:n3,p-type characteristics,iTE:P0914:n2,substitute Sb,6,0.016129032258064516
bm25_plus_vector_rrf,iTE:P0914:n3,p-type characteristics,iTE:P0896:n3,p-type,7,0.015873015873015872
bm25_plus_vector_rrf,iTE:P0914:n3,p-type characteristics,iTE:P0896:n4,n-type semiconducting characteristics,8,0.015625
bm25_plus_vector_rrf,iTE:P0914:n3,p-type characteristics,iTE:P1941:n2,partial covalent character,9,0.015625
bm25_plus_vector_rrf,iTE:P0914:n3,p-type characteristics,iTE:P0374:n2,p-type thermopower,10,0.015384615384615385
bm25_plus_vector_rrf,iTE:P0932:n3,PEDOT:PSS conductivity,iTE:P0932:n1,PSS separation from PEDOT,1,0.032018442622950824
bm25_plus_vector_rrf,iTE:P0932:n3,PEDOT:PSS conductivity,iTE:P0858:n2,phase separation of PEDOT:PSS,2,0.030536130536130537
bm25_plus_vector_rrf,iTE:P0932:n3,PEDOT:PSS conductivity,iTE:P0940:n2,conductivity of PEDOT:PSS,3,0.01639344262295082
bm25_plus_vector_rrf,iTE:P0932:n3,PEDOT:PSS conductivity,iTE:P0932:n2,conformational change of the PEDOT chains,4,0.016129032258064516
bm25_plus_vector_rrf,iTE:P0932:n3,PEDOT:PSS conductivity,iTE:P1900:n1,PEDOT:PSS/DES,5,0.016129032258064516
bm25_plus_vector_rrf,iTE:P0932:n3,PEDOT:PSS conductivity,iTE:P0916:n1,electrical conductivity of PEDOT:PSS/SWCNT,6,0.015873015873015872
bm25_plus_vector_rrf,iTE:P0932:n3,PEDOT:PSS conductivity,iTE:P1613:n3,electrical conductivity,7,0.015873015873015872
bm25_plus_vector_rrf,iTE:P0932:n3,PEDOT:PSS conductivity,iTE:P1613:n2,removing the insulating PSS,8,0.015625
bm25_plus_vector_rrf,iTE:P0932:n3,PEDOT:PSS conductivity,iTE:P1613:n4,benzenoid-to-quinoid conformational transformation,9,0.015384615384615385
bm25_plus_vector_rrf,iTE:P0932:n3,PEDOT:PSS conductivity,iTE:P1272:n2,structure reorganization of PEDOT:PSS,10,0.015151515151515152
bm25_plus_vector_rrf,iTE:P0940:n2,conductivity of PEDOT:PSS,iTE:P0932:n3,PEDOT:PSS conductivity,1,0.01639344262295082
bm25_plus_vector_rrf,iTE:P0940:n2,conductivity of PEDOT:PSS,iTE:P0940:n1,ion exchange,2,0.01639344262295082
bm25_plus_vector_rrf,iTE:P0940:n2,conductivity of PEDOT:PSS,iTE:P0478:n2,rearrangement of the molecular chain of PEDOT,3,0.016129032258064516
bm25_plus_vector_rrf,iTE:P0940:n2,conductivity of PEDOT:PSS,iTE:P0916:n1,electrical conductivity of PEDOT:PSS/SWCNT,4,0.016129032258064516
bm25_plus_vector_rrf,iTE:P0940:n2,conductivity of PEDOT:PSS,iTE:P0409:n2,ILs,5,0.015873015873015872
bm25_plus_vector_rrf,iTE:P0940:n2,conductivity of PEDOT:PSS,iTE:P1900:n1,PEDOT:PSS/DES,6,0.015873015873015872
bm25_plus_vector_rrf,iTE:P0940:n2,conductivity of PEDOT:PSS,iTE:P0503:n3,ionic conductivity,7,0.015625
bm25_plus_vector_rrf,iTE:P0940:n2,conductivity of PEDOT:PSS,iTE:P0858:n2,phase separation of PEDOT:PSS,8,0.015625
bm25_plus_vector_rrf,iTE:P0940:n2,conductivity of PEDOT:PSS,iTE:P1141:n3,ionic conductivity,9,0.015384615384615385
bm25_plus_vector_rrf,iTE:P0940:n2,conductivity of PEDOT:PSS,iTE:P1272:n2,structure reorganization of PEDOT:PSS,10,0.015384615384615385
bm25_plus_vector_rrf,iTE:P0955:n2,charge carrier concentration,iTE:P1940:n2,charge carrier concentration,1,0.03200204813108039
bm25_plus_vector_rrf,iTE:P0955:n2,charge carrier concentration,iTE:P1492:n2,charge carrier concentration,2,0.031099324975891997
bm25_plus_vector_rrf,iTE:P0955:n2,charge carrier concentration,iTE:P1157:n2,carrier concentration,3,0.029418126757516764
bm25_plus_vector_rrf,iTE:P0955:n2,charge carrier concentration,iTE:P0955:n1,bromine as a dopant,4,0.01639344262295082
bm25_plus_vector_rrf,iTE:P0955:n2,charge carrier concentration,iTE:P1680:n2,n-type carrier density,5,0.016129032258064516
bm25_plus_vector_rrf,iTE:P0955:n2,charge carrier concentration,iTE:P0426:n2,carrier concentration,6,0.015873015873015872
bm25_plus_vector_rrf,iTE:P0955:n2,charge carrier concentration,iTE:P0582:n2,carrier concentration,7,0.015625
bm25_plus_vector_rrf,iTE:P0955:n2,charge carrier concentration,iTE:P1849:n1,reduction in hole carrier concentration,8,0.015625
bm25_plus_vector_rrf,iTE:P0955:n2,charge carrier concentration,iTE:P0742:n2,carrier concentration,9,0.015384615384615385
bm25_plus_vector_rrf,iTE:P0955:n2,charge carrier concentration,iTE:P0751:n1,optimal carrier concentration,10,0.015384615384615385
bm25_plus_vector_rrf,iTE:P0983:n2,half-metallicity character,iTE:P1006:n2,half-metallic character,1,0.032266458495966696
bm25_plus_vector_rrf,iTE:P0983:n2,half-metallicity character,iTE:P1018:n2,half-metallic character,2,0.0315136476426799
bm25_plus_vector_rrf,iTE:P0983:n2,half-metallicity character,iTE:P1093:n2,half-metal,3,0.030798389007344232
bm25_plus_vector_rrf,iTE:P0983:n2,half-metallicity character,iTE:P1509:n2,half-metallic gap,4,0.029910714285714284
bm25_plus_vector_rrf,iTE:P0983:n2,half-metallicity character,iTE:P0983:n1,CoNbMnSi,5,0.01639344262295082
bm25_plus_vector_rrf,iTE:P0983:n2,half-metallicity character,iTE:P1904:n2,weak ferromagnetism,6,0.016129032258064516
bm25_plus_vector_rrf,iTE:P0983:n2,half-metallicity character,iTE:P0948:n2,ferromagnetic,7,0.015625
bm25_plus_vector_rrf,iTE:P0983:n2,half-metallicity character,iTE:P0920:n1,fluidic character,8,0.015384615384615385
bm25_plus_vector_rrf,iTE:P0983:n2,half-metallicity character,iTE:P1032:n2,covalent character,9,0.015151515151515152
bm25_plus_vector_rrf,iTE:P0983:n2,half-metallicity character,iTE:P1586:n3,quasi-metallic state,10,0.015151515151515152
bm25_plus_vector_rrf,iTE:P1004:n1,Cr doping,iTE:P1132:n1,Cr doping,1,0.03278688524590164
bm25_plus_vector_rrf,iTE:P1004:n1,Cr doping,iTE:P0623:n1,Se doping,2,0.03076923076923077
bm25_plus_vector_rrf,iTE:P1004:n1,Cr doping,iTE:P1004:n2,Seebeck coefficient,3,0.016129032258064516
bm25_plus_vector_rrf,iTE:P1004:n1,Cr doping,iTE:P1319:n1,more covalent Cr & horbar;Se bonds,4,0.016129032258064516
bm25_plus_vector_rrf,iTE:P1004:n1,Cr doping,iTE:P0486:n2,Sm-doping,5,0.015873015873015872
bm25_plus_vector_rrf,iTE:P1004:n1,Cr doping,iTE:P1928:n1,increasing doping level,6,0.015873015873015872
bm25_plus_vector_rrf,iTE:P1004:n1,Cr doping,iTE:P0614:n1,chemical doping,7,0.015625
bm25_plus_vector_rrf,iTE:P1004:n1,Cr doping,iTE:P1516:n1,n-doping,8,0.015625
bm25_plus_vector_rrf,iTE:P1004:n1,Cr doping,iTE:P0661:n1,fluorine doping,9,0.015151515151515152
bm25_plus_vector_rrf,iTE:P1004:n1,Cr doping,iTE:P1594:n2,metal-insulator transition temperature,10,0.015151515151515152
bm25_plus_vector_rrf,iTE:P1006:n2,half-metallic character,iTE:P1018:n2,half-metallic character,1,0.03278688524590164
bm25_plus_vector_rrf,iTE:P1006:n2,half-metallic character,iTE:P1509:n2,half-metallic gap,2,0.03128054740957967
bm25_plus_vector_rrf,iTE:P1006:n2,half-metallic character,iTE:P0983:n2,half-metallicity character,3,0.03125763125763126
bm25_plus_vector_rrf,iTE:P1006:n2,half-metallic character,iTE:P1536:n1,metallic nature,4,0.030776515151515152
bm25_plus_vector_rrf,iTE:P1006:n2,half-metallic character,iTE:P1092:n1,MgSc2Te4 and MgY2Te4,5,0.016129032258064516
bm25_plus_vector_rrf,iTE:P1006:n2,half-metallic character,iTE:P1092:n2,semiconducting natures with a direct band gap,6,0.015873015873015872
bm25_plus_vector_rrf,iTE:P1006:n2,half-metallic character,iTE:P1093:n2,half-metal,7,0.015625
bm25_plus_vector_rrf,iTE:P1006:n2,half-metallic character,iTE:P0860:n1,metallic state,8,0.015384615384615385
bm25_plus_vector_rrf,iTE:P1006:n2,half-metallic character,iTE:P1220:n1,Pt/NbO2 interfacial bonds of metallic and partly covalent character,9,0.014925373134328358
bm25_plus_vector_rrf,iTE:P1006:n2,half-metallic character,iTE:P1536:n3,MgCu3GaSe4,10,0.014925373134328358
bm25_plus_vector_rrf,iTE:P1025:n2,optical conductivity,iTE:P1587:n3,enhanced optical absorption,1,0.03125
bm25_plus_vector_rrf,iTE:P1025:n2,optical conductivity,iTE:P1596:n1,optical absorption and thermoelectric effect,2,0.029211087420042643
bm25_plus_vector_rrf,iTE:P1025:n2,optical conductivity,iTE:P1012:n1,optical modes,3,0.01639344262295082
bm25_plus_vector_rrf,iTE:P1025:n2,optical conductivity,iTE:P1025:n1,interband transitions,4,0.01639344262295082
bm25_plus_vector_rrf,iTE:P1025:n2,optical conductivity,iTE:P1587:n4,electrical and thermal conductivities,5,0.016129032258064516
bm25_plus_vector_rrf,iTE:P1025:n2,optical conductivity,iTE:P1682:n3,optical properties,6,0.016129032258064516
bm25_plus_vector_rrf,iTE:P1025:n2,optical conductivity,iTE:P1326:n2,acoustic-optical phonons,7,0.015873015873015872
bm25_plus_vector_rrf,iTE:P1025:n2,optical conductivity,iTE:P1843:n2,enhanced polarizability,8,0.015873015873015872
bm25_plus_vector_rrf,iTE:P1025:n2,optical conductivity,iTE:P1740:n2,optical band gap,9,0.015384615384615385
bm25_plus_vector_rrf,iTE:P1025:n2,optical conductivity,iTE:P1834:n2,enhancing the conductivity,10,0.015384615384615385
bm25_plus_vector_rrf,iTE:P1093:n2,half-metal,iTE:P0983:n2,half-metallicity character,1,0.032018442622950824
bm25_plus_vector_rrf,iTE:P1093:n2,half-metal,iTE:P1006:n2,half-metallic character,2,0.03200204813108039
bm25_plus_vector_rrf,iTE:P1093:n2,half-metal,iTE:P1018:n2,half-metallic character,3,0.03200204813108039
bm25_plus_vector_rrf,iTE:P1093:n2,half-metal,iTE:P1093:n1,adding a F atom,4,0.01639344262295082
bm25_plus_vector_rrf,iTE:P1093:n2,half-metal,iTE:P1509:n2,half-metallic gap,5,0.015625
bm25_plus_vector_rrf,iTE:P1093:n2,half-metal,iTE:P1020:n2,n- to p-type,6,0.015384615384615385
bm25_plus_vector_rrf,iTE:P1093:n2,half-metal,iTE:P1041:n1,alkali-metal vacancies,7,0.015384615384615385
bm25_plus_vector_rrf,iTE:P1093:n2,half-metal,iTE:P1326:n1,Alkali metal atoms,8,0.015151515151515152
bm25_plus_vector_rrf,iTE:P1093:n2,half-metal,iTE:P1757:n1,p-type semiconductors,9,0.015151515151515152
bm25_plus_vector_rrf,iTE:P1093:n2,half-metal,iTE:P1330:n2,semiconductor-metal transition,10,0.014925373134328358
bm25_plus_vector_rrf,iTE:P1132:n1,Cr doping,iTE:P1004:n1,Cr doping,1,0.03252247488101534
bm25_plus_vector_rrf,iTE:P1132:n1,Cr doping,iTE:P0486:n2,Sm-doping,2,0.03057889822595705
bm25_plus_vector_rrf,iTE:P1132:n1,Cr doping,iTE:P1132:n2,grain growth,3,0.01639344262295082
bm25_plus_vector_rrf,iTE:P1132:n1,Cr doping,iTE:P1319:n1,more covalent Cr & horbar;Se bonds,4,0.016129032258064516
bm25_plus_vector_rrf,iTE:P1132:n1,Cr doping,iTE:P1164:n2,electrical resistivity,5,0.015873015873015872
bm25_plus_vector_rrf,iTE:P1132:n1,Cr doping,iTE:P0614:n1,chemical doping,6,0.015625
bm25_plus_vector_rrf,iTE:P1132:n1,Cr doping,iTE:P1606:n1,Se defects,7,0.015625
bm25_plus_vector_rrf,iTE:P1132:n1,Cr doping,iTE:P0623:n1,Se doping,8,0.015384615384615385
bm25_plus_vector_rrf,iTE:P1132:n1,Cr doping,iTE:P0752:n4,electrical resistance,9,0.015384615384615385
bm25_plus_vector_rrf,iTE:P1132:n1,Cr doping,iTE:P0661:n1,fluorine doping,10,0.015151515151515152
bm25_plus_vector_rrf,iTE:P1161:n2,concentration of electron holes,iTE:P1657:n2,density of holes,1,0.031054405392392875
bm25_plus_vector_rrf,iTE:P1161:n2,concentration of electron holes,iTE:P1388:n2,concentration of holes,2,0.01639344262295082
bm25_plus_vector_rrf,iTE:P1161:n2,concentration of electron holes,iTE:P1679:n1,electrons,3,0.01639344262295082
bm25_plus_vector_rrf,iTE:P1161:n2,concentration of electron holes,iTE:P1313:n1,hole concentration,4,0.016129032258064516
bm25_plus_vector_rrf,iTE:P1161:n2,concentration of electron holes,iTE:P0997:n2,small concentration of graphitic pi-electron carriers,5,0.015873015873015872
bm25_plus_vector_rrf,iTE:P1161:n2,concentration of electron holes,iTE:P1517:n2,Seebeck coefficient,6,0.015873015873015872
bm25_plus_vector_rrf,iTE:P1161:n2,concentration of electron holes,iTE:P1555:n2,decrease of electron concentration in the lattice,7,0.015625
bm25_plus_vector_rrf,iTE:P1161:n2,concentration of electron holes,iTE:P1849:n1,reduction in hole carrier concentration,8,0.015625
bm25_plus_vector_rrf,iTE:P1161:n2,concentration of electron holes,iTE:P1161:n1,thermal reduction,9,0.015384615384615385
bm25_plus_vector_rrf,iTE:P1161:n2,concentration of electron holes,iTE:P1187:n2,holes,10,0.015384615384615385
bm25_plus_vector_rrf,iTE:P1388:n2,concentration of holes,iTE:P1161:n2,concentration of electron holes,1,0.03131881575727918
bm25_plus_vector_rrf,iTE:P1388:n2,concentration of holes,iTE:P1869:n2,formation of electronic holes,2,0.03125763125763126
bm25_plus_vector_rrf,iTE:P1388:n2,concentration of holes,iTE:P1388:n1,dissolution of protons,3,0.01639344262295082
bm25_plus_vector_rrf,iTE:P1388:n2,concentration of holes,iTE:P1657:n2,density of holes,4,0.016129032258064516
bm25_plus_vector_rrf,iTE:P1388:n2,concentration of holes,iTE:P1755:n2,hole concentration,5,0.016129032258064516
bm25_plus_vector_rrf,iTE:P1388:n2,concentration of holes,iTE:P1187:n2,holes,6,0.015873015873015872
bm25_plus_vector_rrf,iTE:P1388:n2,concentration of holes,iTE:P0969:n2,formation of free holes,7,0.015625
bm25_plus_vector_rrf,iTE:P1388:n2,concentration of holes,iTE:P1483:n2,"holes, one free and the other trapped",8,0.015625
bm25_plus_vector_rrf,iTE:P1388:n2,concentration of holes,iTE:P1869:n1,uptake of oxygen at vacant sites,9,0.015384615384615385
bm25_plus_vector_rrf,iTE:P1388:n2,concentration of holes,iTE:P1080:n2,hole density,10,0.015151515151515152
bm25_plus_vector_rrf,iTE:P1509:n2,half-metallic gap,iTE:P1006:n2,half-metallic character,1,0.031544957774465976
bm25_plus_vector_rrf,iTE:P1509:n2,half-metallic gap,iTE:P1018:n2,half-metallic character,2,0.0315136476426799
bm25_plus_vector_rrf,iTE:P1509:n2,half-metallic gap,iTE:P0649:n2,Band gap,3,0.031054405392392875
bm25_plus_vector_rrf,iTE:P1509:n2,half-metallic gap,iTE:P1509:n1,d-d hybridization,4,0.01639344262295082
bm25_plus_vector_rrf,iTE:P1509:n2,half-metallic gap,iTE:P1093:n2,half-metal,5,0.015873015873015872
bm25_plus_vector_rrf,iTE:P1509:n2,half-metallic gap,iTE:P1129:n1,doped materials,6,0.015873015873015872
bm25_plus_vector_rrf,iTE:P1509:n2,half-metallic gap,iTE:P0983:n2,half-metallicity character,7,0.015625
bm25_plus_vector_rrf,iTE:P1509:n2,half-metallic gap,iTE:P1504:n1,cross-gap hybridization,8,0.015625
bm25_plus_vector_rrf,iTE:P1509:n2,half-metallic gap,iTE:P0860:n1,metallic state,9,0.015384615384615385
bm25_plus_vector_rrf,iTE:P1509:n2,half-metallic gap,iTE:P1536:n1,metallic nature,10,0.015151515151515152
bm25_plus_vector_rrf,iTE:P1535:n2,increase of the carrier concentration,iTE:P0426:n2,carrier concentration,1,0.0315136476426799
bm25_plus_vector_rrf,iTE:P1535:n2,increase of the carrier concentration,iTE:P1535:n1,increased doping content,2,0.01639344262295082
bm25_plus_vector_rrf,iTE:P1535:n2,increase of the carrier concentration,iTE:P1885:n1,increase in the concentration of titanium vacancies,3,0.01639344262295082
bm25_plus_vector_rrf,iTE:P1535:n2,increase of the carrier concentration,iTE:P1968:n2,carrier concentration,4,0.016129032258064516
bm25_plus_vector_rrf,iTE:P1535:n2,increase of the carrier concentration,iTE:P0582:n2,carrier concentration,5,0.015873015873015872
bm25_plus_vector_rrf,iTE:P1535:n2,increase of the carrier concentration,iTE:P1000:n1,Changes in the carrier concentration,6,0.015873015873015872
bm25_plus_vector_rrf,iTE:P1535:n2,increase of the carrier concentration,iTE:P0742:n2,carrier concentration,7,0.015625
bm25_plus_vector_rrf,iTE:P1535:n2,increase of the carrier concentration,iTE:P1716:n1,doping level,8,0.015625
bm25_plus_vector_rrf,iTE:P1535:n2,increase of the carrier concentration,iTE:P0832:n2,carrier concentration,9,0.015384615384615385
bm25_plus_vector_rrf,iTE:P1535:n2,increase of the carrier concentration,iTE:P1039:n2,carrier concentration,10,0.015151515151515152
bm25_plus_vector_rrf,iTE:P1646:n2,ionic bonding,iTE:P1808:n2,ionic bonding,1,0.032018442622950824
bm25_plus_vector_rrf,iTE:P1646:n2,ionic bonding,iTE:P1931:n1,ionic bonding,2,0.031746031746031744
bm25_plus_vector_rrf,iTE:P1646:n2,ionic bonding,iTE:P1898:n1,ionic bonding,3,0.031054405392392875
bm25_plus_vector_rrf,iTE:P1646:n2,ionic bonding,iTE:P1646:n1,positive values of Cauchy pressure,4,0.01639344262295082
bm25_plus_vector_rrf,iTE:P1646:n2,ionic bonding,iTE:P1720:n2,ionic nature,5,0.016129032258064516
bm25_plus_vector_rrf,iTE:P1646:n2,ionic bonding,iTE:P0486:n1,ionic bonding fraction,6,0.015625
bm25_plus_vector_rrf,iTE:P1646:n2,ionic bonding,iTE:P0516:n1,weak ionic bonding,7,0.015384615384615385
bm25_plus_vector_rrf,iTE:P1646:n2,ionic bonding,iTE:P1699:n2,ionic character,8,0.015384615384615385
bm25_plus_vector_rrf,iTE:P1646:n2,ionic bonding,iTE:P1465:n1,strong ionic bonding,9,0.015151515151515152
bm25_plus_vector_rrf,iTE:P1646:n2,ionic bonding,iTE:P1764:n2,an ionic bond,10,0.015151515151515152
bm25_plus_vector_rrf,iTE:P1743:n2,conducting properties,iTE:P0989:n2,silver ion-conducting,1,0.01639344262295082
bm25_plus_vector_rrf,iTE:P1743:n2,conducting properties,iTE:P1743:n1,Eu3+ insertion,2,0.01639344262295082
bm25_plus_vector_rrf,iTE:P1743:n2,conducting properties,iTE:P0634:n2,"positively charged, conducting PEDOT",3,0.016129032258064516
bm25_plus_vector_rrf,iTE:P1743:n2,conducting properties,iTE:P0636:n2,Electrical conductivity,4,0.016129032258064516
bm25_plus_vector_rrf,iTE:P1743:n2,conducting properties,iTE:P0718:n2,Electrical conductivity,5,0.015873015873015872
bm25_plus_vector_rrf,iTE:P1743:n2,conducting properties,iTE:P1667:n2,electrically conducting Ag filament,6,0.015873015873015872
bm25_plus_vector_rrf,iTE:P1743:n2,conducting properties,iTE:P0636:n3,Seebeck coefficient,7,0.015625
bm25_plus_vector_rrf,iTE:P1743:n2,conducting properties,iTE:P1723:n2,highest conducting polymer material,8,0.015625
bm25_plus_vector_rrf,iTE:P1743:n2,conducting properties,iTE:P0718:n3,Seebeck coefficient,9,0.015384615384615385
bm25_plus_vector_rrf,iTE:P1743:n2,conducting properties,iTE:P1918:n1,content of conducting particles,10,0.015384615384615385
bm25_plus_vector_rrf,iTE:P1835:n2,concentration of electrons,iTE:P1679:n1,electrons,1,0.031754032258064516
bm25_plus_vector_rrf,iTE:P1835:n2,concentration of electrons,iTE:P1798:n2,donors of electrons,2,0.01639344262295082
bm25_plus_vector_rrf,iTE:P1835:n2,concentration of electrons,iTE:P1835:n1,dope M2+,3,0.01639344262295082
bm25_plus_vector_rrf,iTE:P1835:n2,concentration of electrons,iTE:P1940:n2,charge carrier concentration,4,0.016129032258064516
bm25_plus_vector_rrf,iTE:P1835:n2,concentration of electrons,iTE:P1161:n2,concentration of electron holes,5,0.015873015873015872
bm25_plus_vector_rrf,iTE:P1835:n2,concentration of electrons,iTE:P1411:n2,number of free electrons,6,0.015873015873015872
bm25_plus_vector_rrf,iTE:P1835:n2,concentration of electrons,iTE:P1691:n1,Anderson localization of electrons,7,0.015625
bm25_plus_vector_rrf,iTE:P1835:n2,concentration of electrons,iTE:P1388:n2,concentration of holes,8,0.015384615384615385
bm25_plus_vector_rrf,iTE:P1835:n2,concentration of electrons,iTE:P1826:n1,low and high oxygen activities,9,0.015384615384615385
bm25_plus_vector_rrf,iTE:P1835:n2,concentration of electrons,iTE:P1159:n2,free electrons,10,0.015151515151515152
bm25_plus_vector_rrf,iTE:P1931:n1,ionic bonding,iTE:P1646:n2,ionic bonding,1,0.03177805800756621
bm25_plus_vector_rrf,iTE:P1931:n1,ionic bonding,iTE:P1898:n1,ionic bonding,2,0.030798389007344232
bm25_plus_vector_rrf,iTE:P1931:n1,ionic bonding,iTE:P1931:n2,ductility,3,0.01639344262295082
bm25_plus_vector_rrf,iTE:P1931:n1,ionic bonding,iTE:P1699:n1,Poisson ratio,4,0.016129032258064516
bm25_plus_vector_rrf,iTE:P1931:n1,ionic bonding,iTE:P1808:n2,ionic bonding,5,0.016129032258064516
bm25_plus_vector_rrf,iTE:P1931:n1,ionic bonding,iTE:P1699:n2,ionic character,6,0.015873015873015872
bm25_plus_vector_rrf,iTE:P1931:n1,ionic bonding,iTE:P0486:n1,ionic bonding fraction,7,0.015625
bm25_plus_vector_rrf,iTE:P1931:n1,ionic bonding,iTE:P0535:n1,strong hydrogen-bonding network,8,0.015625
bm25_plus_vector_rrf,iTE:P1931:n1,ionic bonding,iTE:P0516:n1,weak ionic bonding,9,0.015384615384615385
bm25_plus_vector_rrf,iTE:P1931:n1,ionic bonding,iTE:P0670:n2,hydrogen-bonding networks,10,0.015151515151515152
